user_key,timestamp_window,use_daily_max_windows,use_calendar_days,filter_out_zero_usage_entries,categorization_method,spearman_z,pearson_z,sample_size,config_idx
113,12,False,False,False,one_hot,0.26369149707428685,0.2636914970742869,163,0
113,12,False,False,False,lower_bound,0.3624167738646091,0.44939599765626265,163,1
113,12,False,False,False,midpoint,0.3624167738646091,0.4401778147230545,163,2
113,12,False,False,False,midpoint_with_inhaler,0.3624167738646091,0.4401778147230545,163,3
113,12,False,False,False,upper_bound,0.3624167738646091,0.4291066775992234,163,4
113,12,False,False,False,upper_bound_with_inhaler,0.3624167738646091,0.4291066775992234,163,5
113,12,False,False,True,one_hot,0.26369149707428685,0.2636914970742869,163,6
113,12,False,False,True,lower_bound,0.3624167738646091,0.44939599765626265,163,7
113,12,False,False,True,midpoint,0.3624167738646091,0.4401778147230545,163,8
113,12,False,False,True,midpoint_with_inhaler,0.3624167738646091,0.4401778147230545,163,9
113,12,False,False,True,upper_bound,0.3624167738646091,0.4291066775992234,163,10
113,12,False,False,True,upper_bound_with_inhaler,0.3624167738646091,0.4291066775992234,163,11
113,12,False,True,False,one_hot,0.1301436322246325,0.13014363222463252,163,12
113,12,False,True,False,lower_bound,0.3671937393932568,0.40249842581156603,163,13
113,12,False,True,False,midpoint,0.3671937393932568,0.3953487645301164,163,14
113,12,False,True,False,midpoint_with_inhaler,0.3671937393932568,0.3953487645301164,163,15
113,12,False,True,False,upper_bound,0.3671937393932568,0.38339208668461683,163,16
113,12,False,True,False,upper_bound_with_inhaler,0.3671937393932568,0.38339208668461683,163,17
113,12,False,True,True,one_hot,0.1301436322246325,0.13014363222463252,163,18
113,12,False,True,True,lower_bound,0.3671937393932568,0.40249842581156603,163,19
113,12,False,True,True,midpoint,0.3671937393932568,0.3953487645301164,163,20
113,12,False,True,True,midpoint_with_inhaler,0.3671937393932568,0.3953487645301164,163,21
113,12,False,True,True,upper_bound,0.3671937393932568,0.38339208668461683,163,22
113,12,False,True,True,upper_bound_with_inhaler,0.3671937393932568,0.38339208668461683,163,23
113,12,True,False,False,one_hot,0.21279434757217003,0.21279434757217014,163,24
113,12,True,False,False,lower_bound,0.3257481649186871,0.37150920249059904,163,25
113,12,True,False,False,midpoint,0.3257481649186871,0.3703172314992726,163,26
113,12,True,False,False,midpoint_with_inhaler,0.3257481649186871,0.3703172314992726,163,27
113,12,True,False,False,upper_bound,0.3257481649186871,0.3644336691874635,163,28
113,12,True,False,False,upper_bound_with_inhaler,0.3257481649186871,0.3644336691874635,163,29
113,12,True,False,True,one_hot,0.21279434757217003,0.21279434757217014,163,30
113,12,True,False,True,lower_bound,0.3257481649186871,0.37150920249059904,163,31
113,12,True,False,True,midpoint,0.3257481649186871,0.3703172314992726,163,32
113,12,True,False,True,midpoint_with_inhaler,0.3257481649186871,0.3703172314992726,163,33
113,12,True,False,True,upper_bound,0.3257481649186871,0.3644336691874635,163,34
113,12,True,False,True,upper_bound_with_inhaler,0.3257481649186871,0.3644336691874635,163,35
113,24,False,False,False,one_hot,0.2020948098466717,0.20209480984667175,163,36
113,24,False,False,False,lower_bound,0.46117503794218,0.4591700694978313,163,37
113,24,False,False,False,midpoint,0.46117503794218,0.4714894578090671,163,38
113,24,False,False,False,midpoint_with_inhaler,0.46117503794218,0.4714894578090671,163,39
113,24,False,False,False,upper_bound,0.46117503794218,0.47179570787302383,163,40
113,24,False,False,False,upper_bound_with_inhaler,0.46117503794218,0.47179570787302383,163,41
113,24,False,False,True,one_hot,0.2020948098466717,0.20209480984667175,163,42
113,24,False,False,True,lower_bound,0.46117503794218,0.4591700694978313,163,43
113,24,False,False,True,midpoint,0.46117503794218,0.4714894578090671,163,44
113,24,False,False,True,midpoint_with_inhaler,0.46117503794218,0.4714894578090671,163,45
113,24,False,False,True,upper_bound,0.46117503794218,0.47179570787302383,163,46
113,24,False,False,True,upper_bound_with_inhaler,0.46117503794218,0.47179570787302383,163,47
113,24,False,True,False,one_hot,0.10601888625742321,0.10601888625742323,163,48
113,24,False,True,False,lower_bound,0.16309539335286435,0.27414622416125656,163,49
113,24,False,True,False,midpoint,0.16309539335286435,0.2727981414633678,163,50
113,24,False,True,False,midpoint_with_inhaler,0.16309539335286435,0.2727981414633678,163,51
113,24,False,True,False,upper_bound,0.16309539335286435,0.2710581593050552,163,52
113,24,False,True,False,upper_bound_with_inhaler,0.16309539335286435,0.2710581593050552,163,53
113,24,False,True,True,one_hot,0.10601888625742321,0.10601888625742323,163,54
113,24,False,True,True,lower_bound,0.16309539335286435,0.27414622416125656,163,55
113,24,False,True,True,midpoint,0.16309539335286435,0.2727981414633678,163,56
113,24,False,True,True,midpoint_with_inhaler,0.16309539335286435,0.2727981414633678,163,57
113,24,False,True,True,upper_bound,0.16309539335286435,0.2710581593050552,163,58
113,24,False,True,True,upper_bound_with_inhaler,0.16309539335286435,0.2710581593050552,163,59
113,24,True,False,False,one_hot,0.1349483051399761,0.13494830513997616,163,60
113,24,True,False,False,lower_bound,0.35793516747697623,0.4044705217378305,163,61
113,24,True,False,False,midpoint,0.35793516747697623,0.40213035266365765,163,62
113,24,True,False,False,midpoint_with_inhaler,0.35793516747697623,0.40213035266365765,163,63
113,24,True,False,False,upper_bound,0.35793516747697623,0.3945285437555904,163,64
113,24,True,False,False,upper_bound_with_inhaler,0.35793516747697623,0.3945285437555904,163,65
113,24,True,False,True,one_hot,0.1349483051399761,0.13494830513997616,163,66
113,24,True,False,True,lower_bound,0.35793516747697623,0.4044705217378305,163,67
113,24,True,False,True,midpoint,0.35793516747697623,0.40213035266365765,163,68
113,24,True,False,True,midpoint_with_inhaler,0.35793516747697623,0.40213035266365765,163,69
113,24,True,False,True,upper_bound,0.35793516747697623,0.3945285437555904,163,70
113,24,True,False,True,upper_bound_with_inhaler,0.35793516747697623,0.3945285437555904,163,71
113,36,False,False,False,one_hot,0.10235553215799176,0.10235553215799179,163,72
113,36,False,False,False,lower_bound,0.34161295507630096,0.3939393242243249,163,73
113,36,False,False,False,midpoint,0.34161295507630096,0.40160308005466466,163,74
113,36,False,False,False,midpoint_with_inhaler,0.34161295507630096,0.3991786311720615,163,75
113,36,False,False,False,upper_bound,0.3416133102794987,0.39761637544055795,163,76
113,36,False,False,False,upper_bound_with_inhaler,0.34161295507630096,0.3970277825149638,163,77
113,36,False,False,True,one_hot,0.10235553215799176,0.10235553215799179,163,78
113,36,False,False,True,lower_bound,0.34161295507630096,0.3939393242243249,163,79
113,36,False,False,True,midpoint,0.34161295507630096,0.40160308005466466,163,80
113,36,False,False,True,midpoint_with_inhaler,0.34161295507630096,0.3991786311720615,163,81
113,36,False,False,True,upper_bound,0.3416133102794987,0.39761637544055795,163,82
113,36,False,False,True,upper_bound_with_inhaler,0.34161295507630096,0.3970277825149638,163,83
113,36,True,False,False,one_hot,0.047803628420721035,0.04780362842072106,163,84
113,36,True,False,False,lower_bound,0.2156457349919907,0.2786155999552864,163,85
113,36,True,False,False,midpoint,0.2156457349919907,0.2785631963563033,163,86
113,36,True,False,False,midpoint_with_inhaler,0.2156457349919907,0.2785631963563033,163,87
113,36,True,False,False,upper_bound,0.2156457349919907,0.275227819852193,163,88
113,36,True,False,False,upper_bound_with_inhaler,0.2156457349919907,0.275227819852193,163,89
113,36,True,False,True,one_hot,0.047803628420721035,0.04780362842072106,163,90
113,36,True,False,True,lower_bound,0.2156457349919907,0.2786155999552864,163,91
113,36,True,False,True,midpoint,0.2156457349919907,0.2785631963563033,163,92
113,36,True,False,True,midpoint_with_inhaler,0.2156457349919907,0.2785631963563033,163,93
113,36,True,False,True,upper_bound,0.2156457349919907,0.275227819852193,163,94
113,36,True,False,True,upper_bound_with_inhaler,0.2156457349919907,0.275227819852193,163,95
113,48,False,False,False,one_hot,0.1524281678519443,0.15242816785194424,163,96
113,48,False,False,False,lower_bound,0.3021198558055707,0.3314035098566679,163,97
113,48,False,False,False,midpoint,0.3021198558055707,0.3430544755187947,163,98
113,48,False,False,False,midpoint_with_inhaler,0.3021198558055707,0.34191763369043027,163,99
113,48,False,False,False,upper_bound,0.3021207830632916,0.34559834318497173,163,100
113,48,False,False,False,upper_bound_with_inhaler,0.3021198558055707,0.3466980870617113,163,101
113,48,False,False,True,one_hot,0.1524281678519443,0.15242816785194424,163,102
113,48,False,False,True,lower_bound,0.3021198558055707,0.3314035098566679,163,103
113,48,False,False,True,midpoint,0.3021198558055707,0.3430544755187947,163,104
113,48,False,False,True,midpoint_with_inhaler,0.3021198558055707,0.34191763369043027,163,105
113,48,False,False,True,upper_bound,0.3021207830632916,0.34559834318497173,163,106
113,48,False,False,True,upper_bound_with_inhaler,0.3021198558055707,0.3466980870617113,163,107
113,48,False,True,False,one_hot,0.12686775154191915,0.12686775154191915,163,108
113,48,False,True,False,lower_bound,0.17793144960885698,0.09121733019516974,163,109
113,48,False,True,False,midpoint,0.17793144960885698,0.11068064169022068,163,110
113,48,False,True,False,midpoint_with_inhaler,0.17793144960885698,0.11068064169022068,163,111
113,48,False,True,False,upper_bound,0.17793144960885698,0.12330079111561991,163,112
113,48,False,True,False,upper_bound_with_inhaler,0.17793144960885698,0.12330079111561991,163,113
113,48,False,True,True,one_hot,0.12686775154191915,0.12686775154191915,163,114
113,48,False,True,True,lower_bound,0.17793144960885698,0.09121733019516974,163,115
113,48,False,True,True,midpoint,0.17793144960885698,0.11068064169022068,163,116
113,48,False,True,True,midpoint_with_inhaler,0.17793144960885698,0.11068064169022068,163,117
113,48,False,True,True,upper_bound,0.17793144960885698,0.12330079111561991,163,118
113,48,False,True,True,upper_bound_with_inhaler,0.17793144960885698,0.12330079111561991,163,119
113,48,True,False,False,one_hot,0.04516704129204641,0.04516704129204647,163,120
113,48,True,False,False,lower_bound,0.11318784876217457,0.14528730668720127,163,121
113,48,True,False,False,midpoint,0.11318784876217457,0.15724180238877306,163,122
113,48,True,False,False,midpoint_with_inhaler,0.11318784876217457,0.15724180238877306,163,123
113,48,True,False,False,upper_bound,0.11318784876217457,0.1645753202089907,163,124
113,48,True,False,False,upper_bound_with_inhaler,0.11318784876217457,0.1645753202089907,163,125
113,48,True,False,True,one_hot,0.04516704129204641,0.04516704129204647,163,126
113,48,True,False,True,lower_bound,0.11318784876217457,0.14528730668720127,163,127
113,48,True,False,True,midpoint,0.11318784876217457,0.15724180238877306,163,128
113,48,True,False,True,midpoint_with_inhaler,0.11318784876217457,0.15724180238877306,163,129
113,48,True,False,True,upper_bound,0.11318784876217457,0.1645753202089907,163,130
113,48,True,False,True,upper_bound_with_inhaler,0.11318784876217457,0.1645753202089907,163,131
190,12,False,False,False,one_hot,0.16083632019696326,0.16083632019696326,163,0
190,12,False,False,False,lower_bound,0.16083632019696326,0.16083632019696326,163,1
190,12,False,False,False,midpoint,0.16083632019696326,0.16083632019696323,163,2
190,12,False,False,False,midpoint_with_inhaler,0.16083632019696326,0.16083632019696323,163,3
190,12,False,False,False,upper_bound,0.16083632019696326,0.16083632019696326,163,4
190,12,False,False,False,upper_bound_with_inhaler,0.16083632019696326,0.16083632019696326,163,5
190,12,False,False,True,one_hot,0.16083632019696326,0.16083632019696326,163,6
190,12,False,False,True,lower_bound,0.16083632019696326,0.16083632019696326,163,7
190,12,False,False,True,midpoint,0.16083632019696326,0.16083632019696323,163,8
190,12,False,False,True,midpoint_with_inhaler,0.16083632019696326,0.16083632019696323,163,9
190,12,False,False,True,upper_bound,0.16083632019696326,0.16083632019696326,163,10
190,12,False,False,True,upper_bound_with_inhaler,0.16083632019696326,0.16083632019696326,163,11
190,12,False,True,False,one_hot,-0.05142885398328841,-0.05142885398328842,163,12
190,12,False,True,False,lower_bound,-0.056230765474560615,-0.0633255979350826,163,13
190,12,False,True,False,midpoint,-0.056230765474560615,-0.061167410180558,163,14
190,12,False,True,False,midpoint_with_inhaler,-0.056230765474560615,-0.061167410180558,163,15
190,12,False,True,False,upper_bound,-0.056230765474560615,-0.059476561458884324,163,16
190,12,False,True,False,upper_bound_with_inhaler,-0.056230765474560615,-0.059476561458884324,163,17
190,12,False,True,True,one_hot,-0.05142885398328841,-0.05142885398328842,163,18
190,12,False,True,True,lower_bound,-0.056230765474560615,-0.0633255979350826,163,19
190,12,False,True,True,midpoint,-0.056230765474560615,-0.061167410180558,163,20
190,12,False,True,True,midpoint_with_inhaler,-0.056230765474560615,-0.061167410180558,163,21
190,12,False,True,True,upper_bound,-0.056230765474560615,-0.059476561458884324,163,22
190,12,False,True,True,upper_bound_with_inhaler,-0.056230765474560615,-0.059476561458884324,163,23
190,12,True,False,False,one_hot,0.0555155354418204,0.0555155354418204,163,24
190,12,True,False,False,lower_bound,0.04826861548456212,0.025931510483441774,163,25
190,12,True,False,False,midpoint,0.04826861548456212,0.035388366433500455,163,26
190,12,True,False,False,midpoint_with_inhaler,0.04826861548456212,0.035388366433500455,163,27
190,12,True,False,False,upper_bound,0.04826861548456212,0.04041441753383086,163,28
190,12,True,False,False,upper_bound_with_inhaler,0.04826861548456212,0.04041441753383086,163,29
190,12,True,False,True,one_hot,0.0555155354418204,0.0555155354418204,163,30
190,12,True,False,True,lower_bound,0.04826861548456212,0.025931510483441774,163,31
190,12,True,False,True,midpoint,0.04826861548456212,0.035388366433500455,163,32
190,12,True,False,True,midpoint_with_inhaler,0.04826861548456212,0.035388366433500455,163,33
190,12,True,False,True,upper_bound,0.04826861548456212,0.04041441753383086,163,34
190,12,True,False,True,upper_bound_with_inhaler,0.04826861548456212,0.04041441753383086,163,35
190,24,False,False,False,one_hot,0.1905404901855658,0.1905404901855658,163,36
190,24,False,False,False,lower_bound,0.1746002904391645,0.12500735163698493,163,37
190,24,False,False,False,midpoint,0.1746002904391645,0.14751277078305736,163,38
190,24,False,False,False,midpoint_with_inhaler,0.1746002904391645,0.14751277078305736,163,39
190,24,False,False,False,upper_bound,0.1746002904391645,0.15910974074224024,163,40
190,24,False,False,False,upper_bound_with_inhaler,0.1746002904391645,0.15910974074224024,163,41
190,24,False,False,True,one_hot,0.1905404901855658,0.1905404901855658,163,42
190,24,False,False,True,lower_bound,0.1746002904391645,0.12500735163698493,163,43
190,24,False,False,True,midpoint,0.1746002904391645,0.14751277078305736,163,44
190,24,False,False,True,midpoint_with_inhaler,0.1746002904391645,0.14751277078305736,163,45
190,24,False,False,True,upper_bound,0.1746002904391645,0.15910974074224024,163,46
190,24,False,False,True,upper_bound_with_inhaler,0.1746002904391645,0.15910974074224024,163,47
190,24,False,True,False,one_hot,0.33208709720496415,0.33208709720496427,163,48
190,24,False,True,False,lower_bound,0.3219085395021633,0.27294902914103325,163,49
190,24,False,True,False,midpoint,0.3219085395021633,0.29588131539869367,163,50
190,24,False,True,False,midpoint_with_inhaler,0.3219085395021633,0.29588131539869367,163,51
190,24,False,True,False,upper_bound,0.3219085395021633,0.3065930486650459,163,52
190,24,False,True,False,upper_bound_with_inhaler,0.3219085395021633,0.3065930486650459,163,53
190,24,False,True,True,one_hot,0.33208709720496415,0.33208709720496427,163,54
190,24,False,True,True,lower_bound,0.3219085395021633,0.27294902914103325,163,55
190,24,False,True,True,midpoint,0.3219085395021633,0.29588131539869367,163,56
190,24,False,True,True,midpoint_with_inhaler,0.3219085395021633,0.29588131539869367,163,57
190,24,False,True,True,upper_bound,0.3219085395021633,0.3065930486650459,163,58
190,24,False,True,True,upper_bound_with_inhaler,0.3219085395021633,0.3065930486650459,163,59
190,24,True,False,False,one_hot,0.11821339400414542,0.11821339400414542,163,60
190,24,True,False,False,lower_bound,0.11187331600523853,0.08956640437887704,163,61
190,24,True,False,False,midpoint,0.11187331600523853,0.09996745368077983,163,62
190,24,True,False,False,midpoint_with_inhaler,0.11187331600523853,0.09996745368077983,163,63
190,24,True,False,False,upper_bound,0.11187331600523853,0.10501133564478024,163,64
190,24,True,False,False,upper_bound_with_inhaler,0.11187331600523853,0.10501133564478024,163,65
190,24,True,False,True,one_hot,0.11821339400414542,0.11821339400414542,163,66
190,24,True,False,True,lower_bound,0.11187331600523853,0.08956640437887704,163,67
190,24,True,False,True,midpoint,0.11187331600523853,0.09996745368077983,163,68
190,24,True,False,True,midpoint_with_inhaler,0.11187331600523853,0.09996745368077983,163,69
190,24,True,False,True,upper_bound,0.11187331600523853,0.10501133564478024,163,70
190,24,True,False,True,upper_bound_with_inhaler,0.11187331600523853,0.10501133564478024,163,71
190,36,False,False,False,one_hot,0.07810386541085006,0.07810386541085004,163,72
190,36,False,False,False,lower_bound,0.05102742970937544,0.0029036355209616288,163,73
190,36,False,False,False,midpoint,0.05102742970937544,0.022577571337624194,163,74
190,36,False,False,False,midpoint_with_inhaler,0.05102742970937544,0.022577571337624194,163,75
190,36,False,False,False,upper_bound,0.05102742970937544,0.03470792624123664,163,76
190,36,False,False,False,upper_bound_with_inhaler,0.05102742970937544,0.03470792624123664,163,77
190,36,False,False,True,one_hot,0.07810386541085006,0.07810386541085004,163,78
190,36,False,False,True,lower_bound,0.05102742970937544,0.0029036355209616288,163,79
190,36,False,False,True,midpoint,0.05102742970937544,0.022577571337624194,163,80
190,36,False,False,True,midpoint_with_inhaler,0.05102742970937544,0.022577571337624194,163,81
190,36,False,False,True,upper_bound,0.05102742970937544,0.03470792624123664,163,82
190,36,False,False,True,upper_bound_with_inhaler,0.05102742970937544,0.03470792624123664,163,83
190,36,True,False,False,one_hot,0.2242531980431122,0.22425319804311225,163,84
190,36,True,False,False,lower_bound,0.21612305125956913,0.18141974930326402,163,85
190,36,True,False,False,midpoint,0.21612305125956913,0.19774311805971764,163,86
190,36,True,False,False,midpoint_with_inhaler,0.21612305125956913,0.19774311805971764,163,87
190,36,True,False,False,upper_bound,0.21612305125956913,0.2054328909934183,163,88
190,36,True,False,False,upper_bound_with_inhaler,0.21612305125956913,0.2054328909934183,163,89
190,36,True,False,True,one_hot,0.2242531980431122,0.22425319804311225,163,90
190,36,True,False,True,lower_bound,0.21612305125956913,0.18141974930326402,163,91
190,36,True,False,True,midpoint,0.21612305125956913,0.19774311805971764,163,92
190,36,True,False,True,midpoint_with_inhaler,0.21612305125956913,0.19774311805971764,163,93
190,36,True,False,True,upper_bound,0.21612305125956913,0.2054328909934183,163,94
190,36,True,False,True,upper_bound_with_inhaler,0.21612305125956913,0.2054328909934183,163,95
190,48,False,False,False,one_hot,0.11195395799144166,0.11195395799144166,163,96
190,48,False,False,False,lower_bound,0.05406186562012359,0.010602756339966449,163,97
190,48,False,False,False,midpoint,0.05406186562012359,0.027959658745992034,163,98
190,48,False,False,False,midpoint_with_inhaler,0.05406186562012359,0.027959658745992034,163,99
190,48,False,False,False,upper_bound,0.05406186562012359,0.04026902673304816,163,100
190,48,False,False,False,upper_bound_with_inhaler,0.05406186562012359,0.04026902673304816,163,101
190,48,False,False,True,one_hot,0.11195395799144166,0.11195395799144166,163,102
190,48,False,False,True,lower_bound,0.05406186562012359,0.010602756339966449,163,103
190,48,False,False,True,midpoint,0.05406186562012359,0.027959658745992034,163,104
190,48,False,False,True,midpoint_with_inhaler,0.05406186562012359,0.027959658745992034,163,105
190,48,False,False,True,upper_bound,0.05406186562012359,0.04026902673304816,163,106
190,48,False,False,True,upper_bound_with_inhaler,0.05406186562012359,0.04026902673304816,163,107
190,48,False,True,False,one_hot,0.12641339616689862,0.12641339616689862,163,108
190,48,False,True,False,lower_bound,0.10766943483777257,0.056587323188773936,163,109
190,48,False,True,False,midpoint,0.10766943483777257,0.07769575554330468,163,110
190,48,False,True,False,midpoint_with_inhaler,0.10766943483777257,0.07769575554330468,163,111
190,48,False,True,False,upper_bound,0.10766943483777257,0.08956640437887702,163,112
190,48,False,True,False,upper_bound_with_inhaler,0.10766943483777257,0.08956640437887702,163,113
190,48,False,True,True,one_hot,0.12641339616689862,0.12641339616689862,163,114
190,48,False,True,True,lower_bound,0.10766943483777257,0.056587323188773936,163,115
190,48,False,True,True,midpoint,0.10766943483777257,0.07769575554330468,163,116
190,48,False,True,True,midpoint_with_inhaler,0.10766943483777257,0.07769575554330468,163,117
190,48,False,True,True,upper_bound,0.10766943483777257,0.08956640437887702,163,118
190,48,False,True,True,upper_bound_with_inhaler,0.10766943483777257,0.08956640437887702,163,119
190,48,True,False,False,one_hot,0.20708673683813994,0.20708673683813994,163,120
190,48,True,False,False,lower_bound,0.20301784979542248,0.1852268585599011,163,121
190,48,True,False,False,midpoint,0.20301784979542248,0.19404005900373467,163,122
190,48,True,False,False,midpoint_with_inhaler,0.20301784979542248,0.19404005900373467,163,123
190,48,True,False,False,upper_bound,0.20301784979542248,0.19796486674578184,163,124
190,48,True,False,False,upper_bound_with_inhaler,0.20301784979542248,0.19796486674578184,163,125
190,48,True,False,True,one_hot,0.20708673683813994,0.20708673683813994,163,126
190,48,True,False,True,lower_bound,0.20301784979542248,0.1852268585599011,163,127
190,48,True,False,True,midpoint,0.20301784979542248,0.19404005900373467,163,128
190,48,True,False,True,midpoint_with_inhaler,0.20301784979542248,0.19404005900373467,163,129
190,48,True,False,True,upper_bound,0.20301784979542248,0.19796486674578184,163,130
190,48,True,False,True,upper_bound_with_inhaler,0.20301784979542248,0.19796486674578184,163,131
294,12,False,False,False,one_hot,0.16989285149605585,0.16989285149605582,173,0
294,12,False,False,False,lower_bound,0.31369711357140234,0.31654584088131354,173,1
294,12,False,False,False,midpoint,0.31369711357140234,0.3307556879636768,173,2
294,12,False,False,False,midpoint_with_inhaler,0.31369711357140234,0.3307556879636768,173,3
294,12,False,False,False,upper_bound,0.31369711357140234,0.33587355697620713,173,4
294,12,False,False,False,upper_bound_with_inhaler,0.31369711357140234,0.33587355697620713,173,5
294,12,False,False,True,one_hot,0.16989285149605585,0.16989285149605582,173,6
294,12,False,False,True,lower_bound,0.31369711357140234,0.31654584088131354,173,7
294,12,False,False,True,midpoint,0.31369711357140234,0.3307556879636768,173,8
294,12,False,False,True,midpoint_with_inhaler,0.31369711357140234,0.3307556879636768,173,9
294,12,False,False,True,upper_bound,0.31369711357140234,0.33587355697620713,173,10
294,12,False,False,True,upper_bound_with_inhaler,0.31369711357140234,0.33587355697620713,173,11
294,12,False,True,False,one_hot,,,173,12
294,12,False,True,False,lower_bound,0.5450565319795886,0.4937346150031297,173,13
294,12,False,True,False,midpoint,0.5450565319795886,0.5223704842327177,173,14
294,12,False,True,False,midpoint_with_inhaler,0.5450565319795886,0.5223704842327177,173,15
294,12,False,True,False,upper_bound,0.5450565319795886,0.5347149324193677,173,16
294,12,False,True,False,upper_bound_with_inhaler,0.5450565319795886,0.5347149324193677,173,17
294,12,False,True,True,one_hot,,,173,18
294,12,False,True,True,lower_bound,0.5450565319795886,0.4937346150031297,173,19
294,12,False,True,True,midpoint,0.5450565319795886,0.5223704842327177,173,20
294,12,False,True,True,midpoint_with_inhaler,0.5450565319795886,0.5223704842327177,173,21
294,12,False,True,True,upper_bound,0.5450565319795886,0.5347149324193677,173,22
294,12,False,True,True,upper_bound_with_inhaler,0.5450565319795886,0.5347149324193677,173,23
294,12,True,False,False,one_hot,,,173,24
294,12,True,False,False,lower_bound,0.5195376371478222,0.4741759317756759,173,25
294,12,True,False,False,midpoint,0.5195376371478222,0.5026439217809905,173,26
294,12,True,False,False,midpoint_with_inhaler,0.5195376371478222,0.5017299009233566,173,27
294,12,True,False,False,upper_bound,0.5190431017521157,0.5128918313700976,173,28
294,12,True,False,False,upper_bound_with_inhaler,0.5195376371478222,0.5120147527656717,173,29
294,12,True,False,True,one_hot,,,173,30
294,12,True,False,True,lower_bound,0.5195376371478222,0.4741759317756759,173,31
294,12,True,False,True,midpoint,0.5195376371478222,0.5026439217809905,173,32
294,12,True,False,True,midpoint_with_inhaler,0.5195376371478222,0.5017299009233566,173,33
294,12,True,False,True,upper_bound,0.5190431017521157,0.5128918313700976,173,34
294,12,True,False,True,upper_bound_with_inhaler,0.5195376371478222,0.5120147527656717,173,35
294,24,False,False,False,one_hot,,,173,36
294,24,False,False,False,lower_bound,0.6759668115077964,0.6814520926930167,173,37
294,24,False,False,False,midpoint,0.6759668115077964,0.684033716677935,173,38
294,24,False,False,False,midpoint_with_inhaler,0.6759668115077964,0.6855908553382281,173,39
294,24,False,False,False,upper_bound,0.6730507454156757,0.6663670742458709,173,40
294,24,False,False,False,upper_bound_with_inhaler,0.6759668115077964,0.674899833122378,173,41
294,24,False,False,True,one_hot,,,173,42
294,24,False,False,True,lower_bound,0.6759668115077964,0.6814520926930167,173,43
294,24,False,False,True,midpoint,0.6759668115077964,0.684033716677935,173,44
294,24,False,False,True,midpoint_with_inhaler,0.6759668115077964,0.6855908553382281,173,45
294,24,False,False,True,upper_bound,0.6730507454156757,0.6663670742458709,173,46
294,24,False,False,True,upper_bound_with_inhaler,0.6759668115077964,0.674899833122378,173,47
294,24,False,True,False,one_hot,,,173,48
294,24,False,True,False,lower_bound,0.4868950168505389,0.46396488271269676,173,49
294,24,False,True,False,midpoint,0.4868950168505389,0.48176143058595,173,50
294,24,False,True,False,midpoint_with_inhaler,0.4868950168505389,0.48176143058595,173,51
294,24,False,True,False,upper_bound,0.4868950168505389,0.48916109126510576,173,52
294,24,False,True,False,upper_bound_with_inhaler,0.4868950168505389,0.48916109126510576,173,53
294,24,False,True,True,one_hot,,,173,54
294,24,False,True,True,lower_bound,0.4868950168505389,0.46396488271269676,173,55
294,24,False,True,True,midpoint,0.4868950168505389,0.48176143058595,173,56
294,24,False,True,True,midpoint_with_inhaler,0.4868950168505389,0.48176143058595,173,57
294,24,False,True,True,upper_bound,0.4868950168505389,0.48916109126510576,173,58
294,24,False,True,True,upper_bound_with_inhaler,0.4868950168505389,0.48916109126510576,173,59
294,24,True,False,False,one_hot,,,173,60
294,24,True,False,False,lower_bound,0.7319906263431933,0.7017452476548166,173,61
294,24,True,False,False,midpoint,0.7319906263431933,0.7217785754815573,173,62
294,24,True,False,False,midpoint_with_inhaler,0.7319906263431933,0.7219060579285057,173,63
294,24,True,False,False,upper_bound,0.7289180887937364,0.7153089358670381,173,64
294,24,True,False,False,upper_bound_with_inhaler,0.7319906263431933,0.7222312043344223,173,65
294,24,True,False,True,one_hot,,,173,66
294,24,True,False,True,lower_bound,0.7319906263431933,0.7017452476548166,173,67
294,24,True,False,True,midpoint,0.7319906263431933,0.7217785754815573,173,68
294,24,True,False,True,midpoint_with_inhaler,0.7319906263431933,0.7219060579285057,173,69
294,24,True,False,True,upper_bound,0.7289180887937364,0.7153089358670381,173,70
294,24,True,False,True,upper_bound_with_inhaler,0.7319906263431933,0.7222312043344223,173,71
294,36,False,False,False,one_hot,,,173,72
294,36,False,False,False,lower_bound,0.549483954920548,0.5446359919463559,173,73
294,36,False,False,False,midpoint,0.549483954920548,0.557527743349496,173,74
294,36,False,False,False,midpoint_with_inhaler,0.549483954920548,0.5626436067636501,173,75
294,36,False,False,False,upper_bound,0.5144982707976219,0.544446490539281,173,76
294,36,False,False,False,upper_bound_with_inhaler,0.549483954920548,0.5426061951754456,173,77
294,36,False,False,True,one_hot,,,173,78
294,36,False,False,True,lower_bound,0.549483954920548,0.5446359919463559,173,79
294,36,False,False,True,midpoint,0.549483954920548,0.557527743349496,173,80
294,36,False,False,True,midpoint_with_inhaler,0.549483954920548,0.5626436067636501,173,81
294,36,False,False,True,upper_bound,0.5144982707976219,0.544446490539281,173,82
294,36,False,False,True,upper_bound_with_inhaler,0.549483954920548,0.5426061951754456,173,83
294,36,True,False,False,one_hot,,,173,84
294,36,True,False,False,lower_bound,0.4830293220545073,0.47505169431026384,173,85
294,36,True,False,False,midpoint,0.4830293220545073,0.4843280791192378,173,86
294,36,True,False,False,midpoint_with_inhaler,0.4830293220545073,0.4863495683766874,173,87
294,36,True,False,False,upper_bound,0.48065648930729565,0.4866545112938889,173,88
294,36,True,False,False,upper_bound_with_inhaler,0.4830293220545073,0.4934041532293553,173,89
294,36,True,False,True,one_hot,,,173,90
294,36,True,False,True,lower_bound,0.4830293220545073,0.47505169431026384,173,91
294,36,True,False,True,midpoint,0.4830293220545073,0.4843280791192378,173,92
294,36,True,False,True,midpoint_with_inhaler,0.4830293220545073,0.4863495683766874,173,93
294,36,True,False,True,upper_bound,0.48065648930729565,0.4866545112938889,173,94
294,36,True,False,True,upper_bound_with_inhaler,0.4830293220545073,0.4934041532293553,173,95
294,48,False,False,False,one_hot,,,173,96
294,48,False,False,False,lower_bound,0.6969211885085096,0.6809011840375258,173,97
294,48,False,False,False,midpoint,0.6969211885085096,0.6665206674845386,173,98
294,48,False,False,False,midpoint_with_inhaler,0.6969211885085096,0.6943924797002013,173,99
294,48,False,False,False,upper_bound,0.6303983517058281,0.5941952866510555,173,100
294,48,False,False,False,upper_bound_with_inhaler,0.6969211885085096,0.6594875010335467,173,101
294,48,False,False,True,one_hot,,,173,102
294,48,False,False,True,lower_bound,0.6969211885085096,0.6809011840375258,173,103
294,48,False,False,True,midpoint,0.6969211885085096,0.6665206674845386,173,104
294,48,False,False,True,midpoint_with_inhaler,0.6969211885085096,0.6943924797002013,173,105
294,48,False,False,True,upper_bound,0.6303983517058281,0.5941952866510555,173,106
294,48,False,False,True,upper_bound_with_inhaler,0.6969211885085096,0.6594875010335467,173,107
294,48,False,True,False,one_hot,,,173,108
294,48,False,True,False,lower_bound,0.2606683889843457,0.230952314652975,173,109
294,48,False,True,False,midpoint,0.2606683889843457,0.253533282402024,173,110
294,48,False,True,False,midpoint_with_inhaler,0.2606683889843457,0.2502925116918362,173,111
294,48,False,True,False,upper_bound,0.2641812517151131,0.26521163671911857,173,112
294,48,False,True,False,upper_bound_with_inhaler,0.2606683889843457,0.25442331031752924,173,113
294,48,False,True,True,one_hot,,,173,114
294,48,False,True,True,lower_bound,0.2606683889843457,0.230952314652975,173,115
294,48,False,True,True,midpoint,0.2606683889843457,0.253533282402024,173,116
294,48,False,True,True,midpoint_with_inhaler,0.2606683889843457,0.2502925116918362,173,117
294,48,False,True,True,upper_bound,0.2641812517151131,0.26521163671911857,173,118
294,48,False,True,True,upper_bound_with_inhaler,0.2606683889843457,0.25442331031752924,173,119
294,48,True,False,False,one_hot,,,173,120
294,48,True,False,False,lower_bound,0.41952028082747783,0.3870847033758604,173,121
294,48,True,False,False,midpoint,0.41952028082747783,0.41593111554624684,173,122
294,48,True,False,False,midpoint_with_inhaler,0.41952028082747783,0.4131876601103877,173,123
294,48,True,False,False,upper_bound,0.4185557860837555,0.4243329746557084,173,124
294,48,True,False,False,upper_bound_with_inhaler,0.41952028082747783,0.4245643469351954,173,125
294,48,True,False,True,one_hot,,,173,126
294,48,True,False,True,lower_bound,0.41952028082747783,0.3870847033758604,173,127
294,48,True,False,True,midpoint,0.41952028082747783,0.41593111554624684,173,128
294,48,True,False,True,midpoint_with_inhaler,0.41952028082747783,0.4131876601103877,173,129
294,48,True,False,True,upper_bound,0.4185557860837555,0.4243329746557084,173,130
294,48,True,False,True,upper_bound_with_inhaler,0.41952028082747783,0.4245643469351954,173,131
328,12,False,False,False,one_hot,0.240218647289261,0.24021864728926104,17,0
328,12,False,False,False,lower_bound,0.1278327286988282,-0.01773503172721667,17,1
328,12,False,False,False,midpoint,0.1278327286988282,0.0069810118747543354,17,2
328,12,False,False,False,midpoint_with_inhaler,0.1278327286988282,0.0069810118747543354,17,3
328,12,False,False,False,upper_bound,0.1278327286988282,0.022915456819288853,17,4
328,12,False,False,False,upper_bound_with_inhaler,0.1278327286988282,0.022915456819288853,17,5
328,12,False,False,True,one_hot,0.240218647289261,0.24021864728926104,17,6
328,12,False,False,True,lower_bound,0.1278327286988282,-0.01773503172721667,17,7
328,12,False,False,True,midpoint,0.1278327286988282,0.0069810118747543354,17,8
328,12,False,False,True,midpoint_with_inhaler,0.1278327286988282,0.0069810118747543354,17,9
328,12,False,False,True,upper_bound,0.1278327286988282,0.022915456819288853,17,10
328,12,False,False,True,upper_bound_with_inhaler,0.1278327286988282,0.022915456819288853,17,11
328,12,False,True,False,one_hot,0.2053880046330666,0.2053880046330666,17,12
328,12,False,True,False,lower_bound,0.0881827627174145,-0.036349622043733265,17,13
328,12,False,True,False,midpoint,0.0881827627174145,-0.014378693928357729,17,14
328,12,False,True,False,midpoint_with_inhaler,0.0881827627174145,-0.014378693928357729,17,15
328,12,False,True,False,upper_bound,0.0881827627174145,-1.3877787807814457e-17,17,16
328,12,False,True,False,upper_bound_with_inhaler,0.0881827627174145,-1.3877787807814457e-17,17,17
328,12,False,True,True,one_hot,0.2053880046330666,0.2053880046330666,17,18
328,12,False,True,True,lower_bound,0.0881827627174145,-0.036349622043733265,17,19
328,12,False,True,True,midpoint,0.0881827627174145,-0.014378693928357729,17,20
328,12,False,True,True,midpoint_with_inhaler,0.0881827627174145,-0.014378693928357729,17,21
328,12,False,True,True,upper_bound,0.0881827627174145,-1.3877787807814457e-17,17,22
328,12,False,True,True,upper_bound_with_inhaler,0.0881827627174145,-1.3877787807814457e-17,17,23
328,12,True,False,False,one_hot,0.2765186331416562,0.27651863314165614,17,24
328,12,True,False,False,lower_bound,0.21784802012063625,0.037984577698886426,17,25
328,12,True,False,False,midpoint,0.21784802012063625,0.057867309900492894,17,26
328,12,True,False,False,midpoint_with_inhaler,0.21784802012063625,0.057867309900492894,17,27
328,12,True,False,False,upper_bound,0.21784802012063625,0.06995692902927211,17,28
328,12,True,False,False,upper_bound_with_inhaler,0.21784802012063625,0.06995692902927211,17,29
328,12,True,False,True,one_hot,0.2765186331416562,0.27651863314165614,17,30
328,12,True,False,True,lower_bound,0.21784802012063625,0.037984577698886426,17,31
328,12,True,False,True,midpoint,0.21784802012063625,0.057867309900492894,17,32
328,12,True,False,True,midpoint_with_inhaler,0.21784802012063625,0.057867309900492894,17,33
328,12,True,False,True,upper_bound,0.21784802012063625,0.06995692902927211,17,34
328,12,True,False,True,upper_bound_with_inhaler,0.21784802012063625,0.06995692902927211,17,35
328,24,False,False,False,one_hot,0.17066884146429792,0.17066884146429798,17,36
328,24,False,False,False,lower_bound,0.04645133122921935,-0.05610664763324885,17,37
328,24,False,False,False,midpoint,0.04645133122921935,-0.037238505454488535,17,38
328,24,False,False,False,midpoint_with_inhaler,0.04645133122921935,-0.037238505454488535,17,39
328,24,False,False,False,upper_bound,0.04645133122921935,-0.0246232733987315,17,40
328,24,False,False,False,upper_bound_with_inhaler,0.04645133122921935,-0.0246232733987315,17,41
328,24,False,False,True,one_hot,0.17066884146429792,0.17066884146429798,17,42
328,24,False,False,True,lower_bound,0.04645133122921935,-0.05610664763324885,17,43
328,24,False,False,True,midpoint,0.04645133122921935,-0.037238505454488535,17,44
328,24,False,False,True,midpoint_with_inhaler,0.04645133122921935,-0.037238505454488535,17,45
328,24,False,False,True,upper_bound,0.04645133122921935,-0.0246232733987315,17,46
328,24,False,False,True,upper_bound_with_inhaler,0.04645133122921935,-0.0246232733987315,17,47
328,24,False,True,False,one_hot,0.021519895527224667,0.0215198955272247,17,48
328,24,False,True,False,lower_bound,0.021519895527224667,0.0215198955272247,17,49
328,24,False,True,False,midpoint,0.021519895527224667,0.0215198955272247,17,50
328,24,False,True,False,midpoint_with_inhaler,0.021519895527224667,0.0215198955272247,17,51
328,24,False,True,False,upper_bound,0.021519895527224667,0.0215198955272247,17,52
328,24,False,True,False,upper_bound_with_inhaler,0.021519895527224667,0.0215198955272247,17,53
328,24,False,True,True,one_hot,0.021519895527224667,0.0215198955272247,17,54
328,24,False,True,True,lower_bound,0.021519895527224667,0.0215198955272247,17,55
328,24,False,True,True,midpoint,0.021519895527224667,0.0215198955272247,17,56
328,24,False,True,True,midpoint_with_inhaler,0.021519895527224667,0.0215198955272247,17,57
328,24,False,True,True,upper_bound,0.021519895527224667,0.0215198955272247,17,58
328,24,False,True,True,upper_bound_with_inhaler,0.021519895527224667,0.0215198955272247,17,59
328,24,True,False,False,one_hot,0.17066884146429792,0.17066884146429798,17,60
328,24,True,False,False,lower_bound,0.10093485547943641,-0.020351732571978646,17,61
328,24,True,False,False,midpoint,0.10093485547943641,-0.007860543813804593,17,62
328,24,True,False,False,midpoint_with_inhaler,0.10093485547943641,-0.007860543813804593,17,63
328,24,True,False,False,upper_bound,0.10093485547943641,6.938893903907228e-18,17,64
328,24,True,False,False,upper_bound_with_inhaler,0.10093485547943641,6.938893903907228e-18,17,65
328,24,True,False,True,one_hot,0.17066884146429792,0.17066884146429798,17,66
328,24,True,False,True,lower_bound,0.10093485547943641,-0.020351732571978646,17,67
328,24,True,False,True,midpoint,0.10093485547943641,-0.007860543813804593,17,68
328,24,True,False,True,midpoint_with_inhaler,0.10093485547943641,-0.007860543813804593,17,69
328,24,True,False,True,upper_bound,0.10093485547943641,6.938893903907228e-18,17,70
328,24,True,False,True,upper_bound_with_inhaler,0.10093485547943641,6.938893903907228e-18,17,71
328,36,False,False,False,one_hot,0.1341319932973397,0.1341319932973397,17,72
328,36,False,False,False,lower_bound,0.05616735137955883,-0.04204861965909578,17,73
328,36,False,False,False,midpoint,0.05616735137955883,-0.03275352793053183,17,74
328,36,False,False,False,midpoint_with_inhaler,0.05616735137955883,-0.03275352793053183,17,75
328,36,False,False,False,upper_bound,0.05616735137955883,-0.026780377988319642,17,76
328,36,False,False,False,upper_bound_with_inhaler,0.05616735137955883,-0.026780377988319642,17,77
328,36,False,False,True,one_hot,0.1341319932973397,0.1341319932973397,17,78
328,36,False,False,True,lower_bound,0.05616735137955883,-0.04204861965909578,17,79
328,36,False,False,True,midpoint,0.05616735137955883,-0.03275352793053183,17,80
328,36,False,False,True,midpoint_with_inhaler,0.05616735137955883,-0.03275352793053183,17,81
328,36,False,False,True,upper_bound,0.05616735137955883,-0.026780377988319642,17,82
328,36,False,False,True,upper_bound_with_inhaler,0.05616735137955883,-0.026780377988319642,17,83
328,36,True,False,False,one_hot,0.1341319932973397,0.1341319932973397,17,84
328,36,True,False,False,lower_bound,0.05616735137955882,0.0,17,85
328,36,True,False,False,midpoint,0.05616735137955882,0.030491443194983744,17,86
328,36,True,False,False,midpoint_with_inhaler,0.05616735137955882,0.030491443194983744,17,87
328,36,True,False,False,upper_bound,0.05616735137955882,0.051685753557698604,17,88
328,36,True,False,False,upper_bound_with_inhaler,0.05616735137955882,0.051685753557698604,17,89
328,36,True,False,True,one_hot,0.1341319932973397,0.1341319932973397,17,90
328,36,True,False,True,lower_bound,0.05616735137955882,0.0,17,91
328,36,True,False,True,midpoint,0.05616735137955882,0.030491443194983744,17,92
328,36,True,False,True,midpoint_with_inhaler,0.05616735137955882,0.030491443194983744,17,93
328,36,True,False,True,upper_bound,0.05616735137955882,0.051685753557698604,17,94
328,36,True,False,True,upper_bound_with_inhaler,0.05616735137955882,0.051685753557698604,17,95
328,48,False,False,False,one_hot,,,17,96
328,48,False,False,False,lower_bound,-0.13386661316812135,-0.12632385771008747,17,97
328,48,False,False,False,midpoint,-0.13386661316812135,-0.12190451837303506,17,98
328,48,False,False,False,midpoint_with_inhaler,-0.13386661316812135,-0.12190451837303506,17,99
328,48,False,False,False,upper_bound,-0.13386661316812135,-0.1182460224344026,17,100
328,48,False,False,False,upper_bound_with_inhaler,-0.13386661316812135,-0.1182460224344026,17,101
328,48,False,False,True,one_hot,,,17,102
328,48,False,False,True,lower_bound,-0.13386661316812135,-0.12632385771008747,17,103
328,48,False,False,True,midpoint,-0.13386661316812135,-0.12190451837303506,17,104
328,48,False,False,True,midpoint_with_inhaler,-0.13386661316812135,-0.12190451837303506,17,105
328,48,False,False,True,upper_bound,-0.13386661316812135,-0.1182460224344026,17,106
328,48,False,False,True,upper_bound_with_inhaler,-0.13386661316812135,-0.1182460224344026,17,107
328,48,False,True,False,one_hot,-0.06555913024741908,-0.06555913024741908,17,108
328,48,False,True,False,lower_bound,0.12692096918893483,0.40861767640633323,17,109
328,48,False,True,False,midpoint,0.12692096918893483,0.2950832197750226,17,110
328,48,False,True,False,midpoint_with_inhaler,0.12692096918893483,0.2950832197750226,17,111
328,48,False,True,False,upper_bound,0.12692096918893483,0.22269899946209265,17,112
328,48,False,True,False,upper_bound_with_inhaler,0.12692096918893483,0.22269899946209265,17,113
328,48,False,True,True,one_hot,-0.06555913024741908,-0.06555913024741908,17,114
328,48,False,True,True,lower_bound,0.12692096918893483,0.40861767640633323,17,115
328,48,False,True,True,midpoint,0.12692096918893483,0.2950832197750226,17,116
328,48,False,True,True,midpoint_with_inhaler,0.12692096918893483,0.2950832197750226,17,117
328,48,False,True,True,upper_bound,0.12692096918893483,0.22269899946209265,17,118
328,48,False,True,True,upper_bound_with_inhaler,0.12692096918893483,0.22269899946209265,17,119
328,48,True,False,False,one_hot,0.3155801787685052,0.3155801787685052,17,120
328,48,True,False,False,lower_bound,0.25806804453359594,0.14443999492309215,17,121
328,48,True,False,False,midpoint,0.25806804453359594,0.19358702049194199,17,122
328,48,True,False,False,midpoint_with_inhaler,0.25806804453359594,0.19358702049194199,17,123
328,48,True,False,False,upper_bound,0.25806804453359594,0.2226989994620925,17,124
328,48,True,False,False,upper_bound_with_inhaler,0.25806804453359594,0.2226989994620925,17,125
328,48,True,False,True,one_hot,0.3155801787685052,0.3155801787685052,17,126
328,48,True,False,True,lower_bound,0.25806804453359594,0.14443999492309215,17,127
328,48,True,False,True,midpoint,0.25806804453359594,0.19358702049194199,17,128
328,48,True,False,True,midpoint_with_inhaler,0.25806804453359594,0.19358702049194199,17,129
328,48,True,False,True,upper_bound,0.25806804453359594,0.2226989994620925,17,130
328,48,True,False,True,upper_bound_with_inhaler,0.25806804453359594,0.2226989994620925,17,131
343,12,False,False,False,one_hot,0.24253006959783285,0.24253006959783283,173,0
343,12,False,False,False,lower_bound,0.24253006959783285,0.24253006959783283,173,1
343,12,False,False,False,midpoint,0.24253006959783285,0.24253006959783285,173,2
343,12,False,False,False,midpoint_with_inhaler,0.24253006959783285,0.24253006959783285,173,3
343,12,False,False,False,upper_bound,0.24253006959783285,0.24253006959783283,173,4
343,12,False,False,False,upper_bound_with_inhaler,0.24253006959783285,0.24253006959783283,173,5
343,12,False,False,True,one_hot,0.24253006959783285,0.24253006959783283,173,6
343,12,False,False,True,lower_bound,0.24253006959783285,0.24253006959783283,173,7
343,12,False,False,True,midpoint,0.24253006959783285,0.24253006959783285,173,8
343,12,False,False,True,midpoint_with_inhaler,0.24253006959783285,0.24253006959783285,173,9
343,12,False,False,True,upper_bound,0.24253006959783285,0.24253006959783283,173,10
343,12,False,False,True,upper_bound_with_inhaler,0.24253006959783285,0.24253006959783283,173,11
343,12,False,True,False,one_hot,0.3463432975580292,0.3463432975580292,173,12
343,12,False,True,False,lower_bound,0.34194434169252214,0.30592228548012235,173,13
343,12,False,True,False,midpoint,0.34194434169252214,0.32198592260431397,173,14
343,12,False,True,False,midpoint_with_inhaler,0.34194434169252214,0.32198592260431397,173,15
343,12,False,True,False,upper_bound,0.34194434169252214,0.32924440357678253,173,16
343,12,False,True,False,upper_bound_with_inhaler,0.34194434169252214,0.32924440357678253,173,17
343,12,False,True,True,one_hot,0.3463432975580292,0.3463432975580292,173,18
343,12,False,True,True,lower_bound,0.34194434169252214,0.30592228548012235,173,19
343,12,False,True,True,midpoint,0.34194434169252214,0.32198592260431397,173,20
343,12,False,True,True,midpoint_with_inhaler,0.34194434169252214,0.32198592260431397,173,21
343,12,False,True,True,upper_bound,0.34194434169252214,0.32924440357678253,173,22
343,12,False,True,True,upper_bound_with_inhaler,0.34194434169252214,0.32924440357678253,173,23
343,12,True,False,False,one_hot,0.40095917357238336,0.40095917357238336,173,24
343,12,True,False,False,lower_bound,0.40095917357238336,0.40095917357238336,173,25
343,12,True,False,False,midpoint,0.40095917357238336,0.40095917357238336,173,26
343,12,True,False,False,midpoint_with_inhaler,0.40095917357238336,0.40095917357238336,173,27
343,12,True,False,False,upper_bound,0.40095917357238336,0.40095917357238336,173,28
343,12,True,False,False,upper_bound_with_inhaler,0.40095917357238336,0.40095917357238336,173,29
343,12,True,False,True,one_hot,0.40095917357238336,0.40095917357238336,173,30
343,12,True,False,True,lower_bound,0.40095917357238336,0.40095917357238336,173,31
343,12,True,False,True,midpoint,0.40095917357238336,0.40095917357238336,173,32
343,12,True,False,True,midpoint_with_inhaler,0.40095917357238336,0.40095917357238336,173,33
343,12,True,False,True,upper_bound,0.40095917357238336,0.40095917357238336,173,34
343,12,True,False,True,upper_bound_with_inhaler,0.40095917357238336,0.40095917357238336,173,35
343,24,False,False,False,one_hot,0.3298918405867591,0.3298918405867591,173,36
343,24,False,False,False,lower_bound,0.33678001287084347,0.3631718108894271,173,37
343,24,False,False,False,midpoint,0.33678001287084347,0.35685937786874417,173,38
343,24,False,False,False,midpoint_with_inhaler,0.33678001287084347,0.35685937786874417,173,39
343,24,False,False,False,upper_bound,0.33678001287084347,0.35199614253345773,173,40
343,24,False,False,False,upper_bound_with_inhaler,0.33678001287084347,0.35199614253345773,173,41
343,24,False,False,True,one_hot,0.3298918405867591,0.3298918405867591,173,42
343,24,False,False,True,lower_bound,0.33678001287084347,0.3631718108894271,173,43
343,24,False,False,True,midpoint,0.33678001287084347,0.35685937786874417,173,44
343,24,False,False,True,midpoint_with_inhaler,0.33678001287084347,0.35685937786874417,173,45
343,24,False,False,True,upper_bound,0.33678001287084347,0.35199614253345773,173,46
343,24,False,False,True,upper_bound_with_inhaler,0.33678001287084347,0.35199614253345773,173,47
343,24,False,True,False,one_hot,0.1129643053200697,0.11296430532006968,173,48
343,24,False,True,False,lower_bound,0.1129643053200697,0.11296430532006968,173,49
343,24,False,True,False,midpoint,0.1129643053200697,0.11296430532006968,173,50
343,24,False,True,False,midpoint_with_inhaler,0.1129643053200697,0.11296430532006968,173,51
343,24,False,True,False,upper_bound,0.1129643053200697,0.11296430532006968,173,52
343,24,False,True,False,upper_bound_with_inhaler,0.1129643053200697,0.11296430532006968,173,53
343,24,False,True,True,one_hot,0.1129643053200697,0.11296430532006968,173,54
343,24,False,True,True,lower_bound,0.1129643053200697,0.11296430532006968,173,55
343,24,False,True,True,midpoint,0.1129643053200697,0.11296430532006968,173,56
343,24,False,True,True,midpoint_with_inhaler,0.1129643053200697,0.11296430532006968,173,57
343,24,False,True,True,upper_bound,0.1129643053200697,0.11296430532006968,173,58
343,24,False,True,True,upper_bound_with_inhaler,0.1129643053200697,0.11296430532006968,173,59
343,24,True,False,False,one_hot,0.20899104888982015,0.2089910488898201,173,60
343,24,True,False,False,lower_bound,0.2162462589350953,0.2508649748466903,173,61
343,24,True,False,False,midpoint,0.2162462589350953,0.24037514139270547,173,62
343,24,True,False,False,midpoint_with_inhaler,0.2162462589350953,0.24037514139270547,173,63
343,24,True,False,False,upper_bound,0.2162462589350953,0.23385078112852714,173,64
343,24,True,False,False,upper_bound_with_inhaler,0.2162462589350953,0.23385078112852714,173,65
343,24,True,False,True,one_hot,0.20899104888982015,0.2089910488898201,173,66
343,24,True,False,True,lower_bound,0.2162462589350953,0.2508649748466903,173,67
343,24,True,False,True,midpoint,0.2162462589350953,0.24037514139270547,173,68
343,24,True,False,True,midpoint_with_inhaler,0.2162462589350953,0.24037514139270547,173,69
343,24,True,False,True,upper_bound,0.2162462589350953,0.23385078112852714,173,70
343,24,True,False,True,upper_bound_with_inhaler,0.2162462589350953,0.23385078112852714,173,71
343,36,False,False,False,one_hot,0.3204797610255391,0.3204797610255391,173,72
343,36,False,False,False,lower_bound,0.329593302963777,0.35587566787313224,173,73
343,36,False,False,False,midpoint,0.329593302963777,0.3481331774020998,173,74
343,36,False,False,False,midpoint_with_inhaler,0.329593302963777,0.3481331774020998,173,75
343,36,False,False,False,upper_bound,0.329593302963777,0.34277932396308425,173,76
343,36,False,False,False,upper_bound_with_inhaler,0.329593302963777,0.34277932396308425,173,77
343,36,False,False,True,one_hot,0.3204797610255391,0.3204797610255391,173,78
343,36,False,False,True,lower_bound,0.329593302963777,0.35587566787313224,173,79
343,36,False,False,True,midpoint,0.329593302963777,0.3481331774020998,173,80
343,36,False,False,True,midpoint_with_inhaler,0.329593302963777,0.3481331774020998,173,81
343,36,False,False,True,upper_bound,0.329593302963777,0.34277932396308425,173,82
343,36,False,False,True,upper_bound_with_inhaler,0.329593302963777,0.34277932396308425,173,83
343,36,True,False,False,one_hot,0.1913568276609137,0.1913568276609137,173,84
343,36,True,False,False,lower_bound,0.1913568276609137,0.1913568276609137,173,85
343,36,True,False,False,midpoint,0.1913568276609137,0.1913568276609137,173,86
343,36,True,False,False,midpoint_with_inhaler,0.1913568276609137,0.1913568276609137,173,87
343,36,True,False,False,upper_bound,0.1913568276609137,0.1913568276609137,173,88
343,36,True,False,False,upper_bound_with_inhaler,0.1913568276609137,0.1913568276609137,173,89
343,36,True,False,True,one_hot,0.1913568276609137,0.1913568276609137,173,90
343,36,True,False,True,lower_bound,0.1913568276609137,0.1913568276609137,173,91
343,36,True,False,True,midpoint,0.1913568276609137,0.1913568276609137,173,92
343,36,True,False,True,midpoint_with_inhaler,0.1913568276609137,0.1913568276609137,173,93
343,36,True,False,True,upper_bound,0.1913568276609137,0.1913568276609137,173,94
343,36,True,False,True,upper_bound_with_inhaler,0.1913568276609137,0.1913568276609137,173,95
343,48,False,False,False,one_hot,0.20733573560121632,0.20733573560121632,173,96
343,48,False,False,False,lower_bound,0.20318988539556415,0.1713718808066125,173,97
343,48,False,False,False,midpoint,0.20318988539556415,0.18652658957700116,173,98
343,48,False,False,False,midpoint_with_inhaler,0.20318988539556415,0.18652658957700116,173,99
343,48,False,False,False,upper_bound,0.20318988539556415,0.19363348965596225,173,100
343,48,False,False,False,upper_bound_with_inhaler,0.20318988539556415,0.19363348965596225,173,101
343,48,False,False,True,one_hot,0.20733573560121632,0.20733573560121632,173,102
343,48,False,False,True,lower_bound,0.20318988539556415,0.1713718808066125,173,103
343,48,False,False,True,midpoint,0.20318988539556415,0.18652658957700116,173,104
343,48,False,False,True,midpoint_with_inhaler,0.20318988539556415,0.18652658957700116,173,105
343,48,False,False,True,upper_bound,0.20318988539556415,0.19363348965596225,173,106
343,48,False,False,True,upper_bound_with_inhaler,0.20318988539556415,0.19363348965596225,173,107
343,48,False,True,False,one_hot,0.1634009737618104,0.1634009737618104,173,108
343,48,False,True,False,lower_bound,0.1634009737618104,0.1634009737618104,173,109
343,48,False,True,False,midpoint,0.1634009737618104,0.16340097376181034,173,110
343,48,False,True,False,midpoint_with_inhaler,0.1634009737618104,0.16340097376181034,173,111
343,48,False,True,False,upper_bound,0.1634009737618104,0.1634009737618104,173,112
343,48,False,True,False,upper_bound_with_inhaler,0.1634009737618104,0.1634009737618104,173,113
343,48,False,True,True,one_hot,0.1634009737618104,0.1634009737618104,173,114
343,48,False,True,True,lower_bound,0.1634009737618104,0.1634009737618104,173,115
343,48,False,True,True,midpoint,0.1634009737618104,0.16340097376181034,173,116
343,48,False,True,True,midpoint_with_inhaler,0.1634009737618104,0.16340097376181034,173,117
343,48,False,True,True,upper_bound,0.1634009737618104,0.1634009737618104,173,118
343,48,False,True,True,upper_bound_with_inhaler,0.1634009737618104,0.1634009737618104,173,119
343,48,True,False,False,one_hot,0.14398146475052104,0.143981464750521,173,120
343,48,True,False,False,lower_bound,0.1414535727954034,0.12176697936731101,173,121
343,48,True,False,False,midpoint,0.1414535727954034,0.1300870836854383,173,122
343,48,True,False,False,midpoint_with_inhaler,0.1414535727954034,0.1300870836854383,173,123
343,48,True,False,False,upper_bound,0.1414535727954034,0.1339915925100064,173,124
343,48,True,False,False,upper_bound_with_inhaler,0.1414535727954034,0.1339915925100064,173,125
343,48,True,False,True,one_hot,0.14398146475052104,0.143981464750521,173,126
343,48,True,False,True,lower_bound,0.1414535727954034,0.12176697936731101,173,127
343,48,True,False,True,midpoint,0.1414535727954034,0.1300870836854383,173,128
343,48,True,False,True,midpoint_with_inhaler,0.1414535727954034,0.1300870836854383,173,129
343,48,True,False,True,upper_bound,0.1414535727954034,0.1339915925100064,173,130
343,48,True,False,True,upper_bound_with_inhaler,0.1414535727954034,0.1339915925100064,173,131
398,12,False,False,False,one_hot,0.2796268969462847,0.2796268969462847,25,0
398,12,False,False,False,lower_bound,0.2796268969462847,0.2796268969462847,25,1
398,12,False,False,False,midpoint,0.2796268969462847,0.27962689694628473,25,2
398,12,False,False,False,midpoint_with_inhaler,0.2796268969462847,0.27962689694628473,25,3
398,12,False,False,False,upper_bound,0.2796268969462847,0.2796268969462847,25,4
398,12,False,False,False,upper_bound_with_inhaler,0.2796268969462847,0.2796268969462847,25,5
398,12,False,False,True,one_hot,0.2796268969462847,0.2796268969462847,25,6
398,12,False,False,True,lower_bound,0.2796268969462847,0.2796268969462847,25,7
398,12,False,False,True,midpoint,0.2796268969462847,0.27962689694628473,25,8
398,12,False,False,True,midpoint_with_inhaler,0.2796268969462847,0.27962689694628473,25,9
398,12,False,False,True,upper_bound,0.2796268969462847,0.2796268969462847,25,10
398,12,False,False,True,upper_bound_with_inhaler,0.2796268969462847,0.2796268969462847,25,11
398,12,False,True,False,one_hot,-0.05280251446166784,-0.05280251446166791,25,12
398,12,False,True,False,lower_bound,-0.05280251446166784,-0.05280251446166791,25,13
398,12,False,True,False,midpoint,-0.05280251446166784,-0.05280251446166788,25,14
398,12,False,True,False,midpoint_with_inhaler,-0.05280251446166784,-0.05280251446166788,25,15
398,12,False,True,False,upper_bound,-0.05280251446166784,-0.05280251446166791,25,16
398,12,False,True,False,upper_bound_with_inhaler,-0.05280251446166784,-0.05280251446166791,25,17
398,12,False,True,True,one_hot,-0.05280251446166784,-0.05280251446166791,25,18
398,12,False,True,True,lower_bound,-0.05280251446166784,-0.05280251446166791,25,19
398,12,False,True,True,midpoint,-0.05280251446166784,-0.05280251446166788,25,20
398,12,False,True,True,midpoint_with_inhaler,-0.05280251446166784,-0.05280251446166788,25,21
398,12,False,True,True,upper_bound,-0.05280251446166784,-0.05280251446166791,25,22
398,12,False,True,True,upper_bound_with_inhaler,-0.05280251446166784,-0.05280251446166791,25,23
398,12,True,False,False,one_hot,0.13443467391583067,0.13443467391583067,25,24
398,12,True,False,False,lower_bound,0.13443467391583067,0.13443467391583067,25,25
398,12,True,False,False,midpoint,0.13443467391583067,0.13443467391583072,25,26
398,12,True,False,False,midpoint_with_inhaler,0.13443467391583067,0.13443467391583072,25,27
398,12,True,False,False,upper_bound,0.13443467391583067,0.13443467391583067,25,28
398,12,True,False,False,upper_bound_with_inhaler,0.13443467391583067,0.13443467391583067,25,29
398,12,True,False,True,one_hot,0.13443467391583067,0.13443467391583067,25,30
398,12,True,False,True,lower_bound,0.13443467391583067,0.13443467391583067,25,31
398,12,True,False,True,midpoint,0.13443467391583067,0.13443467391583072,25,32
398,12,True,False,True,midpoint_with_inhaler,0.13443467391583067,0.13443467391583072,25,33
398,12,True,False,True,upper_bound,0.13443467391583067,0.13443467391583067,25,34
398,12,True,False,True,upper_bound_with_inhaler,0.13443467391583067,0.13443467391583067,25,35
398,24,False,False,False,one_hot,0.02916886186960468,0.029168861869604688,25,36
398,24,False,False,False,lower_bound,-0.052062636623857496,-0.10563349207301005,25,37
398,24,False,False,False,midpoint,-0.052062636623857496,-0.08216786821856878,25,38
398,24,False,False,False,midpoint_with_inhaler,-0.052062636623857496,-0.08216786821856878,25,39
398,24,False,False,False,upper_bound,-0.052062636623857496,-0.06428247121755049,25,40
398,24,False,False,False,upper_bound_with_inhaler,-0.052062636623857496,-0.06428247121755049,25,41
398,24,False,False,True,one_hot,0.02916886186960468,0.029168861869604688,25,42
398,24,False,False,True,lower_bound,-0.052062636623857496,-0.10563349207301005,25,43
398,24,False,False,True,midpoint,-0.052062636623857496,-0.08216786821856878,25,44
398,24,False,False,True,midpoint_with_inhaler,-0.052062636623857496,-0.08216786821856878,25,45
398,24,False,False,True,upper_bound,-0.052062636623857496,-0.06428247121755049,25,46
398,24,False,False,True,upper_bound_with_inhaler,-0.052062636623857496,-0.06428247121755049,25,47
398,24,False,True,False,one_hot,0.2403900013646048,0.2403900013646048,25,48
398,24,False,True,False,lower_bound,0.20919570072169075,0.11946380396539259,25,49
398,24,False,True,False,midpoint,0.20919570072169075,0.15601555073103374,25,50
398,24,False,True,False,midpoint_with_inhaler,0.20919570072169075,0.15601555073103374,25,51
398,24,False,True,False,upper_bound,0.20919570072169075,0.17666069479053795,25,52
398,24,False,True,False,upper_bound_with_inhaler,0.20919570072169075,0.17666069479053795,25,53
398,24,False,True,True,one_hot,0.2403900013646048,0.2403900013646048,25,54
398,24,False,True,True,lower_bound,0.20919570072169075,0.11946380396539259,25,55
398,24,False,True,True,midpoint,0.20919570072169075,0.15601555073103374,25,56
398,24,False,True,True,midpoint_with_inhaler,0.20919570072169075,0.15601555073103374,25,57
398,24,False,True,True,upper_bound,0.20919570072169075,0.17666069479053795,25,58
398,24,False,True,True,upper_bound_with_inhaler,0.20919570072169075,0.17666069479053795,25,59
398,24,True,False,False,one_hot,0.1686332463084481,0.1686332463084481,25,60
398,24,True,False,False,lower_bound,0.1686332463084481,0.1686332463084481,25,61
398,24,True,False,False,midpoint,0.1686332463084481,0.16863324630844811,25,62
398,24,True,False,False,midpoint_with_inhaler,0.1686332463084481,0.16863324630844811,25,63
398,24,True,False,False,upper_bound,0.1686332463084481,0.1686332463084481,25,64
398,24,True,False,False,upper_bound_with_inhaler,0.1686332463084481,0.1686332463084481,25,65
398,24,True,False,True,one_hot,0.1686332463084481,0.1686332463084481,25,66
398,24,True,False,True,lower_bound,0.1686332463084481,0.1686332463084481,25,67
398,24,True,False,True,midpoint,0.1686332463084481,0.16863324630844811,25,68
398,24,True,False,True,midpoint_with_inhaler,0.1686332463084481,0.16863324630844811,25,69
398,24,True,False,True,upper_bound,0.1686332463084481,0.1686332463084481,25,70
398,24,True,False,True,upper_bound_with_inhaler,0.1686332463084481,0.1686332463084481,25,71
398,36,False,False,False,one_hot,0.27920110829002376,0.27920110829002376,25,72
398,36,False,False,False,lower_bound,0.13960839314657697,0.02004884513145176,25,73
398,36,False,False,False,midpoint,0.13960839314657697,0.07582199317200179,25,74
398,36,False,False,False,midpoint_with_inhaler,0.13960839314657697,0.07582199317200179,25,75
398,36,False,False,False,upper_bound,0.13960839314657697,0.11462215160529156,25,76
398,36,False,False,False,upper_bound_with_inhaler,0.13960839314657697,0.11462215160529156,25,77
398,36,False,False,True,one_hot,0.27920110829002376,0.27920110829002376,25,78
398,36,False,False,True,lower_bound,0.13960839314657697,0.02004884513145176,25,79
398,36,False,False,True,midpoint,0.13960839314657697,0.07582199317200179,25,80
398,36,False,False,True,midpoint_with_inhaler,0.13960839314657697,0.07582199317200179,25,81
398,36,False,False,True,upper_bound,0.13960839314657697,0.11462215160529156,25,82
398,36,False,False,True,upper_bound_with_inhaler,0.13960839314657697,0.11462215160529156,25,83
398,36,True,False,False,one_hot,0.2403900013646048,0.2403900013646048,25,84
398,36,True,False,False,lower_bound,0.2403900013646048,0.2403900013646048,25,85
398,36,True,False,False,midpoint,0.2403900013646048,0.2403900013646048,25,86
398,36,True,False,False,midpoint_with_inhaler,0.2403900013646048,0.2403900013646048,25,87
398,36,True,False,False,upper_bound,0.2403900013646048,0.2403900013646048,25,88
398,36,True,False,False,upper_bound_with_inhaler,0.2403900013646048,0.2403900013646048,25,89
398,36,True,False,True,one_hot,0.2403900013646048,0.2403900013646048,25,90
398,36,True,False,True,lower_bound,0.2403900013646048,0.2403900013646048,25,91
398,36,True,False,True,midpoint,0.2403900013646048,0.2403900013646048,25,92
398,36,True,False,True,midpoint_with_inhaler,0.2403900013646048,0.2403900013646048,25,93
398,36,True,False,True,upper_bound,0.2403900013646048,0.2403900013646048,25,94
398,36,True,False,True,upper_bound_with_inhaler,0.2403900013646048,0.2403900013646048,25,95
398,48,False,False,False,one_hot,0.3398313641010903,0.3398313641010904,25,96
398,48,False,False,False,lower_bound,0.2895472896722319,0.1860083910666452,25,97
398,48,False,False,False,midpoint,0.2895472896722319,0.23475002062769568,25,98
398,48,False,False,False,midpoint_with_inhaler,0.2895472896722319,0.23475002062769568,25,99
398,48,False,False,False,upper_bound,0.2895472896722319,0.2618319230608588,25,100
398,48,False,False,False,upper_bound_with_inhaler,0.2895472896722319,0.2618319230608588,25,101
398,48,False,False,True,one_hot,0.3398313641010903,0.3398313641010904,25,102
398,48,False,False,True,lower_bound,0.2895472896722319,0.1860083910666452,25,103
398,48,False,False,True,midpoint,0.2895472896722319,0.23475002062769568,25,104
398,48,False,False,True,midpoint_with_inhaler,0.2895472896722319,0.23475002062769568,25,105
398,48,False,False,True,upper_bound,0.2895472896722319,0.2618319230608588,25,106
398,48,False,False,True,upper_bound_with_inhaler,0.2895472896722319,0.2618319230608588,25,107
398,48,False,True,False,one_hot,0.44685930676611196,0.44685930676611196,25,108
398,48,False,True,False,lower_bound,0.35102033322924187,0.16879694615145968,25,109
398,48,False,True,False,midpoint,0.35102033322924187,0.2389292774575447,25,110
398,48,False,True,False,midpoint_with_inhaler,0.35102033322924187,0.2389292774575447,25,111
398,48,False,True,False,upper_bound,0.35102033322924187,0.28337542205646815,25,112
398,48,False,True,False,upper_bound_with_inhaler,0.35102033322924187,0.28337542205646815,25,113
398,48,False,True,True,one_hot,0.44685930676611196,0.44685930676611196,25,114
398,48,False,True,True,lower_bound,0.35102033322924187,0.16879694615145968,25,115
398,48,False,True,True,midpoint,0.35102033322924187,0.2389292774575447,25,116
398,48,False,True,True,midpoint_with_inhaler,0.35102033322924187,0.2389292774575447,25,117
398,48,False,True,True,upper_bound,0.35102033322924187,0.28337542205646815,25,118
398,48,False,True,True,upper_bound_with_inhaler,0.35102033322924187,0.28337542205646815,25,119
398,48,True,False,False,one_hot,0.2036923847888908,0.20369238478889082,25,120
398,48,True,False,False,lower_bound,0.2585727441252984,0.3071543939936062,25,121
398,48,True,False,False,midpoint,0.2585727441252984,0.29510250403091537,25,122
398,48,True,False,False,midpoint_with_inhaler,0.2585727441252984,0.29510250403091537,25,123
398,48,True,False,False,upper_bound,0.2585727441252984,0.28337542205646815,25,124
398,48,True,False,False,upper_bound_with_inhaler,0.2585727441252984,0.28337542205646815,25,125
398,48,True,False,True,one_hot,0.2036923847888908,0.20369238478889082,25,126
398,48,True,False,True,lower_bound,0.2585727441252984,0.3071543939936062,25,127
398,48,True,False,True,midpoint,0.2585727441252984,0.29510250403091537,25,128
398,48,True,False,True,midpoint_with_inhaler,0.2585727441252984,0.29510250403091537,25,129
398,48,True,False,True,upper_bound,0.2585727441252984,0.28337542205646815,25,130
398,48,True,False,True,upper_bound_with_inhaler,0.2585727441252984,0.28337542205646815,25,131
447,12,False,False,False,one_hot,0.1375445958683846,0.1375445958683846,99,0
447,12,False,False,False,lower_bound,-0.06186651704348973,0.06146713520772255,99,1
447,12,False,False,False,midpoint,-0.06186651704348973,0.018345980200915084,99,2
447,12,False,False,False,midpoint_with_inhaler,-0.06186651704348973,0.018345980200915084,99,3
447,12,False,False,False,upper_bound,-0.06186651704348973,-0.009676177610872345,99,4
447,12,False,False,False,upper_bound_with_inhaler,-0.06186651704348973,-0.009676177610872345,99,5
447,12,False,False,True,one_hot,0.1375445958683846,0.1375445958683846,99,6
447,12,False,False,True,lower_bound,-0.06186651704348973,0.06146713520772255,99,7
447,12,False,False,True,midpoint,-0.06186651704348973,0.018345980200915084,99,8
447,12,False,False,True,midpoint_with_inhaler,-0.06186651704348973,0.018345980200915084,99,9
447,12,False,False,True,upper_bound,-0.06186651704348973,-0.009676177610872345,99,10
447,12,False,False,True,upper_bound_with_inhaler,-0.06186651704348973,-0.009676177610872345,99,11
447,12,False,True,False,one_hot,0.008043791631308212,0.008043791631308217,99,12
447,12,False,True,False,lower_bound,-0.0775515294932107,-0.06695650972976971,99,13
447,12,False,True,False,midpoint,-0.0775515294932107,-0.058665419267650815,99,14
447,12,False,True,False,midpoint_with_inhaler,-0.0775515294932107,-0.058665419267650815,99,15
447,12,False,True,False,upper_bound,-0.0775515294932107,-0.05266341437923335,99,16
447,12,False,True,False,upper_bound_with_inhaler,-0.0775515294932107,-0.05266341437923335,99,17
447,12,False,True,True,one_hot,0.008043791631308212,0.008043791631308217,99,18
447,12,False,True,True,lower_bound,-0.0775515294932107,-0.06695650972976971,99,19
447,12,False,True,True,midpoint,-0.0775515294932107,-0.058665419267650815,99,20
447,12,False,True,True,midpoint_with_inhaler,-0.0775515294932107,-0.058665419267650815,99,21
447,12,False,True,True,upper_bound,-0.0775515294932107,-0.05266341437923335,99,22
447,12,False,True,True,upper_bound_with_inhaler,-0.0775515294932107,-0.05266341437923335,99,23
447,12,True,False,False,one_hot,0.19603640664093405,0.19603640664093402,99,24
447,12,True,False,False,lower_bound,0.19036095630356312,0.19202294188934896,99,25
447,12,True,False,False,midpoint,0.19036095630356312,0.20178640853963659,99,26
447,12,True,False,False,midpoint_with_inhaler,0.19036095630356312,0.20178640853963659,99,27
447,12,True,False,False,upper_bound,0.19036095630356312,0.2065371683659746,99,28
447,12,True,False,False,upper_bound_with_inhaler,0.19036095630356312,0.2065371683659746,99,29
447,12,True,False,True,one_hot,0.19603640664093405,0.19603640664093402,99,30
447,12,True,False,True,lower_bound,0.19036095630356312,0.19202294188934896,99,31
447,12,True,False,True,midpoint,0.19036095630356312,0.20178640853963659,99,32
447,12,True,False,True,midpoint_with_inhaler,0.19036095630356312,0.20178640853963659,99,33
447,12,True,False,True,upper_bound,0.19036095630356312,0.2065371683659746,99,34
447,12,True,False,True,upper_bound_with_inhaler,0.19036095630356312,0.2065371683659746,99,35
447,24,False,False,False,one_hot,0.014473023494328026,0.014473023494328052,99,36
447,24,False,False,False,lower_bound,0.11856913581027202,0.2691329490489128,99,37
447,24,False,False,False,midpoint,0.11856913581027202,0.22560187267959111,99,38
447,24,False,False,False,midpoint_with_inhaler,0.11856913581027202,0.22560187267959111,99,39
447,24,False,False,False,upper_bound,0.11856913581027202,0.19274589258294408,99,40
447,24,False,False,False,upper_bound_with_inhaler,0.11856913581027202,0.19274589258294408,99,41
447,24,False,False,True,one_hot,0.014473023494328026,0.014473023494328052,99,42
447,24,False,False,True,lower_bound,0.11856913581027202,0.2691329490489128,99,43
447,24,False,False,True,midpoint,0.11856913581027202,0.22560187267959111,99,44
447,24,False,False,True,midpoint_with_inhaler,0.11856913581027202,0.22560187267959111,99,45
447,24,False,False,True,upper_bound,0.11856913581027202,0.19274589258294408,99,46
447,24,False,False,True,upper_bound_with_inhaler,0.11856913581027202,0.19274589258294408,99,47
447,24,False,True,False,one_hot,-0.027871125146861346,-0.027871125146861353,99,48
447,24,False,True,False,lower_bound,-0.09931706050354483,0.0857274627333375,99,49
447,24,False,True,False,midpoint,-0.09931706050354483,0.04343813062238296,99,50
447,24,False,True,False,midpoint_with_inhaler,-0.09931706050354483,0.04343813062238296,99,51
447,24,False,True,False,upper_bound,-0.09931706050354483,0.015589034472440014,99,52
447,24,False,True,False,upper_bound_with_inhaler,-0.09931706050354483,0.015589034472440014,99,53
447,24,False,True,True,one_hot,-0.027871125146861346,-0.027871125146861353,99,54
447,24,False,True,True,lower_bound,-0.09931706050354483,0.0857274627333375,99,55
447,24,False,True,True,midpoint,-0.09931706050354483,0.04343813062238296,99,56
447,24,False,True,True,midpoint_with_inhaler,-0.09931706050354483,0.04343813062238296,99,57
447,24,False,True,True,upper_bound,-0.09931706050354483,0.015589034472440014,99,58
447,24,False,True,True,upper_bound_with_inhaler,-0.09931706050354483,0.015589034472440014,99,59
447,24,True,False,False,one_hot,0.027871125146861332,0.02787112514686133,99,60
447,24,True,False,False,lower_bound,0.12074915411540396,0.23353974289945503,99,61
447,24,True,False,False,midpoint,0.12074915411540396,0.2088433586491671,99,62
447,24,True,False,False,midpoint_with_inhaler,0.12074915411540396,0.2088433586491671,99,63
447,24,True,False,False,upper_bound,0.12074915411540396,0.19023984306133707,99,64
447,24,True,False,False,upper_bound_with_inhaler,0.12074915411540396,0.19023984306133707,99,65
447,24,True,False,True,one_hot,0.027871125146861332,0.02787112514686133,99,66
447,24,True,False,True,lower_bound,0.12074915411540396,0.23353974289945503,99,67
447,24,True,False,True,midpoint,0.12074915411540396,0.2088433586491671,99,68
447,24,True,False,True,midpoint_with_inhaler,0.12074915411540396,0.2088433586491671,99,69
447,24,True,False,True,upper_bound,0.12074915411540396,0.19023984306133707,99,70
447,24,True,False,True,upper_bound_with_inhaler,0.12074915411540396,0.19023984306133707,99,71
447,36,False,False,False,one_hot,0.11473167803607803,0.11473167803607803,99,72
447,36,False,False,False,lower_bound,-0.017997647065726333,0.153670230066415,99,73
447,36,False,False,False,midpoint,-0.017997647065726333,0.13272799189237625,99,74
447,36,False,False,False,midpoint_with_inhaler,-0.017997647065726333,0.13272799189237625,99,75
447,36,False,False,False,upper_bound,-0.017997647065726333,0.11941100309470515,99,76
447,36,False,False,False,upper_bound_with_inhaler,-0.017997647065726333,0.11941100309470515,99,77
447,36,False,False,True,one_hot,0.11473167803607803,0.11473167803607803,99,78
447,36,False,False,True,lower_bound,-0.017997647065726333,0.153670230066415,99,79
447,36,False,False,True,midpoint,-0.017997647065726333,0.13272799189237625,99,80
447,36,False,False,True,midpoint_with_inhaler,-0.017997647065726333,0.13272799189237625,99,81
447,36,False,False,True,upper_bound,-0.017997647065726333,0.11941100309470515,99,82
447,36,False,False,True,upper_bound_with_inhaler,-0.017997647065726333,0.11941100309470515,99,83
447,36,True,False,False,one_hot,0.034887047807288366,0.034887047807288324,99,84
447,36,True,False,False,lower_bound,0.02410863015953892,0.21829308681127493,99,85
447,36,True,False,False,midpoint,0.02410863015953892,0.1738907737662404,99,86
447,36,True,False,False,midpoint_with_inhaler,0.02410863015953892,0.1738907737662404,99,87
447,36,True,False,False,upper_bound,0.02410863015953892,0.14324647486105913,99,88
447,36,True,False,False,upper_bound_with_inhaler,0.02410863015953892,0.14324647486105913,99,89
447,36,True,False,True,one_hot,0.034887047807288366,0.034887047807288324,99,90
447,36,True,False,True,lower_bound,0.02410863015953892,0.21829308681127493,99,91
447,36,True,False,True,midpoint,0.02410863015953892,0.1738907737662404,99,92
447,36,True,False,True,midpoint_with_inhaler,0.02410863015953892,0.1738907737662404,99,93
447,36,True,False,True,upper_bound,0.02410863015953892,0.14324647486105913,99,94
447,36,True,False,True,upper_bound_with_inhaler,0.02410863015953892,0.14324647486105913,99,95
447,48,False,False,False,one_hot,-0.07623429682213677,-0.07623429682213675,99,96
447,48,False,False,False,lower_bound,-0.07315614640720335,0.09566329254392518,99,97
447,48,False,False,False,midpoint,-0.07315614640720335,0.07095269875957441,99,98
447,48,False,False,False,midpoint_with_inhaler,-0.07315614640720335,0.07095269875957441,99,99
447,48,False,False,False,upper_bound,-0.07315614640720335,0.05278260791610664,99,100
447,48,False,False,False,upper_bound_with_inhaler,-0.07315614640720335,0.05278260791610664,99,101
447,48,False,False,True,one_hot,-0.07623429682213677,-0.07623429682213675,99,102
447,48,False,False,True,lower_bound,-0.07315614640720335,0.09566329254392518,99,103
447,48,False,False,True,midpoint,-0.07315614640720335,0.07095269875957441,99,104
447,48,False,False,True,midpoint_with_inhaler,-0.07315614640720335,0.07095269875957441,99,105
447,48,False,False,True,upper_bound,-0.07315614640720335,0.05278260791610664,99,106
447,48,False,False,True,upper_bound_with_inhaler,-0.07315614640720335,0.05278260791610664,99,107
447,48,False,True,False,one_hot,0.12039314273143412,0.12039314273143412,99,108
447,48,False,True,False,lower_bound,0.03417456786355447,0.05146795259669007,99,109
447,48,False,True,False,midpoint,0.03417456786355447,0.05853636487340895,99,110
447,48,False,True,False,midpoint_with_inhaler,0.03417456786355447,0.05853636487340895,99,111
447,48,False,True,False,upper_bound,0.03417456786355447,0.0632020392599412,99,112
447,48,False,True,False,upper_bound_with_inhaler,0.03417456786355447,0.0632020392599412,99,113
447,48,False,True,True,one_hot,0.12039314273143412,0.12039314273143412,99,114
447,48,False,True,True,lower_bound,0.03417456786355447,0.05146795259669007,99,115
447,48,False,True,True,midpoint,0.03417456786355447,0.05853636487340895,99,116
447,48,False,True,True,midpoint_with_inhaler,0.03417456786355447,0.05853636487340895,99,117
447,48,False,True,True,upper_bound,0.03417456786355447,0.0632020392599412,99,118
447,48,False,True,True,upper_bound_with_inhaler,0.03417456786355447,0.0632020392599412,99,119
447,48,True,False,False,one_hot,0.01447302349432802,0.01447302349432806,99,120
447,48,True,False,False,lower_bound,-0.1085654767545625,-0.05369199670187521,99,121
447,48,True,False,False,midpoint,-0.1085654767545625,-0.057546831044074674,99,122
447,48,True,False,False,midpoint_with_inhaler,-0.1085654767545625,-0.057546831044074674,99,123
447,48,True,False,False,upper_bound,-0.1085654767545625,-0.06052007880468413,99,124
447,48,True,False,False,upper_bound_with_inhaler,-0.1085654767545625,-0.06052007880468413,99,125
447,48,True,False,True,one_hot,0.01447302349432802,0.01447302349432806,99,126
447,48,True,False,True,lower_bound,-0.1085654767545625,-0.05369199670187521,99,127
447,48,True,False,True,midpoint,-0.1085654767545625,-0.057546831044074674,99,128
447,48,True,False,True,midpoint_with_inhaler,-0.1085654767545625,-0.057546831044074674,99,129
447,48,True,False,True,upper_bound,-0.1085654767545625,-0.06052007880468413,99,130
447,48,True,False,True,upper_bound_with_inhaler,-0.1085654767545625,-0.06052007880468413,99,131
454,12,False,False,False,one_hot,-0.1682361183106065,-0.1682361183106064,10,0
454,12,False,False,False,lower_bound,-0.4217569518556307,-0.4191367104346762,10,1
454,12,False,False,False,midpoint,-0.4217569518556307,-0.40586894254520667,10,2
454,12,False,False,False,midpoint_with_inhaler,-0.4217569518556307,-0.40586894254520667,10,3
454,12,False,False,False,upper_bound,-0.4217569518556307,-0.39152944059213657,10,4
454,12,False,False,False,upper_bound_with_inhaler,-0.4217569518556307,-0.39152944059213657,10,5
454,12,False,False,True,one_hot,-0.1682361183106065,-0.1682361183106064,10,6
454,12,False,False,True,lower_bound,-0.4217569518556307,-0.4191367104346762,10,7
454,12,False,False,True,midpoint,-0.4217569518556307,-0.40586894254520667,10,8
454,12,False,False,True,midpoint_with_inhaler,-0.4217569518556307,-0.40586894254520667,10,9
454,12,False,False,True,upper_bound,-0.4217569518556307,-0.39152944059213657,10,10
454,12,False,False,True,upper_bound_with_inhaler,-0.4217569518556307,-0.39152944059213657,10,11
454,12,False,True,False,one_hot,-0.22178412719255758,-0.22178412719255758,10,12
454,12,False,True,False,lower_bound,0.3376712779632193,0.32476885778811365,10,13
454,12,False,True,False,midpoint,0.3376712779632193,0.3036164898821049,10,14
454,12,False,True,False,midpoint_with_inhaler,0.3376712779632193,0.3036164898821049,10,15
454,12,False,True,False,upper_bound,0.3376712779632193,0.27920110829002365,10,16
454,12,False,True,False,upper_bound_with_inhaler,0.3376712779632193,0.27920110829002365,10,17
454,12,False,True,True,one_hot,-0.22178412719255758,-0.22178412719255758,10,18
454,12,False,True,True,lower_bound,0.3376712779632193,0.32476885778811365,10,19
454,12,False,True,True,midpoint,0.3376712779632193,0.3036164898821049,10,20
454,12,False,True,True,midpoint_with_inhaler,0.3376712779632193,0.3036164898821049,10,21
454,12,False,True,True,upper_bound,0.3376712779632193,0.27920110829002365,10,22
454,12,False,True,True,upper_bound_with_inhaler,0.3376712779632193,0.27920110829002365,10,23
454,12,True,False,False,one_hot,-0.22178412719255758,-0.22178412719255758,10,24
454,12,True,False,False,lower_bound,0.3376712779632193,0.32476885778811365,10,25
454,12,True,False,False,midpoint,0.3376712779632193,0.3036164898821049,10,26
454,12,True,False,False,midpoint_with_inhaler,0.3376712779632193,0.3036164898821049,10,27
454,12,True,False,False,upper_bound,0.3376712779632193,0.27920110829002365,10,28
454,12,True,False,False,upper_bound_with_inhaler,0.3376712779632193,0.27920110829002365,10,29
454,12,True,False,True,one_hot,-0.22178412719255758,-0.22178412719255758,10,30
454,12,True,False,True,lower_bound,0.3376712779632193,0.32476885778811365,10,31
454,12,True,False,True,midpoint,0.3376712779632193,0.3036164898821049,10,32
454,12,True,False,True,midpoint_with_inhaler,0.3376712779632193,0.3036164898821049,10,33
454,12,True,False,True,upper_bound,0.3376712779632193,0.27920110829002365,10,34
454,12,True,False,True,upper_bound_with_inhaler,0.3376712779632193,0.27920110829002365,10,35
454,24,False,False,False,one_hot,-0.3465735902799726,-0.34657359027997264,10,36
454,24,False,False,False,lower_bound,-1.0606382047205685,-0.7847888331040671,10,37
454,24,False,False,False,midpoint,-1.0606382047205685,-0.822045214114271,10,38
454,24,False,False,False,midpoint_with_inhaler,-1.0606382047205685,-0.822045214114271,10,39
454,24,False,False,False,upper_bound,-1.0606382047205685,-0.8184032588782396,10,40
454,24,False,False,False,upper_bound_with_inhaler,-1.0606382047205685,-0.8184032588782396,10,41
454,24,False,False,True,one_hot,-0.3465735902799726,-0.34657359027997264,10,42
454,24,False,False,True,lower_bound,-1.0606382047205685,-0.7847888331040671,10,43
454,24,False,False,True,midpoint,-1.0606382047205685,-0.822045214114271,10,44
454,24,False,False,True,midpoint_with_inhaler,-1.0606382047205685,-0.822045214114271,10,45
454,24,False,False,True,upper_bound,-1.0606382047205685,-0.8184032588782396,10,46
454,24,False,False,True,upper_bound_with_inhaler,-1.0606382047205685,-0.8184032588782396,10,47
454,24,False,True,False,one_hot,-0.1682361183106065,-0.16823611831060645,10,48
454,24,False,True,False,lower_bound,-0.08932388943290374,-0.04405101676672636,10,49
454,24,False,True,False,midpoint,-0.08932388943290374,-0.13676138635440213,10,50
454,24,False,True,False,midpoint_with_inhaler,-0.08932388943290374,-0.13676138635440213,10,51
454,24,False,True,False,upper_bound,-0.08932388943290374,-0.2019043246451598,10,52
454,24,False,True,False,upper_bound_with_inhaler,-0.08932388943290374,-0.2019043246451598,10,53
454,24,False,True,True,one_hot,-0.1682361183106065,-0.16823611831060645,10,54
454,24,False,True,True,lower_bound,-0.08932388943290374,-0.04405101676672636,10,55
454,24,False,True,True,midpoint,-0.08932388943290374,-0.13676138635440213,10,56
454,24,False,True,True,midpoint_with_inhaler,-0.08932388943290374,-0.13676138635440213,10,57
454,24,False,True,True,upper_bound,-0.08932388943290374,-0.2019043246451598,10,58
454,24,False,True,True,upper_bound_with_inhaler,-0.08932388943290374,-0.2019043246451598,10,59
454,24,True,False,False,one_hot,-0.11157177565710484,-0.11157177565710488,10,60
454,24,True,False,False,lower_bound,-0.21768470862050562,-0.334805386957414,10,61
454,24,True,False,False,midpoint,-0.21768470862050562,-0.22034350339149675,10,62
454,24,True,False,False,midpoint_with_inhaler,-0.21768470862050562,-0.22034350339149675,10,63
454,24,True,False,False,upper_bound,-0.21768470862050562,-0.13930327192495381,10,64
454,24,True,False,False,upper_bound_with_inhaler,-0.21768470862050562,-0.13930327192495381,10,65
454,24,True,False,True,one_hot,-0.11157177565710484,-0.11157177565710488,10,66
454,24,True,False,True,lower_bound,-0.21768470862050562,-0.334805386957414,10,67
454,24,True,False,True,midpoint,-0.21768470862050562,-0.22034350339149675,10,68
454,24,True,False,True,midpoint_with_inhaler,-0.21768470862050562,-0.22034350339149675,10,69
454,24,True,False,True,upper_bound,-0.21768470862050562,-0.13930327192495381,10,70
454,24,True,False,True,upper_bound_with_inhaler,-0.21768470862050562,-0.13930327192495381,10,71
454,36,False,False,False,one_hot,,,10,72
454,36,False,False,False,lower_bound,0.24899638550054415,0.25713067543591456,10,73
454,36,False,False,False,midpoint,0.24899638550054415,0.2890193192349257,10,74
454,36,False,False,False,midpoint_with_inhaler,0.24899638550054415,0.2890193192349257,10,75
454,36,False,False,False,upper_bound,0.24899638550054415,0.31424094311014855,10,76
454,36,False,False,False,upper_bound_with_inhaler,0.24899638550054415,0.31424094311014855,10,77
454,36,False,False,True,one_hot,,,10,78
454,36,False,False,True,lower_bound,0.24899638550054415,0.25713067543591456,10,79
454,36,False,False,True,midpoint,0.24899638550054415,0.2890193192349257,10,80
454,36,False,False,True,midpoint_with_inhaler,0.24899638550054415,0.2890193192349257,10,81
454,36,False,False,True,upper_bound,0.24899638550054415,0.31424094311014855,10,82
454,36,False,False,True,upper_bound_with_inhaler,0.24899638550054415,0.31424094311014855,10,83
454,36,True,False,False,one_hot,-0.22178412719255758,-0.22178412719255758,10,84
454,36,True,False,False,lower_bound,-0.5785909256771158,-0.574629893269218,10,85
454,36,True,False,False,midpoint,-0.5785909256771158,-0.5546942780179246,10,86
454,36,True,False,False,midpoint_with_inhaler,-0.5785909256771158,-0.5546942780179246,10,87
454,36,True,False,False,upper_bound,-0.5785909256771158,-0.5333662159507178,10,88
454,36,True,False,False,upper_bound_with_inhaler,-0.5785909256771158,-0.5333662159507178,10,89
454,36,True,False,True,one_hot,-0.22178412719255758,-0.22178412719255758,10,90
454,36,True,False,True,lower_bound,-0.5785909256771158,-0.574629893269218,10,91
454,36,True,False,True,midpoint,-0.5785909256771158,-0.5546942780179246,10,92
454,36,True,False,True,midpoint_with_inhaler,-0.5785909256771158,-0.5546942780179246,10,93
454,36,True,False,True,upper_bound,-0.5785909256771158,-0.5333662159507178,10,94
454,36,True,False,True,upper_bound_with_inhaler,-0.5785909256771158,-0.5333662159507178,10,95
454,48,False,False,False,one_hot,,,10,96
454,48,False,False,False,lower_bound,0.5654200569753214,0.5704540734648617,10,97
454,48,False,False,False,midpoint,0.5654200569753214,0.5691014839708894,10,98
454,48,False,False,False,midpoint_with_inhaler,0.5654200569753214,0.5691014839708894,10,99
454,48,False,False,False,upper_bound,0.5654200569753214,0.5489663261016274,10,100
454,48,False,False,False,upper_bound_with_inhaler,0.5654200569753214,0.5489663261016274,10,101
454,48,False,False,True,one_hot,,,10,102
454,48,False,False,True,lower_bound,0.5654200569753214,0.5704540734648617,10,103
454,48,False,False,True,midpoint,0.5654200569753214,0.5691014839708894,10,104
454,48,False,False,True,midpoint_with_inhaler,0.5654200569753214,0.5691014839708894,10,105
454,48,False,False,True,upper_bound,0.5654200569753214,0.5489663261016274,10,106
454,48,False,False,True,upper_bound_with_inhaler,0.5654200569753214,0.5489663261016274,10,107
454,48,False,True,False,one_hot,-0.1682361183106065,-0.16823611831060645,10,108
454,48,False,True,False,lower_bound,-0.4217569518556307,-0.4191367104346762,10,109
454,48,False,True,False,midpoint,-0.4217569518556307,-0.40586894254520667,10,110
454,48,False,True,False,midpoint_with_inhaler,-0.4217569518556307,-0.40586894254520667,10,111
454,48,False,True,False,upper_bound,-0.4217569518556307,-0.39152944059213657,10,112
454,48,False,True,False,upper_bound_with_inhaler,-0.4217569518556307,-0.39152944059213657,10,113
454,48,False,True,True,one_hot,-0.1682361183106065,-0.16823611831060645,10,114
454,48,False,True,True,lower_bound,-0.4217569518556307,-0.4191367104346762,10,115
454,48,False,True,True,midpoint,-0.4217569518556307,-0.40586894254520667,10,116
454,48,False,True,True,midpoint_with_inhaler,-0.4217569518556307,-0.40586894254520667,10,117
454,48,False,True,True,upper_bound,-0.4217569518556307,-0.39152944059213657,10,118
454,48,False,True,True,upper_bound_with_inhaler,-0.4217569518556307,-0.39152944059213657,10,119
454,48,True,False,False,one_hot,,,10,120
454,48,True,False,False,lower_bound,-0.04984242505205571,-0.04405101676672632,10,121
454,48,True,False,False,midpoint,-0.04984242505205571,-0.020263795589130003,10,122
454,48,True,False,False,midpoint_with_inhaler,-0.04984242505205571,-0.020263795589130003,10,123
454,48,True,False,False,upper_bound,-0.04984242505205571,0.0,10,124
454,48,True,False,False,upper_bound_with_inhaler,-0.04984242505205571,0.0,10,125
454,48,True,False,True,one_hot,,,10,126
454,48,True,False,True,lower_bound,-0.04984242505205571,-0.04405101676672632,10,127
454,48,True,False,True,midpoint,-0.04984242505205571,-0.020263795589130003,10,128
454,48,True,False,True,midpoint_with_inhaler,-0.04984242505205571,-0.020263795589130003,10,129
454,48,True,False,True,upper_bound,-0.04984242505205571,0.0,10,130
454,48,True,False,True,upper_bound_with_inhaler,-0.04984242505205571,0.0,10,131
473,12,False,False,False,one_hot,0.4034428311188993,0.4034428311188993,69,0
473,12,False,False,False,lower_bound,0.6649831007634325,0.898012977465012,69,1
473,12,False,False,False,midpoint,0.6649831007634325,0.8868509638072324,69,2
473,12,False,False,False,midpoint_with_inhaler,0.6649831007634325,0.8868509638072324,69,3
473,12,False,False,False,upper_bound,0.6649831007634325,0.8638339221668392,69,4
473,12,False,False,False,upper_bound_with_inhaler,0.6649831007634325,0.8638339221668392,69,5
473,12,False,False,True,one_hot,0.4034428311188993,0.4034428311188993,69,6
473,12,False,False,True,lower_bound,0.6649831007634325,0.898012977465012,69,7
473,12,False,False,True,midpoint,0.6649831007634325,0.8868509638072324,69,8
473,12,False,False,True,midpoint_with_inhaler,0.6649831007634325,0.8868509638072324,69,9
473,12,False,False,True,upper_bound,0.6649831007634325,0.8638339221668392,69,10
473,12,False,False,True,upper_bound_with_inhaler,0.6649831007634325,0.8638339221668392,69,11
473,12,False,True,False,one_hot,0.30881364617414214,0.30881364617414203,69,12
473,12,False,True,False,lower_bound,0.666402033164178,0.8964633748302916,69,13
473,12,False,True,False,midpoint,0.666402033164178,0.9665178618456625,69,14
473,12,False,True,False,midpoint_with_inhaler,0.666402033164178,0.9665178618456625,69,15
473,12,False,True,False,upper_bound,0.666402033164178,1.009706119635708,69,16
473,12,False,True,False,upper_bound_with_inhaler,0.666402033164178,1.009706119635708,69,17
473,12,False,True,True,one_hot,0.30881364617414214,0.30881364617414203,69,18
473,12,False,True,True,lower_bound,0.666402033164178,0.8964633748302916,69,19
473,12,False,True,True,midpoint,0.666402033164178,0.9665178618456625,69,20
473,12,False,True,True,midpoint_with_inhaler,0.666402033164178,0.9665178618456625,69,21
473,12,False,True,True,upper_bound,0.666402033164178,1.009706119635708,69,22
473,12,False,True,True,upper_bound_with_inhaler,0.666402033164178,1.009706119635708,69,23
473,12,True,False,False,one_hot,0.3088136461741421,0.3088136461741421,69,24
473,12,True,False,False,lower_bound,0.6191981520340397,0.7384557072211684,69,25
473,12,True,False,False,midpoint,0.6191981520340397,0.8121206564959373,69,26
473,12,True,False,False,midpoint_with_inhaler,0.6191981520340397,0.8121206564959373,69,27
473,12,True,False,False,upper_bound,0.6191981520340397,0.8608994554050495,69,28
473,12,True,False,False,upper_bound_with_inhaler,0.6191981520340397,0.8608994554050495,69,29
473,12,True,False,True,one_hot,0.3088136461741421,0.3088136461741421,69,30
473,12,True,False,True,lower_bound,0.6191981520340397,0.7384557072211684,69,31
473,12,True,False,True,midpoint,0.6191981520340397,0.8121206564959373,69,32
473,12,True,False,True,midpoint_with_inhaler,0.6191981520340397,0.8121206564959373,69,33
473,12,True,False,True,upper_bound,0.6191981520340397,0.8608994554050495,69,34
473,12,True,False,True,upper_bound_with_inhaler,0.6191981520340397,0.8608994554050495,69,35
473,24,False,False,False,one_hot,0.3088136461741421,0.3088136461741421,69,36
473,24,False,False,False,lower_bound,0.6949814298719761,1.0003341537758277,69,37
473,24,False,False,False,midpoint,0.6949814298719761,1.0435017994592626,69,38
473,24,False,False,False,midpoint_with_inhaler,0.6949814298719761,1.0435017994592626,69,39
473,24,False,False,False,upper_bound,0.6949814298719761,1.0604413585173906,69,40
473,24,False,False,False,upper_bound_with_inhaler,0.6949814298719761,1.0604413585173906,69,41
473,24,False,False,True,one_hot,0.3088136461741421,0.3088136461741421,69,42
473,24,False,False,True,lower_bound,0.6949814298719761,1.0003341537758277,69,43
473,24,False,False,True,midpoint,0.6949814298719761,1.0435017994592626,69,44
473,24,False,False,True,midpoint_with_inhaler,0.6949814298719761,1.0435017994592626,69,45
473,24,False,False,True,upper_bound,0.6949814298719761,1.0604413585173906,69,46
473,24,False,False,True,upper_bound_with_inhaler,0.6949814298719761,1.0604413585173906,69,47
473,24,False,True,False,one_hot,0.19756692249260183,0.19756692249260174,69,48
473,24,False,True,False,lower_bound,0.38962847643599136,0.5162502580219934,69,49
473,24,False,True,False,midpoint,0.38962847643599136,0.5122980794984663,69,50
473,24,False,True,False,midpoint_with_inhaler,0.38962847643599136,0.5122980794984663,69,51
473,24,False,True,False,upper_bound,0.38962847643599136,0.506098757296297,69,52
473,24,False,True,False,upper_bound_with_inhaler,0.38962847643599136,0.506098757296297,69,53
473,24,False,True,True,one_hot,0.19756692249260183,0.19756692249260174,69,54
473,24,False,True,True,lower_bound,0.38962847643599136,0.5162502580219934,69,55
473,24,False,True,True,midpoint,0.38962847643599136,0.5122980794984663,69,56
473,24,False,True,True,midpoint_with_inhaler,0.38962847643599136,0.5122980794984663,69,57
473,24,False,True,True,upper_bound,0.38962847643599136,0.506098757296297,69,58
473,24,False,True,True,upper_bound_with_inhaler,0.38962847643599136,0.506098757296297,69,59
473,24,True,False,False,one_hot,0.1552215537668422,0.1552215537668422,69,60
473,24,True,False,False,lower_bound,0.6757943048157634,1.0186666573942444,69,61
473,24,True,False,False,midpoint,0.6757943048157634,1.0464335869547912,69,62
473,24,True,False,False,midpoint_with_inhaler,0.6757943048157634,1.0464335869547912,69,63
473,24,True,False,False,upper_bound,0.6757943048157634,1.0508675565056282,69,64
473,24,True,False,False,upper_bound_with_inhaler,0.6757943048157634,1.0508675565056282,69,65
473,24,True,False,True,one_hot,0.1552215537668422,0.1552215537668422,69,66
473,24,True,False,True,lower_bound,0.6757943048157634,1.0186666573942444,69,67
473,24,True,False,True,midpoint,0.6757943048157634,1.0464335869547912,69,68
473,24,True,False,True,midpoint_with_inhaler,0.6757943048157634,1.0464335869547912,69,69
473,24,True,False,True,upper_bound,0.6757943048157634,1.0508675565056282,69,70
473,24,True,False,True,upper_bound_with_inhaler,0.6757943048157634,1.0508675565056282,69,71
473,36,False,False,False,one_hot,0.2674057770588058,0.2674057770588058,69,72
473,36,False,False,False,lower_bound,0.52775225507011,0.8394546612915681,69,73
473,36,False,False,False,midpoint,0.52775225507011,0.8196432835656795,69,74
473,36,False,False,False,midpoint_with_inhaler,0.52775225507011,0.8642665470014179,69,75
473,36,False,False,False,upper_bound,0.5237468673835453,0.7867280397689714,69,76
473,36,False,False,False,upper_bound_with_inhaler,0.52775225507011,0.8761380365889833,69,77
473,36,False,False,True,one_hot,0.2674057770588058,0.2674057770588058,69,78
473,36,False,False,True,lower_bound,0.52775225507011,0.8394546612915681,69,79
473,36,False,False,True,midpoint,0.52775225507011,0.8196432835656795,69,80
473,36,False,False,True,midpoint_with_inhaler,0.52775225507011,0.8642665470014179,69,81
473,36,False,False,True,upper_bound,0.5237468673835453,0.7867280397689714,69,82
473,36,False,False,True,upper_bound_with_inhaler,0.52775225507011,0.8761380365889833,69,83
473,36,True,False,False,one_hot,-0.09260569335962138,-0.09260569335962136,69,84
473,36,True,False,False,lower_bound,0.46452715022753854,0.6936075815865794,69,85
473,36,True,False,False,midpoint,0.46452715022753854,0.6762841363956298,69,86
473,36,True,False,False,midpoint_with_inhaler,0.46452715022753854,0.6762841363956298,69,87
473,36,True,False,False,upper_bound,0.46452715022753854,0.6589938666755394,69,88
473,36,True,False,False,upper_bound_with_inhaler,0.46452715022753854,0.6589938666755394,69,89
473,36,True,False,True,one_hot,-0.09260569335962138,-0.09260569335962136,69,90
473,36,True,False,True,lower_bound,0.46452715022753854,0.6936075815865794,69,91
473,36,True,False,True,midpoint,0.46452715022753854,0.6762841363956298,69,92
473,36,True,False,True,midpoint_with_inhaler,0.46452715022753854,0.6762841363956298,69,93
473,36,True,False,True,upper_bound,0.46452715022753854,0.6589938666755394,69,94
473,36,True,False,True,upper_bound_with_inhaler,0.46452715022753854,0.6589938666755394,69,95
473,48,False,False,False,one_hot,0.16948415650966028,0.16948415650966023,69,96
473,48,False,False,False,lower_bound,0.6752582609303046,0.885829508796057,69,97
473,48,False,False,False,midpoint,0.6752582609303046,0.8651657613902407,69,98
473,48,False,False,False,midpoint_with_inhaler,0.6752582609303046,0.8888595645531734,69,99
473,48,False,False,False,upper_bound,0.6717711932143524,0.8295296067110045,69,100
473,48,False,False,False,upper_bound_with_inhaler,0.6752582609303046,0.8789065543909919,69,101
473,48,False,False,True,one_hot,0.16948415650966028,0.16948415650966023,69,102
473,48,False,False,True,lower_bound,0.6752582609303046,0.885829508796057,69,103
473,48,False,False,True,midpoint,0.6752582609303046,0.8651657613902407,69,104
473,48,False,False,True,midpoint_with_inhaler,0.6752582609303046,0.8888595645531734,69,105
473,48,False,False,True,upper_bound,0.6717711932143524,0.8295296067110045,69,106
473,48,False,False,True,upper_bound_with_inhaler,0.6752582609303046,0.8789065543909919,69,107
473,48,False,True,False,one_hot,0.27097234123652686,0.2709723412365268,69,108
473,48,False,True,False,lower_bound,0.30671364522385275,0.291885745509273,69,109
473,48,False,True,False,midpoint,0.30671364522385275,0.3266172357941234,69,110
473,48,False,True,False,midpoint_with_inhaler,0.30671364522385275,0.3266172357941234,69,111
473,48,False,True,False,upper_bound,0.30671364522385275,0.3496720652760704,69,112
473,48,False,True,False,upper_bound_with_inhaler,0.30671364522385275,0.3496720652760704,69,113
473,48,False,True,True,one_hot,0.27097234123652686,0.2709723412365268,69,114
473,48,False,True,True,lower_bound,0.30671364522385275,0.291885745509273,69,115
473,48,False,True,True,midpoint,0.30671364522385275,0.3266172357941234,69,116
473,48,False,True,True,midpoint_with_inhaler,0.30671364522385275,0.3266172357941234,69,117
473,48,False,True,True,upper_bound,0.30671364522385275,0.3496720652760704,69,118
473,48,False,True,True,upper_bound_with_inhaler,0.30671364522385275,0.3496720652760704,69,119
473,48,True,False,False,one_hot,-0.11847998187827269,-0.1184799818782727,69,120
473,48,True,False,False,lower_bound,0.3219400305141527,0.5233017092118585,69,121
473,48,True,False,False,midpoint,0.3219400305141527,0.5186065681869424,69,122
473,48,True,False,False,midpoint_with_inhaler,0.3219400305141527,0.5186065681869424,69,123
473,48,True,False,False,upper_bound,0.3219400305141527,0.5111969626532781,69,124
473,48,True,False,False,upper_bound_with_inhaler,0.3219400305141527,0.5111969626532781,69,125
473,48,True,False,True,one_hot,-0.11847998187827269,-0.1184799818782727,69,126
473,48,True,False,True,lower_bound,0.3219400305141527,0.5233017092118585,69,127
473,48,True,False,True,midpoint,0.3219400305141527,0.5186065681869424,69,128
473,48,True,False,True,midpoint_with_inhaler,0.3219400305141527,0.5186065681869424,69,129
473,48,True,False,True,upper_bound,0.3219400305141527,0.5111969626532781,69,130
473,48,True,False,True,upper_bound_with_inhaler,0.3219400305141527,0.5111969626532781,69,131
514,12,False,False,False,one_hot,0.2317442286375777,0.2317442286375777,54,0
514,12,False,False,False,lower_bound,0.2225051435589368,0.17743865403867523,54,1
514,12,False,False,False,midpoint,0.2225051435589368,0.19756673871432598,54,2
514,12,False,False,False,midpoint_with_inhaler,0.2225051435589368,0.19756673871432598,54,3
514,12,False,False,False,upper_bound,0.2225051435589368,0.20738817379102842,54,4
514,12,False,False,False,upper_bound_with_inhaler,0.2225051435589368,0.20738817379102842,54,5
514,12,False,False,True,one_hot,0.2317442286375777,0.2317442286375777,54,6
514,12,False,False,True,lower_bound,0.2225051435589368,0.17743865403867523,54,7
514,12,False,False,True,midpoint,0.2225051435589368,0.19756673871432598,54,8
514,12,False,False,True,midpoint_with_inhaler,0.2225051435589368,0.19756673871432598,54,9
514,12,False,False,True,upper_bound,0.2225051435589368,0.20738817379102842,54,10
514,12,False,False,True,upper_bound_with_inhaler,0.2225051435589368,0.20738817379102842,54,11
514,12,False,True,False,one_hot,0.17182443403991068,0.17182443403991063,54,12
514,12,False,True,False,lower_bound,0.1587654781003094,0.10768763674291632,54,13
514,12,False,True,False,midpoint,0.1587654781003094,0.12912779964360704,54,14
514,12,False,True,False,midpoint_with_inhaler,0.1587654781003094,0.12912779964360704,54,15
514,12,False,True,False,upper_bound,0.1587654781003094,0.14023159315045158,54,16
514,12,False,True,False,upper_bound_with_inhaler,0.1587654781003094,0.14023159315045158,54,17
514,12,False,True,True,one_hot,0.17182443403991068,0.17182443403991063,54,18
514,12,False,True,True,lower_bound,0.1587654781003094,0.10768763674291632,54,19
514,12,False,True,True,midpoint,0.1587654781003094,0.12912779964360704,54,20
514,12,False,True,True,midpoint_with_inhaler,0.1587654781003094,0.12912779964360704,54,21
514,12,False,True,True,upper_bound,0.1587654781003094,0.14023159315045158,54,22
514,12,False,True,True,upper_bound_with_inhaler,0.1587654781003094,0.14023159315045158,54,23
514,12,True,False,False,one_hot,0.12287428921672916,0.12287428921672916,54,24
514,12,True,False,False,lower_bound,0.11166126763670792,0.0696754457338232,54,25
514,12,True,False,False,midpoint,0.11166126763670792,0.08704864246442989,54,26
514,12,True,False,False,midpoint_with_inhaler,0.11166126763670792,0.08704864246442989,54,27
514,12,True,False,False,upper_bound,0.11166126763670792,0.0961704223742089,54,28
514,12,True,False,False,upper_bound_with_inhaler,0.11166126763670792,0.0961704223742089,54,29
514,12,True,False,True,one_hot,0.12287428921672916,0.12287428921672916,54,30
514,12,True,False,True,lower_bound,0.11166126763670792,0.0696754457338232,54,31
514,12,True,False,True,midpoint,0.11166126763670792,0.08704864246442989,54,32
514,12,True,False,True,midpoint_with_inhaler,0.11166126763670792,0.08704864246442989,54,33
514,12,True,False,True,upper_bound,0.11166126763670792,0.0961704223742089,54,34
514,12,True,False,True,upper_bound_with_inhaler,0.11166126763670792,0.0961704223742089,54,35
514,24,False,False,False,one_hot,-0.010009346423708043,-0.010009346423708123,54,36
514,24,False,False,False,lower_bound,-0.018232472799031854,-0.041282392414041934,54,37
514,24,False,False,False,midpoint,-0.018232472799031854,-0.032862138036281456,54,38
514,24,False,False,False,midpoint_with_inhaler,-0.018232472799031854,-0.032862138036281456,54,39
514,24,False,False,False,upper_bound,-0.018232472799031854,-0.02787112514686133,54,40
514,24,False,False,False,upper_bound_with_inhaler,-0.018232472799031854,-0.02787112514686133,54,41
514,24,False,False,True,one_hot,-0.010009346423708043,-0.010009346423708123,54,42
514,24,False,False,True,lower_bound,-0.018232472799031854,-0.041282392414041934,54,43
514,24,False,False,True,midpoint,-0.018232472799031854,-0.032862138036281456,54,44
514,24,False,False,True,midpoint_with_inhaler,-0.018232472799031854,-0.032862138036281456,54,45
514,24,False,False,True,upper_bound,-0.018232472799031854,-0.02787112514686133,54,46
514,24,False,False,True,upper_bound_with_inhaler,-0.018232472799031854,-0.02787112514686133,54,47
514,24,False,True,False,one_hot,0.016749847027813076,0.01674984702781306,54,48
514,24,False,True,False,lower_bound,0.009244318533694921,-0.013808765565281284,54,49
514,24,False,True,False,midpoint,0.009244318533694921,-0.004997231467900478,54,50
514,24,False,True,False,midpoint_with_inhaler,0.009244318533694921,-0.004997231467900478,54,51
514,24,False,True,False,upper_bound,0.009244318533694921,-1.734723475976807e-17,54,52
514,24,False,True,False,upper_bound_with_inhaler,0.009244318533694921,-1.734723475976807e-17,54,53
514,24,False,True,True,one_hot,0.016749847027813076,0.01674984702781306,54,54
514,24,False,True,True,lower_bound,0.009244318533694921,-0.013808765565281284,54,55
514,24,False,True,True,midpoint,0.009244318533694921,-0.004997231467900478,54,56
514,24,False,True,True,midpoint_with_inhaler,0.009244318533694921,-0.004997231467900478,54,57
514,24,False,True,True,upper_bound,0.009244318533694921,-1.734723475976807e-17,54,58
514,24,False,True,True,upper_bound_with_inhaler,0.009244318533694921,-1.734723475976807e-17,54,59
514,24,True,False,False,one_hot,0.16942782168219497,0.16942782168219497,54,60
514,24,True,False,False,lower_bound,0.1573769991900996,0.1093563580608124,54,61
514,24,True,False,False,midpoint,0.1573769991900996,0.12963527795853624,54,62
514,24,True,False,False,midpoint_with_inhaler,0.1573769991900996,0.12963527795853624,54,63
514,24,True,False,False,upper_bound,0.1573769991900996,0.14007651848653796,54,64
514,24,True,False,False,upper_bound_with_inhaler,0.1573769991900996,0.14007651848653796,54,65
514,24,True,False,True,one_hot,0.16942782168219497,0.16942782168219497,54,66
514,24,True,False,True,lower_bound,0.1573769991900996,0.1093563580608124,54,67
514,24,True,False,True,midpoint,0.1573769991900996,0.12963527795853624,54,68
514,24,True,False,True,midpoint_with_inhaler,0.1573769991900996,0.12963527795853624,54,69
514,24,True,False,True,upper_bound,0.1573769991900996,0.14007651848653796,54,70
514,24,True,False,True,upper_bound_with_inhaler,0.1573769991900996,0.14007651848653796,54,71
514,36,False,False,False,one_hot,0.08885669175956204,0.08885669175956204,54,72
514,36,False,False,False,lower_bound,0.11369046925726253,0.1793405920931846,54,73
514,36,False,False,False,midpoint,0.11369046925726253,0.1561348447153799,54,74
514,36,False,False,False,midpoint_with_inhaler,0.11369046925726253,0.1561348447153799,54,75
514,36,False,False,False,upper_bound,0.11369046925726253,0.14192681360069936,54,76
514,36,False,False,False,upper_bound_with_inhaler,0.11369046925726253,0.14192681360069936,54,77
514,36,False,False,True,one_hot,0.08885669175956204,0.08885669175956204,54,78
514,36,False,False,True,lower_bound,0.11369046925726253,0.1793405920931846,54,79
514,36,False,False,True,midpoint,0.11369046925726253,0.1561348447153799,54,80
514,36,False,False,True,midpoint_with_inhaler,0.11369046925726253,0.1561348447153799,54,81
514,36,False,False,True,upper_bound,0.11369046925726253,0.14192681360069936,54,82
514,36,False,False,True,upper_bound_with_inhaler,0.11369046925726253,0.14192681360069936,54,83
514,36,True,False,False,one_hot,0.17182443403991066,0.1718244340399106,54,84
514,36,True,False,False,lower_bound,0.1587654781003094,0.10768763674291632,54,85
514,36,True,False,False,midpoint,0.1587654781003094,0.12912779964360702,54,86
514,36,True,False,False,midpoint_with_inhaler,0.1587654781003094,0.12912779964360702,54,87
514,36,True,False,False,upper_bound,0.1587654781003094,0.14023159315045158,54,88
514,36,True,False,False,upper_bound_with_inhaler,0.1587654781003094,0.14023159315045158,54,89
514,36,True,False,True,one_hot,0.17182443403991066,0.1718244340399106,54,90
514,36,True,False,True,lower_bound,0.1587654781003094,0.10768763674291632,54,91
514,36,True,False,True,midpoint,0.1587654781003094,0.12912779964360702,54,92
514,36,True,False,True,midpoint_with_inhaler,0.1587654781003094,0.12912779964360702,54,93
514,36,True,False,True,upper_bound,0.1587654781003094,0.14023159315045158,54,94
514,36,True,False,True,upper_bound_with_inhaler,0.1587654781003094,0.14023159315045158,54,95
514,48,False,False,False,one_hot,0.194874482515036,0.194874482515036,54,96
514,48,False,False,False,lower_bound,0.20515440973266694,0.17713225728653245,54,97
514,48,False,False,False,midpoint,0.20515440973266694,0.1956879900264182,54,98
514,48,False,False,False,midpoint_with_inhaler,0.20515440973266694,0.1956879900264182,54,99
514,48,False,False,False,upper_bound,0.20515440973266694,0.2020669997722232,54,100
514,48,False,False,False,upper_bound_with_inhaler,0.20515440973266694,0.2020669997722232,54,101
514,48,False,False,True,one_hot,0.194874482515036,0.194874482515036,54,102
514,48,False,False,True,lower_bound,0.20515440973266694,0.17713225728653245,54,103
514,48,False,False,True,midpoint,0.20515440973266694,0.1956879900264182,54,104
514,48,False,False,True,midpoint_with_inhaler,0.20515440973266694,0.1956879900264182,54,105
514,48,False,False,True,upper_bound,0.20515440973266694,0.2020669997722232,54,106
514,48,False,False,True,upper_bound_with_inhaler,0.20515440973266694,0.2020669997722232,54,107
514,48,False,True,False,one_hot,0.016749847027813076,0.016749847027813052,54,108
514,48,False,True,False,lower_bound,0.009244318533694933,-0.013808765565281265,54,109
514,48,False,True,False,midpoint,0.009244318533694933,-0.0049972314679004644,54,110
514,48,False,True,False,midpoint_with_inhaler,0.009244318533694933,-0.0049972314679004644,54,111
514,48,False,True,False,upper_bound,0.009244318533694933,2.7755575615628914e-17,54,112
514,48,False,True,False,upper_bound_with_inhaler,0.009244318533694933,2.7755575615628914e-17,54,113
514,48,False,True,True,one_hot,0.016749847027813076,0.016749847027813052,54,114
514,48,False,True,True,lower_bound,0.009244318533694933,-0.013808765565281265,54,115
514,48,False,True,True,midpoint,0.009244318533694933,-0.0049972314679004644,54,116
514,48,False,True,True,midpoint_with_inhaler,0.009244318533694933,-0.0049972314679004644,54,117
514,48,False,True,True,upper_bound,0.009244318533694933,2.7755575615628914e-17,54,118
514,48,False,True,True,upper_bound_with_inhaler,0.009244318533694933,2.7755575615628914e-17,54,119
514,48,True,False,False,one_hot,0.04057606157829893,0.04057606157829893,54,120
514,48,True,False,False,lower_bound,0.030629917131510524,-0.0013373617886766184,54,121
514,48,True,False,False,midpoint,0.030629917131510524,0.011132508239961904,54,122
514,48,True,False,False,midpoint_with_inhaler,0.030629917131510524,0.011132508239961904,54,123
514,48,True,False,False,upper_bound,0.030629917131510524,0.01806548873542088,54,124
514,48,True,False,False,upper_bound_with_inhaler,0.030629917131510524,0.01806548873542088,54,125
514,48,True,False,True,one_hot,0.04057606157829893,0.04057606157829893,54,126
514,48,True,False,True,lower_bound,0.030629917131510524,-0.0013373617886766184,54,127
514,48,True,False,True,midpoint,0.030629917131510524,0.011132508239961904,54,128
514,48,True,False,True,midpoint_with_inhaler,0.030629917131510524,0.011132508239961904,54,129
514,48,True,False,True,upper_bound,0.030629917131510524,0.01806548873542088,54,130
514,48,True,False,True,upper_bound_with_inhaler,0.030629917131510524,0.01806548873542088,54,131
625,12,False,False,False,one_hot,0.004370216434408843,0.004370216434408863,62,0
625,12,False,False,False,lower_bound,-0.00209093237298574,-0.05603576567337808,62,1
625,12,False,False,False,midpoint,-0.00209093237298574,-0.05936949247200593,62,2
625,12,False,False,False,midpoint_with_inhaler,-0.00209093237298574,-0.05936949247200593,62,3
625,12,False,False,False,upper_bound,-0.00209093237298574,-0.061487112121663225,62,4
625,12,False,False,False,upper_bound_with_inhaler,-0.00209093237298574,-0.061487112121663225,62,5
625,12,False,False,True,one_hot,0.004370216434408843,0.004370216434408863,62,6
625,12,False,False,True,lower_bound,-0.00209093237298574,-0.05603576567337808,62,7
625,12,False,False,True,midpoint,-0.00209093237298574,-0.05936949247200593,62,8
625,12,False,False,True,midpoint_with_inhaler,-0.00209093237298574,-0.05936949247200593,62,9
625,12,False,False,True,upper_bound,-0.00209093237298574,-0.061487112121663225,62,10
625,12,False,False,True,upper_bound_with_inhaler,-0.00209093237298574,-0.061487112121663225,62,11
625,12,False,True,False,one_hot,0.16680339884723996,0.16680339884723996,62,12
625,12,False,True,False,lower_bound,0.220510348852532,0.16744055769923763,62,13
625,12,False,True,False,midpoint,0.220510348852532,0.18608212443867897,62,14
625,12,False,True,False,midpoint_with_inhaler,0.220510348852532,0.18608212443867897,62,15
625,12,False,True,False,upper_bound,0.220510348852532,0.1973249005512535,62,16
625,12,False,True,False,upper_bound_with_inhaler,0.220510348852532,0.1973249005512535,62,17
625,12,False,True,True,one_hot,0.16680339884723996,0.16680339884723996,62,18
625,12,False,True,True,lower_bound,0.220510348852532,0.16744055769923763,62,19
625,12,False,True,True,midpoint,0.220510348852532,0.18608212443867897,62,20
625,12,False,True,True,midpoint_with_inhaler,0.220510348852532,0.18608212443867897,62,21
625,12,False,True,True,upper_bound,0.220510348852532,0.1973249005512535,62,22
625,12,False,True,True,upper_bound_with_inhaler,0.220510348852532,0.1973249005512535,62,23
625,12,True,False,False,one_hot,0.048769191486425875,0.04876919148642585,62,24
625,12,True,False,False,lower_bound,0.0052715242617003754,-0.0932174941333692,62,25
625,12,True,False,False,midpoint,0.0052715242617003754,-0.08177135019895668,62,26
625,12,True,False,False,midpoint_with_inhaler,0.0052715242617003754,-0.08177135019895668,62,27
625,12,True,False,False,upper_bound,0.0052715242617003754,-0.07305665627617869,62,28
625,12,True,False,False,upper_bound_with_inhaler,0.0052715242617003754,-0.07305665627617869,62,29
625,12,True,False,True,one_hot,0.048769191486425875,0.04876919148642585,62,30
625,12,True,False,True,lower_bound,0.0052715242617003754,-0.0932174941333692,62,31
625,12,True,False,True,midpoint,0.0052715242617003754,-0.08177135019895668,62,32
625,12,True,False,True,midpoint_with_inhaler,0.0052715242617003754,-0.08177135019895668,62,33
625,12,True,False,True,upper_bound,0.0052715242617003754,-0.07305665627617869,62,34
625,12,True,False,True,upper_bound_with_inhaler,0.0052715242617003754,-0.07305665627617869,62,35
625,24,False,False,False,one_hot,0.07169105974843396,0.071691059748434,62,36
625,24,False,False,False,lower_bound,0.0727997036059591,0.09172331425418374,62,37
625,24,False,False,False,midpoint,0.0727997036059591,0.09035825656783335,62,38
625,24,False,False,False,midpoint_with_inhaler,0.0727997036059591,0.09035825656783335,62,39
625,24,False,False,False,upper_bound,0.0727997036059591,0.08757966701758801,62,40
625,24,False,False,False,upper_bound_with_inhaler,0.0727997036059591,0.08757966701758801,62,41
625,24,False,False,True,one_hot,0.07169105974843396,0.071691059748434,62,42
625,24,False,False,True,lower_bound,0.0727997036059591,0.09172331425418374,62,43
625,24,False,False,True,midpoint,0.0727997036059591,0.09035825656783335,62,44
625,24,False,False,True,midpoint_with_inhaler,0.0727997036059591,0.09035825656783335,62,45
625,24,False,False,True,upper_bound,0.0727997036059591,0.08757966701758801,62,46
625,24,False,False,True,upper_bound_with_inhaler,0.0727997036059591,0.08757966701758801,62,47
625,24,False,True,False,one_hot,0.08545866271006951,0.08545866271006945,62,48
625,24,False,True,False,lower_bound,0.05804453963993683,-0.081463902142978,62,49
625,24,False,True,False,midpoint,0.05804453963993683,-0.08279460216850304,62,50
625,24,False,True,False,midpoint_with_inhaler,0.05804453963993683,-0.08279460216850304,62,51
625,24,False,True,False,upper_bound,0.05804453963993683,-0.0838675147821272,62,52
625,24,False,True,False,upper_bound_with_inhaler,0.05804453963993683,-0.0838675147821272,62,53
625,24,False,True,True,one_hot,0.08545866271006951,0.08545866271006945,62,54
625,24,False,True,True,lower_bound,0.05804453963993683,-0.081463902142978,62,55
625,24,False,True,True,midpoint,0.05804453963993683,-0.08279460216850304,62,56
625,24,False,True,True,midpoint_with_inhaler,0.05804453963993683,-0.08279460216850304,62,57
625,24,False,True,True,upper_bound,0.05804453963993683,-0.0838675147821272,62,58
625,24,False,True,True,upper_bound_with_inhaler,0.05804453963993683,-0.0838675147821272,62,59
625,24,True,False,False,one_hot,0.0587371172442673,0.05873711724426725,62,60
625,24,True,False,False,lower_bound,0.12735890785817927,0.08500030672482382,62,61
625,24,True,False,False,midpoint,0.12735890785817927,0.06577378596784869,62,62
625,24,True,False,False,midpoint_with_inhaler,0.12735890785817927,0.06577378596784869,62,63
625,24,True,False,False,upper_bound,0.12735890785817927,0.05300442191505717,62,64
625,24,True,False,False,upper_bound_with_inhaler,0.12735890785817927,0.05300442191505717,62,65
625,24,True,False,True,one_hot,0.0587371172442673,0.05873711724426725,62,66
625,24,True,False,True,lower_bound,0.12735890785817927,0.08500030672482382,62,67
625,24,True,False,True,midpoint,0.12735890785817927,0.06577378596784869,62,68
625,24,True,False,True,midpoint_with_inhaler,0.12735890785817927,0.06577378596784869,62,69
625,24,True,False,True,upper_bound,0.12735890785817927,0.05300442191505717,62,70
625,24,True,False,True,upper_bound_with_inhaler,0.12735890785817927,0.05300442191505717,62,71
625,36,False,False,False,one_hot,-0.09638436945132867,-0.09638436945132867,62,72
625,36,False,False,False,lower_bound,-0.10023482219281453,-0.059484907214764744,62,73
625,36,False,False,False,midpoint,-0.10023482219281453,-0.055038535322696376,62,74
625,36,False,False,False,midpoint_with_inhaler,-0.10023482219281453,-0.055038535322696376,62,75
625,36,False,False,False,upper_bound,-0.10023482219281453,-0.05319182757304095,62,76
625,36,False,False,False,upper_bound_with_inhaler,-0.10023482219281453,-0.05319182757304095,62,77
625,36,False,False,True,one_hot,-0.09638436945132867,-0.09638436945132867,62,78
625,36,False,False,True,lower_bound,-0.10023482219281453,-0.059484907214764744,62,79
625,36,False,False,True,midpoint,-0.10023482219281453,-0.055038535322696376,62,80
625,36,False,False,True,midpoint_with_inhaler,-0.10023482219281453,-0.055038535322696376,62,81
625,36,False,False,True,upper_bound,-0.10023482219281453,-0.05319182757304095,62,82
625,36,False,False,True,upper_bound_with_inhaler,-0.10023482219281453,-0.05319182757304095,62,83
625,36,True,False,False,one_hot,0.13704907012545578,0.1370490701254557,62,84
625,36,True,False,False,lower_bound,0.0686508563113303,-0.03686583540462837,62,85
625,36,True,False,False,midpoint,0.0686508563113303,-0.018273050774161595,62,86
625,36,True,False,False,midpoint_with_inhaler,0.0686508563113303,-0.018273050774161595,62,87
625,36,True,False,False,upper_bound,0.0686508563113303,-0.006323481879579385,62,88
625,36,True,False,False,upper_bound_with_inhaler,0.0686508563113303,-0.006323481879579385,62,89
625,36,True,False,True,one_hot,0.13704907012545578,0.1370490701254557,62,90
625,36,True,False,True,lower_bound,0.0686508563113303,-0.03686583540462837,62,91
625,36,True,False,True,midpoint,0.0686508563113303,-0.018273050774161595,62,92
625,36,True,False,True,midpoint_with_inhaler,0.0686508563113303,-0.018273050774161595,62,93
625,36,True,False,True,upper_bound,0.0686508563113303,-0.006323481879579385,62,94
625,36,True,False,True,upper_bound_with_inhaler,0.0686508563113303,-0.006323481879579385,62,95
625,48,False,False,False,one_hot,0.04925508905855635,0.04925508905855636,62,96
625,48,False,False,False,lower_bound,0.18808818058461543,0.20451018268306118,62,97
625,48,False,False,False,midpoint,0.18808818058461543,0.19804233894935871,62,98
625,48,False,False,False,midpoint_with_inhaler,0.18808818058461543,0.19804233894935871,62,99
625,48,False,False,False,upper_bound,0.18808818058461543,0.18756055674716782,62,100
625,48,False,False,False,upper_bound_with_inhaler,0.18808818058461543,0.18756055674716782,62,101
625,48,False,False,True,one_hot,0.04925508905855635,0.04925508905855636,62,102
625,48,False,False,True,lower_bound,0.18808818058461543,0.20451018268306118,62,103
625,48,False,False,True,midpoint,0.18808818058461543,0.19804233894935871,62,104
625,48,False,False,True,midpoint_with_inhaler,0.18808818058461543,0.19804233894935871,62,105
625,48,False,False,True,upper_bound,0.18808818058461543,0.18756055674716782,62,106
625,48,False,False,True,upper_bound_with_inhaler,0.18808818058461543,0.18756055674716782,62,107
625,48,False,True,False,one_hot,0.1149140530768739,0.11491405307687387,62,108
625,48,False,True,False,lower_bound,0.22031521207249896,0.24809310782886795,62,109
625,48,False,True,False,midpoint,0.22031521207249896,0.23792044553470224,62,110
625,48,False,True,False,midpoint_with_inhaler,0.22031521207249896,0.23792044553470224,62,111
625,48,False,True,False,upper_bound,0.22031521207249896,0.22441010405188486,62,112
625,48,False,True,False,upper_bound_with_inhaler,0.22031521207249896,0.22441010405188486,62,113
625,48,False,True,True,one_hot,0.1149140530768739,0.11491405307687387,62,114
625,48,False,True,True,lower_bound,0.22031521207249896,0.24809310782886795,62,115
625,48,False,True,True,midpoint,0.22031521207249896,0.23792044553470224,62,116
625,48,False,True,True,midpoint_with_inhaler,0.22031521207249896,0.23792044553470224,62,117
625,48,False,True,True,upper_bound,0.22031521207249896,0.22441010405188486,62,118
625,48,False,True,True,upper_bound_with_inhaler,0.22031521207249896,0.22441010405188486,62,119
625,48,True,False,False,one_hot,3.469446951953614e-18,3.469446951953614e-18,62,120
625,48,True,False,False,lower_bound,-0.0282505110314459,-0.03736557790650752,62,121
625,48,True,False,False,midpoint,-0.0282505110314459,-0.03396731116252225,62,122
625,48,True,False,False,midpoint_with_inhaler,-0.0282505110314459,-0.03396731116252225,62,123
625,48,True,False,False,upper_bound,-0.0282505110314459,-0.03052382728864413,62,124
625,48,True,False,False,upper_bound_with_inhaler,-0.0282505110314459,-0.03052382728864413,62,125
625,48,True,False,True,one_hot,3.469446951953614e-18,3.469446951953614e-18,62,126
625,48,True,False,True,lower_bound,-0.0282505110314459,-0.03736557790650752,62,127
625,48,True,False,True,midpoint,-0.0282505110314459,-0.03396731116252225,62,128
625,48,True,False,True,midpoint_with_inhaler,-0.0282505110314459,-0.03396731116252225,62,129
625,48,True,False,True,upper_bound,-0.0282505110314459,-0.03052382728864413,62,130
625,48,True,False,True,upper_bound_with_inhaler,-0.0282505110314459,-0.03052382728864413,62,131
701,12,False,False,False,one_hot,,,127,0
701,12,False,False,False,lower_bound,0.014035695789716753,-0.0009543268027052604,127,1
701,12,False,False,False,midpoint,0.014035695789716753,-0.013816114399791865,127,2
701,12,False,False,False,midpoint_with_inhaler,0.014035695789716753,-0.013816114399791865,127,3
701,12,False,False,False,upper_bound,0.014035695789716753,-0.01890863786531279,127,4
701,12,False,False,False,upper_bound_with_inhaler,0.014035695789716753,-0.01890863786531279,127,5
701,12,False,False,True,one_hot,,,127,6
701,12,False,False,True,lower_bound,0.014035695789716753,-0.0009543268027052604,127,7
701,12,False,False,True,midpoint,0.014035695789716753,-0.013816114399791865,127,8
701,12,False,False,True,midpoint_with_inhaler,0.014035695789716753,-0.013816114399791865,127,9
701,12,False,False,True,upper_bound,0.014035695789716753,-0.01890863786531279,127,10
701,12,False,False,True,upper_bound_with_inhaler,0.014035695789716753,-0.01890863786531279,127,11
701,12,False,True,False,one_hot,,,127,12
701,12,False,True,False,lower_bound,0.12928248459192876,0.10196670787447007,127,13
701,12,False,True,False,midpoint,0.12928248459192876,0.11826871030690123,127,14
701,12,False,True,False,midpoint_with_inhaler,0.12928248459192876,0.11826871030690123,127,15
701,12,False,True,False,upper_bound,0.12928248459192876,0.1264064272456144,127,16
701,12,False,True,False,upper_bound_with_inhaler,0.12928248459192876,0.1264064272456144,127,17
701,12,False,True,True,one_hot,,,127,18
701,12,False,True,True,lower_bound,0.12928248459192876,0.10196670787447007,127,19
701,12,False,True,True,midpoint,0.12928248459192876,0.11826871030690123,127,20
701,12,False,True,True,midpoint_with_inhaler,0.12928248459192876,0.11826871030690123,127,21
701,12,False,True,True,upper_bound,0.12928248459192876,0.1264064272456144,127,22
701,12,False,True,True,upper_bound_with_inhaler,0.12928248459192876,0.1264064272456144,127,23
701,12,True,False,False,one_hot,,,127,24
701,12,True,False,False,lower_bound,0.11324637166127614,0.10250916712489898,127,25
701,12,True,False,False,midpoint,0.11324637166127614,0.12040351705965059,127,26
701,12,True,False,False,midpoint_with_inhaler,0.11324637166127614,0.12040351705965059,127,27
701,12,True,False,False,upper_bound,0.11324637166127614,0.12913431981911933,127,28
701,12,True,False,False,upper_bound_with_inhaler,0.11324637166127614,0.12913431981911933,127,29
701,12,True,False,True,one_hot,,,127,30
701,12,True,False,True,lower_bound,0.11324637166127614,0.10250916712489898,127,31
701,12,True,False,True,midpoint,0.11324637166127614,0.12040351705965059,127,32
701,12,True,False,True,midpoint_with_inhaler,0.11324637166127614,0.12040351705965059,127,33
701,12,True,False,True,upper_bound,0.11324637166127614,0.12913431981911933,127,34
701,12,True,False,True,upper_bound_with_inhaler,0.11324637166127614,0.12913431981911933,127,35
701,24,False,False,False,one_hot,,,127,36
701,24,False,False,False,lower_bound,0.06734669989890041,-0.025262684753374544,127,37
701,24,False,False,False,midpoint,0.06734669989890041,0.0205621058901763,127,38
701,24,False,False,False,midpoint_with_inhaler,0.06734669989890041,0.0205621058901763,127,39
701,24,False,False,False,upper_bound,0.06734669989890041,0.050991582044727236,127,40
701,24,False,False,False,upper_bound_with_inhaler,0.06734669989890041,0.050991582044727236,127,41
701,24,False,False,True,one_hot,,,127,42
701,24,False,False,True,lower_bound,0.06734669989890041,-0.025262684753374544,127,43
701,24,False,False,True,midpoint,0.06734669989890041,0.0205621058901763,127,44
701,24,False,False,True,midpoint_with_inhaler,0.06734669989890041,0.0205621058901763,127,45
701,24,False,False,True,upper_bound,0.06734669989890041,0.050991582044727236,127,46
701,24,False,False,True,upper_bound_with_inhaler,0.06734669989890041,0.050991582044727236,127,47
701,24,False,True,False,one_hot,,,127,48
701,24,False,True,False,lower_bound,-0.051295451501704774,-0.05067193365857224,127,49
701,24,False,True,False,midpoint,-0.051295451501704774,-0.04385874510656451,127,50
701,24,False,True,False,midpoint_with_inhaler,-0.051295451501704774,-0.04385874510656451,127,51
701,24,False,True,False,upper_bound,-0.051295451501704774,-0.03758623599009121,127,52
701,24,False,True,False,upper_bound_with_inhaler,-0.051295451501704774,-0.03758623599009121,127,53
701,24,False,True,True,one_hot,,,127,54
701,24,False,True,True,lower_bound,-0.051295451501704774,-0.05067193365857224,127,55
701,24,False,True,True,midpoint,-0.051295451501704774,-0.04385874510656451,127,56
701,24,False,True,True,midpoint_with_inhaler,-0.051295451501704774,-0.04385874510656451,127,57
701,24,False,True,True,upper_bound,-0.051295451501704774,-0.03758623599009121,127,58
701,24,False,True,True,upper_bound_with_inhaler,-0.051295451501704774,-0.03758623599009121,127,59
701,24,True,False,False,one_hot,,,127,60
701,24,True,False,False,lower_bound,0.16077247927713217,0.08102331273375474,127,61
701,24,True,False,False,midpoint,0.16077247927713217,0.10704207682636635,127,62
701,24,True,False,False,midpoint_with_inhaler,0.16077247927713217,0.10704207682636635,127,63
701,24,True,False,False,upper_bound,0.16077247927713217,0.12146096766476377,127,64
701,24,True,False,False,upper_bound_with_inhaler,0.16077247927713217,0.12146096766476377,127,65
701,24,True,False,True,one_hot,,,127,66
701,24,True,False,True,lower_bound,0.16077247927713217,0.08102331273375474,127,67
701,24,True,False,True,midpoint,0.16077247927713217,0.10704207682636635,127,68
701,24,True,False,True,midpoint_with_inhaler,0.16077247927713217,0.10704207682636635,127,69
701,24,True,False,True,upper_bound,0.16077247927713217,0.12146096766476377,127,70
701,24,True,False,True,upper_bound_with_inhaler,0.16077247927713217,0.12146096766476377,127,71
701,36,False,False,False,one_hot,,,127,72
701,36,False,False,False,lower_bound,0.06949434503238827,0.06127226238082187,127,73
701,36,False,False,False,midpoint,0.06949434503238827,0.0605625751073006,127,74
701,36,False,False,False,midpoint_with_inhaler,0.06949434503238827,0.0605625751073006,127,75
701,36,False,False,False,upper_bound,0.06949434503238827,0.05863204453565713,127,76
701,36,False,False,False,upper_bound_with_inhaler,0.06949434503238827,0.05863204453565713,127,77
701,36,False,False,True,one_hot,,,127,78
701,36,False,False,True,lower_bound,0.06949434503238827,0.06127226238082187,127,79
701,36,False,False,True,midpoint,0.06949434503238827,0.0605625751073006,127,80
701,36,False,False,True,midpoint_with_inhaler,0.06949434503238827,0.0605625751073006,127,81
701,36,False,False,True,upper_bound,0.06949434503238827,0.05863204453565713,127,82
701,36,False,False,True,upper_bound_with_inhaler,0.06949434503238827,0.05863204453565713,127,83
701,36,True,False,False,one_hot,,,127,84
701,36,True,False,False,lower_bound,-0.06318799268947185,-0.047755934060960334,127,85
701,36,True,False,False,midpoint,-0.06318799268947185,-0.046727435296625826,127,86
701,36,True,False,False,midpoint_with_inhaler,-0.06318799268947185,-0.046727435296625826,127,87
701,36,True,False,False,upper_bound,-0.06318799268947185,-0.04212483416607945,127,88
701,36,True,False,False,upper_bound_with_inhaler,-0.06318799268947185,-0.04212483416607945,127,89
701,36,True,False,True,one_hot,,,127,90
701,36,True,False,True,lower_bound,-0.06318799268947185,-0.047755934060960334,127,91
701,36,True,False,True,midpoint,-0.06318799268947185,-0.046727435296625826,127,92
701,36,True,False,True,midpoint_with_inhaler,-0.06318799268947185,-0.046727435296625826,127,93
701,36,True,False,True,upper_bound,-0.06318799268947185,-0.04212483416607945,127,94
701,36,True,False,True,upper_bound_with_inhaler,-0.06318799268947185,-0.04212483416607945,127,95
701,48,False,False,False,one_hot,,,127,96
701,48,False,False,False,lower_bound,-0.06619770159254838,-0.07935991945999649,127,97
701,48,False,False,False,midpoint,-0.06619770159254838,-0.08558564471632872,127,98
701,48,False,False,False,midpoint_with_inhaler,-0.06619770159254838,-0.08558564471632872,127,99
701,48,False,False,False,upper_bound,-0.06619770159254838,-0.0885121314138261,127,100
701,48,False,False,False,upper_bound_with_inhaler,-0.06619770159254838,-0.0885121314138261,127,101
701,48,False,False,True,one_hot,,,127,102
701,48,False,False,True,lower_bound,-0.06619770159254838,-0.07935991945999649,127,103
701,48,False,False,True,midpoint,-0.06619770159254838,-0.08558564471632872,127,104
701,48,False,False,True,midpoint_with_inhaler,-0.06619770159254838,-0.08558564471632872,127,105
701,48,False,False,True,upper_bound,-0.06619770159254838,-0.0885121314138261,127,106
701,48,False,False,True,upper_bound_with_inhaler,-0.06619770159254838,-0.0885121314138261,127,107
701,48,False,True,False,one_hot,,,127,108
701,48,False,True,False,lower_bound,-0.03221010468309624,0.01735618456582013,127,109
701,48,False,True,False,midpoint,-0.03221010468309624,0.026714145755462382,127,110
701,48,False,True,False,midpoint_with_inhaler,-0.03221010468309624,0.026714145755462382,127,111
701,48,False,True,False,upper_bound,-0.03221010468309624,0.03195842146251337,127,112
701,48,False,True,False,upper_bound_with_inhaler,-0.03221010468309624,0.03195842146251337,127,113
701,48,False,True,True,one_hot,,,127,114
701,48,False,True,True,lower_bound,-0.03221010468309624,0.01735618456582013,127,115
701,48,False,True,True,midpoint,-0.03221010468309624,0.026714145755462382,127,116
701,48,False,True,True,midpoint_with_inhaler,-0.03221010468309624,0.026714145755462382,127,117
701,48,False,True,True,upper_bound,-0.03221010468309624,0.03195842146251337,127,118
701,48,False,True,True,upper_bound_with_inhaler,-0.03221010468309624,0.03195842146251337,127,119
701,48,True,False,False,one_hot,,,127,120
701,48,True,False,False,lower_bound,-0.21213501158938639,-0.1913962344706401,127,121
701,48,True,False,False,midpoint,-0.21213501158938639,-0.18943202097149614,127,122
701,48,True,False,False,midpoint_with_inhaler,-0.21213501158938639,-0.18943202097149614,127,123
701,48,True,False,False,upper_bound,-0.21213501158938639,-0.18103113289695946,127,124
701,48,True,False,False,upper_bound_with_inhaler,-0.21213501158938639,-0.18103113289695946,127,125
701,48,True,False,True,one_hot,,,127,126
701,48,True,False,True,lower_bound,-0.21213501158938639,-0.1913962344706401,127,127
701,48,True,False,True,midpoint,-0.21213501158938639,-0.18943202097149614,127,128
701,48,True,False,True,midpoint_with_inhaler,-0.21213501158938639,-0.18943202097149614,127,129
701,48,True,False,True,upper_bound,-0.21213501158938639,-0.18103113289695946,127,130
701,48,True,False,True,upper_bound_with_inhaler,-0.21213501158938639,-0.18103113289695946,127,131
702,12,False,False,False,one_hot,0.6313957335477233,0.6313957335477235,124,0
702,12,False,False,False,lower_bound,0.6716146730396441,0.9581823411896795,124,1
702,12,False,False,False,midpoint,0.6716146730396441,0.870426595244691,124,2
702,12,False,False,False,midpoint_with_inhaler,0.6716146730396441,0.870426595244691,124,3
702,12,False,False,False,upper_bound,0.6716146730396441,0.813548708090516,124,4
702,12,False,False,False,upper_bound_with_inhaler,0.6716146730396441,0.813548708090516,124,5
702,12,False,False,True,one_hot,0.6313957335477233,0.6313957335477235,124,6
702,12,False,False,True,lower_bound,0.6716146730396441,0.9581823411896795,124,7
702,12,False,False,True,midpoint,0.6716146730396441,0.870426595244691,124,8
702,12,False,False,True,midpoint_with_inhaler,0.6716146730396441,0.870426595244691,124,9
702,12,False,False,True,upper_bound,0.6716146730396441,0.813548708090516,124,10
702,12,False,False,True,upper_bound_with_inhaler,0.6716146730396441,0.813548708090516,124,11
702,12,False,True,False,one_hot,0.2742866147181105,0.2742866147181105,124,12
702,12,False,True,False,lower_bound,0.367824814915885,0.5360604810599281,124,13
702,12,False,True,False,midpoint,0.367824814915885,0.5098158980731015,124,14
702,12,False,True,False,midpoint_with_inhaler,0.367824814915885,0.5098158980731015,124,15
702,12,False,True,False,upper_bound,0.367824814915885,0.4870053260947497,124,16
702,12,False,True,False,upper_bound_with_inhaler,0.367824814915885,0.4870053260947497,124,17
702,12,False,True,True,one_hot,0.2742866147181105,0.2742866147181105,124,18
702,12,False,True,True,lower_bound,0.367824814915885,0.5360604810599281,124,19
702,12,False,True,True,midpoint,0.367824814915885,0.5098158980731015,124,20
702,12,False,True,True,midpoint_with_inhaler,0.367824814915885,0.5098158980731015,124,21
702,12,False,True,True,upper_bound,0.367824814915885,0.4870053260947497,124,22
702,12,False,True,True,upper_bound_with_inhaler,0.367824814915885,0.4870053260947497,124,23
702,12,True,False,False,one_hot,0.44580326154077,0.4458032615407699,124,24
702,12,True,False,False,lower_bound,0.534046787755979,0.835869562101848,124,25
702,12,True,False,False,midpoint,0.534046787755979,0.8193016923655434,124,26
702,12,True,False,False,midpoint_with_inhaler,0.534046787755979,0.8193016923655434,124,27
702,12,True,False,False,upper_bound,0.534046787755979,0.8011542710721582,124,28
702,12,True,False,False,upper_bound_with_inhaler,0.534046787755979,0.8011542710721582,124,29
702,12,True,False,True,one_hot,0.44580326154077,0.4458032615407699,124,30
702,12,True,False,True,lower_bound,0.534046787755979,0.835869562101848,124,31
702,12,True,False,True,midpoint,0.534046787755979,0.8193016923655434,124,32
702,12,True,False,True,midpoint_with_inhaler,0.534046787755979,0.8193016923655434,124,33
702,12,True,False,True,upper_bound,0.534046787755979,0.8011542710721582,124,34
702,12,True,False,True,upper_bound_with_inhaler,0.534046787755979,0.8011542710721582,124,35
702,24,False,False,False,one_hot,0.5200338534288844,0.5200338534288844,124,36
702,24,False,False,False,lower_bound,0.6205486949843222,1.0155706568327663,124,37
702,24,False,False,False,midpoint,0.6205486949843222,0.9698886666474714,124,38
702,24,False,False,False,midpoint_with_inhaler,0.6205486949843222,0.9698886666474714,124,39
702,24,False,False,False,upper_bound,0.6205486949843222,0.9304623073740451,124,40
702,24,False,False,False,upper_bound_with_inhaler,0.6205486949843222,0.9304623073740451,124,41
702,24,False,False,True,one_hot,0.5200338534288844,0.5200338534288844,124,42
702,24,False,False,True,lower_bound,0.6205486949843222,1.0155706568327663,124,43
702,24,False,False,True,midpoint,0.6205486949843222,0.9698886666474714,124,44
702,24,False,False,True,midpoint_with_inhaler,0.6205486949843222,0.9698886666474714,124,45
702,24,False,False,True,upper_bound,0.6205486949843222,0.9304623073740451,124,46
702,24,False,False,True,upper_bound_with_inhaler,0.6205486949843222,0.9304623073740451,124,47
702,24,False,True,False,one_hot,0.48646586140840864,0.48646586140840864,124,48
702,24,False,True,False,lower_bound,0.5703941304979753,0.9451415065760436,124,49
702,24,False,True,False,midpoint,0.5703941304979753,0.9011501765553177,124,50
702,24,False,True,False,midpoint_with_inhaler,0.5703941304979753,0.9011501765553177,124,51
702,24,False,True,False,upper_bound,0.5703941304979753,0.8659219198184631,124,52
702,24,False,True,False,upper_bound_with_inhaler,0.5703941304979753,0.8659219198184631,124,53
702,24,False,True,True,one_hot,0.48646586140840864,0.48646586140840864,124,54
702,24,False,True,True,lower_bound,0.5703941304979753,0.9451415065760436,124,55
702,24,False,True,True,midpoint,0.5703941304979753,0.9011501765553177,124,56
702,24,False,True,True,midpoint_with_inhaler,0.5703941304979753,0.9011501765553177,124,57
702,24,False,True,True,upper_bound,0.5703941304979753,0.8659219198184631,124,58
702,24,False,True,True,upper_bound_with_inhaler,0.5703941304979753,0.8659219198184631,124,59
702,24,True,False,False,one_hot,0.4562025380693694,0.4562025380693694,124,60
702,24,True,False,False,lower_bound,0.5772356941039908,1.0453692673854353,124,61
702,24,True,False,False,midpoint,0.5772356941039908,0.9669442944856255,124,62
702,24,True,False,False,midpoint_with_inhaler,0.5772356941039908,0.9669442944856255,124,63
702,24,True,False,False,upper_bound,0.5772356941039908,0.9103279722884445,124,64
702,24,True,False,False,upper_bound_with_inhaler,0.5772356941039908,0.9103279722884445,124,65
702,24,True,False,True,one_hot,0.4562025380693694,0.4562025380693694,124,66
702,24,True,False,True,lower_bound,0.5772356941039908,1.0453692673854353,124,67
702,24,True,False,True,midpoint,0.5772356941039908,0.9669442944856255,124,68
702,24,True,False,True,midpoint_with_inhaler,0.5772356941039908,0.9669442944856255,124,69
702,24,True,False,True,upper_bound,0.5772356941039908,0.9103279722884445,124,70
702,24,True,False,True,upper_bound_with_inhaler,0.5772356941039908,0.9103279722884445,124,71
702,36,False,False,False,one_hot,0.3915294405921367,0.3915294405921367,124,72
702,36,False,False,False,lower_bound,0.5642045140843219,1.077785040436446,124,73
702,36,False,False,False,midpoint,0.5642045140843219,1.0394102719497025,124,74
702,36,False,False,False,midpoint_with_inhaler,0.5642045140843219,1.0394102719497025,124,75
702,36,False,False,False,upper_bound,0.5642045140843219,0.997699622416098,124,76
702,36,False,False,False,upper_bound_with_inhaler,0.5642045140843219,0.997699622416098,124,77
702,36,False,False,True,one_hot,0.3915294405921367,0.3915294405921367,124,78
702,36,False,False,True,lower_bound,0.5642045140843219,1.077785040436446,124,79
702,36,False,False,True,midpoint,0.5642045140843219,1.0394102719497025,124,80
702,36,False,False,True,midpoint_with_inhaler,0.5642045140843219,1.0394102719497025,124,81
702,36,False,False,True,upper_bound,0.5642045140843219,0.997699622416098,124,82
702,36,False,False,True,upper_bound_with_inhaler,0.5642045140843219,0.997699622416098,124,83
702,36,True,False,False,one_hot,0.5585240047482365,0.5585240047482365,124,84
702,36,True,False,False,lower_bound,0.6113898375509089,0.8093612216800465,124,85
702,36,True,False,False,midpoint,0.6113898375509089,0.7726349954602326,124,86
702,36,True,False,False,midpoint_with_inhaler,0.6113898375509089,0.7726349954602326,124,87
702,36,True,False,False,upper_bound,0.6113898375509089,0.7399989750770952,124,88
702,36,True,False,False,upper_bound_with_inhaler,0.6113898375509089,0.7399989750770952,124,89
702,36,True,False,True,one_hot,0.5585240047482365,0.5585240047482365,124,90
702,36,True,False,True,lower_bound,0.6113898375509089,0.8093612216800465,124,91
702,36,True,False,True,midpoint,0.6113898375509089,0.7726349954602326,124,92
702,36,True,False,True,midpoint_with_inhaler,0.6113898375509089,0.7726349954602326,124,93
702,36,True,False,True,upper_bound,0.6113898375509089,0.7399989750770952,124,94
702,36,True,False,True,upper_bound_with_inhaler,0.6113898375509089,0.7399989750770952,124,95
702,48,False,False,False,one_hot,0.3335593116226918,0.3335593116226918,124,96
702,48,False,False,False,lower_bound,0.5590155219901397,1.0906538898477058,124,97
702,48,False,False,False,midpoint,0.5590155219901397,1.0422940456304906,124,98
702,48,False,False,False,midpoint_with_inhaler,0.5590155219901397,1.0422940456304906,124,99
702,48,False,False,False,upper_bound,0.5590155219901397,0.9943233458760192,124,100
702,48,False,False,False,upper_bound_with_inhaler,0.5590155219901397,0.9943233458760192,124,101
702,48,False,False,True,one_hot,0.3335593116226918,0.3335593116226918,124,102
702,48,False,False,True,lower_bound,0.5590155219901397,1.0906538898477058,124,103
702,48,False,False,True,midpoint,0.5590155219901397,1.0422940456304906,124,104
702,48,False,False,True,midpoint_with_inhaler,0.5590155219901397,1.0422940456304906,124,105
702,48,False,False,True,upper_bound,0.5590155219901397,0.9943233458760192,124,106
702,48,False,False,True,upper_bound_with_inhaler,0.5590155219901397,0.9943233458760192,124,107
702,48,False,True,False,one_hot,0.14659896128990946,0.14659896128990946,124,108
702,48,False,True,False,lower_bound,0.22221333687129383,0.4516494404495074,124,109
702,48,False,True,False,midpoint,0.22221333687129383,0.425344017951882,124,110
702,48,False,True,False,midpoint_with_inhaler,0.22221333687129383,0.425344017951882,124,111
702,48,False,True,False,upper_bound,0.22221333687129383,0.40209647708350743,124,112
702,48,False,True,False,upper_bound_with_inhaler,0.22221333687129383,0.40209647708350743,124,113
702,48,False,True,True,one_hot,0.14659896128990946,0.14659896128990946,124,114
702,48,False,True,True,lower_bound,0.22221333687129383,0.4516494404495074,124,115
702,48,False,True,True,midpoint,0.22221333687129383,0.425344017951882,124,116
702,48,False,True,True,midpoint_with_inhaler,0.22221333687129383,0.425344017951882,124,117
702,48,False,True,True,upper_bound,0.22221333687129383,0.40209647708350743,124,118
702,48,False,True,True,upper_bound_with_inhaler,0.22221333687129383,0.40209647708350743,124,119
702,48,True,False,False,one_hot,0.3780284929822508,0.37802849298225083,124,120
702,48,True,False,False,lower_bound,0.4302462869814329,0.6024075141647725,124,121
702,48,True,False,False,midpoint,0.4302462869814329,0.5780780061445723,124,122
702,48,True,False,False,midpoint_with_inhaler,0.4302462869814329,0.5780780061445723,124,123
702,48,True,False,False,upper_bound,0.4302462869814329,0.5565249367017526,124,124
702,48,True,False,False,upper_bound_with_inhaler,0.4302462869814329,0.5565249367017526,124,125
702,48,True,False,True,one_hot,0.3780284929822508,0.37802849298225083,124,126
702,48,True,False,True,lower_bound,0.4302462869814329,0.6024075141647725,124,127
702,48,True,False,True,midpoint,0.4302462869814329,0.5780780061445723,124,128
702,48,True,False,True,midpoint_with_inhaler,0.4302462869814329,0.5780780061445723,124,129
702,48,True,False,True,upper_bound,0.4302462869814329,0.5565249367017526,124,130
702,48,True,False,True,upper_bound_with_inhaler,0.4302462869814329,0.5565249367017526,124,131
917,12,False,False,False,one_hot,0.6894278330666723,0.6894278330666723,9,0
917,12,False,False,False,lower_bound,0.8332341464454481,1.0095852860300658,9,1
917,12,False,False,False,midpoint,0.8332341464454481,1.0955050625838174,9,2
917,12,False,False,False,midpoint_with_inhaler,0.8332341464454481,1.0955050625838174,9,3
917,12,False,False,False,upper_bound,0.8332341464454481,1.1275023745613129,9,4
917,12,False,False,False,upper_bound_with_inhaler,0.8332341464454481,1.1275023745613129,9,5
917,12,False,False,True,one_hot,0.6894278330666723,0.6894278330666723,9,6
917,12,False,False,True,lower_bound,0.8332341464454481,1.0095852860300658,9,7
917,12,False,False,True,midpoint,0.8332341464454481,1.0955050625838174,9,8
917,12,False,False,True,midpoint_with_inhaler,0.8332341464454481,1.0955050625838174,9,9
917,12,False,False,True,upper_bound,0.8332341464454481,1.1275023745613129,9,10
917,12,False,False,True,upper_bound_with_inhaler,0.8332341464454481,1.1275023745613129,9,11
917,12,False,True,False,one_hot,,,9,12
917,12,False,True,False,lower_bound,0.807581527321419,0.8573950133068088,9,13
917,12,False,True,False,midpoint,0.807581527321419,0.8515301877222653,9,14
917,12,False,True,False,midpoint_with_inhaler,0.807581527321419,0.8515301877222653,9,15
917,12,False,True,False,upper_bound,0.807581527321419,0.8249814744299925,9,16
917,12,False,True,False,upper_bound_with_inhaler,0.807581527321419,0.8249814744299925,9,17
917,12,False,True,True,one_hot,,,9,18
917,12,False,True,True,lower_bound,0.807581527321419,0.8573950133068088,9,19
917,12,False,True,True,midpoint,0.807581527321419,0.8515301877222653,9,20
917,12,False,True,True,midpoint_with_inhaler,0.807581527321419,0.8515301877222653,9,21
917,12,False,True,True,upper_bound,0.807581527321419,0.8249814744299925,9,22
917,12,False,True,True,upper_bound_with_inhaler,0.807581527321419,0.8249814744299925,9,23
917,12,True,False,False,one_hot,0.4180480042601457,0.4180480042601458,9,24
917,12,True,False,False,lower_bound,0.33977423755809383,0.45455991335939205,9,25
917,12,True,False,False,midpoint,0.33977423755809383,0.4597007968322808,9,26
917,12,True,False,False,midpoint_with_inhaler,0.33977423755809383,0.4597007968322808,9,27
917,12,True,False,False,upper_bound,0.33977423755809383,0.4537383437036644,9,28
917,12,True,False,False,upper_bound_with_inhaler,0.33977423755809383,0.4537383437036644,9,29
917,12,True,False,True,one_hot,0.4180480042601457,0.4180480042601458,9,30
917,12,True,False,True,lower_bound,0.33977423755809383,0.45455991335939205,9,31
917,12,True,False,True,midpoint,0.33977423755809383,0.4597007968322808,9,32
917,12,True,False,True,midpoint_with_inhaler,0.33977423755809383,0.4597007968322808,9,33
917,12,True,False,True,upper_bound,0.33977423755809383,0.4537383437036644,9,34
917,12,True,False,True,upper_bound_with_inhaler,0.33977423755809383,0.4537383437036644,9,35
917,24,False,False,False,one_hot,,,9,36
917,24,False,False,False,lower_bound,0.9892501575070223,0.8888030390594612,9,37
917,24,False,False,False,midpoint,0.9892501575070223,0.8390271335787783,9,38
917,24,False,False,False,midpoint_with_inhaler,0.9892501575070223,0.8390271335787783,9,39
917,24,False,False,False,upper_bound,0.9892501575070223,0.7881781694803153,9,40
917,24,False,False,False,upper_bound_with_inhaler,0.9892501575070223,0.7881781694803153,9,41
917,24,False,False,True,one_hot,,,9,42
917,24,False,False,True,lower_bound,0.9892501575070223,0.8888030390594612,9,43
917,24,False,False,True,midpoint,0.9892501575070223,0.8390271335787783,9,44
917,24,False,False,True,midpoint_with_inhaler,0.9892501575070223,0.8390271335787783,9,45
917,24,False,False,True,upper_bound,0.9892501575070223,0.7881781694803153,9,46
917,24,False,False,True,upper_bound_with_inhaler,0.9892501575070223,0.7881781694803153,9,47
917,24,False,True,False,one_hot,,,9,48
917,24,False,True,False,lower_bound,0.456669378924428,0.7234772726861066,9,49
917,24,False,True,False,midpoint,0.456669378924428,0.8251210691052944,9,50
917,24,False,True,False,midpoint_with_inhaler,0.456669378924428,0.8251210691052944,9,51
917,24,False,True,False,upper_bound,0.456669378924428,0.8772202103460803,9,52
917,24,False,True,False,upper_bound_with_inhaler,0.456669378924428,0.8772202103460803,9,53
917,24,False,True,True,one_hot,,,9,54
917,24,False,True,True,lower_bound,0.456669378924428,0.7234772726861066,9,55
917,24,False,True,True,midpoint,0.456669378924428,0.8251210691052944,9,56
917,24,False,True,True,midpoint_with_inhaler,0.456669378924428,0.8251210691052944,9,57
917,24,False,True,True,upper_bound,0.456669378924428,0.8772202103460803,9,58
917,24,False,True,True,upper_bound_with_inhaler,0.456669378924428,0.8772202103460803,9,59
917,24,True,False,False,one_hot,0.4180480042601458,0.4180480042601458,9,60
917,24,True,False,False,lower_bound,0.654649199536041,0.705949558221625,9,61
917,24,True,False,False,midpoint,0.654649199536041,0.7347934632151959,9,62
917,24,True,False,False,midpoint_with_inhaler,0.654649199536041,0.7347934632151959,9,63
917,24,True,False,False,upper_bound,0.654649199536041,0.7372734534921918,9,64
917,24,True,False,False,upper_bound_with_inhaler,0.654649199536041,0.7372734534921918,9,65
917,24,True,False,True,one_hot,0.4180480042601458,0.4180480042601458,9,66
917,24,True,False,True,lower_bound,0.654649199536041,0.705949558221625,9,67
917,24,True,False,True,midpoint,0.654649199536041,0.7347934632151959,9,68
917,24,True,False,True,midpoint_with_inhaler,0.654649199536041,0.7347934632151959,9,69
917,24,True,False,True,upper_bound,0.654649199536041,0.7372734534921918,9,70
917,24,True,False,True,upper_bound_with_inhaler,0.654649199536041,0.7372734534921918,9,71
917,36,False,False,False,one_hot,,,9,72
917,36,False,False,False,lower_bound,0.8544675592963211,1.213051415169113,9,73
917,36,False,False,False,midpoint,0.8544675592963211,1.1148793017572889,9,74
917,36,False,False,False,midpoint_with_inhaler,0.8544675592963211,1.1148793017572889,9,75
917,36,False,False,False,upper_bound,0.8544675592963211,1.034100214067405,9,76
917,36,False,False,False,upper_bound_with_inhaler,0.8544675592963211,1.034100214067405,9,77
917,36,False,False,True,one_hot,,,9,78
917,36,False,False,True,lower_bound,0.8544675592963211,1.213051415169113,9,79
917,36,False,False,True,midpoint,0.8544675592963211,1.1148793017572889,9,80
917,36,False,False,True,midpoint_with_inhaler,0.8544675592963211,1.1148793017572889,9,81
917,36,False,False,True,upper_bound,0.8544675592963211,1.034100214067405,9,82
917,36,False,False,True,upper_bound_with_inhaler,0.8544675592963211,1.034100214067405,9,83
917,36,True,False,False,one_hot,,,9,84
917,36,True,False,False,lower_bound,0.6193385540026239,0.7600733609736756,9,85
917,36,True,False,False,midpoint,0.6193385540026239,0.7195370556430452,9,86
917,36,True,False,False,midpoint_with_inhaler,0.6193385540026239,0.7195370556430452,9,87
917,36,True,False,False,upper_bound,0.6193385540026239,0.689427833066672,9,88
917,36,True,False,False,upper_bound_with_inhaler,0.6193385540026239,0.689427833066672,9,89
917,36,True,False,True,one_hot,,,9,90
917,36,True,False,True,lower_bound,0.6193385540026239,0.7600733609736756,9,91
917,36,True,False,True,midpoint,0.6193385540026239,0.7195370556430452,9,92
917,36,True,False,True,midpoint_with_inhaler,0.6193385540026239,0.7195370556430452,9,93
917,36,True,False,True,upper_bound,0.6193385540026239,0.689427833066672,9,94
917,36,True,False,True,upper_bound_with_inhaler,0.6193385540026239,0.689427833066672,9,95
917,48,False,False,False,one_hot,,,9,96
917,48,False,False,False,lower_bound,0.34834350363253475,0.8787296945223683,9,97
917,48,False,False,False,midpoint,0.34834350363253475,0.7294136232037484,9,98
917,48,False,False,False,midpoint_with_inhaler,0.34834350363253475,0.7705151842694534,9,99
917,48,False,False,False,upper_bound,0.34834350363253475,0.5832174425034354,9,100
917,48,False,False,False,upper_bound_with_inhaler,0.34834350363253475,0.6338334611627332,9,101
917,48,False,False,True,one_hot,,,9,102
917,48,False,False,True,lower_bound,0.34834350363253475,0.8787296945223683,9,103
917,48,False,False,True,midpoint,0.34834350363253475,0.7294136232037484,9,104
917,48,False,False,True,midpoint_with_inhaler,0.34834350363253475,0.7705151842694534,9,105
917,48,False,False,True,upper_bound,0.34834350363253475,0.5832174425034354,9,106
917,48,False,False,True,upper_bound_with_inhaler,0.34834350363253475,0.6338334611627332,9,107
917,48,False,True,False,one_hot,,,9,108
917,48,False,True,False,lower_bound,0.4043418968387789,0.27776807920191626,9,109
917,48,False,True,False,midpoint,0.4043418968387789,0.17288741778140185,9,110
917,48,False,True,False,midpoint_with_inhaler,0.4043418968387789,0.17288741778140185,9,111
917,48,False,True,False,upper_bound,0.4043418968387789,0.09519357912288998,9,112
917,48,False,True,False,upper_bound_with_inhaler,0.4043418968387789,0.09519357912288998,9,113
917,48,False,True,True,one_hot,,,9,114
917,48,False,True,True,lower_bound,0.4043418968387789,0.27776807920191626,9,115
917,48,False,True,True,midpoint,0.4043418968387789,0.17288741778140185,9,116
917,48,False,True,True,midpoint_with_inhaler,0.4043418968387789,0.17288741778140185,9,117
917,48,False,True,True,upper_bound,0.4043418968387789,0.09519357912288998,9,118
917,48,False,True,True,upper_bound_with_inhaler,0.4043418968387789,0.09519357912288998,9,119
917,48,True,False,False,one_hot,,,9,120
917,48,True,False,False,lower_bound,0.8659798292163529,1.0799183416914502,9,121
917,48,True,False,False,midpoint,0.8659798292163529,1.1648315217126097,9,122
917,48,True,False,False,midpoint_with_inhaler,0.8659798292163529,1.1648315217126097,9,123
917,48,True,False,False,upper_bound,0.8659798292163529,1.1787193722810692,9,124
917,48,True,False,False,upper_bound_with_inhaler,0.8659798292163529,1.1787193722810692,9,125
917,48,True,False,True,one_hot,,,9,126
917,48,True,False,True,lower_bound,0.8659798292163529,1.0799183416914502,9,127
917,48,True,False,True,midpoint,0.8659798292163529,1.1648315217126097,9,128
917,48,True,False,True,midpoint_with_inhaler,0.8659798292163529,1.1648315217126097,9,129
917,48,True,False,True,upper_bound,0.8659798292163529,1.1787193722810692,9,130
917,48,True,False,True,upper_bound_with_inhaler,0.8659798292163529,1.1787193722810692,9,131
939,12,False,False,False,one_hot,-0.025543377460840844,-0.02554337746084085,158,0
939,12,False,False,False,lower_bound,0.25727584743635906,0.2875241166420966,158,1
939,12,False,False,False,midpoint,0.25727584743635906,0.25478578207634184,158,2
939,12,False,False,False,midpoint_with_inhaler,0.25727584743635906,0.25478578207634184,158,3
939,12,False,False,False,upper_bound,0.25727584743635906,0.22424130757391889,158,4
939,12,False,False,False,upper_bound_with_inhaler,0.25727584743635906,0.22424130757391889,158,5
939,12,False,False,True,one_hot,-0.025543377460840844,-0.02554337746084085,158,6
939,12,False,False,True,lower_bound,0.25727584743635906,0.2875241166420966,158,7
939,12,False,False,True,midpoint,0.25727584743635906,0.25478578207634184,158,8
939,12,False,False,True,midpoint_with_inhaler,0.25727584743635906,0.25478578207634184,158,9
939,12,False,False,True,upper_bound,0.25727584743635906,0.22424130757391889,158,10
939,12,False,False,True,upper_bound_with_inhaler,0.25727584743635906,0.22424130757391889,158,11
939,12,False,True,False,one_hot,,,158,12
939,12,False,True,False,lower_bound,0.3006060499201927,0.4161298220845091,158,13
939,12,False,True,False,midpoint,0.3006060499201927,0.39027239993843593,158,14
939,12,False,True,False,midpoint_with_inhaler,0.3006060499201927,0.39027239993843593,158,15
939,12,False,True,False,upper_bound,0.3006060499201927,0.36114402353076835,158,16
939,12,False,True,False,upper_bound_with_inhaler,0.3006060499201927,0.36114402353076835,158,17
939,12,False,True,True,one_hot,,,158,18
939,12,False,True,True,lower_bound,0.3006060499201927,0.4161298220845091,158,19
939,12,False,True,True,midpoint,0.3006060499201927,0.39027239993843593,158,20
939,12,False,True,True,midpoint_with_inhaler,0.3006060499201927,0.39027239993843593,158,21
939,12,False,True,True,upper_bound,0.3006060499201927,0.36114402353076835,158,22
939,12,False,True,True,upper_bound_with_inhaler,0.3006060499201927,0.36114402353076835,158,23
939,12,True,False,False,one_hot,,,158,24
939,12,True,False,False,lower_bound,0.27851396549637675,0.39577649552493005,158,25
939,12,True,False,False,midpoint,0.27851396549637675,0.35664976882257565,158,26
939,12,True,False,False,midpoint_with_inhaler,0.27851396549637675,0.35664976882257565,158,27
939,12,True,False,False,upper_bound,0.27851396549637675,0.3205813823506077,158,28
939,12,True,False,False,upper_bound_with_inhaler,0.27851396549637675,0.3205813823506077,158,29
939,12,True,False,True,one_hot,,,158,30
939,12,True,False,True,lower_bound,0.27851396549637675,0.39577649552493005,158,31
939,12,True,False,True,midpoint,0.27851396549637675,0.35664976882257565,158,32
939,12,True,False,True,midpoint_with_inhaler,0.27851396549637675,0.35664976882257565,158,33
939,12,True,False,True,upper_bound,0.27851396549637675,0.3205813823506077,158,34
939,12,True,False,True,upper_bound_with_inhaler,0.27851396549637675,0.3205813823506077,158,35
939,24,False,False,False,one_hot,,,158,36
939,24,False,False,False,lower_bound,0.4565169120883716,0.5070589606018575,158,37
939,24,False,False,False,midpoint,0.4565169120883716,0.49547196177309716,158,38
939,24,False,False,False,midpoint_with_inhaler,0.4565169120883716,0.49547196177309716,158,39
939,24,False,False,False,upper_bound,0.4565169120883716,0.47959430737361325,158,40
939,24,False,False,False,upper_bound_with_inhaler,0.4565169120883716,0.47959430737361325,158,41
939,24,False,False,True,one_hot,,,158,42
939,24,False,False,True,lower_bound,0.4565169120883716,0.5070589606018575,158,43
939,24,False,False,True,midpoint,0.4565169120883716,0.49547196177309716,158,44
939,24,False,False,True,midpoint_with_inhaler,0.4565169120883716,0.49547196177309716,158,45
939,24,False,False,True,upper_bound,0.4565169120883716,0.47959430737361325,158,46
939,24,False,False,True,upper_bound_with_inhaler,0.4565169120883716,0.47959430737361325,158,47
939,24,False,True,False,one_hot,,,158,48
939,24,False,True,False,lower_bound,0.43459700725247136,0.5153482384080148,158,49
939,24,False,True,False,midpoint,0.43459700725247136,0.5310632809429036,158,50
939,24,False,True,False,midpoint_with_inhaler,0.43459700725247136,0.5310632809429036,158,51
939,24,False,True,False,upper_bound,0.43459700725247136,0.5289564427246848,158,52
939,24,False,True,False,upper_bound_with_inhaler,0.43459700725247136,0.5289564427246848,158,53
939,24,False,True,True,one_hot,,,158,54
939,24,False,True,True,lower_bound,0.43459700725247136,0.5153482384080148,158,55
939,24,False,True,True,midpoint,0.43459700725247136,0.5310632809429036,158,56
939,24,False,True,True,midpoint_with_inhaler,0.43459700725247136,0.5310632809429036,158,57
939,24,False,True,True,upper_bound,0.43459700725247136,0.5289564427246848,158,58
939,24,False,True,True,upper_bound_with_inhaler,0.43459700725247136,0.5289564427246848,158,59
939,24,True,False,False,one_hot,,,158,60
939,24,True,False,False,lower_bound,0.42537930642585037,0.49133307709296775,158,61
939,24,True,False,False,midpoint,0.42537930642585037,0.4764009675885735,158,62
939,24,True,False,False,midpoint_with_inhaler,0.42537930642585037,0.4764009675885735,158,63
939,24,True,False,False,upper_bound,0.42537930642585037,0.4587365843553434,158,64
939,24,True,False,False,upper_bound_with_inhaler,0.42537930642585037,0.4587365843553434,158,65
939,24,True,False,True,one_hot,,,158,66
939,24,True,False,True,lower_bound,0.42537930642585037,0.49133307709296775,158,67
939,24,True,False,True,midpoint,0.42537930642585037,0.4764009675885735,158,68
939,24,True,False,True,midpoint_with_inhaler,0.42537930642585037,0.4764009675885735,158,69
939,24,True,False,True,upper_bound,0.42537930642585037,0.4587365843553434,158,70
939,24,True,False,True,upper_bound_with_inhaler,0.42537930642585037,0.4587365843553434,158,71
939,36,False,False,False,one_hot,,,158,72
939,36,False,False,False,lower_bound,0.385180347543754,0.4940747813687441,158,73
939,36,False,False,False,midpoint,0.385180347543754,0.4461547750522786,158,74
939,36,False,False,False,midpoint_with_inhaler,0.385180347543754,0.4461547750522786,158,75
939,36,False,False,False,upper_bound,0.385180347543754,0.40877698919906863,158,76
939,36,False,False,False,upper_bound_with_inhaler,0.385180347543754,0.40877698919906863,158,77
939,36,False,False,True,one_hot,,,158,78
939,36,False,False,True,lower_bound,0.385180347543754,0.4940747813687441,158,79
939,36,False,False,True,midpoint,0.385180347543754,0.4461547750522786,158,80
939,36,False,False,True,midpoint_with_inhaler,0.385180347543754,0.4461547750522786,158,81
939,36,False,False,True,upper_bound,0.385180347543754,0.40877698919906863,158,82
939,36,False,False,True,upper_bound_with_inhaler,0.385180347543754,0.40877698919906863,158,83
939,36,True,False,False,one_hot,,,158,84
939,36,True,False,False,lower_bound,0.5116248435744309,0.6347583232071132,158,85
939,36,True,False,False,midpoint,0.5116248435744309,0.662298580701914,158,86
939,36,True,False,False,midpoint_with_inhaler,0.5116248435744309,0.662298580701914,158,87
939,36,True,False,False,upper_bound,0.5116248435744309,0.6643036367865102,158,88
939,36,True,False,False,upper_bound_with_inhaler,0.5116248435744309,0.6643036367865102,158,89
939,36,True,False,True,one_hot,,,158,90
939,36,True,False,True,lower_bound,0.5116248435744309,0.6347583232071132,158,91
939,36,True,False,True,midpoint,0.5116248435744309,0.662298580701914,158,92
939,36,True,False,True,midpoint_with_inhaler,0.5116248435744309,0.662298580701914,158,93
939,36,True,False,True,upper_bound,0.5116248435744309,0.6643036367865102,158,94
939,36,True,False,True,upper_bound_with_inhaler,0.5116248435744309,0.6643036367865102,158,95
939,48,False,False,False,one_hot,,,158,96
939,48,False,False,False,lower_bound,0.4051629650640719,0.524527076184236,158,97
939,48,False,False,False,midpoint,0.4051629650640719,0.4428060422150537,158,98
939,48,False,False,False,midpoint_with_inhaler,0.4051629650640719,0.4625538809108332,158,99
939,48,False,False,False,upper_bound,0.3793508508501612,0.376485783744812,158,100
939,48,False,False,False,upper_bound_with_inhaler,0.4051629650640719,0.4392144575116327,158,101
939,48,False,False,True,one_hot,,,158,102
939,48,False,False,True,lower_bound,0.4051629650640719,0.524527076184236,158,103
939,48,False,False,True,midpoint,0.4051629650640719,0.4428060422150537,158,104
939,48,False,False,True,midpoint_with_inhaler,0.4051629650640719,0.4625538809108332,158,105
939,48,False,False,True,upper_bound,0.3793508508501612,0.376485783744812,158,106
939,48,False,False,True,upper_bound_with_inhaler,0.4051629650640719,0.4392144575116327,158,107
939,48,False,True,False,one_hot,,,158,108
939,48,False,True,False,lower_bound,0.2577790828592889,0.3690317888875488,158,109
939,48,False,True,False,midpoint,0.2577790828592889,0.3429644333506082,158,110
939,48,False,True,False,midpoint_with_inhaler,0.2577790828592889,0.3429644333506082,158,111
939,48,False,True,False,upper_bound,0.2577790828592889,0.3158420426236995,158,112
939,48,False,True,False,upper_bound_with_inhaler,0.2577790828592889,0.3158420426236995,158,113
939,48,False,True,True,one_hot,,,158,114
939,48,False,True,True,lower_bound,0.2577790828592889,0.3690317888875488,158,115
939,48,False,True,True,midpoint,0.2577790828592889,0.3429644333506082,158,116
939,48,False,True,True,midpoint_with_inhaler,0.2577790828592889,0.3429644333506082,158,117
939,48,False,True,True,upper_bound,0.2577790828592889,0.3158420426236995,158,118
939,48,False,True,True,upper_bound_with_inhaler,0.2577790828592889,0.3158420426236995,158,119
939,48,True,False,False,one_hot,0.09328043244581061,0.09328043244581062,158,120
939,48,True,False,False,lower_bound,0.1743924486825026,0.24826535193048646,158,121
939,48,True,False,False,midpoint,0.1743924486825026,0.21519483631150402,158,122
939,48,True,False,False,midpoint_with_inhaler,0.1743924486825026,0.21519483631150402,158,123
939,48,True,False,False,upper_bound,0.1743924486825026,0.18853508996772625,158,124
939,48,True,False,False,upper_bound_with_inhaler,0.1743924486825026,0.18853508996772625,158,125
939,48,True,False,True,one_hot,0.09328043244581061,0.09328043244581062,158,126
939,48,True,False,True,lower_bound,0.1743924486825026,0.24826535193048646,158,127
939,48,True,False,True,midpoint,0.1743924486825026,0.21519483631150402,158,128
939,48,True,False,True,midpoint_with_inhaler,0.1743924486825026,0.21519483631150402,158,129
939,48,True,False,True,upper_bound,0.1743924486825026,0.18853508996772625,158,130
939,48,True,False,True,upper_bound_with_inhaler,0.1743924486825026,0.18853508996772625,158,131
