user_key,timestamp_window,use_daily_max_windows,use_calendar_days,filter_out_zero_usage_entries,categorization_method,spearman_z,pearson_z,sample_size,config_idx
113,12,False,False,False,one_hot,0.15900345858068868,0.1590034585806888,163,0
113,12,False,False,False,lower_bound,0.2983803380111895,0.4206347912236786,163,1
113,12,False,False,False,midpoint,0.2983803380111895,0.40015292202939984,163,2
113,12,False,False,False,midpoint_with_inhaler,0.2983803380111895,0.40015292202939984,163,3
113,12,False,False,False,upper_bound,0.2983803380111895,0.3813080015063885,163,4
113,12,False,False,False,upper_bound_with_inhaler,0.2983803380111895,0.3813080015063885,163,5
113,12,False,False,True,one_hot,0.15900345858068868,0.1590034585806888,163,6
113,12,False,False,True,lower_bound,0.2983803380111895,0.4206347912236786,163,7
113,12,False,False,True,midpoint,0.2983803380111895,0.40015292202939984,163,8
113,12,False,False,True,midpoint_with_inhaler,0.2983803380111895,0.40015292202939984,163,9
113,12,False,False,True,upper_bound,0.2983803380111895,0.3813080015063885,163,10
113,12,False,False,True,upper_bound_with_inhaler,0.2983803380111895,0.3813080015063885,163,11
113,12,False,True,False,one_hot,0.2905105131384422,0.29051051313844223,163,12
113,12,False,True,False,lower_bound,0.3491167303700198,0.36234082922795113,163,13
113,12,False,True,False,midpoint,0.3491167303700198,0.3599420366052245,163,14
113,12,False,True,False,midpoint_with_inhaler,0.3491167303700198,0.3599420366052245,163,15
113,12,False,True,False,upper_bound,0.3491167303700198,0.35229806267317326,163,16
113,12,False,True,False,upper_bound_with_inhaler,0.3491167303700198,0.35229806267317326,163,17
113,12,False,True,True,one_hot,0.2905105131384422,0.29051051313844223,163,18
113,12,False,True,True,lower_bound,0.3491167303700198,0.36234082922795113,163,19
113,12,False,True,True,midpoint,0.3491167303700198,0.3599420366052245,163,20
113,12,False,True,True,midpoint_with_inhaler,0.3491167303700198,0.3599420366052245,163,21
113,12,False,True,True,upper_bound,0.3491167303700198,0.35229806267317326,163,22
113,12,False,True,True,upper_bound_with_inhaler,0.3491167303700198,0.35229806267317326,163,23
113,12,True,False,False,one_hot,0.14489556767606362,0.14489556767606365,163,24
113,12,True,False,False,lower_bound,0.27254601954169955,0.33624076146347176,163,25
113,12,True,False,False,midpoint,0.27254601954169955,0.33312602592372254,163,26
113,12,True,False,False,midpoint_with_inhaler,0.27254601954169955,0.33312602592372254,163,27
113,12,True,False,False,upper_bound,0.27254601954169955,0.3261889714719113,163,28
113,12,True,False,False,upper_bound_with_inhaler,0.27254601954169955,0.3261889714719113,163,29
113,12,True,False,True,one_hot,0.14489556767606362,0.14489556767606365,163,30
113,12,True,False,True,lower_bound,0.27254601954169955,0.33624076146347176,163,31
113,12,True,False,True,midpoint,0.27254601954169955,0.33312602592372254,163,32
113,12,True,False,True,midpoint_with_inhaler,0.27254601954169955,0.33312602592372254,163,33
113,12,True,False,True,upper_bound,0.27254601954169955,0.3261889714719113,163,34
113,12,True,False,True,upper_bound_with_inhaler,0.27254601954169955,0.3261889714719113,163,35
113,24,False,False,False,one_hot,0.15916897638161032,0.15916897638161037,163,36
113,24,False,False,False,lower_bound,0.34579912470021074,0.3877531466129564,163,37
113,24,False,False,False,midpoint,0.34579912470021074,0.3856245595053872,163,38
113,24,False,False,False,midpoint_with_inhaler,0.34579912470021074,0.3856245595053872,163,39
113,24,False,False,False,upper_bound,0.34579912470021074,0.37737987384868965,163,40
113,24,False,False,False,upper_bound_with_inhaler,0.34579912470021074,0.37737987384868965,163,41
113,24,False,False,True,one_hot,0.15916897638161032,0.15916897638161037,163,42
113,24,False,False,True,lower_bound,0.34579912470021074,0.3877531466129564,163,43
113,24,False,False,True,midpoint,0.34579912470021074,0.3856245595053872,163,44
113,24,False,False,True,midpoint_with_inhaler,0.34579912470021074,0.3856245595053872,163,45
113,24,False,False,True,upper_bound,0.34579912470021074,0.37737987384868965,163,46
113,24,False,False,True,upper_bound_with_inhaler,0.34579912470021074,0.37737987384868965,163,47
113,24,False,True,False,one_hot,0.10601888625742323,0.1060188862574232,163,48
113,24,False,True,False,lower_bound,0.23174658542353918,0.2830383010977404,163,49
113,24,False,True,False,midpoint,0.23174658542353918,0.2880450965082542,163,50
113,24,False,True,False,midpoint_with_inhaler,0.23174658542353918,0.2880450965082542,163,51
113,24,False,True,False,upper_bound,0.23174658542353918,0.28842408215793486,163,52
113,24,False,True,False,upper_bound_with_inhaler,0.23174658542353918,0.28842408215793486,163,53
113,24,False,True,True,one_hot,0.10601888625742323,0.1060188862574232,163,54
113,24,False,True,True,lower_bound,0.23174658542353918,0.2830383010977404,163,55
113,24,False,True,True,midpoint,0.23174658542353918,0.2880450965082542,163,56
113,24,False,True,True,midpoint_with_inhaler,0.23174658542353918,0.2880450965082542,163,57
113,24,False,True,True,upper_bound,0.23174658542353918,0.28842408215793486,163,58
113,24,False,True,True,upper_bound_with_inhaler,0.23174658542353918,0.28842408215793486,163,59
113,24,True,False,False,one_hot,0.09458223383651863,0.09458223383651862,163,60
113,24,True,False,False,lower_bound,0.3028925635655289,0.3962640512433069,163,61
113,24,True,False,False,midpoint,0.3028925635655289,0.38639520469731015,163,62
113,24,True,False,False,midpoint_with_inhaler,0.3028925635655289,0.38639520469731015,163,63
113,24,True,False,False,upper_bound,0.3028925635655289,0.37262694167363497,163,64
113,24,True,False,False,upper_bound_with_inhaler,0.3028925635655289,0.37262694167363497,163,65
113,24,True,False,True,one_hot,0.09458223383651863,0.09458223383651862,163,66
113,24,True,False,True,lower_bound,0.3028925635655289,0.3962640512433069,163,67
113,24,True,False,True,midpoint,0.3028925635655289,0.38639520469731015,163,68
113,24,True,False,True,midpoint_with_inhaler,0.3028925635655289,0.38639520469731015,163,69
113,24,True,False,True,upper_bound,0.3028925635655289,0.37262694167363497,163,70
113,24,True,False,True,upper_bound_with_inhaler,0.3028925635655289,0.37262694167363497,163,71
113,36,False,False,False,one_hot,0.14937283320393174,0.14937283320393183,163,72
113,36,False,False,False,lower_bound,0.3589215228425054,0.4053556430232898,163,73
113,36,False,False,False,midpoint,0.3589215228425054,0.4242114769854726,163,74
113,36,False,False,False,midpoint_with_inhaler,0.3589215228425054,0.4209967155748686,163,75
113,36,False,False,False,upper_bound,0.35892191585187244,0.4284980367400901,163,76
113,36,False,False,False,upper_bound_with_inhaler,0.3589215228425054,0.4272008077318023,163,77
113,36,False,False,True,one_hot,0.14937283320393174,0.14937283320393183,163,78
113,36,False,False,True,lower_bound,0.3589215228425054,0.4053556430232898,163,79
113,36,False,False,True,midpoint,0.3589215228425054,0.4242114769854726,163,80
113,36,False,False,True,midpoint_with_inhaler,0.3589215228425054,0.4209967155748686,163,81
113,36,False,False,True,upper_bound,0.35892191585187244,0.4284980367400901,163,82
113,36,False,False,True,upper_bound_with_inhaler,0.3589215228425054,0.4272008077318023,163,83
113,36,True,False,False,one_hot,0.28667195805188084,0.2866719580518807,163,84
113,36,True,False,False,lower_bound,0.3206079189349817,0.32532386770653066,163,85
113,36,True,False,False,midpoint,0.3206079189349817,0.32815233461216137,163,86
113,36,True,False,False,midpoint_with_inhaler,0.3206079189349817,0.32815233461216137,163,87
113,36,True,False,False,upper_bound,0.3206079189349817,0.32563321092180236,163,88
113,36,True,False,False,upper_bound_with_inhaler,0.3206079189349817,0.32563321092180236,163,89
113,36,True,False,True,one_hot,0.28667195805188084,0.2866719580518807,163,90
113,36,True,False,True,lower_bound,0.3206079189349817,0.32532386770653066,163,91
113,36,True,False,True,midpoint,0.3206079189349817,0.32815233461216137,163,92
113,36,True,False,True,midpoint_with_inhaler,0.3206079189349817,0.32815233461216137,163,93
113,36,True,False,True,upper_bound,0.3206079189349817,0.32563321092180236,163,94
113,36,True,False,True,upper_bound_with_inhaler,0.3206079189349817,0.32563321092180236,163,95
113,48,False,False,False,one_hot,0.11487813049634706,0.1148781304963471,163,96
113,48,False,False,False,lower_bound,0.3339141216613235,0.373141681791587,163,97
113,48,False,False,False,midpoint,0.3339141216613235,0.38595891099103347,163,98
113,48,False,False,False,midpoint_with_inhaler,0.3339141216613235,0.38337847789489005,163,99
113,48,False,False,False,upper_bound,0.33391509451359974,0.38798603081848404,163,100
113,48,False,False,False,upper_bound_with_inhaler,0.3339141216613235,0.38806250272792714,163,101
113,48,False,False,True,one_hot,0.11487813049634706,0.1148781304963471,163,102
113,48,False,False,True,lower_bound,0.3339141216613235,0.373141681791587,163,103
113,48,False,False,True,midpoint,0.3339141216613235,0.38595891099103347,163,104
113,48,False,False,True,midpoint_with_inhaler,0.3339141216613235,0.38337847789489005,163,105
113,48,False,False,True,upper_bound,0.33391509451359974,0.38798603081848404,163,106
113,48,False,False,True,upper_bound_with_inhaler,0.3339141216613235,0.38806250272792714,163,107
113,48,False,True,False,one_hot,-0.057792086894815485,-0.05779208689481546,163,108
113,48,False,True,False,lower_bound,0.024129034509944906,0.02983429589240476,163,109
113,48,False,True,False,midpoint,0.024129034509944906,0.04542544745829947,163,110
113,48,False,True,False,midpoint_with_inhaler,0.024129034509944906,0.04542544745829947,163,111
113,48,False,True,False,upper_bound,0.024129034509944906,0.05513171139841483,163,112
113,48,False,True,False,upper_bound_with_inhaler,0.024129034509944906,0.05513171139841483,163,113
113,48,False,True,True,one_hot,-0.057792086894815485,-0.05779208689481546,163,114
113,48,False,True,True,lower_bound,0.024129034509944906,0.02983429589240476,163,115
113,48,False,True,True,midpoint,0.024129034509944906,0.04542544745829947,163,116
113,48,False,True,True,midpoint_with_inhaler,0.024129034509944906,0.04542544745829947,163,117
113,48,False,True,True,upper_bound,0.024129034509944906,0.05513171139841483,163,118
113,48,False,True,True,upper_bound_with_inhaler,0.024129034509944906,0.05513171139841483,163,119
113,48,True,False,False,one_hot,0.09029979400149205,0.0902997940014921,163,120
113,48,True,False,False,lower_bound,0.07011878934246972,0.1094861311214578,163,121
113,48,True,False,False,midpoint,0.07011878934246972,0.12265123739142834,163,122
113,48,True,False,False,midpoint_with_inhaler,0.07011878934246972,0.12265123739142834,163,123
113,48,True,False,False,upper_bound,0.07011878934246972,0.13088430524686173,163,124
113,48,True,False,False,upper_bound_with_inhaler,0.07011878934246972,0.13088430524686173,163,125
113,48,True,False,True,one_hot,0.09029979400149205,0.0902997940014921,163,126
113,48,True,False,True,lower_bound,0.07011878934246972,0.1094861311214578,163,127
113,48,True,False,True,midpoint,0.07011878934246972,0.12265123739142834,163,128
113,48,True,False,True,midpoint_with_inhaler,0.07011878934246972,0.12265123739142834,163,129
113,48,True,False,True,upper_bound,0.07011878934246972,0.13088430524686173,163,130
113,48,True,False,True,upper_bound_with_inhaler,0.07011878934246972,0.13088430524686173,163,131
190,12,False,False,False,one_hot,-0.019244055472544055,-0.019244055472544055,163,0
190,12,False,False,False,lower_bound,-0.019244055472544055,-0.019244055472544055,163,1
190,12,False,False,False,midpoint,-0.019244055472544055,-0.019244055472544073,163,2
190,12,False,False,False,midpoint_with_inhaler,-0.019244055472544055,-0.019244055472544073,163,3
190,12,False,False,False,upper_bound,-0.019244055472544055,-0.019244055472544055,163,4
190,12,False,False,False,upper_bound_with_inhaler,-0.019244055472544055,-0.019244055472544055,163,5
190,12,False,False,True,one_hot,-0.019244055472544055,-0.019244055472544055,163,6
190,12,False,False,True,lower_bound,-0.019244055472544055,-0.019244055472544055,163,7
190,12,False,False,True,midpoint,-0.019244055472544055,-0.019244055472544073,163,8
190,12,False,False,True,midpoint_with_inhaler,-0.019244055472544055,-0.019244055472544073,163,9
190,12,False,False,True,upper_bound,-0.019244055472544055,-0.019244055472544055,163,10
190,12,False,False,True,upper_bound_with_inhaler,-0.019244055472544055,-0.019244055472544055,163,11
190,12,False,True,False,one_hot,-0.007793653874238768,-0.00779365387423878,163,12
190,12,False,True,False,lower_bound,-0.012401944048434428,-0.026775044419960255,163,13
190,12,False,True,False,midpoint,-0.012401944048434428,-0.02173716976042158,163,14
190,12,False,True,False,midpoint_with_inhaler,-0.012401944048434428,-0.02173716976042158,163,15
190,12,False,True,False,upper_bound,-0.012401944048434428,-0.018723994795269424,163,16
190,12,False,True,False,upper_bound_with_inhaler,-0.012401944048434428,-0.018723994795269424,163,17
190,12,False,True,True,one_hot,-0.007793653874238768,-0.00779365387423878,163,18
190,12,False,True,True,lower_bound,-0.012401944048434428,-0.026775044419960255,163,19
190,12,False,True,True,midpoint,-0.012401944048434428,-0.02173716976042158,163,20
190,12,False,True,True,midpoint_with_inhaler,-0.012401944048434428,-0.02173716976042158,163,21
190,12,False,True,True,upper_bound,-0.012401944048434428,-0.018723994795269424,163,22
190,12,False,True,True,upper_bound_with_inhaler,-0.012401944048434428,-0.018723994795269424,163,23
190,12,True,False,False,one_hot,0.019020790070315905,0.01902079007031593,163,24
190,12,True,False,False,lower_bound,0.0315418017416284,0.05532935302441556,163,25
190,12,True,False,False,midpoint,0.0315418017416284,0.04618411372233701,163,26
190,12,True,False,False,midpoint_with_inhaler,0.0315418017416284,0.04618411372233701,163,27
190,12,True,False,False,upper_bound,0.0315418017416284,0.04050113790802628,163,28
190,12,True,False,False,upper_bound_with_inhaler,0.0315418017416284,0.04050113790802628,163,29
190,12,True,False,True,one_hot,0.019020790070315905,0.01902079007031593,163,30
190,12,True,False,True,lower_bound,0.0315418017416284,0.05532935302441556,163,31
190,12,True,False,True,midpoint,0.0315418017416284,0.04618411372233701,163,32
190,12,True,False,True,midpoint_with_inhaler,0.0315418017416284,0.04618411372233701,163,33
190,12,True,False,True,upper_bound,0.0315418017416284,0.04050113790802628,163,34
190,12,True,False,True,upper_bound_with_inhaler,0.0315418017416284,0.04050113790802628,163,35
190,24,False,False,False,one_hot,0.12017674633453063,0.12017674633453061,163,36
190,24,False,False,False,lower_bound,0.09593714362373444,0.0444332583355258,163,37
190,24,False,False,False,midpoint,0.09593714362373444,0.06661611962541608,163,38
190,24,False,False,False,midpoint_with_inhaler,0.09593714362373444,0.06661611962541608,163,39
190,24,False,False,False,upper_bound,0.09593714362373444,0.07940512083791504,163,40
190,24,False,False,False,upper_bound_with_inhaler,0.09593714362373444,0.07940512083791504,163,41
190,24,False,False,True,one_hot,0.12017674633453063,0.12017674633453061,163,42
190,24,False,False,True,lower_bound,0.09593714362373444,0.0444332583355258,163,43
190,24,False,False,True,midpoint,0.09593714362373444,0.06661611962541608,163,44
190,24,False,False,True,midpoint_with_inhaler,0.09593714362373444,0.06661611962541608,163,45
190,24,False,False,True,upper_bound,0.09593714362373444,0.07940512083791504,163,46
190,24,False,False,True,upper_bound_with_inhaler,0.09593714362373444,0.07940512083791504,163,47
190,24,False,True,False,one_hot,0.19462651790194985,0.19462651790194985,163,48
190,24,False,True,False,lower_bound,0.20070712283685332,0.19575647913865493,163,49
190,24,False,True,False,midpoint,0.20070712283685332,0.20085417559180027,163,50
190,24,False,True,False,midpoint_with_inhaler,0.20070712283685332,0.20085417559180027,163,51
190,24,False,True,False,upper_bound,0.20070712283685332,0.20187108280508412,163,52
190,24,False,True,False,upper_bound_with_inhaler,0.20070712283685332,0.20187108280508412,163,53
190,24,False,True,True,one_hot,0.19462651790194985,0.19462651790194985,163,54
190,24,False,True,True,lower_bound,0.20070712283685332,0.19575647913865493,163,55
190,24,False,True,True,midpoint,0.20070712283685332,0.20085417559180027,163,56
190,24,False,True,True,midpoint_with_inhaler,0.20070712283685332,0.20085417559180027,163,57
190,24,False,True,True,upper_bound,0.20070712283685332,0.20187108280508412,163,58
190,24,False,True,True,upper_bound_with_inhaler,0.20070712283685332,0.20187108280508412,163,59
190,24,True,False,False,one_hot,0.10605885444917203,0.106058854449172,163,60
190,24,True,False,False,lower_bound,0.10299844690880491,0.08493300579574095,163,61
190,24,True,False,False,midpoint,0.10299844690880491,0.09371326376625443,163,62
190,24,True,False,False,midpoint_with_inhaler,0.10299844690880491,0.09371326376625443,163,63
190,24,True,False,False,upper_bound,0.10299844690880491,0.09804621236025901,163,64
190,24,True,False,False,upper_bound_with_inhaler,0.10299844690880491,0.09804621236025901,163,65
190,24,True,False,True,one_hot,0.10605885444917203,0.106058854449172,163,66
190,24,True,False,True,lower_bound,0.10299844690880491,0.08493300579574095,163,67
190,24,True,False,True,midpoint,0.10299844690880491,0.09371326376625443,163,68
190,24,True,False,True,midpoint_with_inhaler,0.10299844690880491,0.09371326376625443,163,69
190,24,True,False,True,upper_bound,0.10299844690880491,0.09804621236025901,163,70
190,24,True,False,True,upper_bound_with_inhaler,0.10299844690880491,0.09804621236025901,163,71
190,36,False,False,False,one_hot,0.13565349533705232,0.13565349533705232,163,72
190,36,False,False,False,lower_bound,0.11844980312442364,0.07121646985140821,163,73
190,36,False,False,False,midpoint,0.11844980312442364,0.08570387295005363,163,74
190,36,False,False,False,midpoint_with_inhaler,0.11844980312442364,0.08570387295005363,163,75
190,36,False,False,False,upper_bound,0.11844980312442364,0.09403778003526225,163,76
190,36,False,False,False,upper_bound_with_inhaler,0.11844980312442364,0.09403778003526225,163,77
190,36,False,False,True,one_hot,0.13565349533705232,0.13565349533705232,163,78
190,36,False,False,True,lower_bound,0.11844980312442364,0.07121646985140821,163,79
190,36,False,False,True,midpoint,0.11844980312442364,0.08570387295005363,163,80
190,36,False,False,True,midpoint_with_inhaler,0.11844980312442364,0.08570387295005363,163,81
190,36,False,False,True,upper_bound,0.11844980312442364,0.09403778003526225,163,82
190,36,False,False,True,upper_bound_with_inhaler,0.11844980312442364,0.09403778003526225,163,83
190,36,True,False,False,one_hot,0.12641339616689862,0.12641339616689853,163,84
190,36,True,False,False,lower_bound,0.11072263662489015,0.0650537459741597,163,85
190,36,True,False,False,midpoint,0.11072263662489015,0.08438754673427637,163,86
190,36,True,False,False,midpoint_with_inhaler,0.11072263662489015,0.08438754673427637,163,87
190,36,True,False,False,upper_bound,0.11072263662489015,0.09493794915087785,163,88
190,36,True,False,False,upper_bound_with_inhaler,0.11072263662489015,0.09493794915087785,163,89
190,36,True,False,True,one_hot,0.12641339616689862,0.12641339616689853,163,90
190,36,True,False,True,lower_bound,0.11072263662489015,0.0650537459741597,163,91
190,36,True,False,True,midpoint,0.11072263662489015,0.08438754673427637,163,92
190,36,True,False,True,midpoint_with_inhaler,0.11072263662489015,0.08438754673427637,163,93
190,36,True,False,True,upper_bound,0.11072263662489015,0.09493794915087785,163,94
190,36,True,False,True,upper_bound_with_inhaler,0.11072263662489015,0.09493794915087785,163,95
190,48,False,False,False,one_hot,0.14473523004277924,0.14473523004277924,163,96
190,48,False,False,False,lower_bound,0.12419238051804642,0.08170410383276315,163,97
190,48,False,False,False,midpoint,0.12419238051804642,0.0911628106879197,163,98
190,48,False,False,False,midpoint_with_inhaler,0.12419238051804642,0.0911628106879197,163,99
190,48,False,False,False,upper_bound,0.12419238051804642,0.09674661391713661,163,100
190,48,False,False,False,upper_bound_with_inhaler,0.12419238051804642,0.09674661391713661,163,101
190,48,False,False,True,one_hot,0.14473523004277924,0.14473523004277924,163,102
190,48,False,False,True,lower_bound,0.12419238051804642,0.08170410383276315,163,103
190,48,False,False,True,midpoint,0.12419238051804642,0.0911628106879197,163,104
190,48,False,False,True,midpoint_with_inhaler,0.12419238051804642,0.0911628106879197,163,105
190,48,False,False,True,upper_bound,0.12419238051804642,0.09674661391713661,163,106
190,48,False,False,True,upper_bound_with_inhaler,0.12419238051804642,0.09674661391713661,163,107
190,48,False,True,False,one_hot,0.07810386541085003,0.07810386541085003,163,108
190,48,False,True,False,lower_bound,0.05979794992933384,0.014045574295863271,163,109
190,48,False,True,False,midpoint,0.05979794992933384,0.028424476433331795,163,110
190,48,False,True,False,midpoint_with_inhaler,0.05979794992933384,0.028424476433331795,163,111
190,48,False,True,False,upper_bound,0.05979794992933384,0.03679395795666481,163,112
190,48,False,True,False,upper_bound_with_inhaler,0.05979794992933384,0.03679395795666481,163,113
190,48,False,True,True,one_hot,0.07810386541085003,0.07810386541085003,163,114
190,48,False,True,True,lower_bound,0.05979794992933384,0.014045574295863271,163,115
190,48,False,True,True,midpoint,0.05979794992933384,0.028424476433331795,163,116
190,48,False,True,True,midpoint_with_inhaler,0.05979794992933384,0.028424476433331795,163,117
190,48,False,True,True,upper_bound,0.05979794992933384,0.03679395795666481,163,118
190,48,False,True,True,upper_bound_with_inhaler,0.05979794992933384,0.03679395795666481,163,119
190,48,True,False,False,one_hot,0.28633891142442774,0.2863389114244278,163,120
190,48,True,False,False,lower_bound,0.282105939238749,0.25626101969169673,163,121
190,48,True,False,False,midpoint,0.282105939238749,0.2684468958201291,163,122
190,48,True,False,False,midpoint_with_inhaler,0.282105939238749,0.2684468958201291,163,123
190,48,True,False,False,upper_bound,0.282105939238749,0.27386940076220606,163,124
190,48,True,False,False,upper_bound_with_inhaler,0.282105939238749,0.27386940076220606,163,125
190,48,True,False,True,one_hot,0.28633891142442774,0.2863389114244278,163,126
190,48,True,False,True,lower_bound,0.282105939238749,0.25626101969169673,163,127
190,48,True,False,True,midpoint,0.282105939238749,0.2684468958201291,163,128
190,48,True,False,True,midpoint_with_inhaler,0.282105939238749,0.2684468958201291,163,129
190,48,True,False,True,upper_bound,0.282105939238749,0.27386940076220606,163,130
190,48,True,False,True,upper_bound_with_inhaler,0.282105939238749,0.27386940076220606,163,131
294,12,False,False,False,one_hot,-0.017864106618178537,-0.017864106618178537,173,0
294,12,False,False,False,lower_bound,0.32894841088466387,0.35814208385396573,173,1
294,12,False,False,False,midpoint,0.32894841088466387,0.36457845611747236,173,2
294,12,False,False,False,midpoint_with_inhaler,0.32894841088466387,0.36457845611747236,173,3
294,12,False,False,False,upper_bound,0.32894841088466387,0.3636839853491926,173,4
294,12,False,False,False,upper_bound_with_inhaler,0.32894841088466387,0.3636839853491926,173,5
294,12,False,False,True,one_hot,-0.017864106618178537,-0.017864106618178537,173,6
294,12,False,False,True,lower_bound,0.32894841088466387,0.35814208385396573,173,7
294,12,False,False,True,midpoint,0.32894841088466387,0.36457845611747236,173,8
294,12,False,False,True,midpoint_with_inhaler,0.32894841088466387,0.36457845611747236,173,9
294,12,False,False,True,upper_bound,0.32894841088466387,0.3636839853491926,173,10
294,12,False,False,True,upper_bound_with_inhaler,0.32894841088466387,0.3636839853491926,173,11
294,12,False,True,False,one_hot,,,173,12
294,12,False,True,False,lower_bound,0.4984608570538509,0.4429486606345463,173,13
294,12,False,True,False,midpoint,0.4984608570538509,0.4728018175774435,173,14
294,12,False,True,False,midpoint_with_inhaler,0.4984608570538509,0.4728018175774435,173,15
294,12,False,True,False,upper_bound,0.4984608570538509,0.48673773194394004,173,16
294,12,False,True,False,upper_bound_with_inhaler,0.4984608570538509,0.48673773194394004,173,17
294,12,False,True,True,one_hot,,,173,18
294,12,False,True,True,lower_bound,0.4984608570538509,0.4429486606345463,173,19
294,12,False,True,True,midpoint,0.4984608570538509,0.4728018175774435,173,20
294,12,False,True,True,midpoint_with_inhaler,0.4984608570538509,0.4728018175774435,173,21
294,12,False,True,True,upper_bound,0.4984608570538509,0.48673773194394004,173,22
294,12,False,True,True,upper_bound_with_inhaler,0.4984608570538509,0.48673773194394004,173,23
294,12,True,False,False,one_hot,,,173,24
294,12,True,False,False,lower_bound,0.5511614322526776,0.486540120304537,173,25
294,12,True,False,False,midpoint,0.5511614322526776,0.5261996493816414,173,26
294,12,True,False,False,midpoint_with_inhaler,0.5511614322526776,0.5251569375622109,173,27
294,12,True,False,False,upper_bound,0.5505565736680965,0.5444677067588954,173,28
294,12,True,False,False,upper_bound_with_inhaler,0.5511614322526776,0.5431966606776426,173,29
294,12,True,False,True,one_hot,,,173,30
294,12,True,False,True,lower_bound,0.5511614322526776,0.486540120304537,173,31
294,12,True,False,True,midpoint,0.5511614322526776,0.5261996493816414,173,32
294,12,True,False,True,midpoint_with_inhaler,0.5511614322526776,0.5251569375622109,173,33
294,12,True,False,True,upper_bound,0.5505565736680965,0.5444677067588954,173,34
294,12,True,False,True,upper_bound_with_inhaler,0.5511614322526776,0.5431966606776426,173,35
294,24,False,False,False,one_hot,,,173,36
294,24,False,False,False,lower_bound,0.7408381731400668,0.7104708000547604,173,37
294,24,False,False,False,midpoint,0.7408381731400668,0.731353846308829,173,38
294,24,False,False,False,midpoint_with_inhaler,0.7408381731400668,0.7314168487708234,173,39
294,24,False,False,False,upper_bound,0.7377440288991793,0.7256361996061435,173,40
294,24,False,False,False,upper_bound_with_inhaler,0.7408381731400668,0.7323886569860109,173,41
294,24,False,False,True,one_hot,,,173,42
294,24,False,False,True,lower_bound,0.7408381731400668,0.7104708000547604,173,43
294,24,False,False,True,midpoint,0.7408381731400668,0.731353846308829,173,44
294,24,False,False,True,midpoint_with_inhaler,0.7408381731400668,0.7314168487708234,173,45
294,24,False,False,True,upper_bound,0.7377440288991793,0.7256361996061435,173,46
294,24,False,False,True,upper_bound_with_inhaler,0.7408381731400668,0.7323886569860109,173,47
294,24,False,True,False,one_hot,,,173,48
294,24,False,True,False,lower_bound,0.47211013936744706,0.42818558502774867,173,49
294,24,False,True,False,midpoint,0.47211013936744706,0.45622732522465936,173,50
294,24,False,True,False,midpoint_with_inhaler,0.47211013936744706,0.45622732522465936,173,51
294,24,False,True,False,upper_bound,0.47211013936744706,0.47159327987688066,173,52
294,24,False,True,False,upper_bound_with_inhaler,0.47211013936744706,0.47159327987688066,173,53
294,24,False,True,True,one_hot,,,173,54
294,24,False,True,True,lower_bound,0.47211013936744706,0.42818558502774867,173,55
294,24,False,True,True,midpoint,0.47211013936744706,0.45622732522465936,173,56
294,24,False,True,True,midpoint_with_inhaler,0.47211013936744706,0.45622732522465936,173,57
294,24,False,True,True,upper_bound,0.47211013936744706,0.47159327987688066,173,58
294,24,False,True,True,upper_bound_with_inhaler,0.47211013936744706,0.47159327987688066,173,59
294,24,True,False,False,one_hot,,,173,60
294,24,True,False,False,lower_bound,0.6506002410952099,0.6444977640812964,173,61
294,24,True,False,False,midpoint,0.6506002410952099,0.6499651566218458,173,62
294,24,True,False,False,midpoint_with_inhaler,0.6506002410952099,0.6524646738214105,173,63
294,24,True,False,False,upper_bound,0.6477668376786186,0.6362272455439789,173,64
294,24,True,False,False,upper_bound_with_inhaler,0.6506002410952099,0.6454163570117032,173,65
294,24,True,False,True,one_hot,,,173,66
294,24,True,False,True,lower_bound,0.6506002410952099,0.6444977640812964,173,67
294,24,True,False,True,midpoint,0.6506002410952099,0.6499651566218458,173,68
294,24,True,False,True,midpoint_with_inhaler,0.6506002410952099,0.6524646738214105,173,69
294,24,True,False,True,upper_bound,0.6477668376786186,0.6362272455439789,173,70
294,24,True,False,True,upper_bound_with_inhaler,0.6506002410952099,0.6454163570117032,173,71
294,36,False,False,False,one_hot,,,173,72
294,36,False,False,False,lower_bound,0.5008277680722325,0.49745056000733207,173,73
294,36,False,False,False,midpoint,0.5008277680722325,0.5122050008869936,173,74
294,36,False,False,False,midpoint_with_inhaler,0.5008277680722325,0.5114226207657414,173,75
294,36,False,False,False,upper_bound,0.47410055700797726,0.5036226248989634,173,76
294,36,False,False,False,upper_bound_with_inhaler,0.5008277680722325,0.4855457325771332,173,77
294,36,False,False,True,one_hot,,,173,78
294,36,False,False,True,lower_bound,0.5008277680722325,0.49745056000733207,173,79
294,36,False,False,True,midpoint,0.5008277680722325,0.5122050008869936,173,80
294,36,False,False,True,midpoint_with_inhaler,0.5008277680722325,0.5114226207657414,173,81
294,36,False,False,True,upper_bound,0.47410055700797726,0.5036226248989634,173,82
294,36,False,False,True,upper_bound_with_inhaler,0.5008277680722325,0.4855457325771332,173,83
294,36,True,False,False,one_hot,,,173,84
294,36,True,False,False,lower_bound,0.39995069148752216,0.39089358684256337,173,85
294,36,True,False,False,midpoint,0.39995069148752216,0.3978151433925047,173,86
294,36,True,False,False,midpoint_with_inhaler,0.39995069148752216,0.3995495073573622,173,87
294,36,True,False,False,upper_bound,0.3974432829692908,0.40007515257765275,173,88
294,36,True,False,False,upper_bound_with_inhaler,0.39995069148752216,0.4071793047492533,173,89
294,36,True,False,True,one_hot,,,173,90
294,36,True,False,True,lower_bound,0.39995069148752216,0.39089358684256337,173,91
294,36,True,False,True,midpoint,0.39995069148752216,0.3978151433925047,173,92
294,36,True,False,True,midpoint_with_inhaler,0.39995069148752216,0.3995495073573622,173,93
294,36,True,False,True,upper_bound,0.3974432829692908,0.40007515257765275,173,94
294,36,True,False,True,upper_bound_with_inhaler,0.39995069148752216,0.4071793047492533,173,95
294,48,False,False,False,one_hot,,,173,96
294,48,False,False,False,lower_bound,0.7231298454242522,0.7173631426498142,173,97
294,48,False,False,False,midpoint,0.7231298454242522,0.7091566260540467,173,98
294,48,False,False,False,midpoint_with_inhaler,0.7231298454242522,0.7254840094054331,173,99
294,48,False,False,False,upper_bound,0.68402802665272,0.6391684885614644,173,100
294,48,False,False,False,upper_bound_with_inhaler,0.7231298454242522,0.6752164642553191,173,101
294,48,False,False,True,one_hot,,,173,102
294,48,False,False,True,lower_bound,0.7231298454242522,0.7173631426498142,173,103
294,48,False,False,True,midpoint,0.7231298454242522,0.7091566260540467,173,104
294,48,False,False,True,midpoint_with_inhaler,0.7231298454242522,0.7254840094054331,173,105
294,48,False,False,True,upper_bound,0.68402802665272,0.6391684885614644,173,106
294,48,False,False,True,upper_bound_with_inhaler,0.7231298454242522,0.6752164642553191,173,107
294,48,False,True,False,one_hot,,,173,108
294,48,False,True,False,lower_bound,0.32168166998383185,0.3191043715298485,173,109
294,48,False,True,False,midpoint,0.32168166998383185,0.3265936346275222,173,110
294,48,False,True,False,midpoint_with_inhaler,0.32168166998383185,0.3265936346275222,173,111
294,48,False,True,False,upper_bound,0.32168166998383185,0.3268492055563253,173,112
294,48,False,True,False,upper_bound_with_inhaler,0.32168166998383185,0.3268492055563253,173,113
294,48,False,True,True,one_hot,,,173,114
294,48,False,True,True,lower_bound,0.32168166998383185,0.3191043715298485,173,115
294,48,False,True,True,midpoint,0.32168166998383185,0.3265936346275222,173,116
294,48,False,True,True,midpoint_with_inhaler,0.32168166998383185,0.3265936346275222,173,117
294,48,False,True,True,upper_bound,0.32168166998383185,0.3268492055563253,173,118
294,48,False,True,True,upper_bound_with_inhaler,0.32168166998383185,0.3268492055563253,173,119
294,48,True,False,False,one_hot,,,173,120
294,48,True,False,False,lower_bound,0.3697519690802962,0.35072327583501156,173,121
294,48,True,False,False,midpoint,0.3697519690802962,0.36958644298500454,173,122
294,48,True,False,False,midpoint_with_inhaler,0.3697519690802962,0.36814966741037586,173,123
294,48,True,False,False,upper_bound,0.3685025660307705,0.3716720146440574,173,124
294,48,True,False,False,upper_bound_with_inhaler,0.3697519690802962,0.3733618279631724,173,125
294,48,True,False,True,one_hot,,,173,126
294,48,True,False,True,lower_bound,0.3697519690802962,0.35072327583501156,173,127
294,48,True,False,True,midpoint,0.3697519690802962,0.36958644298500454,173,128
294,48,True,False,True,midpoint_with_inhaler,0.3697519690802962,0.36814966741037586,173,129
294,48,True,False,True,upper_bound,0.3685025660307705,0.3716720146440574,173,130
294,48,True,False,True,upper_bound_with_inhaler,0.3697519690802962,0.3733618279631724,173,131
328,12,False,False,False,one_hot,0.3589231765582063,0.3589231765582063,17,0
328,12,False,False,False,lower_bound,0.30156584492225985,0.07390537518759716,17,1
328,12,False,False,False,midpoint,0.30156584492225985,0.09819012452940575,17,2
328,12,False,False,False,midpoint_with_inhaler,0.30156584492225985,0.09819012452940575,17,3
328,12,False,False,False,upper_bound,0.30156584492225985,0.11284318271571442,17,4
328,12,False,False,False,upper_bound_with_inhaler,0.30156584492225985,0.11284318271571442,17,5
328,12,False,False,True,one_hot,0.3589231765582063,0.3589231765582063,17,6
328,12,False,False,True,lower_bound,0.30156584492225985,0.07390537518759716,17,7
328,12,False,False,True,midpoint,0.30156584492225985,0.09819012452940575,17,8
328,12,False,False,True,midpoint_with_inhaler,0.30156584492225985,0.09819012452940575,17,9
328,12,False,False,True,upper_bound,0.30156584492225985,0.11284318271571442,17,10
328,12,False,False,True,upper_bound_with_inhaler,0.30156584492225985,0.11284318271571442,17,11
328,12,False,True,False,one_hot,0.3155801787685052,0.3155801787685052,17,12
328,12,False,True,False,lower_bound,0.2580680445335959,0.056106647633248866,17,13
328,12,False,True,False,midpoint,0.2580680445335959,0.07818488214664565,17,14
328,12,False,True,False,midpoint_with_inhaler,0.2580680445335959,0.07818488214664565,17,15
328,12,False,True,False,upper_bound,0.2580680445335959,0.09154194364805597,17,16
328,12,False,True,False,upper_bound_with_inhaler,0.2580680445335959,0.09154194364805597,17,17
328,12,False,True,True,one_hot,0.3155801787685052,0.3155801787685052,17,18
328,12,False,True,True,lower_bound,0.2580680445335959,0.056106647633248866,17,19
328,12,False,True,True,midpoint,0.2580680445335959,0.07818488214664565,17,20
328,12,False,True,True,midpoint_with_inhaler,0.2580680445335959,0.07818488214664565,17,21
328,12,False,True,True,upper_bound,0.2580680445335959,0.09154194364805597,17,22
328,12,False,True,True,upper_bound_with_inhaler,0.2580680445335959,0.09154194364805597,17,23
328,12,True,False,False,one_hot,0.2765186331416562,0.27651863314165614,17,24
328,12,True,False,False,lower_bound,0.16716966515844334,-3.469446951953614e-18,17,25
328,12,True,False,False,midpoint,0.16716966515844334,0.027251691843788124,17,26
328,12,True,False,False,midpoint_with_inhaler,0.16716966515844334,0.027251691843788124,17,27
328,12,True,False,False,upper_bound,0.16716966515844334,0.04463960108094662,17,28
328,12,True,False,False,upper_bound_with_inhaler,0.16716966515844334,0.04463960108094662,17,29
328,12,True,False,True,one_hot,0.2765186331416562,0.27651863314165614,17,30
328,12,True,False,True,lower_bound,0.16716966515844334,-3.469446951953614e-18,17,31
328,12,True,False,True,midpoint,0.16716966515844334,0.027251691843788124,17,32
328,12,True,False,True,midpoint_with_inhaler,0.16716966515844334,0.027251691843788124,17,33
328,12,True,False,True,upper_bound,0.16716966515844334,0.04463960108094662,17,34
328,12,True,False,True,upper_bound_with_inhaler,0.16716966515844334,0.04463960108094662,17,35
328,24,False,False,False,one_hot,0.17066884146429792,0.17066884146429798,17,36
328,24,False,False,False,lower_bound,0.04645133122921935,-0.056106647633248866,17,37
328,24,False,False,False,midpoint,0.04645133122921935,-0.03723850545448857,17,38
328,24,False,False,False,midpoint_with_inhaler,0.04645133122921935,-0.03723850545448857,17,39
328,24,False,False,False,upper_bound,0.04645133122921935,-0.0246232733987315,17,40
328,24,False,False,False,upper_bound_with_inhaler,0.04645133122921935,-0.0246232733987315,17,41
328,24,False,False,True,one_hot,0.17066884146429792,0.17066884146429798,17,42
328,24,False,False,True,lower_bound,0.04645133122921935,-0.056106647633248866,17,43
328,24,False,False,True,midpoint,0.04645133122921935,-0.03723850545448857,17,44
328,24,False,False,True,midpoint_with_inhaler,0.04645133122921935,-0.03723850545448857,17,45
328,24,False,False,True,upper_bound,0.04645133122921935,-0.0246232733987315,17,46
328,24,False,False,True,upper_bound_with_inhaler,0.04645133122921935,-0.0246232733987315,17,47
328,24,False,True,False,one_hot,-0.1665136672773379,-0.16651366727733788,17,48
328,24,False,True,False,lower_bound,-0.17932811819187103,-0.16894900691031142,17,49
328,24,False,True,False,midpoint,-0.17932811819187103,-0.17675833779178293,17,50
328,24,False,True,False,midpoint_with_inhaler,-0.17932811819187103,-0.17675833779178293,17,51
328,24,False,True,False,upper_bound,-0.17932811819187103,-0.1790773454548872,17,52
328,24,False,True,False,upper_bound_with_inhaler,-0.17932811819187103,-0.1790773454548872,17,53
328,24,False,True,True,one_hot,-0.1665136672773379,-0.16651366727733788,17,54
328,24,False,True,True,lower_bound,-0.17932811819187103,-0.16894900691031142,17,55
328,24,False,True,True,midpoint,-0.17932811819187103,-0.17675833779178293,17,56
328,24,False,True,True,midpoint_with_inhaler,-0.17932811819187103,-0.17675833779178293,17,57
328,24,False,True,True,upper_bound,-0.17932811819187103,-0.1790773454548872,17,58
328,24,False,True,True,upper_bound_with_inhaler,-0.17932811819187103,-0.1790773454548872,17,59
328,24,True,False,False,one_hot,0.17066884146429792,0.17066884146429792,17,60
328,24,True,False,False,lower_bound,0.04645133122921935,-0.056106647633248866,17,61
328,24,True,False,False,midpoint,0.04645133122921935,-0.037238505454488556,17,62
328,24,True,False,False,midpoint_with_inhaler,0.04645133122921935,-0.037238505454488556,17,63
328,24,True,False,False,upper_bound,0.04645133122921935,-0.02462327339873151,17,64
328,24,True,False,False,upper_bound_with_inhaler,0.04645133122921935,-0.02462327339873151,17,65
328,24,True,False,True,one_hot,0.17066884146429792,0.17066884146429792,17,66
328,24,True,False,True,lower_bound,0.04645133122921935,-0.056106647633248866,17,67
328,24,True,False,True,midpoint,0.04645133122921935,-0.037238505454488556,17,68
328,24,True,False,True,midpoint_with_inhaler,0.04645133122921935,-0.037238505454488556,17,69
328,24,True,False,True,upper_bound,0.04645133122921935,-0.02462327339873151,17,70
328,24,True,False,True,upper_bound_with_inhaler,0.04645133122921935,-0.02462327339873151,17,71
328,36,False,False,False,one_hot,0.091541943648056,0.091541943648056,17,72
328,36,False,False,False,lower_bound,-0.14016459097773865,-0.16334351149245638,17,73
328,36,False,False,False,midpoint,-0.14016459097773865,-0.14542925351488628,17,74
328,36,False,False,False,midpoint_with_inhaler,-0.14016459097773865,-0.14542925351488628,17,75
328,36,False,False,False,upper_bound,-0.14016459097773865,-0.13115705581403655,17,76
328,36,False,False,False,upper_bound_with_inhaler,-0.14016459097773865,-0.13115705581403655,17,77
328,36,False,False,True,one_hot,0.091541943648056,0.091541943648056,17,78
328,36,False,False,True,lower_bound,-0.14016459097773865,-0.16334351149245638,17,79
328,36,False,False,True,midpoint,-0.14016459097773865,-0.14542925351488628,17,80
328,36,False,False,True,midpoint_with_inhaler,-0.14016459097773865,-0.14542925351488628,17,81
328,36,False,False,True,upper_bound,-0.14016459097773865,-0.13115705581403655,17,82
328,36,False,False,True,upper_bound_with_inhaler,-0.14016459097773865,-0.13115705581403655,17,83
328,36,True,False,False,one_hot,0.240218647289261,0.240218647289261,17,84
328,36,True,False,False,lower_bound,0.240218647289261,0.240218647289261,17,85
328,36,True,False,False,midpoint,0.240218647289261,0.24021864728926093,17,86
328,36,True,False,False,midpoint_with_inhaler,0.240218647289261,0.24021864728926093,17,87
328,36,True,False,False,upper_bound,0.240218647289261,0.240218647289261,17,88
328,36,True,False,False,upper_bound_with_inhaler,0.240218647289261,0.240218647289261,17,89
328,36,True,False,True,one_hot,0.240218647289261,0.240218647289261,17,90
328,36,True,False,True,lower_bound,0.240218647289261,0.240218647289261,17,91
328,36,True,False,True,midpoint,0.240218647289261,0.24021864728926093,17,92
328,36,True,False,True,midpoint_with_inhaler,0.240218647289261,0.24021864728926093,17,93
328,36,True,False,True,upper_bound,0.240218647289261,0.240218647289261,17,94
328,36,True,False,True,upper_bound_with_inhaler,0.240218647289261,0.240218647289261,17,95
328,48,False,False,False,one_hot,0.1341319932973397,0.1341319932973397,17,96
328,48,False,False,False,lower_bound,-0.04636314538825323,-0.10916362267706375,17,97
328,48,False,False,False,midpoint,-0.04636314538825323,-0.08956989144233939,17,98
328,48,False,False,False,midpoint_with_inhaler,-0.04636314538825323,-0.08956989144233939,17,99
328,48,False,False,False,upper_bound,-0.04636314538825323,-0.07537791718588376,17,100
328,48,False,False,False,upper_bound_with_inhaler,-0.04636314538825323,-0.07537791718588376,17,101
328,48,False,False,True,one_hot,0.1341319932973397,0.1341319932973397,17,102
328,48,False,False,True,lower_bound,-0.04636314538825323,-0.10916362267706375,17,103
328,48,False,False,True,midpoint,-0.04636314538825323,-0.08956989144233939,17,104
328,48,False,False,True,midpoint_with_inhaler,-0.04636314538825323,-0.08956989144233939,17,105
328,48,False,False,True,upper_bound,-0.04636314538825323,-0.07537791718588376,17,106
328,48,False,False,True,upper_bound_with_inhaler,-0.04636314538825323,-0.07537791718588376,17,107
328,48,False,True,False,one_hot,-0.5418846257365839,-0.5418846257365838,17,108
328,48,False,True,False,lower_bound,-0.49203043672752506,-0.37465588430053165,17,109
328,48,False,True,False,midpoint,-0.49203043672752506,-0.43040811636863663,17,110
328,48,False,True,False,midpoint_with_inhaler,-0.49203043672752506,-0.43040811636863663,17,111
328,48,False,True,False,upper_bound,-0.49203043672752506,-0.4639933858186732,17,112
328,48,False,True,False,upper_bound_with_inhaler,-0.49203043672752506,-0.4639933858186732,17,113
328,48,False,True,True,one_hot,-0.5418846257365839,-0.5418846257365838,17,114
328,48,False,True,True,lower_bound,-0.49203043672752506,-0.37465588430053165,17,115
328,48,False,True,True,midpoint,-0.49203043672752506,-0.43040811636863663,17,116
328,48,False,True,True,midpoint_with_inhaler,-0.49203043672752506,-0.43040811636863663,17,117
328,48,False,True,True,upper_bound,-0.49203043672752506,-0.4639933858186732,17,118
328,48,False,True,True,upper_bound_with_inhaler,-0.49203043672752506,-0.4639933858186732,17,119
328,48,True,False,False,one_hot,0.240218647289261,0.24021864728926104,17,120
328,48,True,False,False,lower_bound,0.240218647289261,0.24021864728926104,17,121
328,48,True,False,False,midpoint,0.240218647289261,0.240218647289261,17,122
328,48,True,False,False,midpoint_with_inhaler,0.240218647289261,0.240218647289261,17,123
328,48,True,False,False,upper_bound,0.240218647289261,0.24021864728926104,17,124
328,48,True,False,False,upper_bound_with_inhaler,0.240218647289261,0.24021864728926104,17,125
328,48,True,False,True,one_hot,0.240218647289261,0.24021864728926104,17,126
328,48,True,False,True,lower_bound,0.240218647289261,0.24021864728926104,17,127
328,48,True,False,True,midpoint,0.240218647289261,0.240218647289261,17,128
328,48,True,False,True,midpoint_with_inhaler,0.240218647289261,0.240218647289261,17,129
328,48,True,False,True,upper_bound,0.240218647289261,0.24021864728926104,17,130
328,48,True,False,True,upper_bound_with_inhaler,0.240218647289261,0.24021864728926104,17,131
343,12,False,False,False,one_hot,0.26943049888568465,0.26943049888568465,173,0
343,12,False,False,False,lower_bound,0.26943049888568465,0.26943049888568465,173,1
343,12,False,False,False,midpoint,0.26943049888568465,0.26943049888568465,173,2
343,12,False,False,False,midpoint_with_inhaler,0.26943049888568465,0.26943049888568465,173,3
343,12,False,False,False,upper_bound,0.26943049888568465,0.26943049888568465,173,4
343,12,False,False,False,upper_bound_with_inhaler,0.26943049888568465,0.26943049888568465,173,5
343,12,False,False,True,one_hot,0.26943049888568465,0.26943049888568465,173,6
343,12,False,False,True,lower_bound,0.26943049888568465,0.26943049888568465,173,7
343,12,False,False,True,midpoint,0.26943049888568465,0.26943049888568465,173,8
343,12,False,False,True,midpoint_with_inhaler,0.26943049888568465,0.26943049888568465,173,9
343,12,False,False,True,upper_bound,0.26943049888568465,0.26943049888568465,173,10
343,12,False,False,True,upper_bound_with_inhaler,0.26943049888568465,0.26943049888568465,173,11
343,12,False,True,False,one_hot,0.48193487908018495,0.48193487908018495,173,12
343,12,False,True,False,lower_bound,0.48193487908018495,0.48193487908018495,173,13
343,12,False,True,False,midpoint,0.48193487908018495,0.4819348790801851,173,14
343,12,False,True,False,midpoint_with_inhaler,0.48193487908018495,0.4819348790801851,173,15
343,12,False,True,False,upper_bound,0.48193487908018495,0.48193487908018495,173,16
343,12,False,True,False,upper_bound_with_inhaler,0.48193487908018495,0.48193487908018495,173,17
343,12,False,True,True,one_hot,0.48193487908018495,0.48193487908018495,173,18
343,12,False,True,True,lower_bound,0.48193487908018495,0.48193487908018495,173,19
343,12,False,True,True,midpoint,0.48193487908018495,0.4819348790801851,173,20
343,12,False,True,True,midpoint_with_inhaler,0.48193487908018495,0.4819348790801851,173,21
343,12,False,True,True,upper_bound,0.48193487908018495,0.48193487908018495,173,22
343,12,False,True,True,upper_bound_with_inhaler,0.48193487908018495,0.48193487908018495,173,23
343,12,True,False,False,one_hot,0.5184256113597756,0.5184256113597756,173,24
343,12,True,False,False,lower_bound,0.5184256113597756,0.5184256113597756,173,25
343,12,True,False,False,midpoint,0.5184256113597756,0.5184256113597756,173,26
343,12,True,False,False,midpoint_with_inhaler,0.5184256113597756,0.5184256113597756,173,27
343,12,True,False,False,upper_bound,0.5184256113597756,0.5184256113597756,173,28
343,12,True,False,False,upper_bound_with_inhaler,0.5184256113597756,0.5184256113597756,173,29
343,12,True,False,True,one_hot,0.5184256113597756,0.5184256113597756,173,30
343,12,True,False,True,lower_bound,0.5184256113597756,0.5184256113597756,173,31
343,12,True,False,True,midpoint,0.5184256113597756,0.5184256113597756,173,32
343,12,True,False,True,midpoint_with_inhaler,0.5184256113597756,0.5184256113597756,173,33
343,12,True,False,True,upper_bound,0.5184256113597756,0.5184256113597756,173,34
343,12,True,False,True,upper_bound_with_inhaler,0.5184256113597756,0.5184256113597756,173,35
343,24,False,False,False,one_hot,0.2807437621276143,0.28074376212761426,173,36
343,24,False,False,False,lower_bound,0.28433333034167035,0.28243200588844614,173,37
343,24,False,False,False,midpoint,0.28433333034167035,0.28728502836161424,173,38
343,24,False,False,False,midpoint_with_inhaler,0.28433333034167035,0.28728502836161424,173,39
343,24,False,False,False,upper_bound,0.28433333034167035,0.2880582574108811,173,40
343,24,False,False,False,upper_bound_with_inhaler,0.28433333034167035,0.2880582574108811,173,41
343,24,False,False,True,one_hot,0.2807437621276143,0.28074376212761426,173,42
343,24,False,False,True,lower_bound,0.28433333034167035,0.28243200588844614,173,43
343,24,False,False,True,midpoint,0.28433333034167035,0.28728502836161424,173,44
343,24,False,False,True,midpoint_with_inhaler,0.28433333034167035,0.28728502836161424,173,45
343,24,False,False,True,upper_bound,0.28433333034167035,0.2880582574108811,173,46
343,24,False,False,True,upper_bound_with_inhaler,0.28433333034167035,0.2880582574108811,173,47
343,24,False,True,False,one_hot,0.17705106444567048,0.17705106444567045,173,48
343,24,False,True,False,lower_bound,0.17705106444567048,0.17705106444567045,173,49
343,24,False,True,False,midpoint,0.17705106444567048,0.17705106444567045,173,50
343,24,False,True,False,midpoint_with_inhaler,0.17705106444567048,0.17705106444567045,173,51
343,24,False,True,False,upper_bound,0.17705106444567048,0.17705106444567045,173,52
343,24,False,True,False,upper_bound_with_inhaler,0.17705106444567048,0.17705106444567045,173,53
343,24,False,True,True,one_hot,0.17705106444567048,0.17705106444567045,173,54
343,24,False,True,True,lower_bound,0.17705106444567048,0.17705106444567045,173,55
343,24,False,True,True,midpoint,0.17705106444567048,0.17705106444567045,173,56
343,24,False,True,True,midpoint_with_inhaler,0.17705106444567048,0.17705106444567045,173,57
343,24,False,True,True,upper_bound,0.17705106444567048,0.17705106444567045,173,58
343,24,False,True,True,upper_bound_with_inhaler,0.17705106444567048,0.17705106444567045,173,59
343,24,True,False,False,one_hot,0.28871236879971923,0.28871236879971923,173,60
343,24,True,False,False,lower_bound,0.29570689039036746,0.3248810683437373,173,61
343,24,True,False,False,midpoint,0.29570689039036746,0.31713397099607465,173,62
343,24,True,False,False,midpoint_with_inhaler,0.29570689039036746,0.31713397099607465,173,63
343,24,True,False,False,upper_bound,0.29570689039036746,0.3117072982563315,173,64
343,24,True,False,False,upper_bound_with_inhaler,0.29570689039036746,0.3117072982563315,173,65
343,24,True,False,True,one_hot,0.28871236879971923,0.28871236879971923,173,66
343,24,True,False,True,lower_bound,0.29570689039036746,0.3248810683437373,173,67
343,24,True,False,True,midpoint,0.29570689039036746,0.31713397099607465,173,68
343,24,True,False,True,midpoint_with_inhaler,0.29570689039036746,0.31713397099607465,173,69
343,24,True,False,True,upper_bound,0.29570689039036746,0.3117072982563315,173,70
343,24,True,False,True,upper_bound_with_inhaler,0.29570689039036746,0.3117072982563315,173,71
343,36,False,False,False,one_hot,0.3705709078871327,0.3705709078871327,173,72
343,36,False,False,False,lower_bound,0.37802780079284215,0.40186587225551146,173,73
343,36,False,False,False,midpoint,0.37802780079284215,0.3964574642788657,173,74
343,36,False,False,False,midpoint_with_inhaler,0.37802780079284215,0.3964574642788657,173,75
343,36,False,False,False,upper_bound,0.37802780079284215,0.39195877129394735,173,76
343,36,False,False,False,upper_bound_with_inhaler,0.37802780079284215,0.39195877129394735,173,77
343,36,False,False,True,one_hot,0.3705709078871327,0.3705709078871327,173,78
343,36,False,False,True,lower_bound,0.37802780079284215,0.40186587225551146,173,79
343,36,False,False,True,midpoint,0.37802780079284215,0.3964574642788657,173,80
343,36,False,False,True,midpoint_with_inhaler,0.37802780079284215,0.3964574642788657,173,81
343,36,False,False,True,upper_bound,0.37802780079284215,0.39195877129394735,173,82
343,36,False,False,True,upper_bound_with_inhaler,0.37802780079284215,0.39195877129394735,173,83
343,36,True,False,False,one_hot,0.08676858982552334,0.08676858982552335,173,84
343,36,True,False,False,lower_bound,0.08676858982552334,0.08676858982552335,173,85
343,36,True,False,False,midpoint,0.08676858982552334,0.08676858982552335,173,86
343,36,True,False,False,midpoint_with_inhaler,0.08676858982552334,0.08676858982552335,173,87
343,36,True,False,False,upper_bound,0.08676858982552334,0.08676858982552335,173,88
343,36,True,False,False,upper_bound_with_inhaler,0.08676858982552334,0.08676858982552335,173,89
343,36,True,False,True,one_hot,0.08676858982552334,0.08676858982552335,173,90
343,36,True,False,True,lower_bound,0.08676858982552334,0.08676858982552335,173,91
343,36,True,False,True,midpoint,0.08676858982552334,0.08676858982552335,173,92
343,36,True,False,True,midpoint_with_inhaler,0.08676858982552334,0.08676858982552335,173,93
343,36,True,False,True,upper_bound,0.08676858982552334,0.08676858982552335,173,94
343,36,True,False,True,upper_bound_with_inhaler,0.08676858982552334,0.08676858982552335,173,95
343,48,False,False,False,one_hot,0.20473804453499922,0.20473804453499922,173,96
343,48,False,False,False,lower_bound,0.20918532739317072,0.2043992126550265,173,97
343,48,False,False,False,midpoint,0.20918532739317072,0.20904731570771032,173,98
343,48,False,False,False,midpoint_with_inhaler,0.20918532739317072,0.20904731570771032,173,99
343,48,False,False,False,upper_bound,0.20918532739317072,0.2100016068021008,173,100
343,48,False,False,False,upper_bound_with_inhaler,0.20918532739317072,0.2100016068021008,173,101
343,48,False,False,True,one_hot,0.20473804453499922,0.20473804453499922,173,102
343,48,False,False,True,lower_bound,0.20918532739317072,0.2043992126550265,173,103
343,48,False,False,True,midpoint,0.20918532739317072,0.20904731570771032,173,104
343,48,False,False,True,midpoint_with_inhaler,0.20918532739317072,0.20904731570771032,173,105
343,48,False,False,True,upper_bound,0.20918532739317072,0.2100016068021008,173,106
343,48,False,False,True,upper_bound_with_inhaler,0.20918532739317072,0.2100016068021008,173,107
343,48,False,True,False,one_hot,0.05616217783851207,0.056162177838512045,173,108
343,48,False,True,False,lower_bound,0.05616217783851207,0.056162177838512045,173,109
343,48,False,True,False,midpoint,0.05616217783851207,0.05616217783851207,173,110
343,48,False,True,False,midpoint_with_inhaler,0.05616217783851207,0.05616217783851207,173,111
343,48,False,True,False,upper_bound,0.05616217783851207,0.056162177838512045,173,112
343,48,False,True,False,upper_bound_with_inhaler,0.05616217783851207,0.056162177838512045,173,113
343,48,False,True,True,one_hot,0.05616217783851207,0.056162177838512045,173,114
343,48,False,True,True,lower_bound,0.05616217783851207,0.056162177838512045,173,115
343,48,False,True,True,midpoint,0.05616217783851207,0.05616217783851207,173,116
343,48,False,True,True,midpoint_with_inhaler,0.05616217783851207,0.05616217783851207,173,117
343,48,False,True,True,upper_bound,0.05616217783851207,0.056162177838512045,173,118
343,48,False,True,True,upper_bound_with_inhaler,0.05616217783851207,0.056162177838512045,173,119
343,48,True,False,False,one_hot,0.1331351748846296,0.13313517488462956,173,120
343,48,True,False,False,lower_bound,0.1309440303327333,0.10933434837761584,173,121
343,48,True,False,False,midpoint,0.1309440303327333,0.11808504785412055,173,122
343,48,True,False,False,midpoint_with_inhaler,0.1309440303327333,0.11808504785412055,173,123
343,48,True,False,False,upper_bound,0.1309440303327333,0.1222565922303833,173,124
343,48,True,False,False,upper_bound_with_inhaler,0.1309440303327333,0.1222565922303833,173,125
343,48,True,False,True,one_hot,0.1331351748846296,0.13313517488462956,173,126
343,48,True,False,True,lower_bound,0.1309440303327333,0.10933434837761584,173,127
343,48,True,False,True,midpoint,0.1309440303327333,0.11808504785412055,173,128
343,48,True,False,True,midpoint_with_inhaler,0.1309440303327333,0.11808504785412055,173,129
343,48,True,False,True,upper_bound,0.1309440303327333,0.1222565922303833,173,130
343,48,True,False,True,upper_bound_with_inhaler,0.1309440303327333,0.1222565922303833,173,131
398,12,False,False,False,one_hot,0.12798807561661013,0.1279880756166101,25,0
398,12,False,False,False,lower_bound,0.10845722212894661,0.03756462226338937,25,1
398,12,False,False,False,midpoint,0.10845722212894661,0.06252364064484775,25,2
398,12,False,False,False,midpoint_with_inhaler,0.10845722212894661,0.06252364064484775,25,3
398,12,False,False,False,upper_bound,0.10845722212894661,0.0773053027462215,25,4
398,12,False,False,False,upper_bound_with_inhaler,0.10845722212894661,0.0773053027462215,25,5
398,12,False,False,True,one_hot,0.12798807561661013,0.1279880756166101,25,6
398,12,False,False,True,lower_bound,0.10845722212894661,0.03756462226338937,25,7
398,12,False,False,True,midpoint,0.10845722212894661,0.06252364064484775,25,8
398,12,False,False,True,midpoint_with_inhaler,0.10845722212894661,0.06252364064484775,25,9
398,12,False,False,True,upper_bound,0.10845722212894661,0.0773053027462215,25,10
398,12,False,False,True,upper_bound_with_inhaler,0.10845722212894661,0.0773053027462215,25,11
398,12,False,True,False,one_hot,-0.2036923847888908,-0.20369238478889085,25,12
398,12,False,True,False,lower_bound,-0.2036923847888908,-0.20369238478889085,25,13
398,12,False,True,False,midpoint,-0.2036923847888908,-0.20369238478889085,25,14
398,12,False,True,False,midpoint_with_inhaler,-0.2036923847888908,-0.20369238478889085,25,15
398,12,False,True,False,upper_bound,-0.2036923847888908,-0.20369238478889085,25,16
398,12,False,True,False,upper_bound_with_inhaler,-0.2036923847888908,-0.20369238478889085,25,17
398,12,False,True,True,one_hot,-0.2036923847888908,-0.20369238478889085,25,18
398,12,False,True,True,lower_bound,-0.2036923847888908,-0.20369238478889085,25,19
398,12,False,True,True,midpoint,-0.2036923847888908,-0.20369238478889085,25,20
398,12,False,True,True,midpoint_with_inhaler,-0.2036923847888908,-0.20369238478889085,25,21
398,12,False,True,True,upper_bound,-0.2036923847888908,-0.20369238478889085,25,22
398,12,False,True,True,upper_bound_with_inhaler,-0.2036923847888908,-0.20369238478889085,25,23
398,12,True,False,False,one_hot,0.40810088220577584,0.40810088220577595,25,24
398,12,True,False,False,lower_bound,0.35823777439632365,0.23321942054714592,25,25
398,12,True,False,False,midpoint,0.35823777439632365,0.28837195259649445,25,26
398,12,True,False,False,midpoint_with_inhaler,0.35823777439632365,0.28837195259649445,25,27
398,12,True,False,False,upper_bound,0.35823777439632365,0.31900471263649544,25,28
398,12,True,False,False,upper_bound_with_inhaler,0.35823777439632365,0.31900471263649544,25,29
398,12,True,False,True,one_hot,0.40810088220577584,0.40810088220577595,25,30
398,12,True,False,True,lower_bound,0.35823777439632365,0.23321942054714592,25,31
398,12,True,False,True,midpoint,0.35823777439632365,0.28837195259649445,25,32
398,12,True,False,True,midpoint_with_inhaler,0.35823777439632365,0.28837195259649445,25,33
398,12,True,False,True,upper_bound,0.35823777439632365,0.31900471263649544,25,34
398,12,True,False,True,upper_bound_with_inhaler,0.35823777439632365,0.31900471263649544,25,35
398,24,False,False,False,one_hot,0.02916886186960466,0.029168861869604663,25,36
398,24,False,False,False,lower_bound,0.0,-0.034516979532253377,25,37
398,24,False,False,False,midpoint,0.0,-0.01860285950036222,25,38
398,24,False,False,False,midpoint_with_inhaler,0.0,-0.01860285950036222,25,39
398,24,False,False,False,upper_bound,0.0,-0.008520183371448314,25,40
398,24,False,False,False,upper_bound_with_inhaler,0.0,-0.008520183371448314,25,41
398,24,False,False,True,one_hot,0.02916886186960466,0.029168861869604663,25,42
398,24,False,False,True,lower_bound,0.0,-0.034516979532253377,25,43
398,24,False,False,True,midpoint,0.0,-0.01860285950036222,25,44
398,24,False,False,True,midpoint_with_inhaler,0.0,-0.01860285950036222,25,45
398,24,False,False,True,upper_bound,0.0,-0.008520183371448314,25,46
398,24,False,False,True,upper_bound_with_inhaler,0.0,-0.008520183371448314,25,47
398,24,False,True,False,one_hot,0.4468593067661119,0.44685930676611196,25,48
398,24,False,True,False,lower_bound,0.48081509585178567,0.45803386604951263,25,49
398,24,False,True,False,midpoint,0.48081509585178567,0.4770089744472629,25,50
398,24,False,True,False,midpoint_with_inhaler,0.48081509585178567,0.4770089744472629,25,51
398,24,False,True,False,upper_bound,0.48081509585178567,0.48287433433163995,25,52
398,24,False,True,False,upper_bound_with_inhaler,0.48081509585178567,0.48287433433163995,25,53
398,24,False,True,True,one_hot,0.4468593067661119,0.44685930676611196,25,54
398,24,False,True,True,lower_bound,0.48081509585178567,0.45803386604951263,25,55
398,24,False,True,True,midpoint,0.48081509585178567,0.4770089744472629,25,56
398,24,False,True,True,midpoint_with_inhaler,0.48081509585178567,0.4770089744472629,25,57
398,24,False,True,True,upper_bound,0.48081509585178567,0.48287433433163995,25,58
398,24,False,True,True,upper_bound_with_inhaler,0.48081509585178567,0.48287433433163995,25,59
398,24,True,False,False,one_hot,0.3225433099800497,0.32254330998004965,25,60
398,24,True,False,False,lower_bound,0.289547289672232,0.1700280159993189,25,61
398,24,True,False,False,midpoint,0.289547289672232,0.21548247623357428,25,62
398,24,True,False,False,midpoint_with_inhaler,0.289547289672232,0.21548247623357428,25,63
398,24,True,False,False,upper_bound,0.289547289672232,0.24139587580956132,25,64
398,24,True,False,False,upper_bound_with_inhaler,0.289547289672232,0.24139587580956132,25,65
398,24,True,False,True,one_hot,0.3225433099800497,0.32254330998004965,25,66
398,24,True,False,True,lower_bound,0.289547289672232,0.1700280159993189,25,67
398,24,True,False,True,midpoint,0.289547289672232,0.21548247623357428,25,68
398,24,True,False,True,midpoint_with_inhaler,0.289547289672232,0.21548247623357428,25,69
398,24,True,False,True,upper_bound,0.289547289672232,0.24139587580956132,25,70
398,24,True,False,True,upper_bound_with_inhaler,0.289547289672232,0.24139587580956132,25,71
398,36,False,False,False,one_hot,0.27920110829002376,0.27920110829002387,25,72
398,36,False,False,False,lower_bound,0.18068810539319963,0.06854574419795603,25,73
398,36,False,False,False,midpoint,0.18068810539319963,0.12139110581303417,25,74
398,36,False,False,False,midpoint_with_inhaler,0.18068810539319963,0.12139110581303417,25,75
398,36,False,False,False,upper_bound,0.18068810539319963,0.15554577758301233,25,76
398,36,False,False,False,upper_bound_with_inhaler,0.18068810539319963,0.15554577758301233,25,77
398,36,False,False,True,one_hot,0.27920110829002376,0.27920110829002387,25,78
398,36,False,False,True,lower_bound,0.18068810539319963,0.06854574419795603,25,79
398,36,False,False,True,midpoint,0.18068810539319963,0.12139110581303417,25,80
398,36,False,False,True,midpoint_with_inhaler,0.18068810539319963,0.12139110581303417,25,81
398,36,False,False,True,upper_bound,0.18068810539319963,0.15554577758301233,25,82
398,36,False,False,True,upper_bound_with_inhaler,0.18068810539319963,0.15554577758301233,25,83
398,36,True,False,False,one_hot,0.24039000136460484,0.2403900013646048,25,84
398,36,True,False,False,lower_bound,0.24039000136460484,0.2403900013646048,25,85
398,36,True,False,False,midpoint,0.24039000136460484,0.2403900013646048,25,86
398,36,True,False,False,midpoint_with_inhaler,0.24039000136460484,0.2403900013646048,25,87
398,36,True,False,False,upper_bound,0.24039000136460484,0.2403900013646048,25,88
398,36,True,False,False,upper_bound_with_inhaler,0.24039000136460484,0.2403900013646048,25,89
398,36,True,False,True,one_hot,0.24039000136460484,0.2403900013646048,25,90
398,36,True,False,True,lower_bound,0.24039000136460484,0.2403900013646048,25,91
398,36,True,False,True,midpoint,0.24039000136460484,0.2403900013646048,25,92
398,36,True,False,True,midpoint_with_inhaler,0.24039000136460484,0.2403900013646048,25,93
398,36,True,False,True,upper_bound,0.24039000136460484,0.2403900013646048,25,94
398,36,True,False,True,upper_bound_with_inhaler,0.24039000136460484,0.2403900013646048,25,95
398,48,False,False,False,one_hot,0.2503586145588893,0.2503586145588893,25,96
398,48,False,False,False,lower_bound,0.10714196031850666,0.0,25,97
398,48,False,False,False,midpoint,0.10714196031850666,0.05227382595169377,25,98
398,48,False,False,False,midpoint_with_inhaler,0.10714196031850666,0.05227382595169377,25,99
398,48,False,False,False,upper_bound,0.10714196031850666,0.0893238894329038,25,100
398,48,False,False,False,upper_bound_with_inhaler,0.10714196031850666,0.0893238894329038,25,101
398,48,False,False,True,one_hot,0.2503586145588893,0.2503586145588893,25,102
398,48,False,False,True,lower_bound,0.10714196031850666,0.0,25,103
398,48,False,False,True,midpoint,0.10714196031850666,0.05227382595169377,25,104
398,48,False,False,True,midpoint_with_inhaler,0.10714196031850666,0.05227382595169377,25,105
398,48,False,False,True,upper_bound,0.10714196031850666,0.0893238894329038,25,106
398,48,False,False,True,upper_bound_with_inhaler,0.10714196031850666,0.0893238894329038,25,107
398,48,False,True,False,one_hot,-0.1700280159993189,-0.17002801599931885,25,108
398,48,False,True,False,lower_bound,-0.1700280159993189,-0.17002801599931885,25,109
398,48,False,True,False,midpoint,-0.1700280159993189,-0.17002801599931885,25,110
398,48,False,True,False,midpoint_with_inhaler,-0.1700280159993189,-0.17002801599931885,25,111
398,48,False,True,False,upper_bound,-0.1700280159993189,-0.17002801599931885,25,112
398,48,False,True,False,upper_bound_with_inhaler,-0.1700280159993189,-0.17002801599931885,25,113
398,48,False,True,True,one_hot,-0.1700280159993189,-0.17002801599931885,25,114
398,48,False,True,True,lower_bound,-0.1700280159993189,-0.17002801599931885,25,115
398,48,False,True,True,midpoint,-0.1700280159993189,-0.17002801599931885,25,116
398,48,False,True,True,midpoint_with_inhaler,-0.1700280159993189,-0.17002801599931885,25,117
398,48,False,True,True,upper_bound,-0.1700280159993189,-0.17002801599931885,25,118
398,48,False,True,True,upper_bound_with_inhaler,-0.1700280159993189,-0.17002801599931885,25,119
398,48,True,False,False,one_hot,-0.010219344729000547,-0.010219344729000579,25,120
398,48,True,False,False,lower_bound,-0.0386433719191118,-0.06428247121755047,25,121
398,48,True,False,False,midpoint,-0.0386433719191118,-0.05263677605960211,25,122
398,48,True,False,False,midpoint_with_inhaler,-0.0386433719191118,-0.05263677605960211,25,123
398,48,True,False,False,upper_bound,-0.0386433719191118,-0.044573035453401515,25,124
398,48,True,False,False,upper_bound_with_inhaler,-0.0386433719191118,-0.044573035453401515,25,125
398,48,True,False,True,one_hot,-0.010219344729000547,-0.010219344729000579,25,126
398,48,True,False,True,lower_bound,-0.0386433719191118,-0.06428247121755047,25,127
398,48,True,False,True,midpoint,-0.0386433719191118,-0.05263677605960211,25,128
398,48,True,False,True,midpoint_with_inhaler,-0.0386433719191118,-0.05263677605960211,25,129
398,48,True,False,True,upper_bound,-0.0386433719191118,-0.044573035453401515,25,130
398,48,True,False,True,upper_bound_with_inhaler,-0.0386433719191118,-0.044573035453401515,25,131
447,12,False,False,False,one_hot,0.0883425271231368,0.0883425271231368,99,0
447,12,False,False,False,lower_bound,0.10687429711836736,0.1188603443591052,99,1
447,12,False,False,False,midpoint,0.10687429711836736,0.1160867540794566,99,2
447,12,False,False,False,midpoint_with_inhaler,0.10687429711836736,0.1160867540794566,99,3
447,12,False,False,False,upper_bound,0.10687429711836736,0.1129088093472339,99,4
447,12,False,False,False,upper_bound_with_inhaler,0.10687429711836736,0.1129088093472339,99,5
447,12,False,False,True,one_hot,0.0883425271231368,0.0883425271231368,99,6
447,12,False,False,True,lower_bound,0.10687429711836736,0.1188603443591052,99,7
447,12,False,False,True,midpoint,0.10687429711836736,0.1160867540794566,99,8
447,12,False,False,True,midpoint_with_inhaler,0.10687429711836736,0.1160867540794566,99,9
447,12,False,False,True,upper_bound,0.10687429711836736,0.1129088093472339,99,10
447,12,False,False,True,upper_bound_with_inhaler,0.10687429711836736,0.1129088093472339,99,11
447,12,False,True,False,one_hot,0.008043791631308198,0.008043791631308205,99,12
447,12,False,True,False,lower_bound,-0.07313810791237531,-0.02825915129127168,99,13
447,12,False,True,False,midpoint,-0.07313810791237531,-0.036965790593579066,99,14
447,12,False,True,False,midpoint_with_inhaler,-0.07313810791237531,-0.036965790593579066,99,15
447,12,False,True,False,upper_bound,-0.07313810791237531,-0.04004748836776089,99,16
447,12,False,True,False,upper_bound_with_inhaler,-0.07313810791237531,-0.04004748836776089,99,17
447,12,False,True,True,one_hot,0.008043791631308198,0.008043791631308205,99,18
447,12,False,True,True,lower_bound,-0.07313810791237531,-0.02825915129127168,99,19
447,12,False,True,True,midpoint,-0.07313810791237531,-0.036965790593579066,99,20
447,12,False,True,True,midpoint_with_inhaler,-0.07313810791237531,-0.036965790593579066,99,21
447,12,False,True,True,upper_bound,-0.07313810791237531,-0.04004748836776089,99,22
447,12,False,True,True,upper_bound_with_inhaler,-0.07313810791237531,-0.04004748836776089,99,23
447,12,True,False,False,one_hot,0.042151219170593245,0.04215121917059327,99,24
447,12,True,False,False,lower_bound,-0.07839110626945799,0.02570397723190039,99,25
447,12,True,False,False,midpoint,-0.07839110626945799,0.007846276162176659,99,26
447,12,True,False,False,midpoint_with_inhaler,-0.07839110626945799,0.007846276162176659,99,27
447,12,True,False,False,upper_bound,-0.07839110626945799,-0.004016771346034291,99,28
447,12,True,False,False,upper_bound_with_inhaler,-0.07839110626945799,-0.004016771346034291,99,29
447,12,True,False,True,one_hot,0.042151219170593245,0.04215121917059327,99,30
447,12,True,False,True,lower_bound,-0.07839110626945799,0.02570397723190039,99,31
447,12,True,False,True,midpoint,-0.07839110626945799,0.007846276162176659,99,32
447,12,True,False,True,midpoint_with_inhaler,-0.07839110626945799,0.007846276162176659,99,33
447,12,True,False,True,upper_bound,-0.07839110626945799,-0.004016771346034291,99,34
447,12,True,False,True,upper_bound_with_inhaler,-0.07839110626945799,-0.004016771346034291,99,35
447,24,False,False,False,one_hot,0.08239829486817757,0.08239829486817757,99,36
447,24,False,False,False,lower_bound,-0.038478308276847145,0.08844875973645129,99,37
447,24,False,False,False,midpoint,-0.038478308276847145,0.06441691866827004,99,38
447,24,False,False,False,midpoint_with_inhaler,-0.038478308276847145,0.06441691866827004,99,39
447,24,False,False,False,upper_bound,-0.038478308276847145,0.048742134054428086,99,40
447,24,False,False,False,upper_bound_with_inhaler,-0.038478308276847145,0.048742134054428086,99,41
447,24,False,False,True,one_hot,0.08239829486817757,0.08239829486817757,99,42
447,24,False,False,True,lower_bound,-0.038478308276847145,0.08844875973645129,99,43
447,24,False,False,True,midpoint,-0.038478308276847145,0.06441691866827004,99,44
447,24,False,False,True,midpoint_with_inhaler,-0.038478308276847145,0.06441691866827004,99,45
447,24,False,False,True,upper_bound,-0.038478308276847145,0.048742134054428086,99,46
447,24,False,False,True,upper_bound_with_inhaler,-0.038478308276847145,0.048742134054428086,99,47
447,24,False,True,False,one_hot,0.2267175370557066,0.22671753705570663,99,48
447,24,False,True,False,lower_bound,0.11130066729400116,0.23647507017097813,99,49
447,24,False,True,False,midpoint,0.11130066729400116,0.19755074084184554,99,50
447,24,False,True,False,midpoint_with_inhaler,0.11130066729400116,0.19755074084184554,99,51
447,24,False,True,False,upper_bound,0.11130066729400116,0.17056609710256124,99,52
447,24,False,True,False,upper_bound_with_inhaler,0.11130066729400116,0.17056609710256124,99,53
447,24,False,True,True,one_hot,0.2267175370557066,0.22671753705570663,99,54
447,24,False,True,True,lower_bound,0.11130066729400116,0.23647507017097813,99,55
447,24,False,True,True,midpoint,0.11130066729400116,0.19755074084184554,99,56
447,24,False,True,True,midpoint_with_inhaler,0.11130066729400116,0.19755074084184554,99,57
447,24,False,True,True,upper_bound,0.11130066729400116,0.17056609710256124,99,58
447,24,False,True,True,upper_bound_with_inhaler,0.11130066729400116,0.17056609710256124,99,59
447,24,True,False,False,one_hot,-0.0806103315371027,-0.08061033153710268,99,60
447,24,True,False,False,lower_bound,-0.019773895506156842,0.16838582901448224,99,61
447,24,True,False,False,midpoint,-0.019773895506156842,0.1185217211937391,99,62
447,24,True,False,False,midpoint_with_inhaler,-0.019773895506156842,0.1185217211937391,99,63
447,24,True,False,False,upper_bound,-0.019773895506156842,0.0855933178888129,99,64
447,24,True,False,False,upper_bound_with_inhaler,-0.019773895506156842,0.0855933178888129,99,65
447,24,True,False,True,one_hot,-0.0806103315371027,-0.08061033153710268,99,66
447,24,True,False,True,lower_bound,-0.019773895506156842,0.16838582901448224,99,67
447,24,True,False,True,midpoint,-0.019773895506156842,0.1185217211937391,99,68
447,24,True,False,True,midpoint_with_inhaler,-0.019773895506156842,0.1185217211937391,99,69
447,24,True,False,True,upper_bound,-0.019773895506156842,0.0855933178888129,99,70
447,24,True,False,True,upper_bound_with_inhaler,-0.019773895506156842,0.0855933178888129,99,71
447,36,False,False,False,one_hot,0.13993734752472897,0.13993734752472897,99,72
447,36,False,False,False,lower_bound,0.04262647823327688,0.21395141343914562,99,73
447,36,False,False,False,midpoint,0.04262647823327688,0.18167830886631742,99,74
447,36,False,False,False,midpoint_with_inhaler,0.04262647823327688,0.18167830886631742,99,75
447,36,False,False,False,upper_bound,0.04262647823327688,0.15831438871648681,99,76
447,36,False,False,False,upper_bound_with_inhaler,0.04262647823327688,0.15831438871648681,99,77
447,36,False,False,True,one_hot,0.13993734752472897,0.13993734752472897,99,78
447,36,False,False,True,lower_bound,0.04262647823327688,0.21395141343914562,99,79
447,36,False,False,True,midpoint,0.04262647823327688,0.18167830886631742,99,80
447,36,False,False,True,midpoint_with_inhaler,0.04262647823327688,0.18167830886631742,99,81
447,36,False,False,True,upper_bound,0.04262647823327688,0.15831438871648681,99,82
447,36,False,False,True,upper_bound_with_inhaler,0.04262647823327688,0.15831438871648681,99,83
447,36,True,False,False,one_hot,-0.07521508569708836,-0.07521508569708836,99,84
447,36,True,False,False,lower_bound,-0.09954710320563764,0.14412226558537827,99,85
447,36,True,False,False,midpoint,-0.09954710320563764,0.09661429971034588,99,86
447,36,True,False,False,midpoint_with_inhaler,-0.09954710320563764,0.09661429971034588,99,87
447,36,True,False,False,upper_bound,-0.09954710320563764,0.06502654267305019,99,88
447,36,True,False,False,upper_bound_with_inhaler,-0.09954710320563764,0.06502654267305019,99,89
447,36,True,False,True,one_hot,-0.07521508569708836,-0.07521508569708836,99,90
447,36,True,False,True,lower_bound,-0.09954710320563764,0.14412226558537827,99,91
447,36,True,False,True,midpoint,-0.09954710320563764,0.09661429971034588,99,92
447,36,True,False,True,midpoint_with_inhaler,-0.09954710320563764,0.09661429971034588,99,93
447,36,True,False,True,upper_bound,-0.09954710320563764,0.06502654267305019,99,94
447,36,True,False,True,upper_bound_with_inhaler,-0.09954710320563764,0.06502654267305019,99,95
447,48,False,False,False,one_hot,0.1831356971549374,0.1831356971549374,99,96
447,48,False,False,False,lower_bound,-0.1276902457422451,0.030454504538636577,99,97
447,48,False,False,False,midpoint,-0.1276902457422451,0.01725567806626563,99,98
447,48,False,False,False,midpoint_with_inhaler,-0.1276902457422451,0.01725567806626563,99,99
447,48,False,False,False,upper_bound,-0.1276902457422451,0.008899714325702716,99,100
447,48,False,False,False,upper_bound_with_inhaler,-0.1276902457422451,0.008899714325702716,99,101
447,48,False,False,True,one_hot,0.1831356971549374,0.1831356971549374,99,102
447,48,False,False,True,lower_bound,-0.1276902457422451,0.030454504538636577,99,103
447,48,False,False,True,midpoint,-0.1276902457422451,0.01725567806626563,99,104
447,48,False,False,True,midpoint_with_inhaler,-0.1276902457422451,0.01725567806626563,99,105
447,48,False,False,True,upper_bound,-0.1276902457422451,0.008899714325702716,99,106
447,48,False,False,True,upper_bound_with_inhaler,-0.1276902457422451,0.008899714325702716,99,107
447,48,False,True,False,one_hot,0.05756199099416076,0.05756199099416078,99,108
447,48,False,True,False,lower_bound,-0.05890868864745177,-0.02274613242912229,99,109
447,48,False,True,False,midpoint,-0.05890868864745177,-0.017168792820365205,99,110
447,48,False,True,False,midpoint_with_inhaler,-0.05890868864745177,-0.017168792820365205,99,111
447,48,False,True,False,upper_bound,-0.05890868864745177,-0.013838696484168519,99,112
447,48,False,True,False,upper_bound_with_inhaler,-0.05890868864745177,-0.013838696484168519,99,113
447,48,False,True,True,one_hot,0.05756199099416076,0.05756199099416078,99,114
447,48,False,True,True,lower_bound,-0.05890868864745177,-0.02274613242912229,99,115
447,48,False,True,True,midpoint,-0.05890868864745177,-0.017168792820365205,99,116
447,48,False,True,True,midpoint_with_inhaler,-0.05890868864745177,-0.017168792820365205,99,117
447,48,False,True,True,upper_bound,-0.05890868864745177,-0.013838696484168519,99,118
447,48,False,True,True,upper_bound_with_inhaler,-0.05890868864745177,-0.013838696484168519,99,119
447,48,True,False,False,one_hot,-0.07521508569708839,-0.07521508569708836,99,120
447,48,True,False,False,lower_bound,-0.28564196053719926,-0.22046977397568185,99,121
447,48,True,False,False,midpoint,-0.28564196053719926,-0.21629499862757276,99,122
447,48,True,False,False,midpoint_with_inhaler,-0.28564196053719926,-0.21629499862757276,99,123
447,48,True,False,False,upper_bound,-0.28564196053719926,-0.21095739658532286,99,124
447,48,True,False,False,upper_bound_with_inhaler,-0.28564196053719926,-0.21095739658532286,99,125
447,48,True,False,True,one_hot,-0.07521508569708839,-0.07521508569708836,99,126
447,48,True,False,True,lower_bound,-0.28564196053719926,-0.22046977397568185,99,127
447,48,True,False,True,midpoint,-0.28564196053719926,-0.21629499862757276,99,128
447,48,True,False,True,midpoint_with_inhaler,-0.28564196053719926,-0.21629499862757276,99,129
447,48,True,False,True,upper_bound,-0.28564196053719926,-0.21095739658532286,99,130
447,48,True,False,True,upper_bound_with_inhaler,-0.28564196053719926,-0.21095739658532286,99,131
454,12,False,False,False,one_hot,-0.22178412719255758,-0.22178412719255758,10,0
454,12,False,False,False,lower_bound,0.3376712779632193,0.34123654521613933,10,1
454,12,False,False,False,midpoint,0.3376712779632193,0.3007138063585193,10,2
454,12,False,False,False,midpoint_with_inhaler,0.3376712779632193,0.3007138063585193,10,3
454,12,False,False,False,upper_bound,0.3376712779632193,0.25376228905381204,10,4
454,12,False,False,False,upper_bound_with_inhaler,0.3376712779632193,0.25376228905381204,10,5
454,12,False,False,True,one_hot,-0.22178412719255758,-0.22178412719255758,10,6
454,12,False,False,True,lower_bound,0.3376712779632193,0.34123654521613933,10,7
454,12,False,False,True,midpoint,0.3376712779632193,0.3007138063585193,10,8
454,12,False,False,True,midpoint_with_inhaler,0.3376712779632193,0.3007138063585193,10,9
454,12,False,False,True,upper_bound,0.3376712779632193,0.25376228905381204,10,10
454,12,False,False,True,upper_bound_with_inhaler,0.3376712779632193,0.25376228905381204,10,11
454,12,False,True,False,one_hot,-0.1682361183106065,-0.16823611831060645,10,12
454,12,False,True,False,lower_bound,0.15173859758481661,0.29272456708976985,10,13
454,12,False,True,False,midpoint,0.15173859758481661,0.1870809652213212,10,14
454,12,False,True,False,midpoint_with_inhaler,0.15173859758481661,0.1870809652213212,10,15
454,12,False,True,False,upper_bound,0.15173859758481661,0.10688460397652785,10,16
454,12,False,True,False,upper_bound_with_inhaler,0.15173859758481661,0.10688460397652785,10,17
454,12,False,True,True,one_hot,-0.1682361183106065,-0.16823611831060645,10,18
454,12,False,True,True,lower_bound,0.15173859758481661,0.29272456708976985,10,19
454,12,False,True,True,midpoint,0.15173859758481661,0.1870809652213212,10,20
454,12,False,True,True,midpoint_with_inhaler,0.15173859758481661,0.1870809652213212,10,21
454,12,False,True,True,upper_bound,0.15173859758481661,0.10688460397652785,10,22
454,12,False,True,True,upper_bound_with_inhaler,0.15173859758481661,0.10688460397652785,10,23
454,12,True,False,False,one_hot,-0.11157177565710485,-0.11157177565710488,10,24
454,12,True,False,False,lower_bound,-0.003968274797868181,0.04298806589953362,10,25
454,12,True,False,False,midpoint,-0.003968274797868181,0.020159903051523216,10,26
454,12,True,False,False,midpoint_with_inhaler,-0.003968274797868181,0.020159903051523216,10,27
454,12,True,False,False,upper_bound,-0.003968274797868181,3.469446951953614e-18,10,28
454,12,True,False,False,upper_bound_with_inhaler,-0.003968274797868181,3.469446951953614e-18,10,29
454,12,True,False,True,one_hot,-0.11157177565710485,-0.11157177565710488,10,30
454,12,True,False,True,lower_bound,-0.003968274797868181,0.04298806589953362,10,31
454,12,True,False,True,midpoint,-0.003968274797868181,0.020159903051523216,10,32
454,12,True,False,True,midpoint_with_inhaler,-0.003968274797868181,0.020159903051523216,10,33
454,12,True,False,True,upper_bound,-0.003968274797868181,3.469446951953614e-18,10,34
454,12,True,False,True,upper_bound_with_inhaler,-0.003968274797868181,3.469446951953614e-18,10,35
454,24,False,False,False,one_hot,-0.11157177565710484,-0.11157177565710488,10,36
454,24,False,False,False,lower_bound,-0.42471112321295634,-0.41169857936008375,10,37
454,24,False,False,False,midpoint,-0.42471112321295634,-0.3792836722013749,10,38
454,24,False,False,False,midpoint_with_inhaler,-0.42471112321295634,-0.3792836722013749,10,39
454,24,False,False,False,upper_bound,-0.42471112321295634,-0.3465735902799726,10,40
454,24,False,False,False,upper_bound_with_inhaler,-0.42471112321295634,-0.3465735902799726,10,41
454,24,False,False,True,one_hot,-0.11157177565710484,-0.11157177565710488,10,42
454,24,False,False,True,lower_bound,-0.42471112321295634,-0.41169857936008375,10,43
454,24,False,False,True,midpoint,-0.42471112321295634,-0.3792836722013749,10,44
454,24,False,False,True,midpoint_with_inhaler,-0.42471112321295634,-0.3792836722013749,10,45
454,24,False,False,True,upper_bound,-0.42471112321295634,-0.3465735902799726,10,46
454,24,False,False,True,upper_bound_with_inhaler,-0.42471112321295634,-0.3465735902799726,10,47
454,24,False,True,False,one_hot,-0.11157177565710485,-0.11157177565710485,10,48
454,24,False,True,False,lower_bound,0.17315830691917636,0.27054863969476217,10,49
454,24,False,True,False,midpoint,0.17315830691917636,0.19877056137512383,10,50
454,24,False,True,False,midpoint_with_inhaler,0.17315830691917636,0.19877056137512383,10,51
454,24,False,True,False,upper_bound,0.17315830691917636,0.13930327192495381,10,52
454,24,False,True,False,upper_bound_with_inhaler,0.17315830691917636,0.13930327192495381,10,53
454,24,False,True,True,one_hot,-0.11157177565710485,-0.11157177565710485,10,54
454,24,False,True,True,lower_bound,0.17315830691917636,0.27054863969476217,10,55
454,24,False,True,True,midpoint,0.17315830691917636,0.19877056137512383,10,56
454,24,False,True,True,midpoint_with_inhaler,0.17315830691917636,0.19877056137512383,10,57
454,24,False,True,True,upper_bound,0.17315830691917636,0.13930327192495381,10,58
454,24,False,True,True,upper_bound_with_inhaler,0.17315830691917636,0.13930327192495381,10,59
454,24,True,False,False,one_hot,-0.2792011082900237,-0.2792011082900237,10,60
454,24,True,False,False,lower_bound,-0.046036866479845596,-0.18383361901139084,10,61
454,24,True,False,False,midpoint,-0.046036866479845596,-0.13748835605806964,10,62
454,24,True,False,False,midpoint_with_inhaler,-0.046036866479845596,-0.13748835605806964,10,63
454,24,True,False,False,upper_bound,-0.046036866479845596,-0.11693513370842917,10,64
454,24,True,False,False,upper_bound_with_inhaler,-0.046036866479845596,-0.11693513370842917,10,65
454,24,True,False,True,one_hot,-0.2792011082900237,-0.2792011082900237,10,66
454,24,True,False,True,lower_bound,-0.046036866479845596,-0.18383361901139084,10,67
454,24,True,False,True,midpoint,-0.046036866479845596,-0.13748835605806964,10,68
454,24,True,False,True,midpoint_with_inhaler,-0.046036866479845596,-0.13748835605806964,10,69
454,24,True,False,True,upper_bound,-0.046036866479845596,-0.11693513370842917,10,70
454,24,True,False,True,upper_bound_with_inhaler,-0.046036866479845596,-0.11693513370842917,10,71
454,36,False,False,False,one_hot,-0.11157177565710484,-0.11157177565710488,10,72
454,36,False,False,False,lower_bound,-0.09027425883306185,0.00609028156446327,10,73
454,36,False,False,False,midpoint,-0.09027425883306185,0.047818164243439015,10,74
454,36,False,False,False,midpoint_with_inhaler,-0.09027425883306185,0.047818164243439015,10,75
454,36,False,False,False,upper_bound,-0.09027425883306185,0.07286799355566972,10,76
454,36,False,False,False,upper_bound_with_inhaler,-0.09027425883306185,0.07286799355566972,10,77
454,36,False,False,True,one_hot,-0.11157177565710484,-0.11157177565710488,10,78
454,36,False,False,True,lower_bound,-0.09027425883306185,0.00609028156446327,10,79
454,36,False,False,True,midpoint,-0.09027425883306185,0.047818164243439015,10,80
454,36,False,False,True,midpoint_with_inhaler,-0.09027425883306185,0.047818164243439015,10,81
454,36,False,False,True,upper_bound,-0.09027425883306185,0.07286799355566972,10,82
454,36,False,False,True,upper_bound_with_inhaler,-0.09027425883306185,0.07286799355566972,10,83
454,36,True,False,False,one_hot,-0.27920110829002376,-0.2792011082900237,10,84
454,36,True,False,False,lower_bound,-0.49736672560203476,0.0,10,85
454,36,True,False,False,midpoint,-0.49736672560203476,-0.04184065100565284,10,86
454,36,True,False,False,midpoint_with_inhaler,-0.49736672560203476,-0.04184065100565284,10,87
454,36,True,False,False,upper_bound,-0.49736672560203476,-0.06571938758240262,10,88
454,36,True,False,False,upper_bound_with_inhaler,-0.49736672560203476,-0.06571938758240262,10,89
454,36,True,False,True,one_hot,-0.27920110829002376,-0.2792011082900237,10,90
454,36,True,False,True,lower_bound,-0.49736672560203476,0.0,10,91
454,36,True,False,True,midpoint,-0.49736672560203476,-0.04184065100565284,10,92
454,36,True,False,True,midpoint_with_inhaler,-0.49736672560203476,-0.04184065100565284,10,93
454,36,True,False,True,upper_bound,-0.49736672560203476,-0.06571938758240262,10,94
454,36,True,False,True,upper_bound_with_inhaler,-0.49736672560203476,-0.06571938758240262,10,95
454,48,False,False,False,one_hot,,,10,96
454,48,False,False,False,lower_bound,0.07985119160830406,0.0882736613921214,10,97
454,48,False,False,False,midpoint,0.07985119160830406,0.1221703494114137,10,98
454,48,False,False,False,midpoint_with_inhaler,0.07985119160830406,0.1221703494114137,10,99
454,48,False,False,False,upper_bound,0.07985119160830406,0.1501903904951261,10,100
454,48,False,False,False,upper_bound_with_inhaler,0.07985119160830406,0.1501903904951261,10,101
454,48,False,False,True,one_hot,,,10,102
454,48,False,False,True,lower_bound,0.07985119160830406,0.0882736613921214,10,103
454,48,False,False,True,midpoint,0.07985119160830406,0.1221703494114137,10,104
454,48,False,False,True,midpoint_with_inhaler,0.07985119160830406,0.1221703494114137,10,105
454,48,False,False,True,upper_bound,0.07985119160830406,0.1501903904951261,10,106
454,48,False,False,True,upper_bound_with_inhaler,0.07985119160830406,0.1501903904951261,10,107
454,48,False,True,False,one_hot,,,10,108
454,48,False,True,False,lower_bound,0.012859321264935305,0.07980879626513065,10,109
454,48,False,True,False,midpoint,0.012859321264935305,0.07977619650692486,10,110
454,48,False,True,False,midpoint_with_inhaler,0.012859321264935305,0.07977619650692486,10,111
454,48,False,True,False,upper_bound,0.012859321264935305,0.08102203565711098,10,112
454,48,False,True,False,upper_bound_with_inhaler,0.012859321264935305,0.08102203565711098,10,113
454,48,False,True,True,one_hot,,,10,114
454,48,False,True,True,lower_bound,0.012859321264935305,0.07980879626513065,10,115
454,48,False,True,True,midpoint,0.012859321264935305,0.07977619650692486,10,116
454,48,False,True,True,midpoint_with_inhaler,0.012859321264935305,0.07977619650692486,10,117
454,48,False,True,True,upper_bound,0.012859321264935305,0.08102203565711098,10,118
454,48,False,True,True,upper_bound_with_inhaler,0.012859321264935305,0.08102203565711098,10,119
454,48,True,False,False,one_hot,-0.1682361183106065,-0.16823611831060645,10,120
454,48,True,False,False,lower_bound,-0.17315830691917644,0.0,10,121
454,48,True,False,False,midpoint,-0.17315830691917644,-0.08420347837399479,10,122
454,48,True,False,False,midpoint_with_inhaler,-0.17315830691917644,-0.08420347837399479,10,123
454,48,True,False,False,upper_bound,-0.17315830691917644,-0.13930327192495381,10,124
454,48,True,False,False,upper_bound_with_inhaler,-0.17315830691917644,-0.13930327192495381,10,125
454,48,True,False,True,one_hot,-0.1682361183106065,-0.16823611831060645,10,126
454,48,True,False,True,lower_bound,-0.17315830691917644,0.0,10,127
454,48,True,False,True,midpoint,-0.17315830691917644,-0.08420347837399479,10,128
454,48,True,False,True,midpoint_with_inhaler,-0.17315830691917644,-0.08420347837399479,10,129
454,48,True,False,True,upper_bound,-0.17315830691917644,-0.13930327192495381,10,130
454,48,True,False,True,upper_bound_with_inhaler,-0.17315830691917644,-0.13930327192495381,10,131
473,12,False,False,False,one_hot,0.36860041667100013,0.36860041667100013,69,0
473,12,False,False,False,lower_bound,0.6551225940152697,0.8982096666722662,69,1
473,12,False,False,False,midpoint,0.6551225940152697,0.8850576369113304,69,2
473,12,False,False,False,midpoint_with_inhaler,0.6551225940152697,0.8850576369113304,69,3
473,12,False,False,False,upper_bound,0.6551225940152697,0.8604973230599249,69,4
473,12,False,False,False,upper_bound_with_inhaler,0.6551225940152697,0.8604973230599249,69,5
473,12,False,False,True,one_hot,0.36860041667100013,0.36860041667100013,69,6
473,12,False,False,True,lower_bound,0.6551225940152697,0.8982096666722662,69,7
473,12,False,False,True,midpoint,0.6551225940152697,0.8850576369113304,69,8
473,12,False,False,True,midpoint_with_inhaler,0.6551225940152697,0.8850576369113304,69,9
473,12,False,False,True,upper_bound,0.6551225940152697,0.8604973230599249,69,10
473,12,False,False,True,upper_bound_with_inhaler,0.6551225940152697,0.8604973230599249,69,11
473,12,False,True,False,one_hot,0.18156444715279227,0.18156444715279224,69,12
473,12,False,True,False,lower_bound,0.6877253478710075,0.9057609753850332,69,13
473,12,False,True,False,midpoint,0.6877253478710075,0.9775440581352082,69,14
473,12,False,True,False,midpoint_with_inhaler,0.6877253478710075,0.9775440581352082,69,15
473,12,False,True,False,upper_bound,0.6877253478710075,1.0204257433056068,69,16
473,12,False,True,False,upper_bound_with_inhaler,0.6877253478710075,1.0204257433056068,69,17
473,12,False,True,True,one_hot,0.18156444715279227,0.18156444715279224,69,18
473,12,False,True,True,lower_bound,0.6877253478710075,0.9057609753850332,69,19
473,12,False,True,True,midpoint,0.6877253478710075,0.9775440581352082,69,20
473,12,False,True,True,midpoint_with_inhaler,0.6877253478710075,0.9775440581352082,69,21
473,12,False,True,True,upper_bound,0.6877253478710075,1.0204257433056068,69,22
473,12,False,True,True,upper_bound_with_inhaler,0.6877253478710075,1.0204257433056068,69,23
473,12,True,False,False,one_hot,0.25793953725718627,0.25793953725718616,69,24
473,12,True,False,False,lower_bound,0.5292296343195733,0.6863797116907289,69,25
473,12,True,False,False,midpoint,0.5292296343195733,0.7502911101613493,69,26
473,12,True,False,False,midpoint_with_inhaler,0.5292296343195733,0.7502911101613493,69,27
473,12,True,False,False,upper_bound,0.5292296343195733,0.7914479969500985,69,28
473,12,True,False,False,upper_bound_with_inhaler,0.5292296343195733,0.7914479969500985,69,29
473,12,True,False,True,one_hot,0.25793953725718627,0.25793953725718616,69,30
473,12,True,False,True,lower_bound,0.5292296343195733,0.6863797116907289,69,31
473,12,True,False,True,midpoint,0.5292296343195733,0.7502911101613493,69,32
473,12,True,False,True,midpoint_with_inhaler,0.5292296343195733,0.7502911101613493,69,33
473,12,True,False,True,upper_bound,0.5292296343195733,0.7914479969500985,69,34
473,12,True,False,True,upper_bound_with_inhaler,0.5292296343195733,0.7914479969500985,69,35
473,24,False,False,False,one_hot,0.10587546887371088,0.10587546887371085,69,36
473,24,False,False,False,lower_bound,0.5360574518492168,0.9089035468940514,69,37
473,24,False,False,False,midpoint,0.5360574518492168,0.954348541909808,69,38
473,24,False,False,False,midpoint_with_inhaler,0.5360574518492168,0.954348541909808,69,39
473,24,False,False,False,upper_bound,0.5360574518492168,0.9754197485638203,69,40
473,24,False,False,False,upper_bound_with_inhaler,0.5360574518492168,0.9754197485638203,69,41
473,24,False,False,True,one_hot,0.10587546887371088,0.10587546887371085,69,42
473,24,False,False,True,lower_bound,0.5360574518492168,0.9089035468940514,69,43
473,24,False,False,True,midpoint,0.5360574518492168,0.954348541909808,69,44
473,24,False,False,True,midpoint_with_inhaler,0.5360574518492168,0.954348541909808,69,45
473,24,False,False,True,upper_bound,0.5360574518492168,0.9754197485638203,69,46
473,24,False,False,True,upper_bound_with_inhaler,0.5360574518492168,0.9754197485638203,69,47
473,24,False,True,False,one_hot,0.1975669224926018,0.19756692249260174,69,48
473,24,False,True,False,lower_bound,0.4266447465963777,0.49612991980351184,69,49
473,24,False,True,False,midpoint,0.4266447465963777,0.49758760094858523,69,50
473,24,False,True,False,midpoint_with_inhaler,0.4266447465963777,0.49758760094858523,69,51
473,24,False,True,False,upper_bound,0.4266447465963777,0.49563362558181984,69,52
473,24,False,True,False,upper_bound_with_inhaler,0.4266447465963777,0.49563362558181984,69,53
473,24,False,True,True,one_hot,0.1975669224926018,0.19756692249260174,69,54
473,24,False,True,True,lower_bound,0.4266447465963777,0.49612991980351184,69,55
473,24,False,True,True,midpoint,0.4266447465963777,0.49758760094858523,69,56
473,24,False,True,True,midpoint_with_inhaler,0.4266447465963777,0.49758760094858523,69,57
473,24,False,True,True,upper_bound,0.4266447465963777,0.49563362558181984,69,58
473,24,False,True,True,upper_bound_with_inhaler,0.4266447465963777,0.49563362558181984,69,59
473,24,True,False,False,one_hot,0.1768779961067498,0.17687799610674979,69,60
473,24,True,False,False,lower_bound,0.6596690736887374,1.0219652744826173,69,61
473,24,True,False,False,midpoint,0.6596690736887374,1.0416872751134458,69,62
473,24,True,False,False,midpoint_with_inhaler,0.6596690736887374,1.0416872751134458,69,63
473,24,True,False,False,upper_bound,0.6596690736887374,1.0415989088690776,69,64
473,24,True,False,False,upper_bound_with_inhaler,0.6596690736887374,1.0415989088690776,69,65
473,24,True,False,True,one_hot,0.1768779961067498,0.17687799610674979,69,66
473,24,True,False,True,lower_bound,0.6596690736887374,1.0219652744826173,69,67
473,24,True,False,True,midpoint,0.6596690736887374,1.0416872751134458,69,68
473,24,True,False,True,midpoint_with_inhaler,0.6596690736887374,1.0416872751134458,69,69
473,24,True,False,True,upper_bound,0.6596690736887374,1.0415989088690776,69,70
473,24,True,False,True,upper_bound_with_inhaler,0.6596690736887374,1.0415989088690776,69,71
473,36,False,False,False,one_hot,0.31071366229123576,0.3107136622912357,69,72
473,36,False,False,False,lower_bound,0.6621230370667739,0.8819904038886739,69,73
473,36,False,False,False,midpoint,0.6621230370667739,0.8488477635095756,69,74
473,36,False,False,False,midpoint_with_inhaler,0.6621230370667739,0.8939513125190269,69,75
473,36,False,False,False,upper_bound,0.6575806396876568,0.8040704575155834,69,76
473,36,False,False,False,upper_bound_with_inhaler,0.6621230370667739,0.8948862871644933,69,77
473,36,False,False,True,one_hot,0.31071366229123576,0.3107136622912357,69,78
473,36,False,False,True,lower_bound,0.6621230370667739,0.8819904038886739,69,79
473,36,False,False,True,midpoint,0.6621230370667739,0.8488477635095756,69,80
473,36,False,False,True,midpoint_with_inhaler,0.6621230370667739,0.8939513125190269,69,81
473,36,False,False,True,upper_bound,0.6575806396876568,0.8040704575155834,69,82
473,36,False,False,True,upper_bound_with_inhaler,0.6621230370667739,0.8948862871644933,69,83
473,36,True,False,False,one_hot,0.18156444715279227,0.18156444715279224,69,84
473,36,True,False,False,lower_bound,0.4676506491256539,0.6533467892823506,69,85
473,36,True,False,False,midpoint,0.4676506491256539,0.6547238124594238,69,86
473,36,True,False,False,midpoint_with_inhaler,0.4676506491256539,0.6547238124594238,69,87
473,36,True,False,False,upper_bound,0.4676506491256539,0.651349869247285,69,88
473,36,True,False,False,upper_bound_with_inhaler,0.4676506491256539,0.651349869247285,69,89
473,36,True,False,True,one_hot,0.18156444715279227,0.18156444715279224,69,90
473,36,True,False,True,lower_bound,0.4676506491256539,0.6533467892823506,69,91
473,36,True,False,True,midpoint,0.4676506491256539,0.6547238124594238,69,92
473,36,True,False,True,midpoint_with_inhaler,0.4676506491256539,0.6547238124594238,69,93
473,36,True,False,True,upper_bound,0.4676506491256539,0.651349869247285,69,94
473,36,True,False,True,upper_bound_with_inhaler,0.4676506491256539,0.651349869247285,69,95
473,48,False,False,False,one_hot,,,69,96
473,48,False,False,False,lower_bound,0.6159972372880802,0.8074951734135696,69,97
473,48,False,False,False,midpoint,0.6159972372880802,0.7738784369561734,69,98
473,48,False,False,False,midpoint_with_inhaler,0.6159972372880802,0.8102095070810218,69,99
473,48,False,False,False,upper_bound,0.6071176415597108,0.7303217696204751,69,100
473,48,False,False,False,upper_bound_with_inhaler,0.6159972372880802,0.8063178113660529,69,101
473,48,False,False,True,one_hot,,,69,102
473,48,False,False,True,lower_bound,0.6159972372880802,0.8074951734135696,69,103
473,48,False,False,True,midpoint,0.6159972372880802,0.7738784369561734,69,104
473,48,False,False,True,midpoint_with_inhaler,0.6159972372880802,0.8102095070810218,69,105
473,48,False,False,True,upper_bound,0.6071176415597108,0.7303217696204751,69,106
473,48,False,False,True,upper_bound_with_inhaler,0.6159972372880802,0.8063178113660529,69,107
473,48,False,True,False,one_hot,-0.04280023497207909,-0.04280023497207907,69,108
473,48,False,True,False,lower_bound,0.1113469161023003,0.221370267442897,69,109
473,48,False,True,False,midpoint,0.1113469161023003,0.24323843195830624,69,110
473,48,False,True,False,midpoint_with_inhaler,0.1113469161023003,0.24323843195830624,69,111
473,48,False,True,False,upper_bound,0.1113469161023003,0.25569102088470286,69,112
473,48,False,True,False,upper_bound_with_inhaler,0.1113469161023003,0.25569102088470286,69,113
473,48,False,True,True,one_hot,-0.04280023497207909,-0.04280023497207907,69,114
473,48,False,True,True,lower_bound,0.1113469161023003,0.221370267442897,69,115
473,48,False,True,True,midpoint,0.1113469161023003,0.24323843195830624,69,116
473,48,False,True,True,midpoint_with_inhaler,0.1113469161023003,0.24323843195830624,69,117
473,48,False,True,True,upper_bound,0.1113469161023003,0.25569102088470286,69,118
473,48,False,True,True,upper_bound_with_inhaler,0.1113469161023003,0.25569102088470286,69,119
473,48,True,False,False,one_hot,-0.06923667712868334,-0.06923667712868334,69,120
473,48,True,False,False,lower_bound,0.4176044871810936,0.5647978719754648,69,121
473,48,True,False,False,midpoint,0.4176044871810936,0.5589611783753955,69,122
473,48,True,False,False,midpoint_with_inhaler,0.4176044871810936,0.5589611783753955,69,123
473,48,True,False,False,upper_bound,0.4176044871810936,0.549437149745952,69,124
473,48,True,False,False,upper_bound_with_inhaler,0.4176044871810936,0.549437149745952,69,125
473,48,True,False,True,one_hot,-0.06923667712868334,-0.06923667712868334,69,126
473,48,True,False,True,lower_bound,0.4176044871810936,0.5647978719754648,69,127
473,48,True,False,True,midpoint,0.4176044871810936,0.5589611783753955,69,128
473,48,True,False,True,midpoint_with_inhaler,0.4176044871810936,0.5589611783753955,69,129
473,48,True,False,True,upper_bound,0.4176044871810936,0.549437149745952,69,130
473,48,True,False,True,upper_bound_with_inhaler,0.4176044871810936,0.549437149745952,69,131
514,12,False,False,False,one_hot,0.169496636869007,0.169496636869007,54,0
514,12,False,False,False,lower_bound,0.15841375397058835,0.11314467232191894,54,1
514,12,False,False,False,midpoint,0.15841375397058835,0.13241072221968012,54,2
514,12,False,False,False,midpoint_with_inhaler,0.15841375397058835,0.13241072221968012,54,3
514,12,False,False,False,upper_bound,0.15841375397058835,0.14225624884525093,54,4
514,12,False,False,False,upper_bound_with_inhaler,0.15841375397058835,0.14225624884525093,54,5
514,12,False,False,True,one_hot,0.169496636869007,0.169496636869007,54,6
514,12,False,False,True,lower_bound,0.15841375397058835,0.11314467232191894,54,7
514,12,False,False,True,midpoint,0.15841375397058835,0.13241072221968012,54,8
514,12,False,False,True,midpoint_with_inhaler,0.15841375397058835,0.13241072221968012,54,9
514,12,False,False,True,upper_bound,0.15841375397058835,0.14225624884525093,54,10
514,12,False,False,True,upper_bound_with_inhaler,0.15841375397058835,0.14225624884525093,54,11
514,12,False,True,False,one_hot,0.09751173312717026,0.09751173312717024,54,12
514,12,False,True,False,lower_bound,0.0847018980972782,0.04009064394513892,54,13
514,12,False,True,False,midpoint,0.0847018980972782,0.05807066852051606,54,14
514,12,False,True,False,midpoint_with_inhaler,0.0847018980972782,0.05807066852051606,54,15
514,12,False,True,False,upper_bound,0.0847018980972782,0.06775449868078087,54,16
514,12,False,True,False,upper_bound_with_inhaler,0.0847018980972782,0.06775449868078087,54,17
514,12,False,True,True,one_hot,0.09751173312717026,0.09751173312717024,54,18
514,12,False,True,True,lower_bound,0.0847018980972782,0.04009064394513892,54,19
514,12,False,True,True,midpoint,0.0847018980972782,0.05807066852051606,54,20
514,12,False,True,True,midpoint_with_inhaler,0.0847018980972782,0.05807066852051606,54,21
514,12,False,True,True,upper_bound,0.0847018980972782,0.06775449868078087,54,22
514,12,False,True,True,upper_bound_with_inhaler,0.0847018980972782,0.06775449868078087,54,23
514,12,True,False,False,one_hot,0.2656156125775094,0.2656156125775094,54,24
514,12,True,False,False,lower_bound,0.2487052904342352,0.1793405920931846,54,25
514,12,True,False,False,midpoint,0.2487052904342352,0.2088597817389464,54,26
514,12,True,False,False,midpoint_with_inhaler,0.2487052904342352,0.2088597817389464,54,27
514,12,True,False,False,upper_bound,0.2487052904342352,0.2239541059362761,54,28
514,12,True,False,False,upper_bound_with_inhaler,0.2487052904342352,0.2239541059362761,54,29
514,12,True,False,True,one_hot,0.2656156125775094,0.2656156125775094,54,30
514,12,True,False,True,lower_bound,0.2487052904342352,0.1793405920931846,54,31
514,12,True,False,True,midpoint,0.2487052904342352,0.2088597817389464,54,32
514,12,True,False,True,midpoint_with_inhaler,0.2487052904342352,0.2088597817389464,54,33
514,12,True,False,True,upper_bound,0.2487052904342352,0.2239541059362761,54,34
514,12,True,False,True,upper_bound_with_inhaler,0.2487052904342352,0.2239541059362761,54,35
514,24,False,False,False,one_hot,0.07153668951098019,0.07153668951098018,54,36
514,24,False,False,False,lower_bound,0.10324307578309917,0.19068450950093666,54,37
514,24,False,False,False,midpoint,0.10324307578309917,0.15900650248720277,54,38
514,24,False,False,False,midpoint_with_inhaler,0.10324307578309917,0.15900650248720277,54,39
514,24,False,False,False,upper_bound,0.10324307578309917,0.14007651848653796,54,40
514,24,False,False,False,upper_bound_with_inhaler,0.10324307578309917,0.14007651848653796,54,41
514,24,False,False,True,one_hot,0.07153668951098019,0.07153668951098018,54,42
514,24,False,False,True,lower_bound,0.10324307578309917,0.19068450950093666,54,43
514,24,False,False,True,midpoint,0.10324307578309917,0.15900650248720277,54,44
514,24,False,False,True,midpoint_with_inhaler,0.10324307578309917,0.15900650248720277,54,45
514,24,False,False,True,upper_bound,0.10324307578309917,0.14007651848653796,54,46
514,24,False,False,True,upper_bound_with_inhaler,0.10324307578309917,0.14007651848653796,54,47
514,24,False,True,False,one_hot,0.12885853898814212,0.12885853898814212,54,48
514,24,False,True,False,lower_bound,0.12584687595869504,0.11416537350329166,54,49
514,24,False,True,False,midpoint,0.12584687595869504,0.12568505521367043,54,50
514,24,False,True,False,midpoint_with_inhaler,0.12584687595869504,0.12568505521367043,54,51
514,24,False,True,False,upper_bound,0.12584687595869504,0.12980683134849494,54,52
514,24,False,True,False,upper_bound_with_inhaler,0.12584687595869504,0.12980683134849494,54,53
514,24,False,True,True,one_hot,0.12885853898814212,0.12885853898814212,54,54
514,24,False,True,True,lower_bound,0.12584687595869504,0.11416537350329166,54,55
514,24,False,True,True,midpoint,0.12584687595869504,0.12568505521367043,54,56
514,24,False,True,True,midpoint_with_inhaler,0.12584687595869504,0.12568505521367043,54,57
514,24,False,True,True,upper_bound,0.12584687595869504,0.12980683134849494,54,58
514,24,False,True,True,upper_bound_with_inhaler,0.12584687595869504,0.12980683134849494,54,59
514,24,True,False,False,one_hot,0.12287428921672919,0.12287428921672919,54,60
514,24,True,False,False,lower_bound,0.11166126763670794,0.06967544573382323,54,61
514,24,True,False,False,midpoint,0.11166126763670794,0.08704864246442989,54,62
514,24,True,False,False,midpoint_with_inhaler,0.11166126763670794,0.08704864246442989,54,63
514,24,True,False,False,upper_bound,0.11166126763670794,0.0961704223742089,54,64
514,24,True,False,False,upper_bound_with_inhaler,0.11166126763670794,0.0961704223742089,54,65
514,24,True,False,True,one_hot,0.12287428921672919,0.12287428921672919,54,66
514,24,True,False,True,lower_bound,0.11166126763670794,0.06967544573382323,54,67
514,24,True,False,True,midpoint,0.11166126763670794,0.08704864246442989,54,68
514,24,True,False,True,midpoint_with_inhaler,0.11166126763670794,0.08704864246442989,54,69
514,24,True,False,True,upper_bound,0.11166126763670794,0.0961704223742089,54,70
514,24,True,False,True,upper_bound_with_inhaler,0.11166126763670794,0.0961704223742089,54,71
514,36,False,False,False,one_hot,0.051141048759977166,0.051141048759977145,54,72
514,36,False,False,False,lower_bound,0.04001724533078603,0.0038296377961626517,54,73
514,36,False,False,False,midpoint,0.04001724533078603,0.01801957440821202,54,74
514,36,False,False,False,midpoint_with_inhaler,0.04001724533078603,0.01801957440821202,54,75
514,36,False,False,False,upper_bound,0.04001724533078603,0.02586879888291325,54,76
514,36,False,False,False,upper_bound_with_inhaler,0.04001724533078603,0.02586879888291325,54,77
514,36,False,False,True,one_hot,0.051141048759977166,0.051141048759977145,54,78
514,36,False,False,True,lower_bound,0.04001724533078603,0.0038296377961626517,54,79
514,36,False,False,True,midpoint,0.04001724533078603,0.01801957440821202,54,80
514,36,False,False,True,midpoint_with_inhaler,0.04001724533078603,0.01801957440821202,54,81
514,36,False,False,True,upper_bound,0.04001724533078603,0.02586879888291325,54,82
514,36,False,False,True,upper_bound_with_inhaler,0.04001724533078603,0.02586879888291325,54,83
514,36,True,False,False,one_hot,-0.04297553154901094,-0.04297553154901096,54,84
514,36,True,False,False,lower_bound,-0.04852626237331007,-0.061237060217794785,54,85
514,36,True,False,False,midpoint,-0.04852626237331007,-0.05714594411924982,54,86
514,36,True,False,False,midpoint_with_inhaler,-0.04852626237331007,-0.05714594411924982,54,87
514,36,True,False,False,upper_bound,-0.04852626237331007,-0.05440142992439952,54,88
514,36,True,False,False,upper_bound_with_inhaler,-0.04852626237331007,-0.05440142992439952,54,89
514,36,True,False,True,one_hot,-0.04297553154901094,-0.04297553154901096,54,90
514,36,True,False,True,lower_bound,-0.04852626237331007,-0.061237060217794785,54,91
514,36,True,False,True,midpoint,-0.04852626237331007,-0.05714594411924982,54,92
514,36,True,False,True,midpoint_with_inhaler,-0.04852626237331007,-0.05714594411924982,54,93
514,36,True,False,True,upper_bound,-0.04852626237331007,-0.05440142992439952,54,94
514,36,True,False,True,upper_bound_with_inhaler,-0.04852626237331007,-0.05440142992439952,54,95
514,48,False,False,False,one_hot,-0.016749847027813042,-0.016749847027813056,54,96
514,48,False,False,False,lower_bound,0.01971217270535822,0.10124900128885624,54,97
514,48,False,False,False,midpoint,0.01971217270535822,0.07587570856577994,54,98
514,48,False,False,False,midpoint_with_inhaler,0.01971217270535822,0.07587570856577994,54,99
514,48,False,False,False,upper_bound,0.01971217270535822,0.05786125534779677,54,100
514,48,False,False,False,upper_bound_with_inhaler,0.01971217270535822,0.05786125534779677,54,101
514,48,False,False,True,one_hot,-0.016749847027813042,-0.016749847027813056,54,102
514,48,False,False,True,lower_bound,0.01971217270535822,0.10124900128885624,54,103
514,48,False,False,True,midpoint,0.01971217270535822,0.07587570856577994,54,104
514,48,False,False,True,midpoint_with_inhaler,0.01971217270535822,0.07587570856577994,54,105
514,48,False,False,True,upper_bound,0.01971217270535822,0.05786125534779677,54,106
514,48,False,False,True,upper_bound_with_inhaler,0.01971217270535822,0.05786125534779677,54,107
514,48,False,True,False,one_hot,0.05114104875997718,0.05114104875997713,54,108
514,48,False,True,False,lower_bound,0.040017245330786023,0.0038296377961626552,54,109
514,48,False,True,False,midpoint,0.040017245330786023,0.01801957440821203,54,110
514,48,False,True,False,midpoint_with_inhaler,0.040017245330786023,0.01801957440821203,54,111
514,48,False,True,False,upper_bound,0.040017245330786023,0.02586879888291331,54,112
514,48,False,True,False,upper_bound_with_inhaler,0.040017245330786023,0.02586879888291331,54,113
514,48,False,True,True,one_hot,0.05114104875997718,0.05114104875997713,54,114
514,48,False,True,True,lower_bound,0.040017245330786023,0.0038296377961626552,54,115
514,48,False,True,True,midpoint,0.040017245330786023,0.01801957440821203,54,116
514,48,False,True,True,midpoint_with_inhaler,0.040017245330786023,0.01801957440821203,54,117
514,48,False,True,True,upper_bound,0.040017245330786023,0.02586879888291331,54,118
514,48,False,True,True,upper_bound_with_inhaler,0.040017245330786023,0.02586879888291331,54,119
514,48,True,False,False,one_hot,0.1875375910016768,0.18753759100167666,54,120
514,48,True,False,False,lower_bound,0.17120038577525654,0.10959765683877404,54,121
514,48,True,False,False,midpoint,0.17120038577525654,0.1351379424284516,54,122
514,48,True,False,False,midpoint_with_inhaler,0.17120038577525654,0.1351379424284516,54,123
514,48,True,False,False,upper_bound,0.17120038577525654,0.1485245321610448,54,124
514,48,True,False,False,upper_bound_with_inhaler,0.17120038577525654,0.1485245321610448,54,125
514,48,True,False,True,one_hot,0.1875375910016768,0.18753759100167666,54,126
514,48,True,False,True,lower_bound,0.17120038577525654,0.10959765683877404,54,127
514,48,True,False,True,midpoint,0.17120038577525654,0.1351379424284516,54,128
514,48,True,False,True,midpoint_with_inhaler,0.17120038577525654,0.1351379424284516,54,129
514,48,True,False,True,upper_bound,0.17120038577525654,0.1485245321610448,54,130
514,48,True,False,True,upper_bound_with_inhaler,0.17120038577525654,0.1485245321610448,54,131
625,12,False,False,False,one_hot,-0.06945493805663687,-0.06945493805663688,62,0
625,12,False,False,False,lower_bound,-0.03811122131852226,-0.02961571078064155,62,1
625,12,False,False,False,midpoint,-0.03811122131852226,-0.04315720144996951,62,2
625,12,False,False,False,midpoint_with_inhaler,-0.03811122131852226,-0.04315720144996951,62,3
625,12,False,False,False,upper_bound,-0.03811122131852226,-0.052703677061772744,62,4
625,12,False,False,False,upper_bound_with_inhaler,-0.03811122131852226,-0.052703677061772744,62,5
625,12,False,False,True,one_hot,-0.06945493805663687,-0.06945493805663688,62,6
625,12,False,False,True,lower_bound,-0.03811122131852226,-0.02961571078064155,62,7
625,12,False,False,True,midpoint,-0.03811122131852226,-0.04315720144996951,62,8
625,12,False,False,True,midpoint_with_inhaler,-0.03811122131852226,-0.04315720144996951,62,9
625,12,False,False,True,upper_bound,-0.03811122131852226,-0.052703677061772744,62,10
625,12,False,False,True,upper_bound_with_inhaler,-0.03811122131852226,-0.052703677061772744,62,11
625,12,False,True,False,one_hot,0.2118662115949518,0.21186621159495195,62,12
625,12,False,True,False,lower_bound,0.1060358969902255,-0.014904644765195164,62,13
625,12,False,True,False,midpoint,0.1060358969902255,0.018252396758920042,62,14
625,12,False,True,False,midpoint_with_inhaler,0.1060358969902255,0.018252396758920042,62,15
625,12,False,True,False,upper_bound,0.1060358969902255,0.04212913248222664,62,16
625,12,False,True,False,upper_bound_with_inhaler,0.1060358969902255,0.04212913248222664,62,17
625,12,False,True,True,one_hot,0.2118662115949518,0.21186621159495195,62,18
625,12,False,True,True,lower_bound,0.1060358969902255,-0.014904644765195164,62,19
625,12,False,True,True,midpoint,0.1060358969902255,0.018252396758920042,62,20
625,12,False,True,True,midpoint_with_inhaler,0.1060358969902255,0.018252396758920042,62,21
625,12,False,True,True,upper_bound,0.1060358969902255,0.04212913248222664,62,22
625,12,False,True,True,upper_bound_with_inhaler,0.1060358969902255,0.04212913248222664,62,23
625,12,True,False,False,one_hot,0.07136262680973082,0.07136262680973088,62,24
625,12,True,False,False,lower_bound,0.06504960375712067,0.04519956037302648,62,25
625,12,True,False,False,midpoint,0.06504960375712067,0.07299645196204713,62,26
625,12,True,False,False,midpoint_with_inhaler,0.06504960375712067,0.07299645196204713,62,27
625,12,True,False,False,upper_bound,0.06504960375712067,0.0908772174618293,62,28
625,12,True,False,False,upper_bound_with_inhaler,0.06504960375712067,0.0908772174618293,62,29
625,12,True,False,True,one_hot,0.07136262680973082,0.07136262680973088,62,30
625,12,True,False,True,lower_bound,0.06504960375712067,0.04519956037302648,62,31
625,12,True,False,True,midpoint,0.06504960375712067,0.07299645196204713,62,32
625,12,True,False,True,midpoint_with_inhaler,0.06504960375712067,0.07299645196204713,62,33
625,12,True,False,True,upper_bound,0.06504960375712067,0.0908772174618293,62,34
625,12,True,False,True,upper_bound_with_inhaler,0.06504960375712067,0.0908772174618293,62,35
625,24,False,False,False,one_hot,-0.029297338730725098,-0.029297338730725098,62,36
625,24,False,False,False,lower_bound,-0.0643356957704857,-0.07319040285196389,62,37
625,24,False,False,False,midpoint,-0.0643356957704857,-0.0533458202438167,62,38
625,24,False,False,False,midpoint_with_inhaler,-0.0643356957704857,-0.0533458202438167,62,39
625,24,False,False,False,upper_bound,-0.0643356957704857,-0.039738037087708185,62,40
625,24,False,False,False,upper_bound_with_inhaler,-0.0643356957704857,-0.039738037087708185,62,41
625,24,False,False,True,one_hot,-0.029297338730725098,-0.029297338730725098,62,42
625,24,False,False,True,lower_bound,-0.0643356957704857,-0.07319040285196389,62,43
625,24,False,False,True,midpoint,-0.0643356957704857,-0.0533458202438167,62,44
625,24,False,False,True,midpoint_with_inhaler,-0.0643356957704857,-0.0533458202438167,62,45
625,24,False,False,True,upper_bound,-0.0643356957704857,-0.039738037087708185,62,46
625,24,False,False,True,upper_bound_with_inhaler,-0.0643356957704857,-0.039738037087708185,62,47
625,24,False,True,False,one_hot,0.04692258234789936,0.04692258234789938,62,48
625,24,False,True,False,lower_bound,0.06649355837972629,-0.015500661288960448,62,49
625,24,False,True,False,midpoint,0.06649355837972629,-0.010260307862982466,62,50
625,24,False,True,False,midpoint_with_inhaler,0.06649355837972629,-0.010260307862982466,62,51
625,24,False,True,False,upper_bound,0.06649355837972629,-0.007251760639725832,62,52
625,24,False,True,False,upper_bound_with_inhaler,0.06649355837972629,-0.007251760639725832,62,53
625,24,False,True,True,one_hot,0.04692258234789936,0.04692258234789938,62,54
625,24,False,True,True,lower_bound,0.06649355837972629,-0.015500661288960448,62,55
625,24,False,True,True,midpoint,0.06649355837972629,-0.010260307862982466,62,56
625,24,False,True,True,midpoint_with_inhaler,0.06649355837972629,-0.010260307862982466,62,57
625,24,False,True,True,upper_bound,0.06649355837972629,-0.007251760639725832,62,58
625,24,False,True,True,upper_bound_with_inhaler,0.06649355837972629,-0.007251760639725832,62,59
625,24,True,False,False,one_hot,0.23128818612454466,0.2312881861245446,62,60
625,24,True,False,False,lower_bound,0.21130882964483677,0.06252548370407439,62,61
625,24,True,False,False,midpoint,0.21130882964483677,0.09325212272080563,62,62
625,24,True,False,False,midpoint_with_inhaler,0.21130882964483677,0.09325212272080563,62,63
625,24,True,False,False,upper_bound,0.21130882964483677,0.11146652833614691,62,64
625,24,True,False,False,upper_bound_with_inhaler,0.21130882964483677,0.11146652833614691,62,65
625,24,True,False,True,one_hot,0.23128818612454466,0.2312881861245446,62,66
625,24,True,False,True,lower_bound,0.21130882964483677,0.06252548370407439,62,67
625,24,True,False,True,midpoint,0.21130882964483677,0.09325212272080563,62,68
625,24,True,False,True,midpoint_with_inhaler,0.21130882964483677,0.09325212272080563,62,69
625,24,True,False,True,upper_bound,0.21130882964483677,0.11146652833614691,62,70
625,24,True,False,True,upper_bound_with_inhaler,0.21130882964483677,0.11146652833614691,62,71
625,36,False,False,False,one_hot,0.2432676710684811,0.24326767106848096,62,72
625,36,False,False,False,lower_bound,0.129591694557605,-0.08512151316758022,62,73
625,36,False,False,False,midpoint,0.129591694557605,-0.06848797080477569,62,74
625,36,False,False,False,midpoint_with_inhaler,0.129591694557605,-0.06848797080477569,62,75
625,36,False,False,False,upper_bound,0.129591694557605,-0.05504548755216034,62,76
625,36,False,False,False,upper_bound_with_inhaler,0.129591694557605,-0.05504548755216034,62,77
625,36,False,False,True,one_hot,0.2432676710684811,0.24326767106848096,62,78
625,36,False,False,True,lower_bound,0.129591694557605,-0.08512151316758022,62,79
625,36,False,False,True,midpoint,0.129591694557605,-0.06848797080477569,62,80
625,36,False,False,True,midpoint_with_inhaler,0.129591694557605,-0.06848797080477569,62,81
625,36,False,False,True,upper_bound,0.129591694557605,-0.05504548755216034,62,82
625,36,False,False,True,upper_bound_with_inhaler,0.129591694557605,-0.05504548755216034,62,83
625,36,True,False,False,one_hot,0.0487691914864259,0.04876919148642585,62,84
625,36,True,False,False,lower_bound,-0.05835404051590148,-0.17470466058665457,62,85
625,36,True,False,False,midpoint,-0.05835404051590148,-0.17320445591668218,62,86
625,36,True,False,False,midpoint_with_inhaler,-0.05835404051590148,-0.17320445591668218,62,87
625,36,True,False,False,upper_bound,-0.05835404051590148,-0.16842466880859827,62,88
625,36,True,False,False,upper_bound_with_inhaler,-0.05835404051590148,-0.16842466880859827,62,89
625,36,True,False,True,one_hot,0.0487691914864259,0.04876919148642585,62,90
625,36,True,False,True,lower_bound,-0.05835404051590148,-0.17470466058665457,62,91
625,36,True,False,True,midpoint,-0.05835404051590148,-0.17320445591668218,62,92
625,36,True,False,True,midpoint_with_inhaler,-0.05835404051590148,-0.17320445591668218,62,93
625,36,True,False,True,upper_bound,-0.05835404051590148,-0.16842466880859827,62,94
625,36,True,False,True,upper_bound_with_inhaler,-0.05835404051590148,-0.16842466880859827,62,95
625,48,False,False,False,one_hot,-0.2087392188074974,-0.2087392188074975,62,96
625,48,False,False,False,lower_bound,-0.2328651691560731,-0.1484394131645544,62,97
625,48,False,False,False,midpoint,-0.2328651691560731,-0.16758647909698904,62,98
625,48,False,False,False,midpoint_with_inhaler,-0.2328651691560731,-0.16758647909698904,62,99
625,48,False,False,False,upper_bound,-0.2328651691560731,-0.17822575811469712,62,100
625,48,False,False,False,upper_bound_with_inhaler,-0.2328651691560731,-0.17822575811469712,62,101
625,48,False,False,True,one_hot,-0.2087392188074974,-0.2087392188074975,62,102
625,48,False,False,True,lower_bound,-0.2328651691560731,-0.1484394131645544,62,103
625,48,False,False,True,midpoint,-0.2328651691560731,-0.16758647909698904,62,104
625,48,False,False,True,midpoint_with_inhaler,-0.2328651691560731,-0.16758647909698904,62,105
625,48,False,False,True,upper_bound,-0.2328651691560731,-0.17822575811469712,62,106
625,48,False,False,True,upper_bound_with_inhaler,-0.2328651691560731,-0.17822575811469712,62,107
625,48,False,True,False,one_hot,0.029297338730725063,0.029297338730725063,62,108
625,48,False,True,False,lower_bound,0.03922395941043822,0.1410246489140505,62,109
625,48,False,True,False,midpoint,0.03922395941043822,0.1246501078647986,62,110
625,48,False,True,False,midpoint_with_inhaler,0.03922395941043822,0.1246501078647986,62,111
625,48,False,True,False,upper_bound,0.03922395941043822,0.11380999599986655,62,112
625,48,False,True,False,upper_bound_with_inhaler,0.03922395941043822,0.11380999599986655,62,113
625,48,False,True,True,one_hot,0.029297338730725063,0.029297338730725063,62,114
625,48,False,True,True,lower_bound,0.03922395941043822,0.1410246489140505,62,115
625,48,False,True,True,midpoint,0.03922395941043822,0.1246501078647986,62,116
625,48,False,True,True,midpoint_with_inhaler,0.03922395941043822,0.1246501078647986,62,117
625,48,False,True,True,upper_bound,0.03922395941043822,0.11380999599986655,62,118
625,48,False,True,True,upper_bound_with_inhaler,0.03922395941043822,0.11380999599986655,62,119
625,48,True,False,False,one_hot,-0.11344201773707369,-0.1134420177370737,62,120
625,48,True,False,False,lower_bound,-0.12689953707318571,0.036235740915481734,62,121
625,48,True,False,False,midpoint,-0.12689953707318571,0.029897474096992494,62,122
625,48,True,False,False,midpoint_with_inhaler,-0.12689953707318571,0.029897474096992494,62,123
625,48,True,False,False,upper_bound,-0.12689953707318571,0.027658124428547617,62,124
625,48,True,False,False,upper_bound_with_inhaler,-0.12689953707318571,0.027658124428547617,62,125
625,48,True,False,True,one_hot,-0.11344201773707369,-0.1134420177370737,62,126
625,48,True,False,True,lower_bound,-0.12689953707318571,0.036235740915481734,62,127
625,48,True,False,True,midpoint,-0.12689953707318571,0.029897474096992494,62,128
625,48,True,False,True,midpoint_with_inhaler,-0.12689953707318571,0.029897474096992494,62,129
625,48,True,False,True,upper_bound,-0.12689953707318571,0.027658124428547617,62,130
625,48,True,False,True,upper_bound_with_inhaler,-0.12689953707318571,0.027658124428547617,62,131
701,12,False,False,False,one_hot,,,127,0
701,12,False,False,False,lower_bound,0.043090905080338124,0.028887577410095202,127,1
701,12,False,False,False,midpoint,0.043090905080338124,0.030448221553741623,127,2
701,12,False,False,False,midpoint_with_inhaler,0.043090905080338124,0.030448221553741623,127,3
701,12,False,False,False,upper_bound,0.043090905080338124,0.030436312378093702,127,4
701,12,False,False,False,upper_bound_with_inhaler,0.043090905080338124,0.030436312378093702,127,5
701,12,False,False,True,one_hot,,,127,6
701,12,False,False,True,lower_bound,0.043090905080338124,0.028887577410095202,127,7
701,12,False,False,True,midpoint,0.043090905080338124,0.030448221553741623,127,8
701,12,False,False,True,midpoint_with_inhaler,0.043090905080338124,0.030448221553741623,127,9
701,12,False,False,True,upper_bound,0.043090905080338124,0.030436312378093702,127,10
701,12,False,False,True,upper_bound_with_inhaler,0.043090905080338124,0.030436312378093702,127,11
701,12,False,True,False,one_hot,,,127,12
701,12,False,True,False,lower_bound,0.08413194759509156,0.09935742472466987,127,13
701,12,False,True,False,midpoint,0.08413194759509156,0.10905345479029634,127,14
701,12,False,True,False,midpoint_with_inhaler,0.08413194759509156,0.10905345479029634,127,15
701,12,False,True,False,upper_bound,0.08413194759509156,0.11303318713075937,127,16
701,12,False,True,False,upper_bound_with_inhaler,0.08413194759509156,0.11303318713075937,127,17
701,12,False,True,True,one_hot,,,127,18
701,12,False,True,True,lower_bound,0.08413194759509156,0.09935742472466987,127,19
701,12,False,True,True,midpoint,0.08413194759509156,0.10905345479029634,127,20
701,12,False,True,True,midpoint_with_inhaler,0.08413194759509156,0.10905345479029634,127,21
701,12,False,True,True,upper_bound,0.08413194759509156,0.11303318713075937,127,22
701,12,False,True,True,upper_bound_with_inhaler,0.08413194759509156,0.11303318713075937,127,23
701,12,True,False,False,one_hot,,,127,24
701,12,True,False,False,lower_bound,0.13887684811803325,0.118160322264829,127,25
701,12,True,False,False,midpoint,0.13887684811803325,0.12477288817713018,127,26
701,12,True,False,False,midpoint_with_inhaler,0.13887684811803325,0.12477288817713018,127,27
701,12,True,False,False,upper_bound,0.13887684811803325,0.1279230781092169,127,28
701,12,True,False,False,upper_bound_with_inhaler,0.13887684811803325,0.1279230781092169,127,29
701,12,True,False,True,one_hot,,,127,30
701,12,True,False,True,lower_bound,0.13887684811803325,0.118160322264829,127,31
701,12,True,False,True,midpoint,0.13887684811803325,0.12477288817713018,127,32
701,12,True,False,True,midpoint_with_inhaler,0.13887684811803325,0.12477288817713018,127,33
701,12,True,False,True,upper_bound,0.13887684811803325,0.1279230781092169,127,34
701,12,True,False,True,upper_bound_with_inhaler,0.13887684811803325,0.1279230781092169,127,35
701,24,False,False,False,one_hot,,,127,36
701,24,False,False,False,lower_bound,0.02999684245351259,0.07359348680069959,127,37
701,24,False,False,False,midpoint,0.02999684245351259,0.051747992464430285,127,38
701,24,False,False,False,midpoint_with_inhaler,0.02999684245351259,0.051747992464430285,127,39
701,24,False,False,False,upper_bound,0.02999684245351259,0.03570771711683494,127,40
701,24,False,False,False,upper_bound_with_inhaler,0.02999684245351259,0.03570771711683494,127,41
701,24,False,False,True,one_hot,,,127,42
701,24,False,False,True,lower_bound,0.02999684245351259,0.07359348680069959,127,43
701,24,False,False,True,midpoint,0.02999684245351259,0.051747992464430285,127,44
701,24,False,False,True,midpoint_with_inhaler,0.02999684245351259,0.051747992464430285,127,45
701,24,False,False,True,upper_bound,0.02999684245351259,0.03570771711683494,127,46
701,24,False,False,True,upper_bound_with_inhaler,0.02999684245351259,0.03570771711683494,127,47
701,24,False,True,False,one_hot,,,127,48
701,24,False,True,False,lower_bound,0.07287606192896194,0.06368856611657578,127,49
701,24,False,True,False,midpoint,0.07287606192896194,0.07067543168424861,127,50
701,24,False,True,False,midpoint_with_inhaler,0.07287606192896194,0.07067543168424861,127,51
701,24,False,True,False,upper_bound,0.07287606192896194,0.0741331180616165,127,52
701,24,False,True,False,upper_bound_with_inhaler,0.07287606192896194,0.0741331180616165,127,53
701,24,False,True,True,one_hot,,,127,54
701,24,False,True,True,lower_bound,0.07287606192896194,0.06368856611657578,127,55
701,24,False,True,True,midpoint,0.07287606192896194,0.07067543168424861,127,56
701,24,False,True,True,midpoint_with_inhaler,0.07287606192896194,0.07067543168424861,127,57
701,24,False,True,True,upper_bound,0.07287606192896194,0.0741331180616165,127,58
701,24,False,True,True,upper_bound_with_inhaler,0.07287606192896194,0.0741331180616165,127,59
701,24,True,False,False,one_hot,,,127,60
701,24,True,False,False,lower_bound,0.03209334952723763,-0.04070056055912469,127,61
701,24,True,False,False,midpoint,0.03209334952723763,-0.015023172648338213,127,62
701,24,True,False,False,midpoint_with_inhaler,0.03209334952723763,-0.015023172648338213,127,63
701,24,True,False,False,upper_bound,0.03209334952723763,0.00047789599238132603,127,64
701,24,True,False,False,upper_bound_with_inhaler,0.03209334952723763,0.00047789599238132603,127,65
701,24,True,False,True,one_hot,,,127,66
701,24,True,False,True,lower_bound,0.03209334952723763,-0.04070056055912469,127,67
701,24,True,False,True,midpoint,0.03209334952723763,-0.015023172648338213,127,68
701,24,True,False,True,midpoint_with_inhaler,0.03209334952723763,-0.015023172648338213,127,69
701,24,True,False,True,upper_bound,0.03209334952723763,0.00047789599238132603,127,70
701,24,True,False,True,upper_bound_with_inhaler,0.03209334952723763,0.00047789599238132603,127,71
701,36,False,False,False,one_hot,,,127,72
701,36,False,False,False,lower_bound,0.18004846433905694,0.15521442202232627,127,73
701,36,False,False,False,midpoint,0.18004846433905694,0.1648982236500998,127,74
701,36,False,False,False,midpoint_with_inhaler,0.18004846433905694,0.1648982236500998,127,75
701,36,False,False,False,upper_bound,0.18004846433905694,0.16824139640543181,127,76
701,36,False,False,False,upper_bound_with_inhaler,0.18004846433905694,0.16824139640543181,127,77
701,36,False,False,True,one_hot,,,127,78
701,36,False,False,True,lower_bound,0.18004846433905694,0.15521442202232627,127,79
701,36,False,False,True,midpoint,0.18004846433905694,0.1648982236500998,127,80
701,36,False,False,True,midpoint_with_inhaler,0.18004846433905694,0.1648982236500998,127,81
701,36,False,False,True,upper_bound,0.18004846433905694,0.16824139640543181,127,82
701,36,False,False,True,upper_bound_with_inhaler,0.18004846433905694,0.16824139640543181,127,83
701,36,True,False,False,one_hot,,,127,84
701,36,True,False,False,lower_bound,-0.04583880519607556,-0.03422371735336164,127,85
701,36,True,False,False,midpoint,-0.04583880519607556,-0.05004913427528252,127,86
701,36,True,False,False,midpoint_with_inhaler,-0.04583880519607556,-0.05004913427528252,127,87
701,36,True,False,False,upper_bound,-0.04583880519607556,-0.06121908482814434,127,88
701,36,True,False,False,upper_bound_with_inhaler,-0.04583880519607556,-0.06121908482814434,127,89
701,36,True,False,True,one_hot,,,127,90
701,36,True,False,True,lower_bound,-0.04583880519607556,-0.03422371735336164,127,91
701,36,True,False,True,midpoint,-0.04583880519607556,-0.05004913427528252,127,92
701,36,True,False,True,midpoint_with_inhaler,-0.04583880519607556,-0.05004913427528252,127,93
701,36,True,False,True,upper_bound,-0.04583880519607556,-0.06121908482814434,127,94
701,36,True,False,True,upper_bound_with_inhaler,-0.04583880519607556,-0.06121908482814434,127,95
701,48,False,False,False,one_hot,,,127,96
701,48,False,False,False,lower_bound,-0.018893849992723595,-0.070954381988426,127,97
701,48,False,False,False,midpoint,-0.018893849992723595,-0.05417573166738828,127,98
701,48,False,False,False,midpoint_with_inhaler,-0.018893849992723595,-0.05417573166738828,127,99
701,48,False,False,False,upper_bound,-0.018893849992723595,-0.043157387278051636,127,100
701,48,False,False,False,upper_bound_with_inhaler,-0.018893849992723595,-0.043157387278051636,127,101
701,48,False,False,True,one_hot,,,127,102
701,48,False,False,True,lower_bound,-0.018893849992723595,-0.070954381988426,127,103
701,48,False,False,True,midpoint,-0.018893849992723595,-0.05417573166738828,127,104
701,48,False,False,True,midpoint_with_inhaler,-0.018893849992723595,-0.05417573166738828,127,105
701,48,False,False,True,upper_bound,-0.018893849992723595,-0.043157387278051636,127,106
701,48,False,False,True,upper_bound_with_inhaler,-0.018893849992723595,-0.043157387278051636,127,107
701,48,False,True,False,one_hot,,,127,108
701,48,False,True,False,lower_bound,0.07053164749629133,0.12983739084086776,127,109
701,48,False,True,False,midpoint,0.07053164749629133,0.12277007155332662,127,110
701,48,False,True,False,midpoint_with_inhaler,0.07053164749629133,0.12277007155332662,127,111
701,48,False,True,False,upper_bound,0.07053164749629133,0.11635925566536372,127,112
701,48,False,True,False,upper_bound_with_inhaler,0.07053164749629133,0.11635925566536372,127,113
701,48,False,True,True,one_hot,,,127,114
701,48,False,True,True,lower_bound,0.07053164749629133,0.12983739084086776,127,115
701,48,False,True,True,midpoint,0.07053164749629133,0.12277007155332662,127,116
701,48,False,True,True,midpoint_with_inhaler,0.07053164749629133,0.12277007155332662,127,117
701,48,False,True,True,upper_bound,0.07053164749629133,0.11635925566536372,127,118
701,48,False,True,True,upper_bound_with_inhaler,0.07053164749629133,0.11635925566536372,127,119
701,48,True,False,False,one_hot,,,127,120
701,48,True,False,False,lower_bound,-0.09342173163591286,-0.09663102843655848,127,121
701,48,True,False,False,midpoint,-0.09342173163591286,-0.09816170304103947,127,122
701,48,True,False,False,midpoint_with_inhaler,-0.09342173163591286,-0.09816170304103947,127,123
701,48,True,False,False,upper_bound,-0.09342173163591286,-0.09879648663492499,127,124
701,48,True,False,False,upper_bound_with_inhaler,-0.09342173163591286,-0.09879648663492499,127,125
701,48,True,False,True,one_hot,,,127,126
701,48,True,False,True,lower_bound,-0.09342173163591286,-0.09663102843655848,127,127
701,48,True,False,True,midpoint,-0.09342173163591286,-0.09816170304103947,127,128
701,48,True,False,True,midpoint_with_inhaler,-0.09342173163591286,-0.09816170304103947,127,129
701,48,True,False,True,upper_bound,-0.09342173163591286,-0.09879648663492499,127,130
701,48,True,False,True,upper_bound_with_inhaler,-0.09342173163591286,-0.09879648663492499,127,131
702,12,False,False,False,one_hot,0.4869472520555492,0.4869472520555492,124,0
702,12,False,False,False,lower_bound,0.5341799206069124,0.8877019456696932,124,1
702,12,False,False,False,midpoint,0.5341799206069124,0.7890222256410149,124,2
702,12,False,False,False,midpoint_with_inhaler,0.5341799206069124,0.7890222256410149,124,3
702,12,False,False,False,upper_bound,0.5341799206069124,0.7268342440936761,124,4
702,12,False,False,False,upper_bound_with_inhaler,0.5341799206069124,0.7268342440936761,124,5
702,12,False,False,True,one_hot,0.4869472520555492,0.4869472520555492,124,6
702,12,False,False,True,lower_bound,0.5341799206069124,0.8877019456696932,124,7
702,12,False,False,True,midpoint,0.5341799206069124,0.7890222256410149,124,8
702,12,False,False,True,midpoint_with_inhaler,0.5341799206069124,0.7890222256410149,124,9
702,12,False,False,True,upper_bound,0.5341799206069124,0.7268342440936761,124,10
702,12,False,False,True,upper_bound_with_inhaler,0.5341799206069124,0.7268342440936761,124,11
702,12,False,True,False,one_hot,0.24565468642915775,0.24565468642915775,124,12
702,12,False,True,False,lower_bound,0.33338892639374706,0.5068518290744971,124,13
702,12,False,True,False,midpoint,0.33338892639374706,0.48529406334969505,124,14
702,12,False,True,False,midpoint_with_inhaler,0.33338892639374706,0.48529406334969505,124,15
702,12,False,True,False,upper_bound,0.33338892639374706,0.4650172154606536,124,16
702,12,False,True,False,upper_bound_with_inhaler,0.33338892639374706,0.4650172154606536,124,17
702,12,False,True,True,one_hot,0.24565468642915775,0.24565468642915775,124,18
702,12,False,True,True,lower_bound,0.33338892639374706,0.5068518290744971,124,19
702,12,False,True,True,midpoint,0.33338892639374706,0.48529406334969505,124,20
702,12,False,True,True,midpoint_with_inhaler,0.33338892639374706,0.48529406334969505,124,21
702,12,False,True,True,upper_bound,0.33338892639374706,0.4650172154606536,124,22
702,12,False,True,True,upper_bound_with_inhaler,0.33338892639374706,0.4650172154606536,124,23
702,12,True,False,False,one_hot,0.3676430835050179,0.3676430835050179,124,24
702,12,True,False,False,lower_bound,0.45987837031564865,0.8601469204129346,124,25
702,12,True,False,False,midpoint,0.45987837031564865,0.8206443379901712,124,26
702,12,True,False,False,midpoint_with_inhaler,0.45987837031564865,0.8206443379901712,124,27
702,12,True,False,False,upper_bound,0.45987837031564865,0.788704835578805,124,28
702,12,True,False,False,upper_bound_with_inhaler,0.45987837031564865,0.788704835578805,124,29
702,12,True,False,True,one_hot,0.3676430835050179,0.3676430835050179,124,30
702,12,True,False,True,lower_bound,0.45987837031564865,0.8601469204129346,124,31
702,12,True,False,True,midpoint,0.45987837031564865,0.8206443379901712,124,32
702,12,True,False,True,midpoint_with_inhaler,0.45987837031564865,0.8206443379901712,124,33
702,12,True,False,True,upper_bound,0.45987837031564865,0.788704835578805,124,34
702,12,True,False,True,upper_bound_with_inhaler,0.45987837031564865,0.788704835578805,124,35
702,24,False,False,False,one_hot,0.5031779560449222,0.5031779560449222,124,36
702,24,False,False,False,lower_bound,0.6053785903961121,1.0891705143469348,124,37
702,24,False,False,False,midpoint,0.6053785903961121,1.017788708661868,124,38
702,24,False,False,False,midpoint_with_inhaler,0.6053785903961121,1.017788708661868,124,39
702,24,False,False,False,upper_bound,0.6053785903961121,0.9635284908557671,124,40
702,24,False,False,False,upper_bound_with_inhaler,0.6053785903961121,0.9635284908557671,124,41
702,24,False,False,True,one_hot,0.5031779560449222,0.5031779560449222,124,42
702,24,False,False,True,lower_bound,0.6053785903961121,1.0891705143469348,124,43
702,24,False,False,True,midpoint,0.6053785903961121,1.017788708661868,124,44
702,24,False,False,True,midpoint_with_inhaler,0.6053785903961121,1.017788708661868,124,45
702,24,False,False,True,upper_bound,0.6053785903961121,0.9635284908557671,124,46
702,24,False,False,True,upper_bound_with_inhaler,0.6053785903961121,0.9635284908557671,124,47
702,24,False,True,False,one_hot,0.4972513039038963,0.4972513039038963,124,48
702,24,False,True,False,lower_bound,0.5874522041916107,1.013505952052772,124,49
702,24,False,True,False,midpoint,0.5874522041916107,0.9502059303072452,124,50
702,24,False,True,False,midpoint_with_inhaler,0.5874522041916107,0.9502059303072452,124,51
702,24,False,True,False,upper_bound,0.5874522041916107,0.9042509240790025,124,52
702,24,False,True,False,upper_bound_with_inhaler,0.5874522041916107,0.9042509240790025,124,53
702,24,False,True,True,one_hot,0.4972513039038963,0.4972513039038963,124,54
702,24,False,True,True,lower_bound,0.5874522041916107,1.013505952052772,124,55
702,24,False,True,True,midpoint,0.5874522041916107,0.9502059303072452,124,56
702,24,False,True,True,midpoint_with_inhaler,0.5874522041916107,0.9502059303072452,124,57
702,24,False,True,True,upper_bound,0.5874522041916107,0.9042509240790025,124,58
702,24,False,True,True,upper_bound_with_inhaler,0.5874522041916107,0.9042509240790025,124,59
702,24,True,False,False,one_hot,0.5320965886823232,0.5320965886823229,124,60
702,24,True,False,False,lower_bound,0.6392183735545007,1.0961346924224797,124,61
702,24,True,False,False,midpoint,0.6392183735545007,1.0276389993248254,124,62
702,24,True,False,False,midpoint_with_inhaler,0.6392183735545007,1.0276389993248254,124,63
702,24,True,False,False,upper_bound,0.6392183735545007,0.975303503694287,124,64
702,24,True,False,False,upper_bound_with_inhaler,0.6392183735545007,0.975303503694287,124,65
702,24,True,False,True,one_hot,0.5320965886823232,0.5320965886823229,124,66
702,24,True,False,True,lower_bound,0.6392183735545007,1.0961346924224797,124,67
702,24,True,False,True,midpoint,0.6392183735545007,1.0276389993248254,124,68
702,24,True,False,True,midpoint_with_inhaler,0.6392183735545007,1.0276389993248254,124,69
702,24,True,False,True,upper_bound,0.6392183735545007,0.975303503694287,124,70
702,24,True,False,True,upper_bound_with_inhaler,0.6392183735545007,0.975303503694287,124,71
702,36,False,False,False,one_hot,0.40579938948729943,0.40579938948729943,124,72
702,36,False,False,False,lower_bound,0.5599986531612288,1.0230357106677626,124,73
702,36,False,False,False,midpoint,0.5599986531612288,1.0011434853615622,124,74
702,36,False,False,False,midpoint_with_inhaler,0.5599986531612288,1.0011434853615622,124,75
702,36,False,False,False,upper_bound,0.5599986531612288,0.9707469343204094,124,76
702,36,False,False,False,upper_bound_with_inhaler,0.5599986531612288,0.9707469343204094,124,77
702,36,False,False,True,one_hot,0.40579938948729943,0.40579938948729943,124,78
702,36,False,False,True,lower_bound,0.5599986531612288,1.0230357106677626,124,79
702,36,False,False,True,midpoint,0.5599986531612288,1.0011434853615622,124,80
702,36,False,False,True,midpoint_with_inhaler,0.5599986531612288,1.0011434853615622,124,81
702,36,False,False,True,upper_bound,0.5599986531612288,0.9707469343204094,124,82
702,36,False,False,True,upper_bound_with_inhaler,0.5599986531612288,0.9707469343204094,124,83
702,36,True,False,False,one_hot,0.3203937145644276,0.32039371456442756,124,84
702,36,True,False,False,lower_bound,0.3965046739462547,0.7177850954592793,124,85
702,36,True,False,False,midpoint,0.3965046739462547,0.6564966582683839,124,86
702,36,True,False,False,midpoint_with_inhaler,0.3965046739462547,0.6564966582683839,124,87
702,36,True,False,False,upper_bound,0.3965046739462547,0.6103639842409257,124,88
702,36,True,False,False,upper_bound_with_inhaler,0.3965046739462547,0.6103639842409257,124,89
702,36,True,False,True,one_hot,0.3203937145644276,0.32039371456442756,124,90
702,36,True,False,True,lower_bound,0.3965046739462547,0.7177850954592793,124,91
702,36,True,False,True,midpoint,0.3965046739462547,0.6564966582683839,124,92
702,36,True,False,True,midpoint_with_inhaler,0.3965046739462547,0.6564966582683839,124,93
702,36,True,False,True,upper_bound,0.3965046739462547,0.6103639842409257,124,94
702,36,True,False,True,upper_bound_with_inhaler,0.3965046739462547,0.6103639842409257,124,95
702,48,False,False,False,one_hot,0.33957985403229174,0.33957985403229174,124,96
702,48,False,False,False,lower_bound,0.5545371579805443,1.0666966459804066,124,97
702,48,False,False,False,midpoint,0.5545371579805443,1.0251380613259418,124,98
702,48,False,False,False,midpoint_with_inhaler,0.5545371579805443,1.0251380613259418,124,99
702,48,False,False,False,upper_bound,0.5545371579805443,0.9819030271539158,124,100
702,48,False,False,False,upper_bound_with_inhaler,0.5545371579805443,0.9819030271539158,124,101
702,48,False,False,True,one_hot,0.33957985403229174,0.33957985403229174,124,102
702,48,False,False,True,lower_bound,0.5545371579805443,1.0666966459804066,124,103
702,48,False,False,True,midpoint,0.5545371579805443,1.0251380613259418,124,104
702,48,False,False,True,midpoint_with_inhaler,0.5545371579805443,1.0251380613259418,124,105
702,48,False,False,True,upper_bound,0.5545371579805443,0.9819030271539158,124,106
702,48,False,False,True,upper_bound_with_inhaler,0.5545371579805443,0.9819030271539158,124,107
702,48,False,True,False,one_hot,0.14659896128990943,0.14659896128990946,124,108
702,48,False,True,False,lower_bound,0.2173915269609765,0.41737303102318213,124,109
702,48,False,True,False,midpoint,0.2173915269609765,0.37782307491773,124,110
702,48,False,True,False,midpoint_with_inhaler,0.2173915269609765,0.37782307491773,124,111
702,48,False,True,False,upper_bound,0.2173915269609765,0.34751699340358716,124,112
702,48,False,True,False,upper_bound_with_inhaler,0.2173915269609765,0.34751699340358716,124,113
702,48,False,True,True,one_hot,0.14659896128990943,0.14659896128990946,124,114
702,48,False,True,True,lower_bound,0.2173915269609765,0.41737303102318213,124,115
702,48,False,True,True,midpoint,0.2173915269609765,0.37782307491773,124,116
702,48,False,True,True,midpoint_with_inhaler,0.2173915269609765,0.37782307491773,124,117
702,48,False,True,True,upper_bound,0.2173915269609765,0.34751699340358716,124,118
702,48,False,True,True,upper_bound_with_inhaler,0.2173915269609765,0.34751699340358716,124,119
702,48,True,False,False,one_hot,0.38878660571645396,0.38878660571645407,124,120
702,48,True,False,False,lower_bound,0.43983990083693825,0.6070165334728685,124,121
702,48,True,False,False,midpoint,0.43983990083693825,0.5838273482113908,124,122
702,48,True,False,False,midpoint_with_inhaler,0.43983990083693825,0.5838273482113908,124,123
702,48,True,False,False,upper_bound,0.43983990083693825,0.5629054404946263,124,124
702,48,True,False,False,upper_bound_with_inhaler,0.43983990083693825,0.5629054404946263,124,125
702,48,True,False,True,one_hot,0.38878660571645396,0.38878660571645407,124,126
702,48,True,False,True,lower_bound,0.43983990083693825,0.6070165334728685,124,127
702,48,True,False,True,midpoint,0.43983990083693825,0.5838273482113908,124,128
702,48,True,False,True,midpoint_with_inhaler,0.43983990083693825,0.5838273482113908,124,129
702,48,True,False,True,upper_bound,0.43983990083693825,0.5629054404946263,124,130
702,48,True,False,True,upper_bound_with_inhaler,0.43983990083693825,0.5629054404946263,124,131
917,12,False,False,False,one_hot,,,9,0
917,12,False,False,False,lower_bound,0.8659798292163529,1.0799183416914502,9,1
917,12,False,False,False,midpoint,0.8659798292163529,1.1648315217126102,9,2
917,12,False,False,False,midpoint_with_inhaler,0.8659798292163529,1.1648315217126102,9,3
917,12,False,False,False,upper_bound,0.8659798292163529,1.1787193722810687,9,4
917,12,False,False,False,upper_bound_with_inhaler,0.8659798292163529,1.1787193722810687,9,5
917,12,False,False,True,one_hot,,,9,6
917,12,False,False,True,lower_bound,0.8659798292163529,1.0799183416914502,9,7
917,12,False,False,True,midpoint,0.8659798292163529,1.1648315217126102,9,8
917,12,False,False,True,midpoint_with_inhaler,0.8659798292163529,1.1648315217126102,9,9
917,12,False,False,True,upper_bound,0.8659798292163529,1.1787193722810687,9,10
917,12,False,False,True,upper_bound_with_inhaler,0.8659798292163529,1.1787193722810687,9,11
917,12,False,True,False,one_hot,,,9,12
917,12,False,True,False,lower_bound,0.38206781605715007,0.4555876566053349,9,13
917,12,False,True,False,midpoint,0.38206781605715007,0.4338578375100356,9,14
917,12,False,True,False,midpoint_with_inhaler,0.38206781605715007,0.4338578375100356,9,15
917,12,False,True,False,upper_bound,0.38206781605715007,0.4099724623297489,9,16
917,12,False,True,False,upper_bound_with_inhaler,0.38206781605715007,0.4099724623297489,9,17
917,12,False,True,True,one_hot,,,9,18
917,12,False,True,True,lower_bound,0.38206781605715007,0.4555876566053349,9,19
917,12,False,True,True,midpoint,0.38206781605715007,0.4338578375100356,9,20
917,12,False,True,True,midpoint_with_inhaler,0.38206781605715007,0.4338578375100356,9,21
917,12,False,True,True,upper_bound,0.38206781605715007,0.4099724623297489,9,22
917,12,False,True,True,upper_bound_with_inhaler,0.38206781605715007,0.4099724623297489,9,23
917,12,True,False,False,one_hot,,,9,24
917,12,True,False,False,lower_bound,0.2770204618118653,0.42298033308172067,9,25
917,12,True,False,False,midpoint,0.2770204618118653,0.42050601744342875,9,26
917,12,True,False,False,midpoint_with_inhaler,0.2770204618118653,0.42050601744342875,9,27
917,12,True,False,False,upper_bound,0.2770204618118653,0.4086176764063331,9,28
917,12,True,False,False,upper_bound_with_inhaler,0.2770204618118653,0.4086176764063331,9,29
917,12,True,False,True,one_hot,,,9,30
917,12,True,False,True,lower_bound,0.2770204618118653,0.42298033308172067,9,31
917,12,True,False,True,midpoint,0.2770204618118653,0.42050601744342875,9,32
917,12,True,False,True,midpoint_with_inhaler,0.2770204618118653,0.42050601744342875,9,33
917,12,True,False,True,upper_bound,0.2770204618118653,0.4086176764063331,9,34
917,12,True,False,True,upper_bound_with_inhaler,0.2770204618118653,0.4086176764063331,9,35
917,24,False,False,False,one_hot,,,9,36
917,24,False,False,False,lower_bound,1.474772964240615,1.2302454595545604,9,37
917,24,False,False,False,midpoint,1.474772964240615,1.1260776990907495,9,38
917,24,False,False,False,midpoint_with_inhaler,1.474772964240615,1.1260776990907495,9,39
917,24,False,False,False,upper_bound,1.474772964240615,1.0317185344477806,9,40
917,24,False,False,False,upper_bound_with_inhaler,1.474772964240615,1.0317185344477806,9,41
917,24,False,False,True,one_hot,,,9,42
917,24,False,False,True,lower_bound,1.474772964240615,1.2302454595545604,9,43
917,24,False,False,True,midpoint,1.474772964240615,1.1260776990907495,9,44
917,24,False,False,True,midpoint_with_inhaler,1.474772964240615,1.1260776990907495,9,45
917,24,False,False,True,upper_bound,1.474772964240615,1.0317185344477806,9,46
917,24,False,False,True,upper_bound_with_inhaler,1.474772964240615,1.0317185344477806,9,47
917,24,False,True,False,one_hot,-0.32745015023725854,-0.32745015023725854,9,48
917,24,False,True,False,lower_bound,0.009434242152191413,0.38076020869874844,9,49
917,24,False,True,False,midpoint,0.009434242152191413,0.39271968438784827,9,50
917,24,False,True,False,midpoint_with_inhaler,0.009434242152191413,0.39271968438784827,9,51
917,24,False,True,False,upper_bound,0.009434242152191413,0.39190566669752636,9,52
917,24,False,True,False,upper_bound_with_inhaler,0.009434242152191413,0.39190566669752636,9,53
917,24,False,True,True,one_hot,-0.32745015023725854,-0.32745015023725854,9,54
917,24,False,True,True,lower_bound,0.009434242152191413,0.38076020869874844,9,55
917,24,False,True,True,midpoint,0.009434242152191413,0.39271968438784827,9,56
917,24,False,True,True,midpoint_with_inhaler,0.009434242152191413,0.39271968438784827,9,57
917,24,False,True,True,upper_bound,0.009434242152191413,0.39190566669752636,9,58
917,24,False,True,True,upper_bound_with_inhaler,0.009434242152191413,0.39190566669752636,9,59
917,24,True,False,False,one_hot,0.4180480042601457,0.4180480042601458,9,60
917,24,True,False,False,lower_bound,0.6228975457243343,0.652702158815847,9,61
917,24,True,False,False,midpoint,0.6228975457243343,0.593017327757709,9,62
917,24,True,False,False,midpoint_with_inhaler,0.6228975457243343,0.593017327757709,9,63
917,24,True,False,False,upper_bound,0.6228975457243343,0.5467728808498229,9,64
917,24,True,False,False,upper_bound_with_inhaler,0.6228975457243343,0.5467728808498229,9,65
917,24,True,False,True,one_hot,0.4180480042601457,0.4180480042601458,9,66
917,24,True,False,True,lower_bound,0.6228975457243343,0.652702158815847,9,67
917,24,True,False,True,midpoint,0.6228975457243343,0.593017327757709,9,68
917,24,True,False,True,midpoint_with_inhaler,0.6228975457243343,0.593017327757709,9,69
917,24,True,False,True,upper_bound,0.6228975457243343,0.5467728808498229,9,70
917,24,True,False,True,upper_bound_with_inhaler,0.6228975457243343,0.5467728808498229,9,71
917,36,False,False,False,one_hot,,,9,72
917,36,False,False,False,lower_bound,0.34494548857055973,0.6927684832154354,9,73
917,36,False,False,False,midpoint,0.34494548857055973,0.5713565408123255,9,74
917,36,False,False,False,midpoint_with_inhaler,0.34494548857055973,0.5713565408123255,9,75
917,36,False,False,False,upper_bound,0.34494548857055973,0.4843216174326717,9,76
917,36,False,False,False,upper_bound_with_inhaler,0.34494548857055973,0.4843216174326717,9,77
917,36,False,False,True,one_hot,,,9,78
917,36,False,False,True,lower_bound,0.34494548857055973,0.6927684832154354,9,79
917,36,False,False,True,midpoint,0.34494548857055973,0.5713565408123255,9,80
917,36,False,False,True,midpoint_with_inhaler,0.34494548857055973,0.5713565408123255,9,81
917,36,False,False,True,upper_bound,0.34494548857055973,0.4843216174326717,9,82
917,36,False,False,True,upper_bound_with_inhaler,0.34494548857055973,0.4843216174326717,9,83
917,36,True,False,False,one_hot,,,9,84
917,36,True,False,False,lower_bound,0.2477701895165744,0.37191336182835183,9,85
917,36,True,False,False,midpoint,0.2477701895165744,0.34640031579396746,9,86
917,36,True,False,False,midpoint_with_inhaler,0.2477701895165744,0.34640031579396746,9,87
917,36,True,False,False,upper_bound,0.2477701895165744,0.3274501502372584,9,88
917,36,True,False,False,upper_bound_with_inhaler,0.2477701895165744,0.3274501502372584,9,89
917,36,True,False,True,one_hot,,,9,90
917,36,True,False,True,lower_bound,0.2477701895165744,0.37191336182835183,9,91
917,36,True,False,True,midpoint,0.2477701895165744,0.34640031579396746,9,92
917,36,True,False,True,midpoint_with_inhaler,0.2477701895165744,0.34640031579396746,9,93
917,36,True,False,True,upper_bound,0.2477701895165744,0.3274501502372584,9,94
917,36,True,False,True,upper_bound_with_inhaler,0.2477701895165744,0.3274501502372584,9,95
917,48,False,False,False,one_hot,,,9,96
917,48,False,False,False,lower_bound,0.4359083689211244,0.9298141789814327,9,97
917,48,False,False,False,midpoint,0.4359083689211244,0.77185181347002,9,98
917,48,False,False,False,midpoint_with_inhaler,0.4359083689211244,0.8119920895366722,9,99
917,48,False,False,False,upper_bound,0.4359083689211244,0.622792802122905,9,100
917,48,False,False,False,upper_bound_with_inhaler,0.4359083689211244,0.6713411548026801,9,101
917,48,False,False,True,one_hot,,,9,102
917,48,False,False,True,lower_bound,0.4359083689211244,0.9298141789814327,9,103
917,48,False,False,True,midpoint,0.4359083689211244,0.77185181347002,9,104
917,48,False,False,True,midpoint_with_inhaler,0.4359083689211244,0.8119920895366722,9,105
917,48,False,False,True,upper_bound,0.4359083689211244,0.622792802122905,9,106
917,48,False,False,True,upper_bound_with_inhaler,0.4359083689211244,0.6713411548026801,9,107
917,48,False,True,False,one_hot,0.4180480042601457,0.4180480042601458,9,108
917,48,False,True,False,lower_bound,0.43040578977696325,0.3228269200162487,9,109
917,48,False,True,False,midpoint,0.43040578977696325,0.23908127644534533,9,110
917,48,False,True,False,midpoint_with_inhaler,0.43040578977696325,0.23908127644534533,9,111
917,48,False,True,False,upper_bound,0.43040578977696325,0.1786534358133981,9,112
917,48,False,True,False,upper_bound_with_inhaler,0.43040578977696325,0.1786534358133981,9,113
917,48,False,True,True,one_hot,0.4180480042601457,0.4180480042601458,9,114
917,48,False,True,True,lower_bound,0.43040578977696325,0.3228269200162487,9,115
917,48,False,True,True,midpoint,0.43040578977696325,0.23908127644534533,9,116
917,48,False,True,True,midpoint_with_inhaler,0.43040578977696325,0.23908127644534533,9,117
917,48,False,True,True,upper_bound,0.43040578977696325,0.1786534358133981,9,118
917,48,False,True,True,upper_bound_with_inhaler,0.43040578977696325,0.1786534358133981,9,119
917,48,True,False,False,one_hot,,,9,120
917,48,True,False,False,lower_bound,0.20903311447113893,0.3634172179909243,9,121
917,48,True,False,False,midpoint,0.20903311447113893,0.370714618353113,9,122
917,48,True,False,False,midpoint_with_inhaler,0.20903311447113893,0.370714618353113,9,123
917,48,True,False,False,upper_bound,0.20903311447113893,0.3650176594792079,9,124
917,48,True,False,False,upper_bound_with_inhaler,0.20903311447113893,0.3650176594792079,9,125
917,48,True,False,True,one_hot,,,9,126
917,48,True,False,True,lower_bound,0.20903311447113893,0.3634172179909243,9,127
917,48,True,False,True,midpoint,0.20903311447113893,0.370714618353113,9,128
917,48,True,False,True,midpoint_with_inhaler,0.20903311447113893,0.370714618353113,9,129
917,48,True,False,True,upper_bound,0.20903311447113893,0.3650176594792079,9,130
917,48,True,False,True,upper_bound_with_inhaler,0.20903311447113893,0.3650176594792079,9,131
939,12,False,False,False,one_hot,0.024773171813128995,0.02477317181312901,158,0
939,12,False,False,False,lower_bound,0.28853946532550756,0.3007558599676013,158,1
939,12,False,False,False,midpoint,0.28853946532550756,0.2715136537120035,158,2
939,12,False,False,False,midpoint_with_inhaler,0.28853946532550756,0.2715136537120035,158,3
939,12,False,False,False,upper_bound,0.28853946532550756,0.24275346168647863,158,4
939,12,False,False,False,upper_bound_with_inhaler,0.28853946532550756,0.24275346168647863,158,5
939,12,False,False,True,one_hot,0.024773171813128995,0.02477317181312901,158,6
939,12,False,False,True,lower_bound,0.28853946532550756,0.3007558599676013,158,7
939,12,False,False,True,midpoint,0.28853946532550756,0.2715136537120035,158,8
939,12,False,False,True,midpoint_with_inhaler,0.28853946532550756,0.2715136537120035,158,9
939,12,False,False,True,upper_bound,0.28853946532550756,0.24275346168647863,158,10
939,12,False,False,True,upper_bound_with_inhaler,0.28853946532550756,0.24275346168647863,158,11
939,12,False,True,False,one_hot,-0.06858784354261896,-0.06858784354261896,158,12
939,12,False,True,False,lower_bound,0.28930150189118187,0.4098899739120761,158,13
939,12,False,True,False,midpoint,0.28930150189118187,0.38250170880025497,158,14
939,12,False,True,False,midpoint_with_inhaler,0.28930150189118187,0.38250170880025497,158,15
939,12,False,True,False,upper_bound,0.28930150189118187,0.35291165225917726,158,16
939,12,False,True,False,upper_bound_with_inhaler,0.28930150189118187,0.35291165225917726,158,17
939,12,False,True,True,one_hot,-0.06858784354261896,-0.06858784354261896,158,18
939,12,False,True,True,lower_bound,0.28930150189118187,0.4098899739120761,158,19
939,12,False,True,True,midpoint,0.28930150189118187,0.38250170880025497,158,20
939,12,False,True,True,midpoint_with_inhaler,0.28930150189118187,0.38250170880025497,158,21
939,12,False,True,True,upper_bound,0.28930150189118187,0.35291165225917726,158,22
939,12,False,True,True,upper_bound_with_inhaler,0.28930150189118187,0.35291165225917726,158,23
939,12,True,False,False,one_hot,,,158,24
939,12,True,False,False,lower_bound,0.28513181591865194,0.39795077904659115,158,25
939,12,True,False,False,midpoint,0.28513181591865194,0.3592430850556065,158,26
939,12,True,False,False,midpoint_with_inhaler,0.28513181591865194,0.3592430850556065,158,27
939,12,True,False,False,upper_bound,0.28513181591865194,0.32311867906474157,158,28
939,12,True,False,False,upper_bound_with_inhaler,0.28513181591865194,0.32311867906474157,158,29
939,12,True,False,True,one_hot,,,158,30
939,12,True,False,True,lower_bound,0.28513181591865194,0.39795077904659115,158,31
939,12,True,False,True,midpoint,0.28513181591865194,0.3592430850556065,158,32
939,12,True,False,True,midpoint_with_inhaler,0.28513181591865194,0.3592430850556065,158,33
939,12,True,False,True,upper_bound,0.28513181591865194,0.32311867906474157,158,34
939,12,True,False,True,upper_bound_with_inhaler,0.28513181591865194,0.32311867906474157,158,35
939,24,False,False,False,one_hot,,,158,36
939,24,False,False,False,lower_bound,0.437558518536898,0.5009292134932057,158,37
939,24,False,False,False,midpoint,0.437558518536898,0.48857602963329616,158,38
939,24,False,False,False,midpoint_with_inhaler,0.437558518536898,0.48857602963329616,158,39
939,24,False,False,False,upper_bound,0.437558518536898,0.4724036885940887,158,40
939,24,False,False,False,upper_bound_with_inhaler,0.437558518536898,0.4724036885940887,158,41
939,24,False,False,True,one_hot,,,158,42
939,24,False,False,True,lower_bound,0.437558518536898,0.5009292134932057,158,43
939,24,False,False,True,midpoint,0.437558518536898,0.48857602963329616,158,44
939,24,False,False,True,midpoint_with_inhaler,0.437558518536898,0.48857602963329616,158,45
939,24,False,False,True,upper_bound,0.437558518536898,0.4724036885940887,158,46
939,24,False,False,True,upper_bound_with_inhaler,0.437558518536898,0.4724036885940887,158,47
939,24,False,True,False,one_hot,,,158,48
939,24,False,True,False,lower_bound,0.43676979427152784,0.5106623069892609,158,49
939,24,False,True,False,midpoint,0.43676979427152784,0.5265775462696183,158,50
939,24,False,True,False,midpoint_with_inhaler,0.43676979427152784,0.5265775462696183,158,51
939,24,False,True,False,upper_bound,0.43676979427152784,0.5251884667638069,158,52
939,24,False,True,False,upper_bound_with_inhaler,0.43676979427152784,0.5251884667638069,158,53
939,24,False,True,True,one_hot,,,158,54
939,24,False,True,True,lower_bound,0.43676979427152784,0.5106623069892609,158,55
939,24,False,True,True,midpoint,0.43676979427152784,0.5265775462696183,158,56
939,24,False,True,True,midpoint_with_inhaler,0.43676979427152784,0.5265775462696183,158,57
939,24,False,True,True,upper_bound,0.43676979427152784,0.5251884667638069,158,58
939,24,False,True,True,upper_bound_with_inhaler,0.43676979427152784,0.5251884667638069,158,59
939,24,True,False,False,one_hot,0.09328043244581061,0.09328043244581061,158,60
939,24,True,False,False,lower_bound,0.44731623640106843,0.5060176868357327,158,61
939,24,True,False,False,midpoint,0.44731623640106843,0.49377176284838786,158,62
939,24,True,False,False,midpoint_with_inhaler,0.44731623640106843,0.49377176284838786,158,63
939,24,True,False,False,upper_bound,0.44731623640106843,0.4776205841769347,158,64
939,24,True,False,False,upper_bound_with_inhaler,0.44731623640106843,0.4776205841769347,158,65
939,24,True,False,True,one_hot,0.09328043244581061,0.09328043244581061,158,66
939,24,True,False,True,lower_bound,0.44731623640106843,0.5060176868357327,158,67
939,24,True,False,True,midpoint,0.44731623640106843,0.49377176284838786,158,68
939,24,True,False,True,midpoint_with_inhaler,0.44731623640106843,0.49377176284838786,158,69
939,24,True,False,True,upper_bound,0.44731623640106843,0.4776205841769347,158,70
939,24,True,False,True,upper_bound_with_inhaler,0.44731623640106843,0.4776205841769347,158,71
939,36,False,False,False,one_hot,,,158,72
939,36,False,False,False,lower_bound,0.38096281807484855,0.48973467221954253,158,73
939,36,False,False,False,midpoint,0.38096281807484855,0.44200362180318514,158,74
939,36,False,False,False,midpoint_with_inhaler,0.38096281807484855,0.44200362180318514,158,75
939,36,False,False,False,upper_bound,0.38096281807484855,0.4050282883437734,158,76
939,36,False,False,False,upper_bound_with_inhaler,0.38096281807484855,0.4050282883437734,158,77
939,36,False,False,True,one_hot,,,158,78
939,36,False,False,True,lower_bound,0.38096281807484855,0.48973467221954253,158,79
939,36,False,False,True,midpoint,0.38096281807484855,0.44200362180318514,158,80
939,36,False,False,True,midpoint_with_inhaler,0.38096281807484855,0.44200362180318514,158,81
939,36,False,False,True,upper_bound,0.38096281807484855,0.4050282883437734,158,82
939,36,False,False,True,upper_bound_with_inhaler,0.38096281807484855,0.4050282883437734,158,83
939,36,True,False,False,one_hot,,,158,84
939,36,True,False,False,lower_bound,0.5018932630928563,0.6310079299653377,158,85
939,36,True,False,False,midpoint,0.5018932630928563,0.6577052057820376,158,86
939,36,True,False,False,midpoint_with_inhaler,0.5018932630928563,0.6577052057820376,158,87
939,36,True,False,False,upper_bound,0.5018932630928563,0.6597285003559074,158,88
939,36,True,False,False,upper_bound_with_inhaler,0.5018932630928563,0.6597285003559074,158,89
939,36,True,False,True,one_hot,,,158,90
939,36,True,False,True,lower_bound,0.5018932630928563,0.6310079299653377,158,91
939,36,True,False,True,midpoint,0.5018932630928563,0.6577052057820376,158,92
939,36,True,False,True,midpoint_with_inhaler,0.5018932630928563,0.6577052057820376,158,93
939,36,True,False,True,upper_bound,0.5018932630928563,0.6597285003559074,158,94
939,36,True,False,True,upper_bound_with_inhaler,0.5018932630928563,0.6597285003559074,158,95
939,48,False,False,False,one_hot,,,158,96
939,48,False,False,False,lower_bound,0.4051629650640719,0.524527076184236,158,97
939,48,False,False,False,midpoint,0.4051629650640719,0.4428060422150537,158,98
939,48,False,False,False,midpoint_with_inhaler,0.4051629650640719,0.4625538809108332,158,99
939,48,False,False,False,upper_bound,0.3793508508501612,0.376485783744812,158,100
939,48,False,False,False,upper_bound_with_inhaler,0.4051629650640719,0.4392144575116327,158,101
939,48,False,False,True,one_hot,,,158,102
939,48,False,False,True,lower_bound,0.4051629650640719,0.524527076184236,158,103
939,48,False,False,True,midpoint,0.4051629650640719,0.4428060422150537,158,104
939,48,False,False,True,midpoint_with_inhaler,0.4051629650640719,0.4625538809108332,158,105
939,48,False,False,True,upper_bound,0.3793508508501612,0.376485783744812,158,106
939,48,False,False,True,upper_bound_with_inhaler,0.4051629650640719,0.4392144575116327,158,107
939,48,False,True,False,one_hot,,,158,108
939,48,False,True,False,lower_bound,0.30175331180846904,0.3903410502022162,158,109
939,48,False,True,False,midpoint,0.30175331180846904,0.36836533069919924,158,110
939,48,False,True,False,midpoint_with_inhaler,0.30175331180846904,0.36836533069919924,158,111
939,48,False,True,False,upper_bound,0.30175331180846904,0.3436141659421228,158,112
939,48,False,True,False,upper_bound_with_inhaler,0.30175331180846904,0.3436141659421228,158,113
939,48,False,True,True,one_hot,,,158,114
939,48,False,True,True,lower_bound,0.30175331180846904,0.3903410502022162,158,115
939,48,False,True,True,midpoint,0.30175331180846904,0.36836533069919924,158,116
939,48,False,True,True,midpoint_with_inhaler,0.30175331180846904,0.36836533069919924,158,117
939,48,False,True,True,upper_bound,0.30175331180846904,0.3436141659421228,158,118
939,48,False,True,True,upper_bound_with_inhaler,0.30175331180846904,0.3436141659421228,158,119
939,48,True,False,False,one_hot,-0.06858784354261895,-0.06858784354261897,158,120
939,48,True,False,False,lower_bound,0.10383459628050559,0.21620962026412238,158,121
939,48,True,False,False,midpoint,0.10383459628050559,0.1763704776589087,158,122
939,48,True,False,False,midpoint_with_inhaler,0.10383459628050559,0.1763704776589087,158,123
939,48,True,False,False,upper_bound,0.10383459628050559,0.14580779621804207,158,124
939,48,True,False,False,upper_bound_with_inhaler,0.10383459628050559,0.14580779621804207,158,125
939,48,True,False,True,one_hot,-0.06858784354261895,-0.06858784354261897,158,126
939,48,True,False,True,lower_bound,0.10383459628050559,0.21620962026412238,158,127
939,48,True,False,True,midpoint,0.10383459628050559,0.1763704776589087,158,128
939,48,True,False,True,midpoint_with_inhaler,0.10383459628050559,0.1763704776589087,158,129
939,48,True,False,True,upper_bound,0.10383459628050559,0.14580779621804207,158,130
939,48,True,False,True,upper_bound_with_inhaler,0.10383459628050559,0.14580779621804207,158,131
