user_key,timestamp_window,use_daily_max_windows,use_calendar_days,filter_out_zero_usage_entries,categorization_method,spearman_z,pearson_z,sample_size,config_idx
113,12,False,False,False,one_hot,0.1284210869233536,0.12842108692335355,158,0
113,12,False,False,False,lower_bound,0.270559967461687,0.38737205294518934,158,1
113,12,False,False,False,midpoint,0.270559967461687,0.3786958597863186,158,2
113,12,False,False,False,midpoint_with_inhaler,0.270559967461687,0.3786958597863186,158,3
113,12,False,False,False,upper_bound,0.27053415527064406,0.3634256702664252,158,4
113,12,False,False,False,upper_bound_with_inhaler,0.27053415527064406,0.3634256702664252,158,5
113,12,False,False,True,one_hot,0.1284210869233536,0.12842108692335355,158,6
113,12,False,False,True,lower_bound,0.270559967461687,0.38737205294518934,158,7
113,12,False,False,True,midpoint,0.270559967461687,0.3786958597863186,158,8
113,12,False,False,True,midpoint_with_inhaler,0.270559967461687,0.3786958597863186,158,9
113,12,False,False,True,upper_bound,0.27053415527064406,0.3634256702664252,158,10
113,12,False,False,True,upper_bound_with_inhaler,0.27053415527064406,0.3634256702664252,158,11
113,12,False,True,False,one_hot,0.2280419836574883,0.2280419836574883,158,12
113,12,False,True,False,lower_bound,0.38042419876971184,0.4150159087292875,158,13
113,12,False,True,False,midpoint,0.38042419876971184,0.41514531141846794,158,14
113,12,False,True,False,midpoint_with_inhaler,0.38042419876971184,0.41514531141846794,158,15
113,12,False,True,False,upper_bound,0.38038293034200865,0.4029207056125476,158,16
113,12,False,True,False,upper_bound_with_inhaler,0.38038293034200865,0.4029207056125476,158,17
113,12,False,True,True,one_hot,0.2280419836574883,0.2280419836574883,158,18
113,12,False,True,True,lower_bound,0.38042419876971184,0.4150159087292875,158,19
113,12,False,True,True,midpoint,0.38042419876971184,0.41514531141846794,158,20
113,12,False,True,True,midpoint_with_inhaler,0.38042419876971184,0.41514531141846794,158,21
113,12,False,True,True,upper_bound,0.38038293034200865,0.4029207056125476,158,22
113,12,False,True,True,upper_bound_with_inhaler,0.38038293034200865,0.4029207056125476,158,23
113,12,True,False,False,one_hot,0.180516391332062,0.18051639133206196,158,24
113,12,True,False,False,lower_bound,0.2416118853852759,0.2599950197575424,158,25
113,12,True,False,False,midpoint,0.2416118853852759,0.272389727722042,158,26
113,12,True,False,False,midpoint_with_inhaler,0.2416118853852759,0.272389727722042,158,27
113,12,True,False,False,upper_bound,0.24156382710729674,0.27682408344932186,158,28
113,12,True,False,False,upper_bound_with_inhaler,0.24156382710729674,0.27682408344932186,158,29
113,12,True,False,True,one_hot,0.180516391332062,0.18051639133206196,158,30
113,12,True,False,True,lower_bound,0.2416118853852759,0.2599950197575424,158,31
113,12,True,False,True,midpoint,0.2416118853852759,0.272389727722042,158,32
113,12,True,False,True,midpoint_with_inhaler,0.2416118853852759,0.272389727722042,158,33
113,12,True,False,True,upper_bound,0.24156382710729674,0.27682408344932186,158,34
113,12,True,False,True,upper_bound_with_inhaler,0.24156382710729674,0.27682408344932186,158,35
113,24,False,False,False,one_hot,0.31483129523988884,0.3148312952398888,158,36
113,24,False,False,False,lower_bound,0.48268456811076355,0.45496897827296934,158,37
113,24,False,False,False,midpoint,0.48268456811076355,0.46701707790252145,158,38
113,24,False,False,False,midpoint_with_inhaler,0.48268456811076355,0.46701707790252145,158,39
113,24,False,False,False,upper_bound,0.4822454110465648,0.4613672651683886,158,40
113,24,False,False,False,upper_bound_with_inhaler,0.4822454110465648,0.4613672651683886,158,41
113,24,False,False,True,one_hot,0.31483129523988884,0.3148312952398888,158,42
113,24,False,False,True,lower_bound,0.48268456811076355,0.45496897827296934,158,43
113,24,False,False,True,midpoint,0.48268456811076355,0.46701707790252145,158,44
113,24,False,False,True,midpoint_with_inhaler,0.48268456811076355,0.46701707790252145,158,45
113,24,False,False,True,upper_bound,0.4822454110465648,0.4613672651683886,158,46
113,24,False,False,True,upper_bound_with_inhaler,0.4822454110465648,0.4613672651683886,158,47
113,24,False,True,False,one_hot,0.16275752008765929,0.16275752008765926,158,48
113,24,False,True,False,lower_bound,0.23683164055821126,0.3204905768879976,158,49
113,24,False,True,False,midpoint,0.23683164055821126,0.31160476136584914,158,50
113,24,False,True,False,midpoint_with_inhaler,0.23683164055821126,0.31160476136584914,158,51
113,24,False,True,False,upper_bound,0.23575091455042743,0.30050028182405014,158,52
113,24,False,True,False,upper_bound_with_inhaler,0.23575091455042743,0.30050028182405014,158,53
113,24,False,True,True,one_hot,0.16275752008765929,0.16275752008765926,158,54
113,24,False,True,True,lower_bound,0.23683164055821126,0.3204905768879976,158,55
113,24,False,True,True,midpoint,0.23683164055821126,0.31160476136584914,158,56
113,24,False,True,True,midpoint_with_inhaler,0.23683164055821126,0.31160476136584914,158,57
113,24,False,True,True,upper_bound,0.23575091455042743,0.30050028182405014,158,58
113,24,False,True,True,upper_bound_with_inhaler,0.23575091455042743,0.30050028182405014,158,59
113,24,True,False,False,one_hot,0.31483129523988884,0.3148312952398888,158,60
113,24,True,False,False,lower_bound,0.48268456811076355,0.45496897827296934,158,61
113,24,True,False,False,midpoint,0.48268456811076355,0.46701707790252145,158,62
113,24,True,False,False,midpoint_with_inhaler,0.48268456811076355,0.46701707790252145,158,63
113,24,True,False,False,upper_bound,0.4822454110465648,0.4613672651683886,158,64
113,24,True,False,False,upper_bound_with_inhaler,0.4822454110465648,0.4613672651683886,158,65
113,24,True,False,True,one_hot,0.31483129523988884,0.3148312952398888,158,66
113,24,True,False,True,lower_bound,0.48268456811076355,0.45496897827296934,158,67
113,24,True,False,True,midpoint,0.48268456811076355,0.46701707790252145,158,68
113,24,True,False,True,midpoint_with_inhaler,0.48268456811076355,0.46701707790252145,158,69
113,24,True,False,True,upper_bound,0.4822454110465648,0.4613672651683886,158,70
113,24,True,False,True,upper_bound_with_inhaler,0.4822454110465648,0.4613672651683886,158,71
113,36,False,False,False,one_hot,0.18501733556433198,0.18501733556433198,158,72
113,36,False,False,False,lower_bound,0.3906118739164819,0.4403469545136339,158,73
113,36,False,False,False,midpoint,0.3906118739164819,0.454668799107686,158,74
113,36,False,False,False,midpoint_with_inhaler,0.3906118739164819,0.4540494987060185,158,75
113,36,False,False,False,upper_bound,0.39012307814555874,0.4485024038556844,158,76
113,36,False,False,False,upper_bound_with_inhaler,0.3906118739164819,0.45248351525254527,158,77
113,36,False,False,True,one_hot,0.18501733556433198,0.18501733556433198,158,78
113,36,False,False,True,lower_bound,0.3906118739164819,0.4403469545136339,158,79
113,36,False,False,True,midpoint,0.3906118739164819,0.454668799107686,158,80
113,36,False,False,True,midpoint_with_inhaler,0.3906118739164819,0.4540494987060185,158,81
113,36,False,False,True,upper_bound,0.39012307814555874,0.4485024038556844,158,82
113,36,False,False,True,upper_bound_with_inhaler,0.3906118739164819,0.45248351525254527,158,83
113,36,True,False,False,one_hot,0.17482416753030358,0.17482416753030358,158,84
113,36,True,False,False,lower_bound,0.3630023906885989,0.3891882497363629,158,85
113,36,True,False,False,midpoint,0.3630023906885989,0.37850042850370225,158,86
113,36,True,False,False,midpoint_with_inhaler,0.3630023906885989,0.37850042850370225,158,87
113,36,True,False,False,upper_bound,0.36216836356820326,0.3645572170155103,158,88
113,36,True,False,False,upper_bound_with_inhaler,0.36216836356820326,0.3645572170155103,158,89
113,36,True,False,True,one_hot,0.17482416753030358,0.17482416753030358,158,90
113,36,True,False,True,lower_bound,0.3630023906885989,0.3891882497363629,158,91
113,36,True,False,True,midpoint,0.3630023906885989,0.37850042850370225,158,92
113,36,True,False,True,midpoint_with_inhaler,0.3630023906885989,0.37850042850370225,158,93
113,36,True,False,True,upper_bound,0.36216836356820326,0.3645572170155103,158,94
113,36,True,False,True,upper_bound_with_inhaler,0.36216836356820326,0.3645572170155103,158,95
113,48,False,False,False,one_hot,0.18218076676967568,0.18218076676967568,158,96
113,48,False,False,False,lower_bound,0.3630585699065678,0.38957867726399753,158,97
113,48,False,False,False,midpoint,0.3630585699065678,0.40419401477659217,158,98
113,48,False,False,False,midpoint_with_inhaler,0.3630585699065678,0.4015231297630051,158,99
113,48,False,False,False,upper_bound,0.36244009175408787,0.4026572573444087,158,100
113,48,False,False,False,upper_bound_with_inhaler,0.3630585699065678,0.4074731001339794,158,101
113,48,False,False,True,one_hot,0.18218076676967568,0.18218076676967568,158,102
113,48,False,False,True,lower_bound,0.3630585699065678,0.38957867726399753,158,103
113,48,False,False,True,midpoint,0.3630585699065678,0.40419401477659217,158,104
113,48,False,False,True,midpoint_with_inhaler,0.3630585699065678,0.4015231297630051,158,105
113,48,False,False,True,upper_bound,0.36244009175408787,0.4026572573444087,158,106
113,48,False,False,True,upper_bound_with_inhaler,0.3630585699065678,0.4074731001339794,158,107
113,48,False,True,False,one_hot,0.07016880937324814,0.07016880937324821,158,108
113,48,False,True,False,lower_bound,0.10443492234580973,0.041750657215346536,158,109
113,48,False,True,False,midpoint,0.10443492234580973,0.055546518199700134,158,110
113,48,False,True,False,midpoint_with_inhaler,0.10443492234580973,0.055546518199700134,158,111
113,48,False,True,False,upper_bound,0.10406480556264106,0.062308267458174665,158,112
113,48,False,True,False,upper_bound_with_inhaler,0.10406480556264106,0.062308267458174665,158,113
113,48,False,True,True,one_hot,0.07016880937324814,0.07016880937324821,158,114
113,48,False,True,True,lower_bound,0.10443492234580973,0.041750657215346536,158,115
113,48,False,True,True,midpoint,0.10443492234580973,0.055546518199700134,158,116
113,48,False,True,True,midpoint_with_inhaler,0.10443492234580973,0.055546518199700134,158,117
113,48,False,True,True,upper_bound,0.10406480556264106,0.062308267458174665,158,118
113,48,False,True,True,upper_bound_with_inhaler,0.10406480556264106,0.062308267458174665,158,119
113,48,True,False,False,one_hot,0.053221783083785806,0.05322178308378577,158,120
113,48,True,False,False,lower_bound,0.1336803289634677,0.1357461955056224,158,121
113,48,True,False,False,midpoint,0.1336803289634677,0.1617463976483657,158,122
113,48,True,False,False,midpoint_with_inhaler,0.1336803289634677,0.1617463976483657,158,123
113,48,True,False,False,upper_bound,0.13396850747512598,0.1782972766177742,158,124
113,48,True,False,False,upper_bound_with_inhaler,0.13396850747512598,0.1782972766177742,158,125
113,48,True,False,True,one_hot,0.053221783083785806,0.05322178308378577,158,126
113,48,True,False,True,lower_bound,0.1336803289634677,0.1357461955056224,158,127
113,48,True,False,True,midpoint,0.1336803289634677,0.1617463976483657,158,128
113,48,True,False,True,midpoint_with_inhaler,0.1336803289634677,0.1617463976483657,158,129
113,48,True,False,True,upper_bound,0.13396850747512598,0.1782972766177742,158,130
113,48,True,False,True,upper_bound_with_inhaler,0.13396850747512598,0.1782972766177742,158,131
190,12,False,False,False,one_hot,-0.03582105708309529,-0.03582105708309534,19,0
190,12,False,False,False,lower_bound,-0.03582105708309529,-0.03582105708309534,19,1
190,12,False,False,False,midpoint,-0.03582105708309529,-0.03582105708309528,19,2
190,12,False,False,False,midpoint_with_inhaler,-0.03582105708309529,-0.03582105708309528,19,3
190,12,False,False,False,upper_bound,-0.03582105708309529,-0.03582105708309534,19,4
190,12,False,False,False,upper_bound_with_inhaler,-0.03582105708309529,-0.03582105708309534,19,5
190,12,False,False,True,one_hot,-0.03582105708309529,-0.03582105708309534,19,6
190,12,False,False,True,lower_bound,-0.03582105708309529,-0.03582105708309534,19,7
190,12,False,False,True,midpoint,-0.03582105708309529,-0.03582105708309528,19,8
190,12,False,False,True,midpoint_with_inhaler,-0.03582105708309529,-0.03582105708309528,19,9
190,12,False,False,True,upper_bound,-0.03582105708309529,-0.03582105708309534,19,10
190,12,False,False,True,upper_bound_with_inhaler,-0.03582105708309529,-0.03582105708309534,19,11
190,12,False,True,False,one_hot,0.1523537408921176,0.1523537408921177,19,12
190,12,False,True,False,lower_bound,0.21598972772925928,0.25376228905381215,19,13
190,12,False,True,False,midpoint,0.21598972772925928,0.24007435203983493,19,14
190,12,False,True,False,midpoint_with_inhaler,0.21598972772925928,0.24007435203983493,19,15
190,12,False,True,False,upper_bound,0.21598972772925928,0.22744953600579132,19,16
190,12,False,True,False,upper_bound_with_inhaler,0.21598972772925928,0.22744953600579132,19,17
190,12,False,True,True,one_hot,0.1523537408921176,0.1523537408921177,19,18
190,12,False,True,True,lower_bound,0.21598972772925928,0.25376228905381215,19,19
190,12,False,True,True,midpoint,0.21598972772925928,0.24007435203983493,19,20
190,12,False,True,True,midpoint_with_inhaler,0.21598972772925928,0.24007435203983493,19,21
190,12,False,True,True,upper_bound,0.21598972772925928,0.22744953600579132,19,22
190,12,False,True,True,upper_bound_with_inhaler,0.21598972772925928,0.22744953600579132,19,23
190,12,True,False,False,one_hot,-0.0556128175551122,-0.0556128175551122,19,24
190,12,True,False,False,lower_bound,-0.0556128175551122,-0.0556128175551122,19,25
190,12,True,False,False,midpoint,-0.0556128175551122,-0.0556128175551122,19,26
190,12,True,False,False,midpoint_with_inhaler,-0.0556128175551122,-0.0556128175551122,19,27
190,12,True,False,False,upper_bound,-0.0556128175551122,-0.0556128175551122,19,28
190,12,True,False,False,upper_bound_with_inhaler,-0.0556128175551122,-0.0556128175551122,19,29
190,12,True,False,True,one_hot,-0.0556128175551122,-0.0556128175551122,19,30
190,12,True,False,True,lower_bound,-0.0556128175551122,-0.0556128175551122,19,31
190,12,True,False,True,midpoint,-0.0556128175551122,-0.0556128175551122,19,32
190,12,True,False,True,midpoint_with_inhaler,-0.0556128175551122,-0.0556128175551122,19,33
190,12,True,False,True,upper_bound,-0.0556128175551122,-0.0556128175551122,19,34
190,12,True,False,True,upper_bound_with_inhaler,-0.0556128175551122,-0.0556128175551122,19,35
190,24,False,False,False,one_hot,0.29395814171587453,0.2939581417158746,19,36
190,24,False,False,False,lower_bound,0.29395814171587453,0.2939581417158746,19,37
190,24,False,False,False,midpoint,0.29395814171587453,0.29395814171587453,19,38
190,24,False,False,False,midpoint_with_inhaler,0.29395814171587453,0.29395814171587453,19,39
190,24,False,False,False,upper_bound,0.29395814171587453,0.2939581417158746,19,40
190,24,False,False,False,upper_bound_with_inhaler,0.29395814171587453,0.2939581417158746,19,41
190,24,False,False,True,one_hot,0.29395814171587453,0.2939581417158746,19,42
190,24,False,False,True,lower_bound,0.29395814171587453,0.2939581417158746,19,43
190,24,False,False,True,midpoint,0.29395814171587453,0.29395814171587453,19,44
190,24,False,False,True,midpoint_with_inhaler,0.29395814171587453,0.29395814171587453,19,45
190,24,False,False,True,upper_bound,0.29395814171587453,0.2939581417158746,19,46
190,24,False,False,True,upper_bound_with_inhaler,0.29395814171587453,0.2939581417158746,19,47
190,24,False,True,False,one_hot,0.5125631881238468,0.5125631881238468,19,48
190,24,False,True,False,lower_bound,0.5125631881238468,0.5125631881238468,19,49
190,24,False,True,False,midpoint,0.5125631881238468,0.5125631881238467,19,50
190,24,False,True,False,midpoint_with_inhaler,0.5125631881238468,0.5125631881238467,19,51
190,24,False,True,False,upper_bound,0.5125631881238468,0.5125631881238468,19,52
190,24,False,True,False,upper_bound_with_inhaler,0.5125631881238468,0.5125631881238468,19,53
190,24,False,True,True,one_hot,0.5125631881238468,0.5125631881238468,19,54
190,24,False,True,True,lower_bound,0.5125631881238468,0.5125631881238468,19,55
190,24,False,True,True,midpoint,0.5125631881238468,0.5125631881238467,19,56
190,24,False,True,True,midpoint_with_inhaler,0.5125631881238468,0.5125631881238467,19,57
190,24,False,True,True,upper_bound,0.5125631881238468,0.5125631881238468,19,58
190,24,False,True,True,upper_bound_with_inhaler,0.5125631881238468,0.5125631881238468,19,59
190,24,True,False,False,one_hot,0.29395814171587453,0.2939581417158746,19,60
190,24,True,False,False,lower_bound,0.29395814171587453,0.2939581417158746,19,61
190,24,True,False,False,midpoint,0.29395814171587453,0.29395814171587453,19,62
190,24,True,False,False,midpoint_with_inhaler,0.29395814171587453,0.29395814171587453,19,63
190,24,True,False,False,upper_bound,0.29395814171587453,0.2939581417158746,19,64
190,24,True,False,False,upper_bound_with_inhaler,0.29395814171587453,0.2939581417158746,19,65
190,24,True,False,True,one_hot,0.29395814171587453,0.2939581417158746,19,66
190,24,True,False,True,lower_bound,0.29395814171587453,0.2939581417158746,19,67
190,24,True,False,True,midpoint,0.29395814171587453,0.29395814171587453,19,68
190,24,True,False,True,midpoint_with_inhaler,0.29395814171587453,0.29395814171587453,19,69
190,24,True,False,True,upper_bound,0.29395814171587453,0.2939581417158746,19,70
190,24,True,False,True,upper_bound_with_inhaler,0.29395814171587453,0.2939581417158746,19,71
190,36,False,False,False,one_hot,0.2688725760190977,0.2688725760190977,19,72
190,36,False,False,False,lower_bound,0.2688725760190977,0.2688725760190977,19,73
190,36,False,False,False,midpoint,0.2688725760190977,0.2688725760190976,19,74
190,36,False,False,False,midpoint_with_inhaler,0.2688725760190977,0.2688725760190976,19,75
190,36,False,False,False,upper_bound,0.2688725760190977,0.2688725760190977,19,76
190,36,False,False,False,upper_bound_with_inhaler,0.2688725760190977,0.2688725760190977,19,77
190,36,False,False,True,one_hot,0.2688725760190977,0.2688725760190977,19,78
190,36,False,False,True,lower_bound,0.2688725760190977,0.2688725760190977,19,79
190,36,False,False,True,midpoint,0.2688725760190977,0.2688725760190976,19,80
190,36,False,False,True,midpoint_with_inhaler,0.2688725760190977,0.2688725760190976,19,81
190,36,False,False,True,upper_bound,0.2688725760190977,0.2688725760190977,19,82
190,36,False,False,True,upper_bound_with_inhaler,0.2688725760190977,0.2688725760190977,19,83
190,36,True,False,False,one_hot,0.03582105708309529,0.03582105708309534,19,84
190,36,True,False,False,lower_bound,0.03582105708309529,0.03582105708309534,19,85
190,36,True,False,False,midpoint,0.03582105708309529,0.035821057083095256,19,86
190,36,True,False,False,midpoint_with_inhaler,0.03582105708309529,0.035821057083095256,19,87
190,36,True,False,False,upper_bound,0.03582105708309529,0.03582105708309534,19,88
190,36,True,False,False,upper_bound_with_inhaler,0.03582105708309529,0.03582105708309534,19,89
190,36,True,False,True,one_hot,0.03582105708309529,0.03582105708309534,19,90
190,36,True,False,True,lower_bound,0.03582105708309529,0.03582105708309534,19,91
190,36,True,False,True,midpoint,0.03582105708309529,0.035821057083095256,19,92
190,36,True,False,True,midpoint_with_inhaler,0.03582105708309529,0.035821057083095256,19,93
190,36,True,False,True,upper_bound,0.03582105708309529,0.03582105708309534,19,94
190,36,True,False,True,upper_bound_with_inhaler,0.03582105708309529,0.03582105708309534,19,95
190,48,False,False,False,one_hot,0.6102897852195367,0.6102897852195367,19,96
190,48,False,False,False,lower_bound,0.673575346712851,0.5909079266263522,19,97
190,48,False,False,False,midpoint,0.673575346712851,0.6424587845013655,19,98
190,48,False,False,False,midpoint_with_inhaler,0.673575346712851,0.6424587845013655,19,99
190,48,False,False,False,upper_bound,0.673575346712851,0.6668771635237154,19,100
190,48,False,False,False,upper_bound_with_inhaler,0.673575346712851,0.6668771635237154,19,101
190,48,False,False,True,one_hot,0.6102897852195367,0.6102897852195367,19,102
190,48,False,False,True,lower_bound,0.673575346712851,0.5909079266263522,19,103
190,48,False,False,True,midpoint,0.673575346712851,0.6424587845013655,19,104
190,48,False,False,True,midpoint_with_inhaler,0.673575346712851,0.6424587845013655,19,105
190,48,False,False,True,upper_bound,0.673575346712851,0.6668771635237154,19,106
190,48,False,False,True,upper_bound_with_inhaler,0.673575346712851,0.6668771635237154,19,107
190,48,False,True,False,one_hot,0.3861482943883967,0.38614829438839676,19,108
190,48,False,True,False,lower_bound,0.3861482943883967,0.38614829438839676,19,109
190,48,False,True,False,midpoint,0.3861482943883967,0.3861482943883967,19,110
190,48,False,True,False,midpoint_with_inhaler,0.3861482943883967,0.3861482943883967,19,111
190,48,False,True,False,upper_bound,0.3861482943883967,0.38614829438839676,19,112
190,48,False,True,False,upper_bound_with_inhaler,0.3861482943883967,0.38614829438839676,19,113
190,48,False,True,True,one_hot,0.3861482943883967,0.38614829438839676,19,114
190,48,False,True,True,lower_bound,0.3861482943883967,0.38614829438839676,19,115
190,48,False,True,True,midpoint,0.3861482943883967,0.3861482943883967,19,116
190,48,False,True,True,midpoint_with_inhaler,0.3861482943883967,0.3861482943883967,19,117
190,48,False,True,True,upper_bound,0.3861482943883967,0.38614829438839676,19,118
190,48,False,True,True,upper_bound_with_inhaler,0.3861482943883967,0.38614829438839676,19,119
190,48,True,False,False,one_hot,0.5201007632558474,0.5201007632558476,19,120
190,48,True,False,False,lower_bound,0.5201007632558474,0.5201007632558476,19,121
190,48,True,False,False,midpoint,0.5201007632558474,0.5201007632558474,19,122
190,48,True,False,False,midpoint_with_inhaler,0.5201007632558474,0.5201007632558474,19,123
190,48,True,False,False,upper_bound,0.5201007632558474,0.5201007632558476,19,124
190,48,True,False,False,upper_bound_with_inhaler,0.5201007632558474,0.5201007632558476,19,125
190,48,True,False,True,one_hot,0.5201007632558474,0.5201007632558476,19,126
190,48,True,False,True,lower_bound,0.5201007632558474,0.5201007632558476,19,127
190,48,True,False,True,midpoint,0.5201007632558474,0.5201007632558474,19,128
190,48,True,False,True,midpoint_with_inhaler,0.5201007632558474,0.5201007632558474,19,129
190,48,True,False,True,upper_bound,0.5201007632558474,0.5201007632558476,19,130
190,48,True,False,True,upper_bound_with_inhaler,0.5201007632558474,0.5201007632558476,19,131
294,12,False,False,False,one_hot,-0.017864106618178537,-0.01786410661817854,173,0
294,12,False,False,False,lower_bound,0.28861258416821506,0.30369393960899493,173,1
294,12,False,False,False,midpoint,0.28861258416821506,0.30755715564694075,173,2
294,12,False,False,False,midpoint_with_inhaler,0.28861258416821506,0.30755715564694075,173,3
294,12,False,False,False,upper_bound,0.28861258416821506,0.30682213827519933,173,4
294,12,False,False,False,upper_bound_with_inhaler,0.28861258416821506,0.30682213827519933,173,5
294,12,False,False,True,one_hot,-0.017864106618178537,-0.01786410661817854,173,6
294,12,False,False,True,lower_bound,0.28861258416821506,0.30369393960899493,173,7
294,12,False,False,True,midpoint,0.28861258416821506,0.30755715564694075,173,8
294,12,False,False,True,midpoint_with_inhaler,0.28861258416821506,0.30755715564694075,173,9
294,12,False,False,True,upper_bound,0.28861258416821506,0.30682213827519933,173,10
294,12,False,False,True,upper_bound_with_inhaler,0.28861258416821506,0.30682213827519933,173,11
294,12,False,True,False,one_hot,,,173,12
294,12,False,True,False,lower_bound,0.49495821670920165,0.41645486216828825,173,13
294,12,False,True,False,midpoint,0.49495821670920165,0.45492118966263784,173,14
294,12,False,True,False,midpoint_with_inhaler,0.49495821670920165,0.45492118966263784,173,15
294,12,False,True,False,upper_bound,0.49495821670920165,0.4764695364592615,173,16
294,12,False,True,False,upper_bound_with_inhaler,0.49495821670920165,0.4764695364592615,173,17
294,12,False,True,True,one_hot,,,173,18
294,12,False,True,True,lower_bound,0.49495821670920165,0.41645486216828825,173,19
294,12,False,True,True,midpoint,0.49495821670920165,0.45492118966263784,173,20
294,12,False,True,True,midpoint_with_inhaler,0.49495821670920165,0.45492118966263784,173,21
294,12,False,True,True,upper_bound,0.49495821670920165,0.4764695364592615,173,22
294,12,False,True,True,upper_bound_with_inhaler,0.49495821670920165,0.4764695364592615,173,23
294,12,True,False,False,one_hot,,,173,24
294,12,True,False,False,lower_bound,0.5199455921625751,0.47698863776897565,173,25
294,12,True,False,False,midpoint,0.5199455921625751,0.5056737467847539,173,26
294,12,True,False,False,midpoint_with_inhaler,0.5199455921625751,0.5046908435964254,173,27
294,12,True,False,False,upper_bound,0.5195577250470235,0.5157451632638328,173,28
294,12,True,False,False,upper_bound_with_inhaler,0.5199455921625751,0.514739877976248,173,29
294,12,True,False,True,one_hot,,,173,30
294,12,True,False,True,lower_bound,0.5199455921625751,0.47698863776897565,173,31
294,12,True,False,True,midpoint,0.5199455921625751,0.5056737467847539,173,32
294,12,True,False,True,midpoint_with_inhaler,0.5199455921625751,0.5046908435964254,173,33
294,12,True,False,True,upper_bound,0.5195577250470235,0.5157451632638328,173,34
294,12,True,False,True,upper_bound_with_inhaler,0.5199455921625751,0.514739877976248,173,35
294,24,False,False,False,one_hot,,,173,36
294,24,False,False,False,lower_bound,0.6232894173188399,0.6304338801305661,173,37
294,24,False,False,False,midpoint,0.6232894173188399,0.6259487150261057,173,38
294,24,False,False,False,midpoint_with_inhaler,0.6232894173188399,0.628965128860117,173,39
294,24,False,False,False,upper_bound,0.620515401694631,0.6052343901061072,173,40
294,24,False,False,False,upper_bound_with_inhaler,0.6232894173188399,0.6151790800008046,173,41
294,24,False,False,True,one_hot,,,173,42
294,24,False,False,True,lower_bound,0.6232894173188399,0.6304338801305661,173,43
294,24,False,False,True,midpoint,0.6232894173188399,0.6259487150261057,173,44
294,24,False,False,True,midpoint_with_inhaler,0.6232894173188399,0.628965128860117,173,45
294,24,False,False,True,upper_bound,0.620515401694631,0.6052343901061072,173,46
294,24,False,False,True,upper_bound_with_inhaler,0.6232894173188399,0.6151790800008046,173,47
294,24,False,True,False,one_hot,,,173,48
294,24,False,True,False,lower_bound,0.5490078156968828,0.5009074226310137,173,49
294,24,False,True,False,midpoint,0.5490078156968828,0.5304731964663107,173,50
294,24,False,True,False,midpoint_with_inhaler,0.5490078156968828,0.5304731964663107,173,51
294,24,False,True,False,upper_bound,0.5490078156968828,0.5453745147259678,173,52
294,24,False,True,False,upper_bound_with_inhaler,0.5490078156968828,0.5453745147259678,173,53
294,24,False,True,True,one_hot,,,173,54
294,24,False,True,True,lower_bound,0.5490078156968828,0.5009074226310137,173,55
294,24,False,True,True,midpoint,0.5490078156968828,0.5304731964663107,173,56
294,24,False,True,True,midpoint_with_inhaler,0.5490078156968828,0.5304731964663107,173,57
294,24,False,True,True,upper_bound,0.5490078156968828,0.5453745147259678,173,58
294,24,False,True,True,upper_bound_with_inhaler,0.5490078156968828,0.5453745147259678,173,59
294,24,True,False,False,one_hot,,,173,60
294,24,True,False,False,lower_bound,0.6232894173188399,0.6304338801305661,173,61
294,24,True,False,False,midpoint,0.6232894173188399,0.6259487150261057,173,62
294,24,True,False,False,midpoint_with_inhaler,0.6232894173188399,0.628965128860117,173,63
294,24,True,False,False,upper_bound,0.620515401694631,0.6052343901061072,173,64
294,24,True,False,False,upper_bound_with_inhaler,0.6232894173188399,0.6151790800008046,173,65
294,24,True,False,True,one_hot,,,173,66
294,24,True,False,True,lower_bound,0.6232894173188399,0.6304338801305661,173,67
294,24,True,False,True,midpoint,0.6232894173188399,0.6259487150261057,173,68
294,24,True,False,True,midpoint_with_inhaler,0.6232894173188399,0.628965128860117,173,69
294,24,True,False,True,upper_bound,0.620515401694631,0.6052343901061072,173,70
294,24,True,False,True,upper_bound_with_inhaler,0.6232894173188399,0.6151790800008046,173,71
294,36,False,False,False,one_hot,,,173,72
294,36,False,False,False,lower_bound,0.5206089425351343,0.5184981477457479,173,73
294,36,False,False,False,midpoint,0.5206089425351343,0.5262939756303725,173,74
294,36,False,False,False,midpoint_with_inhaler,0.5206089425351343,0.5352418126708968,173,75
294,36,False,False,False,upper_bound,0.48176471397308057,0.5098487973207376,173,76
294,36,False,False,False,upper_bound_with_inhaler,0.5206089425351343,0.5210947158710159,173,77
294,36,False,False,True,one_hot,,,173,78
294,36,False,False,True,lower_bound,0.5206089425351343,0.5184981477457479,173,79
294,36,False,False,True,midpoint,0.5206089425351343,0.5262939756303725,173,80
294,36,False,False,True,midpoint_with_inhaler,0.5206089425351343,0.5352418126708968,173,81
294,36,False,False,True,upper_bound,0.48176471397308057,0.5098487973207376,173,82
294,36,False,False,True,upper_bound_with_inhaler,0.5206089425351343,0.5210947158710159,173,83
294,36,True,False,False,one_hot,,,173,84
294,36,True,False,False,lower_bound,0.4729431458206151,0.44968502349420386,173,85
294,36,True,False,False,midpoint,0.4729431458206151,0.46488535727319213,173,86
294,36,True,False,False,midpoint_with_inhaler,0.4729431458206151,0.4669330698696426,173,87
294,36,True,False,False,upper_bound,0.47043367168410366,0.47240789011356943,173,88
294,36,True,False,False,upper_bound_with_inhaler,0.4729431458206151,0.4791939461421075,173,89
294,36,True,False,True,one_hot,,,173,90
294,36,True,False,True,lower_bound,0.4729431458206151,0.44968502349420386,173,91
294,36,True,False,True,midpoint,0.4729431458206151,0.46488535727319213,173,92
294,36,True,False,True,midpoint_with_inhaler,0.4729431458206151,0.4669330698696426,173,93
294,36,True,False,True,upper_bound,0.47043367168410366,0.47240789011356943,173,94
294,36,True,False,True,upper_bound_with_inhaler,0.4729431458206151,0.4791939461421075,173,95
294,48,False,False,False,one_hot,,,173,96
294,48,False,False,False,lower_bound,0.723129845424252,0.7173631426498139,173,97
294,48,False,False,False,midpoint,0.723129845424252,0.7091566260540467,173,98
294,48,False,False,False,midpoint_with_inhaler,0.723129845424252,0.7254840094054331,173,99
294,48,False,False,False,upper_bound,0.68402802665272,0.6391684885614644,173,100
294,48,False,False,False,upper_bound_with_inhaler,0.723129845424252,0.6752164642553191,173,101
294,48,False,False,True,one_hot,,,173,102
294,48,False,False,True,lower_bound,0.723129845424252,0.7173631426498139,173,103
294,48,False,False,True,midpoint,0.723129845424252,0.7091566260540467,173,104
294,48,False,False,True,midpoint_with_inhaler,0.723129845424252,0.7254840094054331,173,105
294,48,False,False,True,upper_bound,0.68402802665272,0.6391684885614644,173,106
294,48,False,False,True,upper_bound_with_inhaler,0.723129845424252,0.6752164642553191,173,107
294,48,False,True,False,one_hot,,,173,108
294,48,False,True,False,lower_bound,0.3076951084697852,0.3099919416251177,173,109
294,48,False,True,False,midpoint,0.3076951084697852,0.3155285299967704,173,110
294,48,False,True,False,midpoint_with_inhaler,0.3076951084697852,0.3155285299967704,173,111
294,48,False,True,False,upper_bound,0.3076951084697852,0.31417758072308977,173,112
294,48,False,True,False,upper_bound_with_inhaler,0.3076951084697852,0.31417758072308977,173,113
294,48,False,True,True,one_hot,,,173,114
294,48,False,True,True,lower_bound,0.3076951084697852,0.3099919416251177,173,115
294,48,False,True,True,midpoint,0.3076951084697852,0.3155285299967704,173,116
294,48,False,True,True,midpoint_with_inhaler,0.3076951084697852,0.3155285299967704,173,117
294,48,False,True,True,upper_bound,0.3076951084697852,0.31417758072308977,173,118
294,48,False,True,True,upper_bound_with_inhaler,0.3076951084697852,0.31417758072308977,173,119
294,48,True,False,False,one_hot,,,173,120
294,48,True,False,False,lower_bound,0.4134676852949014,0.381477090491523,173,121
294,48,True,False,False,midpoint,0.4134676852949014,0.40678964847340465,173,122
294,48,True,False,False,midpoint_with_inhaler,0.4134676852949014,0.40424048182618355,173,123
294,48,True,False,False,upper_bound,0.41250183117734146,0.41257782591472725,173,124
294,48,True,False,False,upper_bound_with_inhaler,0.4134676852949014,0.4131096874972882,173,125
294,48,True,False,True,one_hot,,,173,126
294,48,True,False,True,lower_bound,0.4134676852949014,0.381477090491523,173,127
294,48,True,False,True,midpoint,0.4134676852949014,0.40678964847340465,173,128
294,48,True,False,True,midpoint_with_inhaler,0.4134676852949014,0.40424048182618355,173,129
294,48,True,False,True,upper_bound,0.41250183117734146,0.41257782591472725,173,130
294,48,True,False,True,upper_bound_with_inhaler,0.4134676852949014,0.4131096874972882,173,131
328,12,False,False,False,one_hot,0.541884625736584,0.541884625736584,17,0
328,12,False,False,False,lower_bound,0.47667345370639874,0.1269107433515565,17,1
328,12,False,False,False,midpoint,0.47667345370639874,0.1585210067866633,17,2
328,12,False,False,False,midpoint_with_inhaler,0.47667345370639874,0.1585210067866633,17,3
328,12,False,False,False,upper_bound,0.47667345370639874,0.1776813162534728,17,4
328,12,False,False,False,upper_bound_with_inhaler,0.47667345370639874,0.1776813162534728,17,5
328,12,False,False,True,one_hot,0.541884625736584,0.541884625736584,17,6
328,12,False,False,True,lower_bound,0.47667345370639874,0.1269107433515565,17,7
328,12,False,False,True,midpoint,0.47667345370639874,0.1585210067866633,17,8
328,12,False,False,True,midpoint_with_inhaler,0.47667345370639874,0.1585210067866633,17,9
328,12,False,False,True,upper_bound,0.47667345370639874,0.1776813162534728,17,10
328,12,False,False,True,upper_bound_with_inhaler,0.47667345370639874,0.1776813162534728,17,11
328,12,False,True,False,one_hot,0.3589231765582063,0.3589231765582063,17,12
328,12,False,True,False,lower_bound,0.30156584492225985,0.07390537518759713,17,13
328,12,False,True,False,midpoint,0.30156584492225985,0.09819012452940575,17,14
328,12,False,True,False,midpoint_with_inhaler,0.30156584492225985,0.09819012452940575,17,15
328,12,False,True,False,upper_bound,0.30156584492225985,0.11284318271571442,17,16
328,12,False,True,False,upper_bound_with_inhaler,0.30156584492225985,0.11284318271571442,17,17
328,12,False,True,True,one_hot,0.3589231765582063,0.3589231765582063,17,18
328,12,False,True,True,lower_bound,0.30156584492225985,0.07390537518759713,17,19
328,12,False,True,True,midpoint,0.30156584492225985,0.09819012452940575,17,20
328,12,False,True,True,midpoint_with_inhaler,0.30156584492225985,0.09819012452940575,17,21
328,12,False,True,True,upper_bound,0.30156584492225985,0.11284318271571442,17,22
328,12,False,True,True,upper_bound_with_inhaler,0.30156584492225985,0.11284318271571442,17,23
328,12,True,False,False,one_hot,0.40861767640633306,0.4086176764063331,17,24
328,12,True,False,False,lower_bound,0.35030968983465455,0.09154194364805601,17,25
328,12,True,False,False,midpoint,0.35030968983465455,0.11810949303390353,17,26
328,12,True,False,False,midpoint_with_inhaler,0.35030968983465455,0.11810949303390353,17,27
328,12,True,False,False,upper_bound,0.35030968983465455,0.13413199329733966,17,28
328,12,True,False,False,upper_bound_with_inhaler,0.35030968983465455,0.13413199329733966,17,29
328,12,True,False,True,one_hot,0.40861767640633306,0.4086176764063331,17,30
328,12,True,False,True,lower_bound,0.35030968983465455,0.09154194364805601,17,31
328,12,True,False,True,midpoint,0.35030968983465455,0.11810949303390353,17,32
328,12,True,False,True,midpoint_with_inhaler,0.35030968983465455,0.11810949303390353,17,33
328,12,True,False,True,upper_bound,0.35030968983465455,0.13413199329733966,17,34
328,12,True,False,True,upper_bound_with_inhaler,0.35030968983465455,0.13413199329733966,17,35
328,24,False,False,False,one_hot,0.3589231765582063,0.3589231765582063,17,36
328,24,False,False,False,lower_bound,0.30156584492225985,0.07390537518759716,17,37
328,24,False,False,False,midpoint,0.30156584492225985,0.09819012452940575,17,38
328,24,False,False,False,midpoint_with_inhaler,0.30156584492225985,0.09819012452940575,17,39
328,24,False,False,False,upper_bound,0.30156584492225985,0.11284318271571442,17,40
328,24,False,False,False,upper_bound_with_inhaler,0.30156584492225985,0.11284318271571442,17,41
328,24,False,False,True,one_hot,0.3589231765582063,0.3589231765582063,17,42
328,24,False,False,True,lower_bound,0.30156584492225985,0.07390537518759716,17,43
328,24,False,False,True,midpoint,0.30156584492225985,0.09819012452940575,17,44
328,24,False,False,True,midpoint_with_inhaler,0.30156584492225985,0.09819012452940575,17,45
328,24,False,False,True,upper_bound,0.30156584492225985,0.11284318271571442,17,46
328,24,False,False,True,upper_bound_with_inhaler,0.30156584492225985,0.11284318271571442,17,47
328,24,False,True,False,one_hot,-0.06555913024741905,-0.06555913024741908,17,48
328,24,False,True,False,lower_bound,-0.06555913024741905,-0.06555913024741908,17,49
328,24,False,True,False,midpoint,-0.06555913024741905,-0.06555913024741902,17,50
328,24,False,True,False,midpoint_with_inhaler,-0.06555913024741905,-0.06555913024741902,17,51
328,24,False,True,False,upper_bound,-0.06555913024741905,-0.06555913024741908,17,52
328,24,False,True,False,upper_bound_with_inhaler,-0.06555913024741905,-0.06555913024741908,17,53
328,24,False,True,True,one_hot,-0.06555913024741905,-0.06555913024741908,17,54
328,24,False,True,True,lower_bound,-0.06555913024741905,-0.06555913024741908,17,55
328,24,False,True,True,midpoint,-0.06555913024741905,-0.06555913024741902,17,56
328,24,False,True,True,midpoint_with_inhaler,-0.06555913024741905,-0.06555913024741902,17,57
328,24,False,True,True,upper_bound,-0.06555913024741905,-0.06555913024741908,17,58
328,24,False,True,True,upper_bound_with_inhaler,-0.06555913024741905,-0.06555913024741908,17,59
328,24,True,False,False,one_hot,0.3589231765582063,0.3589231765582063,17,60
328,24,True,False,False,lower_bound,0.30156584492225985,0.07390537518759716,17,61
328,24,True,False,False,midpoint,0.30156584492225985,0.09819012452940575,17,62
328,24,True,False,False,midpoint_with_inhaler,0.30156584492225985,0.09819012452940575,17,63
328,24,True,False,False,upper_bound,0.30156584492225985,0.11284318271571442,17,64
328,24,True,False,False,upper_bound_with_inhaler,0.30156584492225985,0.11284318271571442,17,65
328,24,True,False,True,one_hot,0.3589231765582063,0.3589231765582063,17,66
328,24,True,False,True,lower_bound,0.30156584492225985,0.07390537518759716,17,67
328,24,True,False,True,midpoint,0.30156584492225985,0.09819012452940575,17,68
328,24,True,False,True,midpoint_with_inhaler,0.30156584492225985,0.09819012452940575,17,69
328,24,True,False,True,upper_bound,0.30156584492225985,0.11284318271571442,17,70
328,24,True,False,True,upper_bound_with_inhaler,0.30156584492225985,0.11284318271571442,17,71
328,36,False,False,False,one_hot,0.2053880046330666,0.2053880046330666,17,72
328,36,False,False,False,lower_bound,0.1409816090245673,3.469446951953614e-18,17,73
328,36,False,False,False,midpoint,0.1409816090245673,0.01520249668472705,17,74
328,36,False,False,False,midpoint_with_inhaler,0.1409816090245673,0.01520249668472705,17,75
328,36,False,False,False,upper_bound,0.1409816090245673,0.024623273398731518,17,76
328,36,False,False,False,upper_bound_with_inhaler,0.1409816090245673,0.024623273398731518,17,77
328,36,False,False,True,one_hot,0.2053880046330666,0.2053880046330666,17,78
328,36,False,False,True,lower_bound,0.1409816090245673,3.469446951953614e-18,17,79
328,36,False,False,True,midpoint,0.1409816090245673,0.01520249668472705,17,80
328,36,False,False,True,midpoint_with_inhaler,0.1409816090245673,0.01520249668472705,17,81
328,36,False,False,True,upper_bound,0.1409816090245673,0.024623273398731518,17,82
328,36,False,False,True,upper_bound_with_inhaler,0.1409816090245673,0.024623273398731518,17,83
328,36,True,False,False,one_hot,0.1706688414642979,0.17066884146429798,17,84
328,36,True,False,False,lower_bound,0.1706688414642979,0.17066884146429798,17,85
328,36,True,False,False,midpoint,0.1706688414642979,0.17066884146429792,17,86
328,36,True,False,False,midpoint_with_inhaler,0.1706688414642979,0.17066884146429792,17,87
328,36,True,False,False,upper_bound,0.1706688414642979,0.17066884146429798,17,88
328,36,True,False,False,upper_bound_with_inhaler,0.1706688414642979,0.17066884146429798,17,89
328,36,True,False,True,one_hot,0.1706688414642979,0.17066884146429798,17,90
328,36,True,False,True,lower_bound,0.1706688414642979,0.17066884146429798,17,91
328,36,True,False,True,midpoint,0.1706688414642979,0.17066884146429792,17,92
328,36,True,False,True,midpoint_with_inhaler,0.1706688414642979,0.17066884146429792,17,93
328,36,True,False,True,upper_bound,0.1706688414642979,0.17066884146429798,17,94
328,36,True,False,True,upper_bound_with_inhaler,0.1706688414642979,0.17066884146429798,17,95
328,48,False,False,False,one_hot,0.24021864728926093,0.24021864728926104,17,96
328,48,False,False,False,lower_bound,0.17932811819187108,0.019355241619010255,17,97
328,48,False,False,False,midpoint,0.17932811819187108,0.036977908442580955,17,98
328,48,False,False,False,midpoint_with_inhaler,0.17932811819187108,0.036977908442580955,17,99
328,48,False,False,False,upper_bound,0.17932811819187108,0.04777731174310719,17,100
328,48,False,False,False,upper_bound_with_inhaler,0.17932811819187108,0.04777731174310719,17,101
328,48,False,False,True,one_hot,0.24021864728926093,0.24021864728926104,17,102
328,48,False,False,True,lower_bound,0.17932811819187108,0.019355241619010255,17,103
328,48,False,False,True,midpoint,0.17932811819187108,0.036977908442580955,17,104
328,48,False,False,True,midpoint_with_inhaler,0.17932811819187108,0.036977908442580955,17,105
328,48,False,False,True,upper_bound,0.17932811819187108,0.04777731174310719,17,106
328,48,False,False,True,upper_bound_with_inhaler,0.17932811819187108,0.04777731174310719,17,107
328,48,False,True,False,one_hot,0.021519895527224667,0.02151989552722467,17,108
328,48,False,True,False,lower_bound,0.021519895527224667,0.02151989552722467,17,109
328,48,False,True,False,midpoint,0.021519895527224667,0.02151989552722467,17,110
328,48,False,True,False,midpoint_with_inhaler,0.021519895527224667,0.02151989552722467,17,111
328,48,False,True,False,upper_bound,0.021519895527224667,0.02151989552722467,17,112
328,48,False,True,False,upper_bound_with_inhaler,0.021519895527224667,0.02151989552722467,17,113
328,48,False,True,True,one_hot,0.021519895527224667,0.02151989552722467,17,114
328,48,False,True,True,lower_bound,0.021519895527224667,0.02151989552722467,17,115
328,48,False,True,True,midpoint,0.021519895527224667,0.02151989552722467,17,116
328,48,False,True,True,midpoint_with_inhaler,0.021519895527224667,0.02151989552722467,17,117
328,48,False,True,True,upper_bound,0.021519895527224667,0.02151989552722467,17,118
328,48,False,True,True,upper_bound_with_inhaler,0.021519895527224667,0.02151989552722467,17,119
328,48,True,False,False,one_hot,0.11284318271571434,0.1128431827157144,17,120
328,48,True,False,False,lower_bound,0.11284318271571434,0.1128431827157144,17,121
328,48,True,False,False,midpoint,0.11284318271571434,0.11284318271571434,17,122
328,48,True,False,False,midpoint_with_inhaler,0.11284318271571434,0.11284318271571434,17,123
328,48,True,False,False,upper_bound,0.11284318271571434,0.1128431827157144,17,124
328,48,True,False,False,upper_bound_with_inhaler,0.11284318271571434,0.1128431827157144,17,125
328,48,True,False,True,one_hot,0.11284318271571434,0.1128431827157144,17,126
328,48,True,False,True,lower_bound,0.11284318271571434,0.1128431827157144,17,127
328,48,True,False,True,midpoint,0.11284318271571434,0.11284318271571434,17,128
328,48,True,False,True,midpoint_with_inhaler,0.11284318271571434,0.11284318271571434,17,129
328,48,True,False,True,upper_bound,0.11284318271571434,0.1128431827157144,17,130
328,48,True,False,True,upper_bound_with_inhaler,0.11284318271571434,0.1128431827157144,17,131
343,12,False,False,False,one_hot,0.382694317117778,0.3826943171177782,93,0
343,12,False,False,False,lower_bound,0.382694317117778,0.3826943171177782,93,1
343,12,False,False,False,midpoint,0.382694317117778,0.382694317117778,93,2
343,12,False,False,False,midpoint_with_inhaler,0.382694317117778,0.382694317117778,93,3
343,12,False,False,False,upper_bound,0.382694317117778,0.3826943171177782,93,4
343,12,False,False,False,upper_bound_with_inhaler,0.382694317117778,0.3826943171177782,93,5
343,12,False,False,True,one_hot,0.382694317117778,0.3826943171177782,93,6
343,12,False,False,True,lower_bound,0.382694317117778,0.3826943171177782,93,7
343,12,False,False,True,midpoint,0.382694317117778,0.382694317117778,93,8
343,12,False,False,True,midpoint_with_inhaler,0.382694317117778,0.382694317117778,93,9
343,12,False,False,True,upper_bound,0.382694317117778,0.3826943171177782,93,10
343,12,False,False,True,upper_bound_with_inhaler,0.382694317117778,0.3826943171177782,93,11
343,12,False,True,False,one_hot,0.4998771076209361,0.4998771076209361,93,12
343,12,False,True,False,lower_bound,0.4998771076209361,0.4998771076209361,93,13
343,12,False,True,False,midpoint,0.4998771076209361,0.4998771076209361,93,14
343,12,False,True,False,midpoint_with_inhaler,0.4998771076209361,0.4998771076209361,93,15
343,12,False,True,False,upper_bound,0.4998771076209361,0.4998771076209361,93,16
343,12,False,True,False,upper_bound_with_inhaler,0.4998771076209361,0.4998771076209361,93,17
343,12,False,True,True,one_hot,0.4998771076209361,0.4998771076209361,93,18
343,12,False,True,True,lower_bound,0.4998771076209361,0.4998771076209361,93,19
343,12,False,True,True,midpoint,0.4998771076209361,0.4998771076209361,93,20
343,12,False,True,True,midpoint_with_inhaler,0.4998771076209361,0.4998771076209361,93,21
343,12,False,True,True,upper_bound,0.4998771076209361,0.4998771076209361,93,22
343,12,False,True,True,upper_bound_with_inhaler,0.4998771076209361,0.4998771076209361,93,23
343,12,True,False,False,one_hot,0.7351389335786682,0.7351389335786682,93,24
343,12,True,False,False,lower_bound,0.7351389335786682,0.7351389335786682,93,25
343,12,True,False,False,midpoint,0.7351389335786682,0.7351389335786682,93,26
343,12,True,False,False,midpoint_with_inhaler,0.7351389335786682,0.7351389335786682,93,27
343,12,True,False,False,upper_bound,0.7351389335786682,0.7351389335786682,93,28
343,12,True,False,False,upper_bound_with_inhaler,0.7351389335786682,0.7351389335786682,93,29
343,12,True,False,True,one_hot,0.7351389335786682,0.7351389335786682,93,30
343,12,True,False,True,lower_bound,0.7351389335786682,0.7351389335786682,93,31
343,12,True,False,True,midpoint,0.7351389335786682,0.7351389335786682,93,32
343,12,True,False,True,midpoint_with_inhaler,0.7351389335786682,0.7351389335786682,93,33
343,12,True,False,True,upper_bound,0.7351389335786682,0.7351389335786682,93,34
343,12,True,False,True,upper_bound_with_inhaler,0.7351389335786682,0.7351389335786682,93,35
343,24,False,False,False,one_hot,0.38322993454818954,0.38322993454818954,93,36
343,24,False,False,False,lower_bound,0.39436427453146505,0.41270319388277316,93,37
343,24,False,False,False,midpoint,0.39436427453146505,0.41065372282193807,93,38
343,24,False,False,False,midpoint_with_inhaler,0.39436427453146505,0.41065372282193807,93,39
343,24,False,False,False,upper_bound,0.39436427453146505,0.406998965811483,93,40
343,24,False,False,False,upper_bound_with_inhaler,0.39436427453146505,0.406998965811483,93,41
343,24,False,False,True,one_hot,0.38322993454818954,0.38322993454818954,93,42
343,24,False,False,True,lower_bound,0.39436427453146505,0.41270319388277316,93,43
343,24,False,False,True,midpoint,0.39436427453146505,0.41065372282193807,93,44
343,24,False,False,True,midpoint_with_inhaler,0.39436427453146505,0.41065372282193807,93,45
343,24,False,False,True,upper_bound,0.39436427453146505,0.406998965811483,93,46
343,24,False,False,True,upper_bound_with_inhaler,0.39436427453146505,0.406998965811483,93,47
343,24,False,True,False,one_hot,0.11652428790018518,0.11652428790018515,93,48
343,24,False,True,False,lower_bound,0.11652428790018518,0.11652428790018515,93,49
343,24,False,True,False,midpoint,0.11652428790018518,0.11652428790018518,93,50
343,24,False,True,False,midpoint_with_inhaler,0.11652428790018518,0.11652428790018518,93,51
343,24,False,True,False,upper_bound,0.11652428790018518,0.11652428790018515,93,52
343,24,False,True,False,upper_bound_with_inhaler,0.11652428790018518,0.11652428790018515,93,53
343,24,False,True,True,one_hot,0.11652428790018518,0.11652428790018515,93,54
343,24,False,True,True,lower_bound,0.11652428790018518,0.11652428790018515,93,55
343,24,False,True,True,midpoint,0.11652428790018518,0.11652428790018518,93,56
343,24,False,True,True,midpoint_with_inhaler,0.11652428790018518,0.11652428790018518,93,57
343,24,False,True,True,upper_bound,0.11652428790018518,0.11652428790018515,93,58
343,24,False,True,True,upper_bound_with_inhaler,0.11652428790018518,0.11652428790018515,93,59
343,24,True,False,False,one_hot,0.38322993454818954,0.38322993454818954,93,60
343,24,True,False,False,lower_bound,0.39436427453146505,0.41270319388277316,93,61
343,24,True,False,False,midpoint,0.39436427453146505,0.41065372282193807,93,62
343,24,True,False,False,midpoint_with_inhaler,0.39436427453146505,0.41065372282193807,93,63
343,24,True,False,False,upper_bound,0.39436427453146505,0.406998965811483,93,64
343,24,True,False,False,upper_bound_with_inhaler,0.39436427453146505,0.406998965811483,93,65
343,24,True,False,True,one_hot,0.38322993454818954,0.38322993454818954,93,66
343,24,True,False,True,lower_bound,0.39436427453146505,0.41270319388277316,93,67
343,24,True,False,True,midpoint,0.39436427453146505,0.41065372282193807,93,68
343,24,True,False,True,midpoint_with_inhaler,0.39436427453146505,0.41065372282193807,93,69
343,24,True,False,True,upper_bound,0.39436427453146505,0.406998965811483,93,70
343,24,True,False,True,upper_bound_with_inhaler,0.39436427453146505,0.406998965811483,93,71
343,36,False,False,False,one_hot,0.32013681312652975,0.32013681312652975,93,72
343,36,False,False,False,lower_bound,0.3358296325183213,0.3598339225732775,93,73
343,36,False,False,False,midpoint,0.3358296325183213,0.3531810329738702,93,74
343,36,False,False,False,midpoint_with_inhaler,0.3358296325183213,0.3531810329738702,93,75
343,36,False,False,False,upper_bound,0.3358296325183213,0.3475350191678572,93,76
343,36,False,False,False,upper_bound_with_inhaler,0.3358296325183213,0.3475350191678572,93,77
343,36,False,False,True,one_hot,0.32013681312652975,0.32013681312652975,93,78
343,36,False,False,True,lower_bound,0.3358296325183213,0.3598339225732775,93,79
343,36,False,False,True,midpoint,0.3358296325183213,0.3531810329738702,93,80
343,36,False,False,True,midpoint_with_inhaler,0.3358296325183213,0.3531810329738702,93,81
343,36,False,False,True,upper_bound,0.3358296325183213,0.3475350191678572,93,82
343,36,False,False,True,upper_bound_with_inhaler,0.3358296325183213,0.3475350191678572,93,83
343,36,True,False,False,one_hot,0.1694734769637688,0.16947347696376883,93,84
343,36,True,False,False,lower_bound,0.1694734769637688,0.16947347696376883,93,85
343,36,True,False,False,midpoint,0.1694734769637688,0.16947347696376885,93,86
343,36,True,False,False,midpoint_with_inhaler,0.1694734769637688,0.16947347696376885,93,87
343,36,True,False,False,upper_bound,0.1694734769637688,0.16947347696376883,93,88
343,36,True,False,False,upper_bound_with_inhaler,0.1694734769637688,0.16947347696376883,93,89
343,36,True,False,True,one_hot,0.1694734769637688,0.16947347696376883,93,90
343,36,True,False,True,lower_bound,0.1694734769637688,0.16947347696376883,93,91
343,36,True,False,True,midpoint,0.1694734769637688,0.16947347696376885,93,92
343,36,True,False,True,midpoint_with_inhaler,0.1694734769637688,0.16947347696376885,93,93
343,36,True,False,True,upper_bound,0.1694734769637688,0.16947347696376883,93,94
343,36,True,False,True,upper_bound_with_inhaler,0.1694734769637688,0.16947347696376883,93,95
343,48,False,False,False,one_hot,0.27807255280813714,0.27807255280813714,93,96
343,48,False,False,False,lower_bound,0.28286651079999336,0.27000833448890754,93,97
343,48,False,False,False,midpoint,0.28286651079999336,0.27937156386111955,93,98
343,48,False,False,False,midpoint_with_inhaler,0.28286651079999336,0.27937156386111955,93,99
343,48,False,False,False,upper_bound,0.28286651079999336,0.28220381384896864,93,100
343,48,False,False,False,upper_bound_with_inhaler,0.28286651079999336,0.28220381384896864,93,101
343,48,False,False,True,one_hot,0.27807255280813714,0.27807255280813714,93,102
343,48,False,False,True,lower_bound,0.28286651079999336,0.27000833448890754,93,103
343,48,False,False,True,midpoint,0.28286651079999336,0.27937156386111955,93,104
343,48,False,False,True,midpoint_with_inhaler,0.28286651079999336,0.27937156386111955,93,105
343,48,False,False,True,upper_bound,0.28286651079999336,0.28220381384896864,93,106
343,48,False,False,True,upper_bound_with_inhaler,0.28286651079999336,0.28220381384896864,93,107
343,48,False,True,False,one_hot,0.04892763571283288,0.04892763571283287,93,108
343,48,False,True,False,lower_bound,0.04892763571283288,0.04892763571283287,93,109
343,48,False,True,False,midpoint,0.04892763571283288,0.04892763571283286,93,110
343,48,False,True,False,midpoint_with_inhaler,0.04892763571283288,0.04892763571283286,93,111
343,48,False,True,False,upper_bound,0.04892763571283288,0.04892763571283287,93,112
343,48,False,True,False,upper_bound_with_inhaler,0.04892763571283288,0.04892763571283287,93,113
343,48,False,True,True,one_hot,0.04892763571283288,0.04892763571283287,93,114
343,48,False,True,True,lower_bound,0.04892763571283288,0.04892763571283287,93,115
343,48,False,True,True,midpoint,0.04892763571283288,0.04892763571283286,93,116
343,48,False,True,True,midpoint_with_inhaler,0.04892763571283288,0.04892763571283286,93,117
343,48,False,True,True,upper_bound,0.04892763571283288,0.04892763571283287,93,118
343,48,False,True,True,upper_bound_with_inhaler,0.04892763571283288,0.04892763571283287,93,119
343,48,True,False,False,one_hot,-0.005238115430547285,-0.005238115430547328,93,120
343,48,True,False,False,lower_bound,-0.009289426570527557,-0.0267733210429635,93,121
343,48,True,False,False,midpoint,-0.009289426570527557,-0.02058111007507586,93,122
343,48,True,False,False,midpoint_with_inhaler,-0.009289426570527557,-0.02058111007507586,93,123
343,48,True,False,False,upper_bound,-0.009289426570527557,-0.017085517276865175,93,124
343,48,True,False,False,upper_bound_with_inhaler,-0.009289426570527557,-0.017085517276865175,93,125
343,48,True,False,True,one_hot,-0.005238115430547285,-0.005238115430547328,93,126
343,48,True,False,True,lower_bound,-0.009289426570527557,-0.0267733210429635,93,127
343,48,True,False,True,midpoint,-0.009289426570527557,-0.02058111007507586,93,128
343,48,True,False,True,midpoint_with_inhaler,-0.009289426570527557,-0.02058111007507586,93,129
343,48,True,False,True,upper_bound,-0.009289426570527557,-0.017085517276865175,93,130
343,48,True,False,True,upper_bound_with_inhaler,-0.009289426570527557,-0.017085517276865175,93,131
398,12,False,False,False,one_hot,0.42933080951875935,0.42933080951875946,25,0
398,12,False,False,False,lower_bound,0.42933080951875935,0.42933080951875946,25,1
398,12,False,False,False,midpoint,0.42933080951875935,0.42933080951875946,25,2
398,12,False,False,False,midpoint_with_inhaler,0.42933080951875935,0.42933080951875946,25,3
398,12,False,False,False,upper_bound,0.42933080951875935,0.42933080951875946,25,4
398,12,False,False,False,upper_bound_with_inhaler,0.42933080951875935,0.42933080951875946,25,5
398,12,False,False,True,one_hot,0.42933080951875935,0.42933080951875946,25,6
398,12,False,False,True,lower_bound,0.42933080951875935,0.42933080951875946,25,7
398,12,False,False,True,midpoint,0.42933080951875935,0.42933080951875946,25,8
398,12,False,False,True,midpoint_with_inhaler,0.42933080951875935,0.42933080951875946,25,9
398,12,False,False,True,upper_bound,0.42933080951875935,0.42933080951875946,25,10
398,12,False,False,True,upper_bound_with_inhaler,0.42933080951875935,0.42933080951875946,25,11
398,12,False,True,False,one_hot,0.05460869091102009,0.05460869091102009,25,12
398,12,False,True,False,lower_bound,0.05460869091102009,0.05460869091102009,25,13
398,12,False,True,False,midpoint,0.05460869091102009,0.054608690911020066,25,14
398,12,False,True,False,midpoint_with_inhaler,0.05460869091102009,0.054608690911020066,25,15
398,12,False,True,False,upper_bound,0.05460869091102009,0.05460869091102009,25,16
398,12,False,True,False,upper_bound_with_inhaler,0.05460869091102009,0.05460869091102009,25,17
398,12,False,True,True,one_hot,0.05460869091102009,0.05460869091102009,25,18
398,12,False,True,True,lower_bound,0.05460869091102009,0.05460869091102009,25,19
398,12,False,True,True,midpoint,0.05460869091102009,0.054608690911020066,25,20
398,12,False,True,True,midpoint_with_inhaler,0.05460869091102009,0.054608690911020066,25,21
398,12,False,True,True,upper_bound,0.05460869091102009,0.05460869091102009,25,22
398,12,False,True,True,upper_bound_with_inhaler,0.05460869091102009,0.05460869091102009,25,23
398,12,True,False,False,one_hot,0.2722247079646477,0.2722247079646477,25,24
398,12,True,False,False,lower_bound,0.2722247079646477,0.2722247079646477,25,25
398,12,True,False,False,midpoint,0.2722247079646477,0.2722247079646477,25,26
398,12,True,False,False,midpoint_with_inhaler,0.2722247079646477,0.2722247079646477,25,27
398,12,True,False,False,upper_bound,0.2722247079646477,0.2722247079646477,25,28
398,12,True,False,False,upper_bound_with_inhaler,0.2722247079646477,0.2722247079646477,25,29
398,12,True,False,True,one_hot,0.2722247079646477,0.2722247079646477,25,30
398,12,True,False,True,lower_bound,0.2722247079646477,0.2722247079646477,25,31
398,12,True,False,True,midpoint,0.2722247079646477,0.2722247079646477,25,32
398,12,True,False,True,midpoint_with_inhaler,0.2722247079646477,0.2722247079646477,25,33
398,12,True,False,True,upper_bound,0.2722247079646477,0.2722247079646477,25,34
398,12,True,False,True,upper_bound_with_inhaler,0.2722247079646477,0.2722247079646477,25,35
398,24,False,False,False,one_hot,0.8670147264905651,0.8670147264905651,25,36
398,24,False,False,False,lower_bound,0.8670147264905651,0.8670147264905651,25,37
398,24,False,False,False,midpoint,0.8670147264905651,0.8670147264905651,25,38
398,24,False,False,False,midpoint_with_inhaler,0.8670147264905651,0.8670147264905651,25,39
398,24,False,False,False,upper_bound,0.8670147264905651,0.8670147264905651,25,40
398,24,False,False,False,upper_bound_with_inhaler,0.8670147264905651,0.8670147264905651,25,41
398,24,False,False,True,one_hot,0.8670147264905651,0.8670147264905651,25,42
398,24,False,False,True,lower_bound,0.8670147264905651,0.8670147264905651,25,43
398,24,False,False,True,midpoint,0.8670147264905651,0.8670147264905651,25,44
398,24,False,False,True,midpoint_with_inhaler,0.8670147264905651,0.8670147264905651,25,45
398,24,False,False,True,upper_bound,0.8670147264905651,0.8670147264905651,25,46
398,24,False,False,True,upper_bound_with_inhaler,0.8670147264905651,0.8670147264905651,25,47
398,24,False,True,False,one_hot,0.2722247079646477,0.2722247079646477,25,48
398,24,False,True,False,lower_bound,0.2722247079646477,0.2722247079646477,25,49
398,24,False,True,False,midpoint,0.2722247079646477,0.2722247079646477,25,50
398,24,False,True,False,midpoint_with_inhaler,0.2722247079646477,0.2722247079646477,25,51
398,24,False,True,False,upper_bound,0.2722247079646477,0.2722247079646477,25,52
398,24,False,True,False,upper_bound_with_inhaler,0.2722247079646477,0.2722247079646477,25,53
398,24,False,True,True,one_hot,0.2722247079646477,0.2722247079646477,25,54
398,24,False,True,True,lower_bound,0.2722247079646477,0.2722247079646477,25,55
398,24,False,True,True,midpoint,0.2722247079646477,0.2722247079646477,25,56
398,24,False,True,True,midpoint_with_inhaler,0.2722247079646477,0.2722247079646477,25,57
398,24,False,True,True,upper_bound,0.2722247079646477,0.2722247079646477,25,58
398,24,False,True,True,upper_bound_with_inhaler,0.2722247079646477,0.2722247079646477,25,59
398,24,True,False,False,one_hot,0.8670147264905651,0.8670147264905651,25,60
398,24,True,False,False,lower_bound,0.8670147264905651,0.8670147264905651,25,61
398,24,True,False,False,midpoint,0.8670147264905651,0.8670147264905651,25,62
398,24,True,False,False,midpoint_with_inhaler,0.8670147264905651,0.8670147264905651,25,63
398,24,True,False,False,upper_bound,0.8670147264905651,0.8670147264905651,25,64
398,24,True,False,False,upper_bound_with_inhaler,0.8670147264905651,0.8670147264905651,25,65
398,24,True,False,True,one_hot,0.8670147264905651,0.8670147264905651,25,66
398,24,True,False,True,lower_bound,0.8670147264905651,0.8670147264905651,25,67
398,24,True,False,True,midpoint,0.8670147264905651,0.8670147264905651,25,68
398,24,True,False,True,midpoint_with_inhaler,0.8670147264905651,0.8670147264905651,25,69
398,24,True,False,True,upper_bound,0.8670147264905651,0.8670147264905651,25,70
398,24,True,False,True,upper_bound_with_inhaler,0.8670147264905651,0.8670147264905651,25,71
398,36,False,False,False,one_hot,0.5964553654965247,0.5964553654965243,25,72
398,36,False,False,False,lower_bound,0.5964553654965247,0.5964553654965243,25,73
398,36,False,False,False,midpoint,0.5964553654965247,0.5964553654965246,25,74
398,36,False,False,False,midpoint_with_inhaler,0.5964553654965247,0.5964553654965246,25,75
398,36,False,False,False,upper_bound,0.5964553654965247,0.5964553654965243,25,76
398,36,False,False,False,upper_bound_with_inhaler,0.5964553654965247,0.5964553654965243,25,77
398,36,False,False,True,one_hot,0.5964553654965247,0.5964553654965243,25,78
398,36,False,False,True,lower_bound,0.5964553654965247,0.5964553654965243,25,79
398,36,False,False,True,midpoint,0.5964553654965247,0.5964553654965246,25,80
398,36,False,False,True,midpoint_with_inhaler,0.5964553654965247,0.5964553654965246,25,81
398,36,False,False,True,upper_bound,0.5964553654965247,0.5964553654965243,25,82
398,36,False,False,True,upper_bound_with_inhaler,0.5964553654965247,0.5964553654965243,25,83
398,36,True,False,False,one_hot,0.5779425694068322,0.5779425694068322,25,84
398,36,True,False,False,lower_bound,0.5779425694068322,0.5779425694068322,25,85
398,36,True,False,False,midpoint,0.5779425694068322,0.5779425694068322,25,86
398,36,True,False,False,midpoint_with_inhaler,0.5779425694068322,0.5779425694068322,25,87
398,36,True,False,False,upper_bound,0.5779425694068322,0.5779425694068322,25,88
398,36,True,False,False,upper_bound_with_inhaler,0.5779425694068322,0.5779425694068322,25,89
398,36,True,False,True,one_hot,0.5779425694068322,0.5779425694068322,25,90
398,36,True,False,True,lower_bound,0.5779425694068322,0.5779425694068322,25,91
398,36,True,False,True,midpoint,0.5779425694068322,0.5779425694068322,25,92
398,36,True,False,True,midpoint_with_inhaler,0.5779425694068322,0.5779425694068322,25,93
398,36,True,False,True,upper_bound,0.5779425694068322,0.5779425694068322,25,94
398,36,True,False,True,upper_bound_with_inhaler,0.5779425694068322,0.5779425694068322,25,95
398,48,False,False,False,one_hot,0.5391786241303731,0.539178624130373,25,96
398,48,False,False,False,lower_bound,0.5391786241303731,0.539178624130373,25,97
398,48,False,False,False,midpoint,0.5391786241303731,0.5391786241303731,25,98
398,48,False,False,False,midpoint_with_inhaler,0.5391786241303731,0.5391786241303731,25,99
398,48,False,False,False,upper_bound,0.5391786241303731,0.539178624130373,25,100
398,48,False,False,False,upper_bound_with_inhaler,0.5391786241303731,0.539178624130373,25,101
398,48,False,False,True,one_hot,0.5391786241303731,0.539178624130373,25,102
398,48,False,False,True,lower_bound,0.5391786241303731,0.539178624130373,25,103
398,48,False,False,True,midpoint,0.5391786241303731,0.5391786241303731,25,104
398,48,False,False,True,midpoint_with_inhaler,0.5391786241303731,0.5391786241303731,25,105
398,48,False,False,True,upper_bound,0.5391786241303731,0.539178624130373,25,106
398,48,False,False,True,upper_bound_with_inhaler,0.5391786241303731,0.539178624130373,25,107
398,48,False,True,False,one_hot,0.3398313641010904,0.3398313641010904,25,108
398,48,False,True,False,lower_bound,0.3398313641010904,0.3398313641010904,25,109
398,48,False,True,False,midpoint,0.3398313641010904,0.3398313641010904,25,110
398,48,False,True,False,midpoint_with_inhaler,0.3398313641010904,0.3398313641010904,25,111
398,48,False,True,False,upper_bound,0.3398313641010904,0.3398313641010904,25,112
398,48,False,True,False,upper_bound_with_inhaler,0.3398313641010904,0.3398313641010904,25,113
398,48,False,True,True,one_hot,0.3398313641010904,0.3398313641010904,25,114
398,48,False,True,True,lower_bound,0.3398313641010904,0.3398313641010904,25,115
398,48,False,True,True,midpoint,0.3398313641010904,0.3398313641010904,25,116
398,48,False,True,True,midpoint_with_inhaler,0.3398313641010904,0.3398313641010904,25,117
398,48,False,True,True,upper_bound,0.3398313641010904,0.3398313641010904,25,118
398,48,False,True,True,upper_bound_with_inhaler,0.3398313641010904,0.3398313641010904,25,119
398,48,True,False,False,one_hot,0.05460869091102007,0.05460869091102007,25,120
398,48,True,False,False,lower_bound,0.05460869091102007,0.05460869091102007,25,121
398,48,True,False,False,midpoint,0.05460869091102007,0.05460869091102008,25,122
398,48,True,False,False,midpoint_with_inhaler,0.05460869091102007,0.05460869091102008,25,123
398,48,True,False,False,upper_bound,0.05460869091102007,0.05460869091102007,25,124
398,48,True,False,False,upper_bound_with_inhaler,0.05460869091102007,0.05460869091102007,25,125
398,48,True,False,True,one_hot,0.05460869091102007,0.05460869091102007,25,126
398,48,True,False,True,lower_bound,0.05460869091102007,0.05460869091102007,25,127
398,48,True,False,True,midpoint,0.05460869091102007,0.05460869091102008,25,128
398,48,True,False,True,midpoint_with_inhaler,0.05460869091102007,0.05460869091102008,25,129
398,48,True,False,True,upper_bound,0.05460869091102007,0.05460869091102007,25,130
398,48,True,False,True,upper_bound_with_inhaler,0.05460869091102007,0.05460869091102007,25,131
447,12,False,False,False,one_hot,-0.011962765377097973,-0.011962765377097923,89,0
447,12,False,False,False,lower_bound,-0.014370774532743795,0.08752817048520484,89,1
447,12,False,False,False,midpoint,-0.014370774532743795,0.051868456237676365,89,2
447,12,False,False,False,midpoint_with_inhaler,-0.014370774532743795,0.051868456237676365,89,3
447,12,False,False,False,upper_bound,-0.014370774532743795,0.02781702947262563,89,4
447,12,False,False,False,upper_bound_with_inhaler,-0.014370774532743795,0.02781702947262563,89,5
447,12,False,False,True,one_hot,-0.011962765377097973,-0.011962765377097923,89,6
447,12,False,False,True,lower_bound,-0.014370774532743795,0.08752817048520484,89,7
447,12,False,False,True,midpoint,-0.014370774532743795,0.051868456237676365,89,8
447,12,False,False,True,midpoint_with_inhaler,-0.014370774532743795,0.051868456237676365,89,9
447,12,False,False,True,upper_bound,-0.014370774532743795,0.02781702947262563,89,10
447,12,False,False,True,upper_bound_with_inhaler,-0.014370774532743795,0.02781702947262563,89,11
447,12,False,True,False,one_hot,-0.09504744500047253,-0.0950474450004725,89,12
447,12,False,True,False,lower_bound,-0.2699939618078834,-0.21695030884941724,89,13
447,12,False,True,False,midpoint,-0.2699939618078834,-0.22022170631764243,89,14
447,12,False,True,False,midpoint_with_inhaler,-0.2699939618078834,-0.22022170631764243,89,15
447,12,False,True,False,upper_bound,-0.2699939618078834,-0.21799136739554167,89,16
447,12,False,True,False,upper_bound_with_inhaler,-0.2699939618078834,-0.21799136739554167,89,17
447,12,False,True,True,one_hot,-0.09504744500047253,-0.0950474450004725,89,18
447,12,False,True,True,lower_bound,-0.2699939618078834,-0.21695030884941724,89,19
447,12,False,True,True,midpoint,-0.2699939618078834,-0.22022170631764243,89,20
447,12,False,True,True,midpoint_with_inhaler,-0.2699939618078834,-0.22022170631764243,89,21
447,12,False,True,True,upper_bound,-0.2699939618078834,-0.21799136739554167,89,22
447,12,False,True,True,upper_bound_with_inhaler,-0.2699939618078834,-0.21799136739554167,89,23
447,12,True,False,False,one_hot,0.10033114099436351,0.10033114099436354,89,24
447,12,True,False,False,lower_bound,-0.15846752913153767,-0.04206633808418877,89,25
447,12,True,False,False,midpoint,-0.15846752913153767,-0.0595242948361951,89,26
447,12,True,False,False,midpoint_with_inhaler,-0.15846752913153767,-0.0595242948361951,89,27
447,12,True,False,False,upper_bound,-0.15846752913153767,-0.07109531395083184,89,28
447,12,True,False,False,upper_bound_with_inhaler,-0.15846752913153767,-0.07109531395083184,89,29
447,12,True,False,True,one_hot,0.10033114099436351,0.10033114099436354,89,30
447,12,True,False,True,lower_bound,-0.15846752913153767,-0.04206633808418877,89,31
447,12,True,False,True,midpoint,-0.15846752913153767,-0.0595242948361951,89,32
447,12,True,False,True,midpoint_with_inhaler,-0.15846752913153767,-0.0595242948361951,89,33
447,12,True,False,True,upper_bound,-0.15846752913153767,-0.07109531395083184,89,34
447,12,True,False,True,upper_bound_with_inhaler,-0.15846752913153767,-0.07109531395083184,89,35
447,24,False,False,False,one_hot,0.22764271268721806,0.22764271268721806,89,36
447,24,False,False,False,lower_bound,0.05082449912659785,0.178278313745936,89,37
447,24,False,False,False,midpoint,0.05082449912659785,0.15760348932006932,89,38
447,24,False,False,False,midpoint_with_inhaler,0.05082449912659785,0.15760348932006932,89,39
447,24,False,False,False,upper_bound,0.05082449912659785,0.14410955634334507,89,40
447,24,False,False,False,upper_bound_with_inhaler,0.05082449912659785,0.14410955634334507,89,41
447,24,False,False,True,one_hot,0.22764271268721806,0.22764271268721806,89,42
447,24,False,False,True,lower_bound,0.05082449912659785,0.178278313745936,89,43
447,24,False,False,True,midpoint,0.05082449912659785,0.15760348932006932,89,44
447,24,False,False,True,midpoint_with_inhaler,0.05082449912659785,0.15760348932006932,89,45
447,24,False,False,True,upper_bound,0.05082449912659785,0.14410955634334507,89,46
447,24,False,False,True,upper_bound_with_inhaler,0.05082449912659785,0.14410955634334507,89,47
447,24,False,True,False,one_hot,0.11974745364770983,0.11974745364770983,89,48
447,24,False,True,False,lower_bound,0.06931807886196854,0.2217661540292215,89,49
447,24,False,True,False,midpoint,0.06931807886196854,0.18355571035454774,89,50
447,24,False,True,False,midpoint_with_inhaler,0.06931807886196854,0.18355571035454774,89,51
447,24,False,True,False,upper_bound,0.06931807886196854,0.1562147978897081,89,52
447,24,False,True,False,upper_bound_with_inhaler,0.06931807886196854,0.1562147978897081,89,53
447,24,False,True,True,one_hot,0.11974745364770983,0.11974745364770983,89,54
447,24,False,True,True,lower_bound,0.06931807886196854,0.2217661540292215,89,55
447,24,False,True,True,midpoint,0.06931807886196854,0.18355571035454774,89,56
447,24,False,True,True,midpoint_with_inhaler,0.06931807886196854,0.18355571035454774,89,57
447,24,False,True,True,upper_bound,0.06931807886196854,0.1562147978897081,89,58
447,24,False,True,True,upper_bound_with_inhaler,0.06931807886196854,0.1562147978897081,89,59
447,24,True,False,False,one_hot,0.22764271268721806,0.22764271268721806,89,60
447,24,True,False,False,lower_bound,0.05082449912659785,0.178278313745936,89,61
447,24,True,False,False,midpoint,0.05082449912659785,0.15760348932006932,89,62
447,24,True,False,False,midpoint_with_inhaler,0.05082449912659785,0.15760348932006932,89,63
447,24,True,False,False,upper_bound,0.05082449912659785,0.14410955634334507,89,64
447,24,True,False,False,upper_bound_with_inhaler,0.05082449912659785,0.14410955634334507,89,65
447,24,True,False,True,one_hot,0.22764271268721806,0.22764271268721806,89,66
447,24,True,False,True,lower_bound,0.05082449912659785,0.178278313745936,89,67
447,24,True,False,True,midpoint,0.05082449912659785,0.15760348932006932,89,68
447,24,True,False,True,midpoint_with_inhaler,0.05082449912659785,0.15760348932006932,89,69
447,24,True,False,True,upper_bound,0.05082449912659785,0.14410955634334507,89,70
447,24,True,False,True,upper_bound_with_inhaler,0.05082449912659785,0.14410955634334507,89,71
447,36,False,False,False,one_hot,-0.05699993972793463,-0.056999939727934636,89,72
447,36,False,False,False,lower_bound,-0.033725065438123494,0.16201644592563905,89,73
447,36,False,False,False,midpoint,-0.033725065438123494,0.11872573945152312,89,74
447,36,False,False,False,midpoint_with_inhaler,-0.033725065438123494,0.11872573945152312,89,75
447,36,False,False,False,upper_bound,-0.033725065438123494,0.08807952937342335,89,76
447,36,False,False,False,upper_bound_with_inhaler,-0.033725065438123494,0.08807952937342335,89,77
447,36,False,False,True,one_hot,-0.05699993972793463,-0.056999939727934636,89,78
447,36,False,False,True,lower_bound,-0.033725065438123494,0.16201644592563905,89,79
447,36,False,False,True,midpoint,-0.033725065438123494,0.11872573945152312,89,80
447,36,False,False,True,midpoint_with_inhaler,-0.033725065438123494,0.11872573945152312,89,81
447,36,False,False,True,upper_bound,-0.033725065438123494,0.08807952937342335,89,82
447,36,False,False,True,upper_bound_with_inhaler,-0.033725065438123494,0.08807952937342335,89,83
447,36,True,False,False,one_hot,-0.07380761959025699,-0.07380761959025703,89,84
447,36,True,False,False,lower_bound,-0.1716352303691147,0.13573274762429918,89,85
447,36,True,False,False,midpoint,-0.1716352303691147,0.05735272733715513,89,86
447,36,True,False,False,midpoint_with_inhaler,-0.1716352303691147,0.05735272733715513,89,87
447,36,True,False,False,upper_bound,-0.1716352303691147,0.0006937679356777131,89,88
447,36,True,False,False,upper_bound_with_inhaler,-0.1716352303691147,0.0006937679356777131,89,89
447,36,True,False,True,one_hot,-0.07380761959025699,-0.07380761959025703,89,90
447,36,True,False,True,lower_bound,-0.1716352303691147,0.13573274762429918,89,91
447,36,True,False,True,midpoint,-0.1716352303691147,0.05735272733715513,89,92
447,36,True,False,True,midpoint_with_inhaler,-0.1716352303691147,0.05735272733715513,89,93
447,36,True,False,True,upper_bound,-0.1716352303691147,0.0006937679356777131,89,94
447,36,True,False,True,upper_bound_with_inhaler,-0.1716352303691147,0.0006937679356777131,89,95
447,48,False,False,False,one_hot,-0.04432837371694982,-0.04432837371694986,89,96
447,48,False,False,False,lower_bound,-0.13515161862848216,0.04542253571623742,89,97
447,48,False,False,False,midpoint,-0.13515161862848216,-0.00043468030805859947,89,98
447,48,False,False,False,midpoint_with_inhaler,-0.13515161862848216,-0.00043468030805859947,89,99
447,48,False,False,False,upper_bound,-0.13515161862848216,-0.03161795483881596,89,100
447,48,False,False,False,upper_bound_with_inhaler,-0.13515161862848216,-0.03161795483881596,89,101
447,48,False,False,True,one_hot,-0.04432837371694982,-0.04432837371694986,89,102
447,48,False,False,True,lower_bound,-0.13515161862848216,0.04542253571623742,89,103
447,48,False,False,True,midpoint,-0.13515161862848216,-0.00043468030805859947,89,104
447,48,False,False,True,midpoint_with_inhaler,-0.13515161862848216,-0.00043468030805859947,89,105
447,48,False,False,True,upper_bound,-0.13515161862848216,-0.03161795483881596,89,106
447,48,False,False,True,upper_bound_with_inhaler,-0.13515161862848216,-0.03161795483881596,89,107
447,48,False,True,False,one_hot,-0.09239269397682075,-0.09239269397682078,89,108
447,48,False,True,False,lower_bound,-0.18236492227970297,-0.10614954962985437,89,109
447,48,False,True,False,midpoint,-0.18236492227970297,-0.11644047021111387,89,110
447,48,False,True,False,midpoint_with_inhaler,-0.18236492227970297,-0.11644047021111387,89,111
447,48,False,True,False,upper_bound,-0.18236492227970297,-0.12344172018316349,89,112
447,48,False,True,False,upper_bound_with_inhaler,-0.18236492227970297,-0.12344172018316349,89,113
447,48,False,True,True,one_hot,-0.09239269397682075,-0.09239269397682078,89,114
447,48,False,True,True,lower_bound,-0.18236492227970297,-0.10614954962985437,89,115
447,48,False,True,True,midpoint,-0.18236492227970297,-0.11644047021111387,89,116
447,48,False,True,True,midpoint_with_inhaler,-0.18236492227970297,-0.11644047021111387,89,117
447,48,False,True,True,upper_bound,-0.18236492227970297,-0.12344172018316349,89,118
447,48,False,True,True,upper_bound_with_inhaler,-0.18236492227970297,-0.12344172018316349,89,119
447,48,True,False,False,one_hot,0.06941717771691418,0.06941717771691422,89,120
447,48,True,False,False,lower_bound,-0.25988563607960513,-0.14064053684309008,89,121
447,48,True,False,False,midpoint,-0.25988563607960513,-0.14940807796576744,89,122
447,48,True,False,False,midpoint_with_inhaler,-0.25988563607960513,-0.14940807796576744,89,123
447,48,True,False,False,upper_bound,-0.25988563607960513,-0.15368873340224984,89,124
447,48,True,False,False,upper_bound_with_inhaler,-0.25988563607960513,-0.15368873340224984,89,125
447,48,True,False,True,one_hot,0.06941717771691418,0.06941717771691422,89,126
447,48,True,False,True,lower_bound,-0.25988563607960513,-0.14064053684309008,89,127
447,48,True,False,True,midpoint,-0.25988563607960513,-0.14940807796576744,89,128
447,48,True,False,True,midpoint_with_inhaler,-0.25988563607960513,-0.14940807796576744,89,129
447,48,True,False,True,upper_bound,-0.25988563607960513,-0.15368873340224984,89,130
447,48,True,False,True,upper_bound_with_inhaler,-0.25988563607960513,-0.15368873340224984,89,131
454,12,False,False,False,one_hot,,,2,0
454,12,False,False,False,lower_bound,,,2,1
454,12,False,False,False,midpoint,,,2,2
454,12,False,False,False,midpoint_with_inhaler,,,2,3
454,12,False,False,False,upper_bound,,,2,4
454,12,False,False,False,upper_bound_with_inhaler,,,2,5
454,12,False,False,True,one_hot,,,2,6
454,12,False,False,True,lower_bound,,,2,7
454,12,False,False,True,midpoint,,,2,8
454,12,False,False,True,midpoint_with_inhaler,,,2,9
454,12,False,False,True,upper_bound,,,2,10
454,12,False,False,True,upper_bound_with_inhaler,,,2,11
454,12,False,True,False,one_hot,,,2,12
454,12,False,True,False,lower_bound,,,2,13
454,12,False,True,False,midpoint,,,2,14
454,12,False,True,False,midpoint_with_inhaler,,,2,15
454,12,False,True,False,upper_bound,,,2,16
454,12,False,True,False,upper_bound_with_inhaler,,,2,17
454,12,False,True,True,one_hot,,,2,18
454,12,False,True,True,lower_bound,,,2,19
454,12,False,True,True,midpoint,,,2,20
454,12,False,True,True,midpoint_with_inhaler,,,2,21
454,12,False,True,True,upper_bound,,,2,22
454,12,False,True,True,upper_bound_with_inhaler,,,2,23
454,12,True,False,False,one_hot,,,2,24
454,12,True,False,False,lower_bound,,,2,25
454,12,True,False,False,midpoint,,,2,26
454,12,True,False,False,midpoint_with_inhaler,,,2,27
454,12,True,False,False,upper_bound,,,2,28
454,12,True,False,False,upper_bound_with_inhaler,,,2,29
454,12,True,False,True,one_hot,,,2,30
454,12,True,False,True,lower_bound,,,2,31
454,12,True,False,True,midpoint,,,2,32
454,12,True,False,True,midpoint_with_inhaler,,,2,33
454,12,True,False,True,upper_bound,,,2,34
454,12,True,False,True,upper_bound_with_inhaler,,,2,35
454,24,False,False,False,one_hot,,,2,36
454,24,False,False,False,lower_bound,,,2,37
454,24,False,False,False,midpoint,,,2,38
454,24,False,False,False,midpoint_with_inhaler,,,2,39
454,24,False,False,False,upper_bound,,,2,40
454,24,False,False,False,upper_bound_with_inhaler,,,2,41
454,24,False,False,True,one_hot,,,2,42
454,24,False,False,True,lower_bound,,,2,43
454,24,False,False,True,midpoint,,,2,44
454,24,False,False,True,midpoint_with_inhaler,,,2,45
454,24,False,False,True,upper_bound,,,2,46
454,24,False,False,True,upper_bound_with_inhaler,,,2,47
454,24,False,True,False,one_hot,,,2,48
454,24,False,True,False,lower_bound,,,2,49
454,24,False,True,False,midpoint,,,2,50
454,24,False,True,False,midpoint_with_inhaler,,,2,51
454,24,False,True,False,upper_bound,,,2,52
454,24,False,True,False,upper_bound_with_inhaler,,,2,53
454,24,False,True,True,one_hot,,,2,54
454,24,False,True,True,lower_bound,,,2,55
454,24,False,True,True,midpoint,,,2,56
454,24,False,True,True,midpoint_with_inhaler,,,2,57
454,24,False,True,True,upper_bound,,,2,58
454,24,False,True,True,upper_bound_with_inhaler,,,2,59
454,24,True,False,False,one_hot,,,2,60
454,24,True,False,False,lower_bound,,,2,61
454,24,True,False,False,midpoint,,,2,62
454,24,True,False,False,midpoint_with_inhaler,,,2,63
454,24,True,False,False,upper_bound,,,2,64
454,24,True,False,False,upper_bound_with_inhaler,,,2,65
454,24,True,False,True,one_hot,,,2,66
454,24,True,False,True,lower_bound,,,2,67
454,24,True,False,True,midpoint,,,2,68
454,24,True,False,True,midpoint_with_inhaler,,,2,69
454,24,True,False,True,upper_bound,,,2,70
454,24,True,False,True,upper_bound_with_inhaler,,,2,71
454,36,False,False,False,one_hot,,,2,72
454,36,False,False,False,lower_bound,,,2,73
454,36,False,False,False,midpoint,,,2,74
454,36,False,False,False,midpoint_with_inhaler,,,2,75
454,36,False,False,False,upper_bound,,,2,76
454,36,False,False,False,upper_bound_with_inhaler,,,2,77
454,36,False,False,True,one_hot,,,2,78
454,36,False,False,True,lower_bound,,,2,79
454,36,False,False,True,midpoint,,,2,80
454,36,False,False,True,midpoint_with_inhaler,,,2,81
454,36,False,False,True,upper_bound,,,2,82
454,36,False,False,True,upper_bound_with_inhaler,,,2,83
454,36,True,False,False,one_hot,,,2,84
454,36,True,False,False,lower_bound,,,2,85
454,36,True,False,False,midpoint,,,2,86
454,36,True,False,False,midpoint_with_inhaler,,,2,87
454,36,True,False,False,upper_bound,,,2,88
454,36,True,False,False,upper_bound_with_inhaler,,,2,89
454,36,True,False,True,one_hot,,,2,90
454,36,True,False,True,lower_bound,,,2,91
454,36,True,False,True,midpoint,,,2,92
454,36,True,False,True,midpoint_with_inhaler,,,2,93
454,36,True,False,True,upper_bound,,,2,94
454,36,True,False,True,upper_bound_with_inhaler,,,2,95
454,48,False,False,False,one_hot,,,2,96
454,48,False,False,False,lower_bound,,,2,97
454,48,False,False,False,midpoint,,,2,98
454,48,False,False,False,midpoint_with_inhaler,,,2,99
454,48,False,False,False,upper_bound,,,2,100
454,48,False,False,False,upper_bound_with_inhaler,,,2,101
454,48,False,False,True,one_hot,,,2,102
454,48,False,False,True,lower_bound,,,2,103
454,48,False,False,True,midpoint,,,2,104
454,48,False,False,True,midpoint_with_inhaler,,,2,105
454,48,False,False,True,upper_bound,,,2,106
454,48,False,False,True,upper_bound_with_inhaler,,,2,107
454,48,False,True,False,one_hot,,,2,108
454,48,False,True,False,lower_bound,,,2,109
454,48,False,True,False,midpoint,,,2,110
454,48,False,True,False,midpoint_with_inhaler,,,2,111
454,48,False,True,False,upper_bound,,,2,112
454,48,False,True,False,upper_bound_with_inhaler,,,2,113
454,48,False,True,True,one_hot,,,2,114
454,48,False,True,True,lower_bound,,,2,115
454,48,False,True,True,midpoint,,,2,116
454,48,False,True,True,midpoint_with_inhaler,,,2,117
454,48,False,True,True,upper_bound,,,2,118
454,48,False,True,True,upper_bound_with_inhaler,,,2,119
454,48,True,False,False,one_hot,,,2,120
454,48,True,False,False,lower_bound,,,2,121
454,48,True,False,False,midpoint,,,2,122
454,48,True,False,False,midpoint_with_inhaler,,,2,123
454,48,True,False,False,upper_bound,,,2,124
454,48,True,False,False,upper_bound_with_inhaler,,,2,125
454,48,True,False,True,one_hot,,,2,126
454,48,True,False,True,lower_bound,,,2,127
454,48,True,False,True,midpoint,,,2,128
454,48,True,False,True,midpoint_with_inhaler,,,2,129
454,48,True,False,True,upper_bound,,,2,130
454,48,True,False,True,upper_bound_with_inhaler,,,2,131
473,12,False,False,False,one_hot,0.3364918207699168,0.3364918207699168,69,0
473,12,False,False,False,lower_bound,0.6322099183182993,0.8834180061037658,69,1
473,12,False,False,False,midpoint,0.6322099183182993,0.8713744497911358,69,2
473,12,False,False,False,midpoint_with_inhaler,0.6322099183182993,0.8713744497911358,69,3
473,12,False,False,False,upper_bound,0.6314789376656467,0.8364982841456051,69,4
473,12,False,False,False,upper_bound_with_inhaler,0.6314789376656467,0.8364982841456051,69,5
473,12,False,False,True,one_hot,0.3364918207699168,0.3364918207699168,69,6
473,12,False,False,True,lower_bound,0.6322099183182993,0.8834180061037658,69,7
473,12,False,False,True,midpoint,0.6322099183182993,0.8713744497911358,69,8
473,12,False,False,True,midpoint_with_inhaler,0.6322099183182993,0.8713744497911358,69,9
473,12,False,False,True,upper_bound,0.6314789376656467,0.8364982841456051,69,10
473,12,False,False,True,upper_bound_with_inhaler,0.6314789376656467,0.8364982841456051,69,11
473,12,False,True,False,one_hot,0.21468350869221572,0.2146835086922157,69,12
473,12,False,True,False,lower_bound,0.557531333370059,0.8826456570068224,69,13
473,12,False,True,False,midpoint,0.557531333370059,0.9264633793916166,69,14
473,12,False,True,False,midpoint_with_inhaler,0.557531333370059,0.9264633793916166,69,15
473,12,False,True,False,upper_bound,0.5570399401339462,0.9477814275247226,69,16
473,12,False,True,False,upper_bound_with_inhaler,0.5570399401339462,0.9477814275247226,69,17
473,12,False,True,True,one_hot,0.21468350869221572,0.2146835086922157,69,18
473,12,False,True,True,lower_bound,0.557531333370059,0.8826456570068224,69,19
473,12,False,True,True,midpoint,0.557531333370059,0.9264633793916166,69,20
473,12,False,True,True,midpoint_with_inhaler,0.557531333370059,0.9264633793916166,69,21
473,12,False,True,True,upper_bound,0.5570399401339462,0.9477814275247226,69,22
473,12,False,True,True,upper_bound_with_inhaler,0.5570399401339462,0.9477814275247226,69,23
473,12,True,False,False,one_hot,0.05566377467333717,0.055663774673337135,69,24
473,12,True,False,False,lower_bound,0.5594408191178474,0.7181004138451641,69,25
473,12,True,False,False,midpoint,0.5594408191178474,0.7989334902457971,69,26
473,12,True,False,False,midpoint_with_inhaler,0.5594408191178474,0.7989334902457971,69,27
473,12,True,False,False,upper_bound,0.5596944777620778,0.8481761648722687,69,28
473,12,True,False,False,upper_bound_with_inhaler,0.5596944777620778,0.8481761648722687,69,29
473,12,True,False,True,one_hot,0.05566377467333717,0.055663774673337135,69,30
473,12,True,False,True,lower_bound,0.5594408191178474,0.7181004138451641,69,31
473,12,True,False,True,midpoint,0.5594408191178474,0.7989334902457971,69,32
473,12,True,False,True,midpoint_with_inhaler,0.5594408191178474,0.7989334902457971,69,33
473,12,True,False,True,upper_bound,0.5596944777620778,0.8481761648722687,69,34
473,12,True,False,True,upper_bound_with_inhaler,0.5596944777620778,0.8481761648722687,69,35
473,24,False,False,False,one_hot,0.4239828961306588,0.4239828961306586,69,36
473,24,False,False,False,lower_bound,0.8271383072878022,1.0840242489267244,69,37
473,24,False,False,False,midpoint,0.8271383072878022,1.084226129531568,69,38
473,24,False,False,False,midpoint_with_inhaler,0.8271383072878022,1.084226129531568,69,39
473,24,False,False,False,upper_bound,0.8264935934883805,1.0667852902039798,69,40
473,24,False,False,False,upper_bound_with_inhaler,0.8264935934883805,1.0667852902039798,69,41
473,24,False,False,True,one_hot,0.4239828961306588,0.4239828961306586,69,42
473,24,False,False,True,lower_bound,0.8271383072878022,1.0840242489267244,69,43
473,24,False,False,True,midpoint,0.8271383072878022,1.084226129531568,69,44
473,24,False,False,True,midpoint_with_inhaler,0.8271383072878022,1.084226129531568,69,45
473,24,False,False,True,upper_bound,0.8264935934883805,1.0667852902039798,69,46
473,24,False,False,True,upper_bound_with_inhaler,0.8264935934883805,1.0667852902039798,69,47
473,24,False,True,False,one_hot,0.058169876804983624,0.05816987680498361,69,48
473,24,False,True,False,lower_bound,0.3541912498721038,0.5326355151614707,69,49
473,24,False,True,False,midpoint,0.3541912498721038,0.514777390009348,69,50
473,24,False,True,False,midpoint_with_inhaler,0.3541912498721038,0.514777390009348,69,51
473,24,False,True,False,upper_bound,0.3524129049472195,0.4977857854628525,69,52
473,24,False,True,False,upper_bound_with_inhaler,0.3524129049472195,0.4977857854628525,69,53
473,24,False,True,True,one_hot,0.058169876804983624,0.05816987680498361,69,54
473,24,False,True,True,lower_bound,0.3541912498721038,0.5326355151614707,69,55
473,24,False,True,True,midpoint,0.3541912498721038,0.514777390009348,69,56
473,24,False,True,True,midpoint_with_inhaler,0.3541912498721038,0.514777390009348,69,57
473,24,False,True,True,upper_bound,0.3524129049472195,0.4977857854628525,69,58
473,24,False,True,True,upper_bound_with_inhaler,0.3524129049472195,0.4977857854628525,69,59
473,24,True,False,False,one_hot,0.4239828961306588,0.4239828961306586,69,60
473,24,True,False,False,lower_bound,0.8271383072878022,1.0840242489267244,69,61
473,24,True,False,False,midpoint,0.8271383072878022,1.084226129531568,69,62
473,24,True,False,False,midpoint_with_inhaler,0.8271383072878022,1.084226129531568,69,63
473,24,True,False,False,upper_bound,0.8264935934883805,1.0667852902039798,69,64
473,24,True,False,False,upper_bound_with_inhaler,0.8264935934883805,1.0667852902039798,69,65
473,24,True,False,True,one_hot,0.4239828961306588,0.4239828961306586,69,66
473,24,True,False,True,lower_bound,0.8271383072878022,1.0840242489267244,69,67
473,24,True,False,True,midpoint,0.8271383072878022,1.084226129531568,69,68
473,24,True,False,True,midpoint_with_inhaler,0.8271383072878022,1.084226129531568,69,69
473,24,True,False,True,upper_bound,0.8264935934883805,1.0667852902039798,69,70
473,24,True,False,True,upper_bound_with_inhaler,0.8264935934883805,1.0667852902039798,69,71
473,36,False,False,False,one_hot,0.24505395516139902,0.24505395516139888,69,72
473,36,False,False,False,lower_bound,0.6262782478523939,0.9026580634683942,69,73
473,36,False,False,False,midpoint,0.6262782478523939,0.8476064277654755,69,74
473,36,False,False,False,midpoint_with_inhaler,0.6262782478523939,0.9117229023433081,69,75
473,36,False,False,False,upper_bound,0.6210996152823716,0.7926521305580411,69,76
473,36,False,False,False,upper_bound_with_inhaler,0.6262782478523939,0.9115832537037706,69,77
473,36,False,False,True,one_hot,0.24505395516139902,0.24505395516139888,69,78
473,36,False,False,True,lower_bound,0.6262782478523939,0.9026580634683942,69,79
473,36,False,False,True,midpoint,0.6262782478523939,0.8476064277654755,69,80
473,36,False,False,True,midpoint_with_inhaler,0.6262782478523939,0.9117229023433081,69,81
473,36,False,False,True,upper_bound,0.6210996152823716,0.7926521305580411,69,82
473,36,False,False,True,upper_bound_with_inhaler,0.6262782478523939,0.9115832537037706,69,83
473,36,True,False,False,one_hot,0.21468350869221572,0.2146835086922157,69,84
473,36,True,False,False,lower_bound,0.4969943349304659,0.7078858861789907,69,85
473,36,True,False,False,midpoint,0.4969943349304659,0.6885577965504049,69,86
473,36,True,False,False,midpoint_with_inhaler,0.4969943349304659,0.6885577965504049,69,87
473,36,True,False,False,upper_bound,0.49614525795102576,0.6673127145485468,69,88
473,36,True,False,False,upper_bound_with_inhaler,0.49614525795102576,0.6673127145485468,69,89
473,36,True,False,True,one_hot,0.21468350869221572,0.2146835086922157,69,90
473,36,True,False,True,lower_bound,0.4969943349304659,0.7078858861789907,69,91
473,36,True,False,True,midpoint,0.4969943349304659,0.6885577965504049,69,92
473,36,True,False,True,midpoint_with_inhaler,0.4969943349304659,0.6885577965504049,69,93
473,36,True,False,True,upper_bound,0.49614525795102576,0.6673127145485468,69,94
473,36,True,False,True,upper_bound_with_inhaler,0.49614525795102576,0.6673127145485468,69,95
473,48,False,False,False,one_hot,,,69,96
473,48,False,False,False,lower_bound,0.652780774078143,0.8938621665719666,69,97
473,48,False,False,False,midpoint,0.652780774078143,0.8601759290056216,69,98
473,48,False,False,False,midpoint_with_inhaler,0.652780774078143,0.9006336955810348,69,99
473,48,False,False,False,upper_bound,0.6487765767803118,0.8166597320765941,69,100
473,48,False,False,False,upper_bound_with_inhaler,0.652780774078143,0.9013201273399765,69,101
473,48,False,False,True,one_hot,,,69,102
473,48,False,False,True,lower_bound,0.652780774078143,0.8938621665719666,69,103
473,48,False,False,True,midpoint,0.652780774078143,0.8601759290056216,69,104
473,48,False,False,True,midpoint_with_inhaler,0.652780774078143,0.9006336955810348,69,105
473,48,False,False,True,upper_bound,0.6487765767803118,0.8166597320765941,69,106
473,48,False,False,True,upper_bound_with_inhaler,0.652780774078143,0.9013201273399765,69,107
473,48,False,True,False,one_hot,0.05566377467333717,0.055663774673337135,69,108
473,48,False,True,False,lower_bound,0.3193979156256074,0.34078187851652597,69,109
473,48,False,True,False,midpoint,0.3193979156256074,0.3632913465481243,69,110
473,48,False,True,False,midpoint_with_inhaler,0.3193979156256074,0.3632913465481243,69,111
473,48,False,True,False,upper_bound,0.31752875076966997,0.3723179770041652,69,112
473,48,False,True,False,upper_bound_with_inhaler,0.31752875076966997,0.3723179770041652,69,113
473,48,False,True,True,one_hot,0.05566377467333717,0.055663774673337135,69,114
473,48,False,True,True,lower_bound,0.3193979156256074,0.34078187851652597,69,115
473,48,False,True,True,midpoint,0.3193979156256074,0.3632913465481243,69,116
473,48,False,True,True,midpoint_with_inhaler,0.3193979156256074,0.3632913465481243,69,117
473,48,False,True,True,upper_bound,0.31752875076966997,0.3723179770041652,69,118
473,48,False,True,True,upper_bound_with_inhaler,0.31752875076966997,0.3723179770041652,69,119
473,48,True,False,False,one_hot,0.2674057770588058,0.2674057770588058,69,120
473,48,True,False,False,lower_bound,0.4566997252086885,0.5824572293805071,69,121
473,48,True,False,False,midpoint,0.4566997252086885,0.570993849660101,69,122
473,48,True,False,False,midpoint_with_inhaler,0.4566997252086885,0.570993849660101,69,123
473,48,True,False,False,upper_bound,0.45487886754049345,0.5553485029567039,69,124
473,48,True,False,False,upper_bound_with_inhaler,0.45487886754049345,0.5553485029567039,69,125
473,48,True,False,True,one_hot,0.2674057770588058,0.2674057770588058,69,126
473,48,True,False,True,lower_bound,0.4566997252086885,0.5824572293805071,69,127
473,48,True,False,True,midpoint,0.4566997252086885,0.570993849660101,69,128
473,48,True,False,True,midpoint_with_inhaler,0.4566997252086885,0.570993849660101,69,129
473,48,True,False,True,upper_bound,0.45487886754049345,0.5553485029567039,69,130
473,48,True,False,True,upper_bound_with_inhaler,0.45487886754049345,0.5553485029567039,69,131
514,12,False,False,False,one_hot,0.05685737306497463,0.05685737306497469,36,0
514,12,False,False,False,lower_bound,0.05685737306497463,0.05685737306497469,36,1
514,12,False,False,False,midpoint,0.05685737306497463,0.05685737306497465,36,2
514,12,False,False,False,midpoint_with_inhaler,0.05685737306497463,0.05685737306497465,36,3
514,12,False,False,False,upper_bound,0.05685737306497463,0.05685737306497469,36,4
514,12,False,False,False,upper_bound_with_inhaler,0.05685737306497463,0.05685737306497469,36,5
514,12,False,False,True,one_hot,0.05685737306497463,0.05685737306497469,36,6
514,12,False,False,True,lower_bound,0.05685737306497463,0.05685737306497469,36,7
514,12,False,False,True,midpoint,0.05685737306497463,0.05685737306497465,36,8
514,12,False,False,True,midpoint_with_inhaler,0.05685737306497463,0.05685737306497465,36,9
514,12,False,False,True,upper_bound,0.05685737306497463,0.05685737306497469,36,10
514,12,False,False,True,upper_bound_with_inhaler,0.05685737306497463,0.05685737306497469,36,11
514,12,False,True,False,one_hot,0.27920110829002376,0.27920110829002376,36,12
514,12,False,True,False,lower_bound,0.27920110829002376,0.27920110829002376,36,13
514,12,False,True,False,midpoint,0.27920110829002376,0.27920110829002376,36,14
514,12,False,True,False,midpoint_with_inhaler,0.27920110829002376,0.27920110829002376,36,15
514,12,False,True,False,upper_bound,0.27920110829002376,0.27920110829002376,36,16
514,12,False,True,False,upper_bound_with_inhaler,0.27920110829002376,0.27920110829002376,36,17
514,12,False,True,True,one_hot,0.27920110829002376,0.27920110829002376,36,18
514,12,False,True,True,lower_bound,0.27920110829002376,0.27920110829002376,36,19
514,12,False,True,True,midpoint,0.27920110829002376,0.27920110829002376,36,20
514,12,False,True,True,midpoint_with_inhaler,0.27920110829002376,0.27920110829002376,36,21
514,12,False,True,True,upper_bound,0.27920110829002376,0.27920110829002376,36,22
514,12,False,True,True,upper_bound_with_inhaler,0.27920110829002376,0.27920110829002376,36,23
514,12,True,False,False,one_hot,0.5132268536732758,0.5132268536732758,36,24
514,12,True,False,False,lower_bound,0.5132268536732758,0.5132268536732758,36,25
514,12,True,False,False,midpoint,0.5132268536732758,0.513226853673276,36,26
514,12,True,False,False,midpoint_with_inhaler,0.5132268536732758,0.513226853673276,36,27
514,12,True,False,False,upper_bound,0.5132268536732758,0.5132268536732758,36,28
514,12,True,False,False,upper_bound_with_inhaler,0.5132268536732758,0.5132268536732758,36,29
514,12,True,False,True,one_hot,0.5132268536732758,0.5132268536732758,36,30
514,12,True,False,True,lower_bound,0.5132268536732758,0.5132268536732758,36,31
514,12,True,False,True,midpoint,0.5132268536732758,0.513226853673276,36,32
514,12,True,False,True,midpoint_with_inhaler,0.5132268536732758,0.513226853673276,36,33
514,12,True,False,True,upper_bound,0.5132268536732758,0.5132268536732758,36,34
514,12,True,False,True,upper_bound_with_inhaler,0.5132268536732758,0.5132268536732758,36,35
514,24,False,False,False,one_hot,0.15945162287429432,0.15945162287429432,36,36
514,24,False,False,False,lower_bound,0.15945162287429432,0.15945162287429432,36,37
514,24,False,False,False,midpoint,0.15945162287429432,0.15945162287429437,36,38
514,24,False,False,False,midpoint_with_inhaler,0.15945162287429432,0.15945162287429437,36,39
514,24,False,False,False,upper_bound,0.15945162287429432,0.15945162287429432,36,40
514,24,False,False,False,upper_bound_with_inhaler,0.15945162287429432,0.15945162287429432,36,41
514,24,False,False,True,one_hot,0.15945162287429432,0.15945162287429432,36,42
514,24,False,False,True,lower_bound,0.15945162287429432,0.15945162287429432,36,43
514,24,False,False,True,midpoint,0.15945162287429432,0.15945162287429437,36,44
514,24,False,False,True,midpoint_with_inhaler,0.15945162287429432,0.15945162287429437,36,45
514,24,False,False,True,upper_bound,0.15945162287429432,0.15945162287429432,36,46
514,24,False,False,True,upper_bound_with_inhaler,0.15945162287429432,0.15945162287429432,36,47
514,24,False,True,False,one_hot,0.09958624552579488,0.09958624552579488,36,48
514,24,False,True,False,lower_bound,0.09958624552579488,0.09958624552579488,36,49
514,24,False,True,False,midpoint,0.09958624552579488,0.09958624552579483,36,50
514,24,False,True,False,midpoint_with_inhaler,0.09958624552579488,0.09958624552579483,36,51
514,24,False,True,False,upper_bound,0.09958624552579488,0.09958624552579488,36,52
514,24,False,True,False,upper_bound_with_inhaler,0.09958624552579488,0.09958624552579488,36,53
514,24,False,True,True,one_hot,0.09958624552579488,0.09958624552579488,36,54
514,24,False,True,True,lower_bound,0.09958624552579488,0.09958624552579488,36,55
514,24,False,True,True,midpoint,0.09958624552579488,0.09958624552579483,36,56
514,24,False,True,True,midpoint_with_inhaler,0.09958624552579488,0.09958624552579483,36,57
514,24,False,True,True,upper_bound,0.09958624552579488,0.09958624552579488,36,58
514,24,False,True,True,upper_bound_with_inhaler,0.09958624552579488,0.09958624552579488,36,59
514,24,True,False,False,one_hot,0.15945162287429432,0.15945162287429432,36,60
514,24,True,False,False,lower_bound,0.15945162287429432,0.15945162287429432,36,61
514,24,True,False,False,midpoint,0.15945162287429432,0.15945162287429437,36,62
514,24,True,False,False,midpoint_with_inhaler,0.15945162287429432,0.15945162287429437,36,63
514,24,True,False,False,upper_bound,0.15945162287429432,0.15945162287429432,36,64
514,24,True,False,False,upper_bound_with_inhaler,0.15945162287429432,0.15945162287429432,36,65
514,24,True,False,True,one_hot,0.15945162287429432,0.15945162287429432,36,66
514,24,True,False,True,lower_bound,0.15945162287429432,0.15945162287429432,36,67
514,24,True,False,True,midpoint,0.15945162287429432,0.15945162287429437,36,68
514,24,True,False,True,midpoint_with_inhaler,0.15945162287429432,0.15945162287429437,36,69
514,24,True,False,True,upper_bound,0.15945162287429432,0.15945162287429432,36,70
514,24,True,False,True,upper_bound_with_inhaler,0.15945162287429432,0.15945162287429432,36,71
514,36,False,False,False,one_hot,0.047280759226963905,0.047280759226963884,36,72
514,36,False,False,False,lower_bound,0.047280759226963905,0.047280759226963884,36,73
514,36,False,False,False,midpoint,0.047280759226963905,0.047280759226963925,36,74
514,36,False,False,False,midpoint_with_inhaler,0.047280759226963905,0.047280759226963925,36,75
514,36,False,False,False,upper_bound,0.047280759226963905,0.047280759226963884,36,76
514,36,False,False,False,upper_bound_with_inhaler,0.047280759226963905,0.047280759226963884,36,77
514,36,False,False,True,one_hot,0.047280759226963905,0.047280759226963884,36,78
514,36,False,False,True,lower_bound,0.047280759226963905,0.047280759226963884,36,79
514,36,False,False,True,midpoint,0.047280759226963905,0.047280759226963925,36,80
514,36,False,False,True,midpoint_with_inhaler,0.047280759226963905,0.047280759226963925,36,81
514,36,False,False,True,upper_bound,0.047280759226963905,0.047280759226963884,36,82
514,36,False,False,True,upper_bound_with_inhaler,0.047280759226963905,0.047280759226963884,36,83
514,36,True,False,False,one_hot,0.047280759226963905,0.04728075922696393,36,84
514,36,True,False,False,lower_bound,0.047280759226963905,0.04728075922696393,36,85
514,36,True,False,False,midpoint,0.047280759226963905,0.047280759226963925,36,86
514,36,True,False,False,midpoint_with_inhaler,0.047280759226963905,0.047280759226963925,36,87
514,36,True,False,False,upper_bound,0.047280759226963905,0.04728075922696393,36,88
514,36,True,False,False,upper_bound_with_inhaler,0.047280759226963905,0.04728075922696393,36,89
514,36,True,False,True,one_hot,0.047280759226963905,0.04728075922696393,36,90
514,36,True,False,True,lower_bound,0.047280759226963905,0.04728075922696393,36,91
514,36,True,False,True,midpoint,0.047280759226963905,0.047280759226963925,36,92
514,36,True,False,True,midpoint_with_inhaler,0.047280759226963905,0.047280759226963925,36,93
514,36,True,False,True,upper_bound,0.047280759226963905,0.04728075922696393,36,94
514,36,True,False,True,upper_bound_with_inhaler,0.047280759226963905,0.04728075922696393,36,95
514,48,False,False,False,one_hot,0.37524232175876476,0.37524232175876476,36,96
514,48,False,False,False,lower_bound,0.37524232175876476,0.37524232175876476,36,97
514,48,False,False,False,midpoint,0.37524232175876476,0.37524232175876476,36,98
514,48,False,False,False,midpoint_with_inhaler,0.37524232175876476,0.37524232175876476,36,99
514,48,False,False,False,upper_bound,0.37524232175876476,0.37524232175876476,36,100
514,48,False,False,False,upper_bound_with_inhaler,0.37524232175876476,0.37524232175876476,36,101
514,48,False,False,True,one_hot,0.37524232175876476,0.37524232175876476,36,102
514,48,False,False,True,lower_bound,0.37524232175876476,0.37524232175876476,36,103
514,48,False,False,True,midpoint,0.37524232175876476,0.37524232175876476,36,104
514,48,False,False,True,midpoint_with_inhaler,0.37524232175876476,0.37524232175876476,36,105
514,48,False,False,True,upper_bound,0.37524232175876476,0.37524232175876476,36,106
514,48,False,False,True,upper_bound_with_inhaler,0.37524232175876476,0.37524232175876476,36,107
514,48,False,True,False,one_hot,0.27920110829002376,0.27920110829002376,36,108
514,48,False,True,False,lower_bound,0.27920110829002376,0.27920110829002376,36,109
514,48,False,True,False,midpoint,0.27920110829002376,0.27920110829002376,36,110
514,48,False,True,False,midpoint_with_inhaler,0.27920110829002376,0.27920110829002376,36,111
514,48,False,True,False,upper_bound,0.27920110829002376,0.27920110829002376,36,112
514,48,False,True,False,upper_bound_with_inhaler,0.27920110829002376,0.27920110829002376,36,113
514,48,False,True,True,one_hot,0.27920110829002376,0.27920110829002376,36,114
514,48,False,True,True,lower_bound,0.27920110829002376,0.27920110829002376,36,115
514,48,False,True,True,midpoint,0.27920110829002376,0.27920110829002376,36,116
514,48,False,True,True,midpoint_with_inhaler,0.27920110829002376,0.27920110829002376,36,117
514,48,False,True,True,upper_bound,0.27920110829002376,0.27920110829002376,36,118
514,48,False,True,True,upper_bound_with_inhaler,0.27920110829002376,0.27920110829002376,36,119
514,48,True,False,False,one_hot,0.1722439759948226,0.1722439759948226,36,120
514,48,True,False,False,lower_bound,0.1722439759948226,0.1722439759948226,36,121
514,48,True,False,False,midpoint,0.1722439759948226,0.1722439759948226,36,122
514,48,True,False,False,midpoint_with_inhaler,0.1722439759948226,0.1722439759948226,36,123
514,48,True,False,False,upper_bound,0.1722439759948226,0.1722439759948226,36,124
514,48,True,False,False,upper_bound_with_inhaler,0.1722439759948226,0.1722439759948226,36,125
514,48,True,False,True,one_hot,0.1722439759948226,0.1722439759948226,36,126
514,48,True,False,True,lower_bound,0.1722439759948226,0.1722439759948226,36,127
514,48,True,False,True,midpoint,0.1722439759948226,0.1722439759948226,36,128
514,48,True,False,True,midpoint_with_inhaler,0.1722439759948226,0.1722439759948226,36,129
514,48,True,False,True,upper_bound,0.1722439759948226,0.1722439759948226,36,130
514,48,True,False,True,upper_bound_with_inhaler,0.1722439759948226,0.1722439759948226,36,131
625,12,False,False,False,one_hot,-0.12666118316822195,-0.12666118316822195,16,0
625,12,False,False,False,lower_bound,-0.16220163240787258,-0.17408295936258536,16,1
625,12,False,False,False,midpoint,-0.16220163240787258,-0.1716925709826635,16,2
625,12,False,False,False,midpoint_with_inhaler,-0.16220163240787258,-0.1716925709826635,16,3
625,12,False,False,False,upper_bound,-0.16220163240787258,-0.1682361183106065,16,4
625,12,False,False,False,upper_bound_with_inhaler,-0.16220163240787258,-0.1682361183106065,16,5
625,12,False,False,True,one_hot,-0.12666118316822195,-0.12666118316822195,16,6
625,12,False,False,True,lower_bound,-0.16220163240787258,-0.17408295936258536,16,7
625,12,False,False,True,midpoint,-0.16220163240787258,-0.1716925709826635,16,8
625,12,False,False,True,midpoint_with_inhaler,-0.16220163240787258,-0.1716925709826635,16,9
625,12,False,False,True,upper_bound,-0.16220163240787258,-0.1682361183106065,16,10
625,12,False,False,True,upper_bound_with_inhaler,-0.16220163240787258,-0.1682361183106065,16,11
625,12,False,True,False,one_hot,0.3811393090159242,0.3811393090159242,16,12
625,12,False,True,False,lower_bound,0.25858959114406177,0.053096666157289585,16,13
625,12,False,True,False,midpoint,0.25858959114406177,0.1278699615056154,16,14
625,12,False,True,False,midpoint_with_inhaler,0.25858959114406177,0.1278699615056154,16,15
625,12,False,True,False,upper_bound,0.25858959114406177,0.18009635029588392,16,16
625,12,False,True,False,upper_bound_with_inhaler,0.25858959114406177,0.18009635029588392,16,17
625,12,False,True,True,one_hot,0.3811393090159242,0.3811393090159242,16,18
625,12,False,True,True,lower_bound,0.25858959114406177,0.053096666157289585,16,19
625,12,False,True,True,midpoint,0.25858959114406177,0.1278699615056154,16,20
625,12,False,True,True,midpoint_with_inhaler,0.25858959114406177,0.1278699615056154,16,21
625,12,False,True,True,upper_bound,0.25858959114406177,0.18009635029588392,16,22
625,12,False,True,True,upper_bound_with_inhaler,0.25858959114406177,0.18009635029588392,16,23
625,12,True,False,False,one_hot,0.22454648570222732,0.22454648570222732,16,24
625,12,True,False,False,lower_bound,0.3259963028840275,0.1418692843025785,16,25
625,12,True,False,False,midpoint,0.3259963028840275,0.20530982316505786,16,26
625,12,True,False,False,midpoint_with_inhaler,0.3259963028840275,0.20530982316505786,16,27
625,12,True,False,False,upper_bound,0.3259963028840275,0.24178065951582753,16,28
625,12,True,False,False,upper_bound_with_inhaler,0.3259963028840275,0.24178065951582753,16,29
625,12,True,False,True,one_hot,0.22454648570222732,0.22454648570222732,16,30
625,12,True,False,True,lower_bound,0.3259963028840275,0.1418692843025785,16,31
625,12,True,False,True,midpoint,0.3259963028840275,0.20530982316505786,16,32
625,12,True,False,True,midpoint_with_inhaler,0.3259963028840275,0.20530982316505786,16,33
625,12,True,False,True,upper_bound,0.3259963028840275,0.24178065951582753,16,34
625,12,True,False,True,upper_bound_with_inhaler,0.3259963028840275,0.24178065951582753,16,35
625,24,False,False,False,one_hot,0.5395654417108194,0.5395654417108194,16,36
625,24,False,False,False,lower_bound,0.3010270682045935,0.0945436402598852,16,37
625,24,False,False,False,midpoint,0.3010270682045935,0.08569641081924356,16,38
625,24,False,False,False,midpoint_with_inhaler,0.3010270682045935,0.08569641081924356,16,39
625,24,False,False,False,upper_bound,0.3010270682045935,0.0835270423315831,16,40
625,24,False,False,False,upper_bound_with_inhaler,0.3010270682045935,0.0835270423315831,16,41
625,24,False,False,True,one_hot,0.5395654417108194,0.5395654417108194,16,42
625,24,False,False,True,lower_bound,0.3010270682045935,0.0945436402598852,16,43
625,24,False,False,True,midpoint,0.3010270682045935,0.08569641081924356,16,44
625,24,False,False,True,midpoint_with_inhaler,0.3010270682045935,0.08569641081924356,16,45
625,24,False,False,True,upper_bound,0.3010270682045935,0.0835270423315831,16,46
625,24,False,False,True,upper_bound_with_inhaler,0.3010270682045935,0.0835270423315831,16,47
625,24,False,True,False,one_hot,0.2256712564954289,0.2256712564954289,16,48
625,24,False,True,False,lower_bound,0.08718242930011211,0.014239044103994007,16,49
625,24,False,True,False,midpoint,0.08718242930011211,-0.0230068635936606,16,50
625,24,False,True,False,midpoint_with_inhaler,0.08718242930011211,-0.0230068635936606,16,51
625,24,False,True,False,upper_bound,0.08718242930011211,-0.0449769613474041,16,52
625,24,False,True,False,upper_bound_with_inhaler,0.08718242930011211,-0.0449769613474041,16,53
625,24,False,True,True,one_hot,0.2256712564954289,0.2256712564954289,16,54
625,24,False,True,True,lower_bound,0.08718242930011211,0.014239044103994007,16,55
625,24,False,True,True,midpoint,0.08718242930011211,-0.0230068635936606,16,56
625,24,False,True,True,midpoint_with_inhaler,0.08718242930011211,-0.0230068635936606,16,57
625,24,False,True,True,upper_bound,0.08718242930011211,-0.0449769613474041,16,58
625,24,False,True,True,upper_bound_with_inhaler,0.08718242930011211,-0.0449769613474041,16,59
625,24,True,False,False,one_hot,0.5395654417108194,0.5395654417108194,16,60
625,24,True,False,False,lower_bound,0.3010270682045935,0.0945436402598852,16,61
625,24,True,False,False,midpoint,0.3010270682045935,0.08569641081924356,16,62
625,24,True,False,False,midpoint_with_inhaler,0.3010270682045935,0.08569641081924356,16,63
625,24,True,False,False,upper_bound,0.3010270682045935,0.0835270423315831,16,64
625,24,True,False,False,upper_bound_with_inhaler,0.3010270682045935,0.0835270423315831,16,65
625,24,True,False,True,one_hot,0.5395654417108194,0.5395654417108194,16,66
625,24,True,False,True,lower_bound,0.3010270682045935,0.0945436402598852,16,67
625,24,True,False,True,midpoint,0.3010270682045935,0.08569641081924356,16,68
625,24,True,False,True,midpoint_with_inhaler,0.3010270682045935,0.08569641081924356,16,69
625,24,True,False,True,upper_bound,0.3010270682045935,0.0835270423315831,16,70
625,24,True,False,True,upper_bound_with_inhaler,0.3010270682045935,0.0835270423315831,16,71
625,36,False,False,False,one_hot,0.04765508990216243,0.04765508990216243,16,72
625,36,False,False,False,lower_bound,0.016422803460847214,0.13881757434214942,16,73
625,36,False,False,False,midpoint,0.016422803460847214,0.11429786620072252,16,74
625,36,False,False,False,midpoint_with_inhaler,0.016422803460847214,0.11429786620072252,16,75
625,36,False,False,False,upper_bound,0.016422803460847214,0.09479088806455549,16,76
625,36,False,False,False,upper_bound_with_inhaler,0.016422803460847214,0.09479088806455549,16,77
625,36,False,False,True,one_hot,0.04765508990216243,0.04765508990216243,16,78
625,36,False,False,True,lower_bound,0.016422803460847214,0.13881757434214942,16,79
625,36,False,False,True,midpoint,0.016422803460847214,0.11429786620072252,16,80
625,36,False,False,True,midpoint_with_inhaler,0.016422803460847214,0.11429786620072252,16,81
625,36,False,False,True,upper_bound,0.016422803460847214,0.09479088806455549,16,82
625,36,False,False,True,upper_bound_with_inhaler,0.016422803460847214,0.09479088806455549,16,83
625,36,True,False,False,one_hot,0.09790159931512976,0.09790159931512976,16,84
625,36,True,False,False,lower_bound,0.20753328931843054,0.13242609407950823,16,85
625,36,True,False,False,midpoint,0.20753328931843054,0.09287702048090726,16,86
625,36,True,False,False,midpoint_with_inhaler,0.20753328931843054,0.09287702048090726,16,87
625,36,True,False,False,upper_bound,0.20753328931843054,0.06082055771360427,16,88
625,36,True,False,False,upper_bound_with_inhaler,0.20753328931843054,0.06082055771360427,16,89
625,36,True,False,True,one_hot,0.09790159931512976,0.09790159931512976,16,90
625,36,True,False,True,lower_bound,0.20753328931843054,0.13242609407950823,16,91
625,36,True,False,True,midpoint,0.20753328931843054,0.09287702048090726,16,92
625,36,True,False,True,midpoint_with_inhaler,0.20753328931843054,0.09287702048090726,16,93
625,36,True,False,True,upper_bound,0.20753328931843054,0.06082055771360427,16,94
625,36,True,False,True,upper_bound_with_inhaler,0.20753328931843054,0.06082055771360427,16,95
625,48,False,False,False,one_hot,,,16,96
625,48,False,False,False,lower_bound,0.470757205593802,0.6345049831647532,16,97
625,48,False,False,False,midpoint,0.470757205593802,0.562421925425629,16,98
625,48,False,False,False,midpoint_with_inhaler,0.470757205593802,0.562421925425629,16,99
625,48,False,False,False,upper_bound,0.470757205593802,0.49837013213854275,16,100
625,48,False,False,False,upper_bound_with_inhaler,0.470757205593802,0.49837013213854275,16,101
625,48,False,False,True,one_hot,,,16,102
625,48,False,False,True,lower_bound,0.470757205593802,0.6345049831647532,16,103
625,48,False,False,True,midpoint,0.470757205593802,0.562421925425629,16,104
625,48,False,False,True,midpoint_with_inhaler,0.470757205593802,0.562421925425629,16,105
625,48,False,False,True,upper_bound,0.470757205593802,0.49837013213854275,16,106
625,48,False,False,True,upper_bound_with_inhaler,0.470757205593802,0.49837013213854275,16,107
625,48,False,True,False,one_hot,0.22454648570222732,0.22454648570222732,16,108
625,48,False,True,False,lower_bound,0.308317715276357,0.44408313788448744,16,109
625,48,False,True,False,midpoint,0.308317715276357,0.4439488468009163,16,110
625,48,False,True,False,midpoint_with_inhaler,0.308317715276357,0.4439488468009163,16,111
625,48,False,True,False,upper_bound,0.308317715276357,0.4352137370045932,16,112
625,48,False,True,False,upper_bound_with_inhaler,0.308317715276357,0.4352137370045932,16,113
625,48,False,True,True,one_hot,0.22454648570222732,0.22454648570222732,16,114
625,48,False,True,True,lower_bound,0.308317715276357,0.44408313788448744,16,115
625,48,False,True,True,midpoint,0.308317715276357,0.4439488468009163,16,116
625,48,False,True,True,midpoint_with_inhaler,0.308317715276357,0.4439488468009163,16,117
625,48,False,True,True,upper_bound,0.308317715276357,0.4352137370045932,16,118
625,48,False,True,True,upper_bound_with_inhaler,0.308317715276357,0.4352137370045932,16,119
625,48,True,False,False,one_hot,-0.2217841271925575,-0.2217841271925575,16,120
625,48,True,False,False,lower_bound,0.15862209510917524,0.46022636720644006,16,121
625,48,True,False,False,midpoint,0.15862209510917524,0.418107515096729,16,122
625,48,True,False,False,midpoint_with_inhaler,0.15862209510917524,0.418107515096729,16,123
625,48,True,False,False,upper_bound,0.15862209510917524,0.3726968021477903,16,124
625,48,True,False,False,upper_bound_with_inhaler,0.15862209510917524,0.3726968021477903,16,125
625,48,True,False,True,one_hot,-0.2217841271925575,-0.2217841271925575,16,126
625,48,True,False,True,lower_bound,0.15862209510917524,0.46022636720644006,16,127
625,48,True,False,True,midpoint,0.15862209510917524,0.418107515096729,16,128
625,48,True,False,True,midpoint_with_inhaler,0.15862209510917524,0.418107515096729,16,129
625,48,True,False,True,upper_bound,0.15862209510917524,0.3726968021477903,16,130
625,48,True,False,True,upper_bound_with_inhaler,0.15862209510917524,0.3726968021477903,16,131
701,12,False,False,False,one_hot,,,30,0
701,12,False,False,False,lower_bound,0.28863699108147006,0.27974703721456157,30,1
701,12,False,False,False,midpoint,0.28863699108147006,0.2942224642024293,30,2
701,12,False,False,False,midpoint_with_inhaler,0.28863699108147006,0.2942224642024293,30,3
701,12,False,False,False,upper_bound,0.28863699108147006,0.2950825246821075,30,4
701,12,False,False,False,upper_bound_with_inhaler,0.28863699108147006,0.2950825246821075,30,5
701,12,False,False,True,one_hot,,,30,6
701,12,False,False,True,lower_bound,0.28863699108147006,0.27974703721456157,30,7
701,12,False,False,True,midpoint,0.28863699108147006,0.2942224642024293,30,8
701,12,False,False,True,midpoint_with_inhaler,0.28863699108147006,0.2942224642024293,30,9
701,12,False,False,True,upper_bound,0.28863699108147006,0.2950825246821075,30,10
701,12,False,False,True,upper_bound_with_inhaler,0.28863699108147006,0.2950825246821075,30,11
701,12,False,True,False,one_hot,,,30,12
701,12,False,True,False,lower_bound,0.3853472740318273,0.39914780971036123,30,13
701,12,False,True,False,midpoint,0.3853472740318273,0.4005800490375745,30,14
701,12,False,True,False,midpoint_with_inhaler,0.3853472740318273,0.4005800490375745,30,15
701,12,False,True,False,upper_bound,0.3853472740318273,0.39571024300988344,30,16
701,12,False,True,False,upper_bound_with_inhaler,0.3853472740318273,0.39571024300988344,30,17
701,12,False,True,True,one_hot,,,30,18
701,12,False,True,True,lower_bound,0.3853472740318273,0.39914780971036123,30,19
701,12,False,True,True,midpoint,0.3853472740318273,0.4005800490375745,30,20
701,12,False,True,True,midpoint_with_inhaler,0.3853472740318273,0.4005800490375745,30,21
701,12,False,True,True,upper_bound,0.3853472740318273,0.39571024300988344,30,22
701,12,False,True,True,upper_bound_with_inhaler,0.3853472740318273,0.39571024300988344,30,23
701,12,True,False,False,one_hot,,,30,24
701,12,True,False,False,lower_bound,0.20235518962500026,0.23582659091166366,30,25
701,12,True,False,False,midpoint,0.20235518962500026,0.24193550715616816,30,26
701,12,True,False,False,midpoint_with_inhaler,0.20235518962500026,0.24193550715616816,30,27
701,12,True,False,False,upper_bound,0.20235518962500026,0.24749241140288877,30,28
701,12,True,False,False,upper_bound_with_inhaler,0.20235518962500026,0.24749241140288877,30,29
701,12,True,False,True,one_hot,,,30,30
701,12,True,False,True,lower_bound,0.20235518962500026,0.23582659091166366,30,31
701,12,True,False,True,midpoint,0.20235518962500026,0.24193550715616816,30,32
701,12,True,False,True,midpoint_with_inhaler,0.20235518962500026,0.24193550715616816,30,33
701,12,True,False,True,upper_bound,0.20235518962500026,0.24749241140288877,30,34
701,12,True,False,True,upper_bound_with_inhaler,0.20235518962500026,0.24749241140288877,30,35
701,24,False,False,False,one_hot,,,30,36
701,24,False,False,False,lower_bound,0.29954155341793387,0.32181289037244837,30,37
701,24,False,False,False,midpoint,0.29954155341793387,0.32663185815366635,30,38
701,24,False,False,False,midpoint_with_inhaler,0.29954155341793387,0.32663185815366635,30,39
701,24,False,False,False,upper_bound,0.29954155341793387,0.3270558394879105,30,40
701,24,False,False,False,upper_bound_with_inhaler,0.29954155341793387,0.3270558394879105,30,41
701,24,False,False,True,one_hot,,,30,42
701,24,False,False,True,lower_bound,0.29954155341793387,0.32181289037244837,30,43
701,24,False,False,True,midpoint,0.29954155341793387,0.32663185815366635,30,44
701,24,False,False,True,midpoint_with_inhaler,0.29954155341793387,0.32663185815366635,30,45
701,24,False,False,True,upper_bound,0.29954155341793387,0.3270558394879105,30,46
701,24,False,False,True,upper_bound_with_inhaler,0.29954155341793387,0.3270558394879105,30,47
701,24,False,True,False,one_hot,,,30,48
701,24,False,True,False,lower_bound,0.18729196785061838,0.16397672001325264,30,49
701,24,False,True,False,midpoint,0.18729196785061838,0.12004236700584721,30,50
701,24,False,True,False,midpoint_with_inhaler,0.18729196785061838,0.12004236700584721,30,51
701,24,False,True,False,upper_bound,0.18729196785061838,0.08453775463221656,30,52
701,24,False,True,False,upper_bound_with_inhaler,0.18729196785061838,0.08453775463221656,30,53
701,24,False,True,True,one_hot,,,30,54
701,24,False,True,True,lower_bound,0.18729196785061838,0.16397672001325264,30,55
701,24,False,True,True,midpoint,0.18729196785061838,0.12004236700584721,30,56
701,24,False,True,True,midpoint_with_inhaler,0.18729196785061838,0.12004236700584721,30,57
701,24,False,True,True,upper_bound,0.18729196785061838,0.08453775463221656,30,58
701,24,False,True,True,upper_bound_with_inhaler,0.18729196785061838,0.08453775463221656,30,59
701,24,True,False,False,one_hot,,,30,60
701,24,True,False,False,lower_bound,0.29954155341793387,0.32181289037244837,30,61
701,24,True,False,False,midpoint,0.29954155341793387,0.32663185815366635,30,62
701,24,True,False,False,midpoint_with_inhaler,0.29954155341793387,0.32663185815366635,30,63
701,24,True,False,False,upper_bound,0.29954155341793387,0.3270558394879105,30,64
701,24,True,False,False,upper_bound_with_inhaler,0.29954155341793387,0.3270558394879105,30,65
701,24,True,False,True,one_hot,,,30,66
701,24,True,False,True,lower_bound,0.29954155341793387,0.32181289037244837,30,67
701,24,True,False,True,midpoint,0.29954155341793387,0.32663185815366635,30,68
701,24,True,False,True,midpoint_with_inhaler,0.29954155341793387,0.32663185815366635,30,69
701,24,True,False,True,upper_bound,0.29954155341793387,0.3270558394879105,30,70
701,24,True,False,True,upper_bound_with_inhaler,0.29954155341793387,0.3270558394879105,30,71
701,36,False,False,False,one_hot,,,30,72
701,36,False,False,False,lower_bound,0.29278895335776345,0.35418547075938484,30,73
701,36,False,False,False,midpoint,0.29278895335776345,0.28714963482819145,30,74
701,36,False,False,False,midpoint_with_inhaler,0.29278895335776345,0.28714963482819145,30,75
701,36,False,False,False,upper_bound,0.29278895335776345,0.2514227089478458,30,76
701,36,False,False,False,upper_bound_with_inhaler,0.29278895335776345,0.2514227089478458,30,77
701,36,False,False,True,one_hot,,,30,78
701,36,False,False,True,lower_bound,0.29278895335776345,0.35418547075938484,30,79
701,36,False,False,True,midpoint,0.29278895335776345,0.28714963482819145,30,80
701,36,False,False,True,midpoint_with_inhaler,0.29278895335776345,0.28714963482819145,30,81
701,36,False,False,True,upper_bound,0.29278895335776345,0.2514227089478458,30,82
701,36,False,False,True,upper_bound_with_inhaler,0.29278895335776345,0.2514227089478458,30,83
701,36,True,False,False,one_hot,,,30,84
701,36,True,False,False,lower_bound,0.07741933683635085,0.1236370518080331,30,85
701,36,True,False,False,midpoint,0.07741933683635085,0.13340757208524118,30,86
701,36,True,False,False,midpoint_with_inhaler,0.07741933683635085,0.13340757208524118,30,87
701,36,True,False,False,upper_bound,0.07741933683635085,0.14591161379503223,30,88
701,36,True,False,False,upper_bound_with_inhaler,0.07741933683635085,0.14591161379503223,30,89
701,36,True,False,True,one_hot,,,30,90
701,36,True,False,True,lower_bound,0.07741933683635085,0.1236370518080331,30,91
701,36,True,False,True,midpoint,0.07741933683635085,0.13340757208524118,30,92
701,36,True,False,True,midpoint_with_inhaler,0.07741933683635085,0.13340757208524118,30,93
701,36,True,False,True,upper_bound,0.07741933683635085,0.14591161379503223,30,94
701,36,True,False,True,upper_bound_with_inhaler,0.07741933683635085,0.14591161379503223,30,95
701,48,False,False,False,one_hot,,,30,96
701,48,False,False,False,lower_bound,0.24416650013269897,0.35327522939714684,30,97
701,48,False,False,False,midpoint,0.24416650013269897,0.2822490552709522,30,98
701,48,False,False,False,midpoint_with_inhaler,0.24416650013269897,0.2822490552709522,30,99
701,48,False,False,False,upper_bound,0.24416650013269897,0.24622071194137476,30,100
701,48,False,False,False,upper_bound_with_inhaler,0.24416650013269897,0.24622071194137476,30,101
701,48,False,False,True,one_hot,,,30,102
701,48,False,False,True,lower_bound,0.24416650013269897,0.35327522939714684,30,103
701,48,False,False,True,midpoint,0.24416650013269897,0.2822490552709522,30,104
701,48,False,False,True,midpoint_with_inhaler,0.24416650013269897,0.2822490552709522,30,105
701,48,False,False,True,upper_bound,0.24416650013269897,0.24622071194137476,30,106
701,48,False,False,True,upper_bound_with_inhaler,0.24416650013269897,0.24622071194137476,30,107
701,48,False,True,False,one_hot,,,30,108
701,48,False,True,False,lower_bound,0.013969727531477646,0.014472881388239118,30,109
701,48,False,True,False,midpoint,0.013969727531477646,-0.02443517930563487,30,110
701,48,False,True,False,midpoint_with_inhaler,0.013969727531477646,-0.02443517930563487,30,111
701,48,False,True,False,upper_bound,0.013969727531477646,-0.05050842030212745,30,112
701,48,False,True,False,upper_bound_with_inhaler,0.013969727531477646,-0.05050842030212745,30,113
701,48,False,True,True,one_hot,,,30,114
701,48,False,True,True,lower_bound,0.013969727531477646,0.014472881388239118,30,115
701,48,False,True,True,midpoint,0.013969727531477646,-0.02443517930563487,30,116
701,48,False,True,True,midpoint_with_inhaler,0.013969727531477646,-0.02443517930563487,30,117
701,48,False,True,True,upper_bound,0.013969727531477646,-0.05050842030212745,30,118
701,48,False,True,True,upper_bound_with_inhaler,0.013969727531477646,-0.05050842030212745,30,119
701,48,True,False,False,one_hot,,,30,120
701,48,True,False,False,lower_bound,0.12510402367966614,0.1406219227945466,30,121
701,48,True,False,False,midpoint,0.12510402367966614,0.12227941204935164,30,122
701,48,True,False,False,midpoint_with_inhaler,0.12510402367966614,0.12227941204935164,30,123
701,48,True,False,False,upper_bound,0.12510402367966614,0.11065439618743526,30,124
701,48,True,False,False,upper_bound_with_inhaler,0.12510402367966614,0.11065439618743526,30,125
701,48,True,False,True,one_hot,,,30,126
701,48,True,False,True,lower_bound,0.12510402367966614,0.1406219227945466,30,127
701,48,True,False,True,midpoint,0.12510402367966614,0.12227941204935164,30,128
701,48,True,False,True,midpoint_with_inhaler,0.12510402367966614,0.12227941204935164,30,129
701,48,True,False,True,upper_bound,0.12510402367966614,0.11065439618743526,30,130
701,48,True,False,True,upper_bound_with_inhaler,0.12510402367966614,0.11065439618743526,30,131
702,12,False,False,False,one_hot,0.44912462455329194,0.44912462455329194,120,0
702,12,False,False,False,lower_bound,0.5005762612501866,0.8624263456008138,120,1
702,12,False,False,False,midpoint,0.5005762612501866,0.761244889368723,120,2
702,12,False,False,False,midpoint_with_inhaler,0.5005762612501866,0.761244889368723,120,3
702,12,False,False,False,upper_bound,0.5005762612501866,0.6981152240039832,120,4
702,12,False,False,False,upper_bound_with_inhaler,0.5005762612501866,0.6981152240039832,120,5
702,12,False,False,True,one_hot,0.44912462455329194,0.44912462455329194,120,6
702,12,False,False,True,lower_bound,0.5005762612501866,0.8624263456008138,120,7
702,12,False,False,True,midpoint,0.5005762612501866,0.761244889368723,120,8
702,12,False,False,True,midpoint_with_inhaler,0.5005762612501866,0.761244889368723,120,9
702,12,False,False,True,upper_bound,0.5005762612501866,0.6981152240039832,120,10
702,12,False,False,True,upper_bound_with_inhaler,0.5005762612501866,0.6981152240039832,120,11
702,12,False,True,False,one_hot,0.3721934004288142,0.3721934004288142,120,12
702,12,False,True,False,lower_bound,0.45715601061250233,0.568165151013208,120,13
702,12,False,True,False,midpoint,0.45715601061250233,0.5524864799664988,120,14
702,12,False,True,False,midpoint_with_inhaler,0.45715601061250233,0.5524864799664988,120,15
702,12,False,True,False,upper_bound,0.45715601061250233,0.5361365726180991,120,16
702,12,False,True,False,upper_bound_with_inhaler,0.45715601061250233,0.5361365726180991,120,17
702,12,False,True,True,one_hot,0.3721934004288142,0.3721934004288142,120,18
702,12,False,True,True,lower_bound,0.45715601061250233,0.568165151013208,120,19
702,12,False,True,True,midpoint,0.45715601061250233,0.5524864799664988,120,20
702,12,False,True,True,midpoint_with_inhaler,0.45715601061250233,0.5524864799664988,120,21
702,12,False,True,True,upper_bound,0.45715601061250233,0.5361365726180991,120,22
702,12,False,True,True,upper_bound_with_inhaler,0.45715601061250233,0.5361365726180991,120,23
702,12,True,False,False,one_hot,0.3416357182050882,0.3416357182050882,120,24
702,12,True,False,False,lower_bound,0.44107616581426334,0.846743869472432,120,25
702,12,True,False,False,midpoint,0.44107616581426334,0.8045778313650362,120,26
702,12,True,False,False,midpoint_with_inhaler,0.44107616581426334,0.8045778313650362,120,27
702,12,True,False,False,upper_bound,0.44107616581426334,0.7712250194994259,120,28
702,12,True,False,False,upper_bound_with_inhaler,0.44107616581426334,0.7712250194994259,120,29
702,12,True,False,True,one_hot,0.3416357182050882,0.3416357182050882,120,30
702,12,True,False,True,lower_bound,0.44107616581426334,0.846743869472432,120,31
702,12,True,False,True,midpoint,0.44107616581426334,0.8045778313650362,120,32
702,12,True,False,True,midpoint_with_inhaler,0.44107616581426334,0.8045778313650362,120,33
702,12,True,False,True,upper_bound,0.44107616581426334,0.7712250194994259,120,34
702,12,True,False,True,upper_bound_with_inhaler,0.44107616581426334,0.7712250194994259,120,35
702,24,False,False,False,one_hot,0.5964553654965243,0.5964553654965243,120,36
702,24,False,False,False,lower_bound,0.7075514642266373,1.128088099152888,120,37
702,24,False,False,False,midpoint,0.7075514642266373,1.0678755605525745,120,38
702,24,False,False,False,midpoint_with_inhaler,0.7075514642266373,1.0678755605525745,120,39
702,24,False,False,False,upper_bound,0.7075514642266373,1.0197044339189265,120,40
702,24,False,False,False,upper_bound_with_inhaler,0.7075514642266373,1.0197044339189265,120,41
702,24,False,False,True,one_hot,0.5964553654965243,0.5964553654965243,120,42
702,24,False,False,True,lower_bound,0.7075514642266373,1.128088099152888,120,43
702,24,False,False,True,midpoint,0.7075514642266373,1.0678755605525745,120,44
702,24,False,False,True,midpoint_with_inhaler,0.7075514642266373,1.0678755605525745,120,45
702,24,False,False,True,upper_bound,0.7075514642266373,1.0197044339189265,120,46
702,24,False,False,True,upper_bound_with_inhaler,0.7075514642266373,1.0197044339189265,120,47
702,24,False,True,False,one_hot,0.6121654635622804,0.6121654635622802,120,48
702,24,False,True,False,lower_bound,0.6889628246632192,1.0819986683893221,120,49
702,24,False,True,False,midpoint,0.6889628246632192,1.034679571533353,120,50
702,24,False,True,False,midpoint_with_inhaler,0.6889628246632192,1.034679571533353,120,51
702,24,False,True,False,upper_bound,0.6889628246632192,0.9964921005472022,120,52
702,24,False,True,False,upper_bound_with_inhaler,0.6889628246632192,0.9964921005472022,120,53
702,24,False,True,True,one_hot,0.6121654635622804,0.6121654635622802,120,54
702,24,False,True,True,lower_bound,0.6889628246632192,1.0819986683893221,120,55
702,24,False,True,True,midpoint,0.6889628246632192,1.034679571533353,120,56
702,24,False,True,True,midpoint_with_inhaler,0.6889628246632192,1.034679571533353,120,57
702,24,False,True,True,upper_bound,0.6889628246632192,0.9964921005472022,120,58
702,24,False,True,True,upper_bound_with_inhaler,0.6889628246632192,0.9964921005472022,120,59
702,24,True,False,False,one_hot,0.5964553654965243,0.5964553654965243,120,60
702,24,True,False,False,lower_bound,0.7075514642266373,1.128088099152888,120,61
702,24,True,False,False,midpoint,0.7075514642266373,1.0678755605525745,120,62
702,24,True,False,False,midpoint_with_inhaler,0.7075514642266373,1.0678755605525745,120,63
702,24,True,False,False,upper_bound,0.7075514642266373,1.0197044339189265,120,64
702,24,True,False,False,upper_bound_with_inhaler,0.7075514642266373,1.0197044339189265,120,65
702,24,True,False,True,one_hot,0.5964553654965243,0.5964553654965243,120,66
702,24,True,False,True,lower_bound,0.7075514642266373,1.128088099152888,120,67
702,24,True,False,True,midpoint,0.7075514642266373,1.0678755605525745,120,68
702,24,True,False,True,midpoint_with_inhaler,0.7075514642266373,1.0678755605525745,120,69
702,24,True,False,True,upper_bound,0.7075514642266373,1.0197044339189265,120,70
702,24,True,False,True,upper_bound_with_inhaler,0.7075514642266373,1.0197044339189265,120,71
702,36,False,False,False,one_hot,0.5345188199149977,0.5345188199149977,120,72
702,36,False,False,False,lower_bound,0.6785278080183862,1.1962333605374382,120,73
702,36,False,False,False,midpoint,0.6785278080183862,1.155786659408649,120,74
702,36,False,False,False,midpoint_with_inhaler,0.6785278080183862,1.155786659408649,120,75
702,36,False,False,False,upper_bound,0.6785278080183862,1.111055620819532,120,76
702,36,False,False,False,upper_bound_with_inhaler,0.6785278080183862,1.111055620819532,120,77
702,36,False,False,True,one_hot,0.5345188199149977,0.5345188199149977,120,78
702,36,False,False,True,lower_bound,0.6785278080183862,1.1962333605374382,120,79
702,36,False,False,True,midpoint,0.6785278080183862,1.155786659408649,120,80
702,36,False,False,True,midpoint_with_inhaler,0.6785278080183862,1.155786659408649,120,81
702,36,False,False,True,upper_bound,0.6785278080183862,1.111055620819532,120,82
702,36,False,False,True,upper_bound_with_inhaler,0.6785278080183862,1.111055620819532,120,83
702,36,True,False,False,one_hot,0.5283737872158927,0.5283737872158927,120,84
702,36,True,False,False,lower_bound,0.5827210115282101,0.8041331248017836,120,85
702,36,True,False,False,midpoint,0.5827210115282101,0.7649495035283487,120,86
702,36,True,False,False,midpoint_with_inhaler,0.5827210115282101,0.7649495035283487,120,87
702,36,True,False,False,upper_bound,0.5827210115282101,0.7304374717565495,120,88
702,36,True,False,False,upper_bound_with_inhaler,0.5827210115282101,0.7304374717565495,120,89
702,36,True,False,True,one_hot,0.5283737872158927,0.5283737872158927,120,90
702,36,True,False,True,lower_bound,0.5827210115282101,0.8041331248017836,120,91
702,36,True,False,True,midpoint,0.5827210115282101,0.7649495035283487,120,92
702,36,True,False,True,midpoint_with_inhaler,0.5827210115282101,0.7649495035283487,120,93
702,36,True,False,True,upper_bound,0.5827210115282101,0.7304374717565495,120,94
702,36,True,False,True,upper_bound_with_inhaler,0.5827210115282101,0.7304374717565495,120,95
702,48,False,False,False,one_hot,0.3641385027689783,0.3641385027689783,120,96
702,48,False,False,False,lower_bound,0.5852391970122323,1.1245465333338038,120,97
702,48,False,False,False,midpoint,0.5852391970122323,1.0729421551323106,120,98
702,48,False,False,False,midpoint_with_inhaler,0.5852391970122323,1.0729421551323106,120,99
702,48,False,False,False,upper_bound,0.5852391970122323,1.0226005890971155,120,100
702,48,False,False,False,upper_bound_with_inhaler,0.5852391970122323,1.0226005890971155,120,101
702,48,False,False,True,one_hot,0.3641385027689783,0.3641385027689783,120,102
702,48,False,False,True,lower_bound,0.5852391970122323,1.1245465333338038,120,103
702,48,False,False,True,midpoint,0.5852391970122323,1.0729421551323106,120,104
702,48,False,False,True,midpoint_with_inhaler,0.5852391970122323,1.0729421551323106,120,105
702,48,False,False,True,upper_bound,0.5852391970122323,1.0226005890971155,120,106
702,48,False,False,True,upper_bound_with_inhaler,0.5852391970122323,1.0226005890971155,120,107
702,48,False,True,False,one_hot,0.1685842737515543,0.1685842737515543,120,108
702,48,False,True,False,lower_bound,0.250661501831738,0.5109852216695705,120,109
702,48,False,True,False,midpoint,0.250661501831738,0.47913996561462446,120,110
702,48,False,True,False,midpoint_with_inhaler,0.250661501831738,0.47913996561462446,120,111
702,48,False,True,False,upper_bound,0.250661501831738,0.4508046916926721,120,112
702,48,False,True,False,upper_bound_with_inhaler,0.250661501831738,0.4508046916926721,120,113
702,48,False,True,True,one_hot,0.1685842737515543,0.1685842737515543,120,114
702,48,False,True,True,lower_bound,0.250661501831738,0.5109852216695705,120,115
702,48,False,True,True,midpoint,0.250661501831738,0.47913996561462446,120,116
702,48,False,True,True,midpoint_with_inhaler,0.250661501831738,0.47913996561462446,120,117
702,48,False,True,True,upper_bound,0.250661501831738,0.4508046916926721,120,118
702,48,False,True,True,upper_bound_with_inhaler,0.250661501831738,0.4508046916926721,120,119
702,48,True,False,False,one_hot,0.33392562415630034,0.33392562415630034,120,120
702,48,True,False,False,lower_bound,0.3900443802492616,0.5917002159856272,120,121
702,48,True,False,False,midpoint,0.3900443802492616,0.5634267497416046,120,122
702,48,True,False,False,midpoint_with_inhaler,0.3900443802492616,0.5634267497416046,120,123
702,48,True,False,False,upper_bound,0.3900443802492616,0.5391666915403667,120,124
702,48,True,False,False,upper_bound_with_inhaler,0.3900443802492616,0.5391666915403667,120,125
702,48,True,False,True,one_hot,0.33392562415630034,0.33392562415630034,120,126
702,48,True,False,True,lower_bound,0.3900443802492616,0.5917002159856272,120,127
702,48,True,False,True,midpoint,0.3900443802492616,0.5634267497416046,120,128
702,48,True,False,True,midpoint_with_inhaler,0.3900443802492616,0.5634267497416046,120,129
702,48,True,False,True,upper_bound,0.3900443802492616,0.5391666915403667,120,130
702,48,True,False,True,upper_bound_with_inhaler,0.3900443802492616,0.5391666915403667,120,131
917,12,False,False,False,one_hot,0.6894278330666723,0.6894278330666723,9,0
917,12,False,False,False,lower_bound,1.2251207918436486,1.512536631199911,9,1
917,12,False,False,False,midpoint,1.2251207918436486,1.541299281492634,9,2
917,12,False,False,False,midpoint_with_inhaler,1.2251207918436486,1.541299281492634,9,3
917,12,False,False,False,upper_bound,1.2251207918436486,1.4920219644118118,9,4
917,12,False,False,False,upper_bound_with_inhaler,1.2251207918436486,1.4920219644118118,9,5
917,12,False,False,True,one_hot,0.6894278330666723,0.6894278330666723,9,6
917,12,False,False,True,lower_bound,1.2251207918436486,1.512536631199911,9,7
917,12,False,False,True,midpoint,1.2251207918436486,1.541299281492634,9,8
917,12,False,False,True,midpoint_with_inhaler,1.2251207918436486,1.541299281492634,9,9
917,12,False,False,True,upper_bound,1.2251207918436486,1.4920219644118118,9,10
917,12,False,False,True,upper_bound_with_inhaler,1.2251207918436486,1.4920219644118118,9,11
917,12,False,True,False,one_hot,,,9,12
917,12,False,True,False,lower_bound,0.807581527321419,0.8573950133068088,9,13
917,12,False,True,False,midpoint,0.807581527321419,0.8515301877222653,9,14
917,12,False,True,False,midpoint_with_inhaler,0.807581527321419,0.8515301877222653,9,15
917,12,False,True,False,upper_bound,0.807581527321419,0.8249814744299925,9,16
917,12,False,True,False,upper_bound_with_inhaler,0.807581527321419,0.8249814744299925,9,17
917,12,False,True,True,one_hot,,,9,18
917,12,False,True,True,lower_bound,0.807581527321419,0.8573950133068088,9,19
917,12,False,True,True,midpoint,0.807581527321419,0.8515301877222653,9,20
917,12,False,True,True,midpoint_with_inhaler,0.807581527321419,0.8515301877222653,9,21
917,12,False,True,True,upper_bound,0.807581527321419,0.8249814744299925,9,22
917,12,False,True,True,upper_bound_with_inhaler,0.807581527321419,0.8249814744299925,9,23
917,12,True,False,False,one_hot,0.6894278330666723,0.6894278330666723,9,24
917,12,True,False,False,lower_bound,1.225120791843648,1.512536631199911,9,25
917,12,True,False,False,midpoint,1.225120791843648,1.541299281492634,9,26
917,12,True,False,False,midpoint_with_inhaler,1.225120791843648,1.541299281492634,9,27
917,12,True,False,False,upper_bound,1.225120791843648,1.4920219644118105,9,28
917,12,True,False,False,upper_bound_with_inhaler,1.225120791843648,1.4920219644118105,9,29
917,12,True,False,True,one_hot,0.6894278330666723,0.6894278330666723,9,30
917,12,True,False,True,lower_bound,1.225120791843648,1.512536631199911,9,31
917,12,True,False,True,midpoint,1.225120791843648,1.541299281492634,9,32
917,12,True,False,True,midpoint_with_inhaler,1.225120791843648,1.541299281492634,9,33
917,12,True,False,True,upper_bound,1.225120791843648,1.4920219644118105,9,34
917,12,True,False,True,upper_bound_with_inhaler,1.225120791843648,1.4920219644118105,9,35
917,24,False,False,False,one_hot,0.4180480042601457,0.4180480042601458,9,36
917,24,False,False,False,lower_bound,0.5874518057662116,0.5695014991520346,9,37
917,24,False,False,False,midpoint,0.5874518057662116,0.6050046530200499,9,38
917,24,False,False,False,midpoint_with_inhaler,0.5874518057662116,0.6050046530200499,9,39
917,24,False,False,False,upper_bound,0.5874518057662116,0.6259498832706906,9,40
917,24,False,False,False,upper_bound_with_inhaler,0.5874518057662116,0.6259498832706906,9,41
917,24,False,False,True,one_hot,0.4180480042601457,0.4180480042601458,9,42
917,24,False,False,True,lower_bound,0.5874518057662116,0.5695014991520346,9,43
917,24,False,False,True,midpoint,0.5874518057662116,0.6050046530200499,9,44
917,24,False,False,True,midpoint_with_inhaler,0.5874518057662116,0.6050046530200499,9,45
917,24,False,False,True,upper_bound,0.5874518057662116,0.6259498832706906,9,46
917,24,False,False,True,upper_bound_with_inhaler,0.5874518057662116,0.6259498832706906,9,47
917,24,False,True,False,one_hot,,,9,48
917,24,False,True,False,lower_bound,0.2770204618118653,0.42298033308172056,9,49
917,24,False,True,False,midpoint,0.2770204618118653,0.4205060174434288,9,50
917,24,False,True,False,midpoint_with_inhaler,0.2770204618118653,0.4205060174434288,9,51
917,24,False,True,False,upper_bound,0.2770204618118653,0.40861767640633306,9,52
917,24,False,True,False,upper_bound_with_inhaler,0.2770204618118653,0.40861767640633306,9,53
917,24,False,True,True,one_hot,,,9,54
917,24,False,True,True,lower_bound,0.2770204618118653,0.42298033308172056,9,55
917,24,False,True,True,midpoint,0.2770204618118653,0.4205060174434288,9,56
917,24,False,True,True,midpoint_with_inhaler,0.2770204618118653,0.4205060174434288,9,57
917,24,False,True,True,upper_bound,0.2770204618118653,0.40861767640633306,9,58
917,24,False,True,True,upper_bound_with_inhaler,0.2770204618118653,0.40861767640633306,9,59
917,24,True,False,False,one_hot,0.4180480042601457,0.4180480042601458,9,60
917,24,True,False,False,lower_bound,0.5874518057662116,0.5695014991520346,9,61
917,24,True,False,False,midpoint,0.5874518057662116,0.6050046530200499,9,62
917,24,True,False,False,midpoint_with_inhaler,0.5874518057662116,0.6050046530200499,9,63
917,24,True,False,False,upper_bound,0.5874518057662116,0.6259498832706906,9,64
917,24,True,False,False,upper_bound_with_inhaler,0.5874518057662116,0.6259498832706906,9,65
917,24,True,False,True,one_hot,0.4180480042601457,0.4180480042601458,9,66
917,24,True,False,True,lower_bound,0.5874518057662116,0.5695014991520346,9,67
917,24,True,False,True,midpoint,0.5874518057662116,0.6050046530200499,9,68
917,24,True,False,True,midpoint_with_inhaler,0.5874518057662116,0.6050046530200499,9,69
917,24,True,False,True,upper_bound,0.5874518057662116,0.6259498832706906,9,70
917,24,True,False,True,upper_bound_with_inhaler,0.5874518057662116,0.6259498832706906,9,71
917,36,False,False,False,one_hot,,,9,72
917,36,False,False,False,lower_bound,1.369425150625599,1.648037864469587,9,73
917,36,False,False,False,midpoint,1.369425150625599,1.5766219838573678,9,74
917,36,False,False,False,midpoint_with_inhaler,1.369425150625599,1.5766219838573678,9,75
917,36,False,False,False,upper_bound,1.369425150625599,1.5191007759397173,9,76
917,36,False,False,False,upper_bound_with_inhaler,1.369425150625599,1.5191007759397173,9,77
917,36,False,False,True,one_hot,,,9,78
917,36,False,False,True,lower_bound,1.369425150625599,1.648037864469587,9,79
917,36,False,False,True,midpoint,1.369425150625599,1.5766219838573678,9,80
917,36,False,False,True,midpoint_with_inhaler,1.369425150625599,1.5766219838573678,9,81
917,36,False,False,True,upper_bound,1.369425150625599,1.5191007759397173,9,82
917,36,False,False,True,upper_bound_with_inhaler,1.369425150625599,1.5191007759397173,9,83
917,36,True,False,False,one_hot,0.4180480042601457,0.4180480042601458,9,84
917,36,True,False,False,lower_bound,1.0477837100924672,0.8391661915492448,9,85
917,36,True,False,False,midpoint,1.0477837100924672,0.8297950396344075,9,86
917,36,True,False,False,midpoint_with_inhaler,1.0477837100924672,0.8297950396344075,9,87
917,36,True,False,False,upper_bound,1.0477837100924672,0.8218324083684495,9,88
917,36,True,False,False,upper_bound_with_inhaler,1.0477837100924672,0.8218324083684495,9,89
917,36,True,False,True,one_hot,0.4180480042601457,0.4180480042601458,9,90
917,36,True,False,True,lower_bound,1.0477837100924672,0.8391661915492448,9,91
917,36,True,False,True,midpoint,1.0477837100924672,0.8297950396344075,9,92
917,36,True,False,True,midpoint_with_inhaler,1.0477837100924672,0.8297950396344075,9,93
917,36,True,False,True,upper_bound,1.0477837100924672,0.8218324083684495,9,94
917,36,True,False,True,upper_bound_with_inhaler,1.0477837100924672,0.8218324083684495,9,95
917,48,False,False,False,one_hot,,,9,96
917,48,False,False,False,lower_bound,0.863610474045242,1.2111458715898697,9,97
917,48,False,False,False,midpoint,0.863610474045242,1.2210813212491725,9,98
917,48,False,False,False,midpoint_with_inhaler,0.863610474045242,1.2436990875762541,9,99
917,48,False,False,False,upper_bound,0.863610474045242,1.1722746460465392,9,100
917,48,False,False,False,upper_bound_with_inhaler,0.863610474045242,1.2181104348251814,9,101
917,48,False,False,True,one_hot,,,9,102
917,48,False,False,True,lower_bound,0.863610474045242,1.2111458715898697,9,103
917,48,False,False,True,midpoint,0.863610474045242,1.2210813212491725,9,104
917,48,False,False,True,midpoint_with_inhaler,0.863610474045242,1.2436990875762541,9,105
917,48,False,False,True,upper_bound,0.863610474045242,1.1722746460465392,9,106
917,48,False,False,True,upper_bound_with_inhaler,0.863610474045242,1.2181104348251814,9,107
917,48,False,True,False,one_hot,0.4180480042601458,0.4180480042601458,9,108
917,48,False,True,False,lower_bound,1.1590699535475824,0.9844879110827286,9,109
917,48,False,True,False,midpoint,1.1590699535475824,0.9617707272292441,9,110
917,48,False,True,False,midpoint_with_inhaler,1.1590699535475824,0.9617707272292441,9,111
917,48,False,True,False,upper_bound,1.1590699535475824,0.9217454465895375,9,112
917,48,False,True,False,upper_bound_with_inhaler,1.1590699535475824,0.9217454465895375,9,113
917,48,False,True,True,one_hot,0.4180480042601458,0.4180480042601458,9,114
917,48,False,True,True,lower_bound,1.1590699535475824,0.9844879110827286,9,115
917,48,False,True,True,midpoint,1.1590699535475824,0.9617707272292441,9,116
917,48,False,True,True,midpoint_with_inhaler,1.1590699535475824,0.9617707272292441,9,117
917,48,False,True,True,upper_bound,1.1590699535475824,0.9217454465895375,9,118
917,48,False,True,True,upper_bound_with_inhaler,1.1590699535475824,0.9217454465895375,9,119
917,48,True,False,False,one_hot,,,9,120
917,48,True,False,False,lower_bound,0.6257749905628911,0.8365353071121605,9,121
917,48,True,False,False,midpoint,0.6257749905628911,0.9371080055992829,9,122
917,48,True,False,False,midpoint_with_inhaler,0.6257749905628911,0.9371080055992829,9,123
917,48,True,False,False,upper_bound,0.6257749905628911,0.9788079903906127,9,124
917,48,True,False,False,upper_bound_with_inhaler,0.6257749905628911,0.9788079903906127,9,125
917,48,True,False,True,one_hot,,,9,126
917,48,True,False,True,lower_bound,0.6257749905628911,0.8365353071121605,9,127
917,48,True,False,True,midpoint,0.6257749905628911,0.9371080055992829,9,128
917,48,True,False,True,midpoint_with_inhaler,0.6257749905628911,0.9371080055992829,9,129
917,48,True,False,True,upper_bound,0.6257749905628911,0.9788079903906127,9,130
917,48,True,False,True,upper_bound_with_inhaler,0.6257749905628911,0.9788079903906127,9,131
939,12,False,False,False,one_hot,-0.08214093917376158,-0.0821409391737616,158,0
939,12,False,False,False,lower_bound,0.2649539211832795,0.29262452199523864,158,1
939,12,False,False,False,midpoint,0.2649539211832795,0.25746974716818455,158,2
939,12,False,False,False,midpoint_with_inhaler,0.2649539211832795,0.25746974716818455,158,3
939,12,False,False,False,upper_bound,0.2649539211832795,0.22438087417563318,158,4
939,12,False,False,False,upper_bound_with_inhaler,0.2649539211832795,0.22438087417563318,158,5
939,12,False,False,True,one_hot,-0.08214093917376158,-0.0821409391737616,158,6
939,12,False,False,True,lower_bound,0.2649539211832795,0.29262452199523864,158,7
939,12,False,False,True,midpoint,0.2649539211832795,0.25746974716818455,158,8
939,12,False,False,True,midpoint_with_inhaler,0.2649539211832795,0.25746974716818455,158,9
939,12,False,False,True,upper_bound,0.2649539211832795,0.22438087417563318,158,10
939,12,False,False,True,upper_bound_with_inhaler,0.2649539211832795,0.22438087417563318,158,11
939,12,False,True,False,one_hot,,,158,12
939,12,False,True,False,lower_bound,0.3006060499201927,0.4161298220845091,158,13
939,12,False,True,False,midpoint,0.3006060499201927,0.390272399938436,158,14
939,12,False,True,False,midpoint_with_inhaler,0.3006060499201927,0.390272399938436,158,15
939,12,False,True,False,upper_bound,0.3006060499201927,0.36114402353076835,158,16
939,12,False,True,False,upper_bound_with_inhaler,0.3006060499201927,0.36114402353076835,158,17
939,12,False,True,True,one_hot,,,158,18
939,12,False,True,True,lower_bound,0.3006060499201927,0.4161298220845091,158,19
939,12,False,True,True,midpoint,0.3006060499201927,0.390272399938436,158,20
939,12,False,True,True,midpoint_with_inhaler,0.3006060499201927,0.390272399938436,158,21
939,12,False,True,True,upper_bound,0.3006060499201927,0.36114402353076835,158,22
939,12,False,True,True,upper_bound_with_inhaler,0.3006060499201927,0.36114402353076835,158,23
939,12,True,False,False,one_hot,,,158,24
939,12,True,False,False,lower_bound,0.29612439042829986,0.3941690974403608,158,25
939,12,True,False,False,midpoint,0.29612439042829986,0.3581543285410033,158,26
939,12,True,False,False,midpoint_with_inhaler,0.29612439042829986,0.3581543285410033,158,27
939,12,True,False,False,upper_bound,0.29612439042829986,0.32441258555002794,158,28
939,12,True,False,False,upper_bound_with_inhaler,0.29612439042829986,0.32441258555002794,158,29
939,12,True,False,True,one_hot,,,158,30
939,12,True,False,True,lower_bound,0.29612439042829986,0.3941690974403608,158,31
939,12,True,False,True,midpoint,0.29612439042829986,0.3581543285410033,158,32
939,12,True,False,True,midpoint_with_inhaler,0.29612439042829986,0.3581543285410033,158,33
939,12,True,False,True,upper_bound,0.29612439042829986,0.32441258555002794,158,34
939,12,True,False,True,upper_bound_with_inhaler,0.29612439042829986,0.32441258555002794,158,35
939,24,False,False,False,one_hot,,,158,36
939,24,False,False,False,lower_bound,0.42946333963770933,0.49770530533730745,158,37
939,24,False,False,False,midpoint,0.42946333963770933,0.4850999763912299,158,38
939,24,False,False,False,midpoint_with_inhaler,0.42946333963770933,0.4850999763912299,158,39
939,24,False,False,False,upper_bound,0.42946333963770933,0.46910476625618314,158,40
939,24,False,False,False,upper_bound_with_inhaler,0.42946333963770933,0.46910476625618314,158,41
939,24,False,False,True,one_hot,,,158,42
939,24,False,False,True,lower_bound,0.42946333963770933,0.49770530533730745,158,43
939,24,False,False,True,midpoint,0.42946333963770933,0.4850999763912299,158,44
939,24,False,False,True,midpoint_with_inhaler,0.42946333963770933,0.4850999763912299,158,45
939,24,False,False,True,upper_bound,0.42946333963770933,0.46910476625618314,158,46
939,24,False,False,True,upper_bound_with_inhaler,0.42946333963770933,0.46910476625618314,158,47
939,24,False,True,False,one_hot,,,158,48
939,24,False,True,False,lower_bound,0.43676979427152784,0.5106623069892609,158,49
939,24,False,True,False,midpoint,0.43676979427152784,0.5265775462696183,158,50
939,24,False,True,False,midpoint_with_inhaler,0.43676979427152784,0.5265775462696183,158,51
939,24,False,True,False,upper_bound,0.43676979427152784,0.5251884667638069,158,52
939,24,False,True,False,upper_bound_with_inhaler,0.43676979427152784,0.5251884667638069,158,53
939,24,False,True,True,one_hot,,,158,54
939,24,False,True,True,lower_bound,0.43676979427152784,0.5106623069892609,158,55
939,24,False,True,True,midpoint,0.43676979427152784,0.5265775462696183,158,56
939,24,False,True,True,midpoint_with_inhaler,0.43676979427152784,0.5265775462696183,158,57
939,24,False,True,True,upper_bound,0.43676979427152784,0.5251884667638069,158,58
939,24,False,True,True,upper_bound_with_inhaler,0.43676979427152784,0.5251884667638069,158,59
939,24,True,False,False,one_hot,,,158,60
939,24,True,False,False,lower_bound,0.42946333963770933,0.49770530533730745,158,61
939,24,True,False,False,midpoint,0.42946333963770933,0.4850999763912299,158,62
939,24,True,False,False,midpoint_with_inhaler,0.42946333963770933,0.4850999763912299,158,63
939,24,True,False,False,upper_bound,0.42946333963770933,0.46910476625618314,158,64
939,24,True,False,False,upper_bound_with_inhaler,0.42946333963770933,0.46910476625618314,158,65
939,24,True,False,True,one_hot,,,158,66
939,24,True,False,True,lower_bound,0.42946333963770933,0.49770530533730745,158,67
939,24,True,False,True,midpoint,0.42946333963770933,0.4850999763912299,158,68
939,24,True,False,True,midpoint_with_inhaler,0.42946333963770933,0.4850999763912299,158,69
939,24,True,False,True,upper_bound,0.42946333963770933,0.46910476625618314,158,70
939,24,True,False,True,upper_bound_with_inhaler,0.42946333963770933,0.46910476625618314,158,71
939,36,False,False,False,one_hot,,,158,72
939,36,False,False,False,lower_bound,0.38096281807484855,0.48973467221954253,158,73
939,36,False,False,False,midpoint,0.38096281807484855,0.44200362180318514,158,74
939,36,False,False,False,midpoint_with_inhaler,0.38096281807484855,0.44200362180318514,158,75
939,36,False,False,False,upper_bound,0.38096281807484855,0.4050282883437734,158,76
939,36,False,False,False,upper_bound_with_inhaler,0.38096281807484855,0.4050282883437734,158,77
939,36,False,False,True,one_hot,,,158,78
939,36,False,False,True,lower_bound,0.38096281807484855,0.48973467221954253,158,79
939,36,False,False,True,midpoint,0.38096281807484855,0.44200362180318514,158,80
939,36,False,False,True,midpoint_with_inhaler,0.38096281807484855,0.44200362180318514,158,81
939,36,False,False,True,upper_bound,0.38096281807484855,0.4050282883437734,158,82
939,36,False,False,True,upper_bound_with_inhaler,0.38096281807484855,0.4050282883437734,158,83
939,36,True,False,False,one_hot,,,158,84
939,36,True,False,False,lower_bound,0.5037065342259237,0.6254109521588996,158,85
939,36,True,False,False,midpoint,0.5037065342259237,0.6522230495952852,158,86
939,36,True,False,False,midpoint_with_inhaler,0.5037065342259237,0.6522230495952852,158,87
939,36,True,False,False,upper_bound,0.5037065342259237,0.6550121969616476,158,88
939,36,True,False,False,upper_bound_with_inhaler,0.5037065342259237,0.6550121969616476,158,89
939,36,True,False,True,one_hot,,,158,90
939,36,True,False,True,lower_bound,0.5037065342259237,0.6254109521588996,158,91
939,36,True,False,True,midpoint,0.5037065342259237,0.6522230495952852,158,92
939,36,True,False,True,midpoint_with_inhaler,0.5037065342259237,0.6522230495952852,158,93
939,36,True,False,True,upper_bound,0.5037065342259237,0.6550121969616476,158,94
939,36,True,False,True,upper_bound_with_inhaler,0.5037065342259237,0.6550121969616476,158,95
939,48,False,False,False,one_hot,,,158,96
939,48,False,False,False,lower_bound,0.3944551746332748,0.518421933024848,158,97
939,48,False,False,False,midpoint,0.3944551746332748,0.4355871993524882,158,98
939,48,False,False,False,midpoint_with_inhaler,0.3944551746332748,0.455303166106883,158,99
939,48,False,False,False,upper_bound,0.36882620897461177,0.3687886175634245,158,100
939,48,False,False,False,upper_bound_with_inhaler,0.3944551746332748,0.4313684384090052,158,101
939,48,False,False,True,one_hot,,,158,102
939,48,False,False,True,lower_bound,0.3944551746332748,0.518421933024848,158,103
939,48,False,False,True,midpoint,0.3944551746332748,0.4355871993524882,158,104
939,48,False,False,True,midpoint_with_inhaler,0.3944551746332748,0.455303166106883,158,105
939,48,False,False,True,upper_bound,0.36882620897461177,0.3687886175634245,158,106
939,48,False,False,True,upper_bound_with_inhaler,0.3944551746332748,0.4313684384090052,158,107
939,48,False,True,False,one_hot,,,158,108
939,48,False,True,False,lower_bound,0.2603135042281836,0.3728342703838181,158,109
939,48,False,True,False,midpoint,0.2603135042281836,0.3457694497465777,158,110
939,48,False,True,False,midpoint_with_inhaler,0.2603135042281836,0.3457694497465777,158,111
939,48,False,True,False,upper_bound,0.2603135042281836,0.31807256384048316,158,112
939,48,False,True,False,upper_bound_with_inhaler,0.2603135042281836,0.31807256384048316,158,113
939,48,False,True,True,one_hot,,,158,114
939,48,False,True,True,lower_bound,0.2603135042281836,0.3728342703838181,158,115
939,48,False,True,True,midpoint,0.2603135042281836,0.3457694497465777,158,116
939,48,False,True,True,midpoint_with_inhaler,0.2603135042281836,0.3457694497465777,158,117
939,48,False,True,True,upper_bound,0.2603135042281836,0.31807256384048316,158,118
939,48,False,True,True,upper_bound_with_inhaler,0.2603135042281836,0.31807256384048316,158,119
939,48,True,False,False,one_hot,,,158,120
939,48,True,False,False,lower_bound,0.14027936787398412,0.2351557125279461,158,121
939,48,True,False,False,midpoint,0.14027936787398412,0.19946678915111357,158,122
939,48,True,False,False,midpoint_with_inhaler,0.14027936787398412,0.19946678915111357,158,123
939,48,True,False,False,upper_bound,0.14027936787398412,0.1710209685324132,158,124
939,48,True,False,False,upper_bound_with_inhaler,0.14027936787398412,0.1710209685324132,158,125
939,48,True,False,True,one_hot,,,158,126
939,48,True,False,True,lower_bound,0.14027936787398412,0.2351557125279461,158,127
939,48,True,False,True,midpoint,0.14027936787398412,0.19946678915111357,158,128
939,48,True,False,True,midpoint_with_inhaler,0.14027936787398412,0.19946678915111357,158,129
939,48,True,False,True,upper_bound,0.14027936787398412,0.1710209685324132,158,130
939,48,True,False,True,upper_bound_with_inhaler,0.14027936787398412,0.1710209685324132,158,131
