user_key,timestamp_window,use_daily_max_windows,use_calendar_days,filter_out_zero_usage_entries,categorization_method,spearman_z,pearson_z,sample_size,config_idx
113,12,False,False,False,one_hot,0.12941906981685544,0.12941906981685553,163,0
113,12,False,False,False,lower_bound,0.29852196638641526,0.42477584038138233,163,1
113,12,False,False,False,midpoint,0.29852196638641526,0.40208313290010156,163,2
113,12,False,False,False,midpoint_with_inhaler,0.29852196638641526,0.40208313290010156,163,3
113,12,False,False,False,upper_bound,0.29852196638641526,0.3813080015063886,163,4
113,12,False,False,False,upper_bound_with_inhaler,0.29852196638641526,0.3813080015063886,163,5
113,12,False,False,True,one_hot,0.12941906981685544,0.12941906981685553,163,6
113,12,False,False,True,lower_bound,0.29852196638641526,0.42477584038138233,163,7
113,12,False,False,True,midpoint,0.29852196638641526,0.40208313290010156,163,8
113,12,False,False,True,midpoint_with_inhaler,0.29852196638641526,0.40208313290010156,163,9
113,12,False,False,True,upper_bound,0.29852196638641526,0.3813080015063886,163,10
113,12,False,False,True,upper_bound_with_inhaler,0.29852196638641526,0.3813080015063886,163,11
113,12,False,True,False,one_hot,0.23556819200358736,0.23556819200358747,163,12
113,12,False,True,False,lower_bound,0.3318463737358142,0.3699462615574765,163,13
113,12,False,True,False,midpoint,0.3318463737358142,0.3694453449334401,163,14
113,12,False,True,False,midpoint_with_inhaler,0.3318463737358142,0.3694453449334401,163,15
113,12,False,True,False,upper_bound,0.3318463737358142,0.36510700679903857,163,16
113,12,False,True,False,upper_bound_with_inhaler,0.3318463737358142,0.36510700679903857,163,17
113,12,False,True,True,one_hot,0.23556819200358736,0.23556819200358747,163,18
113,12,False,True,True,lower_bound,0.3318463737358142,0.3699462615574765,163,19
113,12,False,True,True,midpoint,0.3318463737358142,0.3694453449334401,163,20
113,12,False,True,True,midpoint_with_inhaler,0.3318463737358142,0.3694453449334401,163,21
113,12,False,True,True,upper_bound,0.3318463737358142,0.36510700679903857,163,22
113,12,False,True,True,upper_bound_with_inhaler,0.3318463737358142,0.36510700679903857,163,23
113,12,True,False,False,one_hot,0.15037061821778988,0.15037061821778994,163,24
113,12,True,False,False,lower_bound,0.33905858084872015,0.3649527927400062,163,25
113,12,True,False,False,midpoint,0.33905858084872015,0.3676357902591075,163,26
113,12,True,False,False,midpoint_with_inhaler,0.33905858084872015,0.3676357902591075,163,27
113,12,True,False,False,upper_bound,0.33905858084872015,0.3644983593190949,163,28
113,12,True,False,False,upper_bound_with_inhaler,0.33905858084872015,0.3644983593190949,163,29
113,12,True,False,True,one_hot,0.15037061821778988,0.15037061821778994,163,30
113,12,True,False,True,lower_bound,0.33905858084872015,0.3649527927400062,163,31
113,12,True,False,True,midpoint,0.33905858084872015,0.3676357902591075,163,32
113,12,True,False,True,midpoint_with_inhaler,0.33905858084872015,0.3676357902591075,163,33
113,12,True,False,True,upper_bound,0.33905858084872015,0.3644983593190949,163,34
113,12,True,False,True,upper_bound_with_inhaler,0.33905858084872015,0.3644983593190949,163,35
113,24,False,False,False,one_hot,0.179038364286826,0.17903836428682607,163,36
113,24,False,False,False,lower_bound,0.34806478237203003,0.3886314854002099,163,37
113,24,False,False,False,midpoint,0.34806478237203003,0.39090428006188516,163,38
113,24,False,False,False,midpoint_with_inhaler,0.34806478237203003,0.39090428006188516,163,39
113,24,False,False,False,upper_bound,0.34806478237203003,0.3863740608684737,163,40
113,24,False,False,False,upper_bound_with_inhaler,0.34806478237203003,0.3863740608684737,163,41
113,24,False,False,True,one_hot,0.179038364286826,0.17903836428682607,163,42
113,24,False,False,True,lower_bound,0.34806478237203003,0.3886314854002099,163,43
113,24,False,False,True,midpoint,0.34806478237203003,0.39090428006188516,163,44
113,24,False,False,True,midpoint_with_inhaler,0.34806478237203003,0.39090428006188516,163,45
113,24,False,False,True,upper_bound,0.34806478237203003,0.3863740608684737,163,46
113,24,False,False,True,upper_bound_with_inhaler,0.34806478237203003,0.3863740608684737,163,47
113,24,False,True,False,one_hot,0.1531742013229611,0.15317420132296122,163,48
113,24,False,True,False,lower_bound,0.25543128002188087,0.3072703994147904,163,49
113,24,False,True,False,midpoint,0.25543128002188087,0.3126237872553511,163,50
113,24,False,True,False,midpoint_with_inhaler,0.25543128002188087,0.3126237872553511,163,51
113,24,False,True,False,upper_bound,0.25543128002188087,0.3135568485134325,163,52
113,24,False,True,False,upper_bound_with_inhaler,0.25543128002188087,0.3135568485134325,163,53
113,24,False,True,True,one_hot,0.1531742013229611,0.15317420132296122,163,54
113,24,False,True,True,lower_bound,0.25543128002188087,0.3072703994147904,163,55
113,24,False,True,True,midpoint,0.25543128002188087,0.3126237872553511,163,56
113,24,False,True,True,midpoint_with_inhaler,0.25543128002188087,0.3126237872553511,163,57
113,24,False,True,True,upper_bound,0.25543128002188087,0.3135568485134325,163,58
113,24,False,True,True,upper_bound_with_inhaler,0.25543128002188087,0.3135568485134325,163,59
113,24,True,False,False,one_hot,0.27146596330028727,0.27146596330028744,163,60
113,24,True,False,False,lower_bound,0.36135591062721023,0.3876784737346087,163,61
113,24,True,False,False,midpoint,0.36135591062721023,0.39234198980572077,163,62
113,24,True,False,False,midpoint_with_inhaler,0.36135591062721023,0.39234198980572077,163,63
113,24,True,False,False,upper_bound,0.36135591062721023,0.38883604391092497,163,64
113,24,True,False,False,upper_bound_with_inhaler,0.36135591062721023,0.38883604391092497,163,65
113,24,True,False,True,one_hot,0.27146596330028727,0.27146596330028744,163,66
113,24,True,False,True,lower_bound,0.36135591062721023,0.3876784737346087,163,67
113,24,True,False,True,midpoint,0.36135591062721023,0.39234198980572077,163,68
113,24,True,False,True,midpoint_with_inhaler,0.36135591062721023,0.39234198980572077,163,69
113,24,True,False,True,upper_bound,0.36135591062721023,0.38883604391092497,163,70
113,24,True,False,True,upper_bound_with_inhaler,0.36135591062721023,0.38883604391092497,163,71
113,36,False,False,False,one_hot,0.0787456363168498,0.07874563631684983,163,72
113,36,False,False,False,lower_bound,0.32332293900767956,0.409658249359498,163,73
113,36,False,False,False,midpoint,0.32332293900767956,0.4279584115110701,163,74
113,36,False,False,False,midpoint_with_inhaler,0.32332293900767956,0.42500234363111744,163,75
113,36,False,False,False,upper_bound,0.3233232723431921,0.43125647119247384,163,76
113,36,False,False,False,upper_bound_with_inhaler,0.32332293900767956,0.43017811647441234,163,77
113,36,False,False,True,one_hot,0.0787456363168498,0.07874563631684983,163,78
113,36,False,False,True,lower_bound,0.32332293900767956,0.409658249359498,163,79
113,36,False,False,True,midpoint,0.32332293900767956,0.4279584115110701,163,80
113,36,False,False,True,midpoint_with_inhaler,0.32332293900767956,0.42500234363111744,163,81
113,36,False,False,True,upper_bound,0.3233232723431921,0.43125647119247384,163,82
113,36,False,False,True,upper_bound_with_inhaler,0.32332293900767956,0.43017811647441234,163,83
113,36,True,False,False,one_hot,0.1559512237110456,0.15595122371104558,163,84
113,36,True,False,False,lower_bound,0.24907319275508752,0.2952723881939906,163,85
113,36,True,False,False,midpoint,0.24907319275508752,0.2932310886374804,163,86
113,36,True,False,False,midpoint_with_inhaler,0.24907319275508752,0.2932310886374804,163,87
113,36,True,False,False,upper_bound,0.24907319275508752,0.28798520800587324,163,88
113,36,True,False,False,upper_bound_with_inhaler,0.24907319275508752,0.28798520800587324,163,89
113,36,True,False,True,one_hot,0.1559512237110456,0.15595122371104558,163,90
113,36,True,False,True,lower_bound,0.24907319275508752,0.2952723881939906,163,91
113,36,True,False,True,midpoint,0.24907319275508752,0.2932310886374804,163,92
113,36,True,False,True,midpoint_with_inhaler,0.24907319275508752,0.2932310886374804,163,93
113,36,True,False,True,upper_bound,0.24907319275508752,0.28798520800587324,163,94
113,36,True,False,True,upper_bound_with_inhaler,0.24907319275508752,0.28798520800587324,163,95
113,48,False,False,False,one_hot,0.23810456742500974,0.23810456742500982,163,96
113,48,False,False,False,lower_bound,0.34064311323163027,0.36799183519115947,163,97
113,48,False,False,False,midpoint,0.34064311323163027,0.3846695188890773,163,98
113,48,False,False,False,midpoint_with_inhaler,0.34064311323163027,0.38237884080839973,163,99
113,48,False,False,False,upper_bound,0.340644062497622,0.39063341449408395,163,100
113,48,False,False,False,upper_bound_with_inhaler,0.34064311323163027,0.39082130884575994,163,101
113,48,False,False,True,one_hot,0.23810456742500974,0.23810456742500982,163,102
113,48,False,False,True,lower_bound,0.34064311323163027,0.36799183519115947,163,103
113,48,False,False,True,midpoint,0.34064311323163027,0.3846695188890773,163,104
113,48,False,False,True,midpoint_with_inhaler,0.34064311323163027,0.38237884080839973,163,105
113,48,False,False,True,upper_bound,0.340644062497622,0.39063341449408395,163,106
113,48,False,False,True,upper_bound_with_inhaler,0.34064311323163027,0.39082130884575994,163,107
113,48,False,True,False,one_hot,0.11583321320283106,0.11583321320283113,163,108
113,48,False,True,False,lower_bound,0.11390235026609707,0.05312323326611367,163,109
113,48,False,True,False,midpoint,0.11390235026609707,0.06862507667830915,163,110
113,48,False,True,False,midpoint_with_inhaler,0.11390235026609707,0.06862507667830915,163,111
113,48,False,True,False,upper_bound,0.11390235026609707,0.07760390440388472,163,112
113,48,False,True,False,upper_bound_with_inhaler,0.11390235026609707,0.07760390440388472,163,113
113,48,False,True,True,one_hot,0.11583321320283106,0.11583321320283113,163,114
113,48,False,True,True,lower_bound,0.11390235026609707,0.05312323326611367,163,115
113,48,False,True,True,midpoint,0.11390235026609707,0.06862507667830915,163,116
113,48,False,True,True,midpoint_with_inhaler,0.11390235026609707,0.06862507667830915,163,117
113,48,False,True,True,upper_bound,0.11390235026609707,0.07760390440388472,163,118
113,48,False,True,True,upper_bound_with_inhaler,0.11390235026609707,0.07760390440388472,163,119
113,48,True,False,False,one_hot,0.16747526063610518,0.1674752606361052,163,120
113,48,True,False,False,lower_bound,0.20508832241269648,0.17967611929586516,163,121
113,48,True,False,False,midpoint,0.20508832241269648,0.2022323325521373,163,122
113,48,True,False,False,midpoint_with_inhaler,0.20508832241269648,0.2022323325521373,163,123
113,48,True,False,False,upper_bound,0.20508832241269648,0.21591082283126686,163,124
113,48,True,False,False,upper_bound_with_inhaler,0.20508832241269648,0.21591082283126686,163,125
113,48,True,False,True,one_hot,0.16747526063610518,0.1674752606361052,163,126
113,48,True,False,True,lower_bound,0.20508832241269648,0.17967611929586516,163,127
113,48,True,False,True,midpoint,0.20508832241269648,0.2022323325521373,163,128
113,48,True,False,True,midpoint_with_inhaler,0.20508832241269648,0.2022323325521373,163,129
113,48,True,False,True,upper_bound,0.20508832241269648,0.21591082283126686,163,130
113,48,True,False,True,upper_bound_with_inhaler,0.20508832241269648,0.21591082283126686,163,131
190,12,False,False,False,one_hot,-0.14931684478178497,-0.14931684478178503,163,0
190,12,False,False,False,lower_bound,-0.14931684478178497,-0.14931684478178503,163,1
190,12,False,False,False,midpoint,-0.14931684478178497,-0.14931684478178503,163,2
190,12,False,False,False,midpoint_with_inhaler,-0.14931684478178497,-0.14931684478178503,163,3
190,12,False,False,False,upper_bound,-0.14931684478178497,-0.14931684478178503,163,4
190,12,False,False,False,upper_bound_with_inhaler,-0.14931684478178497,-0.14931684478178503,163,5
190,12,False,False,True,one_hot,-0.14931684478178497,-0.14931684478178503,163,6
190,12,False,False,True,lower_bound,-0.14931684478178497,-0.14931684478178503,163,7
190,12,False,False,True,midpoint,-0.14931684478178497,-0.14931684478178503,163,8
190,12,False,False,True,midpoint_with_inhaler,-0.14931684478178497,-0.14931684478178503,163,9
190,12,False,False,True,upper_bound,-0.14931684478178497,-0.14931684478178503,163,10
190,12,False,False,True,upper_bound_with_inhaler,-0.14931684478178497,-0.14931684478178503,163,11
190,12,False,True,False,one_hot,0.04329115818059201,0.04329115818059201,163,12
190,12,False,True,False,lower_bound,0.04088773183208743,0.03284973228175263,163,13
190,12,False,True,False,midpoint,0.04088773183208743,0.03651630950481989,163,14
190,12,False,True,False,midpoint_with_inhaler,0.04088773183208743,0.03651630950481989,163,15
190,12,False,True,False,upper_bound,0.04088773183208743,0.038306398367682834,163,16
190,12,False,True,False,upper_bound_with_inhaler,0.04088773183208743,0.038306398367682834,163,17
190,12,False,True,True,one_hot,0.04329115818059201,0.04329115818059201,163,18
190,12,False,True,True,lower_bound,0.04088773183208743,0.03284973228175263,163,19
190,12,False,True,True,midpoint,0.04088773183208743,0.03651630950481989,163,20
190,12,False,True,True,midpoint_with_inhaler,0.04088773183208743,0.03651630950481989,163,21
190,12,False,True,True,upper_bound,0.04088773183208743,0.038306398367682834,163,22
190,12,False,True,True,upper_bound_with_inhaler,0.04088773183208743,0.038306398367682834,163,23
190,12,True,False,False,one_hot,0.07202894772239807,0.0720289477223981,163,24
190,12,True,False,False,lower_bound,0.05744609357336621,0.016791222925390027,163,25
190,12,True,False,False,midpoint,0.05744609357336621,0.03248803605089624,163,26
190,12,True,False,False,midpoint_with_inhaler,0.05744609357336621,0.03248803605089624,163,27
190,12,True,False,False,upper_bound,0.05744609357336621,0.04161264483311745,163,28
190,12,True,False,False,upper_bound_with_inhaler,0.05744609357336621,0.04161264483311745,163,29
190,12,True,False,True,one_hot,0.07202894772239807,0.0720289477223981,163,30
190,12,True,False,True,lower_bound,0.05744609357336621,0.016791222925390027,163,31
190,12,True,False,True,midpoint,0.05744609357336621,0.03248803605089624,163,32
190,12,True,False,True,midpoint_with_inhaler,0.05744609357336621,0.03248803605089624,163,33
190,12,True,False,True,upper_bound,0.05744609357336621,0.04161264483311745,163,34
190,12,True,False,True,upper_bound_with_inhaler,0.05744609357336621,0.04161264483311745,163,35
190,24,False,False,False,one_hot,0.13054856994843106,0.13054856994843106,163,36
190,24,False,False,False,lower_bound,0.12416901106335826,0.10021460503423141,163,37
190,24,False,False,False,midpoint,0.12416901106335826,0.11130111705787649,163,38
190,24,False,False,False,midpoint_with_inhaler,0.12416901106335826,0.11130111705787649,163,39
190,24,False,False,False,upper_bound,0.12416901106335826,0.11665607464899479,163,40
190,24,False,False,False,upper_bound_with_inhaler,0.12416901106335826,0.11665607464899479,163,41
190,24,False,False,True,one_hot,0.13054856994843106,0.13054856994843106,163,42
190,24,False,False,True,lower_bound,0.12416901106335826,0.10021460503423141,163,43
190,24,False,False,True,midpoint,0.12416901106335826,0.11130111705787649,163,44
190,24,False,False,True,midpoint_with_inhaler,0.12416901106335826,0.11130111705787649,163,45
190,24,False,False,True,upper_bound,0.12416901106335826,0.11665607464899479,163,46
190,24,False,False,True,upper_bound_with_inhaler,0.12416901106335826,0.11665607464899479,163,47
190,24,False,True,False,one_hot,0.18124976502758292,0.18124976502758294,163,48
190,24,False,True,False,lower_bound,0.16691111121740992,0.1170549838291186,163,49
190,24,False,True,False,midpoint,0.16691111121740992,0.13879392431946347,163,50
190,24,False,True,False,midpoint_with_inhaler,0.16691111121740992,0.13879392431946347,163,51
190,24,False,True,False,upper_bound,0.16691111121740992,0.15008482760841682,163,52
190,24,False,True,False,upper_bound_with_inhaler,0.16691111121740992,0.15008482760841682,163,53
190,24,False,True,True,one_hot,0.18124976502758292,0.18124976502758294,163,54
190,24,False,True,True,lower_bound,0.16691111121740992,0.1170549838291186,163,55
190,24,False,True,True,midpoint,0.16691111121740992,0.13879392431946347,163,56
190,24,False,True,True,midpoint_with_inhaler,0.16691111121740992,0.13879392431946347,163,57
190,24,False,True,True,upper_bound,0.16691111121740992,0.15008482760841682,163,58
190,24,False,True,True,upper_bound_with_inhaler,0.16691111121740992,0.15008482760841682,163,59
190,24,True,False,False,one_hot,0.10203822676461381,0.1020382267646138,163,60
190,24,True,False,False,lower_bound,0.09302400836885892,0.05778132893728078,163,61
190,24,True,False,False,midpoint,0.09302400836885892,0.06723053766031788,163,62
190,24,True,False,False,midpoint_with_inhaler,0.09302400836885892,0.06723053766031788,163,63
190,24,True,False,False,upper_bound,0.09302400836885892,0.07252240867260341,163,64
190,24,True,False,False,upper_bound_with_inhaler,0.09302400836885892,0.07252240867260341,163,65
190,24,True,False,True,one_hot,0.10203822676461381,0.1020382267646138,163,66
190,24,True,False,True,lower_bound,0.09302400836885892,0.05778132893728078,163,67
190,24,True,False,True,midpoint,0.09302400836885892,0.06723053766031788,163,68
190,24,True,False,True,midpoint_with_inhaler,0.09302400836885892,0.06723053766031788,163,69
190,24,True,False,True,upper_bound,0.09302400836885892,0.07252240867260341,163,70
190,24,True,False,True,upper_bound_with_inhaler,0.09302400836885892,0.07252240867260341,163,71
190,36,False,False,False,one_hot,0.046153675826498555,0.04615367582649857,163,72
190,36,False,False,False,lower_bound,0.005661701945758659,-0.041583943401350854,163,73
190,36,False,False,False,midpoint,0.005661701945758659,-0.022637975552060093,163,74
190,36,False,False,False,midpoint_with_inhaler,0.005661701945758659,-0.022637975552060093,163,75
190,36,False,False,False,upper_bound,0.005661701945758659,-0.009651087749808511,163,76
190,36,False,False,False,upper_bound_with_inhaler,0.005661701945758659,-0.009651087749808511,163,77
190,36,False,False,True,one_hot,0.046153675826498555,0.04615367582649857,163,78
190,36,False,False,True,lower_bound,0.005661701945758659,-0.041583943401350854,163,79
190,36,False,False,True,midpoint,0.005661701945758659,-0.022637975552060093,163,80
190,36,False,False,True,midpoint_with_inhaler,0.005661701945758659,-0.022637975552060093,163,81
190,36,False,False,True,upper_bound,0.005661701945758659,-0.009651087749808511,163,82
190,36,False,False,True,upper_bound_with_inhaler,0.005661701945758659,-0.009651087749808511,163,83
190,36,True,False,False,one_hot,0.1516617589282196,0.1516617589282195,163,84
190,36,True,False,False,lower_bound,0.14202283014089342,0.10510924248711759,163,85
190,36,True,False,False,midpoint,0.14202283014089342,0.12136343614476548,163,86
190,36,True,False,False,midpoint_with_inhaler,0.14202283014089342,0.12136343614476548,163,87
190,36,True,False,False,upper_bound,0.14202283014089342,0.1295576385167475,163,88
190,36,True,False,False,upper_bound_with_inhaler,0.14202283014089342,0.1295576385167475,163,89
190,36,True,False,True,one_hot,0.1516617589282196,0.1516617589282195,163,90
190,36,True,False,True,lower_bound,0.14202283014089342,0.10510924248711759,163,91
190,36,True,False,True,midpoint,0.14202283014089342,0.12136343614476548,163,92
190,36,True,False,True,midpoint_with_inhaler,0.14202283014089342,0.12136343614476548,163,93
190,36,True,False,True,upper_bound,0.14202283014089342,0.1295576385167475,163,94
190,36,True,False,True,upper_bound_with_inhaler,0.14202283014089342,0.1295576385167475,163,95
190,48,False,False,False,one_hot,0.15185752794456323,0.15185752794456325,163,96
190,48,False,False,False,lower_bound,0.11828180376180943,0.07837811326228149,163,97
190,48,False,False,False,midpoint,0.11828180376180943,0.0984688248277659,163,98
190,48,False,False,False,midpoint_with_inhaler,0.11828180376180943,0.0984688248277659,163,99
190,48,False,False,False,upper_bound,0.11828180376180943,0.11140065558565213,163,100
190,48,False,False,False,upper_bound_with_inhaler,0.11828180376180943,0.11140065558565213,163,101
190,48,False,False,True,one_hot,0.15185752794456323,0.15185752794456325,163,102
190,48,False,False,True,lower_bound,0.11828180376180943,0.07837811326228149,163,103
190,48,False,False,True,midpoint,0.11828180376180943,0.0984688248277659,163,104
190,48,False,False,True,midpoint_with_inhaler,0.11828180376180943,0.0984688248277659,163,105
190,48,False,False,True,upper_bound,0.11828180376180943,0.11140065558565213,163,106
190,48,False,False,True,upper_bound_with_inhaler,0.11828180376180943,0.11140065558565213,163,107
190,48,False,True,False,one_hot,0.21360439027682426,0.21360439027682426,163,108
190,48,False,True,False,lower_bound,0.20905204938922317,0.19150634146162201,163,109
190,48,False,True,False,midpoint,0.20905204938922317,0.20050433753319513,163,110
190,48,False,True,False,midpoint_with_inhaler,0.20905204938922317,0.20050433753319513,163,111
190,48,False,True,False,upper_bound,0.20905204938922317,0.20448548589536408,163,112
190,48,False,True,False,upper_bound_with_inhaler,0.20905204938922317,0.20448548589536408,163,113
190,48,False,True,True,one_hot,0.21360439027682426,0.21360439027682426,163,114
190,48,False,True,True,lower_bound,0.20905204938922317,0.19150634146162201,163,115
190,48,False,True,True,midpoint,0.20905204938922317,0.20050433753319513,163,116
190,48,False,True,True,midpoint_with_inhaler,0.20905204938922317,0.20050433753319513,163,117
190,48,False,True,True,upper_bound,0.20905204938922317,0.20448548589536408,163,118
190,48,False,True,True,upper_bound_with_inhaler,0.20905204938922317,0.20448548589536408,163,119
190,48,True,False,False,one_hot,0.08470622853544368,0.08470622853544364,163,120
190,48,True,False,False,lower_bound,0.07367445905288482,0.04148052694635775,163,121
190,48,True,False,False,midpoint,0.07367445905288482,0.05519484556521101,163,122
190,48,True,False,False,midpoint_with_inhaler,0.07367445905288482,0.05519484556521101,163,123
190,48,True,False,False,upper_bound,0.07367445905288482,0.06258431514164686,163,124
190,48,True,False,False,upper_bound_with_inhaler,0.07367445905288482,0.06258431514164686,163,125
190,48,True,False,True,one_hot,0.08470622853544368,0.08470622853544364,163,126
190,48,True,False,True,lower_bound,0.07367445905288482,0.04148052694635775,163,127
190,48,True,False,True,midpoint,0.07367445905288482,0.05519484556521101,163,128
190,48,True,False,True,midpoint_with_inhaler,0.07367445905288482,0.05519484556521101,163,129
190,48,True,False,True,upper_bound,0.07367445905288482,0.06258431514164686,163,130
190,48,True,False,True,upper_bound_with_inhaler,0.07367445905288482,0.06258431514164686,163,131
294,12,False,False,False,one_hot,-0.02534015203822226,-0.025340152038222256,173,0
294,12,False,False,False,lower_bound,0.33829224310221095,0.3426195463056195,173,1
294,12,False,False,False,midpoint,0.33829224310221095,0.34240820015114765,173,2
294,12,False,False,False,midpoint_with_inhaler,0.33829224310221095,0.34240820015114765,173,3
294,12,False,False,False,upper_bound,0.33829224310221095,0.3387599074844923,173,4
294,12,False,False,False,upper_bound_with_inhaler,0.33829224310221095,0.3387599074844923,173,5
294,12,False,False,True,one_hot,-0.02534015203822226,-0.025340152038222256,173,6
294,12,False,False,True,lower_bound,0.33829224310221095,0.3426195463056195,173,7
294,12,False,False,True,midpoint,0.33829224310221095,0.34240820015114765,173,8
294,12,False,False,True,midpoint_with_inhaler,0.33829224310221095,0.34240820015114765,173,9
294,12,False,False,True,upper_bound,0.33829224310221095,0.3387599074844923,173,10
294,12,False,False,True,upper_bound_with_inhaler,0.33829224310221095,0.3387599074844923,173,11
294,12,False,True,False,one_hot,,,173,12
294,12,False,True,False,lower_bound,0.5102143189448771,0.45761111265926313,173,13
294,12,False,True,False,midpoint,0.5102143189448771,0.48468324206747065,173,14
294,12,False,True,False,midpoint_with_inhaler,0.5102143189448771,0.48468324206747065,173,15
294,12,False,True,False,upper_bound,0.5102143189448771,0.49715249219046054,173,16
294,12,False,True,False,upper_bound_with_inhaler,0.5102143189448771,0.49715249219046054,173,17
294,12,False,True,True,one_hot,,,173,18
294,12,False,True,True,lower_bound,0.5102143189448771,0.45761111265926313,173,19
294,12,False,True,True,midpoint,0.5102143189448771,0.48468324206747065,173,20
294,12,False,True,True,midpoint_with_inhaler,0.5102143189448771,0.48468324206747065,173,21
294,12,False,True,True,upper_bound,0.5102143189448771,0.49715249219046054,173,22
294,12,False,True,True,upper_bound_with_inhaler,0.5102143189448771,0.49715249219046054,173,23
294,12,True,False,False,one_hot,,,173,24
294,12,True,False,False,lower_bound,0.5323883059537193,0.4794804983414404,173,25
294,12,True,False,False,midpoint,0.5323883059537193,0.5123798910184659,173,26
294,12,True,False,False,midpoint_with_inhaler,0.5323883059537193,0.5114422263914118,173,27
294,12,True,False,False,upper_bound,0.5317883434509131,0.5258580484846467,173,28
294,12,True,False,False,upper_bound_with_inhaler,0.5323883059537193,0.5248703708217588,173,29
294,12,True,False,True,one_hot,,,173,30
294,12,True,False,True,lower_bound,0.5323883059537193,0.4794804983414404,173,31
294,12,True,False,True,midpoint,0.5323883059537193,0.5123798910184659,173,32
294,12,True,False,True,midpoint_with_inhaler,0.5323883059537193,0.5114422263914118,173,33
294,12,True,False,True,upper_bound,0.5317883434509131,0.5258580484846467,173,34
294,12,True,False,True,upper_bound_with_inhaler,0.5323883059537193,0.5248703708217588,173,35
294,24,False,False,False,one_hot,,,173,36
294,24,False,False,False,lower_bound,0.6600665897908551,0.6029751140394504,173,37
294,24,False,False,False,midpoint,0.6600665897908551,0.6359732780949771,173,38
294,24,False,False,False,midpoint_with_inhaler,0.6600665897908551,0.6261330529343971,173,39
294,24,False,False,False,upper_bound,0.6607340052035958,0.6436691717592273,173,40
294,24,False,False,False,upper_bound_with_inhaler,0.6600665897908551,0.6350063519885601,173,41
294,24,False,False,True,one_hot,,,173,42
294,24,False,False,True,lower_bound,0.6600665897908551,0.6029751140394504,173,43
294,24,False,False,True,midpoint,0.6600665897908551,0.6359732780949771,173,44
294,24,False,False,True,midpoint_with_inhaler,0.6600665897908551,0.6261330529343971,173,45
294,24,False,False,True,upper_bound,0.6607340052035958,0.6436691717592273,173,46
294,24,False,False,True,upper_bound_with_inhaler,0.6600665897908551,0.6350063519885601,173,47
294,24,False,True,False,one_hot,,,173,48
294,24,False,True,False,lower_bound,0.5090549808667197,0.47821653029950484,173,49
294,24,False,True,False,midpoint,0.5090549808667197,0.4990119832124186,173,50
294,24,False,True,False,midpoint_with_inhaler,0.5090549808667197,0.4990119832124186,173,51
294,24,False,True,False,upper_bound,0.5090549808667197,0.5080337509645695,173,52
294,24,False,True,False,upper_bound_with_inhaler,0.5090549808667197,0.5080337509645695,173,53
294,24,False,True,True,one_hot,,,173,54
294,24,False,True,True,lower_bound,0.5090549808667197,0.47821653029950484,173,55
294,24,False,True,True,midpoint,0.5090549808667197,0.4990119832124186,173,56
294,24,False,True,True,midpoint_with_inhaler,0.5090549808667197,0.4990119832124186,173,57
294,24,False,True,True,upper_bound,0.5090549808667197,0.5080337509645695,173,58
294,24,False,True,True,upper_bound_with_inhaler,0.5090549808667197,0.5080337509645695,173,59
294,24,True,False,False,one_hot,,,173,60
294,24,True,False,False,lower_bound,0.6295356532848804,0.6167340174857435,173,61
294,24,True,False,False,midpoint,0.6295356532848804,0.620604674748944,173,62
294,24,True,False,False,midpoint_with_inhaler,0.6295356532848804,0.6241117410022154,173,63
294,24,True,False,False,upper_bound,0.6256451242791139,0.6074375820052161,173,64
294,24,True,False,False,upper_bound_with_inhaler,0.6295356532848804,0.6175010088161517,173,65
294,24,True,False,True,one_hot,,,173,66
294,24,True,False,True,lower_bound,0.6295356532848804,0.6167340174857435,173,67
294,24,True,False,True,midpoint,0.6295356532848804,0.620604674748944,173,68
294,24,True,False,True,midpoint_with_inhaler,0.6295356532848804,0.6241117410022154,173,69
294,24,True,False,True,upper_bound,0.6256451242791139,0.6074375820052161,173,70
294,24,True,False,True,upper_bound_with_inhaler,0.6295356532848804,0.6175010088161517,173,71
294,36,False,False,False,one_hot,,,173,72
294,36,False,False,False,lower_bound,0.45309248004584135,0.4450359989347799,173,73
294,36,False,False,False,midpoint,0.45309248004584135,0.4658878222122187,173,74
294,36,False,False,False,midpoint_with_inhaler,0.45309248004584135,0.46064229228402737,173,75
294,36,False,False,False,upper_bound,0.4316932676881749,0.46601466093709093,173,76
294,36,False,False,False,upper_bound_with_inhaler,0.45309248004584135,0.4342020923474582,173,77
294,36,False,False,True,one_hot,,,173,78
294,36,False,False,True,lower_bound,0.45309248004584135,0.4450359989347799,173,79
294,36,False,False,True,midpoint,0.45309248004584135,0.4658878222122187,173,80
294,36,False,False,True,midpoint_with_inhaler,0.45309248004584135,0.46064229228402737,173,81
294,36,False,False,True,upper_bound,0.4316932676881749,0.46601466093709093,173,82
294,36,False,False,True,upper_bound_with_inhaler,0.45309248004584135,0.4342020923474582,173,83
294,36,True,False,False,one_hot,,,173,84
294,36,True,False,False,lower_bound,0.40420897738566236,0.382109152824806,173,85
294,36,True,False,False,midpoint,0.40420897738566236,0.3990930958875458,173,86
294,36,True,False,False,midpoint_with_inhaler,0.40420897738566236,0.4012209820636311,173,87
294,36,True,False,False,upper_bound,0.40151881809868945,0.4089531832924578,173,88
294,36,True,False,False,upper_bound_with_inhaler,0.40420897738566236,0.4159258197800536,173,89
294,36,True,False,True,one_hot,,,173,90
294,36,True,False,True,lower_bound,0.40420897738566236,0.382109152824806,173,91
294,36,True,False,True,midpoint,0.40420897738566236,0.3990930958875458,173,92
294,36,True,False,True,midpoint_with_inhaler,0.40420897738566236,0.4012209820636311,173,93
294,36,True,False,True,upper_bound,0.40151881809868945,0.4089531832924578,173,94
294,36,True,False,True,upper_bound_with_inhaler,0.40420897738566236,0.4159258197800536,173,95
294,48,False,False,False,one_hot,,,173,96
294,48,False,False,False,lower_bound,0.7488700972669114,0.7371467847706483,173,97
294,48,False,False,False,midpoint,0.7488700972669114,0.7201013990982617,173,98
294,48,False,False,False,midpoint_with_inhaler,0.7488700972669114,0.7487925856133042,173,99
294,48,False,False,False,upper_bound,0.68402802665272,0.6391684885614644,173,100
294,48,False,False,False,upper_bound_with_inhaler,0.7488700972669114,0.7064425490381064,173,101
294,48,False,False,True,one_hot,,,173,102
294,48,False,False,True,lower_bound,0.7488700972669114,0.7371467847706483,173,103
294,48,False,False,True,midpoint,0.7488700972669114,0.7201013990982617,173,104
294,48,False,False,True,midpoint_with_inhaler,0.7488700972669114,0.7487925856133042,173,105
294,48,False,False,True,upper_bound,0.68402802665272,0.6391684885614644,173,106
294,48,False,False,True,upper_bound_with_inhaler,0.7488700972669114,0.7064425490381064,173,107
294,48,False,True,False,one_hot,,,173,108
294,48,False,True,False,lower_bound,0.27876965657835634,0.2760932594361649,173,109
294,48,False,True,False,midpoint,0.27876965657835634,0.28144827115279003,173,110
294,48,False,True,False,midpoint_with_inhaler,0.27876965657835634,0.28144827115279003,173,111
294,48,False,True,False,upper_bound,0.27876965657835634,0.280670357298901,173,112
294,48,False,True,False,upper_bound_with_inhaler,0.27876965657835634,0.280670357298901,173,113
294,48,False,True,True,one_hot,,,173,114
294,48,False,True,True,lower_bound,0.27876965657835634,0.2760932594361649,173,115
294,48,False,True,True,midpoint,0.27876965657835634,0.28144827115279003,173,116
294,48,False,True,True,midpoint_with_inhaler,0.27876965657835634,0.28144827115279003,173,117
294,48,False,True,True,upper_bound,0.27876965657835634,0.280670357298901,173,118
294,48,False,True,True,upper_bound_with_inhaler,0.27876965657835634,0.280670357298901,173,119
294,48,True,False,False,one_hot,,,173,120
294,48,True,False,False,lower_bound,0.38753927544808514,0.3451976015503726,173,121
294,48,True,False,False,midpoint,0.38753927544808514,0.3734937155128652,173,122
294,48,True,False,False,midpoint_with_inhaler,0.38753927544808514,0.37200435238875484,173,123
294,48,True,False,False,upper_bound,0.3860076808414318,0.3825253498532108,173,124
294,48,True,False,False,upper_bound_with_inhaler,0.38753927544808514,0.38396081824548883,173,125
294,48,True,False,True,one_hot,,,173,126
294,48,True,False,True,lower_bound,0.38753927544808514,0.3451976015503726,173,127
294,48,True,False,True,midpoint,0.38753927544808514,0.3734937155128652,173,128
294,48,True,False,True,midpoint_with_inhaler,0.38753927544808514,0.37200435238875484,173,129
294,48,True,False,True,upper_bound,0.3860076808414318,0.3825253498532108,173,130
294,48,True,False,True,upper_bound_with_inhaler,0.38753927544808514,0.38396081824548883,173,131
328,12,False,False,False,one_hot,0.5418846257365839,0.541884625736584,17,0
328,12,False,False,False,lower_bound,0.47667345370639874,0.1269107433515565,17,1
328,12,False,False,False,midpoint,0.47667345370639874,0.15852100678666325,17,2
328,12,False,False,False,midpoint_with_inhaler,0.47667345370639874,0.15852100678666325,17,3
328,12,False,False,False,upper_bound,0.47667345370639874,0.1776813162534728,17,4
328,12,False,False,False,upper_bound_with_inhaler,0.47667345370639874,0.1776813162534728,17,5
328,12,False,False,True,one_hot,0.5418846257365839,0.541884625736584,17,6
328,12,False,False,True,lower_bound,0.47667345370639874,0.1269107433515565,17,7
328,12,False,False,True,midpoint,0.47667345370639874,0.15852100678666325,17,8
328,12,False,False,True,midpoint_with_inhaler,0.47667345370639874,0.15852100678666325,17,9
328,12,False,False,True,upper_bound,0.47667345370639874,0.1776813162534728,17,10
328,12,False,False,True,upper_bound_with_inhaler,0.47667345370639874,0.1776813162534728,17,11
328,12,False,True,False,one_hot,0.1341319932973397,0.1341319932973397,17,12
328,12,False,True,False,lower_bound,0.05616735137955882,-0.042048619659095794,17,13
328,12,False,True,False,midpoint,0.05616735137955882,-0.03275352793053182,17,14
328,12,False,True,False,midpoint_with_inhaler,0.05616735137955882,-0.03275352793053182,17,15
328,12,False,True,False,upper_bound,0.05616735137955882,-0.02678037798831965,17,16
328,12,False,True,False,upper_bound_with_inhaler,0.05616735137955882,-0.02678037798831965,17,17
328,12,False,True,True,one_hot,0.1341319932973397,0.1341319932973397,17,18
328,12,False,True,True,lower_bound,0.05616735137955882,-0.042048619659095794,17,19
328,12,False,True,True,midpoint,0.05616735137955882,-0.03275352793053182,17,20
328,12,False,True,True,midpoint_with_inhaler,0.05616735137955882,-0.03275352793053182,17,21
328,12,False,True,True,upper_bound,0.05616735137955882,-0.02678037798831965,17,22
328,12,False,True,True,upper_bound_with_inhaler,0.05616735137955882,-0.02678037798831965,17,23
328,12,True,False,False,one_hot,0.24021864728926093,0.24021864728926107,17,24
328,12,True,False,False,lower_bound,0.08213571259635626,-0.04983417230491328,17,25
328,12,True,False,False,midpoint,0.08213571259635626,-0.020002667306849572,17,26
328,12,True,False,False,midpoint_with_inhaler,0.08213571259635626,-0.020002667306849572,17,27
328,12,True,False,False,upper_bound,0.08213571259635626,-6.938893903907228e-18,17,28
328,12,True,False,False,upper_bound_with_inhaler,0.08213571259635626,-6.938893903907228e-18,17,29
328,12,True,False,True,one_hot,0.24021864728926093,0.24021864728926107,17,30
328,12,True,False,True,lower_bound,0.08213571259635626,-0.04983417230491328,17,31
328,12,True,False,True,midpoint,0.08213571259635626,-0.020002667306849572,17,32
328,12,True,False,True,midpoint_with_inhaler,0.08213571259635626,-0.020002667306849572,17,33
328,12,True,False,True,upper_bound,0.08213571259635626,-6.938893903907228e-18,17,34
328,12,True,False,True,upper_bound_with_inhaler,0.08213571259635626,-6.938893903907228e-18,17,35
328,24,False,False,False,one_hot,0.1341319932973397,0.1341319932973397,17,36
328,24,False,False,False,lower_bound,0.056167351379558826,-0.0420486196590958,17,37
328,24,False,False,False,midpoint,0.056167351379558826,-0.03275352793053183,17,38
328,24,False,False,False,midpoint_with_inhaler,0.056167351379558826,-0.03275352793053183,17,39
328,24,False,False,False,upper_bound,0.056167351379558826,-0.026780377988319642,17,40
328,24,False,False,False,upper_bound_with_inhaler,0.056167351379558826,-0.026780377988319642,17,41
328,24,False,False,True,one_hot,0.1341319932973397,0.1341319932973397,17,42
328,24,False,False,True,lower_bound,0.056167351379558826,-0.0420486196590958,17,43
328,24,False,False,True,midpoint,0.056167351379558826,-0.03275352793053183,17,44
328,24,False,False,True,midpoint_with_inhaler,0.056167351379558826,-0.03275352793053183,17,45
328,24,False,False,True,upper_bound,0.056167351379558826,-0.026780377988319642,17,46
328,24,False,False,True,upper_bound_with_inhaler,0.056167351379558826,-0.026780377988319642,17,47
328,24,False,True,False,one_hot,0.3589231765582063,0.3589231765582063,17,48
328,24,False,True,False,lower_bound,0.30156584492225985,0.170668841464298,17,49
328,24,False,True,False,midpoint,0.30156584492225985,0.22428061552089187,17,50
328,24,False,True,False,midpoint_with_inhaler,0.30156584492225985,0.22428061552089187,17,51
328,24,False,True,False,upper_bound,0.30156584492225985,0.2560958149005898,17,52
328,24,False,True,False,upper_bound_with_inhaler,0.30156584492225985,0.2560958149005898,17,53
328,24,False,True,True,one_hot,0.3589231765582063,0.3589231765582063,17,54
328,24,False,True,True,lower_bound,0.30156584492225985,0.170668841464298,17,55
328,24,False,True,True,midpoint,0.30156584492225985,0.22428061552089187,17,56
328,24,False,True,True,midpoint_with_inhaler,0.30156584492225985,0.22428061552089187,17,57
328,24,False,True,True,upper_bound,0.30156584492225985,0.2560958149005898,17,58
328,24,False,True,True,upper_bound_with_inhaler,0.30156584492225985,0.2560958149005898,17,59
328,24,True,False,False,one_hot,0.2765186331416562,0.27651863314165614,17,60
328,24,True,False,False,lower_bound,0.21784802012063625,0.03798457769888642,17,61
328,24,True,False,False,midpoint,0.21784802012063625,0.05786730990049289,17,62
328,24,True,False,False,midpoint_with_inhaler,0.21784802012063625,0.05786730990049289,17,63
328,24,True,False,False,upper_bound,0.21784802012063625,0.06995692902927211,17,64
328,24,True,False,False,upper_bound_with_inhaler,0.21784802012063625,0.06995692902927211,17,65
328,24,True,False,True,one_hot,0.2765186331416562,0.27651863314165614,17,66
328,24,True,False,True,lower_bound,0.21784802012063625,0.03798457769888642,17,67
328,24,True,False,True,midpoint,0.21784802012063625,0.05786730990049289,17,68
328,24,True,False,True,midpoint_with_inhaler,0.21784802012063625,0.05786730990049289,17,69
328,24,True,False,True,upper_bound,0.21784802012063625,0.06995692902927211,17,70
328,24,True,False,True,upper_bound_with_inhaler,0.21784802012063625,0.06995692902927211,17,71
328,36,False,False,False,one_hot,0.17066884146429798,0.17066884146429798,17,72
328,36,False,False,False,lower_bound,6.938893903907228e-18,-0.0878638220371333,17,73
328,36,False,False,False,midpoint,6.938893903907228e-18,-0.06426771903896425,17,74
328,36,False,False,False,midpoint_with_inhaler,6.938893903907228e-18,-0.06426771903896425,17,75
328,36,False,False,False,upper_bound,6.938893903907228e-18,-0.04777731174310718,17,76
328,36,False,False,False,upper_bound_with_inhaler,6.938893903907228e-18,-0.04777731174310718,17,77
328,36,False,False,True,one_hot,0.17066884146429798,0.17066884146429798,17,78
328,36,False,False,True,lower_bound,6.938893903907228e-18,-0.0878638220371333,17,79
328,36,False,False,True,midpoint,6.938893903907228e-18,-0.06426771903896425,17,80
328,36,False,False,True,midpoint_with_inhaler,6.938893903907228e-18,-0.06426771903896425,17,81
328,36,False,False,True,upper_bound,6.938893903907228e-18,-0.04777731174310718,17,82
328,36,False,False,True,upper_bound_with_inhaler,6.938893903907228e-18,-0.04777731174310718,17,83
328,36,True,False,False,one_hot,0.27651863314165614,0.27651863314165614,17,84
328,36,True,False,False,lower_bound,0.4161337349253817,0.4891473338365922,17,85
328,36,True,False,False,midpoint,0.4161337349253817,0.4664727096824973,17,86
328,36,True,False,False,midpoint_with_inhaler,0.4161337349253817,0.4664727096824973,17,87
328,36,True,False,False,upper_bound,0.4161337349253817,0.44365159750045147,17,88
328,36,True,False,False,upper_bound_with_inhaler,0.4161337349253817,0.44365159750045147,17,89
328,36,True,False,True,one_hot,0.27651863314165614,0.27651863314165614,17,90
328,36,True,False,True,lower_bound,0.4161337349253817,0.4891473338365922,17,91
328,36,True,False,True,midpoint,0.4161337349253817,0.4664727096824973,17,92
328,36,True,False,True,midpoint_with_inhaler,0.4161337349253817,0.4664727096824973,17,93
328,36,True,False,True,upper_bound,0.4161337349253817,0.44365159750045147,17,94
328,36,True,False,True,upper_bound_with_inhaler,0.4161337349253817,0.44365159750045147,17,95
328,48,False,False,False,one_hot,,,17,96
328,48,False,False,False,lower_bound,-0.091541943648056,-0.091541943648056,17,97
328,48,False,False,False,midpoint,-0.091541943648056,-0.09154194364805598,17,98
328,48,False,False,False,midpoint_with_inhaler,-0.091541943648056,-0.09154194364805598,17,99
328,48,False,False,False,upper_bound,-0.091541943648056,-0.091541943648056,17,100
328,48,False,False,False,upper_bound_with_inhaler,-0.091541943648056,-0.091541943648056,17,101
328,48,False,False,True,one_hot,,,17,102
328,48,False,False,True,lower_bound,-0.091541943648056,-0.091541943648056,17,103
328,48,False,False,True,midpoint,-0.091541943648056,-0.09154194364805598,17,104
328,48,False,False,True,midpoint_with_inhaler,-0.091541943648056,-0.09154194364805598,17,105
328,48,False,False,True,upper_bound,-0.091541943648056,-0.091541943648056,17,106
328,48,False,False,True,upper_bound_with_inhaler,-0.091541943648056,-0.091541943648056,17,107
328,48,False,True,False,one_hot,0.3155801787685052,0.3155801787685052,17,108
328,48,False,True,False,lower_bound,0.3155801787685052,0.3155801787685052,17,109
328,48,False,True,False,midpoint,0.3155801787685052,0.315580178768505,17,110
328,48,False,True,False,midpoint_with_inhaler,0.3155801787685052,0.315580178768505,17,111
328,48,False,True,False,upper_bound,0.3155801787685052,0.3155801787685052,17,112
328,48,False,True,False,upper_bound_with_inhaler,0.3155801787685052,0.3155801787685052,17,113
328,48,False,True,True,one_hot,0.3155801787685052,0.3155801787685052,17,114
328,48,False,True,True,lower_bound,0.3155801787685052,0.3155801787685052,17,115
328,48,False,True,True,midpoint,0.3155801787685052,0.315580178768505,17,116
328,48,False,True,True,midpoint_with_inhaler,0.3155801787685052,0.315580178768505,17,117
328,48,False,True,True,upper_bound,0.3155801787685052,0.3155801787685052,17,118
328,48,False,True,True,upper_bound_with_inhaler,0.3155801787685052,0.3155801787685052,17,119
328,48,True,False,False,one_hot,-0.06555913024741905,-0.06555913024741908,17,120
328,48,True,False,False,lower_bound,-0.06555913024741905,-0.06555913024741908,17,121
328,48,True,False,False,midpoint,-0.06555913024741905,-0.06555913024741908,17,122
328,48,True,False,False,midpoint_with_inhaler,-0.06555913024741905,-0.06555913024741908,17,123
328,48,True,False,False,upper_bound,-0.06555913024741905,-0.06555913024741908,17,124
328,48,True,False,False,upper_bound_with_inhaler,-0.06555913024741905,-0.06555913024741908,17,125
328,48,True,False,True,one_hot,-0.06555913024741905,-0.06555913024741908,17,126
328,48,True,False,True,lower_bound,-0.06555913024741905,-0.06555913024741908,17,127
328,48,True,False,True,midpoint,-0.06555913024741905,-0.06555913024741908,17,128
328,48,True,False,True,midpoint_with_inhaler,-0.06555913024741905,-0.06555913024741908,17,129
328,48,True,False,True,upper_bound,-0.06555913024741905,-0.06555913024741908,17,130
328,48,True,False,True,upper_bound_with_inhaler,-0.06555913024741905,-0.06555913024741908,17,131
343,12,False,False,False,one_hot,0.309843274097825,0.30984327409782497,173,0
343,12,False,False,False,lower_bound,0.309843274097825,0.30984327409782497,173,1
343,12,False,False,False,midpoint,0.309843274097825,0.309843274097825,173,2
343,12,False,False,False,midpoint_with_inhaler,0.309843274097825,0.309843274097825,173,3
343,12,False,False,False,upper_bound,0.309843274097825,0.30984327409782497,173,4
343,12,False,False,False,upper_bound_with_inhaler,0.309843274097825,0.30984327409782497,173,5
343,12,False,False,True,one_hot,0.309843274097825,0.30984327409782497,173,6
343,12,False,False,True,lower_bound,0.309843274097825,0.30984327409782497,173,7
343,12,False,False,True,midpoint,0.309843274097825,0.309843274097825,173,8
343,12,False,False,True,midpoint_with_inhaler,0.309843274097825,0.309843274097825,173,9
343,12,False,False,True,upper_bound,0.309843274097825,0.30984327409782497,173,10
343,12,False,False,True,upper_bound_with_inhaler,0.309843274097825,0.30984327409782497,173,11
343,12,False,True,False,one_hot,0.5701606227798348,0.5701606227798348,173,12
343,12,False,True,False,lower_bound,0.5701606227798348,0.5701606227798348,173,13
343,12,False,True,False,midpoint,0.5701606227798348,0.570160622779835,173,14
343,12,False,True,False,midpoint_with_inhaler,0.5701606227798348,0.570160622779835,173,15
343,12,False,True,False,upper_bound,0.5701606227798348,0.5701606227798348,173,16
343,12,False,True,False,upper_bound_with_inhaler,0.5701606227798348,0.5701606227798348,173,17
343,12,False,True,True,one_hot,0.5701606227798348,0.5701606227798348,173,18
343,12,False,True,True,lower_bound,0.5701606227798348,0.5701606227798348,173,19
343,12,False,True,True,midpoint,0.5701606227798348,0.570160622779835,173,20
343,12,False,True,True,midpoint_with_inhaler,0.5701606227798348,0.570160622779835,173,21
343,12,False,True,True,upper_bound,0.5701606227798348,0.5701606227798348,173,22
343,12,False,True,True,upper_bound_with_inhaler,0.5701606227798348,0.5701606227798348,173,23
343,12,True,False,False,one_hot,0.4609358025569102,0.4609358025569102,173,24
343,12,True,False,False,lower_bound,0.4609358025569102,0.4609358025569102,173,25
343,12,True,False,False,midpoint,0.4609358025569102,0.46093580255691025,173,26
343,12,True,False,False,midpoint_with_inhaler,0.4609358025569102,0.46093580255691025,173,27
343,12,True,False,False,upper_bound,0.4609358025569102,0.4609358025569102,173,28
343,12,True,False,False,upper_bound_with_inhaler,0.4609358025569102,0.4609358025569102,173,29
343,12,True,False,True,one_hot,0.4609358025569102,0.4609358025569102,173,30
343,12,True,False,True,lower_bound,0.4609358025569102,0.4609358025569102,173,31
343,12,True,False,True,midpoint,0.4609358025569102,0.46093580255691025,173,32
343,12,True,False,True,midpoint_with_inhaler,0.4609358025569102,0.46093580255691025,173,33
343,12,True,False,True,upper_bound,0.4609358025569102,0.4609358025569102,173,34
343,12,True,False,True,upper_bound_with_inhaler,0.4609358025569102,0.4609358025569102,173,35
343,24,False,False,False,one_hot,0.26110396165380334,0.26110396165380345,173,36
343,24,False,False,False,lower_bound,0.2693154336355325,0.29943005880910956,173,37
343,24,False,False,False,midpoint,0.2693154336355325,0.2903113991359817,173,38
343,24,False,False,False,midpoint_with_inhaler,0.2693154336355325,0.2903113991359817,173,39
343,24,False,False,False,upper_bound,0.2693154336355325,0.2844087189199022,173,40
343,24,False,False,False,upper_bound_with_inhaler,0.2693154336355325,0.2844087189199022,173,41
343,24,False,False,True,one_hot,0.26110396165380334,0.26110396165380345,173,42
343,24,False,False,True,lower_bound,0.2693154336355325,0.29943005880910956,173,43
343,24,False,False,True,midpoint,0.2693154336355325,0.2903113991359817,173,44
343,24,False,False,True,midpoint_with_inhaler,0.2693154336355325,0.2903113991359817,173,45
343,24,False,False,True,upper_bound,0.2693154336355325,0.2844087189199022,173,46
343,24,False,False,True,upper_bound_with_inhaler,0.2693154336355325,0.2844087189199022,173,47
343,24,False,True,False,one_hot,0.12099163757184142,0.12099163757184149,173,48
343,24,False,True,False,lower_bound,0.12099163757184142,0.12099163757184149,173,49
343,24,False,True,False,midpoint,0.12099163757184142,0.12099163757184145,173,50
343,24,False,True,False,midpoint_with_inhaler,0.12099163757184142,0.12099163757184145,173,51
343,24,False,True,False,upper_bound,0.12099163757184142,0.12099163757184149,173,52
343,24,False,True,False,upper_bound_with_inhaler,0.12099163757184142,0.12099163757184149,173,53
343,24,False,True,True,one_hot,0.12099163757184142,0.12099163757184149,173,54
343,24,False,True,True,lower_bound,0.12099163757184142,0.12099163757184149,173,55
343,24,False,True,True,midpoint,0.12099163757184142,0.12099163757184145,173,56
343,24,False,True,True,midpoint_with_inhaler,0.12099163757184142,0.12099163757184145,173,57
343,24,False,True,True,upper_bound,0.12099163757184142,0.12099163757184149,173,58
343,24,False,True,True,upper_bound_with_inhaler,0.12099163757184142,0.12099163757184149,173,59
343,24,True,False,False,one_hot,0.18028436862413427,0.18028436862413427,173,60
343,24,True,False,False,lower_bound,0.1888954336456402,0.22356648387571426,173,61
343,24,True,False,False,midpoint,0.1888954336456402,0.21198916299467596,173,62
343,24,True,False,False,midpoint_with_inhaler,0.1888954336456402,0.21198916299467596,173,63
343,24,True,False,False,upper_bound,0.1888954336456402,0.20512592507906238,173,64
343,24,True,False,False,upper_bound_with_inhaler,0.1888954336456402,0.20512592507906238,173,65
343,24,True,False,True,one_hot,0.18028436862413427,0.18028436862413427,173,66
343,24,True,False,True,lower_bound,0.1888954336456402,0.22356648387571426,173,67
343,24,True,False,True,midpoint,0.1888954336456402,0.21198916299467596,173,68
343,24,True,False,True,midpoint_with_inhaler,0.1888954336456402,0.21198916299467596,173,69
343,24,True,False,True,upper_bound,0.1888954336456402,0.20512592507906238,173,70
343,24,True,False,True,upper_bound_with_inhaler,0.1888954336456402,0.20512592507906238,173,71
343,36,False,False,False,one_hot,0.29944770083359806,0.29944770083359806,173,72
343,36,False,False,False,lower_bound,0.30756099085373434,0.33548039883061503,173,73
343,36,False,False,False,midpoint,0.30756099085373434,0.32752630365565066,173,74
343,36,False,False,False,midpoint_with_inhaler,0.30756099085373434,0.32752630365565066,173,75
343,36,False,False,False,upper_bound,0.30756099085373434,0.3220721795533773,173,76
343,36,False,False,False,upper_bound_with_inhaler,0.30756099085373434,0.3220721795533773,173,77
343,36,False,False,True,one_hot,0.29944770083359806,0.29944770083359806,173,78
343,36,False,False,True,lower_bound,0.30756099085373434,0.33548039883061503,173,79
343,36,False,False,True,midpoint,0.30756099085373434,0.32752630365565066,173,80
343,36,False,False,True,midpoint_with_inhaler,0.30756099085373434,0.32752630365565066,173,81
343,36,False,False,True,upper_bound,0.30756099085373434,0.3220721795533773,173,82
343,36,False,False,True,upper_bound_with_inhaler,0.30756099085373434,0.3220721795533773,173,83
343,36,True,False,False,one_hot,0.10638351322959028,0.10638351322959028,173,84
343,36,True,False,False,lower_bound,0.10638351322959028,0.10638351322959028,173,85
343,36,True,False,False,midpoint,0.10638351322959028,0.10638351322959028,173,86
343,36,True,False,False,midpoint_with_inhaler,0.10638351322959028,0.10638351322959028,173,87
343,36,True,False,False,upper_bound,0.10638351322959028,0.10638351322959028,173,88
343,36,True,False,False,upper_bound_with_inhaler,0.10638351322959028,0.10638351322959028,173,89
343,36,True,False,True,one_hot,0.10638351322959028,0.10638351322959028,173,90
343,36,True,False,True,lower_bound,0.10638351322959028,0.10638351322959028,173,91
343,36,True,False,True,midpoint,0.10638351322959028,0.10638351322959028,173,92
343,36,True,False,True,midpoint_with_inhaler,0.10638351322959028,0.10638351322959028,173,93
343,36,True,False,True,upper_bound,0.10638351322959028,0.10638351322959028,173,94
343,36,True,False,True,upper_bound_with_inhaler,0.10638351322959028,0.10638351322959028,173,95
343,48,False,False,False,one_hot,0.2912675061668087,0.29126750616680874,173,96
343,48,False,False,False,lower_bound,0.2930452345944825,0.2752416336072425,173,97
343,48,False,False,False,midpoint,0.2930452345944825,0.2862438162040292,173,98
343,48,False,False,False,midpoint_with_inhaler,0.2930452345944825,0.2862438162040292,173,99
343,48,False,False,False,upper_bound,0.2930452345944825,0.2901510282120955,173,100
343,48,False,False,False,upper_bound_with_inhaler,0.2930452345944825,0.2901510282120955,173,101
343,48,False,False,True,one_hot,0.2912675061668087,0.29126750616680874,173,102
343,48,False,False,True,lower_bound,0.2930452345944825,0.2752416336072425,173,103
343,48,False,False,True,midpoint,0.2930452345944825,0.2862438162040292,173,104
343,48,False,False,True,midpoint_with_inhaler,0.2930452345944825,0.2862438162040292,173,105
343,48,False,False,True,upper_bound,0.2930452345944825,0.2901510282120955,173,106
343,48,False,False,True,upper_bound_with_inhaler,0.2930452345944825,0.2901510282120955,173,107
343,48,False,True,False,one_hot,0.02991311565538092,0.02991311565538086,173,108
343,48,False,True,False,lower_bound,0.02991311565538092,0.02991311565538086,173,109
343,48,False,True,False,midpoint,0.02991311565538092,0.02991311565538086,173,110
343,48,False,True,False,midpoint_with_inhaler,0.02991311565538092,0.02991311565538086,173,111
343,48,False,True,False,upper_bound,0.02991311565538092,0.02991311565538086,173,112
343,48,False,True,False,upper_bound_with_inhaler,0.02991311565538092,0.02991311565538086,173,113
343,48,False,True,True,one_hot,0.02991311565538092,0.02991311565538086,173,114
343,48,False,True,True,lower_bound,0.02991311565538092,0.02991311565538086,173,115
343,48,False,True,True,midpoint,0.02991311565538092,0.02991311565538086,173,116
343,48,False,True,True,midpoint_with_inhaler,0.02991311565538092,0.02991311565538086,173,117
343,48,False,True,True,upper_bound,0.02991311565538092,0.02991311565538086,173,118
343,48,False,True,True,upper_bound_with_inhaler,0.02991311565538092,0.02991311565538086,173,119
343,48,True,False,False,one_hot,0.007690879375195363,0.007690879375195373,173,120
343,48,True,False,False,lower_bound,0.006188860865862216,-0.0027287975795896513,173,121
343,48,True,False,False,midpoint,0.006188860865862216,0.0005411167506282659,173,122
343,48,True,False,False,midpoint_with_inhaler,0.006188860865862216,0.0005411167506282659,173,123
343,48,True,False,False,upper_bound,0.006188860865862216,0.002270087175718109,173,124
343,48,True,False,False,upper_bound_with_inhaler,0.006188860865862216,0.002270087175718109,173,125
343,48,True,False,True,one_hot,0.007690879375195363,0.007690879375195373,173,126
343,48,True,False,True,lower_bound,0.006188860865862216,-0.0027287975795896513,173,127
343,48,True,False,True,midpoint,0.006188860865862216,0.0005411167506282659,173,128
343,48,True,False,True,midpoint_with_inhaler,0.006188860865862216,0.0005411167506282659,173,129
343,48,True,False,True,upper_bound,0.006188860865862216,0.002270087175718109,173,130
343,48,True,False,True,upper_bound_with_inhaler,0.006188860865862216,0.002270087175718109,173,131
398,12,False,False,False,one_hot,0.3707002608294455,0.3707002608294454,25,0
398,12,False,False,False,lower_bound,0.33622364341270056,0.19648263054981693,25,1
398,12,False,False,False,midpoint,0.33622364341270056,0.24749692975417328,25,2
398,12,False,False,False,midpoint_with_inhaler,0.33622364341270056,0.24749692975417328,25,3
398,12,False,False,False,upper_bound,0.33622364341270056,0.2768971121719473,25,4
398,12,False,False,False,upper_bound_with_inhaler,0.33622364341270056,0.2768971121719473,25,5
398,12,False,False,True,one_hot,0.3707002608294455,0.3707002608294454,25,6
398,12,False,False,True,lower_bound,0.33622364341270056,0.19648263054981693,25,7
398,12,False,False,True,midpoint,0.33622364341270056,0.24749692975417328,25,8
398,12,False,False,True,midpoint_with_inhaler,0.33622364341270056,0.24749692975417328,25,9
398,12,False,False,True,upper_bound,0.33622364341270056,0.2768971121719473,25,10
398,12,False,False,True,upper_bound_with_inhaler,0.33622364341270056,0.2768971121719473,25,11
398,12,False,True,False,one_hot,-0.2036923847888908,-0.20369238478889082,25,12
398,12,False,True,False,lower_bound,-0.20919570072169077,-0.19648263054981693,25,13
398,12,False,True,False,midpoint,-0.20919570072169077,-0.2052139487251467,25,14
398,12,False,True,False,midpoint_with_inhaler,-0.20919570072169077,-0.2052139487251467,25,15
398,12,False,True,False,upper_bound,-0.20919570072169077,-0.20821097081225884,25,16
398,12,False,True,False,upper_bound_with_inhaler,-0.20919570072169077,-0.20821097081225884,25,17
398,12,False,True,True,one_hot,-0.2036923847888908,-0.20369238478889082,25,18
398,12,False,True,True,lower_bound,-0.20919570072169077,-0.19648263054981693,25,19
398,12,False,True,True,midpoint,-0.20919570072169077,-0.2052139487251467,25,20
398,12,False,True,True,midpoint_with_inhaler,-0.20919570072169077,-0.2052139487251467,25,21
398,12,False,True,True,upper_bound,-0.20919570072169077,-0.20821097081225884,25,22
398,12,False,True,True,upper_bound_with_inhaler,-0.20919570072169077,-0.20821097081225884,25,23
398,12,True,False,False,one_hot,0.10035204778404688,0.10035204778404692,25,24
398,12,True,False,False,lower_bound,0.10035204778404688,0.10035204778404692,25,25
398,12,True,False,False,midpoint,0.10035204778404688,0.10035204778404688,25,26
398,12,True,False,False,midpoint_with_inhaler,0.10035204778404688,0.10035204778404688,25,27
398,12,True,False,False,upper_bound,0.10035204778404688,0.10035204778404692,25,28
398,12,True,False,False,upper_bound_with_inhaler,0.10035204778404688,0.10035204778404692,25,29
398,12,True,False,True,one_hot,0.10035204778404688,0.10035204778404692,25,30
398,12,True,False,True,lower_bound,0.10035204778404688,0.10035204778404692,25,31
398,12,True,False,True,midpoint,0.10035204778404688,0.10035204778404688,25,32
398,12,True,False,True,midpoint_with_inhaler,0.10035204778404688,0.10035204778404688,25,33
398,12,True,False,True,upper_bound,0.10035204778404688,0.10035204778404692,25,34
398,12,True,False,True,upper_bound_with_inhaler,0.10035204778404688,0.10035204778404692,25,35
398,24,False,False,False,one_hot,0.2503586145588893,0.2503586145588893,25,36
398,24,False,False,False,lower_bound,0.39607483736326127,0.5110418260716735,25,37
398,24,False,False,False,midpoint,0.39607483736326127,0.46207876196718495,25,38
398,24,False,False,False,midpoint_with_inhaler,0.39607483736326127,0.46207876196718495,25,39
398,24,False,False,False,upper_bound,0.39607483736326127,0.4247111232129564,25,40
398,24,False,False,False,upper_bound_with_inhaler,0.39607483736326127,0.4247111232129564,25,41
398,24,False,False,True,one_hot,0.2503586145588893,0.2503586145588893,25,42
398,24,False,False,True,lower_bound,0.39607483736326127,0.5110418260716735,25,43
398,24,False,False,True,midpoint,0.39607483736326127,0.46207876196718495,25,44
398,24,False,False,True,midpoint_with_inhaler,0.39607483736326127,0.46207876196718495,25,45
398,24,False,False,True,upper_bound,0.39607483736326127,0.4247111232129564,25,46
398,24,False,False,True,upper_bound_with_inhaler,0.39607483736326127,0.4247111232129564,25,47
398,24,False,True,False,one_hot,0.5391786241303731,0.539178624130373,25,48
398,24,False,True,False,lower_bound,0.5391786241303731,0.539178624130373,25,49
398,24,False,True,False,midpoint,0.5391786241303731,0.5391786241303731,25,50
398,24,False,True,False,midpoint_with_inhaler,0.5391786241303731,0.5391786241303731,25,51
398,24,False,True,False,upper_bound,0.5391786241303731,0.539178624130373,25,52
398,24,False,True,False,upper_bound_with_inhaler,0.5391786241303731,0.539178624130373,25,53
398,24,False,True,True,one_hot,0.5391786241303731,0.539178624130373,25,54
398,24,False,True,True,lower_bound,0.5391786241303731,0.539178624130373,25,55
398,24,False,True,True,midpoint,0.5391786241303731,0.5391786241303731,25,56
398,24,False,True,True,midpoint_with_inhaler,0.5391786241303731,0.5391786241303731,25,57
398,24,False,True,True,upper_bound,0.5391786241303731,0.539178624130373,25,58
398,24,False,True,True,upper_bound_with_inhaler,0.5391786241303731,0.539178624130373,25,59
398,24,True,False,False,one_hot,0.5391786241303731,0.539178624130373,25,60
398,24,True,False,False,lower_bound,0.5391786241303731,0.539178624130373,25,61
398,24,True,False,False,midpoint,0.5391786241303731,0.5391786241303731,25,62
398,24,True,False,False,midpoint_with_inhaler,0.5391786241303731,0.5391786241303731,25,63
398,24,True,False,False,upper_bound,0.5391786241303731,0.539178624130373,25,64
398,24,True,False,False,upper_bound_with_inhaler,0.5391786241303731,0.539178624130373,25,65
398,24,True,False,True,one_hot,0.5391786241303731,0.539178624130373,25,66
398,24,True,False,True,lower_bound,0.5391786241303731,0.539178624130373,25,67
398,24,True,False,True,midpoint,0.5391786241303731,0.5391786241303731,25,68
398,24,True,False,True,midpoint_with_inhaler,0.5391786241303731,0.5391786241303731,25,69
398,24,True,False,True,upper_bound,0.5391786241303731,0.539178624130373,25,70
398,24,True,False,True,upper_bound_with_inhaler,0.5391786241303731,0.539178624130373,25,71
398,36,False,False,False,one_hot,0.3398313641010903,0.3398313641010903,25,72
398,36,False,False,False,lower_bound,0.3398313641010903,0.3398313641010903,25,73
398,36,False,False,False,midpoint,0.3398313641010903,0.3398313641010903,25,74
398,36,False,False,False,midpoint_with_inhaler,0.3398313641010903,0.3398313641010903,25,75
398,36,False,False,False,upper_bound,0.3398313641010903,0.3398313641010903,25,76
398,36,False,False,False,upper_bound_with_inhaler,0.3398313641010903,0.3398313641010903,25,77
398,36,False,False,True,one_hot,0.3398313641010903,0.3398313641010903,25,78
398,36,False,False,True,lower_bound,0.3398313641010903,0.3398313641010903,25,79
398,36,False,False,True,midpoint,0.3398313641010903,0.3398313641010903,25,80
398,36,False,False,True,midpoint_with_inhaler,0.3398313641010903,0.3398313641010903,25,81
398,36,False,False,True,upper_bound,0.3398313641010903,0.3398313641010903,25,82
398,36,False,False,True,upper_bound_with_inhaler,0.3398313641010903,0.3398313641010903,25,83
398,36,True,False,False,one_hot,0.40810088220577595,0.40810088220577584,25,84
398,36,True,False,False,lower_bound,0.3134276134650047,0.14911309957291477,25,85
398,36,True,False,False,midpoint,0.3134276134650047,0.21521422951591337,25,86
398,36,True,False,False,midpoint_with_inhaler,0.3134276134650047,0.21521422951591337,25,87
398,36,True,False,False,upper_bound,0.3134276134650047,0.2569701555572361,25,88
398,36,True,False,False,upper_bound_with_inhaler,0.3134276134650047,0.2569701555572361,25,89
398,36,True,False,True,one_hot,0.40810088220577595,0.40810088220577584,25,90
398,36,True,False,True,lower_bound,0.3134276134650047,0.14911309957291477,25,91
398,36,True,False,True,midpoint,0.3134276134650047,0.21521422951591337,25,92
398,36,True,False,True,midpoint_with_inhaler,0.3134276134650047,0.21521422951591337,25,93
398,36,True,False,True,upper_bound,0.3134276134650047,0.2569701555572361,25,94
398,36,True,False,True,upper_bound_with_inhaler,0.3134276134650047,0.2569701555572361,25,95
398,48,False,False,False,one_hot,0.2503586145588893,0.2503586145588893,25,96
398,48,False,False,False,lower_bound,0.10714196031850665,0.0,25,97
398,48,False,False,False,midpoint,0.10714196031850665,0.052273825951693796,25,98
398,48,False,False,False,midpoint_with_inhaler,0.10714196031850665,0.052273825951693796,25,99
398,48,False,False,False,upper_bound,0.10714196031850665,0.08932388943290377,25,100
398,48,False,False,False,upper_bound_with_inhaler,0.10714196031850665,0.08932388943290377,25,101
398,48,False,False,True,one_hot,0.2503586145588893,0.2503586145588893,25,102
398,48,False,False,True,lower_bound,0.10714196031850665,0.0,25,103
398,48,False,False,True,midpoint,0.10714196031850665,0.052273825951693796,25,104
398,48,False,False,True,midpoint_with_inhaler,0.10714196031850665,0.052273825951693796,25,105
398,48,False,False,True,upper_bound,0.10714196031850665,0.08932388943290377,25,106
398,48,False,False,True,upper_bound_with_inhaler,0.10714196031850665,0.08932388943290377,25,107
398,48,False,True,False,one_hot,0.24039000136460484,0.2403900013646048,25,108
398,48,False,True,False,lower_bound,0.17997129976292514,0.05702061294732222,25,109
398,48,False,True,False,midpoint,0.17997129976292514,0.10204488124303925,25,110
398,48,False,True,False,midpoint_with_inhaler,0.17997129976292514,0.10204488124303925,25,111
398,48,False,True,False,upper_bound,0.17997129976292514,0.13081713481821747,25,112
398,48,False,True,False,upper_bound_with_inhaler,0.17997129976292514,0.13081713481821747,25,113
398,48,False,True,True,one_hot,0.24039000136460484,0.2403900013646048,25,114
398,48,False,True,True,lower_bound,0.17997129976292514,0.05702061294732222,25,115
398,48,False,True,True,midpoint,0.17997129976292514,0.10204488124303925,25,116
398,48,False,True,True,midpoint_with_inhaler,0.17997129976292514,0.10204488124303925,25,117
398,48,False,True,True,upper_bound,0.17997129976292514,0.13081713481821747,25,118
398,48,False,True,True,upper_bound_with_inhaler,0.17997129976292514,0.13081713481821747,25,119
398,48,True,False,False,one_hot,-0.13443467391583067,-0.13443467391583067,25,120
398,48,True,False,False,lower_bound,-0.1418019000878199,-0.14445537832491182,25,121
398,48,True,False,False,midpoint,-0.1418019000878199,-0.14648485660853663,25,122
398,48,True,False,False,midpoint_with_inhaler,-0.1418019000878199,-0.14648485660853663,25,123
398,48,True,False,False,upper_bound,-0.1418019000878199,-0.14617624644822313,25,124
398,48,True,False,False,upper_bound_with_inhaler,-0.1418019000878199,-0.14617624644822313,25,125
398,48,True,False,True,one_hot,-0.13443467391583067,-0.13443467391583067,25,126
398,48,True,False,True,lower_bound,-0.1418019000878199,-0.14445537832491182,25,127
398,48,True,False,True,midpoint,-0.1418019000878199,-0.14648485660853663,25,128
398,48,True,False,True,midpoint_with_inhaler,-0.1418019000878199,-0.14648485660853663,25,129
398,48,True,False,True,upper_bound,-0.1418019000878199,-0.14617624644822313,25,130
398,48,True,False,True,upper_bound_with_inhaler,-0.1418019000878199,-0.14617624644822313,25,131
447,12,False,False,False,one_hot,0.07204296794168652,0.0720429679416865,99,0
447,12,False,False,False,lower_bound,0.10615811311870978,0.17235554616024845,99,1
447,12,False,False,False,midpoint,0.10615811311870978,0.15356097324324922,99,2
447,12,False,False,False,midpoint_with_inhaler,0.10615811311870978,0.15356097324324922,99,3
447,12,False,False,False,upper_bound,0.10615811311870978,0.13943610597491854,99,4
447,12,False,False,False,upper_bound_with_inhaler,0.10615811311870978,0.13943610597491854,99,5
447,12,False,False,True,one_hot,0.07204296794168652,0.0720429679416865,99,6
447,12,False,False,True,lower_bound,0.10615811311870978,0.17235554616024845,99,7
447,12,False,False,True,midpoint,0.10615811311870978,0.15356097324324922,99,8
447,12,False,False,True,midpoint_with_inhaler,0.10615811311870978,0.15356097324324922,99,9
447,12,False,False,True,upper_bound,0.10615811311870978,0.13943610597491854,99,10
447,12,False,False,True,upper_bound_with_inhaler,0.10615811311870978,0.13943610597491854,99,11
447,12,False,True,False,one_hot,0.19603640664093397,0.196036406640934,99,12
447,12,False,True,False,lower_bound,-0.13153628497057612,-0.04501547174908785,99,13
447,12,False,True,False,midpoint,-0.13153628497057612,-0.06973219400446283,99,14
447,12,False,True,False,midpoint_with_inhaler,-0.13153628497057612,-0.06973219400446283,99,15
447,12,False,True,False,upper_bound,-0.13153628497057612,-0.08374361149759903,99,16
447,12,False,True,False,upper_bound_with_inhaler,-0.13153628497057612,-0.08374361149759903,99,17
447,12,False,True,True,one_hot,0.19603640664093397,0.196036406640934,99,18
447,12,False,True,True,lower_bound,-0.13153628497057612,-0.04501547174908785,99,19
447,12,False,True,True,midpoint,-0.13153628497057612,-0.06973219400446283,99,20
447,12,False,True,True,midpoint_with_inhaler,-0.13153628497057612,-0.06973219400446283,99,21
447,12,False,True,True,upper_bound,-0.13153628497057612,-0.08374361149759903,99,22
447,12,False,True,True,upper_bound_with_inhaler,-0.13153628497057612,-0.08374361149759903,99,23
447,12,True,False,False,one_hot,-0.052706593353436075,-0.05270659335343609,99,24
447,12,True,False,False,lower_bound,-0.08199627231891735,0.03953920787869137,99,25
447,12,True,False,False,midpoint,-0.08199627231891735,0.011814017198240405,99,26
447,12,True,False,False,midpoint_with_inhaler,-0.08199627231891735,0.011814017198240405,99,27
447,12,True,False,False,upper_bound,-0.08199627231891735,-0.010502584162494222,99,28
447,12,True,False,False,upper_bound_with_inhaler,-0.08199627231891735,-0.010502584162494222,99,29
447,12,True,False,True,one_hot,-0.052706593353436075,-0.05270659335343609,99,30
447,12,True,False,True,lower_bound,-0.08199627231891735,0.03953920787869137,99,31
447,12,True,False,True,midpoint,-0.08199627231891735,0.011814017198240405,99,32
447,12,True,False,True,midpoint_with_inhaler,-0.08199627231891735,0.011814017198240405,99,33
447,12,True,False,True,upper_bound,-0.08199627231891735,-0.010502584162494222,99,34
447,12,True,False,True,upper_bound_with_inhaler,-0.08199627231891735,-0.010502584162494222,99,35
447,24,False,False,False,one_hot,0.11224045706464715,0.11224045706464715,99,36
447,24,False,False,False,lower_bound,0.010133802329371895,0.14945054960473067,99,37
447,24,False,False,False,midpoint,0.010133802329371895,0.12103653716839019,99,38
447,24,False,False,False,midpoint_with_inhaler,0.010133802329371895,0.12103653716839019,99,39
447,24,False,False,False,upper_bound,0.010133802329371895,0.10421873705385669,99,40
447,24,False,False,False,upper_bound_with_inhaler,0.010133802329371895,0.10421873705385669,99,41
447,24,False,False,True,one_hot,0.11224045706464715,0.11224045706464715,99,42
447,24,False,False,True,lower_bound,0.010133802329371895,0.14945054960473067,99,43
447,24,False,False,True,midpoint,0.010133802329371895,0.12103653716839019,99,44
447,24,False,False,True,midpoint_with_inhaler,0.010133802329371895,0.12103653716839019,99,45
447,24,False,False,True,upper_bound,0.010133802329371895,0.10421873705385669,99,46
447,24,False,False,True,upper_bound_with_inhaler,0.010133802329371895,0.10421873705385669,99,47
447,24,False,True,False,one_hot,0.14743618126212135,0.14743618126212135,99,48
447,24,False,True,False,lower_bound,0.034627452897550585,0.20574101700285477,99,49
447,24,False,True,False,midpoint,0.034627452897550585,0.16399962949572336,99,50
447,24,False,True,False,midpoint_with_inhaler,0.034627452897550585,0.16399962949572336,99,51
447,24,False,True,False,upper_bound,0.034627452897550585,0.13597383847051125,99,52
447,24,False,True,False,upper_bound_with_inhaler,0.034627452897550585,0.13597383847051125,99,53
447,24,False,True,True,one_hot,0.14743618126212135,0.14743618126212135,99,54
447,24,False,True,True,lower_bound,0.034627452897550585,0.20574101700285477,99,55
447,24,False,True,True,midpoint,0.034627452897550585,0.16399962949572336,99,56
447,24,False,True,True,midpoint_with_inhaler,0.034627452897550585,0.16399962949572336,99,57
447,24,False,True,True,upper_bound,0.034627452897550585,0.13597383847051125,99,58
447,24,False,True,True,upper_bound_with_inhaler,0.034627452897550585,0.13597383847051125,99,59
447,24,True,False,False,one_hot,0.07549446738372491,0.07549446738372491,99,60
447,24,True,False,False,lower_bound,0.12522261985479252,0.2380645764571344,99,61
447,24,True,False,False,midpoint,0.12522261985479252,0.21411963486763105,99,62
447,24,True,False,False,midpoint_with_inhaler,0.12522261985479252,0.21411963486763105,99,63
447,24,True,False,False,upper_bound,0.12522261985479252,0.19617073948832678,99,64
447,24,True,False,False,upper_bound_with_inhaler,0.12522261985479252,0.19617073948832678,99,65
447,24,True,False,True,one_hot,0.07549446738372491,0.07549446738372491,99,66
447,24,True,False,True,lower_bound,0.12522261985479252,0.2380645764571344,99,67
447,24,True,False,True,midpoint,0.12522261985479252,0.21411963486763105,99,68
447,24,True,False,True,midpoint_with_inhaler,0.12522261985479252,0.21411963486763105,99,69
447,24,True,False,True,upper_bound,0.12522261985479252,0.19617073948832678,99,70
447,24,True,False,True,upper_bound_with_inhaler,0.12522261985479252,0.19617073948832678,99,71
447,36,False,False,False,one_hot,0.06288278099234781,0.06288278099234783,99,72
447,36,False,False,False,lower_bound,0.041093357610588896,0.20337120446884907,99,73
447,36,False,False,False,midpoint,0.041093357610588896,0.17794050045759446,99,74
447,36,False,False,False,midpoint_with_inhaler,0.041093357610588896,0.17794050045759446,99,75
447,36,False,False,False,upper_bound,0.041093357610588896,0.15982350295326825,99,76
447,36,False,False,False,upper_bound_with_inhaler,0.041093357610588896,0.15982350295326825,99,77
447,36,False,False,True,one_hot,0.06288278099234781,0.06288278099234783,99,78
447,36,False,False,True,lower_bound,0.041093357610588896,0.20337120446884907,99,79
447,36,False,False,True,midpoint,0.041093357610588896,0.17794050045759446,99,80
447,36,False,False,True,midpoint_with_inhaler,0.041093357610588896,0.17794050045759446,99,81
447,36,False,False,True,upper_bound,0.041093357610588896,0.15982350295326825,99,82
447,36,False,False,True,upper_bound_with_inhaler,0.041093357610588896,0.15982350295326825,99,83
447,36,True,False,False,one_hot,0.02787112514686136,0.027871125146861374,99,84
447,36,True,False,False,lower_bound,-0.08250726996548673,0.11993289613903368,99,85
447,36,True,False,False,midpoint,-0.08250726996548673,0.07956983507793806,99,86
447,36,True,False,False,midpoint_with_inhaler,-0.08250726996548673,0.07956983507793806,99,87
447,36,True,False,False,upper_bound,-0.08250726996548673,0.052825328563850686,99,88
447,36,True,False,False,upper_bound_with_inhaler,-0.08250726996548673,0.052825328563850686,99,89
447,36,True,False,True,one_hot,0.02787112514686136,0.027871125146861374,99,90
447,36,True,False,True,lower_bound,-0.08250726996548673,0.11993289613903368,99,91
447,36,True,False,True,midpoint,-0.08250726996548673,0.07956983507793806,99,92
447,36,True,False,True,midpoint_with_inhaler,-0.08250726996548673,0.07956983507793806,99,93
447,36,True,False,True,upper_bound,-0.08250726996548673,0.052825328563850686,99,94
447,36,True,False,True,upper_bound_with_inhaler,-0.08250726996548673,0.052825328563850686,99,95
447,48,False,False,False,one_hot,-0.08745008310652484,-0.08745008310652486,99,96
447,48,False,False,False,lower_bound,-0.1497822160588807,0.025960703734349895,99,97
447,48,False,False,False,midpoint,-0.1497822160588807,0.007272071293640647,99,98
447,48,False,False,False,midpoint_with_inhaler,-0.1497822160588807,0.007272071293640647,99,99
447,48,False,False,False,upper_bound,-0.1497822160588807,-0.005379338624126443,99,100
447,48,False,False,False,upper_bound_with_inhaler,-0.1497822160588807,-0.005379338624126443,99,101
447,48,False,False,True,one_hot,-0.08745008310652484,-0.08745008310652486,99,102
447,48,False,False,True,lower_bound,-0.1497822160588807,0.025960703734349895,99,103
447,48,False,False,True,midpoint,-0.1497822160588807,0.007272071293640647,99,104
447,48,False,False,True,midpoint_with_inhaler,-0.1497822160588807,0.007272071293640647,99,105
447,48,False,False,True,upper_bound,-0.1497822160588807,-0.005379338624126443,99,106
447,48,False,False,True,upper_bound_with_inhaler,-0.1497822160588807,-0.005379338624126443,99,107
447,48,False,True,False,one_hot,0.16251172456600335,0.16251172456600332,99,108
447,48,False,True,False,lower_bound,-0.06560677960405077,0.0,99,109
447,48,False,True,False,midpoint,-0.06560677960405077,-0.01019545571994973,99,110
447,48,False,True,False,midpoint_with_inhaler,-0.06560677960405077,-0.01019545571994973,99,111
447,48,False,True,False,upper_bound,-0.06560677960405077,-0.01907182654963792,99,112
447,48,False,True,False,upper_bound_with_inhaler,-0.06560677960405077,-0.01907182654963792,99,113
447,48,False,True,True,one_hot,0.16251172456600335,0.16251172456600332,99,114
447,48,False,True,True,lower_bound,-0.06560677960405077,0.0,99,115
447,48,False,True,True,midpoint,-0.06560677960405077,-0.01019545571994973,99,116
447,48,False,True,True,midpoint_with_inhaler,-0.06560677960405077,-0.01019545571994973,99,117
447,48,False,True,True,upper_bound,-0.06560677960405077,-0.01907182654963792,99,118
447,48,False,True,True,upper_bound_with_inhaler,-0.06560677960405077,-0.01907182654963792,99,119
447,48,True,False,False,one_hot,0.014473023494328023,0.014473023494328038,99,120
447,48,True,False,False,lower_bound,-0.10862632315853667,-0.06712926452094012,99,121
447,48,True,False,False,midpoint,-0.10862632315853667,-0.06167765040929691,99,122
447,48,True,False,False,midpoint_with_inhaler,-0.10862632315853667,-0.06167765040929691,99,123
447,48,True,False,False,upper_bound,-0.10862632315853667,-0.05789333093903736,99,124
447,48,True,False,False,upper_bound_with_inhaler,-0.10862632315853667,-0.05789333093903736,99,125
447,48,True,False,True,one_hot,0.014473023494328023,0.014473023494328038,99,126
447,48,True,False,True,lower_bound,-0.10862632315853667,-0.06712926452094012,99,127
447,48,True,False,True,midpoint,-0.10862632315853667,-0.06167765040929691,99,128
447,48,True,False,True,midpoint_with_inhaler,-0.10862632315853667,-0.06167765040929691,99,129
447,48,True,False,True,upper_bound,-0.10862632315853667,-0.05789333093903736,99,130
447,48,True,False,True,upper_bound_with_inhaler,-0.10862632315853667,-0.05789333093903736,99,131
454,12,False,False,False,one_hot,-0.2792011082900237,-0.2792011082900237,10,0
454,12,False,False,False,lower_bound,-0.7763384540551365,-0.7701155560600368,10,1
454,12,False,False,False,midpoint,-0.7763384540551365,-0.7391578943663725,10,2
454,12,False,False,False,midpoint_with_inhaler,-0.7763384540551365,-0.7391578943663725,10,3
454,12,False,False,False,upper_bound,-0.7763384540551365,-0.7066639483041322,10,4
454,12,False,False,False,upper_bound_with_inhaler,-0.7763384540551365,-0.7066639483041322,10,5
454,12,False,False,True,one_hot,-0.2792011082900237,-0.2792011082900237,10,6
454,12,False,False,True,lower_bound,-0.7763384540551365,-0.7701155560600368,10,7
454,12,False,False,True,midpoint,-0.7763384540551365,-0.7391578943663725,10,8
454,12,False,False,True,midpoint_with_inhaler,-0.7763384540551365,-0.7391578943663725,10,9
454,12,False,False,True,upper_bound,-0.7763384540551365,-0.7066639483041322,10,10
454,12,False,False,True,upper_bound_with_inhaler,-0.7763384540551365,-0.7066639483041322,10,11
454,12,False,True,False,one_hot,-0.11157177565710484,-0.11157177565710488,10,12
454,12,False,True,False,lower_bound,0.42471112321295634,0.3823634552553707,10,13
454,12,False,True,False,midpoint,0.42471112321295634,0.3733853124404352,10,14
454,12,False,True,False,midpoint_with_inhaler,0.42471112321295634,0.3733853124404352,10,15
454,12,False,True,False,upper_bound,0.42471112321295634,0.3465735902799726,10,16
454,12,False,True,False,upper_bound_with_inhaler,0.42471112321295634,0.3465735902799726,10,17
454,12,False,True,True,one_hot,-0.11157177565710484,-0.11157177565710488,10,18
454,12,False,True,True,lower_bound,0.42471112321295634,0.3823634552553707,10,19
454,12,False,True,True,midpoint,0.42471112321295634,0.3733853124404352,10,20
454,12,False,True,True,midpoint_with_inhaler,0.42471112321295634,0.3733853124404352,10,21
454,12,False,True,True,upper_bound,0.42471112321295634,0.3465735902799726,10,22
454,12,False,True,True,upper_bound_with_inhaler,0.42471112321295634,0.3465735902799726,10,23
454,12,True,False,False,one_hot,-0.1682361183106065,-0.16823611831060645,10,24
454,12,True,False,False,lower_bound,0.17757769212985586,0.2313736792773465,10,25
454,12,True,False,False,midpoint,0.17757769212985586,0.1832996825609489,10,26
454,12,True,False,False,midpoint_with_inhaler,0.17757769212985586,0.1832996825609489,10,27
454,12,True,False,False,upper_bound,0.17757769212985586,0.13930327192495387,10,28
454,12,True,False,False,upper_bound_with_inhaler,0.17757769212985586,0.13930327192495387,10,29
454,12,True,False,True,one_hot,-0.1682361183106065,-0.16823611831060645,10,30
454,12,True,False,True,lower_bound,0.17757769212985586,0.2313736792773465,10,31
454,12,True,False,True,midpoint,0.17757769212985586,0.1832996825609489,10,32
454,12,True,False,True,midpoint_with_inhaler,0.17757769212985586,0.1832996825609489,10,33
454,12,True,False,True,upper_bound,0.17757769212985586,0.13930327192495387,10,34
454,12,True,False,True,upper_bound_with_inhaler,0.17757769212985586,0.13930327192495387,10,35
454,24,False,False,False,one_hot,-0.11157177565710484,-0.11157177565710488,10,36
454,24,False,False,False,lower_bound,-0.42471112321295634,-0.41169857936008375,10,37
454,24,False,False,False,midpoint,-0.42471112321295634,-0.3792836722013749,10,38
454,24,False,False,False,midpoint_with_inhaler,-0.42471112321295634,-0.3792836722013749,10,39
454,24,False,False,False,upper_bound,-0.42471112321295634,-0.3465735902799726,10,40
454,24,False,False,False,upper_bound_with_inhaler,-0.42471112321295634,-0.3465735902799726,10,41
454,24,False,False,True,one_hot,-0.11157177565710484,-0.11157177565710488,10,42
454,24,False,False,True,lower_bound,-0.42471112321295634,-0.41169857936008375,10,43
454,24,False,False,True,midpoint,-0.42471112321295634,-0.3792836722013749,10,44
454,24,False,False,True,midpoint_with_inhaler,-0.42471112321295634,-0.3792836722013749,10,45
454,24,False,False,True,upper_bound,-0.42471112321295634,-0.3465735902799726,10,46
454,24,False,False,True,upper_bound_with_inhaler,-0.42471112321295634,-0.3465735902799726,10,47
454,24,False,True,False,one_hot,-0.11157177565710484,-0.11157177565710488,10,48
454,24,False,True,False,lower_bound,-0.272130719023544,-0.27054863969476217,10,49
454,24,False,True,False,midpoint,-0.272130719023544,-0.26250775180900127,10,50
454,24,False,True,False,midpoint_with_inhaler,-0.272130719023544,-0.26250775180900127,10,51
454,24,False,True,False,upper_bound,-0.272130719023544,-0.253762289053812,10,52
454,24,False,True,False,upper_bound_with_inhaler,-0.272130719023544,-0.253762289053812,10,53
454,24,False,True,True,one_hot,-0.11157177565710484,-0.11157177565710488,10,54
454,24,False,True,True,lower_bound,-0.272130719023544,-0.27054863969476217,10,55
454,24,False,True,True,midpoint,-0.272130719023544,-0.26250775180900127,10,56
454,24,False,True,True,midpoint_with_inhaler,-0.272130719023544,-0.26250775180900127,10,57
454,24,False,True,True,upper_bound,-0.272130719023544,-0.253762289053812,10,58
454,24,False,True,True,upper_bound_with_inhaler,-0.272130719023544,-0.253762289053812,10,59
454,24,True,False,False,one_hot,-0.11157177565710484,-0.11157177565710488,10,60
454,24,True,False,False,lower_bound,0.046036866479845596,0.024016914129469664,10,61
454,24,True,False,False,midpoint,0.046036866479845596,0.0805835544853108,10,62
454,24,True,False,False,midpoint_with_inhaler,0.046036866479845596,0.0805835544853108,10,63
454,24,True,False,False,upper_bound,0.046036866479845596,0.11693513370842917,10,64
454,24,True,False,False,upper_bound_with_inhaler,0.046036866479845596,0.11693513370842917,10,65
454,24,True,False,True,one_hot,-0.11157177565710484,-0.11157177565710488,10,66
454,24,True,False,True,lower_bound,0.046036866479845596,0.024016914129469664,10,67
454,24,True,False,True,midpoint,0.046036866479845596,0.0805835544853108,10,68
454,24,True,False,True,midpoint_with_inhaler,0.046036866479845596,0.0805835544853108,10,69
454,24,True,False,True,upper_bound,0.046036866479845596,0.11693513370842917,10,70
454,24,True,False,True,upper_bound_with_inhaler,0.046036866479845596,0.11693513370842917,10,71
454,36,False,False,False,one_hot,,,10,72
454,36,False,False,False,lower_bound,0.4925146640617127,0.48632164045098847,10,73
454,36,False,False,False,midpoint,0.4925146640617127,0.46717319278677194,10,74
454,36,False,False,False,midpoint_with_inhaler,0.4925146640617127,0.46717319278677194,10,75
454,36,False,False,False,upper_bound,0.4925146640617127,0.4405336215299342,10,76
454,36,False,False,False,upper_bound_with_inhaler,0.4925146640617127,0.4405336215299342,10,77
454,36,False,False,True,one_hot,,,10,78
454,36,False,False,True,lower_bound,0.4925146640617127,0.48632164045098847,10,79
454,36,False,False,True,midpoint,0.4925146640617127,0.46717319278677194,10,80
454,36,False,False,True,midpoint_with_inhaler,0.4925146640617127,0.46717319278677194,10,81
454,36,False,False,True,upper_bound,0.4925146640617127,0.4405336215299342,10,82
454,36,False,False,True,upper_bound_with_inhaler,0.4925146640617127,0.4405336215299342,10,83
454,36,True,False,False,one_hot,,,10,84
454,36,True,False,False,lower_bound,0.6610564164196208,0.5367671659021349,10,85
454,36,True,False,False,midpoint,0.6610564164196208,0.6747067900500832,10,86
454,36,True,False,False,midpoint_with_inhaler,0.6610564164196208,0.6747067900500832,10,87
454,36,True,False,False,upper_bound,0.6610564164196208,0.8047189562170499,10,88
454,36,True,False,False,upper_bound_with_inhaler,0.6610564164196208,0.8047189562170499,10,89
454,36,True,False,True,one_hot,,,10,90
454,36,True,False,True,lower_bound,0.6610564164196208,0.5367671659021349,10,91
454,36,True,False,True,midpoint,0.6610564164196208,0.6747067900500832,10,92
454,36,True,False,True,midpoint_with_inhaler,0.6610564164196208,0.6747067900500832,10,93
454,36,True,False,True,upper_bound,0.6610564164196208,0.8047189562170499,10,94
454,36,True,False,True,upper_bound_with_inhaler,0.6610564164196208,0.8047189562170499,10,95
454,48,False,False,False,one_hot,,,10,96
454,48,False,False,False,lower_bound,0.8535795127312148,0.8596117026361914,10,97
454,48,False,False,False,midpoint,0.8535795127312148,0.7812402035899084,10,98
454,48,False,False,False,midpoint_with_inhaler,0.8535795127312148,0.7812402035899084,10,99
454,48,False,False,False,upper_bound,0.8535795127312148,0.7066639483041324,10,100
454,48,False,False,False,upper_bound_with_inhaler,0.8535795127312148,0.7066639483041324,10,101
454,48,False,False,True,one_hot,,,10,102
454,48,False,False,True,lower_bound,0.8535795127312148,0.8596117026361914,10,103
454,48,False,False,True,midpoint,0.8535795127312148,0.7812402035899084,10,104
454,48,False,False,True,midpoint_with_inhaler,0.8535795127312148,0.7812402035899084,10,105
454,48,False,False,True,upper_bound,0.8535795127312148,0.7066639483041324,10,106
454,48,False,False,True,upper_bound_with_inhaler,0.8535795127312148,0.7066639483041324,10,107
454,48,False,True,False,one_hot,-0.1682361183106065,-0.16823611831060645,10,108
454,48,False,True,False,lower_bound,-0.5654200569753214,-0.5573756564757393,10,109
454,48,False,True,False,midpoint,-0.5654200569753214,-0.5885204978292116,10,110
454,48,False,True,False,midpoint_with_inhaler,-0.5654200569753214,-0.5885204978292116,10,111
454,48,False,True,False,upper_bound,-0.5654200569753214,-0.5934845967876861,10,112
454,48,False,True,False,upper_bound_with_inhaler,-0.5654200569753214,-0.5934845967876861,10,113
454,48,False,True,True,one_hot,-0.1682361183106065,-0.16823611831060645,10,114
454,48,False,True,True,lower_bound,-0.5654200569753214,-0.5573756564757393,10,115
454,48,False,True,True,midpoint,-0.5654200569753214,-0.5885204978292116,10,116
454,48,False,True,True,midpoint_with_inhaler,-0.5654200569753214,-0.5885204978292116,10,117
454,48,False,True,True,upper_bound,-0.5654200569753214,-0.5934845967876861,10,118
454,48,False,True,True,upper_bound_with_inhaler,-0.5654200569753214,-0.5934845967876861,10,119
454,48,True,False,False,one_hot,0.8047189562170504,0.8047189562170497,10,120
454,48,True,False,False,lower_bound,0.8239614585016202,0.6450505712787942,10,121
454,48,True,False,False,midpoint,0.8239614585016202,0.7675668105585594,10,122
454,48,True,False,False,midpoint_with_inhaler,0.8239614585016202,0.7675668105585594,10,123
454,48,True,False,False,upper_bound,0.8239614585016202,0.8518710106485171,10,124
454,48,True,False,False,upper_bound_with_inhaler,0.8239614585016202,0.8518710106485171,10,125
454,48,True,False,True,one_hot,0.8047189562170504,0.8047189562170497,10,126
454,48,True,False,True,lower_bound,0.8239614585016202,0.6450505712787942,10,127
454,48,True,False,True,midpoint,0.8239614585016202,0.7675668105585594,10,128
454,48,True,False,True,midpoint_with_inhaler,0.8239614585016202,0.7675668105585594,10,129
454,48,True,False,True,upper_bound,0.8239614585016202,0.8518710106485171,10,130
454,48,True,False,True,upper_bound_with_inhaler,0.8239614585016202,0.8518710106485171,10,131
473,12,False,False,False,one_hot,0.3859732304884611,0.3859732304884611,69,0
473,12,False,False,False,lower_bound,0.6609499848413001,0.8668198986766138,69,1
473,12,False,False,False,midpoint,0.6609499848413001,0.8673399026797318,69,2
473,12,False,False,False,midpoint_with_inhaler,0.6609499848413001,0.8673399026797318,69,3
473,12,False,False,False,upper_bound,0.6609499848413001,0.8519260413399193,69,4
473,12,False,False,False,upper_bound_with_inhaler,0.6609499848413001,0.8519260413399193,69,5
473,12,False,False,True,one_hot,0.3859732304884611,0.3859732304884611,69,6
473,12,False,False,True,lower_bound,0.6609499848413001,0.8668198986766138,69,7
473,12,False,False,True,midpoint,0.6609499848413001,0.8673399026797318,69,8
473,12,False,False,True,midpoint_with_inhaler,0.6609499848413001,0.8673399026797318,69,9
473,12,False,False,True,upper_bound,0.6609499848413001,0.8519260413399193,69,10
473,12,False,False,True,upper_bound_with_inhaler,0.6609499848413001,0.8519260413399193,69,11
473,12,False,True,False,one_hot,0.3783754651452394,0.37837546514523934,69,12
473,12,False,True,False,lower_bound,0.7050910420237505,0.9356330605340213,69,13
473,12,False,True,False,midpoint,0.7050910420237505,0.995659234430822,69,14
473,12,False,True,False,midpoint_with_inhaler,0.7050910420237505,0.995659234430822,69,15
473,12,False,True,False,upper_bound,0.7050910420237505,1.0308606883558904,69,16
473,12,False,True,False,upper_bound_with_inhaler,0.7050910420237505,1.0308606883558904,69,17
473,12,False,True,True,one_hot,0.3783754651452394,0.37837546514523934,69,18
473,12,False,True,True,lower_bound,0.7050910420237505,0.9356330605340213,69,19
473,12,False,True,True,midpoint,0.7050910420237505,0.995659234430822,69,20
473,12,False,True,True,midpoint_with_inhaler,0.7050910420237505,0.995659234430822,69,21
473,12,False,True,True,upper_bound,0.7050910420237505,1.0308606883558904,69,22
473,12,False,True,True,upper_bound_with_inhaler,0.7050910420237505,1.0308606883558904,69,23
473,12,True,False,False,one_hot,0.4280363769043009,0.42803637690430085,69,24
473,12,True,False,False,lower_bound,0.6024841113268047,0.7209366411557158,69,25
473,12,True,False,False,midpoint,0.6024841113268047,0.8094461555576573,69,26
473,12,True,False,False,midpoint_with_inhaler,0.6024841113268047,0.8094461555576573,69,27
473,12,True,False,False,upper_bound,0.6024841113268047,0.8716029798611128,69,28
473,12,True,False,False,upper_bound_with_inhaler,0.6024841113268047,0.8716029798611128,69,29
473,12,True,False,True,one_hot,0.4280363769043009,0.42803637690430085,69,30
473,12,True,False,True,lower_bound,0.6024841113268047,0.7209366411557158,69,31
473,12,True,False,True,midpoint,0.6024841113268047,0.8094461555576573,69,32
473,12,True,False,True,midpoint_with_inhaler,0.6024841113268047,0.8094461555576573,69,33
473,12,True,False,True,upper_bound,0.6024841113268047,0.8716029798611128,69,34
473,12,True,False,True,upper_bound_with_inhaler,0.6024841113268047,0.8716029798611128,69,35
473,24,False,False,False,one_hot,0.314988807397633,0.3149888073976331,69,36
473,24,False,False,False,lower_bound,0.6769662944441877,0.9851116766906869,69,37
473,24,False,False,False,midpoint,0.6769662944441877,1.026930025088079,69,38
473,24,False,False,False,midpoint_with_inhaler,0.6769662944441877,1.026930025088079,69,39
473,24,False,False,False,upper_bound,0.6769662944441877,1.0434106039182824,69,40
473,24,False,False,False,upper_bound_with_inhaler,0.6769662944441877,1.0434106039182824,69,41
473,24,False,False,True,one_hot,0.314988807397633,0.3149888073976331,69,42
473,24,False,False,True,lower_bound,0.6769662944441877,0.9851116766906869,69,43
473,24,False,False,True,midpoint,0.6769662944441877,1.026930025088079,69,44
473,24,False,False,True,midpoint_with_inhaler,0.6769662944441877,1.026930025088079,69,45
473,24,False,False,True,upper_bound,0.6769662944441877,1.0434106039182824,69,46
473,24,False,False,True,upper_bound_with_inhaler,0.6769662944441877,1.0434106039182824,69,47
473,24,False,True,False,one_hot,0.1124735919579293,0.1124735919579293,69,48
473,24,False,True,False,lower_bound,0.2634376045271351,0.4185734475653079,69,49
473,24,False,True,False,midpoint,0.2634376045271351,0.41787110726996884,69,50
473,24,False,True,False,midpoint_with_inhaler,0.2634376045271351,0.41787110726996884,69,51
473,24,False,True,False,upper_bound,0.2634376045271351,0.41537717773030897,69,52
473,24,False,True,False,upper_bound_with_inhaler,0.2634376045271351,0.41537717773030897,69,53
473,24,False,True,True,one_hot,0.1124735919579293,0.1124735919579293,69,54
473,24,False,True,True,lower_bound,0.2634376045271351,0.4185734475653079,69,55
473,24,False,True,True,midpoint,0.2634376045271351,0.41787110726996884,69,56
473,24,False,True,True,midpoint_with_inhaler,0.2634376045271351,0.41787110726996884,69,57
473,24,False,True,True,upper_bound,0.2634376045271351,0.41537717773030897,69,58
473,24,False,True,True,upper_bound_with_inhaler,0.2634376045271351,0.41537717773030897,69,59
473,24,True,False,False,one_hot,0.3662961788639589,0.36629617886395877,69,60
473,24,True,False,False,lower_bound,0.6836350759266496,1.0059671224494733,69,61
473,24,True,False,False,midpoint,0.6836350759266496,1.043923111386134,69,62
473,24,True,False,False,midpoint_with_inhaler,0.6836350759266496,1.043923111386134,69,63
473,24,True,False,False,upper_bound,0.6836350759266496,1.0585188047829661,69,64
473,24,True,False,False,upper_bound_with_inhaler,0.6836350759266496,1.0585188047829661,69,65
473,24,True,False,True,one_hot,0.3662961788639589,0.36629617886395877,69,66
473,24,True,False,True,lower_bound,0.6836350759266496,1.0059671224494733,69,67
473,24,True,False,True,midpoint,0.6836350759266496,1.043923111386134,69,68
473,24,True,False,True,midpoint_with_inhaler,0.6836350759266496,1.043923111386134,69,69
473,24,True,False,True,upper_bound,0.6836350759266496,1.0585188047829661,69,70
473,24,True,False,True,upper_bound_with_inhaler,0.6836350759266496,1.0585188047829661,69,71
473,36,False,False,False,one_hot,0.33424417481746355,0.33424417481746344,69,72
473,36,False,False,False,lower_bound,0.6619041619181069,0.8900783689369611,69,73
473,36,False,False,False,midpoint,0.6619041619181069,0.8692320385705337,69,74
473,36,False,False,False,midpoint_with_inhaler,0.6619041619181069,0.9123315519974388,69,75
473,36,False,False,False,upper_bound,0.6573172263561059,0.8333970706604324,69,76
473,36,False,False,False,upper_bound_with_inhaler,0.6619041619181069,0.9210462303069155,69,77
473,36,False,False,True,one_hot,0.33424417481746355,0.33424417481746344,69,78
473,36,False,False,True,lower_bound,0.6619041619181069,0.8900783689369611,69,79
473,36,False,False,True,midpoint,0.6619041619181069,0.8692320385705337,69,80
473,36,False,False,True,midpoint_with_inhaler,0.6619041619181069,0.9123315519974388,69,81
473,36,False,False,True,upper_bound,0.6573172263561059,0.8333970706604324,69,82
473,36,False,False,True,upper_bound_with_inhaler,0.6619041619181069,0.9210462303069155,69,83
473,36,True,False,False,one_hot,0.37001237598224446,0.37001237598224435,69,84
473,36,True,False,False,lower_bound,0.5106714892284451,0.676550055841731,69,85
473,36,True,False,False,midpoint,0.5106714892284451,0.6770519030478546,69,86
473,36,True,False,False,midpoint_with_inhaler,0.5106714892284451,0.6770519030478546,69,87
473,36,True,False,False,upper_bound,0.5106714892284451,0.6741180559881828,69,88
473,36,True,False,False,upper_bound_with_inhaler,0.5106714892284451,0.6741180559881828,69,89
473,36,True,False,True,one_hot,0.37001237598224446,0.37001237598224435,69,90
473,36,True,False,True,lower_bound,0.5106714892284451,0.676550055841731,69,91
473,36,True,False,True,midpoint,0.5106714892284451,0.6770519030478546,69,92
473,36,True,False,True,midpoint_with_inhaler,0.5106714892284451,0.6770519030478546,69,93
473,36,True,False,True,upper_bound,0.5106714892284451,0.6741180559881828,69,94
473,36,True,False,True,upper_bound_with_inhaler,0.5106714892284451,0.6741180559881828,69,95
473,48,False,False,False,one_hot,-0.0803838070040304,-0.08038380700403036,69,96
473,48,False,False,False,lower_bound,0.6355907946704338,0.8581722740428702,69,97
473,48,False,False,False,midpoint,0.6355907946704338,0.8240642137751151,69,98
473,48,False,False,False,midpoint_with_inhaler,0.6355907946704338,0.8528261914769104,69,99
473,48,False,False,False,upper_bound,0.6322030082560693,0.7790707723272262,69,100
473,48,False,False,False,upper_bound_with_inhaler,0.6355907946704338,0.8408354146588114,69,101
473,48,False,False,True,one_hot,-0.0803838070040304,-0.08038380700403036,69,102
473,48,False,False,True,lower_bound,0.6355907946704338,0.8581722740428702,69,103
473,48,False,False,True,midpoint,0.6355907946704338,0.8240642137751151,69,104
473,48,False,False,True,midpoint_with_inhaler,0.6355907946704338,0.8528261914769104,69,105
473,48,False,False,True,upper_bound,0.6322030082560693,0.7790707723272262,69,106
473,48,False,False,True,upper_bound_with_inhaler,0.6355907946704338,0.8408354146588114,69,107
473,48,False,True,False,one_hot,-0.14210344738559624,-0.14210344738559627,69,108
473,48,False,True,False,lower_bound,0.260665778329568,0.3300268751946018,69,109
473,48,False,True,False,midpoint,0.260665778329568,0.3483216591965968,69,110
473,48,False,True,False,midpoint_with_inhaler,0.260665778329568,0.3483216591965968,69,111
473,48,False,True,False,upper_bound,0.260665778329568,0.35796418800405444,69,112
473,48,False,True,False,upper_bound_with_inhaler,0.260665778329568,0.35796418800405444,69,113
473,48,False,True,True,one_hot,-0.14210344738559624,-0.14210344738559627,69,114
473,48,False,True,True,lower_bound,0.260665778329568,0.3300268751946018,69,115
473,48,False,True,True,midpoint,0.260665778329568,0.3483216591965968,69,116
473,48,False,True,True,midpoint_with_inhaler,0.260665778329568,0.3483216591965968,69,117
473,48,False,True,True,upper_bound,0.260665778329568,0.35796418800405444,69,118
473,48,False,True,True,upper_bound_with_inhaler,0.260665778329568,0.35796418800405444,69,119
473,48,True,False,False,one_hot,0.1431250423007682,0.14312504230076817,69,120
473,48,True,False,False,lower_bound,0.3769128048249346,0.540934374342063,69,121
473,48,True,False,False,midpoint,0.3769128048249346,0.5419392753400395,69,122
473,48,True,False,False,midpoint_with_inhaler,0.3769128048249346,0.5419392753400395,69,123
473,48,True,False,False,upper_bound,0.3769128048249346,0.5392728480632619,69,124
473,48,True,False,False,upper_bound_with_inhaler,0.3769128048249346,0.5392728480632619,69,125
473,48,True,False,True,one_hot,0.1431250423007682,0.14312504230076817,69,126
473,48,True,False,True,lower_bound,0.3769128048249346,0.540934374342063,69,127
473,48,True,False,True,midpoint,0.3769128048249346,0.5419392753400395,69,128
473,48,True,False,True,midpoint_with_inhaler,0.3769128048249346,0.5419392753400395,69,129
473,48,True,False,True,upper_bound,0.3769128048249346,0.5392728480632619,69,130
473,48,True,False,True,upper_bound_with_inhaler,0.3769128048249346,0.5392728480632619,69,131
514,12,False,False,False,one_hot,0.18753759100167677,0.18753759100167677,54,0
514,12,False,False,False,lower_bound,0.1781310463097711,0.1361954685573232,54,1
514,12,False,False,False,midpoint,0.1781310463097711,0.15450200808000233,54,2
514,12,False,False,False,midpoint_with_inhaler,0.1781310463097711,0.15450200808000233,54,3
514,12,False,False,False,upper_bound,0.1781310463097711,0.16363109319226388,54,4
514,12,False,False,False,upper_bound_with_inhaler,0.1781310463097711,0.16363109319226388,54,5
514,12,False,False,True,one_hot,0.18753759100167677,0.18753759100167677,54,6
514,12,False,False,True,lower_bound,0.1781310463097711,0.1361954685573232,54,7
514,12,False,False,True,midpoint,0.1781310463097711,0.15450200808000233,54,8
514,12,False,False,True,midpoint_with_inhaler,0.1781310463097711,0.15450200808000233,54,9
514,12,False,False,True,upper_bound,0.1781310463097711,0.16363109319226388,54,10
514,12,False,False,True,upper_bound_with_inhaler,0.1781310463097711,0.16363109319226388,54,11
514,12,False,True,False,one_hot,0.015189267930405493,0.015189267930405473,54,12
514,12,False,True,False,lower_bound,0.004526812115283277,-0.027554532094643834,54,13
514,12,False,True,False,midpoint,0.004526812115283277,-0.015408925339917402,54,14
514,12,False,True,False,midpoint_with_inhaler,0.004526812115283277,-0.015408925339917402,54,15
514,12,False,True,False,upper_bound,0.004526812115283277,-0.008456577724953734,54,16
514,12,False,True,False,upper_bound_with_inhaler,0.004526812115283277,-0.008456577724953734,54,17
514,12,False,True,True,one_hot,0.015189267930405493,0.015189267930405473,54,18
514,12,False,True,True,lower_bound,0.004526812115283277,-0.027554532094643834,54,19
514,12,False,True,True,midpoint,0.004526812115283277,-0.015408925339917402,54,20
514,12,False,True,True,midpoint_with_inhaler,0.004526812115283277,-0.015408925339917402,54,21
514,12,False,True,True,upper_bound,0.004526812115283277,-0.008456577724953734,54,22
514,12,False,True,True,upper_bound_with_inhaler,0.004526812115283277,-0.008456577724953734,54,23
514,12,True,False,False,one_hot,0.2218928715446779,0.2218928715446779,54,24
514,12,True,False,False,lower_bound,0.20591802826195418,0.14265580683774703,54,25
514,12,True,False,False,midpoint,0.20591802826195418,0.16930173981795088,54,26
514,12,True,False,False,midpoint_with_inhaler,0.20591802826195418,0.16930173981795088,54,27
514,12,True,False,False,upper_bound,0.20591802826195418,0.18305897235012336,54,28
514,12,True,False,False,upper_bound_with_inhaler,0.20591802826195418,0.18305897235012336,54,29
514,12,True,False,True,one_hot,0.2218928715446779,0.2218928715446779,54,30
514,12,True,False,True,lower_bound,0.20591802826195418,0.14265580683774703,54,31
514,12,True,False,True,midpoint,0.20591802826195418,0.16930173981795088,54,32
514,12,True,False,True,midpoint_with_inhaler,0.20591802826195418,0.16930173981795088,54,33
514,12,True,False,True,upper_bound,0.20591802826195418,0.18305897235012336,54,34
514,12,True,False,True,upper_bound_with_inhaler,0.20591802826195418,0.18305897235012336,54,35
514,24,False,False,False,one_hot,0.016749847027813076,0.01674984702781304,54,36
514,24,False,False,False,lower_bound,0.009244318533694921,-0.01380876556528126,54,37
514,24,False,False,False,midpoint,0.009244318533694921,-0.0049972314679004644,54,38
514,24,False,False,False,midpoint_with_inhaler,0.009244318533694921,-0.0049972314679004644,54,39
514,24,False,False,False,upper_bound,0.009244318533694921,-6.591949208711867e-17,54,40
514,24,False,False,False,upper_bound_with_inhaler,0.009244318533694921,-6.591949208711867e-17,54,41
514,24,False,False,True,one_hot,0.016749847027813076,0.01674984702781304,54,42
514,24,False,False,True,lower_bound,0.009244318533694921,-0.01380876556528126,54,43
514,24,False,False,True,midpoint,0.009244318533694921,-0.0049972314679004644,54,44
514,24,False,False,True,midpoint_with_inhaler,0.009244318533694921,-0.0049972314679004644,54,45
514,24,False,False,True,upper_bound,0.009244318533694921,-6.591949208711867e-17,54,46
514,24,False,False,True,upper_bound_with_inhaler,0.009244318533694921,-6.591949208711867e-17,54,47
514,24,False,True,False,one_hot,0.07153668951098016,0.07153668951098016,54,48
514,24,False,True,False,lower_bound,0.06216137563354685,0.02944702448503282,54,49
514,24,False,True,False,midpoint,0.06216137563354685,0.04264200552128809,54,50
514,24,False,True,False,midpoint_with_inhaler,0.06216137563354685,0.04264200552128809,54,51
514,24,False,True,False,upper_bound,0.06216137563354685,0.04974366181266404,54,52
514,24,False,True,False,upper_bound_with_inhaler,0.06216137563354685,0.04974366181266404,54,53
514,24,False,True,True,one_hot,0.07153668951098016,0.07153668951098016,54,54
514,24,False,True,True,lower_bound,0.06216137563354685,0.02944702448503282,54,55
514,24,False,True,True,midpoint,0.06216137563354685,0.04264200552128809,54,56
514,24,False,True,True,midpoint_with_inhaler,0.06216137563354685,0.04264200552128809,54,57
514,24,False,True,True,upper_bound,0.06216137563354685,0.04974366181266404,54,58
514,24,False,True,True,upper_bound_with_inhaler,0.06216137563354685,0.04974366181266404,54,59
514,24,True,False,False,one_hot,0.08024388720010953,0.08024388720010946,54,60
514,24,True,False,False,lower_bound,0.06971993056333776,0.03301916004208534,54,61
514,24,True,False,False,midpoint,0.06971993056333776,0.047818688928108095,54,62
514,24,True,False,False,midpoint_with_inhaler,0.06971993056333776,0.047818688928108095,54,63
514,24,True,False,False,upper_bound,0.06971993056333776,0.05578561824803589,54,64
514,24,True,False,False,upper_bound_with_inhaler,0.06971993056333776,0.05578561824803589,54,65
514,24,True,False,True,one_hot,0.08024388720010953,0.08024388720010946,54,66
514,24,True,False,True,lower_bound,0.06971993056333776,0.03301916004208534,54,67
514,24,True,False,True,midpoint,0.06971993056333776,0.047818688928108095,54,68
514,24,True,False,True,midpoint_with_inhaler,0.06971993056333776,0.047818688928108095,54,69
514,24,True,False,True,upper_bound,0.06971993056333776,0.05578561824803589,54,70
514,24,True,False,True,upper_bound_with_inhaler,0.06971993056333776,0.05578561824803589,54,71
514,36,False,False,False,one_hot,0.12885853898814215,0.12885853898814212,54,72
514,36,False,False,False,lower_bound,0.11655999690089856,0.07099919207618144,54,73
514,36,False,False,False,midpoint,0.11655999690089856,0.08978084294815931,54,74
514,36,False,False,False,midpoint_with_inhaler,0.11655999690089856,0.08978084294815931,54,75
514,36,False,False,False,upper_bound,0.11655999690089856,0.09967819923753142,54,76
514,36,False,False,False,upper_bound_with_inhaler,0.11655999690089856,0.09967819923753142,54,77
514,36,False,False,True,one_hot,0.12885853898814215,0.12885853898814212,54,78
514,36,False,False,True,lower_bound,0.11655999690089856,0.07099919207618144,54,79
514,36,False,False,True,midpoint,0.11655999690089856,0.08978084294815931,54,80
514,36,False,False,True,midpoint_with_inhaler,0.11655999690089856,0.08978084294815931,54,81
514,36,False,False,True,upper_bound,0.11655999690089856,0.09967819923753142,54,82
514,36,False,False,True,upper_bound_with_inhaler,0.11655999690089856,0.09967819923753142,54,83
514,36,True,False,False,one_hot,-0.0250004255064307,-0.02500042550643073,54,84
514,36,True,False,False,lower_bound,-0.03193845025784858,-0.05008732055539636,54,85
514,36,True,False,False,midpoint,-0.03193845025784858,-0.04370939738104176,54,86
514,36,True,False,False,midpoint_with_inhaler,-0.03193845025784858,-0.04370939738104176,54,87
514,36,True,False,False,upper_bound,-0.03193845025784858,-0.03978311353889521,54,88
514,36,True,False,False,upper_bound_with_inhaler,-0.03193845025784858,-0.03978311353889521,54,89
514,36,True,False,True,one_hot,-0.0250004255064307,-0.02500042550643073,54,90
514,36,True,False,True,lower_bound,-0.03193845025784858,-0.05008732055539636,54,91
514,36,True,False,True,midpoint,-0.03193845025784858,-0.04370939738104176,54,92
514,36,True,False,True,midpoint_with_inhaler,-0.03193845025784858,-0.04370939738104176,54,93
514,36,True,False,True,upper_bound,-0.03193845025784858,-0.03978311353889521,54,94
514,36,True,False,True,upper_bound_with_inhaler,-0.03193845025784858,-0.03978311353889521,54,95
514,48,False,False,False,one_hot,0.1347967825901057,0.1347967825901057,54,96
514,48,False,False,False,lower_bound,0.14947035274529896,0.1814686220224058,54,97
514,48,False,False,False,midpoint,0.14947035274529896,0.17156827734648647,54,98
514,48,False,False,False,midpoint_with_inhaler,0.14947035274529896,0.17156827734648647,54,99
514,48,False,False,False,upper_bound,0.14947035274529896,0.1646605291862527,54,100
514,48,False,False,False,upper_bound_with_inhaler,0.14947035274529896,0.1646605291862527,54,101
514,48,False,False,True,one_hot,0.1347967825901057,0.1347967825901057,54,102
514,48,False,False,True,lower_bound,0.14947035274529896,0.1814686220224058,54,103
514,48,False,False,True,midpoint,0.14947035274529896,0.17156827734648647,54,104
514,48,False,False,True,midpoint_with_inhaler,0.14947035274529896,0.17156827734648647,54,105
514,48,False,False,True,upper_bound,0.14947035274529896,0.1646605291862527,54,106
514,48,False,False,True,upper_bound_with_inhaler,0.14947035274529896,0.1646605291862527,54,107
514,48,False,True,False,one_hot,0.18117625215253677,0.18117625215253677,54,108
514,48,False,True,False,lower_bound,0.20187683839444545,0.24787426067865256,54,109
514,48,False,True,False,midpoint,0.20187683839444545,0.23345357331778802,54,110
514,48,False,True,False,midpoint_with_inhaler,0.20187683839444545,0.23345357331778802,54,111
514,48,False,True,False,upper_bound,0.20187683839444545,0.22351506646056118,54,112
514,48,False,True,False,upper_bound_with_inhaler,0.20187683839444545,0.22351506646056118,54,113
514,48,False,True,True,one_hot,0.18117625215253677,0.18117625215253677,54,114
514,48,False,True,True,lower_bound,0.20187683839444545,0.24787426067865256,54,115
514,48,False,True,True,midpoint,0.20187683839444545,0.23345357331778802,54,116
514,48,False,True,True,midpoint_with_inhaler,0.20187683839444545,0.23345357331778802,54,117
514,48,False,True,True,upper_bound,0.20187683839444545,0.22351506646056118,54,118
514,48,False,True,True,upper_bound_with_inhaler,0.20187683839444545,0.22351506646056118,54,119
514,48,True,False,False,one_hot,0.02928179433783383,0.02928179433783383,54,120
514,48,True,False,False,lower_bound,0.02053202267689658,-0.007098375736870598,54,121
514,48,True,False,False,midpoint,0.02053202267689658,0.003596501082179903,54,122
514,48,True,False,False,midpoint_with_inhaler,0.02053202267689658,0.003596501082179903,54,123
514,48,True,False,False,upper_bound,0.02053202267689658,0.009587796750850626,54,124
514,48,True,False,False,upper_bound_with_inhaler,0.02053202267689658,0.009587796750850626,54,125
514,48,True,False,True,one_hot,0.02928179433783383,0.02928179433783383,54,126
514,48,True,False,True,lower_bound,0.02053202267689658,-0.007098375736870598,54,127
514,48,True,False,True,midpoint,0.02053202267689658,0.003596501082179903,54,128
514,48,True,False,True,midpoint_with_inhaler,0.02053202267689658,0.003596501082179903,54,129
514,48,True,False,True,upper_bound,0.02053202267689658,0.009587796750850626,54,130
514,48,True,False,True,upper_bound_with_inhaler,0.02053202267689658,0.009587796750850626,54,131
625,12,False,False,False,one_hot,0.06719641605384019,0.0671964160538402,62,0
625,12,False,False,False,lower_bound,0.0685916690030434,0.028655079894355978,62,1
625,12,False,False,False,midpoint,0.0685916690030434,0.03968310416313643,62,2
625,12,False,False,False,midpoint_with_inhaler,0.0685916690030434,0.03968310416313643,62,3
625,12,False,False,False,upper_bound,0.0685916690030434,0.04743430180200924,62,4
625,12,False,False,False,upper_bound_with_inhaler,0.0685916690030434,0.04743430180200924,62,5
625,12,False,False,True,one_hot,0.06719641605384019,0.0671964160538402,62,6
625,12,False,False,True,lower_bound,0.0685916690030434,0.028655079894355978,62,7
625,12,False,False,True,midpoint,0.0685916690030434,0.03968310416313643,62,8
625,12,False,False,True,midpoint_with_inhaler,0.0685916690030434,0.03968310416313643,62,9
625,12,False,False,True,upper_bound,0.0685916690030434,0.04743430180200924,62,10
625,12,False,False,True,upper_bound_with_inhaler,0.0685916690030434,0.04743430180200924,62,11
625,12,False,True,False,one_hot,0.1443802047195365,0.14438020471953655,62,12
625,12,False,True,False,lower_bound,0.11964236276316197,0.04591946692728545,62,13
625,12,False,True,False,midpoint,0.11964236276316197,0.08259620395486807,62,14
625,12,False,True,False,midpoint_with_inhaler,0.11964236276316197,0.08259620395486807,62,15
625,12,False,True,False,upper_bound,0.11964236276316197,0.10669898962642112,62,16
625,12,False,True,False,upper_bound_with_inhaler,0.11964236276316197,0.10669898962642112,62,17
625,12,False,True,True,one_hot,0.1443802047195365,0.14438020471953655,62,18
625,12,False,True,True,lower_bound,0.11964236276316197,0.04591946692728545,62,19
625,12,False,True,True,midpoint,0.11964236276316197,0.08259620395486807,62,20
625,12,False,True,True,midpoint_with_inhaler,0.11964236276316197,0.08259620395486807,62,21
625,12,False,True,True,upper_bound,0.11964236276316197,0.10669898962642112,62,22
625,12,False,True,True,upper_bound_with_inhaler,0.11964236276316197,0.10669898962642112,62,23
625,12,True,False,False,one_hot,0.1303744362972426,0.1303744362972426,62,24
625,12,True,False,False,lower_bound,0.11310569628940073,0.3714862626767261,62,25
625,12,True,False,False,midpoint,0.11310569628940073,0.3615240246333297,62,26
625,12,True,False,False,midpoint_with_inhaler,0.11310569628940073,0.3615240246333297,62,27
625,12,True,False,False,upper_bound,0.11310569628940073,0.35343931511389975,62,28
625,12,True,False,False,upper_bound_with_inhaler,0.11310569628940073,0.35343931511389975,62,29
625,12,True,False,True,one_hot,0.1303744362972426,0.1303744362972426,62,30
625,12,True,False,True,lower_bound,0.11310569628940073,0.3714862626767261,62,31
625,12,True,False,True,midpoint,0.11310569628940073,0.3615240246333297,62,32
625,12,True,False,True,midpoint_with_inhaler,0.11310569628940073,0.3615240246333297,62,33
625,12,True,False,True,upper_bound,0.11310569628940073,0.35343931511389975,62,34
625,12,True,False,True,upper_bound_with_inhaler,0.11310569628940073,0.35343931511389975,62,35
625,24,False,False,False,one_hot,0.16680339884723994,0.16680339884723994,62,36
625,24,False,False,False,lower_bound,0.10249795558332872,-0.0583215261281964,62,37
625,24,False,False,False,midpoint,0.10249795558332872,-0.03925048368687597,62,38
625,24,False,False,False,midpoint_with_inhaler,0.10249795558332872,-0.03925048368687597,62,39
625,24,False,False,False,upper_bound,0.10249795558332872,-0.024614229443158473,62,40
625,24,False,False,False,upper_bound_with_inhaler,0.10249795558332872,-0.024614229443158473,62,41
625,24,False,False,True,one_hot,0.16680339884723994,0.16680339884723994,62,42
625,24,False,False,True,lower_bound,0.10249795558332872,-0.0583215261281964,62,43
625,24,False,False,True,midpoint,0.10249795558332872,-0.03925048368687597,62,44
625,24,False,False,True,midpoint_with_inhaler,0.10249795558332872,-0.03925048368687597,62,45
625,24,False,False,True,upper_bound,0.10249795558332872,-0.024614229443158473,62,46
625,24,False,False,True,upper_bound_with_inhaler,0.10249795558332872,-0.024614229443158473,62,47
625,24,False,True,False,one_hot,0.19696947067221823,0.19696947067221823,62,48
625,24,False,True,False,lower_bound,0.10730611760424426,-0.020607896946467898,62,49
625,24,False,True,False,midpoint,0.10730611760424426,-0.0008380450837013673,62,50
625,24,False,True,False,midpoint_with_inhaler,0.10730611760424426,-0.0008380450837013673,62,51
625,24,False,True,False,upper_bound,0.10730611760424426,0.012976153458680877,62,52
625,24,False,True,False,upper_bound_with_inhaler,0.10730611760424426,0.012976153458680877,62,53
625,24,False,True,True,one_hot,0.19696947067221823,0.19696947067221823,62,54
625,24,False,True,True,lower_bound,0.10730611760424426,-0.020607896946467898,62,55
625,24,False,True,True,midpoint,0.10730611760424426,-0.0008380450837013673,62,56
625,24,False,True,True,midpoint_with_inhaler,0.10730611760424426,-0.0008380450837013673,62,57
625,24,False,True,True,upper_bound,0.10730611760424426,0.012976153458680877,62,58
625,24,False,True,True,upper_bound_with_inhaler,0.10730611760424426,0.012976153458680877,62,59
625,24,True,False,False,one_hot,0.3040139993440315,0.3040139993440315,62,60
625,24,True,False,False,lower_bound,0.21642531488766464,-0.00330448005298529,62,61
625,24,True,False,False,midpoint,0.21642531488766464,0.002446921061170095,62,62
625,24,True,False,False,midpoint_with_inhaler,0.21642531488766464,0.002446921061170095,62,63
625,24,True,False,False,upper_bound,0.21642531488766464,0.008621223587754754,62,64
625,24,True,False,False,upper_bound_with_inhaler,0.21642531488766464,0.008621223587754754,62,65
625,24,True,False,True,one_hot,0.3040139993440315,0.3040139993440315,62,66
625,24,True,False,True,lower_bound,0.21642531488766464,-0.00330448005298529,62,67
625,24,True,False,True,midpoint,0.21642531488766464,0.002446921061170095,62,68
625,24,True,False,True,midpoint_with_inhaler,0.21642531488766464,0.002446921061170095,62,69
625,24,True,False,True,upper_bound,0.21642531488766464,0.008621223587754754,62,70
625,24,True,False,True,upper_bound_with_inhaler,0.21642531488766464,0.008621223587754754,62,71
625,36,False,False,False,one_hot,0.243267671068481,0.2432676710684809,62,72
625,36,False,False,False,lower_bound,0.20201753588449645,0.02848604091102376,62,73
625,36,False,False,False,midpoint,0.20201753588449645,0.03413520408884734,62,74
625,36,False,False,False,midpoint_with_inhaler,0.20201753588449645,0.03413520408884734,62,75
625,36,False,False,False,upper_bound,0.20201753588449645,0.03942020702502544,62,76
625,36,False,False,False,upper_bound_with_inhaler,0.20201753588449645,0.03942020702502544,62,77
625,36,False,False,True,one_hot,0.243267671068481,0.2432676710684809,62,78
625,36,False,False,True,lower_bound,0.20201753588449645,0.02848604091102376,62,79
625,36,False,False,True,midpoint,0.20201753588449645,0.03413520408884734,62,80
625,36,False,False,True,midpoint_with_inhaler,0.20201753588449645,0.03413520408884734,62,81
625,36,False,False,True,upper_bound,0.20201753588449645,0.03942020702502544,62,82
625,36,False,False,True,upper_bound_with_inhaler,0.20201753588449645,0.03942020702502544,62,83
625,36,True,False,False,one_hot,0.025977312625109803,0.025977312625109803,62,84
625,36,True,False,False,lower_bound,-0.004908380359913856,-0.09245926477627336,62,85
625,36,True,False,False,midpoint,-0.004908380359913856,-0.08424134910987797,62,86
625,36,True,False,False,midpoint_with_inhaler,-0.004908380359913856,-0.08424134910987797,62,87
625,36,True,False,False,upper_bound,-0.004908380359913856,-0.07831353199789046,62,88
625,36,True,False,False,upper_bound_with_inhaler,-0.004908380359913856,-0.07831353199789046,62,89
625,36,True,False,True,one_hot,0.025977312625109803,0.025977312625109803,62,90
625,36,True,False,True,lower_bound,-0.004908380359913856,-0.09245926477627336,62,91
625,36,True,False,True,midpoint,-0.004908380359913856,-0.08424134910987797,62,92
625,36,True,False,True,midpoint_with_inhaler,-0.004908380359913856,-0.08424134910987797,62,93
625,36,True,False,True,upper_bound,-0.004908380359913856,-0.07831353199789046,62,94
625,36,True,False,True,upper_bound_with_inhaler,-0.004908380359913856,-0.07831353199789046,62,95
625,48,False,False,False,one_hot,0.0807905257624538,0.08079052576245381,62,96
625,48,False,False,False,lower_bound,0.11971852025454609,0.13898105088061413,62,97
625,48,False,False,False,midpoint,0.11971852025454609,0.1258521316061382,62,98
625,48,False,False,False,midpoint_with_inhaler,0.11971852025454609,0.1258521316061382,62,99
625,48,False,False,False,upper_bound,0.11971852025454609,0.11653464548128185,62,100
625,48,False,False,False,upper_bound_with_inhaler,0.11971852025454609,0.11653464548128185,62,101
625,48,False,False,True,one_hot,0.0807905257624538,0.08079052576245381,62,102
625,48,False,False,True,lower_bound,0.11971852025454609,0.13898105088061413,62,103
625,48,False,False,True,midpoint,0.11971852025454609,0.1258521316061382,62,104
625,48,False,False,True,midpoint_with_inhaler,0.11971852025454609,0.1258521316061382,62,105
625,48,False,False,True,upper_bound,0.11971852025454609,0.11653464548128185,62,106
625,48,False,False,True,upper_bound_with_inhaler,0.11971852025454609,0.11653464548128185,62,107
625,48,False,True,False,one_hot,-0.0713626268097308,-0.07136262680973085,62,108
625,48,False,True,False,lower_bound,-0.031196400464946587,0.04148274181201149,62,109
625,48,False,True,False,midpoint,-0.031196400464946587,0.017730193842891137,62,110
625,48,False,True,False,midpoint_with_inhaler,-0.031196400464946587,0.017730193842891137,62,111
625,48,False,True,False,upper_bound,-0.031196400464946587,0.0010485973499372706,62,112
625,48,False,True,False,upper_bound_with_inhaler,-0.031196400464946587,0.0010485973499372706,62,113
625,48,False,True,True,one_hot,-0.0713626268097308,-0.07136262680973085,62,114
625,48,False,True,True,lower_bound,-0.031196400464946587,0.04148274181201149,62,115
625,48,False,True,True,midpoint,-0.031196400464946587,0.017730193842891137,62,116
625,48,False,True,True,midpoint_with_inhaler,-0.031196400464946587,0.017730193842891137,62,117
625,48,False,True,True,upper_bound,-0.031196400464946587,0.0010485973499372706,62,118
625,48,False,True,True,upper_bound_with_inhaler,-0.031196400464946587,0.0010485973499372706,62,119
625,48,True,False,False,one_hot,-0.08281891873396394,-0.08281891873396394,62,120
625,48,True,False,False,lower_bound,-0.07037616161299545,-0.0037726521754539552,62,121
625,48,True,False,False,midpoint,-0.07037616161299545,-0.028953275666111545,62,122
625,48,True,False,False,midpoint_with_inhaler,-0.07037616161299545,-0.028953275666111545,62,123
625,48,True,False,False,upper_bound,-0.07037616161299545,-0.04503104463110866,62,124
625,48,True,False,False,upper_bound_with_inhaler,-0.07037616161299545,-0.04503104463110866,62,125
625,48,True,False,True,one_hot,-0.08281891873396394,-0.08281891873396394,62,126
625,48,True,False,True,lower_bound,-0.07037616161299545,-0.0037726521754539552,62,127
625,48,True,False,True,midpoint,-0.07037616161299545,-0.028953275666111545,62,128
625,48,True,False,True,midpoint_with_inhaler,-0.07037616161299545,-0.028953275666111545,62,129
625,48,True,False,True,upper_bound,-0.07037616161299545,-0.04503104463110866,62,130
625,48,True,False,True,upper_bound_with_inhaler,-0.07037616161299545,-0.04503104463110866,62,131
701,12,False,False,False,one_hot,,,127,0
701,12,False,False,False,lower_bound,0.03104033575930035,-0.05717253702392051,127,1
701,12,False,False,False,midpoint,0.03104033575930035,-0.02840449878617949,127,2
701,12,False,False,False,midpoint_with_inhaler,0.03104033575930035,-0.02840449878617949,127,3
701,12,False,False,False,upper_bound,0.03104033575930035,-0.00539116503872143,127,4
701,12,False,False,False,upper_bound_with_inhaler,0.03104033575930035,-0.00539116503872143,127,5
701,12,False,False,True,one_hot,,,127,6
701,12,False,False,True,lower_bound,0.03104033575930035,-0.05717253702392051,127,7
701,12,False,False,True,midpoint,0.03104033575930035,-0.02840449878617949,127,8
701,12,False,False,True,midpoint_with_inhaler,0.03104033575930035,-0.02840449878617949,127,9
701,12,False,False,True,upper_bound,0.03104033575930035,-0.00539116503872143,127,10
701,12,False,False,True,upper_bound_with_inhaler,0.03104033575930035,-0.00539116503872143,127,11
701,12,False,True,False,one_hot,,,127,12
701,12,False,True,False,lower_bound,0.021979697528341828,0.0006541500755452929,127,13
701,12,False,True,False,midpoint,0.021979697528341828,-0.004113196456228967,127,14
701,12,False,True,False,midpoint_with_inhaler,0.021979697528341828,-0.004113196456228967,127,15
701,12,False,True,False,upper_bound,0.021979697528341828,-0.007303641575400447,127,16
701,12,False,True,False,upper_bound_with_inhaler,0.021979697528341828,-0.007303641575400447,127,17
701,12,False,True,True,one_hot,,,127,18
701,12,False,True,True,lower_bound,0.021979697528341828,0.0006541500755452929,127,19
701,12,False,True,True,midpoint,0.021979697528341828,-0.004113196456228967,127,20
701,12,False,True,True,midpoint_with_inhaler,0.021979697528341828,-0.004113196456228967,127,21
701,12,False,True,True,upper_bound,0.021979697528341828,-0.007303641575400447,127,22
701,12,False,True,True,upper_bound_with_inhaler,0.021979697528341828,-0.007303641575400447,127,23
701,12,True,False,False,one_hot,,,127,24
701,12,True,False,False,lower_bound,0.10281010450489489,0.03908489057955974,127,25
701,12,True,False,False,midpoint,0.10281010450489489,0.07236491247806252,127,26
701,12,True,False,False,midpoint_with_inhaler,0.10281010450489489,0.07236491247806252,127,27
701,12,True,False,False,upper_bound,0.10281010450489489,0.09498454706776105,127,28
701,12,True,False,False,upper_bound_with_inhaler,0.10281010450489489,0.09498454706776105,127,29
701,12,True,False,True,one_hot,,,127,30
701,12,True,False,True,lower_bound,0.10281010450489489,0.03908489057955974,127,31
701,12,True,False,True,midpoint,0.10281010450489489,0.07236491247806252,127,32
701,12,True,False,True,midpoint_with_inhaler,0.10281010450489489,0.07236491247806252,127,33
701,12,True,False,True,upper_bound,0.10281010450489489,0.09498454706776105,127,34
701,12,True,False,True,upper_bound_with_inhaler,0.10281010450489489,0.09498454706776105,127,35
701,24,False,False,False,one_hot,,,127,36
701,24,False,False,False,lower_bound,0.10841358150527738,0.07174751861452003,127,37
701,24,False,False,False,midpoint,0.10841358150527738,0.07815634881266326,127,38
701,24,False,False,False,midpoint_with_inhaler,0.10841358150527738,0.07815634881266326,127,39
701,24,False,False,False,upper_bound,0.10841358150527738,0.07901120837507036,127,40
701,24,False,False,False,upper_bound_with_inhaler,0.10841358150527738,0.07901120837507036,127,41
701,24,False,False,True,one_hot,,,127,42
701,24,False,False,True,lower_bound,0.10841358150527738,0.07174751861452003,127,43
701,24,False,False,True,midpoint,0.10841358150527738,0.07815634881266326,127,44
701,24,False,False,True,midpoint_with_inhaler,0.10841358150527738,0.07815634881266326,127,45
701,24,False,False,True,upper_bound,0.10841358150527738,0.07901120837507036,127,46
701,24,False,False,True,upper_bound_with_inhaler,0.10841358150527738,0.07901120837507036,127,47
701,24,False,True,False,one_hot,,,127,48
701,24,False,True,False,lower_bound,-0.07233593271025675,-0.10053502803722354,127,49
701,24,False,True,False,midpoint,-0.07233593271025675,-0.10364869301270517,127,50
701,24,False,True,False,midpoint_with_inhaler,-0.07233593271025675,-0.10364869301270517,127,51
701,24,False,True,False,upper_bound,-0.07233593271025675,-0.10910159636748991,127,52
701,24,False,True,False,upper_bound_with_inhaler,-0.07233593271025675,-0.10910159636748991,127,53
701,24,False,True,True,one_hot,,,127,54
701,24,False,True,True,lower_bound,-0.07233593271025675,-0.10053502803722354,127,55
701,24,False,True,True,midpoint,-0.07233593271025675,-0.10364869301270517,127,56
701,24,False,True,True,midpoint_with_inhaler,-0.07233593271025675,-0.10364869301270517,127,57
701,24,False,True,True,upper_bound,-0.07233593271025675,-0.10910159636748991,127,58
701,24,False,True,True,upper_bound_with_inhaler,-0.07233593271025675,-0.10910159636748991,127,59
701,24,True,False,False,one_hot,,,127,60
701,24,True,False,False,lower_bound,-0.07790980841052524,-0.0968843619434056,127,61
701,24,True,False,False,midpoint,-0.07790980841052524,-0.0977738116943193,127,62
701,24,True,False,False,midpoint_with_inhaler,-0.07790980841052524,-0.0977738116943193,127,63
701,24,True,False,False,upper_bound,-0.07790980841052524,-0.09416312723846323,127,64
701,24,True,False,False,upper_bound_with_inhaler,-0.07790980841052524,-0.09416312723846323,127,65
701,24,True,False,True,one_hot,,,127,66
701,24,True,False,True,lower_bound,-0.07790980841052524,-0.0968843619434056,127,67
701,24,True,False,True,midpoint,-0.07790980841052524,-0.0977738116943193,127,68
701,24,True,False,True,midpoint_with_inhaler,-0.07790980841052524,-0.0977738116943193,127,69
701,24,True,False,True,upper_bound,-0.07790980841052524,-0.09416312723846323,127,70
701,24,True,False,True,upper_bound_with_inhaler,-0.07790980841052524,-0.09416312723846323,127,71
701,36,False,False,False,one_hot,,,127,72
701,36,False,False,False,lower_bound,0.09258263433222541,0.007904118992611387,127,73
701,36,False,False,False,midpoint,0.09258263433222541,0.03466512295506642,127,74
701,36,False,False,False,midpoint_with_inhaler,0.09258263433222541,0.03466512295506642,127,75
701,36,False,False,False,upper_bound,0.09258263433222541,0.048668854133684554,127,76
701,36,False,False,False,upper_bound_with_inhaler,0.09258263433222541,0.048668854133684554,127,77
701,36,False,False,True,one_hot,,,127,78
701,36,False,False,True,lower_bound,0.09258263433222541,0.007904118992611387,127,79
701,36,False,False,True,midpoint,0.09258263433222541,0.03466512295506642,127,80
701,36,False,False,True,midpoint_with_inhaler,0.09258263433222541,0.03466512295506642,127,81
701,36,False,False,True,upper_bound,0.09258263433222541,0.048668854133684554,127,82
701,36,False,False,True,upper_bound_with_inhaler,0.09258263433222541,0.048668854133684554,127,83
701,36,True,False,False,one_hot,,,127,84
701,36,True,False,False,lower_bound,0.07458357513519212,0.03962922814187861,127,85
701,36,True,False,False,midpoint,0.07458357513519212,0.054641013218181225,127,86
701,36,True,False,False,midpoint_with_inhaler,0.07458357513519212,0.054641013218181225,127,87
701,36,True,False,False,upper_bound,0.07458357513519212,0.06385733043718447,127,88
701,36,True,False,False,upper_bound_with_inhaler,0.07458357513519212,0.06385733043718447,127,89
701,36,True,False,True,one_hot,,,127,90
701,36,True,False,True,lower_bound,0.07458357513519212,0.03962922814187861,127,91
701,36,True,False,True,midpoint,0.07458357513519212,0.054641013218181225,127,92
701,36,True,False,True,midpoint_with_inhaler,0.07458357513519212,0.054641013218181225,127,93
701,36,True,False,True,upper_bound,0.07458357513519212,0.06385733043718447,127,94
701,36,True,False,True,upper_bound_with_inhaler,0.07458357513519212,0.06385733043718447,127,95
701,48,False,False,False,one_hot,,,127,96
701,48,False,False,False,lower_bound,0.13269286468775432,0.1358997835303791,127,97
701,48,False,False,False,midpoint,0.13269286468775432,0.12643566755414165,127,98
701,48,False,False,False,midpoint_with_inhaler,0.13269286468775432,0.12643566755414165,127,99
701,48,False,False,False,upper_bound,0.13269286468775432,0.1180877320478837,127,100
701,48,False,False,False,upper_bound_with_inhaler,0.13269286468775432,0.1180877320478837,127,101
701,48,False,False,True,one_hot,,,127,102
701,48,False,False,True,lower_bound,0.13269286468775432,0.1358997835303791,127,103
701,48,False,False,True,midpoint,0.13269286468775432,0.12643566755414165,127,104
701,48,False,False,True,midpoint_with_inhaler,0.13269286468775432,0.12643566755414165,127,105
701,48,False,False,True,upper_bound,0.13269286468775432,0.1180877320478837,127,106
701,48,False,False,True,upper_bound_with_inhaler,0.13269286468775432,0.1180877320478837,127,107
701,48,False,True,False,one_hot,,,127,108
701,48,False,True,False,lower_bound,0.013893837157227296,-0.0050075913704835705,127,109
701,48,False,True,False,midpoint,0.013893837157227296,0.01681978509531619,127,110
701,48,False,True,False,midpoint_with_inhaler,0.013893837157227296,0.01681978509531619,127,111
701,48,False,True,False,upper_bound,0.013893837157227296,0.03082175547087783,127,112
701,48,False,True,False,upper_bound_with_inhaler,0.013893837157227296,0.03082175547087783,127,113
701,48,False,True,True,one_hot,,,127,114
701,48,False,True,True,lower_bound,0.013893837157227296,-0.0050075913704835705,127,115
701,48,False,True,True,midpoint,0.013893837157227296,0.01681978509531619,127,116
701,48,False,True,True,midpoint_with_inhaler,0.013893837157227296,0.01681978509531619,127,117
701,48,False,True,True,upper_bound,0.013893837157227296,0.03082175547087783,127,118
701,48,False,True,True,upper_bound_with_inhaler,0.013893837157227296,0.03082175547087783,127,119
701,48,True,False,False,one_hot,,,127,120
701,48,True,False,False,lower_bound,-0.156227371377785,-0.12827997929689297,127,121
701,48,True,False,False,midpoint,-0.156227371377785,-0.10928816805290421,127,122
701,48,True,False,False,midpoint_with_inhaler,-0.156227371377785,-0.10928816805290421,127,123
701,48,True,False,False,upper_bound,-0.156227371377785,-0.09240963424172226,127,124
701,48,True,False,False,upper_bound_with_inhaler,-0.156227371377785,-0.09240963424172226,127,125
701,48,True,False,True,one_hot,,,127,126
701,48,True,False,True,lower_bound,-0.156227371377785,-0.12827997929689297,127,127
701,48,True,False,True,midpoint,-0.156227371377785,-0.10928816805290421,127,128
701,48,True,False,True,midpoint_with_inhaler,-0.156227371377785,-0.10928816805290421,127,129
701,48,True,False,True,upper_bound,-0.156227371377785,-0.09240963424172226,127,130
701,48,True,False,True,upper_bound_with_inhaler,-0.156227371377785,-0.09240963424172226,127,131
702,12,False,False,False,one_hot,0.544506265771503,0.544506265771503,124,0
702,12,False,False,False,lower_bound,0.5992124278736141,0.9693184471322516,124,1
702,12,False,False,False,midpoint,0.5992124278736141,0.8626435669336303,124,2
702,12,False,False,False,midpoint_with_inhaler,0.5992124278736141,0.8626435669336303,124,3
702,12,False,False,False,upper_bound,0.5992124278736141,0.7943171315140276,124,4
702,12,False,False,False,upper_bound_with_inhaler,0.5992124278736141,0.7943171315140276,124,5
702,12,False,False,True,one_hot,0.544506265771503,0.544506265771503,124,6
702,12,False,False,True,lower_bound,0.5992124278736141,0.9693184471322516,124,7
702,12,False,False,True,midpoint,0.5992124278736141,0.8626435669336303,124,8
702,12,False,False,True,midpoint_with_inhaler,0.5992124278736141,0.8626435669336303,124,9
702,12,False,False,True,upper_bound,0.5992124278736141,0.7943171315140276,124,10
702,12,False,False,True,upper_bound_with_inhaler,0.5992124278736141,0.7943171315140276,124,11
702,12,False,True,False,one_hot,0.26329559850904255,0.26329559850904255,124,12
702,12,False,True,False,lower_bound,0.34763816522200586,0.5140775661970503,124,13
702,12,False,True,False,midpoint,0.34763816522200586,0.4945683709220714,124,14
702,12,False,True,False,midpoint_with_inhaler,0.34763816522200586,0.4945683709220714,124,15
702,12,False,True,False,upper_bound,0.34763816522200586,0.47549931734140155,124,16
702,12,False,True,False,upper_bound_with_inhaler,0.34763816522200586,0.47549931734140155,124,17
702,12,False,True,True,one_hot,0.26329559850904255,0.26329559850904255,124,18
702,12,False,True,True,lower_bound,0.34763816522200586,0.5140775661970503,124,19
702,12,False,True,True,midpoint,0.34763816522200586,0.4945683709220714,124,20
702,12,False,True,True,midpoint_with_inhaler,0.34763816522200586,0.4945683709220714,124,21
702,12,False,True,True,upper_bound,0.34763816522200586,0.47549931734140155,124,22
702,12,False,True,True,upper_bound_with_inhaler,0.34763816522200586,0.47549931734140155,124,23
702,12,True,False,False,one_hot,0.3203937145644276,0.32039371456442767,124,24
702,12,True,False,False,lower_bound,0.4159350571884442,0.79142424717926,124,25
702,12,True,False,False,midpoint,0.4159350571884442,0.7601850756299647,124,26
702,12,True,False,False,midpoint_with_inhaler,0.4159350571884442,0.7601850756299647,124,27
702,12,True,False,False,upper_bound,0.4159350571884442,0.7330673753586779,124,28
702,12,True,False,False,upper_bound_with_inhaler,0.4159350571884442,0.7330673753586779,124,29
702,12,True,False,True,one_hot,0.3203937145644276,0.32039371456442767,124,30
702,12,True,False,True,lower_bound,0.4159350571884442,0.79142424717926,124,31
702,12,True,False,True,midpoint,0.4159350571884442,0.7601850756299647,124,32
702,12,True,False,True,midpoint_with_inhaler,0.4159350571884442,0.7601850756299647,124,33
702,12,True,False,True,upper_bound,0.4159350571884442,0.7330673753586779,124,34
702,12,True,False,True,upper_bound_with_inhaler,0.4159350571884442,0.7330673753586779,124,35
702,24,False,False,False,one_hot,0.38001244731791345,0.38001244731791334,124,36
702,24,False,False,False,lower_bound,0.5060966771305784,1.004322770554728,124,37
702,24,False,False,False,midpoint,0.5060966771305784,0.91722279750935,124,38
702,24,False,False,False,midpoint_with_inhaler,0.5060966771305784,0.91722279750935,124,39
702,24,False,False,False,upper_bound,0.5060966771305784,0.8563199232349419,124,40
702,24,False,False,False,upper_bound_with_inhaler,0.5060966771305784,0.8563199232349419,124,41
702,24,False,False,True,one_hot,0.38001244731791345,0.38001244731791334,124,42
702,24,False,False,True,lower_bound,0.5060966771305784,1.004322770554728,124,43
702,24,False,False,True,midpoint,0.5060966771305784,0.91722279750935,124,44
702,24,False,False,True,midpoint_with_inhaler,0.5060966771305784,0.91722279750935,124,45
702,24,False,False,True,upper_bound,0.5060966771305784,0.8563199232349419,124,46
702,24,False,False,True,upper_bound_with_inhaler,0.5060966771305784,0.8563199232349419,124,47
702,24,False,True,False,one_hot,0.4674693368488214,0.46746933684882125,124,48
702,24,False,True,False,lower_bound,0.5546444339007406,1.0059956446358367,124,49
702,24,False,True,False,midpoint,0.5546444339007406,0.9397023779213584,124,50
702,24,False,True,False,midpoint_with_inhaler,0.5546444339007406,0.9397023779213584,124,51
702,24,False,True,False,upper_bound,0.5546444339007406,0.8917458048375861,124,52
702,24,False,True,False,upper_bound_with_inhaler,0.5546444339007406,0.8917458048375861,124,53
702,24,False,True,True,one_hot,0.4674693368488214,0.46746933684882125,124,54
702,24,False,True,True,lower_bound,0.5546444339007406,1.0059956446358367,124,55
702,24,False,True,True,midpoint,0.5546444339007406,0.9397023779213584,124,56
702,24,False,True,True,midpoint_with_inhaler,0.5546444339007406,0.9397023779213584,124,57
702,24,False,True,True,upper_bound,0.5546444339007406,0.8917458048375861,124,58
702,24,False,True,True,upper_bound_with_inhaler,0.5546444339007406,0.8917458048375861,124,59
702,24,True,False,False,one_hot,0.49079966661440655,0.4907996666144065,124,60
702,24,True,False,False,lower_bound,0.5797354575869982,0.9482677411768448,124,61
702,24,True,False,False,midpoint,0.5797354575869982,0.9175009026421362,124,62
702,24,True,False,False,midpoint_with_inhaler,0.5797354575869982,0.9175009026421362,124,63
702,24,True,False,False,upper_bound,0.5797354575869982,0.8869981063624734,124,64
702,24,True,False,False,upper_bound_with_inhaler,0.5797354575869982,0.8869981063624734,124,65
702,24,True,False,True,one_hot,0.49079966661440655,0.4907996666144065,124,66
702,24,True,False,True,lower_bound,0.5797354575869982,0.9482677411768448,124,67
702,24,True,False,True,midpoint,0.5797354575869982,0.9175009026421362,124,68
702,24,True,False,True,midpoint_with_inhaler,0.5797354575869982,0.9175009026421362,124,69
702,24,True,False,True,upper_bound,0.5797354575869982,0.8869981063624734,124,70
702,24,True,False,True,upper_bound_with_inhaler,0.5797354575869982,0.8869981063624734,124,71
702,36,False,False,False,one_hot,0.4527286085277064,0.4527286085277064,124,72
702,36,False,False,False,lower_bound,0.6023890792415556,1.0942587691367358,124,73
702,36,False,False,False,midpoint,0.6023890792415556,1.0630913447477575,124,74
702,36,False,False,False,midpoint_with_inhaler,0.6023890792415556,1.0630913447477575,124,75
702,36,False,False,False,upper_bound,0.6023890792415556,1.0258443956676973,124,76
702,36,False,False,False,upper_bound_with_inhaler,0.6023890792415556,1.0258443956676973,124,77
702,36,False,False,True,one_hot,0.4527286085277064,0.4527286085277064,124,78
702,36,False,False,True,lower_bound,0.6023890792415556,1.0942587691367358,124,79
702,36,False,False,True,midpoint,0.6023890792415556,1.0630913447477575,124,80
702,36,False,False,True,midpoint_with_inhaler,0.6023890792415556,1.0630913447477575,124,81
702,36,False,False,True,upper_bound,0.6023890792415556,1.0258443956676973,124,82
702,36,False,False,True,upper_bound_with_inhaler,0.6023890792415556,1.0258443956676973,124,83
702,36,True,False,False,one_hot,0.3478785101428636,0.34787851014286353,124,84
702,36,True,False,False,lower_bound,0.4195301804071666,0.7316574342122381,124,85
702,36,True,False,False,midpoint,0.4195301804071666,0.6733752092498249,124,86
702,36,True,False,False,midpoint_with_inhaler,0.4195301804071666,0.6733752092498249,124,87
702,36,True,False,False,upper_bound,0.4195301804071666,0.6287229194350086,124,88
702,36,True,False,False,upper_bound_with_inhaler,0.4195301804071666,0.6287229194350086,124,89
702,36,True,False,True,one_hot,0.3478785101428636,0.34787851014286353,124,90
702,36,True,False,True,lower_bound,0.4195301804071666,0.7316574342122381,124,91
702,36,True,False,True,midpoint,0.4195301804071666,0.6733752092498249,124,92
702,36,True,False,True,midpoint_with_inhaler,0.4195301804071666,0.6733752092498249,124,93
702,36,True,False,True,upper_bound,0.4195301804071666,0.6287229194350086,124,94
702,36,True,False,True,upper_bound_with_inhaler,0.4195301804071666,0.6287229194350086,124,95
702,48,False,False,False,one_hot,0.36463625739861166,0.3646362573986115,124,96
702,48,False,False,False,lower_bound,0.585995622372564,1.152631350735787,124,97
702,48,False,False,False,midpoint,0.585995622372564,1.092023358288472,124,98
702,48,False,False,False,midpoint_with_inhaler,0.585995622372564,1.092023358288472,124,99
702,48,False,False,False,upper_bound,0.585995622372564,1.0359228843267896,124,100
702,48,False,False,False,upper_bound_with_inhaler,0.585995622372564,1.0359228843267896,124,101
702,48,False,False,True,one_hot,0.36463625739861166,0.3646362573986115,124,102
702,48,False,False,True,lower_bound,0.585995622372564,1.152631350735787,124,103
702,48,False,False,True,midpoint,0.585995622372564,1.092023358288472,124,104
702,48,False,False,True,midpoint_with_inhaler,0.585995622372564,1.092023358288472,124,105
702,48,False,False,True,upper_bound,0.585995622372564,1.0359228843267896,124,106
702,48,False,False,True,upper_bound_with_inhaler,0.585995622372564,1.0359228843267896,124,107
702,48,False,True,False,one_hot,0.25435278343848633,0.25435278343848633,124,108
702,48,False,True,False,lower_bound,0.31907537238647865,0.5057006168167457,124,109
702,48,False,True,False,midpoint,0.31907537238647865,0.46729391075941035,124,110
702,48,False,True,False,midpoint_with_inhaler,0.31907537238647865,0.46729391075941035,124,111
702,48,False,True,False,upper_bound,0.31907537238647865,0.43636160436695853,124,112
702,48,False,True,False,upper_bound_with_inhaler,0.31907537238647865,0.43636160436695853,124,113
702,48,False,True,True,one_hot,0.25435278343848633,0.25435278343848633,124,114
702,48,False,True,True,lower_bound,0.31907537238647865,0.5057006168167457,124,115
702,48,False,True,True,midpoint,0.31907537238647865,0.46729391075941035,124,116
702,48,False,True,True,midpoint_with_inhaler,0.31907537238647865,0.46729391075941035,124,117
702,48,False,True,True,upper_bound,0.31907537238647865,0.43636160436695853,124,118
702,48,False,True,True,upper_bound_with_inhaler,0.31907537238647865,0.43636160436695853,124,119
702,48,True,False,False,one_hot,0.31172866301945584,0.31172866301945584,124,120
702,48,True,False,False,lower_bound,0.37215070291054947,0.5726002439123976,124,121
702,48,True,False,False,midpoint,0.37215070291054947,0.5412143406098163,124,122
702,48,True,False,False,midpoint_with_inhaler,0.37215070291054947,0.5412143406098163,124,123
702,48,True,False,False,upper_bound,0.37215070291054947,0.5157963980674379,124,124
702,48,True,False,False,upper_bound_with_inhaler,0.37215070291054947,0.5157963980674379,124,125
702,48,True,False,True,one_hot,0.31172866301945584,0.31172866301945584,124,126
702,48,True,False,True,lower_bound,0.37215070291054947,0.5726002439123976,124,127
702,48,True,False,True,midpoint,0.37215070291054947,0.5412143406098163,124,128
702,48,True,False,True,midpoint_with_inhaler,0.37215070291054947,0.5412143406098163,124,129
702,48,True,False,True,upper_bound,0.37215070291054947,0.5157963980674379,124,130
702,48,True,False,True,upper_bound_with_inhaler,0.37215070291054947,0.5157963980674379,124,131
917,12,False,False,False,one_hot,0.6894278330666723,0.6894278330666723,9,0
917,12,False,False,False,lower_bound,0.8332341464454481,1.0095852860300658,9,1
917,12,False,False,False,midpoint,0.8332341464454481,1.0955050625838174,9,2
917,12,False,False,False,midpoint_with_inhaler,0.8332341464454481,1.0955050625838174,9,3
917,12,False,False,False,upper_bound,0.8332341464454481,1.1275023745613129,9,4
917,12,False,False,False,upper_bound_with_inhaler,0.8332341464454481,1.1275023745613129,9,5
917,12,False,False,True,one_hot,0.6894278330666723,0.6894278330666723,9,6
917,12,False,False,True,lower_bound,0.8332341464454481,1.0095852860300658,9,7
917,12,False,False,True,midpoint,0.8332341464454481,1.0955050625838174,9,8
917,12,False,False,True,midpoint_with_inhaler,0.8332341464454481,1.0955050625838174,9,9
917,12,False,False,True,upper_bound,0.8332341464454481,1.1275023745613129,9,10
917,12,False,False,True,upper_bound_with_inhaler,0.8332341464454481,1.1275023745613129,9,11
917,12,False,True,False,one_hot,,,9,12
917,12,False,True,False,lower_bound,0.6180504884326661,0.7035604231035818,9,13
917,12,False,True,False,midpoint,0.6180504884326661,0.7298126309912129,9,14
917,12,False,True,False,midpoint_with_inhaler,0.6180504884326661,0.7298126309912129,9,15
917,12,False,True,False,upper_bound,0.6180504884326661,0.7268943752396454,9,16
917,12,False,True,False,upper_bound_with_inhaler,0.6180504884326661,0.7268943752396454,9,17
917,12,False,True,True,one_hot,,,9,18
917,12,False,True,True,lower_bound,0.6180504884326661,0.7035604231035818,9,19
917,12,False,True,True,midpoint,0.6180504884326661,0.7298126309912129,9,20
917,12,False,True,True,midpoint_with_inhaler,0.6180504884326661,0.7298126309912129,9,21
917,12,False,True,True,upper_bound,0.6180504884326661,0.7268943752396454,9,22
917,12,False,True,True,upper_bound_with_inhaler,0.6180504884326661,0.7268943752396454,9,23
917,12,True,False,False,one_hot,0.4180480042601457,0.4180480042601458,9,24
917,12,True,False,False,lower_bound,0.7448649741840664,0.9791317192731284,9,25
917,12,True,False,False,midpoint,0.7448649741840664,1.0555991737057728,9,26
917,12,True,False,False,midpoint_with_inhaler,0.7448649741840664,1.0555991737057728,9,27
917,12,True,False,False,upper_bound,0.7448649741840664,1.0784647724540606,9,28
917,12,True,False,False,upper_bound_with_inhaler,0.7448649741840664,1.0784647724540606,9,29
917,12,True,False,True,one_hot,0.4180480042601457,0.4180480042601458,9,30
917,12,True,False,True,lower_bound,0.7448649741840664,0.9791317192731284,9,31
917,12,True,False,True,midpoint,0.7448649741840664,1.0555991737057728,9,32
917,12,True,False,True,midpoint_with_inhaler,0.7448649741840664,1.0555991737057728,9,33
917,12,True,False,True,upper_bound,0.7448649741840664,1.0784647724540606,9,34
917,12,True,False,True,upper_bound_with_inhaler,0.7448649741840664,1.0784647724540606,9,35
917,24,False,False,False,one_hot,,,9,36
917,24,False,False,False,lower_bound,1.0504964803398442,1.0060215624546425,9,37
917,24,False,False,False,midpoint,1.0504964803398442,0.967357691385958,9,38
917,24,False,False,False,midpoint_with_inhaler,1.0504964803398442,0.967357691385958,9,39
917,24,False,False,False,upper_bound,1.0504964803398442,0.9134966818603683,9,40
917,24,False,False,False,upper_bound_with_inhaler,1.0504964803398442,0.9134966818603683,9,41
917,24,False,False,True,one_hot,,,9,42
917,24,False,False,True,lower_bound,1.0504964803398442,1.0060215624546425,9,43
917,24,False,False,True,midpoint,1.0504964803398442,0.967357691385958,9,44
917,24,False,False,True,midpoint_with_inhaler,1.0504964803398442,0.967357691385958,9,45
917,24,False,False,True,upper_bound,1.0504964803398442,0.9134966818603683,9,46
917,24,False,False,True,upper_bound_with_inhaler,1.0504964803398442,0.9134966818603683,9,47
917,24,False,True,False,one_hot,-0.32745015023725854,-0.32745015023725854,9,48
917,24,False,True,False,lower_bound,-0.08986376080845397,0.23769402819213933,9,49
917,24,False,True,False,midpoint,-0.08986376080845397,0.2731499029337792,9,50
917,24,False,True,False,midpoint_with_inhaler,-0.08986376080845397,0.2731499029337792,9,51
917,24,False,True,False,upper_bound,-0.08986376080845397,0.2907692890372517,9,52
917,24,False,True,False,upper_bound_with_inhaler,-0.08986376080845397,0.2907692890372517,9,53
917,24,False,True,True,one_hot,-0.32745015023725854,-0.32745015023725854,9,54
917,24,False,True,True,lower_bound,-0.08986376080845397,0.23769402819213933,9,55
917,24,False,True,True,midpoint,-0.08986376080845397,0.2731499029337792,9,56
917,24,False,True,True,midpoint_with_inhaler,-0.08986376080845397,0.2731499029337792,9,57
917,24,False,True,True,upper_bound,-0.08986376080845397,0.2907692890372517,9,58
917,24,False,True,True,upper_bound_with_inhaler,-0.08986376080845397,0.2907692890372517,9,59
917,24,True,False,False,one_hot,-0.32745015023725854,-0.3274501502372585,9,60
917,24,True,False,False,lower_bound,0.518648607903353,0.6000011988402923,9,61
917,24,True,False,False,midpoint,0.518648607903353,0.608348117767971,9,62
917,24,True,False,False,midpoint_with_inhaler,0.518648607903353,0.608348117767971,9,63
917,24,True,False,False,upper_bound,0.518648607903353,0.6011295952622464,9,64
917,24,True,False,False,upper_bound_with_inhaler,0.518648607903353,0.6011295952622464,9,65
917,24,True,False,True,one_hot,-0.32745015023725854,-0.3274501502372585,9,66
917,24,True,False,True,lower_bound,0.518648607903353,0.6000011988402923,9,67
917,24,True,False,True,midpoint,0.518648607903353,0.608348117767971,9,68
917,24,True,False,True,midpoint_with_inhaler,0.518648607903353,0.608348117767971,9,69
917,24,True,False,True,upper_bound,0.518648607903353,0.6011295952622464,9,70
917,24,True,False,True,upper_bound_with_inhaler,0.518648607903353,0.6011295952622464,9,71
917,36,False,False,False,one_hot,,,9,72
917,36,False,False,False,lower_bound,0.10317275439268318,0.5128970465231268,9,73
917,36,False,False,False,midpoint,0.10317275439268318,0.38663197616910816,9,74
917,36,False,False,False,midpoint_with_inhaler,0.10317275439268318,0.38663197616910816,9,75
917,36,False,False,False,upper_bound,0.10317275439268318,0.2966231932774774,9,76
917,36,False,False,False,upper_bound_with_inhaler,0.10317275439268318,0.2966231932774774,9,77
917,36,False,False,True,one_hot,,,9,78
917,36,False,False,True,lower_bound,0.10317275439268318,0.5128970465231268,9,79
917,36,False,False,True,midpoint,0.10317275439268318,0.38663197616910816,9,80
917,36,False,False,True,midpoint_with_inhaler,0.10317275439268318,0.38663197616910816,9,81
917,36,False,False,True,upper_bound,0.10317275439268318,0.2966231932774774,9,82
917,36,False,False,True,upper_bound_with_inhaler,0.10317275439268318,0.2966231932774774,9,83
917,36,True,False,False,one_hot,,,9,84
917,36,True,False,False,lower_bound,-0.326828205002209,-0.19592486364179112,9,85
917,36,True,False,False,midpoint,-0.326828205002209,-0.24734007043385367,9,86
917,36,True,False,False,midpoint_with_inhaler,-0.326828205002209,-0.24734007043385367,9,87
917,36,True,False,False,upper_bound,-0.326828205002209,-0.27811877570891785,9,88
917,36,True,False,False,upper_bound_with_inhaler,-0.326828205002209,-0.27811877570891785,9,89
917,36,True,False,True,one_hot,,,9,90
917,36,True,False,True,lower_bound,-0.326828205002209,-0.19592486364179112,9,91
917,36,True,False,True,midpoint,-0.326828205002209,-0.24734007043385367,9,92
917,36,True,False,True,midpoint_with_inhaler,-0.326828205002209,-0.24734007043385367,9,93
917,36,True,False,True,upper_bound,-0.326828205002209,-0.27811877570891785,9,94
917,36,True,False,True,upper_bound_with_inhaler,-0.326828205002209,-0.27811877570891785,9,95
917,48,False,False,False,one_hot,,,9,96
917,48,False,False,False,lower_bound,0.23147037122109018,0.5408639937976073,9,97
917,48,False,False,False,midpoint,0.23147037122109018,0.39801080318154713,9,98
917,48,False,False,False,midpoint_with_inhaler,0.23147037122109018,0.45085791442182493,9,99
917,48,False,False,False,upper_bound,0.17067428894456657,0.2718671751787059,9,100
917,48,False,False,False,upper_bound_with_inhaler,0.23147037122109018,0.32628013965507974,9,101
917,48,False,False,True,one_hot,,,9,102
917,48,False,False,True,lower_bound,0.23147037122109018,0.5408639937976073,9,103
917,48,False,False,True,midpoint,0.23147037122109018,0.39801080318154713,9,104
917,48,False,False,True,midpoint_with_inhaler,0.23147037122109018,0.45085791442182493,9,105
917,48,False,False,True,upper_bound,0.17067428894456657,0.2718671751787059,9,106
917,48,False,False,True,upper_bound_with_inhaler,0.23147037122109018,0.32628013965507974,9,107
917,48,False,True,False,one_hot,,,9,108
917,48,False,True,False,lower_bound,-0.058352928455820914,-0.030361169872344124,9,109
917,48,False,True,False,midpoint,-0.058352928455820914,-0.09384342299017567,9,110
917,48,False,True,False,midpoint_with_inhaler,-0.058352928455820914,-0.09384342299017567,9,111
917,48,False,True,False,upper_bound,-0.058352928455820914,-0.1377962146633096,9,112
917,48,False,True,False,upper_bound_with_inhaler,-0.058352928455820914,-0.1377962146633096,9,113
917,48,False,True,True,one_hot,,,9,114
917,48,False,True,True,lower_bound,-0.058352928455820914,-0.030361169872344124,9,115
917,48,False,True,True,midpoint,-0.058352928455820914,-0.09384342299017567,9,116
917,48,False,True,True,midpoint_with_inhaler,-0.058352928455820914,-0.09384342299017567,9,117
917,48,False,True,True,upper_bound,-0.058352928455820914,-0.1377962146633096,9,118
917,48,False,True,True,upper_bound_with_inhaler,-0.058352928455820914,-0.1377962146633096,9,119
917,48,True,False,False,one_hot,,,9,120
917,48,True,False,False,lower_bound,0.46750150883587294,0.7479595278380026,9,121
917,48,True,False,False,midpoint,0.46750150883587294,0.7939050421912031,9,122
917,48,True,False,False,midpoint_with_inhaler,0.46750150883587294,0.7939050421912031,9,123
917,48,True,False,False,upper_bound,0.46750150883587294,0.8143519233488112,9,124
917,48,True,False,False,upper_bound_with_inhaler,0.46750150883587294,0.8143519233488112,9,125
917,48,True,False,True,one_hot,,,9,126
917,48,True,False,True,lower_bound,0.46750150883587294,0.7479595278380026,9,127
917,48,True,False,True,midpoint,0.46750150883587294,0.7939050421912031,9,128
917,48,True,False,True,midpoint_with_inhaler,0.46750150883587294,0.7939050421912031,9,129
917,48,True,False,True,upper_bound,0.46750150883587294,0.8143519233488112,9,130
917,48,True,False,True,upper_bound_with_inhaler,0.46750150883587294,0.8143519233488112,9,131
939,12,False,False,False,one_hot,-0.09746338736332168,-0.09746338736332169,158,0
939,12,False,False,False,lower_bound,0.2799508730536034,0.29050342763616094,158,1
939,12,False,False,False,midpoint,0.2799508730536034,0.25826943046820905,158,2
939,12,False,False,False,midpoint_with_inhaler,0.2799508730536034,0.25826943046820905,158,3
939,12,False,False,False,upper_bound,0.2799508730536034,0.22762549329246837,158,4
939,12,False,False,False,upper_bound_with_inhaler,0.2799508730536034,0.22762549329246837,158,5
939,12,False,False,True,one_hot,-0.09746338736332168,-0.09746338736332169,158,6
939,12,False,False,True,lower_bound,0.2799508730536034,0.29050342763616094,158,7
939,12,False,False,True,midpoint,0.2799508730536034,0.25826943046820905,158,8
939,12,False,False,True,midpoint_with_inhaler,0.2799508730536034,0.25826943046820905,158,9
939,12,False,False,True,upper_bound,0.2799508730536034,0.22762549329246837,158,10
939,12,False,False,True,upper_bound_with_inhaler,0.2799508730536034,0.22762549329246837,158,11
939,12,False,True,False,one_hot,,,158,12
939,12,False,True,False,lower_bound,0.3006060499201927,0.4161298220845091,158,13
939,12,False,True,False,midpoint,0.3006060499201927,0.390272399938436,158,14
939,12,False,True,False,midpoint_with_inhaler,0.3006060499201927,0.390272399938436,158,15
939,12,False,True,False,upper_bound,0.3006060499201927,0.36114402353076835,158,16
939,12,False,True,False,upper_bound_with_inhaler,0.3006060499201927,0.36114402353076835,158,17
939,12,False,True,True,one_hot,,,158,18
939,12,False,True,True,lower_bound,0.3006060499201927,0.4161298220845091,158,19
939,12,False,True,True,midpoint,0.3006060499201927,0.390272399938436,158,20
939,12,False,True,True,midpoint_with_inhaler,0.3006060499201927,0.390272399938436,158,21
939,12,False,True,True,upper_bound,0.3006060499201927,0.36114402353076835,158,22
939,12,False,True,True,upper_bound_with_inhaler,0.3006060499201927,0.36114402353076835,158,23
939,12,True,False,False,one_hot,,,158,24
939,12,True,False,False,lower_bound,0.27851396549637675,0.39577649552493005,158,25
939,12,True,False,False,midpoint,0.27851396549637675,0.35664976882257565,158,26
939,12,True,False,False,midpoint_with_inhaler,0.27851396549637675,0.35664976882257565,158,27
939,12,True,False,False,upper_bound,0.27851396549637675,0.3205813823506077,158,28
939,12,True,False,False,upper_bound_with_inhaler,0.27851396549637675,0.3205813823506077,158,29
939,12,True,False,True,one_hot,,,158,30
939,12,True,False,True,lower_bound,0.27851396549637675,0.39577649552493005,158,31
939,12,True,False,True,midpoint,0.27851396549637675,0.35664976882257565,158,32
939,12,True,False,True,midpoint_with_inhaler,0.27851396549637675,0.35664976882257565,158,33
939,12,True,False,True,upper_bound,0.27851396549637675,0.3205813823506077,158,34
939,12,True,False,True,upper_bound_with_inhaler,0.27851396549637675,0.3205813823506077,158,35
939,24,False,False,False,one_hot,0.09328043244581061,0.09328043244581061,158,36
939,24,False,False,False,lower_bound,0.45057501871531186,0.5042219165649303,158,37
939,24,False,False,False,midpoint,0.45057501871531186,0.49295535571771243,158,38
939,24,False,False,False,midpoint_with_inhaler,0.45057501871531186,0.49295535571771243,158,39
939,24,False,False,False,upper_bound,0.45057501871531186,0.47776406152192846,158,40
939,24,False,False,False,upper_bound_with_inhaler,0.45057501871531186,0.47776406152192846,158,41
939,24,False,False,True,one_hot,0.09328043244581061,0.09328043244581061,158,42
939,24,False,False,True,lower_bound,0.45057501871531186,0.5042219165649303,158,43
939,24,False,False,True,midpoint,0.45057501871531186,0.49295535571771243,158,44
939,24,False,False,True,midpoint_with_inhaler,0.45057501871531186,0.49295535571771243,158,45
939,24,False,False,True,upper_bound,0.45057501871531186,0.47776406152192846,158,46
939,24,False,False,True,upper_bound_with_inhaler,0.45057501871531186,0.47776406152192846,158,47
939,24,False,True,False,one_hot,,,158,48
939,24,False,True,False,lower_bound,0.43676979427152773,0.5106623069892609,158,49
939,24,False,True,False,midpoint,0.43676979427152773,0.5265775462696183,158,50
939,24,False,True,False,midpoint_with_inhaler,0.43676979427152773,0.5265775462696183,158,51
939,24,False,True,False,upper_bound,0.43676979427152773,0.5251884667638069,158,52
939,24,False,True,False,upper_bound_with_inhaler,0.43676979427152773,0.5251884667638069,158,53
939,24,False,True,True,one_hot,,,158,54
939,24,False,True,True,lower_bound,0.43676979427152773,0.5106623069892609,158,55
939,24,False,True,True,midpoint,0.43676979427152773,0.5265775462696183,158,56
939,24,False,True,True,midpoint_with_inhaler,0.43676979427152773,0.5265775462696183,158,57
939,24,False,True,True,upper_bound,0.43676979427152773,0.5251884667638069,158,58
939,24,False,True,True,upper_bound_with_inhaler,0.43676979427152773,0.5251884667638069,158,59
939,24,True,False,False,one_hot,,,158,60
939,24,True,False,False,lower_bound,0.42537930642585037,0.49133307709296775,158,61
939,24,True,False,False,midpoint,0.42537930642585037,0.4764009675885735,158,62
939,24,True,False,False,midpoint_with_inhaler,0.42537930642585037,0.4764009675885735,158,63
939,24,True,False,False,upper_bound,0.42537930642585037,0.4587365843553434,158,64
939,24,True,False,False,upper_bound_with_inhaler,0.42537930642585037,0.4587365843553434,158,65
939,24,True,False,True,one_hot,,,158,66
939,24,True,False,True,lower_bound,0.42537930642585037,0.49133307709296775,158,67
939,24,True,False,True,midpoint,0.42537930642585037,0.4764009675885735,158,68
939,24,True,False,True,midpoint_with_inhaler,0.42537930642585037,0.4764009675885735,158,69
939,24,True,False,True,upper_bound,0.42537930642585037,0.4587365843553434,158,70
939,24,True,False,True,upper_bound_with_inhaler,0.42537930642585037,0.4587365843553434,158,71
939,36,False,False,False,one_hot,,,158,72
939,36,False,False,False,lower_bound,0.3929830219356128,0.49548386206168193,158,73
939,36,False,False,False,midpoint,0.3929830219356128,0.44886310512563626,158,74
939,36,False,False,False,midpoint_with_inhaler,0.3929830219356128,0.44886310512563626,158,75
939,36,False,False,False,upper_bound,0.3929830219356128,0.4124948642583383,158,76
939,36,False,False,False,upper_bound_with_inhaler,0.3929830219356128,0.4124948642583383,158,77
939,36,False,False,True,one_hot,,,158,78
939,36,False,False,True,lower_bound,0.3929830219356128,0.49548386206168193,158,79
939,36,False,False,True,midpoint,0.3929830219356128,0.44886310512563626,158,80
939,36,False,False,True,midpoint_with_inhaler,0.3929830219356128,0.44886310512563626,158,81
939,36,False,False,True,upper_bound,0.3929830219356128,0.4124948642583383,158,82
939,36,False,False,True,upper_bound_with_inhaler,0.3929830219356128,0.4124948642583383,158,83
939,36,True,False,False,one_hot,,,158,84
939,36,True,False,False,lower_bound,0.5018932630928563,0.6310079299653377,158,85
939,36,True,False,False,midpoint,0.5018932630928563,0.6577052057820376,158,86
939,36,True,False,False,midpoint_with_inhaler,0.5018932630928563,0.6577052057820376,158,87
939,36,True,False,False,upper_bound,0.5018932630928563,0.6597285003559074,158,88
939,36,True,False,False,upper_bound_with_inhaler,0.5018932630928563,0.6597285003559074,158,89
939,36,True,False,True,one_hot,,,158,90
939,36,True,False,True,lower_bound,0.5018932630928563,0.6310079299653377,158,91
939,36,True,False,True,midpoint,0.5018932630928563,0.6577052057820376,158,92
939,36,True,False,True,midpoint_with_inhaler,0.5018932630928563,0.6577052057820376,158,93
939,36,True,False,True,upper_bound,0.5018932630928563,0.6597285003559074,158,94
939,36,True,False,True,upper_bound_with_inhaler,0.5018932630928563,0.6597285003559074,158,95
939,48,False,False,False,one_hot,,,158,96
939,48,False,False,False,lower_bound,0.4051629650640719,0.524527076184236,158,97
939,48,False,False,False,midpoint,0.4051629650640719,0.4428060422150537,158,98
939,48,False,False,False,midpoint_with_inhaler,0.4051629650640719,0.4625538809108332,158,99
939,48,False,False,False,upper_bound,0.3793508508501612,0.376485783744812,158,100
939,48,False,False,False,upper_bound_with_inhaler,0.4051629650640719,0.4392144575116327,158,101
939,48,False,False,True,one_hot,,,158,102
939,48,False,False,True,lower_bound,0.4051629650640719,0.524527076184236,158,103
939,48,False,False,True,midpoint,0.4051629650640719,0.4428060422150537,158,104
939,48,False,False,True,midpoint_with_inhaler,0.4051629650640719,0.4625538809108332,158,105
939,48,False,False,True,upper_bound,0.3793508508501612,0.376485783744812,158,106
939,48,False,False,True,upper_bound_with_inhaler,0.4051629650640719,0.4392144575116327,158,107
939,48,False,True,False,one_hot,,,158,108
939,48,False,True,False,lower_bound,0.2577790828592889,0.3690317888875488,158,109
939,48,False,True,False,midpoint,0.2577790828592889,0.3429644333506082,158,110
939,48,False,True,False,midpoint_with_inhaler,0.2577790828592889,0.3429644333506082,158,111
939,48,False,True,False,upper_bound,0.2577790828592889,0.3158420426236995,158,112
939,48,False,True,False,upper_bound_with_inhaler,0.2577790828592889,0.3158420426236995,158,113
939,48,False,True,True,one_hot,,,158,114
939,48,False,True,True,lower_bound,0.2577790828592889,0.3690317888875488,158,115
939,48,False,True,True,midpoint,0.2577790828592889,0.3429644333506082,158,116
939,48,False,True,True,midpoint_with_inhaler,0.2577790828592889,0.3429644333506082,158,117
939,48,False,True,True,upper_bound,0.2577790828592889,0.3158420426236995,158,118
939,48,False,True,True,upper_bound_with_inhaler,0.2577790828592889,0.3158420426236995,158,119
939,48,True,False,False,one_hot,,,158,120
939,48,True,False,False,lower_bound,0.09668896214543907,0.21169791364083365,158,121
939,48,True,False,False,midpoint,0.09668896214543907,0.1731355267804179,158,122
939,48,True,False,False,midpoint_with_inhaler,0.09668896214543907,0.1731355267804179,158,123
939,48,True,False,False,upper_bound,0.09668896214543907,0.14361806319894427,158,124
939,48,True,False,False,upper_bound_with_inhaler,0.09668896214543907,0.14361806319894427,158,125
939,48,True,False,True,one_hot,,,158,126
939,48,True,False,True,lower_bound,0.09668896214543907,0.21169791364083365,158,127
939,48,True,False,True,midpoint,0.09668896214543907,0.1731355267804179,158,128
939,48,True,False,True,midpoint_with_inhaler,0.09668896214543907,0.1731355267804179,158,129
939,48,True,False,True,upper_bound,0.09668896214543907,0.14361806319894427,158,130
939,48,True,False,True,upper_bound_with_inhaler,0.09668896214543907,0.14361806319894427,158,131
