user_key,timestamp_window,use_daily_max_windows,use_calendar_days,filter_out_zero_usage_entries,categorization_method,spearman_z,pearson_z,sample_size,config_idx
113,12,False,False,False,one_hot,0.08374172534622179,0.0837417253462218,163,0
113,12,False,False,False,lower_bound,0.16064936874312344,0.3531492683409222,163,1
113,12,False,False,False,midpoint,0.16064936874312344,0.3232610947950466,163,2
113,12,False,False,False,midpoint_with_inhaler,0.16064936874312344,0.3232610947950466,163,3
113,12,False,False,False,upper_bound,0.1606349654045621,0.296685774355225,163,4
113,12,False,False,False,upper_bound_with_inhaler,0.1606349654045621,0.296685774355225,163,5
113,12,False,False,True,one_hot,0.08374172534622179,0.0837417253462218,163,6
113,12,False,False,True,lower_bound,0.16064936874312344,0.3531492683409222,163,7
113,12,False,False,True,midpoint,0.16064936874312344,0.3232610947950466,163,8
113,12,False,False,True,midpoint_with_inhaler,0.16064936874312344,0.3232610947950466,163,9
113,12,False,False,True,upper_bound,0.1606349654045621,0.296685774355225,163,10
113,12,False,False,True,upper_bound_with_inhaler,0.1606349654045621,0.296685774355225,163,11
113,12,False,True,False,one_hot,0.1879746874524317,0.18797468745243176,163,12
113,12,False,True,False,lower_bound,0.29641979854761513,0.2946446101914149,163,13
113,12,False,True,False,midpoint,0.29641979854761513,0.30127883836815145,163,14
113,12,False,True,False,midpoint_with_inhaler,0.29641979854761513,0.30127883836815145,163,15
113,12,False,True,False,upper_bound,0.29637292283824823,0.2992747995612399,163,16
113,12,False,True,False,upper_bound_with_inhaler,0.29637292283824823,0.2992747995612399,163,17
113,12,False,True,True,one_hot,0.1879746874524317,0.18797468745243176,163,18
113,12,False,True,True,lower_bound,0.29641979854761513,0.2946446101914149,163,19
113,12,False,True,True,midpoint,0.29641979854761513,0.30127883836815145,163,20
113,12,False,True,True,midpoint_with_inhaler,0.29641979854761513,0.30127883836815145,163,21
113,12,False,True,True,upper_bound,0.29637292283824823,0.2992747995612399,163,22
113,12,False,True,True,upper_bound_with_inhaler,0.29637292283824823,0.2992747995612399,163,23
113,12,True,False,False,one_hot,0.08610718057088144,0.08610718057088149,163,24
113,12,True,False,False,lower_bound,0.16722082713921385,0.23632879332089665,163,25
113,12,True,False,False,midpoint,0.16722082713921385,0.23852839109625745,163,26
113,12,True,False,False,midpoint_with_inhaler,0.16722082713921385,0.23852839109625745,163,27
113,12,True,False,False,upper_bound,0.16717132663948328,0.2328866112183571,163,28
113,12,True,False,False,upper_bound_with_inhaler,0.16717132663948328,0.2328866112183571,163,29
113,12,True,False,True,one_hot,0.08610718057088144,0.08610718057088149,163,30
113,12,True,False,True,lower_bound,0.16722082713921385,0.23632879332089665,163,31
113,12,True,False,True,midpoint,0.16722082713921385,0.23852839109625745,163,32
113,12,True,False,True,midpoint_with_inhaler,0.16722082713921385,0.23852839109625745,163,33
113,12,True,False,True,upper_bound,0.16717132663948328,0.2328866112183571,163,34
113,12,True,False,True,upper_bound_with_inhaler,0.16717132663948328,0.2328866112183571,163,35
113,24,False,False,False,one_hot,0.1702666319511281,0.1702666319511281,163,36
113,24,False,False,False,lower_bound,0.3639640741226038,0.41642404758153995,163,37
113,24,False,False,False,midpoint,0.3639640741226038,0.40782848696104135,163,38
113,24,False,False,False,midpoint_with_inhaler,0.3639640741226038,0.40782848696104135,163,39
113,24,False,False,False,upper_bound,0.3631818317228323,0.38820293567674985,163,40
113,24,False,False,False,upper_bound_with_inhaler,0.3631818317228323,0.38820293567674985,163,41
113,24,False,False,True,one_hot,0.1702666319511281,0.1702666319511281,163,42
113,24,False,False,True,lower_bound,0.3639640741226038,0.41642404758153995,163,43
113,24,False,False,True,midpoint,0.3639640741226038,0.40782848696104135,163,44
113,24,False,False,True,midpoint_with_inhaler,0.3639640741226038,0.40782848696104135,163,45
113,24,False,False,True,upper_bound,0.3631818317228323,0.38820293567674985,163,46
113,24,False,False,True,upper_bound_with_inhaler,0.3631818317228323,0.38820293567674985,163,47
113,24,False,True,False,one_hot,0.16747526063610518,0.1674752606361052,163,48
113,24,False,True,False,lower_bound,0.23496807830129618,0.32805997634936224,163,49
113,24,False,True,False,midpoint,0.23496807830129618,0.3153841938972841,163,50
113,24,False,True,False,midpoint_with_inhaler,0.23496807830129618,0.3153841938972841,163,51
113,24,False,True,False,upper_bound,0.23430035598229598,0.3013525069923637,163,52
113,24,False,True,False,upper_bound_with_inhaler,0.23430035598229598,0.3013525069923637,163,53
113,24,False,True,True,one_hot,0.16747526063610518,0.1674752606361052,163,54
113,24,False,True,True,lower_bound,0.23496807830129618,0.32805997634936224,163,55
113,24,False,True,True,midpoint,0.23496807830129618,0.3153841938972841,163,56
113,24,False,True,True,midpoint_with_inhaler,0.23496807830129618,0.3153841938972841,163,57
113,24,False,True,True,upper_bound,0.23430035598229598,0.3013525069923637,163,58
113,24,False,True,True,upper_bound_with_inhaler,0.23430035598229598,0.3013525069923637,163,59
113,24,True,False,False,one_hot,0.1702666319511281,0.1702666319511281,163,60
113,24,True,False,False,lower_bound,0.3639640741226038,0.41642404758153995,163,61
113,24,True,False,False,midpoint,0.3639640741226038,0.40782848696104135,163,62
113,24,True,False,False,midpoint_with_inhaler,0.3639640741226038,0.40782848696104135,163,63
113,24,True,False,False,upper_bound,0.3631818317228323,0.38820293567674985,163,64
113,24,True,False,False,upper_bound_with_inhaler,0.3631818317228323,0.38820293567674985,163,65
113,24,True,False,True,one_hot,0.1702666319511281,0.1702666319511281,163,66
113,24,True,False,True,lower_bound,0.3639640741226038,0.41642404758153995,163,67
113,24,True,False,True,midpoint,0.3639640741226038,0.40782848696104135,163,68
113,24,True,False,True,midpoint_with_inhaler,0.3639640741226038,0.40782848696104135,163,69
113,24,True,False,True,upper_bound,0.3631818317228323,0.38820293567674985,163,70
113,24,True,False,True,upper_bound_with_inhaler,0.3631818317228323,0.38820293567674985,163,71
113,36,False,False,False,one_hot,0.1949092332017772,0.1949092332017772,163,72
113,36,False,False,False,lower_bound,0.30581068827750507,0.3999621276159738,163,73
113,36,False,False,False,midpoint,0.30581068827750507,0.4152760738545841,163,74
113,36,False,False,False,midpoint_with_inhaler,0.30581068827750507,0.41582221543719855,163,75
113,36,False,False,False,upper_bound,0.3052994963021842,0.41241295547529494,163,76
113,36,False,False,False,upper_bound_with_inhaler,0.30581068827750507,0.4169511810456022,163,77
113,36,False,False,True,one_hot,0.1949092332017772,0.1949092332017772,163,78
113,36,False,False,True,lower_bound,0.30581068827750507,0.3999621276159738,163,79
113,36,False,False,True,midpoint,0.30581068827750507,0.4152760738545841,163,80
113,36,False,False,True,midpoint_with_inhaler,0.30581068827750507,0.41582221543719855,163,81
113,36,False,False,True,upper_bound,0.3052994963021842,0.41241295547529494,163,82
113,36,False,False,True,upper_bound_with_inhaler,0.30581068827750507,0.4169511810456022,163,83
113,36,True,False,False,one_hot,0.12424204100876977,0.12424204100876977,163,84
113,36,True,False,False,lower_bound,0.31397409828056566,0.3855097137700248,163,85
113,36,True,False,False,midpoint,0.31397409828056566,0.38142441317263576,163,86
113,36,True,False,False,midpoint_with_inhaler,0.31397409828056566,0.38142441317263576,163,87
113,36,True,False,False,upper_bound,0.31363821446298545,0.37070714459687526,163,88
113,36,True,False,False,upper_bound_with_inhaler,0.31363821446298545,0.37070714459687526,163,89
113,36,True,False,True,one_hot,0.12424204100876977,0.12424204100876977,163,90
113,36,True,False,True,lower_bound,0.31397409828056566,0.3855097137700248,163,91
113,36,True,False,True,midpoint,0.31397409828056566,0.38142441317263576,163,92
113,36,True,False,True,midpoint_with_inhaler,0.31397409828056566,0.38142441317263576,163,93
113,36,True,False,True,upper_bound,0.31363821446298545,0.37070714459687526,163,94
113,36,True,False,True,upper_bound_with_inhaler,0.31363821446298545,0.37070714459687526,163,95
113,48,False,False,False,one_hot,0.14895708579761383,0.14895708579761388,163,96
113,48,False,False,False,lower_bound,0.297635864723235,0.3439302978426279,163,97
113,48,False,False,False,midpoint,0.297635864723235,0.34900464328577785,163,98
113,48,False,False,False,midpoint_with_inhaler,0.297635864723235,0.34987913228037915,163,99
113,48,False,False,False,upper_bound,0.2970508371043259,0.34198817728288233,163,100
113,48,False,False,False,upper_bound_with_inhaler,0.297635864723235,0.34909550977565057,163,101
113,48,False,False,True,one_hot,0.14895708579761383,0.14895708579761388,163,102
113,48,False,False,True,lower_bound,0.297635864723235,0.3439302978426279,163,103
113,48,False,False,True,midpoint,0.297635864723235,0.34900464328577785,163,104
113,48,False,False,True,midpoint_with_inhaler,0.297635864723235,0.34987913228037915,163,105
113,48,False,False,True,upper_bound,0.2970508371043259,0.34198817728288233,163,106
113,48,False,False,True,upper_bound_with_inhaler,0.297635864723235,0.34909550977565057,163,107
113,48,False,True,False,one_hot,0.037923969773846,0.037923969773846024,163,108
113,48,False,True,False,lower_bound,0.03028136505993764,-0.018200975376754955,163,109
113,48,False,True,False,midpoint,0.03028136505993764,-0.00461501369972703,163,110
113,48,False,True,False,midpoint_with_inhaler,0.03028136505993764,-0.00461501369972703,163,111
113,48,False,True,False,upper_bound,0.030281974134723583,0.007204132733744286,163,112
113,48,False,True,False,upper_bound_with_inhaler,0.030281974134723583,0.007204132733744286,163,113
113,48,False,True,True,one_hot,0.037923969773846,0.037923969773846024,163,114
113,48,False,True,True,lower_bound,0.03028136505993764,-0.018200975376754955,163,115
113,48,False,True,True,midpoint,0.03028136505993764,-0.00461501369972703,163,116
113,48,False,True,True,midpoint_with_inhaler,0.03028136505993764,-0.00461501369972703,163,117
113,48,False,True,True,upper_bound,0.030281974134723583,0.007204132733744286,163,118
113,48,False,True,True,upper_bound_with_inhaler,0.030281974134723583,0.007204132733744286,163,119
113,48,True,False,False,one_hot,0.11930857482204775,0.11930857482204782,163,120
113,48,True,False,False,lower_bound,0.14668969180810737,0.13146260208564414,163,121
113,48,True,False,False,midpoint,0.14668969180810737,0.15280646982275795,163,122
113,48,True,False,False,midpoint_with_inhaler,0.14668969180810737,0.15280646982275795,163,123
113,48,True,False,False,upper_bound,0.14655940861564626,0.16465720420597665,163,124
113,48,True,False,False,upper_bound_with_inhaler,0.14655940861564626,0.16465720420597665,163,125
113,48,True,False,True,one_hot,0.11930857482204775,0.11930857482204782,163,126
113,48,True,False,True,lower_bound,0.14668969180810737,0.13146260208564414,163,127
113,48,True,False,True,midpoint,0.14668969180810737,0.15280646982275795,163,128
113,48,True,False,True,midpoint_with_inhaler,0.14668969180810737,0.15280646982275795,163,129
113,48,True,False,True,upper_bound,0.14655940861564626,0.16465720420597665,163,130
113,48,True,False,True,upper_bound_with_inhaler,0.14655940861564626,0.16465720420597665,163,131
190,12,False,False,False,one_hot,-0.05298112667288326,-0.052981126672883266,163,0
190,12,False,False,False,lower_bound,-0.05298112667288326,-0.052981126672883266,163,1
190,12,False,False,False,midpoint,-0.05298112667288326,-0.05298112667288325,163,2
190,12,False,False,False,midpoint_with_inhaler,-0.05298112667288326,-0.05298112667288325,163,3
190,12,False,False,False,upper_bound,-0.05298112667288326,-0.052981126672883266,163,4
190,12,False,False,False,upper_bound_with_inhaler,-0.05298112667288326,-0.052981126672883266,163,5
190,12,False,False,True,one_hot,-0.05298112667288326,-0.052981126672883266,163,6
190,12,False,False,True,lower_bound,-0.05298112667288326,-0.052981126672883266,163,7
190,12,False,False,True,midpoint,-0.05298112667288326,-0.05298112667288325,163,8
190,12,False,False,True,midpoint_with_inhaler,-0.05298112667288326,-0.05298112667288325,163,9
190,12,False,False,True,upper_bound,-0.05298112667288326,-0.052981126672883266,163,10
190,12,False,False,True,upper_bound_with_inhaler,-0.05298112667288326,-0.052981126672883266,163,11
190,12,False,True,False,one_hot,0.14312015431859085,0.14312015431859085,163,12
190,12,False,True,False,lower_bound,0.13039234759883725,0.08717781774565998,163,13
190,12,False,True,False,midpoint,0.13039234759883725,0.10572763871122744,163,14
190,12,False,True,False,midpoint_with_inhaler,0.13039234759883725,0.10572763871122744,163,15
190,12,False,True,False,upper_bound,0.13039234759883725,0.11547496194792707,163,16
190,12,False,True,False,upper_bound_with_inhaler,0.13039234759883725,0.11547496194792707,163,17
190,12,False,True,True,one_hot,0.14312015431859085,0.14312015431859085,163,18
190,12,False,True,True,lower_bound,0.13039234759883725,0.08717781774565998,163,19
190,12,False,True,True,midpoint,0.13039234759883725,0.10572763871122744,163,20
190,12,False,True,True,midpoint_with_inhaler,0.13039234759883725,0.10572763871122744,163,21
190,12,False,True,True,upper_bound,0.13039234759883725,0.11547496194792707,163,22
190,12,False,True,True,upper_bound_with_inhaler,0.13039234759883725,0.11547496194792707,163,23
190,12,True,False,False,one_hot,0.04705752409190947,0.047057524091909456,163,24
190,12,True,False,False,lower_bound,0.040643354065728984,0.01857390572263124,163,25
190,12,True,False,False,midpoint,0.040643354065728984,0.027487353714242185,163,26
190,12,True,False,False,midpoint_with_inhaler,0.040643354065728984,0.027487353714242185,163,27
190,12,True,False,False,upper_bound,0.040643354065728984,0.03228904471920139,163,28
190,12,True,False,False,upper_bound_with_inhaler,0.040643354065728984,0.03228904471920139,163,29
190,12,True,False,True,one_hot,0.04705752409190947,0.047057524091909456,163,30
190,12,True,False,True,lower_bound,0.040643354065728984,0.01857390572263124,163,31
190,12,True,False,True,midpoint,0.040643354065728984,0.027487353714242185,163,32
190,12,True,False,True,midpoint_with_inhaler,0.040643354065728984,0.027487353714242185,163,33
190,12,True,False,True,upper_bound,0.040643354065728984,0.03228904471920139,163,34
190,12,True,False,True,upper_bound_with_inhaler,0.040643354065728984,0.03228904471920139,163,35
190,24,False,False,False,one_hot,0.056405647591468766,0.05640564759146875,163,36
190,24,False,False,False,lower_bound,0.050956846679624315,0.03537666298384589,163,37
190,24,False,False,False,midpoint,0.050956846679624315,0.04251928205573595,163,38
190,24,False,False,False,midpoint_with_inhaler,0.050956846679624315,0.04251928205573595,163,39
190,24,False,False,False,upper_bound,0.050956846679624315,0.046133260212500624,163,40
190,24,False,False,False,upper_bound_with_inhaler,0.050956846679624315,0.046133260212500624,163,41
190,24,False,False,True,one_hot,0.056405647591468766,0.05640564759146875,163,42
190,24,False,False,True,lower_bound,0.050956846679624315,0.03537666298384589,163,43
190,24,False,False,True,midpoint,0.050956846679624315,0.04251928205573595,163,44
190,24,False,False,True,midpoint_with_inhaler,0.050956846679624315,0.04251928205573595,163,45
190,24,False,False,True,upper_bound,0.050956846679624315,0.046133260212500624,163,46
190,24,False,False,True,upper_bound_with_inhaler,0.050956846679624315,0.046133260212500624,163,47
190,24,False,True,False,one_hot,0.16440157340174927,0.1644015734017493,163,48
190,24,False,True,False,lower_bound,0.1676513688465188,0.15756827902390508,163,49
190,24,False,True,False,midpoint,0.1676513688465188,0.16435068048070092,163,50
190,24,False,True,False,midpoint_with_inhaler,0.1676513688465188,0.16435068048070092,163,51
190,24,False,True,False,upper_bound,0.1676513688465188,0.16664559049429623,163,52
190,24,False,True,False,upper_bound_with_inhaler,0.1676513688465188,0.16664559049429623,163,53
190,24,False,True,True,one_hot,0.16440157340174927,0.1644015734017493,163,54
190,24,False,True,True,lower_bound,0.1676513688465188,0.15756827902390508,163,55
190,24,False,True,True,midpoint,0.1676513688465188,0.16435068048070092,163,56
190,24,False,True,True,midpoint_with_inhaler,0.1676513688465188,0.16435068048070092,163,57
190,24,False,True,True,upper_bound,0.1676513688465188,0.16664559049429623,163,58
190,24,False,True,True,upper_bound_with_inhaler,0.1676513688465188,0.16664559049429623,163,59
190,24,True,False,False,one_hot,0.056405647591468766,0.05640564759146875,163,60
190,24,True,False,False,lower_bound,0.050956846679624315,0.03537666298384589,163,61
190,24,True,False,False,midpoint,0.050956846679624315,0.04251928205573595,163,62
190,24,True,False,False,midpoint_with_inhaler,0.050956846679624315,0.04251928205573595,163,63
190,24,True,False,False,upper_bound,0.050956846679624315,0.046133260212500624,163,64
190,24,True,False,False,upper_bound_with_inhaler,0.050956846679624315,0.046133260212500624,163,65
190,24,True,False,True,one_hot,0.056405647591468766,0.05640564759146875,163,66
190,24,True,False,True,lower_bound,0.050956846679624315,0.03537666298384589,163,67
190,24,True,False,True,midpoint,0.050956846679624315,0.04251928205573595,163,68
190,24,True,False,True,midpoint_with_inhaler,0.050956846679624315,0.04251928205573595,163,69
190,24,True,False,True,upper_bound,0.050956846679624315,0.046133260212500624,163,70
190,24,True,False,True,upper_bound_with_inhaler,0.050956846679624315,0.046133260212500624,163,71
190,36,False,False,False,one_hot,0.2573353526205889,0.2573353526205889,163,72
190,36,False,False,False,lower_bound,0.21002823425869555,0.11817008887773069,163,73
190,36,False,False,False,midpoint,0.21002823425869555,0.14965978041646175,163,74
190,36,False,False,False,midpoint_with_inhaler,0.21002823425869555,0.14965978041646175,163,75
190,36,False,False,False,upper_bound,0.21002823425869555,0.16880099940363802,163,76
190,36,False,False,False,upper_bound_with_inhaler,0.21002823425869555,0.16880099940363802,163,77
190,36,False,False,True,one_hot,0.2573353526205889,0.2573353526205889,163,78
190,36,False,False,True,lower_bound,0.21002823425869555,0.11817008887773069,163,79
190,36,False,False,True,midpoint,0.21002823425869555,0.14965978041646175,163,80
190,36,False,False,True,midpoint_with_inhaler,0.21002823425869555,0.14965978041646175,163,81
190,36,False,False,True,upper_bound,0.21002823425869555,0.16880099940363802,163,82
190,36,False,False,True,upper_bound_with_inhaler,0.21002823425869555,0.16880099940363802,163,83
190,36,True,False,False,one_hot,0.12230235766194492,0.12230235766194492,163,84
190,36,True,False,False,lower_bound,0.12117674892958501,0.10470479892255413,163,85
190,36,True,False,False,midpoint,0.12117674892958501,0.11314650308357893,163,86
190,36,True,False,False,midpoint_with_inhaler,0.12117674892958501,0.11314650308357893,163,87
190,36,True,False,False,upper_bound,0.12117674892958501,0.1170189371242322,163,88
190,36,True,False,False,upper_bound_with_inhaler,0.12117674892958501,0.1170189371242322,163,89
190,36,True,False,True,one_hot,0.12230235766194492,0.12230235766194492,163,90
190,36,True,False,True,lower_bound,0.12117674892958501,0.10470479892255413,163,91
190,36,True,False,True,midpoint,0.12117674892958501,0.11314650308357893,163,92
190,36,True,False,True,midpoint_with_inhaler,0.12117674892958501,0.11314650308357893,163,93
190,36,True,False,True,upper_bound,0.12117674892958501,0.1170189371242322,163,94
190,36,True,False,True,upper_bound_with_inhaler,0.12117674892958501,0.1170189371242322,163,95
190,48,False,False,False,one_hot,0.15185752794456325,0.15185752794456328,163,96
190,48,False,False,False,lower_bound,0.12162350899646955,0.06831168898651215,163,97
190,48,False,False,False,midpoint,0.12162350899646955,0.0817319664760466,163,98
190,48,False,False,False,midpoint_with_inhaler,0.12162350899646955,0.0817319664760466,163,99
190,48,False,False,False,upper_bound,0.12162350899646955,0.08999099373120072,163,100
190,48,False,False,False,upper_bound_with_inhaler,0.12162350899646955,0.08999099373120072,163,101
190,48,False,False,True,one_hot,0.15185752794456325,0.15185752794456328,163,102
190,48,False,False,True,lower_bound,0.12162350899646955,0.06831168898651215,163,103
190,48,False,False,True,midpoint,0.12162350899646955,0.0817319664760466,163,104
190,48,False,False,True,midpoint_with_inhaler,0.12162350899646955,0.0817319664760466,163,105
190,48,False,False,True,upper_bound,0.12162350899646955,0.08999099373120072,163,106
190,48,False,False,True,upper_bound_with_inhaler,0.12162350899646955,0.08999099373120072,163,107
190,48,False,True,False,one_hot,0.11414448054280785,0.11414448054280787,163,108
190,48,False,True,False,lower_bound,0.11664240181141282,0.10881953854801678,163,109
190,48,False,True,False,midpoint,0.11664240181141282,0.11393160560810493,163,110
190,48,False,True,False,midpoint_with_inhaler,0.11664240181141282,0.11393160560810493,163,111
190,48,False,True,False,upper_bound,0.11664240181141282,0.11574217670768254,163,112
190,48,False,True,False,upper_bound_with_inhaler,0.11664240181141282,0.11574217670768254,163,113
190,48,False,True,True,one_hot,0.11414448054280785,0.11414448054280787,163,114
190,48,False,True,True,lower_bound,0.11664240181141282,0.10881953854801678,163,115
190,48,False,True,True,midpoint,0.11664240181141282,0.11393160560810493,163,116
190,48,False,True,True,midpoint_with_inhaler,0.11664240181141282,0.11393160560810493,163,117
190,48,False,True,True,upper_bound,0.11664240181141282,0.11574217670768254,163,118
190,48,False,True,True,upper_bound_with_inhaler,0.11664240181141282,0.11574217670768254,163,119
190,48,True,False,False,one_hot,0.13054856994843103,0.13054856994843103,163,120
190,48,True,False,False,lower_bound,0.1148229026430209,0.06809799664597825,163,121
190,48,True,False,False,midpoint,0.1148229026430209,0.0878094146980369,163,122
190,48,True,False,False,midpoint_with_inhaler,0.1148229026430209,0.0878094146980369,163,123
190,48,True,False,False,upper_bound,0.1148229026430209,0.09855579647054306,163,124
190,48,True,False,False,upper_bound_with_inhaler,0.1148229026430209,0.09855579647054306,163,125
190,48,True,False,True,one_hot,0.13054856994843103,0.13054856994843103,163,126
190,48,True,False,True,lower_bound,0.1148229026430209,0.06809799664597825,163,127
190,48,True,False,True,midpoint,0.1148229026430209,0.0878094146980369,163,128
190,48,True,False,True,midpoint_with_inhaler,0.1148229026430209,0.0878094146980369,163,129
190,48,True,False,True,upper_bound,0.1148229026430209,0.09855579647054306,163,130
190,48,True,False,True,upper_bound_with_inhaler,0.1148229026430209,0.09855579647054306,163,131
294,12,False,False,False,one_hot,0.1380224221377372,0.1380224221377372,173,0
294,12,False,False,False,lower_bound,0.26628670483885275,0.28449744083706807,173,1
294,12,False,False,False,midpoint,0.26628670483885275,0.2952894711447732,173,2
294,12,False,False,False,midpoint_with_inhaler,0.26628670483885275,0.2952894711447732,173,3
294,12,False,False,False,upper_bound,0.26628670483885275,0.2988463479611821,173,4
294,12,False,False,False,upper_bound_with_inhaler,0.26628670483885275,0.2988463479611821,173,5
294,12,False,False,True,one_hot,0.1380224221377372,0.1380224221377372,173,6
294,12,False,False,True,lower_bound,0.26628670483885275,0.28449744083706807,173,7
294,12,False,False,True,midpoint,0.26628670483885275,0.2952894711447732,173,8
294,12,False,False,True,midpoint_with_inhaler,0.26628670483885275,0.2952894711447732,173,9
294,12,False,False,True,upper_bound,0.26628670483885275,0.2988463479611821,173,10
294,12,False,False,True,upper_bound_with_inhaler,0.26628670483885275,0.2988463479611821,173,11
294,12,False,True,False,one_hot,,,173,12
294,12,False,True,False,lower_bound,0.5217814427329984,0.47092160557404233,173,13
294,12,False,True,False,midpoint,0.5217814427329984,0.4974912851001498,173,14
294,12,False,True,False,midpoint_with_inhaler,0.5217814427329984,0.4974912851001498,173,15
294,12,False,True,False,upper_bound,0.5217814427329984,0.5087805848168988,173,16
294,12,False,True,False,upper_bound_with_inhaler,0.5217814427329984,0.5087805848168988,173,17
294,12,False,True,True,one_hot,,,173,18
294,12,False,True,True,lower_bound,0.5217814427329984,0.47092160557404233,173,19
294,12,False,True,True,midpoint,0.5217814427329984,0.4974912851001498,173,20
294,12,False,True,True,midpoint_with_inhaler,0.5217814427329984,0.4974912851001498,173,21
294,12,False,True,True,upper_bound,0.5217814427329984,0.5087805848168988,173,22
294,12,False,True,True,upper_bound_with_inhaler,0.5217814427329984,0.5087805848168988,173,23
294,12,True,False,False,one_hot,,,173,24
294,12,True,False,False,lower_bound,0.48884125487509617,0.4434382394961424,173,25
294,12,True,False,False,midpoint,0.48884125487509617,0.47350546953202,173,26
294,12,True,False,False,midpoint_with_inhaler,0.48884125487509617,0.47281597513435464,173,27
294,12,True,False,False,upper_bound,0.4881798810808242,0.48583535292262353,173,28
294,12,True,False,False,upper_bound_with_inhaler,0.48884125487509617,0.4853884724501816,173,29
294,12,True,False,True,one_hot,,,173,30
294,12,True,False,True,lower_bound,0.48884125487509617,0.4434382394961424,173,31
294,12,True,False,True,midpoint,0.48884125487509617,0.47350546953202,173,32
294,12,True,False,True,midpoint_with_inhaler,0.48884125487509617,0.47281597513435464,173,33
294,12,True,False,True,upper_bound,0.4881798810808242,0.48583535292262353,173,34
294,12,True,False,True,upper_bound_with_inhaler,0.48884125487509617,0.4853884724501816,173,35
294,24,False,False,False,one_hot,,,173,36
294,24,False,False,False,lower_bound,0.6205913079145207,0.5863769662671903,173,37
294,24,False,False,False,midpoint,0.6205913079145207,0.60017122751859,173,38
294,24,False,False,False,midpoint_with_inhaler,0.6205913079145207,0.604397867803701,173,39
294,24,False,False,False,upper_bound,0.6156388230909691,0.5957883964147616,173,40
294,24,False,False,False,upper_bound_with_inhaler,0.6205913079145207,0.6063035505126351,173,41
294,24,False,False,True,one_hot,,,173,42
294,24,False,False,True,lower_bound,0.6205913079145207,0.5863769662671903,173,43
294,24,False,False,True,midpoint,0.6205913079145207,0.60017122751859,173,44
294,24,False,False,True,midpoint_with_inhaler,0.6205913079145207,0.604397867803701,173,45
294,24,False,False,True,upper_bound,0.6156388230909691,0.5957883964147616,173,46
294,24,False,False,True,upper_bound_with_inhaler,0.6205913079145207,0.6063035505126351,173,47
294,24,False,True,False,one_hot,,,173,48
294,24,False,True,False,lower_bound,0.41804468206708306,0.37503769481221755,173,49
294,24,False,True,False,midpoint,0.41804468206708306,0.39716518184092536,173,50
294,24,False,True,False,midpoint_with_inhaler,0.41804468206708306,0.39716518184092536,173,51
294,24,False,True,False,upper_bound,0.41804468206708306,0.4102369725725179,173,52
294,24,False,True,False,upper_bound_with_inhaler,0.41804468206708306,0.4102369725725179,173,53
294,24,False,True,True,one_hot,,,173,54
294,24,False,True,True,lower_bound,0.41804468206708306,0.37503769481221755,173,55
294,24,False,True,True,midpoint,0.41804468206708306,0.39716518184092536,173,56
294,24,False,True,True,midpoint_with_inhaler,0.41804468206708306,0.39716518184092536,173,57
294,24,False,True,True,upper_bound,0.41804468206708306,0.4102369725725179,173,58
294,24,False,True,True,upper_bound_with_inhaler,0.41804468206708306,0.4102369725725179,173,59
294,24,True,False,False,one_hot,,,173,60
294,24,True,False,False,lower_bound,0.6205913079145207,0.5863769662671903,173,61
294,24,True,False,False,midpoint,0.6205913079145207,0.60017122751859,173,62
294,24,True,False,False,midpoint_with_inhaler,0.6205913079145207,0.604397867803701,173,63
294,24,True,False,False,upper_bound,0.6156388230909691,0.5957883964147616,173,64
294,24,True,False,False,upper_bound_with_inhaler,0.6205913079145207,0.6063035505126351,173,65
294,24,True,False,True,one_hot,,,173,66
294,24,True,False,True,lower_bound,0.6205913079145207,0.5863769662671903,173,67
294,24,True,False,True,midpoint,0.6205913079145207,0.60017122751859,173,68
294,24,True,False,True,midpoint_with_inhaler,0.6205913079145207,0.604397867803701,173,69
294,24,True,False,True,upper_bound,0.6156388230909691,0.5957883964147616,173,70
294,24,True,False,True,upper_bound_with_inhaler,0.6205913079145207,0.6063035505126351,173,71
294,36,False,False,False,one_hot,,,173,72
294,36,False,False,False,lower_bound,0.49696773788095666,0.496384057664501,173,73
294,36,False,False,False,midpoint,0.49696773788095666,0.5015642593087389,173,74
294,36,False,False,False,midpoint_with_inhaler,0.49696773788095666,0.5140259712422097,173,75
294,36,False,False,False,upper_bound,0.45269934244471677,0.48460458297557124,173,76
294,36,False,False,False,upper_bound_with_inhaler,0.49696773788095666,0.5067990374932213,173,77
294,36,False,False,True,one_hot,,,173,78
294,36,False,False,True,lower_bound,0.49696773788095666,0.496384057664501,173,79
294,36,False,False,True,midpoint,0.49696773788095666,0.5015642593087389,173,80
294,36,False,False,True,midpoint_with_inhaler,0.49696773788095666,0.5140259712422097,173,81
294,36,False,False,True,upper_bound,0.45269934244471677,0.48460458297557124,173,82
294,36,False,False,True,upper_bound_with_inhaler,0.49696773788095666,0.5067990374932213,173,83
294,36,True,False,False,one_hot,,,173,84
294,36,True,False,False,lower_bound,0.3913371822939618,0.36991792744658025,173,85
294,36,True,False,False,midpoint,0.3913371822939618,0.3895604440376673,173,86
294,36,True,False,False,midpoint_with_inhaler,0.3913371822939618,0.38793478058313563,173,87
294,36,True,False,False,upper_bound,0.3923108679382374,0.40007515257765275,173,88
294,36,True,False,False,upper_bound_with_inhaler,0.3913371822939618,0.39621250743471026,173,89
294,36,True,False,True,one_hot,,,173,90
294,36,True,False,True,lower_bound,0.3913371822939618,0.36991792744658025,173,91
294,36,True,False,True,midpoint,0.3913371822939618,0.3895604440376673,173,92
294,36,True,False,True,midpoint_with_inhaler,0.3913371822939618,0.38793478058313563,173,93
294,36,True,False,True,upper_bound,0.3923108679382374,0.40007515257765275,173,94
294,36,True,False,True,upper_bound_with_inhaler,0.3913371822939618,0.39621250743471026,173,95
294,48,False,False,False,one_hot,,,173,96
294,48,False,False,False,lower_bound,0.7488700972669114,0.7371467847706483,173,97
294,48,False,False,False,midpoint,0.7488700972669114,0.7201013990982617,173,98
294,48,False,False,False,midpoint_with_inhaler,0.7488700972669114,0.7487552087908732,173,99
294,48,False,False,False,upper_bound,0.68402802665272,0.6391684885614644,173,100
294,48,False,False,False,upper_bound_with_inhaler,0.7488700972669114,0.7064425490381064,173,101
294,48,False,False,True,one_hot,,,173,102
294,48,False,False,True,lower_bound,0.7488700972669114,0.7371467847706483,173,103
294,48,False,False,True,midpoint,0.7488700972669114,0.7201013990982617,173,104
294,48,False,False,True,midpoint_with_inhaler,0.7488700972669114,0.7487552087908732,173,105
294,48,False,False,True,upper_bound,0.68402802665272,0.6391684885614644,173,106
294,48,False,False,True,upper_bound_with_inhaler,0.7488700972669114,0.7064425490381064,173,107
294,48,False,True,False,one_hot,,,173,108
294,48,False,True,False,lower_bound,0.313730157546956,0.3361063249275923,173,109
294,48,False,True,False,midpoint,0.313730157546956,0.33260402070470435,173,110
294,48,False,True,False,midpoint_with_inhaler,0.313730157546956,0.33260402070470435,173,111
294,48,False,True,False,upper_bound,0.313730157546956,0.32466744981886,173,112
294,48,False,True,False,upper_bound_with_inhaler,0.313730157546956,0.32466744981886,173,113
294,48,False,True,True,one_hot,,,173,114
294,48,False,True,True,lower_bound,0.313730157546956,0.3361063249275923,173,115
294,48,False,True,True,midpoint,0.313730157546956,0.33260402070470435,173,116
294,48,False,True,True,midpoint_with_inhaler,0.313730157546956,0.33260402070470435,173,117
294,48,False,True,True,upper_bound,0.313730157546956,0.32466744981886,173,118
294,48,False,True,True,upper_bound_with_inhaler,0.313730157546956,0.32466744981886,173,119
294,48,True,False,False,one_hot,,,173,120
294,48,True,False,False,lower_bound,0.4267869754266413,0.38563263290840344,173,121
294,48,True,False,False,midpoint,0.4267869754266413,0.4171594121390175,173,122
294,48,True,False,False,midpoint_with_inhaler,0.4267869754266413,0.41438634071496183,173,123
294,48,True,False,False,upper_bound,0.4258170653724281,0.4270317365024193,173,124
294,48,True,False,False,upper_bound_with_inhaler,0.4267869754266413,0.4272146634380756,173,125
294,48,True,False,True,one_hot,,,173,126
294,48,True,False,True,lower_bound,0.4267869754266413,0.38563263290840344,173,127
294,48,True,False,True,midpoint,0.4267869754266413,0.4171594121390175,173,128
294,48,True,False,True,midpoint_with_inhaler,0.4267869754266413,0.41438634071496183,173,129
294,48,True,False,True,upper_bound,0.4258170653724281,0.4270317365024193,173,130
294,48,True,False,True,upper_bound_with_inhaler,0.4267869754266413,0.4272146634380756,173,131
328,12,False,False,False,one_hot,0.40861767640633306,0.40861767640633306,17,0
328,12,False,False,False,lower_bound,0.35030968983465455,0.09154194364805601,17,1
328,12,False,False,False,midpoint,0.35030968983465455,0.11810949303390353,17,2
328,12,False,False,False,midpoint_with_inhaler,0.35030968983465455,0.11810949303390353,17,3
328,12,False,False,False,upper_bound,0.35030968983465455,0.13413199329733966,17,4
328,12,False,False,False,upper_bound_with_inhaler,0.35030968983465455,0.13413199329733966,17,5
328,12,False,False,True,one_hot,0.40861767640633306,0.40861767640633306,17,6
328,12,False,False,True,lower_bound,0.35030968983465455,0.09154194364805601,17,7
328,12,False,False,True,midpoint,0.35030968983465455,0.11810949303390353,17,8
328,12,False,False,True,midpoint_with_inhaler,0.35030968983465455,0.11810949303390353,17,9
328,12,False,False,True,upper_bound,0.35030968983465455,0.13413199329733966,17,10
328,12,False,False,True,upper_bound_with_inhaler,0.35030968983465455,0.13413199329733966,17,11
328,12,False,True,False,one_hot,0.3155801787685052,0.3155801787685052,17,12
328,12,False,True,False,lower_bound,0.2580680445335959,0.05610664763324888,17,13
328,12,False,True,False,midpoint,0.2580680445335959,0.07818488214664562,17,14
328,12,False,True,False,midpoint_with_inhaler,0.2580680445335959,0.07818488214664562,17,15
328,12,False,True,False,upper_bound,0.2580680445335959,0.09154194364805598,17,16
328,12,False,True,False,upper_bound_with_inhaler,0.2580680445335959,0.09154194364805598,17,17
328,12,False,True,True,one_hot,0.3155801787685052,0.3155801787685052,17,18
328,12,False,True,True,lower_bound,0.2580680445335959,0.05610664763324888,17,19
328,12,False,True,True,midpoint,0.2580680445335959,0.07818488214664562,17,20
328,12,False,True,True,midpoint_with_inhaler,0.2580680445335959,0.07818488214664562,17,21
328,12,False,True,True,upper_bound,0.2580680445335959,0.09154194364805598,17,22
328,12,False,True,True,upper_bound_with_inhaler,0.2580680445335959,0.09154194364805598,17,23
328,12,True,False,False,one_hot,0.2765186331416562,0.27651863314165603,17,24
328,12,True,False,False,lower_bound,0.21784802012063625,0.03798457769888642,17,25
328,12,True,False,False,midpoint,0.21784802012063625,0.05786730990049289,17,26
328,12,True,False,False,midpoint_with_inhaler,0.21784802012063625,0.05786730990049289,17,27
328,12,True,False,False,upper_bound,0.21784802012063625,0.06995692902927214,17,28
328,12,True,False,False,upper_bound_with_inhaler,0.21784802012063625,0.06995692902927214,17,29
328,12,True,False,True,one_hot,0.2765186331416562,0.27651863314165603,17,30
328,12,True,False,True,lower_bound,0.21784802012063625,0.03798457769888642,17,31
328,12,True,False,True,midpoint,0.21784802012063625,0.05786730990049289,17,32
328,12,True,False,True,midpoint_with_inhaler,0.21784802012063625,0.05786730990049289,17,33
328,12,True,False,True,upper_bound,0.21784802012063625,0.06995692902927214,17,34
328,12,True,False,True,upper_bound_with_inhaler,0.21784802012063625,0.06995692902927214,17,35
328,24,False,False,False,one_hot,0.3155801787685052,0.3155801787685052,17,36
328,24,False,False,False,lower_bound,0.2580680445335959,0.05610664763324886,17,37
328,24,False,False,False,midpoint,0.2580680445335959,0.07818488214664565,17,38
328,24,False,False,False,midpoint_with_inhaler,0.2580680445335959,0.07818488214664565,17,39
328,24,False,False,False,upper_bound,0.2580680445335959,0.09154194364805598,17,40
328,24,False,False,False,upper_bound_with_inhaler,0.2580680445335959,0.09154194364805598,17,41
328,24,False,False,True,one_hot,0.3155801787685052,0.3155801787685052,17,42
328,24,False,False,True,lower_bound,0.2580680445335959,0.05610664763324886,17,43
328,24,False,False,True,midpoint,0.2580680445335959,0.07818488214664565,17,44
328,24,False,False,True,midpoint_with_inhaler,0.2580680445335959,0.07818488214664565,17,45
328,24,False,False,True,upper_bound,0.2580680445335959,0.09154194364805598,17,46
328,24,False,False,True,upper_bound_with_inhaler,0.2580680445335959,0.09154194364805598,17,47
328,24,False,True,False,one_hot,-0.06555913024741908,-0.06555913024741908,17,48
328,24,False,True,False,lower_bound,-0.06555913024741908,-0.06555913024741908,17,49
328,24,False,True,False,midpoint,-0.06555913024741908,-0.0655591302474191,17,50
328,24,False,True,False,midpoint_with_inhaler,-0.06555913024741908,-0.0655591302474191,17,51
328,24,False,True,False,upper_bound,-0.06555913024741908,-0.06555913024741908,17,52
328,24,False,True,False,upper_bound_with_inhaler,-0.06555913024741908,-0.06555913024741908,17,53
328,24,False,True,True,one_hot,-0.06555913024741908,-0.06555913024741908,17,54
328,24,False,True,True,lower_bound,-0.06555913024741908,-0.06555913024741908,17,55
328,24,False,True,True,midpoint,-0.06555913024741908,-0.0655591302474191,17,56
328,24,False,True,True,midpoint_with_inhaler,-0.06555913024741908,-0.0655591302474191,17,57
328,24,False,True,True,upper_bound,-0.06555913024741908,-0.06555913024741908,17,58
328,24,False,True,True,upper_bound_with_inhaler,-0.06555913024741908,-0.06555913024741908,17,59
328,24,True,False,False,one_hot,0.3155801787685052,0.3155801787685052,17,60
328,24,True,False,False,lower_bound,0.2580680445335959,0.05610664763324886,17,61
328,24,True,False,False,midpoint,0.2580680445335959,0.07818488214664565,17,62
328,24,True,False,False,midpoint_with_inhaler,0.2580680445335959,0.07818488214664565,17,63
328,24,True,False,False,upper_bound,0.2580680445335959,0.09154194364805598,17,64
328,24,True,False,False,upper_bound_with_inhaler,0.2580680445335959,0.09154194364805598,17,65
328,24,True,False,True,one_hot,0.3155801787685052,0.3155801787685052,17,66
328,24,True,False,True,lower_bound,0.2580680445335959,0.05610664763324886,17,67
328,24,True,False,True,midpoint,0.2580680445335959,0.07818488214664565,17,68
328,24,True,False,True,midpoint_with_inhaler,0.2580680445335959,0.07818488214664565,17,69
328,24,True,False,True,upper_bound,0.2580680445335959,0.09154194364805598,17,70
328,24,True,False,True,upper_bound_with_inhaler,0.2580680445335959,0.09154194364805598,17,71
328,36,False,False,False,one_hot,0.2053880046330666,0.2053880046330666,17,72
328,36,False,False,False,lower_bound,0.0881827627174145,-0.036349622043733265,17,73
328,36,False,False,False,midpoint,0.0881827627174145,-0.014378693928357743,17,74
328,36,False,False,False,midpoint_with_inhaler,0.0881827627174145,-0.014378693928357743,17,75
328,36,False,False,False,upper_bound,0.0881827627174145,-1.3877787807814457e-17,17,76
328,36,False,False,False,upper_bound_with_inhaler,0.0881827627174145,-1.3877787807814457e-17,17,77
328,36,False,False,True,one_hot,0.2053880046330666,0.2053880046330666,17,78
328,36,False,False,True,lower_bound,0.0881827627174145,-0.036349622043733265,17,79
328,36,False,False,True,midpoint,0.0881827627174145,-0.014378693928357743,17,80
328,36,False,False,True,midpoint_with_inhaler,0.0881827627174145,-0.014378693928357743,17,81
328,36,False,False,True,upper_bound,0.0881827627174145,-1.3877787807814457e-17,17,82
328,36,False,False,True,upper_bound_with_inhaler,0.0881827627174145,-1.3877787807814457e-17,17,83
328,36,True,False,False,one_hot,0.11284318271571434,0.1128431827157144,17,84
328,36,True,False,False,lower_bound,0.11284318271571434,0.1128431827157144,17,85
328,36,True,False,False,midpoint,0.11284318271571434,0.11284318271571434,17,86
328,36,True,False,False,midpoint_with_inhaler,0.11284318271571434,0.11284318271571434,17,87
328,36,True,False,False,upper_bound,0.11284318271571434,0.1128431827157144,17,88
328,36,True,False,False,upper_bound_with_inhaler,0.11284318271571434,0.1128431827157144,17,89
328,36,True,False,True,one_hot,0.11284318271571434,0.1128431827157144,17,90
328,36,True,False,True,lower_bound,0.11284318271571434,0.1128431827157144,17,91
328,36,True,False,True,midpoint,0.11284318271571434,0.11284318271571434,17,92
328,36,True,False,True,midpoint_with_inhaler,0.11284318271571434,0.11284318271571434,17,93
328,36,True,False,True,upper_bound,0.11284318271571434,0.1128431827157144,17,94
328,36,True,False,True,upper_bound_with_inhaler,0.11284318271571434,0.1128431827157144,17,95
328,48,False,False,False,one_hot,0.17066884146429792,0.17066884146429792,17,96
328,48,False,False,False,lower_bound,0.10093485547943641,-0.02035173257197864,17,97
328,48,False,False,False,midpoint,0.10093485547943641,-0.0078605438138046,17,98
328,48,False,False,False,midpoint_with_inhaler,0.10093485547943641,-0.0078605438138046,17,99
328,48,False,False,False,upper_bound,0.10093485547943641,0.0,17,100
328,48,False,False,False,upper_bound_with_inhaler,0.10093485547943641,0.0,17,101
328,48,False,False,True,one_hot,0.17066884146429792,0.17066884146429792,17,102
328,48,False,False,True,lower_bound,0.10093485547943641,-0.02035173257197864,17,103
328,48,False,False,True,midpoint,0.10093485547943641,-0.0078605438138046,17,104
328,48,False,False,True,midpoint_with_inhaler,0.10093485547943641,-0.0078605438138046,17,105
328,48,False,False,True,upper_bound,0.10093485547943641,0.0,17,106
328,48,False,False,True,upper_bound_with_inhaler,0.10093485547943641,0.0,17,107
328,48,False,True,False,one_hot,-0.3589231765582063,-0.3589231765582063,17,108
328,48,False,True,False,lower_bound,-0.3589231765582063,-0.3589231765582063,17,109
328,48,False,True,False,midpoint,-0.3589231765582063,-0.3589231765582062,17,110
328,48,False,True,False,midpoint_with_inhaler,-0.3589231765582063,-0.3589231765582062,17,111
328,48,False,True,False,upper_bound,-0.3589231765582063,-0.3589231765582063,17,112
328,48,False,True,False,upper_bound_with_inhaler,-0.3589231765582063,-0.3589231765582063,17,113
328,48,False,True,True,one_hot,-0.3589231765582063,-0.3589231765582063,17,114
328,48,False,True,True,lower_bound,-0.3589231765582063,-0.3589231765582063,17,115
328,48,False,True,True,midpoint,-0.3589231765582063,-0.3589231765582062,17,116
328,48,False,True,True,midpoint_with_inhaler,-0.3589231765582063,-0.3589231765582062,17,117
328,48,False,True,True,upper_bound,-0.3589231765582063,-0.3589231765582063,17,118
328,48,False,True,True,upper_bound_with_inhaler,-0.3589231765582063,-0.3589231765582063,17,119
328,48,True,False,False,one_hot,0.2765186331416562,0.27651863314165614,17,120
328,48,True,False,False,lower_bound,0.2765186331416562,0.27651863314165614,17,121
328,48,True,False,False,midpoint,0.2765186331416562,0.27651863314165603,17,122
328,48,True,False,False,midpoint_with_inhaler,0.2765186331416562,0.27651863314165603,17,123
328,48,True,False,False,upper_bound,0.2765186331416562,0.27651863314165614,17,124
328,48,True,False,False,upper_bound_with_inhaler,0.2765186331416562,0.27651863314165614,17,125
328,48,True,False,True,one_hot,0.2765186331416562,0.27651863314165614,17,126
328,48,True,False,True,lower_bound,0.2765186331416562,0.27651863314165614,17,127
328,48,True,False,True,midpoint,0.2765186331416562,0.27651863314165603,17,128
328,48,True,False,True,midpoint_with_inhaler,0.2765186331416562,0.27651863314165603,17,129
328,48,True,False,True,upper_bound,0.2765186331416562,0.27651863314165614,17,130
328,48,True,False,True,upper_bound_with_inhaler,0.2765186331416562,0.27651863314165614,17,131
343,12,False,False,False,one_hot,0.34153095472151107,0.34153095472151107,173,0
343,12,False,False,False,lower_bound,0.34153095472151107,0.34153095472151107,173,1
343,12,False,False,False,midpoint,0.34153095472151107,0.34153095472151107,173,2
343,12,False,False,False,midpoint_with_inhaler,0.34153095472151107,0.34153095472151107,173,3
343,12,False,False,False,upper_bound,0.34153095472151107,0.34153095472151107,173,4
343,12,False,False,False,upper_bound_with_inhaler,0.34153095472151107,0.34153095472151107,173,5
343,12,False,False,True,one_hot,0.34153095472151107,0.34153095472151107,173,6
343,12,False,False,True,lower_bound,0.34153095472151107,0.34153095472151107,173,7
343,12,False,False,True,midpoint,0.34153095472151107,0.34153095472151107,173,8
343,12,False,False,True,midpoint_with_inhaler,0.34153095472151107,0.34153095472151107,173,9
343,12,False,False,True,upper_bound,0.34153095472151107,0.34153095472151107,173,10
343,12,False,False,True,upper_bound_with_inhaler,0.34153095472151107,0.34153095472151107,173,11
343,12,False,True,False,one_hot,0.35444840938045286,0.35444840938045286,173,12
343,12,False,True,False,lower_bound,0.35444840938045286,0.35444840938045286,173,13
343,12,False,True,False,midpoint,0.35444840938045286,0.35444840938045286,173,14
343,12,False,True,False,midpoint_with_inhaler,0.35444840938045286,0.35444840938045286,173,15
343,12,False,True,False,upper_bound,0.35444840938045286,0.35444840938045286,173,16
343,12,False,True,False,upper_bound_with_inhaler,0.35444840938045286,0.35444840938045286,173,17
343,12,False,True,True,one_hot,0.35444840938045286,0.35444840938045286,173,18
343,12,False,True,True,lower_bound,0.35444840938045286,0.35444840938045286,173,19
343,12,False,True,True,midpoint,0.35444840938045286,0.35444840938045286,173,20
343,12,False,True,True,midpoint_with_inhaler,0.35444840938045286,0.35444840938045286,173,21
343,12,False,True,True,upper_bound,0.35444840938045286,0.35444840938045286,173,22
343,12,False,True,True,upper_bound_with_inhaler,0.35444840938045286,0.35444840938045286,173,23
343,12,True,False,False,one_hot,0.49408821775283435,0.4940882177528344,173,24
343,12,True,False,False,lower_bound,0.49408821775283435,0.4940882177528344,173,25
343,12,True,False,False,midpoint,0.49408821775283435,0.4940882177528344,173,26
343,12,True,False,False,midpoint_with_inhaler,0.49408821775283435,0.4940882177528344,173,27
343,12,True,False,False,upper_bound,0.49408821775283435,0.4940882177528344,173,28
343,12,True,False,False,upper_bound_with_inhaler,0.49408821775283435,0.4940882177528344,173,29
343,12,True,False,True,one_hot,0.49408821775283435,0.4940882177528344,173,30
343,12,True,False,True,lower_bound,0.49408821775283435,0.4940882177528344,173,31
343,12,True,False,True,midpoint,0.49408821775283435,0.4940882177528344,173,32
343,12,True,False,True,midpoint_with_inhaler,0.49408821775283435,0.4940882177528344,173,33
343,12,True,False,True,upper_bound,0.49408821775283435,0.4940882177528344,173,34
343,12,True,False,True,upper_bound_with_inhaler,0.49408821775283435,0.4940882177528344,173,35
343,24,False,False,False,one_hot,0.22642982406539033,0.22642982406539033,173,36
343,24,False,False,False,lower_bound,0.23399581028576266,0.2669729146635557,173,37
343,24,False,False,False,midpoint,0.23399581028576266,0.25697660562052943,173,38
343,24,False,False,False,midpoint_with_inhaler,0.23399581028576266,0.25697660562052943,173,39
343,24,False,False,False,upper_bound,0.23399581028576266,0.25068268609648436,173,40
343,24,False,False,False,upper_bound_with_inhaler,0.23399581028576266,0.25068268609648436,173,41
343,24,False,False,True,one_hot,0.22642982406539033,0.22642982406539033,173,42
343,24,False,False,True,lower_bound,0.23399581028576266,0.2669729146635557,173,43
343,24,False,False,True,midpoint,0.23399581028576266,0.25697660562052943,173,44
343,24,False,False,True,midpoint_with_inhaler,0.23399581028576266,0.25697660562052943,173,45
343,24,False,False,True,upper_bound,0.23399581028576266,0.25068268609648436,173,46
343,24,False,False,True,upper_bound_with_inhaler,0.23399581028576266,0.25068268609648436,173,47
343,24,False,True,False,one_hot,0.206413650640692,0.2064136506406921,173,48
343,24,False,True,False,lower_bound,0.206413650640692,0.2064136506406921,173,49
343,24,False,True,False,midpoint,0.206413650640692,0.20641365064069211,173,50
343,24,False,True,False,midpoint_with_inhaler,0.206413650640692,0.20641365064069211,173,51
343,24,False,True,False,upper_bound,0.206413650640692,0.2064136506406921,173,52
343,24,False,True,False,upper_bound_with_inhaler,0.206413650640692,0.2064136506406921,173,53
343,24,False,True,True,one_hot,0.206413650640692,0.2064136506406921,173,54
343,24,False,True,True,lower_bound,0.206413650640692,0.2064136506406921,173,55
343,24,False,True,True,midpoint,0.206413650640692,0.20641365064069211,173,56
343,24,False,True,True,midpoint_with_inhaler,0.206413650640692,0.20641365064069211,173,57
343,24,False,True,True,upper_bound,0.206413650640692,0.2064136506406921,173,58
343,24,False,True,True,upper_bound_with_inhaler,0.206413650640692,0.2064136506406921,173,59
343,24,True,False,False,one_hot,0.22642982406539033,0.22642982406539033,173,60
343,24,True,False,False,lower_bound,0.23399581028576266,0.2669729146635557,173,61
343,24,True,False,False,midpoint,0.23399581028576266,0.25697660562052943,173,62
343,24,True,False,False,midpoint_with_inhaler,0.23399581028576266,0.25697660562052943,173,63
343,24,True,False,False,upper_bound,0.23399581028576266,0.25068268609648436,173,64
343,24,True,False,False,upper_bound_with_inhaler,0.23399581028576266,0.25068268609648436,173,65
343,24,True,False,True,one_hot,0.22642982406539033,0.22642982406539033,173,66
343,24,True,False,True,lower_bound,0.23399581028576266,0.2669729146635557,173,67
343,24,True,False,True,midpoint,0.23399581028576266,0.25697660562052943,173,68
343,24,True,False,True,midpoint_with_inhaler,0.23399581028576266,0.25697660562052943,173,69
343,24,True,False,True,upper_bound,0.23399581028576266,0.25068268609648436,173,70
343,24,True,False,True,upper_bound_with_inhaler,0.23399581028576266,0.25068268609648436,173,71
343,36,False,False,False,one_hot,0.3096658519436314,0.3096658519436314,173,72
343,36,False,False,False,lower_bound,0.30984870642510176,0.2834568199747736,173,73
343,36,False,False,False,midpoint,0.30984870642510176,0.2977207504743829,173,74
343,36,False,False,False,midpoint_with_inhaler,0.30984870642510176,0.2977207504743829,173,75
343,36,False,False,False,upper_bound,0.30984870642510176,0.30344966562110814,173,76
343,36,False,False,False,upper_bound_with_inhaler,0.30984870642510176,0.30344966562110814,173,77
343,36,False,False,True,one_hot,0.3096658519436314,0.3096658519436314,173,78
343,36,False,False,True,lower_bound,0.30984870642510176,0.2834568199747736,173,79
343,36,False,False,True,midpoint,0.30984870642510176,0.2977207504743829,173,80
343,36,False,False,True,midpoint_with_inhaler,0.30984870642510176,0.2977207504743829,173,81
343,36,False,False,True,upper_bound,0.30984870642510176,0.30344966562110814,173,82
343,36,False,False,True,upper_bound_with_inhaler,0.30984870642510176,0.30344966562110814,173,83
343,36,True,False,False,one_hot,0.143981464750521,0.143981464750521,173,84
343,36,True,False,False,lower_bound,0.143981464750521,0.143981464750521,173,85
343,36,True,False,False,midpoint,0.143981464750521,0.14398146475052095,173,86
343,36,True,False,False,midpoint_with_inhaler,0.143981464750521,0.14398146475052095,173,87
343,36,True,False,False,upper_bound,0.143981464750521,0.143981464750521,173,88
343,36,True,False,False,upper_bound_with_inhaler,0.143981464750521,0.143981464750521,173,89
343,36,True,False,True,one_hot,0.143981464750521,0.143981464750521,173,90
343,36,True,False,True,lower_bound,0.143981464750521,0.143981464750521,173,91
343,36,True,False,True,midpoint,0.143981464750521,0.14398146475052095,173,92
343,36,True,False,True,midpoint_with_inhaler,0.143981464750521,0.14398146475052095,173,93
343,36,True,False,True,upper_bound,0.143981464750521,0.143981464750521,173,94
343,36,True,False,True,upper_bound_with_inhaler,0.143981464750521,0.143981464750521,173,95
343,48,False,False,False,one_hot,0.18882817146789363,0.18882817146789352,173,96
343,48,False,False,False,lower_bound,0.1960257894512163,0.20828863320261523,173,97
343,48,False,False,False,midpoint,0.1960257894512163,0.20567818401131718,173,98
343,48,False,False,False,midpoint_with_inhaler,0.1960257894512163,0.20567818401131718,173,99
343,48,False,False,False,upper_bound,0.1960257894512163,0.20304983684843714,173,100
343,48,False,False,False,upper_bound_with_inhaler,0.1960257894512163,0.20304983684843714,173,101
343,48,False,False,True,one_hot,0.18882817146789363,0.18882817146789352,173,102
343,48,False,False,True,lower_bound,0.1960257894512163,0.20828863320261523,173,103
343,48,False,False,True,midpoint,0.1960257894512163,0.20567818401131718,173,104
343,48,False,False,True,midpoint_with_inhaler,0.1960257894512163,0.20567818401131718,173,105
343,48,False,False,True,upper_bound,0.1960257894512163,0.20304983684843714,173,106
343,48,False,False,True,upper_bound_with_inhaler,0.1960257894512163,0.20304983684843714,173,107
343,48,False,True,False,one_hot,-0.01884770910670986,-0.018847709106709902,173,108
343,48,False,True,False,lower_bound,-0.01884770910670986,-0.018847709106709902,173,109
343,48,False,True,False,midpoint,-0.01884770910670986,-0.018847709106709885,173,110
343,48,False,True,False,midpoint_with_inhaler,-0.01884770910670986,-0.018847709106709885,173,111
343,48,False,True,False,upper_bound,-0.01884770910670986,-0.018847709106709902,173,112
343,48,False,True,False,upper_bound_with_inhaler,-0.01884770910670986,-0.018847709106709902,173,113
343,48,False,True,True,one_hot,-0.01884770910670986,-0.018847709106709902,173,114
343,48,False,True,True,lower_bound,-0.01884770910670986,-0.018847709106709902,173,115
343,48,False,True,True,midpoint,-0.01884770910670986,-0.018847709106709885,173,116
343,48,False,True,True,midpoint_with_inhaler,-0.01884770910670986,-0.018847709106709885,173,117
343,48,False,True,True,upper_bound,-0.01884770910670986,-0.018847709106709902,173,118
343,48,False,True,True,upper_bound_with_inhaler,-0.01884770910670986,-0.018847709106709902,173,119
343,48,True,False,False,one_hot,0.041589479462671775,0.04158947946267182,173,120
343,48,True,False,False,lower_bound,0.03998753574250153,0.027469832771788678,173,121
343,48,True,False,False,midpoint,0.03998753574250153,0.03222606436969392,173,122
343,48,True,False,False,midpoint_with_inhaler,0.03998753574250153,0.03222606436969392,173,123
343,48,True,False,False,upper_bound,0.03998753574250153,0.03462540363266564,173,124
343,48,True,False,False,upper_bound_with_inhaler,0.03998753574250153,0.03462540363266564,173,125
343,48,True,False,True,one_hot,0.041589479462671775,0.04158947946267182,173,126
343,48,True,False,True,lower_bound,0.03998753574250153,0.027469832771788678,173,127
343,48,True,False,True,midpoint,0.03998753574250153,0.03222606436969392,173,128
343,48,True,False,True,midpoint_with_inhaler,0.03998753574250153,0.03222606436969392,173,129
343,48,True,False,True,upper_bound,0.03998753574250153,0.03462540363266564,173,130
343,48,True,False,True,upper_bound_with_inhaler,0.03998753574250153,0.03462540363266564,173,131
398,12,False,False,False,one_hot,0.5632090646282755,0.5632090646282755,25,0
398,12,False,False,False,lower_bound,0.5632090646282755,0.5632090646282755,25,1
398,12,False,False,False,midpoint,0.5632090646282755,0.5632090646282755,25,2
398,12,False,False,False,midpoint_with_inhaler,0.5632090646282755,0.5632090646282755,25,3
398,12,False,False,False,upper_bound,0.5632090646282755,0.5632090646282755,25,4
398,12,False,False,False,upper_bound_with_inhaler,0.5632090646282755,0.5632090646282755,25,5
398,12,False,False,True,one_hot,0.5632090646282755,0.5632090646282755,25,6
398,12,False,False,True,lower_bound,0.5632090646282755,0.5632090646282755,25,7
398,12,False,False,True,midpoint,0.5632090646282755,0.5632090646282755,25,8
398,12,False,False,True,midpoint_with_inhaler,0.5632090646282755,0.5632090646282755,25,9
398,12,False,False,True,upper_bound,0.5632090646282755,0.5632090646282755,25,10
398,12,False,False,True,upper_bound_with_inhaler,0.5632090646282755,0.5632090646282755,25,11
398,12,False,True,False,one_hot,0.27222470796464765,0.2722247079646477,25,12
398,12,False,True,False,lower_bound,0.27222470796464765,0.2722247079646477,25,13
398,12,False,True,False,midpoint,0.27222470796464765,0.2722247079646477,25,14
398,12,False,True,False,midpoint_with_inhaler,0.27222470796464765,0.2722247079646477,25,15
398,12,False,True,False,upper_bound,0.27222470796464765,0.2722247079646477,25,16
398,12,False,True,False,upper_bound_with_inhaler,0.27222470796464765,0.2722247079646477,25,17
398,12,False,True,True,one_hot,0.27222470796464765,0.2722247079646477,25,18
398,12,False,True,True,lower_bound,0.27222470796464765,0.2722247079646477,25,19
398,12,False,True,True,midpoint,0.27222470796464765,0.2722247079646477,25,20
398,12,False,True,True,midpoint_with_inhaler,0.27222470796464765,0.2722247079646477,25,21
398,12,False,True,True,upper_bound,0.27222470796464765,0.2722247079646477,25,22
398,12,False,True,True,upper_bound_with_inhaler,0.27222470796464765,0.2722247079646477,25,23
398,12,True,False,False,one_hot,0.3398313641010904,0.3398313641010904,25,24
398,12,True,False,False,lower_bound,0.3398313641010904,0.3398313641010904,25,25
398,12,True,False,False,midpoint,0.3398313641010904,0.3398313641010904,25,26
398,12,True,False,False,midpoint_with_inhaler,0.3398313641010904,0.3398313641010904,25,27
398,12,True,False,False,upper_bound,0.3398313641010904,0.3398313641010904,25,28
398,12,True,False,False,upper_bound_with_inhaler,0.3398313641010904,0.3398313641010904,25,29
398,12,True,False,True,one_hot,0.3398313641010904,0.3398313641010904,25,30
398,12,True,False,True,lower_bound,0.3398313641010904,0.3398313641010904,25,31
398,12,True,False,True,midpoint,0.3398313641010904,0.3398313641010904,25,32
398,12,True,False,True,midpoint_with_inhaler,0.3398313641010904,0.3398313641010904,25,33
398,12,True,False,True,upper_bound,0.3398313641010904,0.3398313641010904,25,34
398,12,True,False,True,upper_bound_with_inhaler,0.3398313641010904,0.3398313641010904,25,35
398,24,False,False,False,one_hot,0.3707002608294455,0.3707002608294455,25,36
398,24,False,False,False,lower_bound,0.3707002608294455,0.3707002608294455,25,37
398,24,False,False,False,midpoint,0.3707002608294455,0.3707002608294455,25,38
398,24,False,False,False,midpoint_with_inhaler,0.3707002608294455,0.3707002608294455,25,39
398,24,False,False,False,upper_bound,0.3707002608294455,0.3707002608294455,25,40
398,24,False,False,False,upper_bound_with_inhaler,0.3707002608294455,0.3707002608294455,25,41
398,24,False,False,True,one_hot,0.3707002608294455,0.3707002608294455,25,42
398,24,False,False,True,lower_bound,0.3707002608294455,0.3707002608294455,25,43
398,24,False,False,True,midpoint,0.3707002608294455,0.3707002608294455,25,44
398,24,False,False,True,midpoint_with_inhaler,0.3707002608294455,0.3707002608294455,25,45
398,24,False,False,True,upper_bound,0.3707002608294455,0.3707002608294455,25,46
398,24,False,False,True,upper_bound_with_inhaler,0.3707002608294455,0.3707002608294455,25,47
398,24,False,True,False,one_hot,0.42933080951875946,0.42933080951875946,25,48
398,24,False,True,False,lower_bound,0.42933080951875946,0.42933080951875946,25,49
398,24,False,True,False,midpoint,0.42933080951875946,0.42933080951875946,25,50
398,24,False,True,False,midpoint_with_inhaler,0.42933080951875946,0.42933080951875946,25,51
398,24,False,True,False,upper_bound,0.42933080951875946,0.42933080951875946,25,52
398,24,False,True,False,upper_bound_with_inhaler,0.42933080951875946,0.42933080951875946,25,53
398,24,False,True,True,one_hot,0.42933080951875946,0.42933080951875946,25,54
398,24,False,True,True,lower_bound,0.42933080951875946,0.42933080951875946,25,55
398,24,False,True,True,midpoint,0.42933080951875946,0.42933080951875946,25,56
398,24,False,True,True,midpoint_with_inhaler,0.42933080951875946,0.42933080951875946,25,57
398,24,False,True,True,upper_bound,0.42933080951875946,0.42933080951875946,25,58
398,24,False,True,True,upper_bound_with_inhaler,0.42933080951875946,0.42933080951875946,25,59
398,24,True,False,False,one_hot,0.3707002608294455,0.3707002608294455,25,60
398,24,True,False,False,lower_bound,0.3707002608294455,0.3707002608294455,25,61
398,24,True,False,False,midpoint,0.3707002608294455,0.3707002608294455,25,62
398,24,True,False,False,midpoint_with_inhaler,0.3707002608294455,0.3707002608294455,25,63
398,24,True,False,False,upper_bound,0.3707002608294455,0.3707002608294455,25,64
398,24,True,False,False,upper_bound_with_inhaler,0.3707002608294455,0.3707002608294455,25,65
398,24,True,False,True,one_hot,0.3707002608294455,0.3707002608294455,25,66
398,24,True,False,True,lower_bound,0.3707002608294455,0.3707002608294455,25,67
398,24,True,False,True,midpoint,0.3707002608294455,0.3707002608294455,25,68
398,24,True,False,True,midpoint_with_inhaler,0.3707002608294455,0.3707002608294455,25,69
398,24,True,False,True,upper_bound,0.3707002608294455,0.3707002608294455,25,70
398,24,True,False,True,upper_bound_with_inhaler,0.3707002608294455,0.3707002608294455,25,71
398,36,False,False,False,one_hot,0.6653523815776727,0.6653523815776727,25,72
398,36,False,False,False,lower_bound,0.6653523815776727,0.6653523815776727,25,73
398,36,False,False,False,midpoint,0.6653523815776727,0.6653523815776727,25,74
398,36,False,False,False,midpoint_with_inhaler,0.6653523815776727,0.6653523815776727,25,75
398,36,False,False,False,upper_bound,0.6653523815776727,0.6653523815776727,25,76
398,36,False,False,False,upper_bound_with_inhaler,0.6653523815776727,0.6653523815776727,25,77
398,36,False,False,True,one_hot,0.6653523815776727,0.6653523815776727,25,78
398,36,False,False,True,lower_bound,0.6653523815776727,0.6653523815776727,25,79
398,36,False,False,True,midpoint,0.6653523815776727,0.6653523815776727,25,80
398,36,False,False,True,midpoint_with_inhaler,0.6653523815776727,0.6653523815776727,25,81
398,36,False,False,True,upper_bound,0.6653523815776727,0.6653523815776727,25,82
398,36,False,False,True,upper_bound_with_inhaler,0.6653523815776727,0.6653523815776727,25,83
398,36,True,False,False,one_hot,0.42933080951875946,0.42933080951875946,25,84
398,36,True,False,False,lower_bound,0.42933080951875946,0.42933080951875946,25,85
398,36,True,False,False,midpoint,0.42933080951875946,0.42933080951875946,25,86
398,36,True,False,False,midpoint_with_inhaler,0.42933080951875946,0.42933080951875946,25,87
398,36,True,False,False,upper_bound,0.42933080951875946,0.42933080951875946,25,88
398,36,True,False,False,upper_bound_with_inhaler,0.42933080951875946,0.42933080951875946,25,89
398,36,True,False,True,one_hot,0.42933080951875946,0.42933080951875946,25,90
398,36,True,False,True,lower_bound,0.42933080951875946,0.42933080951875946,25,91
398,36,True,False,True,midpoint,0.42933080951875946,0.42933080951875946,25,92
398,36,True,False,True,midpoint_with_inhaler,0.42933080951875946,0.42933080951875946,25,93
398,36,True,False,True,upper_bound,0.42933080951875946,0.42933080951875946,25,94
398,36,True,False,True,upper_bound_with_inhaler,0.42933080951875946,0.42933080951875946,25,95
398,48,False,False,False,one_hot,0.8670147264905651,0.8670147264905651,25,96
398,48,False,False,False,lower_bound,0.8670147264905651,0.8670147264905651,25,97
398,48,False,False,False,midpoint,0.8670147264905651,0.8670147264905651,25,98
398,48,False,False,False,midpoint_with_inhaler,0.8670147264905651,0.8670147264905651,25,99
398,48,False,False,False,upper_bound,0.8670147264905651,0.8670147264905651,25,100
398,48,False,False,False,upper_bound_with_inhaler,0.8670147264905651,0.8670147264905651,25,101
398,48,False,False,True,one_hot,0.8670147264905651,0.8670147264905651,25,102
398,48,False,False,True,lower_bound,0.8670147264905651,0.8670147264905651,25,103
398,48,False,False,True,midpoint,0.8670147264905651,0.8670147264905651,25,104
398,48,False,False,True,midpoint_with_inhaler,0.8670147264905651,0.8670147264905651,25,105
398,48,False,False,True,upper_bound,0.8670147264905651,0.8670147264905651,25,106
398,48,False,False,True,upper_bound_with_inhaler,0.8670147264905651,0.8670147264905651,25,107
398,48,False,True,False,one_hot,0.5779425694068322,0.5779425694068322,25,108
398,48,False,True,False,lower_bound,0.5779425694068322,0.5779425694068322,25,109
398,48,False,True,False,midpoint,0.5779425694068322,0.5779425694068322,25,110
398,48,False,True,False,midpoint_with_inhaler,0.5779425694068322,0.5779425694068322,25,111
398,48,False,True,False,upper_bound,0.5779425694068322,0.5779425694068322,25,112
398,48,False,True,False,upper_bound_with_inhaler,0.5779425694068322,0.5779425694068322,25,113
398,48,False,True,True,one_hot,0.5779425694068322,0.5779425694068322,25,114
398,48,False,True,True,lower_bound,0.5779425694068322,0.5779425694068322,25,115
398,48,False,True,True,midpoint,0.5779425694068322,0.5779425694068322,25,116
398,48,False,True,True,midpoint_with_inhaler,0.5779425694068322,0.5779425694068322,25,117
398,48,False,True,True,upper_bound,0.5779425694068322,0.5779425694068322,25,118
398,48,False,True,True,upper_bound_with_inhaler,0.5779425694068322,0.5779425694068322,25,119
398,48,True,False,False,one_hot,0.054608690911020066,0.054608690911020066,25,120
398,48,True,False,False,lower_bound,0.054608690911020066,0.054608690911020066,25,121
398,48,True,False,False,midpoint,0.054608690911020066,0.054608690911020066,25,122
398,48,True,False,False,midpoint_with_inhaler,0.054608690911020066,0.054608690911020066,25,123
398,48,True,False,False,upper_bound,0.054608690911020066,0.054608690911020066,25,124
398,48,True,False,False,upper_bound_with_inhaler,0.054608690911020066,0.054608690911020066,25,125
398,48,True,False,True,one_hot,0.054608690911020066,0.054608690911020066,25,126
398,48,True,False,True,lower_bound,0.054608690911020066,0.054608690911020066,25,127
398,48,True,False,True,midpoint,0.054608690911020066,0.054608690911020066,25,128
398,48,True,False,True,midpoint_with_inhaler,0.054608690911020066,0.054608690911020066,25,129
398,48,True,False,True,upper_bound,0.054608690911020066,0.054608690911020066,25,130
398,48,True,False,True,upper_bound_with_inhaler,0.054608690911020066,0.054608690911020066,25,131
447,12,False,False,False,one_hot,0.2025492740985809,0.20254927409858092,99,0
447,12,False,False,False,lower_bound,0.04067957952474585,0.10423640593744056,99,1
447,12,False,False,False,midpoint,0.04067957952474585,0.08438766991415587,99,2
447,12,False,False,False,midpoint_with_inhaler,0.04067957952474585,0.08438766991415587,99,3
447,12,False,False,False,upper_bound,0.04067957952474585,0.07252353706406992,99,4
447,12,False,False,False,upper_bound_with_inhaler,0.04067957952474585,0.07252353706406992,99,5
447,12,False,False,True,one_hot,0.2025492740985809,0.20254927409858092,99,6
447,12,False,False,True,lower_bound,0.04067957952474585,0.10423640593744056,99,7
447,12,False,False,True,midpoint,0.04067957952474585,0.08438766991415587,99,8
447,12,False,False,True,midpoint_with_inhaler,0.04067957952474585,0.08438766991415587,99,9
447,12,False,False,True,upper_bound,0.04067957952474585,0.07252353706406992,99,10
447,12,False,False,True,upper_bound_with_inhaler,0.04067957952474585,0.07252353706406992,99,11
447,12,False,True,False,one_hot,0.13777557623177417,0.13777557623177417,99,12
447,12,False,True,False,lower_bound,-0.10464615312344655,-0.08734062587988134,99,13
447,12,False,True,False,midpoint,-0.10464615312344655,-0.07883973868519864,99,14
447,12,False,True,False,midpoint_with_inhaler,-0.10464615312344655,-0.07883973868519864,99,15
447,12,False,True,False,upper_bound,-0.10464615312344655,-0.07139105119208984,99,16
447,12,False,True,False,upper_bound_with_inhaler,-0.10464615312344655,-0.07139105119208984,99,17
447,12,False,True,True,one_hot,0.13777557623177417,0.13777557623177417,99,18
447,12,False,True,True,lower_bound,-0.10464615312344655,-0.08734062587988134,99,19
447,12,False,True,True,midpoint,-0.10464615312344655,-0.07883973868519864,99,20
447,12,False,True,True,midpoint_with_inhaler,-0.10464615312344655,-0.07883973868519864,99,21
447,12,False,True,True,upper_bound,-0.10464615312344655,-0.07139105119208984,99,22
447,12,False,True,True,upper_bound_with_inhaler,-0.10464615312344655,-0.07139105119208984,99,23
447,12,True,False,False,one_hot,0.042151219170593245,0.0421512191705933,99,24
447,12,True,False,False,lower_bound,-0.06584374037179748,-0.010659684824212666,99,25
447,12,True,False,False,midpoint,-0.06584374037179748,-0.020270936702739863,99,26
447,12,True,False,False,midpoint_with_inhaler,-0.06584374037179748,-0.020270936702739863,99,27
447,12,True,False,False,upper_bound,-0.06584374037179748,-0.026195225736150574,99,28
447,12,True,False,False,upper_bound_with_inhaler,-0.06584374037179748,-0.026195225736150574,99,29
447,12,True,False,True,one_hot,0.042151219170593245,0.0421512191705933,99,30
447,12,True,False,True,lower_bound,-0.06584374037179748,-0.010659684824212666,99,31
447,12,True,False,True,midpoint,-0.06584374037179748,-0.020270936702739863,99,32
447,12,True,False,True,midpoint_with_inhaler,-0.06584374037179748,-0.020270936702739863,99,33
447,12,True,False,True,upper_bound,-0.06584374037179748,-0.026195225736150574,99,34
447,12,True,False,True,upper_bound_with_inhaler,-0.06584374037179748,-0.026195225736150574,99,35
447,24,False,False,False,one_hot,0.13777557623177417,0.13777557623177425,99,36
447,24,False,False,False,lower_bound,0.09358907049393904,0.22215205223797968,99,37
447,24,False,False,False,midpoint,0.09358907049393904,0.19974459543465156,99,38
447,24,False,False,False,midpoint_with_inhaler,0.09358907049393904,0.19974459543465156,99,39
447,24,False,False,False,upper_bound,0.09358907049393904,0.18153002911065755,99,40
447,24,False,False,False,upper_bound_with_inhaler,0.09358907049393904,0.18153002911065755,99,41
447,24,False,False,True,one_hot,0.13777557623177417,0.13777557623177425,99,42
447,24,False,False,True,lower_bound,0.09358907049393904,0.22215205223797968,99,43
447,24,False,False,True,midpoint,0.09358907049393904,0.19974459543465156,99,44
447,24,False,False,True,midpoint_with_inhaler,0.09358907049393904,0.19974459543465156,99,45
447,24,False,False,True,upper_bound,0.09358907049393904,0.18153002911065755,99,46
447,24,False,False,True,upper_bound_with_inhaler,0.09358907049393904,0.18153002911065755,99,47
447,24,False,True,False,one_hot,-0.05850232243877993,-0.05850232243877996,99,48
447,24,False,True,False,lower_bound,-0.041073802061537906,0.13059707504789303,99,49
447,24,False,True,False,midpoint,-0.041073802061537906,0.08691673227754053,99,50
447,24,False,True,False,midpoint_with_inhaler,-0.041073802061537906,0.08691673227754053,99,51
447,24,False,True,False,upper_bound,-0.041073802061537906,0.05849623835732616,99,52
447,24,False,True,False,upper_bound_with_inhaler,-0.041073802061537906,0.05849623835732616,99,53
447,24,False,True,True,one_hot,-0.05850232243877993,-0.05850232243877996,99,54
447,24,False,True,True,lower_bound,-0.041073802061537906,0.13059707504789303,99,55
447,24,False,True,True,midpoint,-0.041073802061537906,0.08691673227754053,99,56
447,24,False,True,True,midpoint_with_inhaler,-0.041073802061537906,0.08691673227754053,99,57
447,24,False,True,True,upper_bound,-0.041073802061537906,0.05849623835732616,99,58
447,24,False,True,True,upper_bound_with_inhaler,-0.041073802061537906,0.05849623835732616,99,59
447,24,True,False,False,one_hot,0.13777557623177417,0.13777557623177425,99,60
447,24,True,False,False,lower_bound,0.09358907049393904,0.22215205223797968,99,61
447,24,True,False,False,midpoint,0.09358907049393904,0.19974459543465156,99,62
447,24,True,False,False,midpoint_with_inhaler,0.09358907049393904,0.19974459543465156,99,63
447,24,True,False,False,upper_bound,0.09358907049393904,0.18153002911065755,99,64
447,24,True,False,False,upper_bound_with_inhaler,0.09358907049393904,0.18153002911065755,99,65
447,24,True,False,True,one_hot,0.13777557623177417,0.13777557623177425,99,66
447,24,True,False,True,lower_bound,0.09358907049393904,0.22215205223797968,99,67
447,24,True,False,True,midpoint,0.09358907049393904,0.19974459543465156,99,68
447,24,True,False,True,midpoint_with_inhaler,0.09358907049393904,0.19974459543465156,99,69
447,24,True,False,True,upper_bound,0.09358907049393904,0.18153002911065755,99,70
447,24,True,False,True,upper_bound_with_inhaler,0.09358907049393904,0.18153002911065755,99,71
447,36,False,False,False,one_hot,-0.12170627997714256,-0.12170627997714256,99,72
447,36,False,False,False,lower_bound,-0.040777440587443856,0.1120571469200484,99,73
447,36,False,False,False,midpoint,-0.040777440587443856,0.0741303495187995,99,74
447,36,False,False,False,midpoint_with_inhaler,-0.040777440587443856,0.0741303495187995,99,75
447,36,False,False,False,upper_bound,-0.040777440587443856,0.04959626194028414,99,76
447,36,False,False,False,upper_bound_with_inhaler,-0.040777440587443856,0.04959626194028414,99,77
447,36,False,False,True,one_hot,-0.12170627997714256,-0.12170627997714256,99,78
447,36,False,False,True,lower_bound,-0.040777440587443856,0.1120571469200484,99,79
447,36,False,False,True,midpoint,-0.040777440587443856,0.0741303495187995,99,80
447,36,False,False,True,midpoint_with_inhaler,-0.040777440587443856,0.0741303495187995,99,81
447,36,False,False,True,upper_bound,-0.040777440587443856,0.04959626194028414,99,82
447,36,False,False,True,upper_bound_with_inhaler,-0.040777440587443856,0.04959626194028414,99,83
447,36,True,False,False,one_hot,0.027871125146861332,0.02787112514686133,99,84
447,36,True,False,False,lower_bound,-0.04298003132645388,0.17632942486296022,99,85
447,36,True,False,False,midpoint,-0.04298003132645388,0.12404042653508852,99,86
447,36,True,False,False,midpoint_with_inhaler,-0.04298003132645388,0.12404042653508852,99,87
447,36,True,False,False,upper_bound,-0.04298003132645388,0.08909676967030739,99,88
447,36,True,False,False,upper_bound_with_inhaler,-0.04298003132645388,0.08909676967030739,99,89
447,36,True,False,True,one_hot,0.027871125146861332,0.02787112514686133,99,90
447,36,True,False,True,lower_bound,-0.04298003132645388,0.17632942486296022,99,91
447,36,True,False,True,midpoint,-0.04298003132645388,0.12404042653508852,99,92
447,36,True,False,True,midpoint_with_inhaler,-0.04298003132645388,0.12404042653508852,99,93
447,36,True,False,True,upper_bound,-0.04298003132645388,0.08909676967030739,99,94
447,36,True,False,True,upper_bound_with_inhaler,-0.04298003132645388,0.08909676967030739,99,95
447,48,False,False,False,one_hot,0.06288278099234783,0.06288278099234786,99,96
447,48,False,False,False,lower_bound,-0.14422558990026504,0.0074912140120656015,99,97
447,48,False,False,False,midpoint,-0.14422558990026504,-0.027123905975769386,99,98
447,48,False,False,False,midpoint_with_inhaler,-0.14422558990026504,-0.027123905975769386,99,99
447,48,False,False,False,upper_bound,-0.14422558990026504,-0.049476872923904194,99,100
447,48,False,False,False,upper_bound_with_inhaler,-0.14422558990026504,-0.049476872923904194,99,101
447,48,False,False,True,one_hot,0.06288278099234783,0.06288278099234786,99,102
447,48,False,False,True,lower_bound,-0.14422558990026504,0.0074912140120656015,99,103
447,48,False,False,True,midpoint,-0.14422558990026504,-0.027123905975769386,99,104
447,48,False,False,True,midpoint_with_inhaler,-0.14422558990026504,-0.027123905975769386,99,105
447,48,False,False,True,upper_bound,-0.14422558990026504,-0.049476872923904194,99,106
447,48,False,False,True,upper_bound_with_inhaler,-0.14422558990026504,-0.049476872923904194,99,107
447,48,False,True,False,one_hot,0.09682486690228717,0.09682486690228717,99,108
447,48,False,True,False,lower_bound,-0.13008188179557043,-0.08356041455957268,99,109
447,48,False,True,False,midpoint,-0.13008188179557043,-0.08098397530479527,99,110
447,48,False,True,False,midpoint_with_inhaler,-0.13008188179557043,-0.08098397530479527,99,111
447,48,False,True,False,upper_bound,-0.13008188179557043,-0.0794609913365002,99,112
447,48,False,True,False,upper_bound_with_inhaler,-0.13008188179557043,-0.0794609913365002,99,113
447,48,False,True,True,one_hot,0.09682486690228717,0.09682486690228717,99,114
447,48,False,True,True,lower_bound,-0.13008188179557043,-0.08356041455957268,99,115
447,48,False,True,True,midpoint,-0.13008188179557043,-0.08098397530479527,99,116
447,48,False,True,True,midpoint_with_inhaler,-0.13008188179557043,-0.08098397530479527,99,117
447,48,False,True,True,upper_bound,-0.13008188179557043,-0.0794609913365002,99,118
447,48,False,True,True,upper_bound_with_inhaler,-0.13008188179557043,-0.0794609913365002,99,119
447,48,True,False,False,one_hot,-0.13524574882940682,-0.13524574882940685,99,120
447,48,True,False,False,lower_bound,-0.17576348426306984,-0.1184486463884,99,121
447,48,True,False,False,midpoint,-0.17576348426306984,-0.11980131731121854,99,122
447,48,True,False,False,midpoint_with_inhaler,-0.17576348426306984,-0.11980131731121854,99,123
447,48,True,False,False,upper_bound,-0.17576348426306984,-0.11929051455689293,99,124
447,48,True,False,False,upper_bound_with_inhaler,-0.17576348426306984,-0.11929051455689293,99,125
447,48,True,False,True,one_hot,-0.13524574882940682,-0.13524574882940685,99,126
447,48,True,False,True,lower_bound,-0.17576348426306984,-0.1184486463884,99,127
447,48,True,False,True,midpoint,-0.17576348426306984,-0.11980131731121854,99,128
447,48,True,False,True,midpoint_with_inhaler,-0.17576348426306984,-0.11980131731121854,99,129
447,48,True,False,True,upper_bound,-0.17576348426306984,-0.11929051455689293,99,130
447,48,True,False,True,upper_bound_with_inhaler,-0.17576348426306984,-0.11929051455689293,99,131
454,12,False,False,False,one_hot,-0.22178412719255758,-0.22178412719255758,10,0
454,12,False,False,False,lower_bound,-0.32882024605151766,-0.09568540679392443,10,1
454,12,False,False,False,midpoint,-0.32882024605151766,-0.19367361996031165,10,2
454,12,False,False,False,midpoint_with_inhaler,-0.32882024605151766,-0.19367361996031165,10,3
454,12,False,False,False,upper_bound,-0.32882024605151766,-0.25376228905381204,10,4
454,12,False,False,False,upper_bound_with_inhaler,-0.32882024605151766,-0.25376228905381204,10,5
454,12,False,False,True,one_hot,-0.22178412719255758,-0.22178412719255758,10,6
454,12,False,False,True,lower_bound,-0.32882024605151766,-0.09568540679392443,10,7
454,12,False,False,True,midpoint,-0.32882024605151766,-0.19367361996031165,10,8
454,12,False,False,True,midpoint_with_inhaler,-0.32882024605151766,-0.19367361996031165,10,9
454,12,False,False,True,upper_bound,-0.32882024605151766,-0.25376228905381204,10,10
454,12,False,False,True,upper_bound_with_inhaler,-0.32882024605151766,-0.25376228905381204,10,11
454,12,False,True,False,one_hot,,,10,12
454,12,False,True,False,lower_bound,0.13115705581403653,0.13531089826100376,10,13
454,12,False,True,False,midpoint,0.13115705581403653,0.15147272624124034,10,14
454,12,False,True,False,midpoint_with_inhaler,0.13115705581403653,0.15147272624124034,10,15
454,12,False,True,False,upper_bound,0.13115705581403653,0.1641075215960431,10,16
454,12,False,True,False,upper_bound_with_inhaler,0.13115705581403653,0.1641075215960431,10,17
454,12,False,True,True,one_hot,,,10,18
454,12,False,True,True,lower_bound,0.13115705581403653,0.13531089826100376,10,19
454,12,False,True,True,midpoint,0.13115705581403653,0.15147272624124034,10,20
454,12,False,True,True,midpoint_with_inhaler,0.13115705581403653,0.15147272624124034,10,21
454,12,False,True,True,upper_bound,0.13115705581403653,0.1641075215960431,10,22
454,12,False,True,True,upper_bound_with_inhaler,0.13115705581403653,0.1641075215960431,10,23
454,12,True,False,False,one_hot,-0.22178412719255758,-0.22178412719255758,10,24
454,12,True,False,False,lower_bound,-0.44786104252737075,-0.32486068956473196,10,25
454,12,True,False,False,midpoint,-0.44786104252737075,-0.3425206614883513,10,26
454,12,True,False,False,midpoint_with_inhaler,-0.44786104252737075,-0.3425206614883513,10,27
454,12,True,False,False,upper_bound,-0.44786104252737075,-0.34072521130181804,10,28
454,12,True,False,False,upper_bound_with_inhaler,-0.44786104252737075,-0.34072521130181804,10,29
454,12,True,False,True,one_hot,-0.22178412719255758,-0.22178412719255758,10,30
454,12,True,False,True,lower_bound,-0.44786104252737075,-0.32486068956473196,10,31
454,12,True,False,True,midpoint,-0.44786104252737075,-0.3425206614883513,10,32
454,12,True,False,True,midpoint_with_inhaler,-0.44786104252737075,-0.3425206614883513,10,33
454,12,True,False,True,upper_bound,-0.44786104252737075,-0.34072521130181804,10,34
454,12,True,False,True,upper_bound_with_inhaler,-0.44786104252737075,-0.34072521130181804,10,35
454,24,False,False,False,one_hot,-0.1682361183106065,-0.1682361183106064,10,36
454,24,False,False,False,lower_bound,0.15011421889436521,0.20274697312418577,10,37
454,24,False,False,False,midpoint,0.15011421889436521,0.20991005424767817,10,38
454,24,False,False,False,midpoint_with_inhaler,0.15011421889436521,0.20991005424767817,10,39
454,24,False,False,False,upper_bound,0.15011421889436521,0.20615043029684743,10,40
454,24,False,False,False,upper_bound_with_inhaler,0.15011421889436521,0.20615043029684743,10,41
454,24,False,False,True,one_hot,-0.1682361183106065,-0.1682361183106064,10,42
454,24,False,False,True,lower_bound,0.15011421889436521,0.20274697312418577,10,43
454,24,False,False,True,midpoint,0.15011421889436521,0.20991005424767817,10,44
454,24,False,False,True,midpoint_with_inhaler,0.15011421889436521,0.20991005424767817,10,45
454,24,False,False,True,upper_bound,0.15011421889436521,0.20615043029684743,10,46
454,24,False,False,True,upper_bound_with_inhaler,0.15011421889436521,0.20615043029684743,10,47
454,24,False,True,False,one_hot,-0.11157177565710485,-0.11157177565710488,10,48
454,24,False,True,False,lower_bound,-0.42471112321295634,-0.41169857936008364,10,49
454,24,False,True,False,midpoint,-0.42471112321295634,-0.3792836722013749,10,50
454,24,False,True,False,midpoint_with_inhaler,-0.42471112321295634,-0.3792836722013749,10,51
454,24,False,True,False,upper_bound,-0.42471112321295634,-0.3465735902799726,10,52
454,24,False,True,False,upper_bound_with_inhaler,-0.42471112321295634,-0.3465735902799726,10,53
454,24,False,True,True,one_hot,-0.11157177565710485,-0.11157177565710488,10,54
454,24,False,True,True,lower_bound,-0.42471112321295634,-0.41169857936008364,10,55
454,24,False,True,True,midpoint,-0.42471112321295634,-0.3792836722013749,10,56
454,24,False,True,True,midpoint_with_inhaler,-0.42471112321295634,-0.3792836722013749,10,57
454,24,False,True,True,upper_bound,-0.42471112321295634,-0.3465735902799726,10,58
454,24,False,True,True,upper_bound_with_inhaler,-0.42471112321295634,-0.3465735902799726,10,59
454,24,True,False,False,one_hot,-0.1682361183106065,-0.1682361183106064,10,60
454,24,True,False,False,lower_bound,0.15011421889436521,0.20274697312418577,10,61
454,24,True,False,False,midpoint,0.15011421889436521,0.20991005424767817,10,62
454,24,True,False,False,midpoint_with_inhaler,0.15011421889436521,0.20991005424767817,10,63
454,24,True,False,False,upper_bound,0.15011421889436521,0.20615043029684743,10,64
454,24,True,False,False,upper_bound_with_inhaler,0.15011421889436521,0.20615043029684743,10,65
454,24,True,False,True,one_hot,-0.1682361183106065,-0.1682361183106064,10,66
454,24,True,False,True,lower_bound,0.15011421889436521,0.20274697312418577,10,67
454,24,True,False,True,midpoint,0.15011421889436521,0.20991005424767817,10,68
454,24,True,False,True,midpoint_with_inhaler,0.15011421889436521,0.20991005424767817,10,69
454,24,True,False,True,upper_bound,0.15011421889436521,0.20615043029684743,10,70
454,24,True,False,True,upper_bound_with_inhaler,0.15011421889436521,0.20615043029684743,10,71
454,36,False,False,False,one_hot,-0.11157177565710485,-0.11157177565710485,10,72
454,36,False,False,False,lower_bound,-0.15774200314511963,-0.10919350212980626,10,73
454,36,False,False,False,midpoint,-0.15774200314511963,-0.08170640593841234,10,74
454,36,False,False,False,midpoint_with_inhaler,-0.15774200314511963,-0.08170640593841234,10,75
454,36,False,False,False,upper_bound,-0.15774200314511963,-0.05880998810030328,10,76
454,36,False,False,False,upper_bound_with_inhaler,-0.15774200314511963,-0.05880998810030328,10,77
454,36,False,False,True,one_hot,-0.11157177565710485,-0.11157177565710485,10,78
454,36,False,False,True,lower_bound,-0.15774200314511963,-0.10919350212980626,10,79
454,36,False,False,True,midpoint,-0.15774200314511963,-0.08170640593841234,10,80
454,36,False,False,True,midpoint_with_inhaler,-0.15774200314511963,-0.08170640593841234,10,81
454,36,False,False,True,upper_bound,-0.15774200314511963,-0.05880998810030328,10,82
454,36,False,False,True,upper_bound_with_inhaler,-0.15774200314511963,-0.05880998810030328,10,83
454,36,True,False,False,one_hot,-0.11157177565710485,-0.11157177565710488,10,84
454,36,True,False,False,lower_bound,0.0,0.1136881175525996,10,85
454,36,True,False,False,midpoint,0.0,0.0488303983903825,10,86
454,36,True,False,False,midpoint_with_inhaler,0.0,0.0488303983903825,10,87
454,36,True,False,False,upper_bound,0.0,0.0,10,88
454,36,True,False,False,upper_bound_with_inhaler,0.0,0.0,10,89
454,36,True,False,True,one_hot,-0.11157177565710485,-0.11157177565710488,10,90
454,36,True,False,True,lower_bound,0.0,0.1136881175525996,10,91
454,36,True,False,True,midpoint,0.0,0.0488303983903825,10,92
454,36,True,False,True,midpoint_with_inhaler,0.0,0.0488303983903825,10,93
454,36,True,False,True,upper_bound,0.0,0.0,10,94
454,36,True,False,True,upper_bound_with_inhaler,0.0,0.0,10,95
454,48,False,False,False,one_hot,,,10,96
454,48,False,False,False,lower_bound,0.7082175856883002,0.6796077303223107,10,97
454,48,False,False,False,midpoint,0.7082175856883002,0.6238476173876479,10,98
454,48,False,False,False,midpoint_with_inhaler,0.7082175856883002,0.6238476173876479,10,99
454,48,False,False,False,upper_bound,0.7082175856883002,0.5667781055856826,10,100
454,48,False,False,False,upper_bound_with_inhaler,0.7082175856883002,0.5667781055856826,10,101
454,48,False,False,True,one_hot,,,10,102
454,48,False,False,True,lower_bound,0.7082175856883002,0.6796077303223107,10,103
454,48,False,False,True,midpoint,0.7082175856883002,0.6238476173876479,10,104
454,48,False,False,True,midpoint_with_inhaler,0.7082175856883002,0.6238476173876479,10,105
454,48,False,False,True,upper_bound,0.7082175856883002,0.5667781055856826,10,106
454,48,False,False,True,upper_bound_with_inhaler,0.7082175856883002,0.5667781055856826,10,107
454,48,False,True,False,one_hot,,,10,108
454,48,False,True,False,lower_bound,0.20766532669179533,0.15531587020082457,10,109
454,48,False,True,False,midpoint,0.20766532669179533,0.13733720556649268,10,110
454,48,False,True,False,midpoint_with_inhaler,0.20766532669179533,0.13733720556649268,10,111
454,48,False,True,False,upper_bound,0.20766532669179533,0.12853063280330415,10,112
454,48,False,True,False,upper_bound_with_inhaler,0.20766532669179533,0.12853063280330415,10,113
454,48,False,True,True,one_hot,,,10,114
454,48,False,True,True,lower_bound,0.20766532669179533,0.15531587020082457,10,115
454,48,False,True,True,midpoint,0.20766532669179533,0.13733720556649268,10,116
454,48,False,True,True,midpoint_with_inhaler,0.20766532669179533,0.13733720556649268,10,117
454,48,False,True,True,upper_bound,0.20766532669179533,0.12853063280330415,10,118
454,48,False,True,True,upper_bound_with_inhaler,0.20766532669179533,0.12853063280330415,10,119
454,48,True,False,False,one_hot,0.5616154912936479,0.5616154912936479,10,120
454,48,True,False,False,lower_bound,0.04349745631285149,0.05770299992128469,10,121
454,48,True,False,False,midpoint,0.04349745631285149,0.11546466359765434,10,122
454,48,True,False,False,midpoint_with_inhaler,0.04349745631285149,0.11546466359765434,10,123
454,48,True,False,False,upper_bound,0.04349745631285149,0.16410752159604317,10,124
454,48,True,False,False,upper_bound_with_inhaler,0.04349745631285149,0.16410752159604317,10,125
454,48,True,False,True,one_hot,0.5616154912936479,0.5616154912936479,10,126
454,48,True,False,True,lower_bound,0.04349745631285149,0.05770299992128469,10,127
454,48,True,False,True,midpoint,0.04349745631285149,0.11546466359765434,10,128
454,48,True,False,True,midpoint_with_inhaler,0.04349745631285149,0.11546466359765434,10,129
454,48,True,False,True,upper_bound,0.04349745631285149,0.16410752159604317,10,130
454,48,True,False,True,upper_bound_with_inhaler,0.04349745631285149,0.16410752159604317,10,131
473,12,False,False,False,one_hot,0.2380238843853508,0.2380238843853508,69,0
473,12,False,False,False,lower_bound,0.5928704989312326,0.9078153392220246,69,1
473,12,False,False,False,midpoint,0.5928704989312326,0.8757790448345144,69,2
473,12,False,False,False,midpoint_with_inhaler,0.5928704989312326,0.8757790448345144,69,3
473,12,False,False,False,upper_bound,0.5922064827896307,0.8271185494436718,69,4
473,12,False,False,False,upper_bound_with_inhaler,0.5922064827896307,0.8271185494436718,69,5
473,12,False,False,True,one_hot,0.2380238843853508,0.2380238843853508,69,6
473,12,False,False,True,lower_bound,0.5928704989312326,0.9078153392220246,69,7
473,12,False,False,True,midpoint,0.5928704989312326,0.8757790448345144,69,8
473,12,False,False,True,midpoint_with_inhaler,0.5928704989312326,0.8757790448345144,69,9
473,12,False,False,True,upper_bound,0.5922064827896307,0.8271185494436718,69,10
473,12,False,False,True,upper_bound_with_inhaler,0.5922064827896307,0.8271185494436718,69,11
473,12,False,True,False,one_hot,0.15522155376684219,0.1552215537668422,69,12
473,12,False,True,False,lower_bound,0.6427152338151773,0.9320462621730933,69,13
473,12,False,True,False,midpoint,0.6427152338151773,0.974495361368011,69,14
473,12,False,True,False,midpoint_with_inhaler,0.6427152338151773,0.974495361368011,69,15
473,12,False,True,False,upper_bound,0.6421832830991366,0.9919075114842312,69,16
473,12,False,True,False,upper_bound_with_inhaler,0.6421832830991366,0.9919075114842312,69,17
473,12,False,True,True,one_hot,0.15522155376684219,0.1552215537668422,69,18
473,12,False,True,True,lower_bound,0.6427152338151773,0.9320462621730933,69,19
473,12,False,True,True,midpoint,0.6427152338151773,0.974495361368011,69,20
473,12,False,True,True,midpoint_with_inhaler,0.6427152338151773,0.974495361368011,69,21
473,12,False,True,True,upper_bound,0.6421832830991366,0.9919075114842312,69,22
473,12,False,True,True,upper_bound_with_inhaler,0.6421832830991366,0.9919075114842312,69,23
473,12,True,False,False,one_hot,0.16948415650966034,0.16948415650966028,69,24
473,12,True,False,False,lower_bound,0.5785905740775096,0.7175305196885899,69,25
473,12,True,False,False,midpoint,0.5785905740775096,0.8084747539021051,69,26
473,12,True,False,False,midpoint_with_inhaler,0.5785905740775096,0.8084747539021051,69,27
473,12,True,False,False,upper_bound,0.5788601065037224,0.8681282062596539,69,28
473,12,True,False,False,upper_bound_with_inhaler,0.5788601065037224,0.8681282062596539,69,29
473,12,True,False,True,one_hot,0.16948415650966034,0.16948415650966028,69,30
473,12,True,False,True,lower_bound,0.5785905740775096,0.7175305196885899,69,31
473,12,True,False,True,midpoint,0.5785905740775096,0.8084747539021051,69,32
473,12,True,False,True,midpoint_with_inhaler,0.5785905740775096,0.8084747539021051,69,33
473,12,True,False,True,upper_bound,0.5788601065037224,0.8681282062596539,69,34
473,12,True,False,True,upper_bound_with_inhaler,0.5788601065037224,0.8681282062596539,69,35
473,24,False,False,False,one_hot,0.4218556081972976,0.4218556081972976,69,36
473,24,False,False,False,lower_bound,0.7248744856849737,1.026410877405356,69,37
473,24,False,False,False,midpoint,0.7248744856849737,1.0312646589224934,69,38
473,24,False,False,False,midpoint_with_inhaler,0.7248744856849737,1.0312646589224934,69,39
473,24,False,False,False,upper_bound,0.7242870815303831,1.0198526824124108,69,40
473,24,False,False,False,upper_bound_with_inhaler,0.7242870815303831,1.0198526824124108,69,41
473,24,False,False,True,one_hot,0.4218556081972976,0.4218556081972976,69,42
473,24,False,False,True,lower_bound,0.7248744856849737,1.026410877405356,69,43
473,24,False,False,True,midpoint,0.7248744856849737,1.0312646589224934,69,44
473,24,False,False,True,midpoint_with_inhaler,0.7248744856849737,1.0312646589224934,69,45
473,24,False,False,True,upper_bound,0.7242870815303831,1.0198526824124108,69,46
473,24,False,False,True,upper_bound_with_inhaler,0.7242870815303831,1.0198526824124108,69,47
473,24,False,True,False,one_hot,-0.09363600780453814,-0.09363600780453814,69,48
473,24,False,True,False,lower_bound,0.22307496648717187,0.47182081042485324,69,49
473,24,False,True,False,midpoint,0.22307496648717187,0.44670797676994617,69,50
473,24,False,True,False,midpoint_with_inhaler,0.22307496648717187,0.44670797676994617,69,51
473,24,False,True,False,upper_bound,0.22104500934354984,0.4256202130260408,69,52
473,24,False,True,False,upper_bound_with_inhaler,0.22104500934354984,0.4256202130260408,69,53
473,24,False,True,True,one_hot,-0.09363600780453814,-0.09363600780453814,69,54
473,24,False,True,True,lower_bound,0.22307496648717187,0.47182081042485324,69,55
473,24,False,True,True,midpoint,0.22307496648717187,0.44670797676994617,69,56
473,24,False,True,True,midpoint_with_inhaler,0.22307496648717187,0.44670797676994617,69,57
473,24,False,True,True,upper_bound,0.22104500934354984,0.4256202130260408,69,58
473,24,False,True,True,upper_bound_with_inhaler,0.22104500934354984,0.4256202130260408,69,59
473,24,True,False,False,one_hot,0.4218556081972976,0.4218556081972976,69,60
473,24,True,False,False,lower_bound,0.7248744856849737,1.026410877405356,69,61
473,24,True,False,False,midpoint,0.7248744856849737,1.0312646589224934,69,62
473,24,True,False,False,midpoint_with_inhaler,0.7248744856849737,1.0312646589224934,69,63
473,24,True,False,False,upper_bound,0.7242870815303831,1.0198526824124108,69,64
473,24,True,False,False,upper_bound_with_inhaler,0.7242870815303831,1.0198526824124108,69,65
473,24,True,False,True,one_hot,0.4218556081972976,0.4218556081972976,69,66
473,24,True,False,True,lower_bound,0.7248744856849737,1.026410877405356,69,67
473,24,True,False,True,midpoint,0.7248744856849737,1.0312646589224934,69,68
473,24,True,False,True,midpoint_with_inhaler,0.7248744856849737,1.0312646589224934,69,69
473,24,True,False,True,upper_bound,0.7242870815303831,1.0198526824124108,69,70
473,24,True,False,True,upper_bound_with_inhaler,0.7242870815303831,1.0198526824124108,69,71
473,36,False,False,False,one_hot,0.013431190323729027,0.01343119032372904,69,72
473,36,False,False,False,lower_bound,0.635070147902515,0.9210922316040235,69,73
473,36,False,False,False,midpoint,0.635070147902515,0.8793534240775005,69,74
473,36,False,False,False,midpoint_with_inhaler,0.635070147902515,0.9418372053534863,69,75
473,36,False,False,False,upper_bound,0.6298322714813247,0.8335642587813581,69,76
473,36,False,False,False,upper_bound_with_inhaler,0.635070147902515,0.9500012601625301,69,77
473,36,False,False,True,one_hot,0.013431190323729027,0.01343119032372904,69,78
473,36,False,False,True,lower_bound,0.635070147902515,0.9210922316040235,69,79
473,36,False,False,True,midpoint,0.635070147902515,0.8793534240775005,69,80
473,36,False,False,True,midpoint_with_inhaler,0.635070147902515,0.9418372053534863,69,81
473,36,False,False,True,upper_bound,0.6298322714813247,0.8335642587813581,69,82
473,36,False,False,True,upper_bound_with_inhaler,0.635070147902515,0.9500012601625301,69,83
473,36,True,False,False,one_hot,0.3088136461741421,0.30881364617414203,69,84
473,36,True,False,False,lower_bound,0.4549032970169983,0.692829601102726,69,85
473,36,True,False,False,midpoint,0.4549032970169983,0.673615921323857,69,86
473,36,True,False,False,midpoint_with_inhaler,0.4549032970169983,0.673615921323857,69,87
473,36,True,False,False,upper_bound,0.45406709261584655,0.653961947012495,69,88
473,36,True,False,False,upper_bound_with_inhaler,0.45406709261584655,0.653961947012495,69,89
473,36,True,False,True,one_hot,0.3088136461741421,0.30881364617414203,69,90
473,36,True,False,True,lower_bound,0.4549032970169983,0.692829601102726,69,91
473,36,True,False,True,midpoint,0.4549032970169983,0.673615921323857,69,92
473,36,True,False,True,midpoint_with_inhaler,0.4549032970169983,0.673615921323857,69,93
473,36,True,False,True,upper_bound,0.45406709261584655,0.653961947012495,69,94
473,36,True,False,True,upper_bound_with_inhaler,0.45406709261584655,0.653961947012495,69,95
473,48,False,False,False,one_hot,-0.0803838070040304,-0.08038380700403036,69,96
473,48,False,False,False,lower_bound,0.6927286988513223,0.9136842880364584,69,97
473,48,False,False,False,midpoint,0.6927286988513223,0.8742789997912467,69,98
473,48,False,False,False,midpoint_with_inhaler,0.6927286988513223,0.9132561495867393,69,99
473,48,False,False,False,upper_bound,0.6885817530966959,0.8257597776034696,69,100
473,48,False,False,False,upper_bound_with_inhaler,0.6927286988513223,0.9086630623662023,69,101
473,48,False,False,True,one_hot,-0.0803838070040304,-0.08038380700403036,69,102
473,48,False,False,True,lower_bound,0.6927286988513223,0.9136842880364584,69,103
473,48,False,False,True,midpoint,0.6927286988513223,0.8742789997912467,69,104
473,48,False,False,True,midpoint_with_inhaler,0.6927286988513223,0.9132561495867393,69,105
473,48,False,False,True,upper_bound,0.6885817530966959,0.8257597776034696,69,106
473,48,False,False,True,upper_bound_with_inhaler,0.6927286988513223,0.9086630623662023,69,107
473,48,False,True,False,one_hot,-0.06347166707239878,-0.06347166707239878,69,108
473,48,False,True,False,lower_bound,0.2652505286966206,0.33243877901119395,69,109
473,48,False,True,False,midpoint,0.2652505286966206,0.3487498061757694,69,110
473,48,False,True,False,midpoint_with_inhaler,0.2652505286966206,0.3487498061757694,69,111
473,48,False,True,False,upper_bound,0.26326853057851635,0.3536515619850373,69,112
473,48,False,True,False,upper_bound_with_inhaler,0.26326853057851635,0.3536515619850373,69,113
473,48,False,True,True,one_hot,-0.06347166707239878,-0.06347166707239878,69,114
473,48,False,True,True,lower_bound,0.2652505286966206,0.33243877901119395,69,115
473,48,False,True,True,midpoint,0.2652505286966206,0.3487498061757694,69,116
473,48,False,True,True,midpoint_with_inhaler,0.2652505286966206,0.3487498061757694,69,117
473,48,False,True,True,upper_bound,0.26326853057851635,0.3536515619850373,69,118
473,48,False,True,True,upper_bound_with_inhaler,0.26326853057851635,0.3536515619850373,69,119
473,48,True,False,False,one_hot,-0.02930884122914239,-0.029308841229142405,69,120
473,48,True,False,False,lower_bound,0.4024299874526532,0.5856069839131428,69,121
473,48,True,False,False,midpoint,0.4024299874526532,0.5680505712951175,69,122
473,48,True,False,False,midpoint_with_inhaler,0.4024299874526532,0.5680505712951175,69,123
473,48,True,False,False,upper_bound,0.40071199540304114,0.5470825461145379,69,124
473,48,True,False,False,upper_bound_with_inhaler,0.40071199540304114,0.5470825461145379,69,125
473,48,True,False,True,one_hot,-0.02930884122914239,-0.029308841229142405,69,126
473,48,True,False,True,lower_bound,0.4024299874526532,0.5856069839131428,69,127
473,48,True,False,True,midpoint,0.4024299874526532,0.5680505712951175,69,128
473,48,True,False,True,midpoint_with_inhaler,0.4024299874526532,0.5680505712951175,69,129
473,48,True,False,True,upper_bound,0.40071199540304114,0.5470825461145379,69,130
473,48,True,False,True,upper_bound_with_inhaler,0.40071199540304114,0.5470825461145379,69,131
514,12,False,False,False,one_hot,0.18753759100167677,0.18753759100167672,54,0
514,12,False,False,False,lower_bound,0.17813104630977109,0.13619546855732315,54,1
514,12,False,False,False,midpoint,0.17813104630977109,0.15450200808000228,54,2
514,12,False,False,False,midpoint_with_inhaler,0.17813104630977109,0.15450200808000228,54,3
514,12,False,False,False,upper_bound,0.17813104630977109,0.16363109319226388,54,4
514,12,False,False,False,upper_bound_with_inhaler,0.17813104630977109,0.16363109319226388,54,5
514,12,False,False,True,one_hot,0.18753759100167677,0.18753759100167672,54,6
514,12,False,False,True,lower_bound,0.17813104630977109,0.13619546855732315,54,7
514,12,False,False,True,midpoint,0.17813104630977109,0.15450200808000228,54,8
514,12,False,False,True,midpoint_with_inhaler,0.17813104630977109,0.15450200808000228,54,9
514,12,False,False,True,upper_bound,0.17813104630977109,0.16363109319226388,54,10
514,12,False,False,True,upper_bound_with_inhaler,0.17813104630977109,0.16363109319226388,54,11
514,12,False,True,False,one_hot,0.11777957417528871,0.11777957417528864,54,12
514,12,False,True,False,lower_bound,0.10764489802804919,0.06914944534221693,54,13
514,12,False,True,False,midpoint,0.10764489802804919,0.08515748068431149,54,14
514,12,False,True,False,midpoint_with_inhaler,0.10764489802804919,0.08515748068431149,54,15
514,12,False,True,False,upper_bound,0.10764489802804919,0.0935221911067731,54,16
514,12,False,True,False,upper_bound_with_inhaler,0.10764489802804919,0.0935221911067731,54,17
514,12,False,True,True,one_hot,0.11777957417528871,0.11777957417528864,54,18
514,12,False,True,True,lower_bound,0.10764489802804919,0.06914944534221693,54,19
514,12,False,True,True,midpoint,0.10764489802804919,0.08515748068431149,54,20
514,12,False,True,True,midpoint_with_inhaler,0.10764489802804919,0.08515748068431149,54,21
514,12,False,True,True,upper_bound,0.10764489802804919,0.0935221911067731,54,22
514,12,False,True,True,upper_bound_with_inhaler,0.10764489802804919,0.0935221911067731,54,23
514,12,True,False,False,one_hot,0.09751173312717024,0.09751173312717026,54,24
514,12,True,False,False,lower_bound,0.08470189809727817,0.04009064394513896,54,25
514,12,True,False,False,midpoint,0.08470189809727817,0.05807066852051606,54,26
514,12,True,False,False,midpoint_with_inhaler,0.08470189809727817,0.05807066852051606,54,27
514,12,True,False,False,upper_bound,0.08470189809727817,0.06775449868078084,54,28
514,12,True,False,False,upper_bound_with_inhaler,0.08470189809727817,0.06775449868078084,54,29
514,12,True,False,True,one_hot,0.09751173312717024,0.09751173312717026,54,30
514,12,True,False,True,lower_bound,0.08470189809727817,0.04009064394513896,54,31
514,12,True,False,True,midpoint,0.08470189809727817,0.05807066852051606,54,32
514,12,True,False,True,midpoint_with_inhaler,0.08470189809727817,0.05807066852051606,54,33
514,12,True,False,True,upper_bound,0.08470189809727817,0.06775449868078084,54,34
514,12,True,False,True,upper_bound_with_inhaler,0.08470189809727817,0.06775449868078084,54,35
514,24,False,False,False,one_hot,0.21919037625338988,0.21919037625338988,54,36
514,24,False,False,False,lower_bound,0.20424302927357685,0.14408653812725147,54,37
514,24,False,False,False,midpoint,0.20424302927357685,0.1695551024074804,54,38
514,24,False,False,False,midpoint_with_inhaler,0.20424302927357685,0.1695551024074804,54,39
514,24,False,False,False,upper_bound,0.20424302927357685,0.18263927410096903,54,40
514,24,False,False,False,upper_bound_with_inhaler,0.20424302927357685,0.18263927410096903,54,41
514,24,False,False,True,one_hot,0.21919037625338988,0.21919037625338988,54,42
514,24,False,False,True,lower_bound,0.20424302927357685,0.14408653812725147,54,43
514,24,False,False,True,midpoint,0.20424302927357685,0.1695551024074804,54,44
514,24,False,False,True,midpoint_with_inhaler,0.20424302927357685,0.1695551024074804,54,45
514,24,False,False,True,upper_bound,0.20424302927357685,0.18263927410096903,54,46
514,24,False,False,True,upper_bound_with_inhaler,0.20424302927357685,0.18263927410096903,54,47
514,24,False,True,False,one_hot,-0.14947292046183713,-0.1494729204618371,54,48
514,24,False,True,False,lower_bound,-0.15245344214465492,-0.14916976470925936,54,49
514,24,False,True,False,midpoint,-0.15245344214465492,-0.15262093598002444,54,50
514,24,False,True,False,midpoint_with_inhaler,-0.15245344214465492,-0.15262093598002444,54,51
514,24,False,True,False,upper_bound,-0.15245344214465492,-0.15336513371123767,54,52
514,24,False,True,False,upper_bound_with_inhaler,-0.15245344214465492,-0.15336513371123767,54,53
514,24,False,True,True,one_hot,-0.14947292046183713,-0.1494729204618371,54,54
514,24,False,True,True,lower_bound,-0.15245344214465492,-0.14916976470925936,54,55
514,24,False,True,True,midpoint,-0.15245344214465492,-0.15262093598002444,54,56
514,24,False,True,True,midpoint_with_inhaler,-0.15245344214465492,-0.15262093598002444,54,57
514,24,False,True,True,upper_bound,-0.15245344214465492,-0.15336513371123767,54,58
514,24,False,True,True,upper_bound_with_inhaler,-0.15245344214465492,-0.15336513371123767,54,59
514,24,True,False,False,one_hot,0.21919037625338988,0.21919037625338988,54,60
514,24,True,False,False,lower_bound,0.20424302927357685,0.14408653812725147,54,61
514,24,True,False,False,midpoint,0.20424302927357685,0.1695551024074804,54,62
514,24,True,False,False,midpoint_with_inhaler,0.20424302927357685,0.1695551024074804,54,63
514,24,True,False,False,upper_bound,0.20424302927357685,0.18263927410096903,54,64
514,24,True,False,False,upper_bound_with_inhaler,0.20424302927357685,0.18263927410096903,54,65
514,24,True,False,True,one_hot,0.21919037625338988,0.21919037625338988,54,66
514,24,True,False,True,lower_bound,0.20424302927357685,0.14408653812725147,54,67
514,24,True,False,True,midpoint,0.20424302927357685,0.1695551024074804,54,68
514,24,True,False,True,midpoint_with_inhaler,0.20424302927357685,0.1695551024074804,54,69
514,24,True,False,True,upper_bound,0.20424302927357685,0.18263927410096903,54,70
514,24,True,False,True,upper_bound_with_inhaler,0.20424302927357685,0.18263927410096903,54,71
514,36,False,False,False,one_hot,0.14282112113953094,0.14282112113953094,54,72
514,36,False,False,False,lower_bound,0.12828218758034268,0.07523763890256545,54,73
514,36,False,False,False,midpoint,0.12828218758034268,0.09698486169367308,54,74
514,36,False,False,False,midpoint_with_inhaler,0.12828218758034268,0.09698486169367308,54,75
514,36,False,False,False,upper_bound,0.12828218758034268,0.10850602195511547,54,76
514,36,False,False,False,upper_bound_with_inhaler,0.12828218758034268,0.10850602195511547,54,77
514,36,False,False,True,one_hot,0.14282112113953094,0.14282112113953094,54,78
514,36,False,False,True,lower_bound,0.12828218758034268,0.07523763890256545,54,79
514,36,False,False,True,midpoint,0.12828218758034268,0.09698486169367308,54,80
514,36,False,False,True,midpoint_with_inhaler,0.12828218758034268,0.09698486169367308,54,81
514,36,False,False,True,upper_bound,0.12828218758034268,0.10850602195511547,54,82
514,36,False,False,True,upper_bound_with_inhaler,0.12828218758034268,0.10850602195511547,54,83
514,36,True,False,False,one_hot,-0.04297553154901096,-0.04297553154901096,54,84
514,36,True,False,False,lower_bound,-0.048526262373310064,-0.06123706021779475,54,85
514,36,True,False,False,midpoint,-0.048526262373310064,-0.0571459441192498,54,86
514,36,True,False,False,midpoint_with_inhaler,-0.048526262373310064,-0.0571459441192498,54,87
514,36,True,False,False,upper_bound,-0.048526262373310064,-0.05440142992439952,54,88
514,36,True,False,False,upper_bound_with_inhaler,-0.048526262373310064,-0.05440142992439952,54,89
514,36,True,False,True,one_hot,-0.04297553154901096,-0.04297553154901096,54,90
514,36,True,False,True,lower_bound,-0.048526262373310064,-0.06123706021779475,54,91
514,36,True,False,True,midpoint,-0.048526262373310064,-0.0571459441192498,54,92
514,36,True,False,True,midpoint_with_inhaler,-0.048526262373310064,-0.0571459441192498,54,93
514,36,True,False,True,upper_bound,-0.048526262373310064,-0.05440142992439952,54,94
514,36,True,False,True,upper_bound_with_inhaler,-0.048526262373310064,-0.05440142992439952,54,95
514,48,False,False,False,one_hot,0.06129954711503116,0.06129954711503116,54,96
514,48,False,False,False,lower_bound,0.04899547548830604,0.008617786373462732,54,97
514,48,False,False,False,midpoint,0.04899547548830604,0.02450954057154375,54,98
514,48,False,False,False,midpoint_with_inhaler,0.04899547548830604,0.02450954057154375,54,99
514,48,False,False,False,upper_bound,0.04899547548830604,0.03326832475313284,54,100
514,48,False,False,False,upper_bound_with_inhaler,0.04899547548830604,0.03326832475313284,54,101
514,48,False,False,True,one_hot,0.06129954711503116,0.06129954711503116,54,102
514,48,False,False,True,lower_bound,0.04899547548830604,0.008617786373462732,54,103
514,48,False,False,True,midpoint,0.04899547548830604,0.02450954057154375,54,104
514,48,False,False,True,midpoint_with_inhaler,0.04899547548830604,0.02450954057154375,54,105
514,48,False,False,True,upper_bound,0.04899547548830604,0.03326832475313284,54,106
514,48,False,False,True,upper_bound_with_inhaler,0.04899547548830604,0.03326832475313284,54,107
514,48,False,True,False,one_hot,0.12287428921672919,0.12287428921672919,54,108
514,48,False,True,False,lower_bound,0.11166126763670794,0.0696754457338232,54,109
514,48,False,True,False,midpoint,0.11166126763670794,0.08704864246442989,54,110
514,48,False,True,False,midpoint_with_inhaler,0.11166126763670794,0.08704864246442989,54,111
514,48,False,True,False,upper_bound,0.11166126763670794,0.09617042237420892,54,112
514,48,False,True,False,upper_bound_with_inhaler,0.11166126763670794,0.09617042237420892,54,113
514,48,False,True,True,one_hot,0.12287428921672919,0.12287428921672919,54,114
514,48,False,True,True,lower_bound,0.11166126763670794,0.0696754457338232,54,115
514,48,False,True,True,midpoint,0.11166126763670794,0.08704864246442989,54,116
514,48,False,True,True,midpoint_with_inhaler,0.11166126763670794,0.08704864246442989,54,117
514,48,False,True,True,upper_bound,0.11166126763670794,0.09617042237420892,54,118
514,48,False,True,True,upper_bound_with_inhaler,0.11166126763670794,0.09617042237420892,54,119
514,48,True,False,False,one_hot,0.22126943275917954,0.22126943275917954,54,120
514,48,True,False,False,lower_bound,0.2530043165994157,0.3289549299228399,54,121
514,48,True,False,False,midpoint,0.2530043165994157,0.3038524938958724,54,122
514,48,True,False,False,midpoint_with_inhaler,0.2530043165994157,0.3038524938958724,54,123
514,48,True,False,False,upper_bound,0.2530043165994157,0.28741239063198204,54,124
514,48,True,False,False,upper_bound_with_inhaler,0.2530043165994157,0.28741239063198204,54,125
514,48,True,False,True,one_hot,0.22126943275917954,0.22126943275917954,54,126
514,48,True,False,True,lower_bound,0.2530043165994157,0.3289549299228399,54,127
514,48,True,False,True,midpoint,0.2530043165994157,0.3038524938958724,54,128
514,48,True,False,True,midpoint_with_inhaler,0.2530043165994157,0.3038524938958724,54,129
514,48,True,False,True,upper_bound,0.2530043165994157,0.28741239063198204,54,130
514,48,True,False,True,upper_bound_with_inhaler,0.2530043165994157,0.28741239063198204,54,131
625,12,False,False,False,one_hot,0.06719641605384019,0.0671964160538402,62,0
625,12,False,False,False,lower_bound,0.08498286564747264,0.025817216500756884,62,1
625,12,False,False,False,midpoint,0.08498286564747264,0.042099478664400024,62,2
625,12,False,False,False,midpoint_with_inhaler,0.08498286564747264,0.042099478664400024,62,3
625,12,False,False,False,upper_bound,0.08498286564747264,0.0519059259744722,62,4
625,12,False,False,False,upper_bound_with_inhaler,0.08498286564747264,0.0519059259744722,62,5
625,12,False,False,True,one_hot,0.06719641605384019,0.0671964160538402,62,6
625,12,False,False,True,lower_bound,0.08498286564747264,0.025817216500756884,62,7
625,12,False,False,True,midpoint,0.08498286564747264,0.042099478664400024,62,8
625,12,False,False,True,midpoint_with_inhaler,0.08498286564747264,0.042099478664400024,62,9
625,12,False,False,True,upper_bound,0.08498286564747264,0.0519059259744722,62,10
625,12,False,False,True,upper_bound_with_inhaler,0.08498286564747264,0.0519059259744722,62,11
625,12,False,True,False,one_hot,0.10196928226425087,0.10196928226425085,62,12
625,12,False,True,False,lower_bound,0.13563023261508772,0.1540590602119664,62,13
625,12,False,True,False,midpoint,0.13563023261508772,0.16589924237635434,62,14
625,12,False,True,False,midpoint_with_inhaler,0.13563023261508772,0.16589924237635434,62,15
625,12,False,True,False,upper_bound,0.13563023261508772,0.1711997352739917,62,16
625,12,False,True,False,upper_bound_with_inhaler,0.13563023261508772,0.1711997352739917,62,17
625,12,False,True,True,one_hot,0.10196928226425087,0.10196928226425085,62,18
625,12,False,True,True,lower_bound,0.13563023261508772,0.1540590602119664,62,19
625,12,False,True,True,midpoint,0.13563023261508772,0.16589924237635434,62,20
625,12,False,True,True,midpoint_with_inhaler,0.13563023261508772,0.16589924237635434,62,21
625,12,False,True,True,upper_bound,0.13563023261508772,0.1711997352739917,62,22
625,12,False,True,True,upper_bound_with_inhaler,0.13563023261508772,0.1711997352739917,62,23
625,12,True,False,False,one_hot,0.13186468018302666,0.13186468018302666,62,24
625,12,True,False,False,lower_bound,0.05770694359957624,-0.06129646434675308,62,25
625,12,True,False,False,midpoint,0.05770694359957624,-0.06303285414436446,62,26
625,12,True,False,False,midpoint_with_inhaler,0.05770694359957624,-0.06303285414436446,62,27
625,12,True,False,False,upper_bound,0.05770694359957624,-0.058846106858438954,62,28
625,12,True,False,False,upper_bound_with_inhaler,0.05770694359957624,-0.058846106858438954,62,29
625,12,True,False,True,one_hot,0.13186468018302666,0.13186468018302666,62,30
625,12,True,False,True,lower_bound,0.05770694359957624,-0.06129646434675308,62,31
625,12,True,False,True,midpoint,0.05770694359957624,-0.06303285414436446,62,32
625,12,True,False,True,midpoint_with_inhaler,0.05770694359957624,-0.06303285414436446,62,33
625,12,True,False,True,upper_bound,0.05770694359957624,-0.058846106858438954,62,34
625,12,True,False,True,upper_bound_with_inhaler,0.05770694359957624,-0.058846106858438954,62,35
625,24,False,False,False,one_hot,-0.10863986536855076,-0.1086398653685508,62,36
625,24,False,False,False,lower_bound,-0.09909549415141186,-0.045180537965670294,62,37
625,24,False,False,False,midpoint,-0.09909549415141186,-0.06494881822184316,62,38
625,24,False,False,False,midpoint_with_inhaler,-0.09909549415141186,-0.06494881822184316,62,39
625,24,False,False,False,upper_bound,-0.09909549415141186,-0.07831353199789046,62,40
625,24,False,False,False,upper_bound_with_inhaler,-0.09909549415141186,-0.07831353199789046,62,41
625,24,False,False,True,one_hot,-0.10863986536855076,-0.1086398653685508,62,42
625,24,False,False,True,lower_bound,-0.09909549415141186,-0.045180537965670294,62,43
625,24,False,False,True,midpoint,-0.09909549415141186,-0.06494881822184316,62,44
625,24,False,False,True,midpoint_with_inhaler,-0.09909549415141186,-0.06494881822184316,62,45
625,24,False,False,True,upper_bound,-0.09909549415141186,-0.07831353199789046,62,46
625,24,False,False,True,upper_bound_with_inhaler,-0.09909549415141186,-0.07831353199789046,62,47
625,24,False,True,False,one_hot,0.025977312625109834,0.025977312625109786,62,48
625,24,False,True,False,lower_bound,-0.04903497235686596,-0.13214624977949083,62,49
625,24,False,True,False,midpoint,-0.04903497235686596,-0.14837590212079924,62,50
625,24,False,True,False,midpoint_with_inhaler,-0.04903497235686596,-0.14837590212079924,62,51
625,24,False,True,False,upper_bound,-0.04903497235686596,-0.15507896658367787,62,52
625,24,False,True,False,upper_bound_with_inhaler,-0.04903497235686596,-0.15507896658367787,62,53
625,24,False,True,True,one_hot,0.025977312625109834,0.025977312625109786,62,54
625,24,False,True,True,lower_bound,-0.04903497235686596,-0.13214624977949083,62,55
625,24,False,True,True,midpoint,-0.04903497235686596,-0.14837590212079924,62,56
625,24,False,True,True,midpoint_with_inhaler,-0.04903497235686596,-0.14837590212079924,62,57
625,24,False,True,True,upper_bound,-0.04903497235686596,-0.15507896658367787,62,58
625,24,False,True,True,upper_bound_with_inhaler,-0.04903497235686596,-0.15507896658367787,62,59
625,24,True,False,False,one_hot,-0.10863986536855076,-0.1086398653685508,62,60
625,24,True,False,False,lower_bound,-0.09909549415141186,-0.045180537965670294,62,61
625,24,True,False,False,midpoint,-0.09909549415141186,-0.06494881822184316,62,62
625,24,True,False,False,midpoint_with_inhaler,-0.09909549415141186,-0.06494881822184316,62,63
625,24,True,False,False,upper_bound,-0.09909549415141186,-0.07831353199789046,62,64
625,24,True,False,False,upper_bound_with_inhaler,-0.09909549415141186,-0.07831353199789046,62,65
625,24,True,False,True,one_hot,-0.10863986536855076,-0.1086398653685508,62,66
625,24,True,False,True,lower_bound,-0.09909549415141186,-0.045180537965670294,62,67
625,24,True,False,True,midpoint,-0.09909549415141186,-0.06494881822184316,62,68
625,24,True,False,True,midpoint_with_inhaler,-0.09909549415141186,-0.06494881822184316,62,69
625,24,True,False,True,upper_bound,-0.09909549415141186,-0.07831353199789046,62,70
625,24,True,False,True,upper_bound_with_inhaler,-0.09909549415141186,-0.07831353199789046,62,71
625,36,False,False,False,one_hot,-0.0671964160538402,-0.06719641605384016,62,72
625,36,False,False,False,lower_bound,-0.019556268011760115,-0.018750047330447106,62,73
625,36,False,False,False,midpoint,-0.019556268011760115,-0.04075363189434581,62,74
625,36,False,False,False,midpoint_with_inhaler,-0.019556268011760115,-0.04075363189434581,62,75
625,36,False,False,False,upper_bound,-0.019556268011760115,-0.05734460116292737,62,76
625,36,False,False,False,upper_bound_with_inhaler,-0.019556268011760115,-0.05734460116292737,62,77
625,36,False,False,True,one_hot,-0.0671964160538402,-0.06719641605384016,62,78
625,36,False,False,True,lower_bound,-0.019556268011760115,-0.018750047330447106,62,79
625,36,False,False,True,midpoint,-0.019556268011760115,-0.04075363189434581,62,80
625,36,False,False,True,midpoint_with_inhaler,-0.019556268011760115,-0.04075363189434581,62,81
625,36,False,False,True,upper_bound,-0.019556268011760115,-0.05734460116292737,62,82
625,36,False,False,True,upper_bound_with_inhaler,-0.019556268011760115,-0.05734460116292737,62,83
625,36,True,False,False,one_hot,-0.05276408321215717,-0.05276408321215719,62,84
625,36,True,False,False,lower_bound,0.06458300328125804,0.10290914075071846,62,85
625,36,True,False,False,midpoint,0.06458300328125804,0.055964695096271236,62,86
625,36,True,False,False,midpoint_with_inhaler,0.06458300328125804,0.055964695096271236,62,87
625,36,True,False,False,upper_bound,0.06458300328125804,0.0258644349442009,62,88
625,36,True,False,False,upper_bound_with_inhaler,0.06458300328125804,0.0258644349442009,62,89
625,36,True,False,True,one_hot,-0.05276408321215717,-0.05276408321215719,62,90
625,36,True,False,True,lower_bound,0.06458300328125804,0.10290914075071846,62,91
625,36,True,False,True,midpoint,0.06458300328125804,0.055964695096271236,62,92
625,36,True,False,True,midpoint_with_inhaler,0.06458300328125804,0.055964695096271236,62,93
625,36,True,False,True,upper_bound,0.06458300328125804,0.0258644349442009,62,94
625,36,True,False,True,upper_bound_with_inhaler,0.06458300328125804,0.0258644349442009,62,95
625,48,False,False,False,one_hot,-0.010273468066641213,-0.010273468066641244,62,96
625,48,False,False,False,lower_bound,0.13599729462157606,0.10986009564401084,62,97
625,48,False,False,False,midpoint,0.13599729462157606,0.09671735024768341,62,98
625,48,False,False,False,midpoint_with_inhaler,0.13599729462157606,0.09671735024768341,62,99
625,48,False,False,False,upper_bound,0.13599729462157606,0.08416689488497978,62,100
625,48,False,False,False,upper_bound_with_inhaler,0.13599729462157606,0.08416689488497978,62,101
625,48,False,False,True,one_hot,-0.010273468066641213,-0.010273468066641244,62,102
625,48,False,False,True,lower_bound,0.13599729462157606,0.10986009564401084,62,103
625,48,False,False,True,midpoint,0.13599729462157606,0.09671735024768341,62,104
625,48,False,False,True,midpoint_with_inhaler,0.13599729462157606,0.09671735024768341,62,105
625,48,False,False,True,upper_bound,0.13599729462157606,0.08416689488497978,62,106
625,48,False,False,True,upper_bound_with_inhaler,0.13599729462157606,0.08416689488497978,62,107
625,48,False,True,False,one_hot,0.25090750149577185,0.25090750149577185,62,108
625,48,False,True,False,lower_bound,0.2730506868574542,0.15810052901997443,62,109
625,48,False,True,False,midpoint,0.2730506868574542,0.172100761733569,62,110
625,48,False,True,False,midpoint_with_inhaler,0.2730506868574542,0.172100761733569,62,111
625,48,False,True,False,upper_bound,0.2730506868574542,0.17914867597527004,62,112
625,48,False,True,False,upper_bound_with_inhaler,0.2730506868574542,0.17914867597527004,62,113
625,48,False,True,True,one_hot,0.25090750149577185,0.25090750149577185,62,114
625,48,False,True,True,lower_bound,0.2730506868574542,0.15810052901997443,62,115
625,48,False,True,True,midpoint,0.2730506868574542,0.172100761733569,62,116
625,48,False,True,True,midpoint_with_inhaler,0.2730506868574542,0.172100761733569,62,117
625,48,False,True,True,upper_bound,0.2730506868574542,0.17914867597527004,62,118
625,48,False,True,True,upper_bound_with_inhaler,0.2730506868574542,0.17914867597527004,62,119
625,48,True,False,False,one_hot,-0.03535988779382945,-0.03535988779382945,62,120
625,48,True,False,False,lower_bound,0.09494189113564176,0.21249728197403053,62,121
625,48,True,False,False,midpoint,0.09494189113564176,0.19138348685566803,62,122
625,48,True,False,False,midpoint_with_inhaler,0.09494189113564176,0.19138348685566803,62,123
625,48,True,False,False,upper_bound,0.09494189113564176,0.1745438719339984,62,124
625,48,True,False,False,upper_bound_with_inhaler,0.09494189113564176,0.1745438719339984,62,125
625,48,True,False,True,one_hot,-0.03535988779382945,-0.03535988779382945,62,126
625,48,True,False,True,lower_bound,0.09494189113564176,0.21249728197403053,62,127
625,48,True,False,True,midpoint,0.09494189113564176,0.19138348685566803,62,128
625,48,True,False,True,midpoint_with_inhaler,0.09494189113564176,0.19138348685566803,62,129
625,48,True,False,True,upper_bound,0.09494189113564176,0.1745438719339984,62,130
625,48,True,False,True,upper_bound_with_inhaler,0.09494189113564176,0.1745438719339984,62,131
701,12,False,False,False,one_hot,,,127,0
701,12,False,False,False,lower_bound,0.032963180481847695,0.05823563230133212,127,1
701,12,False,False,False,midpoint,0.032963180481847695,0.024377039470992602,127,2
701,12,False,False,False,midpoint_with_inhaler,0.032963180481847695,0.024377039470992602,127,3
701,12,False,False,False,upper_bound,0.032963180481847695,0.0038111692466551318,127,4
701,12,False,False,False,upper_bound_with_inhaler,0.032963180481847695,0.0038111692466551318,127,5
701,12,False,False,True,one_hot,,,127,6
701,12,False,False,True,lower_bound,0.032963180481847695,0.05823563230133212,127,7
701,12,False,False,True,midpoint,0.032963180481847695,0.024377039470992602,127,8
701,12,False,False,True,midpoint_with_inhaler,0.032963180481847695,0.024377039470992602,127,9
701,12,False,False,True,upper_bound,0.032963180481847695,0.0038111692466551318,127,10
701,12,False,False,True,upper_bound_with_inhaler,0.032963180481847695,0.0038111692466551318,127,11
701,12,False,True,False,one_hot,,,127,12
701,12,False,True,False,lower_bound,0.086781307867221,0.10076001862885617,127,13
701,12,False,True,False,midpoint,0.086781307867221,0.091242568738958,127,14
701,12,False,True,False,midpoint_with_inhaler,0.086781307867221,0.091242568738958,127,15
701,12,False,True,False,upper_bound,0.086781307867221,0.08283217395200217,127,16
701,12,False,True,False,upper_bound_with_inhaler,0.086781307867221,0.08283217395200217,127,17
701,12,False,True,True,one_hot,,,127,18
701,12,False,True,True,lower_bound,0.086781307867221,0.10076001862885617,127,19
701,12,False,True,True,midpoint,0.086781307867221,0.091242568738958,127,20
701,12,False,True,True,midpoint_with_inhaler,0.086781307867221,0.091242568738958,127,21
701,12,False,True,True,upper_bound,0.086781307867221,0.08283217395200217,127,22
701,12,False,True,True,upper_bound_with_inhaler,0.086781307867221,0.08283217395200217,127,23
701,12,True,False,False,one_hot,,,127,24
701,12,True,False,False,lower_bound,0.08247175702280388,0.03499673441560187,127,25
701,12,True,False,False,midpoint,0.08247175702280388,0.042927910140834566,127,26
701,12,True,False,False,midpoint_with_inhaler,0.08247175702280388,0.042927910140834566,127,27
701,12,True,False,False,upper_bound,0.08247175702280388,0.04786344371114294,127,28
701,12,True,False,False,upper_bound_with_inhaler,0.08247175702280388,0.04786344371114294,127,29
701,12,True,False,True,one_hot,,,127,30
701,12,True,False,True,lower_bound,0.08247175702280388,0.03499673441560187,127,31
701,12,True,False,True,midpoint,0.08247175702280388,0.042927910140834566,127,32
701,12,True,False,True,midpoint_with_inhaler,0.08247175702280388,0.042927910140834566,127,33
701,12,True,False,True,upper_bound,0.08247175702280388,0.04786344371114294,127,34
701,12,True,False,True,upper_bound_with_inhaler,0.08247175702280388,0.04786344371114294,127,35
701,24,False,False,False,one_hot,,,127,36
701,24,False,False,False,lower_bound,0.10609488376059782,0.07866201839994705,127,37
701,24,False,False,False,midpoint,0.10609488376059782,0.08490188875357368,127,38
701,24,False,False,False,midpoint_with_inhaler,0.10609488376059782,0.08490188875357368,127,39
701,24,False,False,False,upper_bound,0.10609488376059782,0.08798156053712142,127,40
701,24,False,False,False,upper_bound_with_inhaler,0.10609488376059782,0.08798156053712142,127,41
701,24,False,False,True,one_hot,,,127,42
701,24,False,False,True,lower_bound,0.10609488376059782,0.07866201839994705,127,43
701,24,False,False,True,midpoint,0.10609488376059782,0.08490188875357368,127,44
701,24,False,False,True,midpoint_with_inhaler,0.10609488376059782,0.08490188875357368,127,45
701,24,False,False,True,upper_bound,0.10609488376059782,0.08798156053712142,127,46
701,24,False,False,True,upper_bound_with_inhaler,0.10609488376059782,0.08798156053712142,127,47
701,24,False,True,False,one_hot,,,127,48
701,24,False,True,False,lower_bound,0.0811760464525732,0.08866441171450963,127,49
701,24,False,True,False,midpoint,0.0811760464525732,0.07395255708915367,127,50
701,24,False,True,False,midpoint_with_inhaler,0.0811760464525732,0.07395255708915367,127,51
701,24,False,True,False,upper_bound,0.0811760464525732,0.06306813740287738,127,52
701,24,False,True,False,upper_bound_with_inhaler,0.0811760464525732,0.06306813740287738,127,53
701,24,False,True,True,one_hot,,,127,54
701,24,False,True,True,lower_bound,0.0811760464525732,0.08866441171450963,127,55
701,24,False,True,True,midpoint,0.0811760464525732,0.07395255708915367,127,56
701,24,False,True,True,midpoint_with_inhaler,0.0811760464525732,0.07395255708915367,127,57
701,24,False,True,True,upper_bound,0.0811760464525732,0.06306813740287738,127,58
701,24,False,True,True,upper_bound_with_inhaler,0.0811760464525732,0.06306813740287738,127,59
701,24,True,False,False,one_hot,,,127,60
701,24,True,False,False,lower_bound,0.10609488376059782,0.07866201839994705,127,61
701,24,True,False,False,midpoint,0.10609488376059782,0.08490188875357368,127,62
701,24,True,False,False,midpoint_with_inhaler,0.10609488376059782,0.08490188875357368,127,63
701,24,True,False,False,upper_bound,0.10609488376059782,0.08798156053712142,127,64
701,24,True,False,False,upper_bound_with_inhaler,0.10609488376059782,0.08798156053712142,127,65
701,24,True,False,True,one_hot,,,127,66
701,24,True,False,True,lower_bound,0.10609488376059782,0.07866201839994705,127,67
701,24,True,False,True,midpoint,0.10609488376059782,0.08490188875357368,127,68
701,24,True,False,True,midpoint_with_inhaler,0.10609488376059782,0.08490188875357368,127,69
701,24,True,False,True,upper_bound,0.10609488376059782,0.08798156053712142,127,70
701,24,True,False,True,upper_bound_with_inhaler,0.10609488376059782,0.08798156053712142,127,71
701,36,False,False,False,one_hot,,,127,72
701,36,False,False,False,lower_bound,0.024786312004738957,-0.00785916032417361,127,73
701,36,False,False,False,midpoint,0.024786312004738957,-0.007356186961011168,127,74
701,36,False,False,False,midpoint_with_inhaler,0.024786312004738957,-0.007356186961011168,127,75
701,36,False,False,False,upper_bound,0.024786312004738957,-0.008083247855281406,127,76
701,36,False,False,False,upper_bound_with_inhaler,0.024786312004738957,-0.008083247855281406,127,77
701,36,False,False,True,one_hot,,,127,78
701,36,False,False,True,lower_bound,0.024786312004738957,-0.00785916032417361,127,79
701,36,False,False,True,midpoint,0.024786312004738957,-0.007356186961011168,127,80
701,36,False,False,True,midpoint_with_inhaler,0.024786312004738957,-0.007356186961011168,127,81
701,36,False,False,True,upper_bound,0.024786312004738957,-0.008083247855281406,127,82
701,36,False,False,True,upper_bound_with_inhaler,0.024786312004738957,-0.008083247855281406,127,83
701,36,True,False,False,one_hot,,,127,84
701,36,True,False,False,lower_bound,-0.1374469209220275,-0.10653687688393192,127,85
701,36,True,False,False,midpoint,-0.1374469209220275,-0.10760660252569107,127,86
701,36,True,False,False,midpoint_with_inhaler,-0.1374469209220275,-0.10760660252569107,127,87
701,36,True,False,False,upper_bound,-0.1374469209220275,-0.10497003934745698,127,88
701,36,True,False,False,upper_bound_with_inhaler,-0.1374469209220275,-0.10497003934745698,127,89
701,36,True,False,True,one_hot,,,127,90
701,36,True,False,True,lower_bound,-0.1374469209220275,-0.10653687688393192,127,91
701,36,True,False,True,midpoint,-0.1374469209220275,-0.10760660252569107,127,92
701,36,True,False,True,midpoint_with_inhaler,-0.1374469209220275,-0.10760660252569107,127,93
701,36,True,False,True,upper_bound,-0.1374469209220275,-0.10497003934745698,127,94
701,36,True,False,True,upper_bound_with_inhaler,-0.1374469209220275,-0.10497003934745698,127,95
701,48,False,False,False,one_hot,,,127,96
701,48,False,False,False,lower_bound,-0.053239042929470654,-0.05228309827181434,127,97
701,48,False,False,False,midpoint,-0.053239042929470654,-0.05901814095744576,127,98
701,48,False,False,False,midpoint_with_inhaler,-0.053239042929470654,-0.05569512179939462,127,99
701,48,False,False,False,upper_bound,-0.05480917495696651,-0.06445502775051491,127,100
701,48,False,False,False,upper_bound_with_inhaler,-0.053239042929470654,-0.06147691976527958,127,101
701,48,False,False,True,one_hot,,,127,102
701,48,False,False,True,lower_bound,-0.053239042929470654,-0.05228309827181434,127,103
701,48,False,False,True,midpoint,-0.053239042929470654,-0.05901814095744576,127,104
701,48,False,False,True,midpoint_with_inhaler,-0.053239042929470654,-0.05569512179939462,127,105
701,48,False,False,True,upper_bound,-0.05480917495696651,-0.06445502775051491,127,106
701,48,False,False,True,upper_bound_with_inhaler,-0.053239042929470654,-0.06147691976527958,127,107
701,48,False,True,False,one_hot,,,127,108
701,48,False,True,False,lower_bound,-0.04790609700383148,-0.03242962781440721,127,109
701,48,False,True,False,midpoint,-0.04790609700383148,-0.03868824240528236,127,110
701,48,False,True,False,midpoint_with_inhaler,-0.04790609700383148,-0.03868824240528236,127,111
701,48,False,True,False,upper_bound,-0.04790609700383148,-0.03868499017370639,127,112
701,48,False,True,False,upper_bound_with_inhaler,-0.04790609700383148,-0.03868499017370639,127,113
701,48,False,True,True,one_hot,,,127,114
701,48,False,True,True,lower_bound,-0.04790609700383148,-0.03242962781440721,127,115
701,48,False,True,True,midpoint,-0.04790609700383148,-0.03868824240528236,127,116
701,48,False,True,True,midpoint_with_inhaler,-0.04790609700383148,-0.03868824240528236,127,117
701,48,False,True,True,upper_bound,-0.04790609700383148,-0.03868499017370639,127,118
701,48,False,True,True,upper_bound_with_inhaler,-0.04790609700383148,-0.03868499017370639,127,119
701,48,True,False,False,one_hot,,,127,120
701,48,True,False,False,lower_bound,-0.004329863259920134,0.036782456596196215,127,121
701,48,True,False,False,midpoint,-0.004329863259920134,0.0031892814211222603,127,122
701,48,True,False,False,midpoint_with_inhaler,-0.004329863259920134,0.0031892814211222603,127,123
701,48,True,False,False,upper_bound,-0.004329863259920134,-0.016890986446651216,127,124
701,48,True,False,False,upper_bound_with_inhaler,-0.004329863259920134,-0.016890986446651216,127,125
701,48,True,False,True,one_hot,,,127,126
701,48,True,False,True,lower_bound,-0.004329863259920134,0.036782456596196215,127,127
701,48,True,False,True,midpoint,-0.004329863259920134,0.0031892814211222603,127,128
701,48,True,False,True,midpoint_with_inhaler,-0.004329863259920134,0.0031892814211222603,127,129
701,48,True,False,True,upper_bound,-0.004329863259920134,-0.016890986446651216,127,130
701,48,True,False,True,upper_bound_with_inhaler,-0.004329863259920134,-0.016890986446651216,127,131
702,12,False,False,False,one_hot,0.5445062657715029,0.5445062657715029,124,0
702,12,False,False,False,lower_bound,0.5897378902265533,0.9057440339569535,124,1
702,12,False,False,False,midpoint,0.5897378902265533,0.8120464406850556,124,2
702,12,False,False,False,midpoint_with_inhaler,0.5897378902265533,0.8120464406850556,124,3
702,12,False,False,False,upper_bound,0.5897378902265533,0.7529661177716876,124,4
702,12,False,False,False,upper_bound_with_inhaler,0.5897378902265533,0.7529661177716876,124,5
702,12,False,False,True,one_hot,0.5445062657715029,0.5445062657715029,124,6
702,12,False,False,True,lower_bound,0.5897378902265533,0.9057440339569535,124,7
702,12,False,False,True,midpoint,0.5897378902265533,0.8120464406850556,124,8
702,12,False,False,True,midpoint_with_inhaler,0.5897378902265533,0.8120464406850556,124,9
702,12,False,False,True,upper_bound,0.5897378902265533,0.7529661177716876,124,10
702,12,False,False,True,upper_bound_with_inhaler,0.5897378902265533,0.7529661177716876,124,11
702,12,False,True,False,one_hot,0.20017628156221337,0.20017628156221337,124,12
702,12,False,True,False,lower_bound,0.2942684173010591,0.5207293048849687,124,13
702,12,False,True,False,midpoint,0.2942684173010591,0.4875488947214049,124,14
702,12,False,True,False,midpoint_with_inhaler,0.2942684173010591,0.4875488947214049,124,15
702,12,False,True,False,upper_bound,0.2942684173010591,0.4599680431055259,124,16
702,12,False,True,False,upper_bound_with_inhaler,0.2942684173010591,0.4599680431055259,124,17
702,12,False,True,True,one_hot,0.20017628156221337,0.20017628156221337,124,18
702,12,False,True,True,lower_bound,0.2942684173010591,0.5207293048849687,124,19
702,12,False,True,True,midpoint,0.2942684173010591,0.4875488947214049,124,20
702,12,False,True,True,midpoint_with_inhaler,0.2942684173010591,0.4875488947214049,124,21
702,12,False,True,True,upper_bound,0.2942684173010591,0.4599680431055259,124,22
702,12,False,True,True,upper_bound_with_inhaler,0.2942684173010591,0.4599680431055259,124,23
702,12,True,False,False,one_hot,0.3675059285930456,0.3675059285930456,124,24
702,12,True,False,False,lower_bound,0.4618837142983382,0.8065271611222752,124,25
702,12,True,False,False,midpoint,0.4618837142983382,0.7805976294473201,124,26
702,12,True,False,False,midpoint_with_inhaler,0.4618837142983382,0.7805976294473201,124,27
702,12,True,False,False,upper_bound,0.4618837142983382,0.7568037267290646,124,28
702,12,True,False,False,upper_bound_with_inhaler,0.4618837142983382,0.7568037267290646,124,29
702,12,True,False,True,one_hot,0.3675059285930456,0.3675059285930456,124,30
702,12,True,False,True,lower_bound,0.4618837142983382,0.8065271611222752,124,31
702,12,True,False,True,midpoint,0.4618837142983382,0.7805976294473201,124,32
702,12,True,False,True,midpoint_with_inhaler,0.4618837142983382,0.7805976294473201,124,33
702,12,True,False,True,upper_bound,0.4618837142983382,0.7568037267290646,124,34
702,12,True,False,True,upper_bound_with_inhaler,0.4618837142983382,0.7568037267290646,124,35
702,24,False,False,False,one_hot,0.5714482952013606,0.5714482952013606,124,36
702,24,False,False,False,lower_bound,0.6727541526566956,1.1219713493889127,124,37
702,24,False,False,False,midpoint,0.6727541526566956,1.058890940968562,124,38
702,24,False,False,False,midpoint_with_inhaler,0.6727541526566956,1.058890940968562,124,39
702,24,False,False,False,upper_bound,0.6727541526566956,1.0089055296427847,124,40
702,24,False,False,False,upper_bound_with_inhaler,0.6727541526566956,1.0089055296427847,124,41
702,24,False,False,True,one_hot,0.5714482952013606,0.5714482952013606,124,42
702,24,False,False,True,lower_bound,0.6727541526566956,1.1219713493889127,124,43
702,24,False,False,True,midpoint,0.6727541526566956,1.058890940968562,124,44
702,24,False,False,True,midpoint_with_inhaler,0.6727541526566956,1.058890940968562,124,45
702,24,False,False,True,upper_bound,0.6727541526566956,1.0089055296427847,124,46
702,24,False,False,True,upper_bound_with_inhaler,0.6727541526566956,1.0089055296427847,124,47
702,24,False,True,False,one_hot,0.4564442320620659,0.4564442320620659,124,48
702,24,False,True,False,lower_bound,0.5453806856947325,0.9990299866948225,124,49
702,24,False,True,False,midpoint,0.5453806856947325,0.9312967474941366,124,50
702,24,False,True,False,midpoint_with_inhaler,0.5453806856947325,0.9312967474941366,124,51
702,24,False,True,False,upper_bound,0.5453806856947325,0.8826599629401368,124,52
702,24,False,True,False,upper_bound_with_inhaler,0.5453806856947325,0.8826599629401368,124,53
702,24,False,True,True,one_hot,0.4564442320620659,0.4564442320620659,124,54
702,24,False,True,True,lower_bound,0.5453806856947325,0.9990299866948225,124,55
702,24,False,True,True,midpoint,0.5453806856947325,0.9312967474941366,124,56
702,24,False,True,True,midpoint_with_inhaler,0.5453806856947325,0.9312967474941366,124,57
702,24,False,True,True,upper_bound,0.5453806856947325,0.8826599629401368,124,58
702,24,False,True,True,upper_bound_with_inhaler,0.5453806856947325,0.8826599629401368,124,59
702,24,True,False,False,one_hot,0.5714482952013606,0.5714482952013606,124,60
702,24,True,False,False,lower_bound,0.6727541526566956,1.1219713493889127,124,61
702,24,True,False,False,midpoint,0.6727541526566956,1.058890940968562,124,62
702,24,True,False,False,midpoint_with_inhaler,0.6727541526566956,1.058890940968562,124,63
702,24,True,False,False,upper_bound,0.6727541526566956,1.0089055296427847,124,64
702,24,True,False,False,upper_bound_with_inhaler,0.6727541526566956,1.0089055296427847,124,65
702,24,True,False,True,one_hot,0.5714482952013606,0.5714482952013606,124,66
702,24,True,False,True,lower_bound,0.6727541526566956,1.1219713493889127,124,67
702,24,True,False,True,midpoint,0.6727541526566956,1.058890940968562,124,68
702,24,True,False,True,midpoint_with_inhaler,0.6727541526566956,1.058890940968562,124,69
702,24,True,False,True,upper_bound,0.6727541526566956,1.0089055296427847,124,70
702,24,True,False,True,upper_bound_with_inhaler,0.6727541526566956,1.0089055296427847,124,71
702,36,False,False,False,one_hot,0.5395626986147912,0.5395626986147913,124,72
702,36,False,False,False,lower_bound,0.6779008609116637,1.197513695273839,124,73
702,36,False,False,False,midpoint,0.6779008609116637,1.157120290382235,124,74
702,36,False,False,False,midpoint_with_inhaler,0.6779008609116637,1.157120290382235,124,75
702,36,False,False,False,upper_bound,0.6779008609116637,1.1125153176735028,124,76
702,36,False,False,False,upper_bound_with_inhaler,0.6779008609116637,1.1125153176735028,124,77
702,36,False,False,True,one_hot,0.5395626986147912,0.5395626986147913,124,78
702,36,False,False,True,lower_bound,0.6779008609116637,1.197513695273839,124,79
702,36,False,False,True,midpoint,0.6779008609116637,1.157120290382235,124,80
702,36,False,False,True,midpoint_with_inhaler,0.6779008609116637,1.157120290382235,124,81
702,36,False,False,True,upper_bound,0.6779008609116637,1.1125153176735028,124,82
702,36,False,False,True,upper_bound_with_inhaler,0.6779008609116637,1.1125153176735028,124,83
702,36,True,False,False,one_hot,0.40629529735612946,0.4062952973561293,124,84
702,36,True,False,False,lower_bound,0.4679027210439391,0.7122435386918203,124,85
702,36,True,False,False,midpoint,0.4679027210439391,0.6721182421172389,124,86
702,36,True,False,False,midpoint_with_inhaler,0.4679027210439391,0.6721182421172389,124,87
702,36,True,False,False,upper_bound,0.4679027210439391,0.6379821596183559,124,88
702,36,True,False,False,upper_bound_with_inhaler,0.4679027210439391,0.6379821596183559,124,89
702,36,True,False,True,one_hot,0.40629529735612946,0.4062952973561293,124,90
702,36,True,False,True,lower_bound,0.4679027210439391,0.7122435386918203,124,91
702,36,True,False,True,midpoint,0.4679027210439391,0.6721182421172389,124,92
702,36,True,False,True,midpoint_with_inhaler,0.4679027210439391,0.6721182421172389,124,93
702,36,True,False,True,upper_bound,0.4679027210439391,0.6379821596183559,124,94
702,36,True,False,True,upper_bound_with_inhaler,0.4679027210439391,0.6379821596183559,124,95
702,48,False,False,False,one_hot,0.3276259739780861,0.327625973978086,124,96
702,48,False,False,False,lower_bound,0.53912771245626,0.994828427251912,124,97
702,48,False,False,False,midpoint,0.53912771245626,0.9505893473912082,124,98
702,48,False,False,False,midpoint_with_inhaler,0.53912771245626,0.9505893473912082,124,99
702,48,False,False,False,upper_bound,0.53912771245626,0.9082867500578768,124,100
702,48,False,False,False,upper_bound_with_inhaler,0.53912771245626,0.9082867500578768,124,101
702,48,False,False,True,one_hot,0.3276259739780861,0.327625973978086,124,102
702,48,False,False,True,lower_bound,0.53912771245626,0.994828427251912,124,103
702,48,False,False,True,midpoint,0.53912771245626,0.9505893473912082,124,104
702,48,False,False,True,midpoint_with_inhaler,0.53912771245626,0.9505893473912082,124,105
702,48,False,False,True,upper_bound,0.53912771245626,0.9082867500578768,124,106
702,48,False,False,True,upper_bound_with_inhaler,0.53912771245626,0.9082867500578768,124,107
702,48,False,True,False,one_hot,0.20524447292492404,0.20524447292492404,124,108
702,48,False,True,False,lower_bound,0.28753284946345625,0.5441207060749756,124,109
702,48,False,True,False,midpoint,0.28753284946345625,0.5075570086241964,124,110
702,48,False,True,False,midpoint_with_inhaler,0.28753284946345625,0.5075570086241964,124,111
702,48,False,True,False,upper_bound,0.28753284946345625,0.47680755999553953,124,112
702,48,False,True,False,upper_bound_with_inhaler,0.28753284946345625,0.47680755999553953,124,113
702,48,False,True,True,one_hot,0.20524447292492404,0.20524447292492404,124,114
702,48,False,True,True,lower_bound,0.28753284946345625,0.5441207060749756,124,115
702,48,False,True,True,midpoint,0.28753284946345625,0.5075570086241964,124,116
702,48,False,True,True,midpoint_with_inhaler,0.28753284946345625,0.5075570086241964,124,117
702,48,False,True,True,upper_bound,0.28753284946345625,0.47680755999553953,124,118
702,48,False,True,True,upper_bound_with_inhaler,0.28753284946345625,0.47680755999553953,124,119
702,48,True,False,False,one_hot,0.28285839857202194,0.28285839857202194,124,120
702,48,True,False,False,lower_bound,0.3437070798786496,0.568374362858971,124,121
702,48,True,False,False,midpoint,0.3437070798786496,0.5343083957721195,124,122
702,48,True,False,False,midpoint_with_inhaler,0.3437070798786496,0.5343083957721195,124,123
702,48,True,False,False,upper_bound,0.3437070798786496,0.5069549749449321,124,124
702,48,True,False,False,upper_bound_with_inhaler,0.3437070798786496,0.5069549749449321,124,125
702,48,True,False,True,one_hot,0.28285839857202194,0.28285839857202194,124,126
702,48,True,False,True,lower_bound,0.3437070798786496,0.568374362858971,124,127
702,48,True,False,True,midpoint,0.3437070798786496,0.5343083957721195,124,128
702,48,True,False,True,midpoint_with_inhaler,0.3437070798786496,0.5343083957721195,124,129
702,48,True,False,True,upper_bound,0.3437070798786496,0.5069549749449321,124,130
702,48,True,False,True,upper_bound_with_inhaler,0.3437070798786496,0.5069549749449321,124,131
917,12,False,False,False,one_hot,1.0986122886681098,1.0986122886681098,9,0
917,12,False,False,False,lower_bound,1.369425150625599,1.508546891090028,9,1
917,12,False,False,False,midpoint,1.369425150625599,1.5955332163667915,9,2
917,12,False,False,False,midpoint_with_inhaler,1.369425150625599,1.5955332163667915,9,3
917,12,False,False,False,upper_bound,1.369425150625599,1.60473394696126,9,4
917,12,False,False,False,upper_bound_with_inhaler,1.369425150625599,1.60473394696126,9,5
917,12,False,False,True,one_hot,1.0986122886681098,1.0986122886681098,9,6
917,12,False,False,True,lower_bound,1.369425150625599,1.508546891090028,9,7
917,12,False,False,True,midpoint,1.369425150625599,1.5955332163667915,9,8
917,12,False,False,True,midpoint_with_inhaler,1.369425150625599,1.5955332163667915,9,9
917,12,False,False,True,upper_bound,1.369425150625599,1.60473394696126,9,10
917,12,False,False,True,upper_bound_with_inhaler,1.369425150625599,1.60473394696126,9,11
917,12,False,True,False,one_hot,,,9,12
917,12,False,True,False,lower_bound,1.139815372444767,1.0708467708567455,9,13
917,12,False,True,False,midpoint,1.139815372444767,1.0079212132293447,9,14
917,12,False,True,False,midpoint_with_inhaler,1.139815372444767,1.0079212132293447,9,15
917,12,False,True,False,upper_bound,1.139815372444767,0.9439430489091212,9,16
917,12,False,True,False,upper_bound_with_inhaler,1.139815372444767,0.9439430489091212,9,17
917,12,False,True,True,one_hot,,,9,18
917,12,False,True,True,lower_bound,1.139815372444767,1.0708467708567455,9,19
917,12,False,True,True,midpoint,1.139815372444767,1.0079212132293447,9,20
917,12,False,True,True,midpoint_with_inhaler,1.139815372444767,1.0079212132293447,9,21
917,12,False,True,True,upper_bound,1.139815372444767,0.9439430489091212,9,22
917,12,False,True,True,upper_bound_with_inhaler,1.139815372444767,0.9439430489091212,9,23
917,12,True,False,False,one_hot,,,9,24
917,12,True,False,False,lower_bound,0.6850439186774424,0.9659240966937714,9,25
917,12,True,False,False,midpoint,0.6850439186774424,1.0482709997354065,9,26
917,12,True,False,False,midpoint_with_inhaler,0.6850439186774424,1.0482709997354065,9,27
917,12,True,False,False,upper_bound,0.6850439186774424,1.0729483047346626,9,28
917,12,True,False,False,upper_bound_with_inhaler,0.6850439186774424,1.0729483047346626,9,29
917,12,True,False,True,one_hot,,,9,30
917,12,True,False,True,lower_bound,0.6850439186774424,0.9659240966937714,9,31
917,12,True,False,True,midpoint,0.6850439186774424,1.0482709997354065,9,32
917,12,True,False,True,midpoint_with_inhaler,0.6850439186774424,1.0482709997354065,9,33
917,12,True,False,True,upper_bound,0.6850439186774424,1.0729483047346626,9,34
917,12,True,False,True,upper_bound_with_inhaler,0.6850439186774424,1.0729483047346626,9,35
917,24,False,False,False,one_hot,0.05983272786942109,0.05983272786942103,9,36
917,24,False,False,False,lower_bound,0.5006612375827821,0.511020757180387,9,37
917,24,False,False,False,midpoint,0.5006612375827821,0.5365463778264932,9,38
917,24,False,False,False,midpoint_with_inhaler,0.5006612375827821,0.5365463778264932,9,39
917,24,False,False,False,upper_bound,0.5006612375827821,0.5520820135576473,9,40
917,24,False,False,False,upper_bound_with_inhaler,0.5006612375827821,0.5520820135576473,9,41
917,24,False,False,True,one_hot,0.05983272786942109,0.05983272786942103,9,42
917,24,False,False,True,lower_bound,0.5006612375827821,0.511020757180387,9,43
917,24,False,False,True,midpoint,0.5006612375827821,0.5365463778264932,9,44
917,24,False,False,True,midpoint_with_inhaler,0.5006612375827821,0.5365463778264932,9,45
917,24,False,False,True,upper_bound,0.5006612375827821,0.5520820135576473,9,46
917,24,False,False,True,upper_bound_with_inhaler,0.5006612375827821,0.5520820135576473,9,47
917,24,False,True,False,one_hot,0.4180480042601458,0.4180480042601458,9,48
917,24,False,True,False,lower_bound,0.7448649741840664,0.9791317192731284,9,49
917,24,False,True,False,midpoint,0.7448649741840664,1.0555991737057728,9,50
917,24,False,True,False,midpoint_with_inhaler,0.7448649741840664,1.0555991737057728,9,51
917,24,False,True,False,upper_bound,0.7448649741840664,1.0784647724540606,9,52
917,24,False,True,False,upper_bound_with_inhaler,0.7448649741840664,1.0784647724540606,9,53
917,24,False,True,True,one_hot,0.4180480042601458,0.4180480042601458,9,54
917,24,False,True,True,lower_bound,0.7448649741840664,0.9791317192731284,9,55
917,24,False,True,True,midpoint,0.7448649741840664,1.0555991737057728,9,56
917,24,False,True,True,midpoint_with_inhaler,0.7448649741840664,1.0555991737057728,9,57
917,24,False,True,True,upper_bound,0.7448649741840664,1.0784647724540606,9,58
917,24,False,True,True,upper_bound_with_inhaler,0.7448649741840664,1.0784647724540606,9,59
917,24,True,False,False,one_hot,0.05983272786942109,0.05983272786942103,9,60
917,24,True,False,False,lower_bound,0.5006612375827821,0.511020757180387,9,61
917,24,True,False,False,midpoint,0.5006612375827821,0.5365463778264932,9,62
917,24,True,False,False,midpoint_with_inhaler,0.5006612375827821,0.5365463778264932,9,63
917,24,True,False,False,upper_bound,0.5006612375827821,0.5520820135576473,9,64
917,24,True,False,False,upper_bound_with_inhaler,0.5006612375827821,0.5520820135576473,9,65
917,24,True,False,True,one_hot,0.05983272786942109,0.05983272786942103,9,66
917,24,True,False,True,lower_bound,0.5006612375827821,0.511020757180387,9,67
917,24,True,False,True,midpoint,0.5006612375827821,0.5365463778264932,9,68
917,24,True,False,True,midpoint_with_inhaler,0.5006612375827821,0.5365463778264932,9,69
917,24,True,False,True,upper_bound,0.5006612375827821,0.5520820135576473,9,70
917,24,True,False,True,upper_bound_with_inhaler,0.5006612375827821,0.5520820135576473,9,71
917,36,False,False,False,one_hot,,,9,72
917,36,False,False,False,lower_bound,1.369425150625599,1.648037864469587,9,73
917,36,False,False,False,midpoint,1.369425150625599,1.5766219838573678,9,74
917,36,False,False,False,midpoint_with_inhaler,1.369425150625599,1.5766219838573678,9,75
917,36,False,False,False,upper_bound,1.369425150625599,1.5191007759397173,9,76
917,36,False,False,False,upper_bound_with_inhaler,1.369425150625599,1.5191007759397173,9,77
917,36,False,False,True,one_hot,,,9,78
917,36,False,False,True,lower_bound,1.369425150625599,1.648037864469587,9,79
917,36,False,False,True,midpoint,1.369425150625599,1.5766219838573678,9,80
917,36,False,False,True,midpoint_with_inhaler,1.369425150625599,1.5766219838573678,9,81
917,36,False,False,True,upper_bound,1.369425150625599,1.5191007759397173,9,82
917,36,False,False,True,upper_bound_with_inhaler,1.369425150625599,1.5191007759397173,9,83
917,36,True,False,False,one_hot,,,9,84
917,36,True,False,False,lower_bound,0.6257749905628911,0.5776460476120173,9,85
917,36,True,False,False,midpoint,0.6257749905628911,0.6042937371446833,9,86
917,36,True,False,False,midpoint_with_inhaler,0.6257749905628911,0.6042937371446833,9,87
917,36,True,False,False,upper_bound,0.6257749905628911,0.6232669766182228,9,88
917,36,True,False,False,upper_bound_with_inhaler,0.6257749905628911,0.6232669766182228,9,89
917,36,True,False,True,one_hot,,,9,90
917,36,True,False,True,lower_bound,0.6257749905628911,0.5776460476120173,9,91
917,36,True,False,True,midpoint,0.6257749905628911,0.6042937371446833,9,92
917,36,True,False,True,midpoint_with_inhaler,0.6257749905628911,0.6042937371446833,9,93
917,36,True,False,True,upper_bound,0.6257749905628911,0.6232669766182228,9,94
917,36,True,False,True,upper_bound_with_inhaler,0.6257749905628911,0.6232669766182228,9,95
917,48,False,False,False,one_hot,,,9,96
917,48,False,False,False,lower_bound,0.863610474045242,1.2111458715898697,9,97
917,48,False,False,False,midpoint,0.863610474045242,1.2210813212491725,9,98
917,48,False,False,False,midpoint_with_inhaler,0.863610474045242,1.2436990875762541,9,99
917,48,False,False,False,upper_bound,0.863610474045242,1.1722746460465392,9,100
917,48,False,False,False,upper_bound_with_inhaler,0.863610474045242,1.2181104348251814,9,101
917,48,False,False,True,one_hot,,,9,102
917,48,False,False,True,lower_bound,0.863610474045242,1.2111458715898697,9,103
917,48,False,False,True,midpoint,0.863610474045242,1.2210813212491725,9,104
917,48,False,False,True,midpoint_with_inhaler,0.863610474045242,1.2436990875762541,9,105
917,48,False,False,True,upper_bound,0.863610474045242,1.1722746460465392,9,106
917,48,False,False,True,upper_bound_with_inhaler,0.863610474045242,1.2181104348251814,9,107
917,48,False,True,False,one_hot,,,9,108
917,48,False,True,False,lower_bound,0.6666493613356207,0.6961106063011917,9,109
917,48,False,True,False,midpoint,0.6666493613356207,0.6541350492585197,9,110
917,48,False,True,False,midpoint_with_inhaler,0.6666493613356207,0.6541350492585197,9,111
917,48,False,True,False,upper_bound,0.6666493613356207,0.6232669766182228,9,112
917,48,False,True,False,upper_bound_with_inhaler,0.6666493613356207,0.6232669766182228,9,113
917,48,False,True,True,one_hot,,,9,114
917,48,False,True,True,lower_bound,0.6666493613356207,0.6961106063011917,9,115
917,48,False,True,True,midpoint,0.6666493613356207,0.6541350492585197,9,116
917,48,False,True,True,midpoint_with_inhaler,0.6666493613356207,0.6541350492585197,9,117
917,48,False,True,True,upper_bound,0.6666493613356207,0.6232669766182228,9,118
917,48,False,True,True,upper_bound_with_inhaler,0.6666493613356207,0.6232669766182228,9,119
917,48,True,False,False,one_hot,,,9,120
917,48,True,False,False,lower_bound,0.4524415624850446,0.6689260606463244,9,121
917,48,True,False,False,midpoint,0.4524415624850446,0.7816705220640839,9,122
917,48,True,False,False,midpoint_with_inhaler,0.4524415624850446,0.7816705220640839,9,123
917,48,True,False,False,upper_bound,0.4524415624850446,0.8378210041181692,9,124
917,48,True,False,False,upper_bound_with_inhaler,0.4524415624850446,0.8378210041181692,9,125
917,48,True,False,True,one_hot,,,9,126
917,48,True,False,True,lower_bound,0.4524415624850446,0.6689260606463244,9,127
917,48,True,False,True,midpoint,0.4524415624850446,0.7816705220640839,9,128
917,48,True,False,True,midpoint_with_inhaler,0.4524415624850446,0.7816705220640839,9,129
917,48,True,False,True,upper_bound,0.4524415624850446,0.8378210041181692,9,130
917,48,True,False,True,upper_bound_with_inhaler,0.4524415624850446,0.8378210041181692,9,131
939,12,False,False,False,one_hot,-0.06858784354261896,-0.06858784354261896,158,0
939,12,False,False,False,lower_bound,0.2511895098633125,0.2786290415036903,158,1
939,12,False,False,False,midpoint,0.2511895098633125,0.24759176514186257,158,2
939,12,False,False,False,midpoint_with_inhaler,0.2511895098633125,0.24759176514186257,158,3
939,12,False,False,False,upper_bound,0.2511895098633125,0.2181318708891003,158,4
939,12,False,False,False,upper_bound_with_inhaler,0.2511895098633125,0.2181318708891003,158,5
939,12,False,False,True,one_hot,-0.06858784354261896,-0.06858784354261896,158,6
939,12,False,False,True,lower_bound,0.2511895098633125,0.2786290415036903,158,7
939,12,False,False,True,midpoint,0.2511895098633125,0.24759176514186257,158,8
939,12,False,False,True,midpoint_with_inhaler,0.2511895098633125,0.24759176514186257,158,9
939,12,False,False,True,upper_bound,0.2511895098633125,0.2181318708891003,158,10
939,12,False,False,True,upper_bound_with_inhaler,0.2511895098633125,0.2181318708891003,158,11
939,12,False,True,False,one_hot,,,158,12
939,12,False,True,False,lower_bound,0.30820995928697087,0.4188759221140131,158,13
939,12,False,True,False,midpoint,0.30820995928697087,0.3933982891424983,158,14
939,12,False,True,False,midpoint_with_inhaler,0.30820995928697087,0.3933982891424983,158,15
939,12,False,True,False,upper_bound,0.30820995928697087,0.36414103878044457,158,16
939,12,False,True,False,upper_bound_with_inhaler,0.30820995928697087,0.36414103878044457,158,17
939,12,False,True,True,one_hot,,,158,18
939,12,False,True,True,lower_bound,0.30820995928697087,0.4188759221140131,158,19
939,12,False,True,True,midpoint,0.30820995928697087,0.3933982891424983,158,20
939,12,False,True,True,midpoint_with_inhaler,0.30820995928697087,0.3933982891424983,158,21
939,12,False,True,True,upper_bound,0.30820995928697087,0.36414103878044457,158,22
939,12,False,True,True,upper_bound_with_inhaler,0.30820995928697087,0.36414103878044457,158,23
939,12,True,False,False,one_hot,,,158,24
939,12,True,False,False,lower_bound,0.2872947407355303,0.3949001022663702,158,25
939,12,True,False,False,midpoint,0.2872947407355303,0.35733821114431774,158,26
939,12,True,False,False,midpoint_with_inhaler,0.2872947407355303,0.35733821114431774,158,27
939,12,True,False,False,upper_bound,0.2872947407355303,0.32244617793970176,158,28
939,12,True,False,False,upper_bound_with_inhaler,0.2872947407355303,0.32244617793970176,158,29
939,12,True,False,True,one_hot,,,158,30
939,12,True,False,True,lower_bound,0.2872947407355303,0.3949001022663702,158,31
939,12,True,False,True,midpoint,0.2872947407355303,0.35733821114431774,158,32
939,12,True,False,True,midpoint_with_inhaler,0.2872947407355303,0.35733821114431774,158,33
939,12,True,False,True,upper_bound,0.2872947407355303,0.32244617793970176,158,34
939,12,True,False,True,upper_bound_with_inhaler,0.2872947407355303,0.32244617793970176,158,35
939,24,False,False,False,one_hot,,,158,36
939,24,False,False,False,lower_bound,0.44505520723851166,0.5055783715849643,158,37
939,24,False,False,False,midpoint,0.44505520723851166,0.49275321397513555,158,38
939,24,False,False,False,midpoint_with_inhaler,0.44505520723851166,0.49275321397513555,158,39
939,24,False,False,False,upper_bound,0.44505520723851166,0.47608941216176315,158,40
939,24,False,False,False,upper_bound_with_inhaler,0.44505520723851166,0.47608941216176315,158,41
939,24,False,False,True,one_hot,,,158,42
939,24,False,False,True,lower_bound,0.44505520723851166,0.5055783715849643,158,43
939,24,False,False,True,midpoint,0.44505520723851166,0.49275321397513555,158,44
939,24,False,False,True,midpoint_with_inhaler,0.44505520723851166,0.49275321397513555,158,45
939,24,False,False,True,upper_bound,0.44505520723851166,0.47608941216176315,158,46
939,24,False,False,True,upper_bound_with_inhaler,0.44505520723851166,0.47608941216176315,158,47
939,24,False,True,False,one_hot,,,158,48
939,24,False,True,False,lower_bound,0.43676979427152784,0.5106623069892609,158,49
939,24,False,True,False,midpoint,0.43676979427152784,0.5265775462696183,158,50
939,24,False,True,False,midpoint_with_inhaler,0.43676979427152784,0.5265775462696183,158,51
939,24,False,True,False,upper_bound,0.43676979427152784,0.5251884667638069,158,52
939,24,False,True,False,upper_bound_with_inhaler,0.43676979427152784,0.5251884667638069,158,53
939,24,False,True,True,one_hot,,,158,54
939,24,False,True,True,lower_bound,0.43676979427152784,0.5106623069892609,158,55
939,24,False,True,True,midpoint,0.43676979427152784,0.5265775462696183,158,56
939,24,False,True,True,midpoint_with_inhaler,0.43676979427152784,0.5265775462696183,158,57
939,24,False,True,True,upper_bound,0.43676979427152784,0.5251884667638069,158,58
939,24,False,True,True,upper_bound_with_inhaler,0.43676979427152784,0.5251884667638069,158,59
939,24,True,False,False,one_hot,,,158,60
939,24,True,False,False,lower_bound,0.44505520723851166,0.5055783715849643,158,61
939,24,True,False,False,midpoint,0.44505520723851166,0.49275321397513555,158,62
939,24,True,False,False,midpoint_with_inhaler,0.44505520723851166,0.49275321397513555,158,63
939,24,True,False,False,upper_bound,0.44505520723851166,0.47608941216176315,158,64
939,24,True,False,False,upper_bound_with_inhaler,0.44505520723851166,0.47608941216176315,158,65
939,24,True,False,True,one_hot,,,158,66
939,24,True,False,True,lower_bound,0.44505520723851166,0.5055783715849643,158,67
939,24,True,False,True,midpoint,0.44505520723851166,0.49275321397513555,158,68
939,24,True,False,True,midpoint_with_inhaler,0.44505520723851166,0.49275321397513555,158,69
939,24,True,False,True,upper_bound,0.44505520723851166,0.47608941216176315,158,70
939,24,True,False,True,upper_bound_with_inhaler,0.44505520723851166,0.47608941216176315,158,71
939,36,False,False,False,one_hot,,,158,72
939,36,False,False,False,lower_bound,0.38096281807484855,0.48973467221954253,158,73
939,36,False,False,False,midpoint,0.38096281807484855,0.44200362180318514,158,74
939,36,False,False,False,midpoint_with_inhaler,0.38096281807484855,0.44200362180318514,158,75
939,36,False,False,False,upper_bound,0.38096281807484855,0.4050282883437734,158,76
939,36,False,False,False,upper_bound_with_inhaler,0.38096281807484855,0.4050282883437734,158,77
939,36,False,False,True,one_hot,,,158,78
939,36,False,False,True,lower_bound,0.38096281807484855,0.48973467221954253,158,79
939,36,False,False,True,midpoint,0.38096281807484855,0.44200362180318514,158,80
939,36,False,False,True,midpoint_with_inhaler,0.38096281807484855,0.44200362180318514,158,81
939,36,False,False,True,upper_bound,0.38096281807484855,0.4050282883437734,158,82
939,36,False,False,True,upper_bound_with_inhaler,0.38096281807484855,0.4050282883437734,158,83
939,36,True,False,False,one_hot,,,158,84
939,36,True,False,False,lower_bound,0.513404850537897,0.629122770516242,158,85
939,36,True,False,False,midpoint,0.513404850537897,0.6567622817709867,158,86
939,36,True,False,False,midpoint_with_inhaler,0.513404850537897,0.6567622817709867,158,87
939,36,True,False,False,upper_bound,0.513404850537897,0.6595353693374377,158,88
939,36,True,False,False,upper_bound_with_inhaler,0.513404850537897,0.6595353693374377,158,89
939,36,True,False,True,one_hot,,,158,90
939,36,True,False,True,lower_bound,0.513404850537897,0.629122770516242,158,91
939,36,True,False,True,midpoint,0.513404850537897,0.6567622817709867,158,92
939,36,True,False,True,midpoint_with_inhaler,0.513404850537897,0.6567622817709867,158,93
939,36,True,False,True,upper_bound,0.513404850537897,0.6595353693374377,158,94
939,36,True,False,True,upper_bound_with_inhaler,0.513404850537897,0.6595353693374377,158,95
939,48,False,False,False,one_hot,,,158,96
939,48,False,False,False,lower_bound,0.3944551746332748,0.518421933024848,158,97
939,48,False,False,False,midpoint,0.3944551746332748,0.4355871993524882,158,98
939,48,False,False,False,midpoint_with_inhaler,0.3944551746332748,0.455303166106883,158,99
939,48,False,False,False,upper_bound,0.36882620897461177,0.3687886175634245,158,100
939,48,False,False,False,upper_bound_with_inhaler,0.3944551746332748,0.4313684384090052,158,101
939,48,False,False,True,one_hot,,,158,102
939,48,False,False,True,lower_bound,0.3944551746332748,0.518421933024848,158,103
939,48,False,False,True,midpoint,0.3944551746332748,0.4355871993524882,158,104
939,48,False,False,True,midpoint_with_inhaler,0.3944551746332748,0.455303166106883,158,105
939,48,False,False,True,upper_bound,0.36882620897461177,0.3687886175634245,158,106
939,48,False,False,True,upper_bound_with_inhaler,0.3944551746332748,0.4313684384090052,158,107
939,48,False,True,False,one_hot,,,158,108
939,48,False,True,False,lower_bound,0.2718199525246176,0.38491305365681666,158,109
939,48,False,True,False,midpoint,0.2718199525246176,0.3609273103067577,158,110
939,48,False,True,False,midpoint_with_inhaler,0.2718199525246176,0.3609273103067577,158,111
939,48,False,True,False,upper_bound,0.2718199525246176,0.3348329830817924,158,112
939,48,False,True,False,upper_bound_with_inhaler,0.2718199525246176,0.3348329830817924,158,113
939,48,False,True,True,one_hot,,,158,114
939,48,False,True,True,lower_bound,0.2718199525246176,0.38491305365681666,158,115
939,48,False,True,True,midpoint,0.2718199525246176,0.3609273103067577,158,116
939,48,False,True,True,midpoint_with_inhaler,0.2718199525246176,0.3609273103067577,158,117
939,48,False,True,True,upper_bound,0.2718199525246176,0.3348329830817924,158,118
939,48,False,True,True,upper_bound_with_inhaler,0.2718199525246176,0.3348329830817924,158,119
939,48,True,False,False,one_hot,,,158,120
939,48,True,False,False,lower_bound,0.12318669662044866,0.16614404097746263,158,121
939,48,True,False,False,midpoint,0.12318669662044866,0.14157800725499045,158,122
939,48,True,False,False,midpoint_with_inhaler,0.12318669662044866,0.14157800725499045,158,123
939,48,True,False,False,upper_bound,0.12318669662044866,0.12096681195209219,158,124
939,48,True,False,False,upper_bound_with_inhaler,0.12318669662044866,0.12096681195209219,158,125
939,48,True,False,True,one_hot,,,158,126
939,48,True,False,True,lower_bound,0.12318669662044866,0.16614404097746263,158,127
939,48,True,False,True,midpoint,0.12318669662044866,0.14157800725499045,158,128
939,48,True,False,True,midpoint_with_inhaler,0.12318669662044866,0.14157800725499045,158,129
939,48,True,False,True,upper_bound,0.12318669662044866,0.12096681195209219,158,130
939,48,True,False,True,upper_bound_with_inhaler,0.12318669662044866,0.12096681195209219,158,131
