user_key,timestamp_window,use_daily_max_windows,use_calendar_days,filter_out_zero_usage_entries,categorization_method,spearman_z,pearson_z,sample_size,config_idx
113,12,False,False,False,one_hot,0.091062436310966,0.091062436310966,158,0
113,12,False,False,False,lower_bound,0.27715398382268436,0.4374203754962932,158,1
113,12,False,False,False,midpoint,0.27715398382268436,0.41898874929010227,158,2
113,12,False,False,False,midpoint_with_inhaler,0.27715398382268436,0.41898874929010227,158,3
113,12,False,False,False,upper_bound,0.2771368320026229,0.3956261720543791,158,4
113,12,False,False,False,upper_bound_with_inhaler,0.2771368320026229,0.3956261720543791,158,5
113,12,False,False,True,one_hot,0.091062436310966,0.091062436310966,158,6
113,12,False,False,True,lower_bound,0.27715398382268436,0.4374203754962932,158,7
113,12,False,False,True,midpoint,0.27715398382268436,0.41898874929010227,158,8
113,12,False,False,True,midpoint_with_inhaler,0.27715398382268436,0.41898874929010227,158,9
113,12,False,False,True,upper_bound,0.2771368320026229,0.3956261720543791,158,10
113,12,False,False,True,upper_bound_with_inhaler,0.2771368320026229,0.3956261720543791,158,11
113,12,False,True,False,one_hot,0.19893927306393794,0.19893927306393794,158,12
113,12,False,True,False,lower_bound,0.3458716753762429,0.3714994506695861,158,13
113,12,False,True,False,midpoint,0.3458716753762429,0.3770783130025979,158,14
113,12,False,True,False,midpoint_with_inhaler,0.3458716753762429,0.3770783130025979,158,15
113,12,False,True,False,upper_bound,0.3462413050593981,0.3722062246069021,158,16
113,12,False,True,False,upper_bound_with_inhaler,0.3462413050593981,0.3722062246069021,158,17
113,12,False,True,True,one_hot,0.19893927306393794,0.19893927306393794,158,18
113,12,False,True,True,lower_bound,0.3458716753762429,0.3714994506695861,158,19
113,12,False,True,True,midpoint,0.3458716753762429,0.3770783130025979,158,20
113,12,False,True,True,midpoint_with_inhaler,0.3458716753762429,0.3770783130025979,158,21
113,12,False,True,True,upper_bound,0.3462413050593981,0.3722062246069021,158,22
113,12,False,True,True,upper_bound_with_inhaler,0.3462413050593981,0.3722062246069021,158,23
113,12,True,False,False,one_hot,0.2803885310935361,0.28038853109353606,158,24
113,12,True,False,False,lower_bound,0.3909058463429179,0.39926936384241896,158,25
113,12,True,False,False,midpoint,0.3909058463429179,0.4035940478433071,158,26
113,12,True,False,False,midpoint_with_inhaler,0.3909058463429179,0.4035940478433071,158,27
113,12,True,False,False,upper_bound,0.3901208987095212,0.39948841963952814,158,28
113,12,True,False,False,upper_bound_with_inhaler,0.3901208987095212,0.39948841963952814,158,29
113,12,True,False,True,one_hot,0.2803885310935361,0.28038853109353606,158,30
113,12,True,False,True,lower_bound,0.3909058463429179,0.39926936384241896,158,31
113,12,True,False,True,midpoint,0.3909058463429179,0.4035940478433071,158,32
113,12,True,False,True,midpoint_with_inhaler,0.3909058463429179,0.4035940478433071,158,33
113,12,True,False,True,upper_bound,0.3901208987095212,0.39948841963952814,158,34
113,12,True,False,True,upper_bound_with_inhaler,0.3901208987095212,0.39948841963952814,158,35
113,24,False,False,False,one_hot,0.180516391332062,0.1805163913320619,158,36
113,24,False,False,False,lower_bound,0.43668695168441,0.49707959774461924,158,37
113,24,False,False,False,midpoint,0.43668695168441,0.48585842007639585,158,38
113,24,False,False,False,midpoint_with_inhaler,0.43668695168441,0.48585842007639585,158,39
113,24,False,False,False,upper_bound,0.4365885299089634,0.4613672651683886,158,40
113,24,False,False,False,upper_bound_with_inhaler,0.4365885299089634,0.4613672651683886,158,41
113,24,False,False,True,one_hot,0.180516391332062,0.1805163913320619,158,42
113,24,False,False,True,lower_bound,0.43668695168441,0.49707959774461924,158,43
113,24,False,False,True,midpoint,0.43668695168441,0.48585842007639585,158,44
113,24,False,False,True,midpoint_with_inhaler,0.43668695168441,0.48585842007639585,158,45
113,24,False,False,True,upper_bound,0.4365885299089634,0.4613672651683886,158,46
113,24,False,False,True,upper_bound_with_inhaler,0.4365885299089634,0.4613672651683886,158,47
113,24,False,True,False,one_hot,-0.027076228158642173,-0.027076228158642135,158,48
113,24,False,True,False,lower_bound,0.1531645916687441,0.31480321672848005,158,49
113,24,False,True,False,midpoint,0.1531645916687441,0.29267524360497643,158,50
113,24,False,True,False,midpoint_with_inhaler,0.1531645916687441,0.29267524360497643,158,51
113,24,False,True,False,upper_bound,0.15274134838792147,0.27134725273182325,158,52
113,24,False,True,False,upper_bound_with_inhaler,0.15274134838792147,0.27134725273182325,158,53
113,24,False,True,True,one_hot,-0.027076228158642173,-0.027076228158642135,158,54
113,24,False,True,True,lower_bound,0.1531645916687441,0.31480321672848005,158,55
113,24,False,True,True,midpoint,0.1531645916687441,0.29267524360497643,158,56
113,24,False,True,True,midpoint_with_inhaler,0.1531645916687441,0.29267524360497643,158,57
113,24,False,True,True,upper_bound,0.15274134838792147,0.27134725273182325,158,58
113,24,False,True,True,upper_bound_with_inhaler,0.15274134838792147,0.27134725273182325,158,59
113,24,True,False,False,one_hot,0.180516391332062,0.1805163913320619,158,60
113,24,True,False,False,lower_bound,0.43668695168441,0.49707959774461924,158,61
113,24,True,False,False,midpoint,0.43668695168441,0.48585842007639585,158,62
113,24,True,False,False,midpoint_with_inhaler,0.43668695168441,0.48585842007639585,158,63
113,24,True,False,False,upper_bound,0.4365885299089634,0.4613672651683886,158,64
113,24,True,False,False,upper_bound_with_inhaler,0.4365885299089634,0.4613672651683886,158,65
113,24,True,False,True,one_hot,0.180516391332062,0.1805163913320619,158,66
113,24,True,False,True,lower_bound,0.43668695168441,0.49707959774461924,158,67
113,24,True,False,True,midpoint,0.43668695168441,0.48585842007639585,158,68
113,24,True,False,True,midpoint_with_inhaler,0.43668695168441,0.48585842007639585,158,69
113,24,True,False,True,upper_bound,0.4365885299089634,0.4613672651683886,158,70
113,24,True,False,True,upper_bound_with_inhaler,0.4365885299089634,0.4613672651683886,158,71
113,36,False,False,False,one_hot,0.21732158752891054,0.21732158752891043,158,72
113,36,False,False,False,lower_bound,0.4464060511436262,0.4692411480305282,158,73
113,36,False,False,False,midpoint,0.4464060511436262,0.4829236053713446,158,74
113,36,False,False,False,midpoint_with_inhaler,0.4464060511436262,0.48119367664267093,158,75
113,36,False,False,False,upper_bound,0.4458989520155346,0.47465472591207597,158,76
113,36,False,False,False,upper_bound_with_inhaler,0.4464060511436262,0.4780392974889506,158,77
113,36,False,False,True,one_hot,0.21732158752891054,0.21732158752891043,158,78
113,36,False,False,True,lower_bound,0.4464060511436262,0.4692411480305282,158,79
113,36,False,False,True,midpoint,0.4464060511436262,0.4829236053713446,158,80
113,36,False,False,True,midpoint_with_inhaler,0.4464060511436262,0.48119367664267093,158,81
113,36,False,False,True,upper_bound,0.4458989520155346,0.47465472591207597,158,82
113,36,False,False,True,upper_bound_with_inhaler,0.4464060511436262,0.4780392974889506,158,83
113,36,True,False,False,one_hot,0.25928063270842666,0.2592806327084265,158,84
113,36,True,False,False,lower_bound,0.3198283587434559,0.3731362087371964,158,85
113,36,True,False,False,midpoint,0.3198283587434559,0.3602696366561083,158,86
113,36,True,False,False,midpoint_with_inhaler,0.3198283587434559,0.3602696366561083,158,87
113,36,True,False,False,upper_bound,0.31945037667477216,0.3455958954533486,158,88
113,36,True,False,False,upper_bound_with_inhaler,0.31945037667477216,0.3455958954533486,158,89
113,36,True,False,True,one_hot,0.25928063270842666,0.2592806327084265,158,90
113,36,True,False,True,lower_bound,0.3198283587434559,0.3731362087371964,158,91
113,36,True,False,True,midpoint,0.3198283587434559,0.3602696366561083,158,92
113,36,True,False,True,midpoint_with_inhaler,0.3198283587434559,0.3602696366561083,158,93
113,36,True,False,True,upper_bound,0.31945037667477216,0.3455958954533486,158,94
113,36,True,False,True,upper_bound_with_inhaler,0.31945037667477216,0.3455958954533486,158,95
113,48,False,False,False,one_hot,0.2113533087363615,0.21135330873636152,158,96
113,48,False,False,False,lower_bound,0.31781887166706463,0.36358975159503015,158,97
113,48,False,False,False,midpoint,0.31781887166706463,0.3798863609789372,158,98
113,48,False,False,False,midpoint_with_inhaler,0.31781887166706463,0.3790467902900457,158,99
113,48,False,False,False,upper_bound,0.3172287810548527,0.38133911883498534,158,100
113,48,False,False,False,upper_bound_with_inhaler,0.31781887166706463,0.3871836558685055,158,101
113,48,False,False,True,one_hot,0.2113533087363615,0.21135330873636152,158,102
113,48,False,False,True,lower_bound,0.31781887166706463,0.36358975159503015,158,103
113,48,False,False,True,midpoint,0.31781887166706463,0.3798863609789372,158,104
113,48,False,False,True,midpoint_with_inhaler,0.31781887166706463,0.3790467902900457,158,105
113,48,False,False,True,upper_bound,0.3172287810548527,0.38133911883498534,158,106
113,48,False,False,True,upper_bound_with_inhaler,0.31781887166706463,0.3871836558685055,158,107
113,48,False,True,False,one_hot,0.14219420541222472,0.14219420541222466,158,108
113,48,False,True,False,lower_bound,0.10028200212940387,0.024944038107506613,158,109
113,48,False,True,False,midpoint,0.10028200212940387,0.04698894865730481,158,110
113,48,False,True,False,midpoint_with_inhaler,0.10028200212940387,0.04698894865730481,158,111
113,48,False,True,False,upper_bound,0.10028422973127937,0.06223470167096778,158,112
113,48,False,True,False,upper_bound_with_inhaler,0.10028422973127937,0.06223470167096778,158,113
113,48,False,True,True,one_hot,0.14219420541222472,0.14219420541222466,158,114
113,48,False,True,True,lower_bound,0.10028200212940387,0.024944038107506613,158,115
113,48,False,True,True,midpoint,0.10028200212940387,0.04698894865730481,158,116
113,48,False,True,True,midpoint_with_inhaler,0.10028200212940387,0.04698894865730481,158,117
113,48,False,True,True,upper_bound,0.10028422973127937,0.06223470167096778,158,118
113,48,False,True,True,upper_bound_with_inhaler,0.10028422973127937,0.06223470167096778,158,119
113,48,True,False,False,one_hot,0.11945111699852949,0.11945111699852957,158,120
113,48,True,False,False,lower_bound,0.18071571634860908,0.14786189295853605,158,121
113,48,True,False,False,midpoint,0.18071571634860908,0.17416334046415702,158,122
113,48,True,False,False,midpoint_with_inhaler,0.18071571634860908,0.17416334046415702,158,123
113,48,True,False,False,upper_bound,0.1805756890028239,0.189835748900488,158,124
113,48,True,False,False,upper_bound_with_inhaler,0.1805756890028239,0.189835748900488,158,125
113,48,True,False,True,one_hot,0.11945111699852949,0.11945111699852957,158,126
113,48,True,False,True,lower_bound,0.18071571634860908,0.14786189295853605,158,127
113,48,True,False,True,midpoint,0.18071571634860908,0.17416334046415702,158,128
113,48,True,False,True,midpoint_with_inhaler,0.18071571634860908,0.17416334046415702,158,129
113,48,True,False,True,upper_bound,0.1805756890028239,0.189835748900488,158,130
113,48,True,False,True,upper_bound_with_inhaler,0.1805756890028239,0.189835748900488,158,131
190,12,False,False,False,one_hot,0.27327185318403485,0.273271853184035,19,0
190,12,False,False,False,lower_bound,0.27327185318403485,0.273271853184035,19,1
190,12,False,False,False,midpoint,0.27327185318403485,0.27327185318403485,19,2
190,12,False,False,False,midpoint_with_inhaler,0.27327185318403485,0.27327185318403485,19,3
190,12,False,False,False,upper_bound,0.27327185318403485,0.273271853184035,19,4
190,12,False,False,False,upper_bound_with_inhaler,0.27327185318403485,0.273271853184035,19,5
190,12,False,False,True,one_hot,0.27327185318403485,0.273271853184035,19,6
190,12,False,False,True,lower_bound,0.27327185318403485,0.273271853184035,19,7
190,12,False,False,True,midpoint,0.27327185318403485,0.27327185318403485,19,8
190,12,False,False,True,midpoint_with_inhaler,0.27327185318403485,0.27327185318403485,19,9
190,12,False,False,True,upper_bound,0.27327185318403485,0.273271853184035,19,10
190,12,False,False,True,upper_bound_with_inhaler,0.27327185318403485,0.273271853184035,19,11
190,12,False,True,False,one_hot,0.03582105708309528,0.03582105708309532,19,12
190,12,False,True,False,lower_bound,0.03582105708309528,0.03582105708309532,19,13
190,12,False,True,False,midpoint,0.03582105708309528,0.035821057083095256,19,14
190,12,False,True,False,midpoint_with_inhaler,0.03582105708309528,0.035821057083095256,19,15
190,12,False,True,False,upper_bound,0.03582105708309528,0.03582105708309532,19,16
190,12,False,True,False,upper_bound_with_inhaler,0.03582105708309528,0.03582105708309532,19,17
190,12,False,True,True,one_hot,0.03582105708309528,0.03582105708309532,19,18
190,12,False,True,True,lower_bound,0.03582105708309528,0.03582105708309532,19,19
190,12,False,True,True,midpoint,0.03582105708309528,0.035821057083095256,19,20
190,12,False,True,True,midpoint_with_inhaler,0.03582105708309528,0.035821057083095256,19,21
190,12,False,True,True,upper_bound,0.03582105708309528,0.03582105708309532,19,22
190,12,False,True,True,upper_bound_with_inhaler,0.03582105708309528,0.03582105708309532,19,23
190,12,True,False,False,one_hot,-0.12232259118600065,-0.12232259118600074,19,24
190,12,True,False,False,lower_bound,-0.12232259118600065,-0.12232259118600074,19,25
190,12,True,False,False,midpoint,-0.12232259118600065,-0.12232259118600065,19,26
190,12,True,False,False,midpoint_with_inhaler,-0.12232259118600065,-0.12232259118600065,19,27
190,12,True,False,False,upper_bound,-0.12232259118600065,-0.12232259118600074,19,28
190,12,True,False,False,upper_bound_with_inhaler,-0.12232259118600065,-0.12232259118600074,19,29
190,12,True,False,True,one_hot,-0.12232259118600065,-0.12232259118600074,19,30
190,12,True,False,True,lower_bound,-0.12232259118600065,-0.12232259118600074,19,31
190,12,True,False,True,midpoint,-0.12232259118600065,-0.12232259118600065,19,32
190,12,True,False,True,midpoint_with_inhaler,-0.12232259118600065,-0.12232259118600065,19,33
190,12,True,False,True,upper_bound,-0.12232259118600065,-0.12232259118600074,19,34
190,12,True,False,True,upper_bound_with_inhaler,-0.12232259118600065,-0.12232259118600074,19,35
190,24,False,False,False,one_hot,0.8392969986870468,0.8392969986870465,19,36
190,24,False,False,False,lower_bound,0.8392969986870468,0.8392969986870465,19,37
190,24,False,False,False,midpoint,0.8392969986870468,0.8392969986870461,19,38
190,24,False,False,False,midpoint_with_inhaler,0.8392969986870468,0.8392969986870461,19,39
190,24,False,False,False,upper_bound,0.8392969986870468,0.8392969986870465,19,40
190,24,False,False,False,upper_bound_with_inhaler,0.8392969986870468,0.8392969986870465,19,41
190,24,False,False,True,one_hot,0.8392969986870468,0.8392969986870465,19,42
190,24,False,False,True,lower_bound,0.8392969986870468,0.8392969986870465,19,43
190,24,False,False,True,midpoint,0.8392969986870468,0.8392969986870461,19,44
190,24,False,False,True,midpoint_with_inhaler,0.8392969986870468,0.8392969986870461,19,45
190,24,False,False,True,upper_bound,0.8392969986870468,0.8392969986870465,19,46
190,24,False,False,True,upper_bound_with_inhaler,0.8392969986870468,0.8392969986870465,19,47
190,24,False,True,False,one_hot,0.41246454071714395,0.41246454071714395,19,48
190,24,False,True,False,lower_bound,0.41246454071714395,0.41246454071714395,19,49
190,24,False,True,False,midpoint,0.41246454071714395,0.41246454071714395,19,50
190,24,False,True,False,midpoint_with_inhaler,0.41246454071714395,0.41246454071714395,19,51
190,24,False,True,False,upper_bound,0.41246454071714395,0.41246454071714395,19,52
190,24,False,True,False,upper_bound_with_inhaler,0.41246454071714395,0.41246454071714395,19,53
190,24,False,True,True,one_hot,0.41246454071714395,0.41246454071714395,19,54
190,24,False,True,True,lower_bound,0.41246454071714395,0.41246454071714395,19,55
190,24,False,True,True,midpoint,0.41246454071714395,0.41246454071714395,19,56
190,24,False,True,True,midpoint_with_inhaler,0.41246454071714395,0.41246454071714395,19,57
190,24,False,True,True,upper_bound,0.41246454071714395,0.41246454071714395,19,58
190,24,False,True,True,upper_bound_with_inhaler,0.41246454071714395,0.41246454071714395,19,59
190,24,True,False,False,one_hot,0.8392969986870468,0.8392969986870465,19,60
190,24,True,False,False,lower_bound,0.8392969986870468,0.8392969986870465,19,61
190,24,True,False,False,midpoint,0.8392969986870468,0.8392969986870461,19,62
190,24,True,False,False,midpoint_with_inhaler,0.8392969986870468,0.8392969986870461,19,63
190,24,True,False,False,upper_bound,0.8392969986870468,0.8392969986870465,19,64
190,24,True,False,False,upper_bound_with_inhaler,0.8392969986870468,0.8392969986870465,19,65
190,24,True,False,True,one_hot,0.8392969986870468,0.8392969986870465,19,66
190,24,True,False,True,lower_bound,0.8392969986870468,0.8392969986870465,19,67
190,24,True,False,True,midpoint,0.8392969986870468,0.8392969986870461,19,68
190,24,True,False,True,midpoint_with_inhaler,0.8392969986870468,0.8392969986870461,19,69
190,24,True,False,True,upper_bound,0.8392969986870468,0.8392969986870465,19,70
190,24,True,False,True,upper_bound_with_inhaler,0.8392969986870468,0.8392969986870465,19,71
190,36,False,False,False,one_hot,0.4927994134700757,0.4927994134700757,19,72
190,36,False,False,False,lower_bound,0.4927994134700757,0.4927994134700757,19,73
190,36,False,False,False,midpoint,0.4927994134700757,0.4927994134700757,19,74
190,36,False,False,False,midpoint_with_inhaler,0.4927994134700757,0.4927994134700757,19,75
190,36,False,False,False,upper_bound,0.4927994134700757,0.4927994134700757,19,76
190,36,False,False,False,upper_bound_with_inhaler,0.4927994134700757,0.4927994134700757,19,77
190,36,False,False,True,one_hot,0.4927994134700757,0.4927994134700757,19,78
190,36,False,False,True,lower_bound,0.4927994134700757,0.4927994134700757,19,79
190,36,False,False,True,midpoint,0.4927994134700757,0.4927994134700757,19,80
190,36,False,False,True,midpoint_with_inhaler,0.4927994134700757,0.4927994134700757,19,81
190,36,False,False,True,upper_bound,0.4927994134700757,0.4927994134700757,19,82
190,36,False,False,True,upper_bound_with_inhaler,0.4927994134700757,0.4927994134700757,19,83
190,36,True,False,False,one_hot,0.5125631881238468,0.5125631881238468,19,84
190,36,True,False,False,lower_bound,0.5125631881238468,0.5125631881238468,19,85
190,36,True,False,False,midpoint,0.5125631881238468,0.5125631881238467,19,86
190,36,True,False,False,midpoint_with_inhaler,0.5125631881238468,0.5125631881238467,19,87
190,36,True,False,False,upper_bound,0.5125631881238468,0.5125631881238468,19,88
190,36,True,False,False,upper_bound_with_inhaler,0.5125631881238468,0.5125631881238468,19,89
190,36,True,False,True,one_hot,0.5125631881238468,0.5125631881238468,19,90
190,36,True,False,True,lower_bound,0.5125631881238468,0.5125631881238468,19,91
190,36,True,False,True,midpoint,0.5125631881238468,0.5125631881238467,19,92
190,36,True,False,True,midpoint_with_inhaler,0.5125631881238468,0.5125631881238467,19,93
190,36,True,False,True,upper_bound,0.5125631881238468,0.5125631881238468,19,94
190,36,True,False,True,upper_bound_with_inhaler,0.5125631881238468,0.5125631881238468,19,95
190,48,False,False,False,one_hot,0.6102897852195368,0.6102897852195368,19,96
190,48,False,False,False,lower_bound,0.673575346712851,0.590907926626352,19,97
190,48,False,False,False,midpoint,0.673575346712851,0.6424587845013655,19,98
190,48,False,False,False,midpoint_with_inhaler,0.673575346712851,0.6424587845013655,19,99
190,48,False,False,False,upper_bound,0.673575346712851,0.6668771635237156,19,100
190,48,False,False,False,upper_bound_with_inhaler,0.673575346712851,0.6668771635237156,19,101
190,48,False,False,True,one_hot,0.6102897852195368,0.6102897852195368,19,102
190,48,False,False,True,lower_bound,0.673575346712851,0.590907926626352,19,103
190,48,False,False,True,midpoint,0.673575346712851,0.6424587845013655,19,104
190,48,False,False,True,midpoint_with_inhaler,0.673575346712851,0.6424587845013655,19,105
190,48,False,False,True,upper_bound,0.673575346712851,0.6668771635237156,19,106
190,48,False,False,True,upper_bound_with_inhaler,0.673575346712851,0.6668771635237156,19,107
190,48,False,True,False,one_hot,0.03582105708309529,0.03582105708309534,19,108
190,48,False,True,False,lower_bound,0.03582105708309529,0.03582105708309534,19,109
190,48,False,True,False,midpoint,0.03582105708309529,0.035821057083095256,19,110
190,48,False,True,False,midpoint_with_inhaler,0.03582105708309529,0.035821057083095256,19,111
190,48,False,True,False,upper_bound,0.03582105708309529,0.03582105708309534,19,112
190,48,False,True,False,upper_bound_with_inhaler,0.03582105708309529,0.03582105708309534,19,113
190,48,False,True,True,one_hot,0.03582105708309529,0.03582105708309534,19,114
190,48,False,True,True,lower_bound,0.03582105708309529,0.03582105708309534,19,115
190,48,False,True,True,midpoint,0.03582105708309529,0.035821057083095256,19,116
190,48,False,True,True,midpoint_with_inhaler,0.03582105708309529,0.035821057083095256,19,117
190,48,False,True,True,upper_bound,0.03582105708309529,0.03582105708309534,19,118
190,48,False,True,True,upper_bound_with_inhaler,0.03582105708309529,0.03582105708309534,19,119
190,48,True,False,False,one_hot,0.027223275822367915,0.027223275822367887,19,120
190,48,True,False,False,lower_bound,-0.07517213400367803,-0.15724591749037117,19,121
190,48,True,False,False,midpoint,-0.07517213400367803,-0.11845305509475179,19,122
190,48,True,False,False,midpoint_with_inhaler,-0.07517213400367803,-0.11845305509475179,19,123
190,48,True,False,False,upper_bound,-0.07517213400367803,-0.09118446186567017,19,124
190,48,True,False,False,upper_bound_with_inhaler,-0.07517213400367803,-0.09118446186567017,19,125
190,48,True,False,True,one_hot,0.027223275822367915,0.027223275822367887,19,126
190,48,True,False,True,lower_bound,-0.07517213400367803,-0.15724591749037117,19,127
190,48,True,False,True,midpoint,-0.07517213400367803,-0.11845305509475179,19,128
190,48,True,False,True,midpoint_with_inhaler,-0.07517213400367803,-0.11845305509475179,19,129
190,48,True,False,True,upper_bound,-0.07517213400367803,-0.09118446186567017,19,130
190,48,True,False,True,upper_bound_with_inhaler,-0.07517213400367803,-0.09118446186567017,19,131
294,12,False,False,False,one_hot,0.22172352335154563,0.22172352335154563,173,0
294,12,False,False,False,lower_bound,0.30901836145175404,0.32572917137859186,173,1
294,12,False,False,False,midpoint,0.30901836145175404,0.3332177169043733,173,2
294,12,False,False,False,midpoint_with_inhaler,0.30901836145175404,0.3332177169043733,173,3
294,12,False,False,False,upper_bound,0.30901836145175404,0.33410365432911865,173,4
294,12,False,False,False,upper_bound_with_inhaler,0.30901836145175404,0.33410365432911865,173,5
294,12,False,False,True,one_hot,0.22172352335154563,0.22172352335154563,173,6
294,12,False,False,True,lower_bound,0.30901836145175404,0.32572917137859186,173,7
294,12,False,False,True,midpoint,0.30901836145175404,0.3332177169043733,173,8
294,12,False,False,True,midpoint_with_inhaler,0.30901836145175404,0.3332177169043733,173,9
294,12,False,False,True,upper_bound,0.30901836145175404,0.33410365432911865,173,10
294,12,False,False,True,upper_bound_with_inhaler,0.30901836145175404,0.33410365432911865,173,11
294,12,False,True,False,one_hot,,,173,12
294,12,False,True,False,lower_bound,0.5206436597980213,0.469085704794558,173,13
294,12,False,True,False,midpoint,0.5206436597980213,0.49626219250389864,173,14
294,12,False,True,False,midpoint_with_inhaler,0.5206436597980213,0.49626219250389864,173,15
294,12,False,True,False,upper_bound,0.5206436597980213,0.5079523249919224,173,16
294,12,False,True,False,upper_bound_with_inhaler,0.5206436597980213,0.5079523249919224,173,17
294,12,False,True,True,one_hot,,,173,18
294,12,False,True,True,lower_bound,0.5206436597980213,0.469085704794558,173,19
294,12,False,True,True,midpoint,0.5206436597980213,0.49626219250389864,173,20
294,12,False,True,True,midpoint_with_inhaler,0.5206436597980213,0.49626219250389864,173,21
294,12,False,True,True,upper_bound,0.5206436597980213,0.5079523249919224,173,22
294,12,False,True,True,upper_bound_with_inhaler,0.5206436597980213,0.5079523249919224,173,23
294,12,True,False,False,one_hot,,,173,24
294,12,True,False,False,lower_bound,0.5204205217985741,0.4702191855823058,173,25
294,12,True,False,False,midpoint,0.5204205217985741,0.5030974215807145,173,26
294,12,True,False,False,midpoint_with_inhaler,0.5204205217985741,0.502245179622218,173,27
294,12,True,False,False,upper_bound,0.519835871980061,0.5165875194441978,173,28
294,12,True,False,False,upper_bound_with_inhaler,0.5204205217985741,0.5157793168389251,173,29
294,12,True,False,True,one_hot,,,173,30
294,12,True,False,True,lower_bound,0.5204205217985741,0.4702191855823058,173,31
294,12,True,False,True,midpoint,0.5204205217985741,0.5030974215807145,173,32
294,12,True,False,True,midpoint_with_inhaler,0.5204205217985741,0.502245179622218,173,33
294,12,True,False,True,upper_bound,0.519835871980061,0.5165875194441978,173,34
294,12,True,False,True,upper_bound_with_inhaler,0.5204205217985741,0.5157793168389251,173,35
294,24,False,False,False,one_hot,,,173,36
294,24,False,False,False,lower_bound,0.6180154011371083,0.6035036363195221,173,37
294,24,False,False,False,midpoint,0.6180154011371083,0.6078393463685579,173,38
294,24,False,False,False,midpoint_with_inhaler,0.6180154011371083,0.6116991347693226,173,39
294,24,False,False,False,upper_bound,0.6141595171922511,0.5951289918596075,173,40
294,24,False,False,False,upper_bound_with_inhaler,0.6180154011371083,0.6055273559897744,173,41
294,24,False,False,True,one_hot,,,173,42
294,24,False,False,True,lower_bound,0.6180154011371083,0.6035036363195221,173,43
294,24,False,False,True,midpoint,0.6180154011371083,0.6078393463685579,173,44
294,24,False,False,True,midpoint_with_inhaler,0.6180154011371083,0.6116991347693226,173,45
294,24,False,False,True,upper_bound,0.6141595171922511,0.5951289918596075,173,46
294,24,False,False,True,upper_bound_with_inhaler,0.6180154011371083,0.6055273559897744,173,47
294,24,False,True,False,one_hot,,,173,48
294,24,False,True,False,lower_bound,0.49997701059113875,0.47115715932672886,173,49
294,24,False,True,False,midpoint,0.49997701059113875,0.4911533928718895,173,50
294,24,False,True,False,midpoint_with_inhaler,0.49997701059113875,0.4911533928718895,173,51
294,24,False,True,False,upper_bound,0.49997701059113875,0.49967966744249753,173,52
294,24,False,True,False,upper_bound_with_inhaler,0.49997701059113875,0.49967966744249753,173,53
294,24,False,True,True,one_hot,,,173,54
294,24,False,True,True,lower_bound,0.49997701059113875,0.47115715932672886,173,55
294,24,False,True,True,midpoint,0.49997701059113875,0.4911533928718895,173,56
294,24,False,True,True,midpoint_with_inhaler,0.49997701059113875,0.4911533928718895,173,57
294,24,False,True,True,upper_bound,0.49997701059113875,0.49967966744249753,173,58
294,24,False,True,True,upper_bound_with_inhaler,0.49997701059113875,0.49967966744249753,173,59
294,24,True,False,False,one_hot,,,173,60
294,24,True,False,False,lower_bound,0.6180154011371083,0.6035036363195221,173,61
294,24,True,False,False,midpoint,0.6180154011371083,0.6078393463685579,173,62
294,24,True,False,False,midpoint_with_inhaler,0.6180154011371083,0.6116991347693226,173,63
294,24,True,False,False,upper_bound,0.6141595171922511,0.5951289918596075,173,64
294,24,True,False,False,upper_bound_with_inhaler,0.6180154011371083,0.6055273559897744,173,65
294,24,True,False,True,one_hot,,,173,66
294,24,True,False,True,lower_bound,0.6180154011371083,0.6035036363195221,173,67
294,24,True,False,True,midpoint,0.6180154011371083,0.6078393463685579,173,68
294,24,True,False,True,midpoint_with_inhaler,0.6180154011371083,0.6116991347693226,173,69
294,24,True,False,True,upper_bound,0.6141595171922511,0.5951289918596075,173,70
294,24,True,False,True,upper_bound_with_inhaler,0.6180154011371083,0.6055273559897744,173,71
294,36,False,False,False,one_hot,,,173,72
294,36,False,False,False,lower_bound,0.5027975775639439,0.499706198212838,173,73
294,36,False,False,False,midpoint,0.5027975775639439,0.5066498557196113,173,74
294,36,False,False,False,midpoint_with_inhaler,0.5027975775639439,0.5181730685266701,173,75
294,36,False,False,False,upper_bound,0.46019117694448003,0.4906358981740682,173,76
294,36,False,False,False,upper_bound_with_inhaler,0.5027975775639439,0.5097839868908751,173,77
294,36,False,False,True,one_hot,,,173,78
294,36,False,False,True,lower_bound,0.5027975775639439,0.499706198212838,173,79
294,36,False,False,True,midpoint,0.5027975775639439,0.5066498557196113,173,80
294,36,False,False,True,midpoint_with_inhaler,0.5027975775639439,0.5181730685266701,173,81
294,36,False,False,True,upper_bound,0.46019117694448003,0.4906358981740682,173,82
294,36,False,False,True,upper_bound_with_inhaler,0.5027975775639439,0.5097839868908751,173,83
294,36,True,False,False,one_hot,,,173,84
294,36,True,False,False,lower_bound,0.43242514220846834,0.41700620844541936,173,85
294,36,True,False,False,midpoint,0.43242514220846834,0.42948574190417327,173,86
294,36,True,False,False,midpoint_with_inhaler,0.43242514220846834,0.43157143737010506,173,87
294,36,True,False,False,upper_bound,0.4297575335479367,0.43571154420247904,173,88
294,36,True,False,False,upper_bound_with_inhaler,0.43242514220846834,0.4425831381248136,173,89
294,36,True,False,True,one_hot,,,173,90
294,36,True,False,True,lower_bound,0.43242514220846834,0.41700620844541936,173,91
294,36,True,False,True,midpoint,0.43242514220846834,0.42948574190417327,173,92
294,36,True,False,True,midpoint_with_inhaler,0.43242514220846834,0.43157143737010506,173,93
294,36,True,False,True,upper_bound,0.4297575335479367,0.43571154420247904,173,94
294,36,True,False,True,upper_bound_with_inhaler,0.43242514220846834,0.4425831381248136,173,95
294,48,False,False,False,one_hot,,,173,96
294,48,False,False,False,lower_bound,0.7219399709555444,0.699796339862266,173,97
294,48,False,False,False,midpoint,0.7219399709555444,0.6768697389907364,173,98
294,48,False,False,False,midpoint_with_inhaler,0.7219399709555444,0.7166725868180028,173,99
294,48,False,False,False,upper_bound,0.6303983517058281,0.5941952866510555,173,100
294,48,False,False,False,upper_bound_with_inhaler,0.7219399709555444,0.690156126169793,173,101
294,48,False,False,True,one_hot,,,173,102
294,48,False,False,True,lower_bound,0.7219399709555444,0.699796339862266,173,103
294,48,False,False,True,midpoint,0.7219399709555444,0.6768697389907364,173,104
294,48,False,False,True,midpoint_with_inhaler,0.7219399709555444,0.7166725868180028,173,105
294,48,False,False,True,upper_bound,0.6303983517058281,0.5941952866510555,173,106
294,48,False,False,True,upper_bound_with_inhaler,0.7219399709555444,0.690156126169793,173,107
294,48,False,True,False,one_hot,,,173,108
294,48,False,True,False,lower_bound,0.3488475327146832,0.35474214000619525,173,109
294,48,False,True,False,midpoint,0.3488475327146832,0.35942189378765543,173,110
294,48,False,True,False,midpoint_with_inhaler,0.3488475327146832,0.35942189378765543,173,111
294,48,False,True,False,upper_bound,0.3488475327146832,0.3568575387361839,173,112
294,48,False,True,False,upper_bound_with_inhaler,0.3488475327146832,0.3568575387361839,173,113
294,48,False,True,True,one_hot,,,173,114
294,48,False,True,True,lower_bound,0.3488475327146832,0.35474214000619525,173,115
294,48,False,True,True,midpoint,0.3488475327146832,0.35942189378765543,173,116
294,48,False,True,True,midpoint_with_inhaler,0.3488475327146832,0.35942189378765543,173,117
294,48,False,True,True,upper_bound,0.3488475327146832,0.3568575387361839,173,118
294,48,False,True,True,upper_bound_with_inhaler,0.3488475327146832,0.3568575387361839,173,119
294,48,True,False,False,one_hot,,,173,120
294,48,True,False,False,lower_bound,0.3958906605373167,0.3673034779720911,173,121
294,48,True,False,False,midpoint,0.3958906605373167,0.39228537155621207,173,122
294,48,True,False,False,midpoint_with_inhaler,0.3958906605373167,0.39007362209859386,173,123
294,48,True,False,False,upper_bound,0.39493030535298984,0.3981609234438419,173,124
294,48,True,False,False,upper_bound_with_inhaler,0.3958906605373167,0.39904143128653424,173,125
294,48,True,False,True,one_hot,,,173,126
294,48,True,False,True,lower_bound,0.3958906605373167,0.3673034779720911,173,127
294,48,True,False,True,midpoint,0.3958906605373167,0.39228537155621207,173,128
294,48,True,False,True,midpoint_with_inhaler,0.3958906605373167,0.39007362209859386,173,129
294,48,True,False,True,upper_bound,0.39493030535298984,0.3981609234438419,173,130
294,48,True,False,True,upper_bound_with_inhaler,0.3958906605373167,0.39904143128653424,173,131
328,12,False,False,False,one_hot,0.4678194397177004,0.46781943971770057,17,0
328,12,False,False,False,lower_bound,0.4071367486065829,0.10916362267706378,17,1
328,12,False,False,False,midpoint,0.4071367486065829,0.13815190612589662,17,2
328,12,False,False,False,midpoint_with_inhaler,0.4071367486065829,0.13815190612589662,17,3
328,12,False,False,False,upper_bound,0.4071367486065829,0.15566111481842884,17,4
328,12,False,False,False,upper_bound_with_inhaler,0.4071367486065829,0.15566111481842884,17,5
328,12,False,False,True,one_hot,0.4678194397177004,0.46781943971770057,17,6
328,12,False,False,True,lower_bound,0.4071367486065829,0.10916362267706378,17,7
328,12,False,False,True,midpoint,0.4071367486065829,0.13815190612589662,17,8
328,12,False,False,True,midpoint_with_inhaler,0.4071367486065829,0.13815190612589662,17,9
328,12,False,False,True,upper_bound,0.4071367486065829,0.15566111481842884,17,10
328,12,False,False,True,upper_bound_with_inhaler,0.4071367486065829,0.15566111481842884,17,11
328,12,False,True,False,one_hot,0.40861767640633306,0.40861767640633306,17,12
328,12,False,True,False,lower_bound,0.35030968983465455,0.09154194364805601,17,13
328,12,False,True,False,midpoint,0.35030968983465455,0.11810949303390353,17,14
328,12,False,True,False,midpoint_with_inhaler,0.35030968983465455,0.11810949303390353,17,15
328,12,False,True,False,upper_bound,0.35030968983465455,0.13413199329733966,17,16
328,12,False,True,False,upper_bound_with_inhaler,0.35030968983465455,0.13413199329733966,17,17
328,12,False,True,True,one_hot,0.40861767640633306,0.40861767640633306,17,18
328,12,False,True,True,lower_bound,0.35030968983465455,0.09154194364805601,17,19
328,12,False,True,True,midpoint,0.35030968983465455,0.11810949303390353,17,20
328,12,False,True,True,midpoint_with_inhaler,0.35030968983465455,0.11810949303390353,17,21
328,12,False,True,True,upper_bound,0.35030968983465455,0.13413199329733966,17,22
328,12,False,True,True,upper_bound_with_inhaler,0.35030968983465455,0.13413199329733966,17,23
328,12,True,False,False,one_hot,0.240218647289261,0.24021864728926104,17,24
328,12,True,False,False,lower_bound,0.17932811819187108,0.01935524161901022,17,25
328,12,True,False,False,midpoint,0.17932811819187108,0.036977908442580955,17,26
328,12,True,False,False,midpoint_with_inhaler,0.17932811819187108,0.036977908442580955,17,27
328,12,True,False,False,upper_bound,0.17932811819187108,0.047777311743107176,17,28
328,12,True,False,False,upper_bound_with_inhaler,0.17932811819187108,0.047777311743107176,17,29
328,12,True,False,True,one_hot,0.240218647289261,0.24021864728926104,17,30
328,12,True,False,True,lower_bound,0.17932811819187108,0.01935524161901022,17,31
328,12,True,False,True,midpoint,0.17932811819187108,0.036977908442580955,17,32
328,12,True,False,True,midpoint_with_inhaler,0.17932811819187108,0.036977908442580955,17,33
328,12,True,False,True,upper_bound,0.17932811819187108,0.047777311743107176,17,34
328,12,True,False,True,upper_bound_with_inhaler,0.17932811819187108,0.047777311743107176,17,35
328,24,False,False,False,one_hot,0.2765186331416562,0.27651863314165614,17,36
328,24,False,False,False,lower_bound,0.21784802012063625,0.037984577698886426,17,37
328,24,False,False,False,midpoint,0.21784802012063625,0.05786730990049289,17,38
328,24,False,False,False,midpoint_with_inhaler,0.21784802012063625,0.05786730990049289,17,39
328,24,False,False,False,upper_bound,0.21784802012063625,0.06995692902927211,17,40
328,24,False,False,False,upper_bound_with_inhaler,0.21784802012063625,0.06995692902927211,17,41
328,24,False,False,True,one_hot,0.2765186331416562,0.27651863314165614,17,42
328,24,False,False,True,lower_bound,0.21784802012063625,0.037984577698886426,17,43
328,24,False,False,True,midpoint,0.21784802012063625,0.05786730990049289,17,44
328,24,False,False,True,midpoint_with_inhaler,0.21784802012063625,0.05786730990049289,17,45
328,24,False,False,True,upper_bound,0.21784802012063625,0.06995692902927211,17,46
328,24,False,False,True,upper_bound_with_inhaler,0.21784802012063625,0.06995692902927211,17,47
328,24,False,True,False,one_hot,-0.06555913024741905,-0.06555913024741908,17,48
328,24,False,True,False,lower_bound,-0.06555913024741905,-0.06555913024741908,17,49
328,24,False,True,False,midpoint,-0.06555913024741905,-0.06555913024741905,17,50
328,24,False,True,False,midpoint_with_inhaler,-0.06555913024741905,-0.06555913024741905,17,51
328,24,False,True,False,upper_bound,-0.06555913024741905,-0.06555913024741908,17,52
328,24,False,True,False,upper_bound_with_inhaler,-0.06555913024741905,-0.06555913024741908,17,53
328,24,False,True,True,one_hot,-0.06555913024741905,-0.06555913024741908,17,54
328,24,False,True,True,lower_bound,-0.06555913024741905,-0.06555913024741908,17,55
328,24,False,True,True,midpoint,-0.06555913024741905,-0.06555913024741905,17,56
328,24,False,True,True,midpoint_with_inhaler,-0.06555913024741905,-0.06555913024741905,17,57
328,24,False,True,True,upper_bound,-0.06555913024741905,-0.06555913024741908,17,58
328,24,False,True,True,upper_bound_with_inhaler,-0.06555913024741905,-0.06555913024741908,17,59
328,24,True,False,False,one_hot,0.2765186331416562,0.27651863314165614,17,60
328,24,True,False,False,lower_bound,0.21784802012063625,0.037984577698886426,17,61
328,24,True,False,False,midpoint,0.21784802012063625,0.05786730990049289,17,62
328,24,True,False,False,midpoint_with_inhaler,0.21784802012063625,0.05786730990049289,17,63
328,24,True,False,False,upper_bound,0.21784802012063625,0.06995692902927211,17,64
328,24,True,False,False,upper_bound_with_inhaler,0.21784802012063625,0.06995692902927211,17,65
328,24,True,False,True,one_hot,0.2765186331416562,0.27651863314165614,17,66
328,24,True,False,True,lower_bound,0.21784802012063625,0.037984577698886426,17,67
328,24,True,False,True,midpoint,0.21784802012063625,0.05786730990049289,17,68
328,24,True,False,True,midpoint_with_inhaler,0.21784802012063625,0.05786730990049289,17,69
328,24,True,False,True,upper_bound,0.21784802012063625,0.06995692902927211,17,70
328,24,True,False,True,upper_bound_with_inhaler,0.21784802012063625,0.06995692902927211,17,71
328,36,False,False,False,one_hot,0.2765186331416562,0.27651863314165614,17,72
328,36,False,False,False,lower_bound,0.21784802012063625,0.03798457769888641,17,73
328,36,False,False,False,midpoint,0.21784802012063625,0.057867309900492866,17,74
328,36,False,False,False,midpoint_with_inhaler,0.21784802012063625,0.057867309900492866,17,75
328,36,False,False,False,upper_bound,0.21784802012063625,0.06995692902927211,17,76
328,36,False,False,False,upper_bound_with_inhaler,0.21784802012063625,0.06995692902927211,17,77
328,36,False,False,True,one_hot,0.2765186331416562,0.27651863314165614,17,78
328,36,False,False,True,lower_bound,0.21784802012063625,0.03798457769888641,17,79
328,36,False,False,True,midpoint,0.21784802012063625,0.057867309900492866,17,80
328,36,False,False,True,midpoint_with_inhaler,0.21784802012063625,0.057867309900492866,17,81
328,36,False,False,True,upper_bound,0.21784802012063625,0.06995692902927211,17,82
328,36,False,False,True,upper_bound_with_inhaler,0.21784802012063625,0.06995692902927211,17,83
328,36,True,False,False,one_hot,-0.021519895527224695,-0.021519895527224643,17,84
328,36,True,False,False,lower_bound,-0.021519895527224695,-0.021519895527224643,17,85
328,36,True,False,False,midpoint,-0.021519895527224695,-0.021519895527224726,17,86
328,36,True,False,False,midpoint_with_inhaler,-0.021519895527224695,-0.021519895527224726,17,87
328,36,True,False,False,upper_bound,-0.021519895527224695,-0.021519895527224643,17,88
328,36,True,False,False,upper_bound_with_inhaler,-0.021519895527224695,-0.021519895527224643,17,89
328,36,True,False,True,one_hot,-0.021519895527224695,-0.021519895527224643,17,90
328,36,True,False,True,lower_bound,-0.021519895527224695,-0.021519895527224643,17,91
328,36,True,False,True,midpoint,-0.021519895527224695,-0.021519895527224726,17,92
328,36,True,False,True,midpoint_with_inhaler,-0.021519895527224695,-0.021519895527224726,17,93
328,36,True,False,True,upper_bound,-0.021519895527224695,-0.021519895527224643,17,94
328,36,True,False,True,upper_bound_with_inhaler,-0.021519895527224695,-0.021519895527224643,17,95
328,48,False,False,False,one_hot,0.17066884146429798,0.17066884146429792,17,96
328,48,False,False,False,lower_bound,0.10093485547943642,-0.020351732571978642,17,97
328,48,False,False,False,midpoint,0.10093485547943642,-0.007860543813804593,17,98
328,48,False,False,False,midpoint_with_inhaler,0.10093485547943642,-0.007860543813804593,17,99
328,48,False,False,False,upper_bound,0.10093485547943642,3.469446951953614e-18,17,100
328,48,False,False,False,upper_bound_with_inhaler,0.10093485547943642,3.469446951953614e-18,17,101
328,48,False,False,True,one_hot,0.17066884146429798,0.17066884146429792,17,102
328,48,False,False,True,lower_bound,0.10093485547943642,-0.020351732571978642,17,103
328,48,False,False,True,midpoint,0.10093485547943642,-0.007860543813804593,17,104
328,48,False,False,True,midpoint_with_inhaler,0.10093485547943642,-0.007860543813804593,17,105
328,48,False,False,True,upper_bound,0.10093485547943642,3.469446951953614e-18,17,106
328,48,False,False,True,upper_bound_with_inhaler,0.10093485547943642,3.469446951953614e-18,17,107
328,48,False,True,False,one_hot,0.021519895527224695,0.02151989552722467,17,108
328,48,False,True,False,lower_bound,0.021519895527224695,0.02151989552722467,17,109
328,48,False,True,False,midpoint,0.021519895527224695,0.0215198955272247,17,110
328,48,False,True,False,midpoint_with_inhaler,0.021519895527224695,0.0215198955272247,17,111
328,48,False,True,False,upper_bound,0.021519895527224695,0.02151989552722467,17,112
328,48,False,True,False,upper_bound_with_inhaler,0.021519895527224695,0.02151989552722467,17,113
328,48,False,True,True,one_hot,0.021519895527224695,0.02151989552722467,17,114
328,48,False,True,True,lower_bound,0.021519895527224695,0.02151989552722467,17,115
328,48,False,True,True,midpoint,0.021519895527224695,0.0215198955272247,17,116
328,48,False,True,True,midpoint_with_inhaler,0.021519895527224695,0.0215198955272247,17,117
328,48,False,True,True,upper_bound,0.021519895527224695,0.02151989552722467,17,118
328,48,False,True,True,upper_bound_with_inhaler,0.021519895527224695,0.02151989552722467,17,119
328,48,True,False,False,one_hot,0.40861767640633306,0.40861767640633306,17,120
328,48,True,False,False,lower_bound,0.40861767640633306,0.40861767640633306,17,121
328,48,True,False,False,midpoint,0.40861767640633306,0.40861767640633306,17,122
328,48,True,False,False,midpoint_with_inhaler,0.40861767640633306,0.40861767640633306,17,123
328,48,True,False,False,upper_bound,0.40861767640633306,0.40861767640633306,17,124
328,48,True,False,False,upper_bound_with_inhaler,0.40861767640633306,0.40861767640633306,17,125
328,48,True,False,True,one_hot,0.40861767640633306,0.40861767640633306,17,126
328,48,True,False,True,lower_bound,0.40861767640633306,0.40861767640633306,17,127
328,48,True,False,True,midpoint,0.40861767640633306,0.40861767640633306,17,128
328,48,True,False,True,midpoint_with_inhaler,0.40861767640633306,0.40861767640633306,17,129
328,48,True,False,True,upper_bound,0.40861767640633306,0.40861767640633306,17,130
328,48,True,False,True,upper_bound_with_inhaler,0.40861767640633306,0.40861767640633306,17,131
343,12,False,False,False,one_hot,0.407158295890185,0.40715829589018504,93,0
343,12,False,False,False,lower_bound,0.407158295890185,0.40715829589018504,93,1
343,12,False,False,False,midpoint,0.407158295890185,0.407158295890185,93,2
343,12,False,False,False,midpoint_with_inhaler,0.407158295890185,0.407158295890185,93,3
343,12,False,False,False,upper_bound,0.407158295890185,0.40715829589018504,93,4
343,12,False,False,False,upper_bound_with_inhaler,0.407158295890185,0.40715829589018504,93,5
343,12,False,False,True,one_hot,0.407158295890185,0.40715829589018504,93,6
343,12,False,False,True,lower_bound,0.407158295890185,0.40715829589018504,93,7
343,12,False,False,True,midpoint,0.407158295890185,0.407158295890185,93,8
343,12,False,False,True,midpoint_with_inhaler,0.407158295890185,0.407158295890185,93,9
343,12,False,False,True,upper_bound,0.407158295890185,0.40715829589018504,93,10
343,12,False,False,True,upper_bound_with_inhaler,0.407158295890185,0.40715829589018504,93,11
343,12,False,True,False,one_hot,0.7069638949614253,0.7069638949614258,93,12
343,12,False,True,False,lower_bound,0.7069638949614253,0.7069638949614258,93,13
343,12,False,True,False,midpoint,0.7069638949614253,0.7069638949614253,93,14
343,12,False,True,False,midpoint_with_inhaler,0.7069638949614253,0.7069638949614253,93,15
343,12,False,True,False,upper_bound,0.7069638949614253,0.7069638949614258,93,16
343,12,False,True,False,upper_bound_with_inhaler,0.7069638949614253,0.7069638949614258,93,17
343,12,False,True,True,one_hot,0.7069638949614253,0.7069638949614258,93,18
343,12,False,True,True,lower_bound,0.7069638949614253,0.7069638949614258,93,19
343,12,False,True,True,midpoint,0.7069638949614253,0.7069638949614253,93,20
343,12,False,True,True,midpoint_with_inhaler,0.7069638949614253,0.7069638949614253,93,21
343,12,False,True,True,upper_bound,0.7069638949614253,0.7069638949614258,93,22
343,12,False,True,True,upper_bound_with_inhaler,0.7069638949614253,0.7069638949614258,93,23
343,12,True,False,False,one_hot,0.5482627788240598,0.5482627788240598,93,24
343,12,True,False,False,lower_bound,0.5482627788240598,0.5482627788240598,93,25
343,12,True,False,False,midpoint,0.5482627788240598,0.5482627788240598,93,26
343,12,True,False,False,midpoint_with_inhaler,0.5482627788240598,0.5482627788240598,93,27
343,12,True,False,False,upper_bound,0.5482627788240598,0.5482627788240598,93,28
343,12,True,False,False,upper_bound_with_inhaler,0.5482627788240598,0.5482627788240598,93,29
343,12,True,False,True,one_hot,0.5482627788240598,0.5482627788240598,93,30
343,12,True,False,True,lower_bound,0.5482627788240598,0.5482627788240598,93,31
343,12,True,False,True,midpoint,0.5482627788240598,0.5482627788240598,93,32
343,12,True,False,True,midpoint_with_inhaler,0.5482627788240598,0.5482627788240598,93,33
343,12,True,False,True,upper_bound,0.5482627788240598,0.5482627788240598,93,34
343,12,True,False,True,upper_bound_with_inhaler,0.5482627788240598,0.5482627788240598,93,35
343,24,False,False,False,one_hot,0.3665694010627596,0.3665694010627596,93,36
343,24,False,False,False,lower_bound,0.37813041893953736,0.3982172282843359,93,37
343,24,False,False,False,midpoint,0.37813041893953736,0.3951241465963605,93,38
343,24,False,False,False,midpoint_with_inhaler,0.37813041893953736,0.3951241465963605,93,39
343,24,False,False,False,upper_bound,0.37813041893953736,0.3910364622200565,93,40
343,24,False,False,False,upper_bound_with_inhaler,0.37813041893953736,0.3910364622200565,93,41
343,24,False,False,True,one_hot,0.3665694010627596,0.3665694010627596,93,42
343,24,False,False,True,lower_bound,0.37813041893953736,0.3982172282843359,93,43
343,24,False,False,True,midpoint,0.37813041893953736,0.3951241465963605,93,44
343,24,False,False,True,midpoint_with_inhaler,0.37813041893953736,0.3951241465963605,93,45
343,24,False,False,True,upper_bound,0.37813041893953736,0.3910364622200565,93,46
343,24,False,False,True,upper_bound_with_inhaler,0.37813041893953736,0.3910364622200565,93,47
343,24,False,True,False,one_hot,0.3057295903020169,0.30572959030201696,93,48
343,24,False,True,False,lower_bound,0.3057295903020169,0.30572959030201696,93,49
343,24,False,True,False,midpoint,0.3057295903020169,0.3057295903020169,93,50
343,24,False,True,False,midpoint_with_inhaler,0.3057295903020169,0.3057295903020169,93,51
343,24,False,True,False,upper_bound,0.3057295903020169,0.30572959030201696,93,52
343,24,False,True,False,upper_bound_with_inhaler,0.3057295903020169,0.30572959030201696,93,53
343,24,False,True,True,one_hot,0.3057295903020169,0.30572959030201696,93,54
343,24,False,True,True,lower_bound,0.3057295903020169,0.30572959030201696,93,55
343,24,False,True,True,midpoint,0.3057295903020169,0.3057295903020169,93,56
343,24,False,True,True,midpoint_with_inhaler,0.3057295903020169,0.3057295903020169,93,57
343,24,False,True,True,upper_bound,0.3057295903020169,0.30572959030201696,93,58
343,24,False,True,True,upper_bound_with_inhaler,0.3057295903020169,0.30572959030201696,93,59
343,24,True,False,False,one_hot,0.3665694010627596,0.3665694010627596,93,60
343,24,True,False,False,lower_bound,0.37813041893953736,0.3982172282843359,93,61
343,24,True,False,False,midpoint,0.37813041893953736,0.3951241465963605,93,62
343,24,True,False,False,midpoint_with_inhaler,0.37813041893953736,0.3951241465963605,93,63
343,24,True,False,False,upper_bound,0.37813041893953736,0.3910364622200565,93,64
343,24,True,False,False,upper_bound_with_inhaler,0.37813041893953736,0.3910364622200565,93,65
343,24,True,False,True,one_hot,0.3665694010627596,0.3665694010627596,93,66
343,24,True,False,True,lower_bound,0.37813041893953736,0.3982172282843359,93,67
343,24,True,False,True,midpoint,0.37813041893953736,0.3951241465963605,93,68
343,24,True,False,True,midpoint_with_inhaler,0.37813041893953736,0.3951241465963605,93,69
343,24,True,False,True,upper_bound,0.37813041893953736,0.3910364622200565,93,70
343,24,True,False,True,upper_bound_with_inhaler,0.37813041893953736,0.3910364622200565,93,71
343,36,False,False,False,one_hot,0.3634695387262247,0.3634695387262247,93,72
343,36,False,False,False,lower_bound,0.379307193956999,0.3998324124286838,93,73
343,36,False,False,False,midpoint,0.379307193956999,0.3950265610895311,93,74
343,36,False,False,False,midpoint_with_inhaler,0.379307193956999,0.3950265610895311,93,75
343,36,False,False,False,upper_bound,0.379307193956999,0.3900691336494906,93,76
343,36,False,False,False,upper_bound_with_inhaler,0.379307193956999,0.3900691336494906,93,77
343,36,False,False,True,one_hot,0.3634695387262247,0.3634695387262247,93,78
343,36,False,False,True,lower_bound,0.379307193956999,0.3998324124286838,93,79
343,36,False,False,True,midpoint,0.379307193956999,0.3950265610895311,93,80
343,36,False,False,True,midpoint_with_inhaler,0.379307193956999,0.3950265610895311,93,81
343,36,False,False,True,upper_bound,0.379307193956999,0.3900691336494906,93,82
343,36,False,False,True,upper_bound_with_inhaler,0.379307193956999,0.3900691336494906,93,83
343,36,True,False,False,one_hot,0.23009233267981366,0.23009233267981372,93,84
343,36,True,False,False,lower_bound,0.23009233267981366,0.23009233267981372,93,85
343,36,True,False,False,midpoint,0.23009233267981366,0.23009233267981366,93,86
343,36,True,False,False,midpoint_with_inhaler,0.23009233267981366,0.23009233267981366,93,87
343,36,True,False,False,upper_bound,0.23009233267981366,0.23009233267981372,93,88
343,36,True,False,False,upper_bound_with_inhaler,0.23009233267981366,0.23009233267981372,93,89
343,36,True,False,True,one_hot,0.23009233267981366,0.23009233267981372,93,90
343,36,True,False,True,lower_bound,0.23009233267981366,0.23009233267981372,93,91
343,36,True,False,True,midpoint,0.23009233267981366,0.23009233267981366,93,92
343,36,True,False,True,midpoint_with_inhaler,0.23009233267981366,0.23009233267981366,93,93
343,36,True,False,True,upper_bound,0.23009233267981366,0.23009233267981372,93,94
343,36,True,False,True,upper_bound_with_inhaler,0.23009233267981366,0.23009233267981372,93,95
343,48,False,False,False,one_hot,0.2149765327164126,0.21497653271641265,93,96
343,48,False,False,False,lower_bound,0.2225371328517359,0.22012497701434916,93,97
343,48,False,False,False,midpoint,0.2225371328517359,0.2243174353504485,93,98
343,48,False,False,False,midpoint_with_inhaler,0.2225371328517359,0.2243174353504485,93,99
343,48,False,False,False,upper_bound,0.2225371328517359,0.2246705623599818,93,100
343,48,False,False,False,upper_bound_with_inhaler,0.2225371328517359,0.2246705623599818,93,101
343,48,False,False,True,one_hot,0.2149765327164126,0.21497653271641265,93,102
343,48,False,False,True,lower_bound,0.2225371328517359,0.22012497701434916,93,103
343,48,False,False,True,midpoint,0.2225371328517359,0.2243174353504485,93,104
343,48,False,False,True,midpoint_with_inhaler,0.2225371328517359,0.2243174353504485,93,105
343,48,False,False,True,upper_bound,0.2225371328517359,0.2246705623599818,93,106
343,48,False,False,True,upper_bound_with_inhaler,0.2225371328517359,0.2246705623599818,93,107
343,48,False,True,False,one_hot,0.03579809731259289,0.035798097312592946,93,108
343,48,False,True,False,lower_bound,0.03579809731259289,0.035798097312592946,93,109
343,48,False,True,False,midpoint,0.03579809731259289,0.03579809731259289,93,110
343,48,False,True,False,midpoint_with_inhaler,0.03579809731259289,0.03579809731259289,93,111
343,48,False,True,False,upper_bound,0.03579809731259289,0.035798097312592946,93,112
343,48,False,True,False,upper_bound_with_inhaler,0.03579809731259289,0.035798097312592946,93,113
343,48,False,True,True,one_hot,0.03579809731259289,0.035798097312592946,93,114
343,48,False,True,True,lower_bound,0.03579809731259289,0.035798097312592946,93,115
343,48,False,True,True,midpoint,0.03579809731259289,0.03579809731259289,93,116
343,48,False,True,True,midpoint_with_inhaler,0.03579809731259289,0.03579809731259289,93,117
343,48,False,True,True,upper_bound,0.03579809731259289,0.035798097312592946,93,118
343,48,False,True,True,upper_bound_with_inhaler,0.03579809731259289,0.035798097312592946,93,119
343,48,True,False,False,one_hot,0.1301579935428358,0.13015799354283597,93,120
343,48,True,False,False,lower_bound,0.12399602811111009,0.09119551627214581,93,121
343,48,True,False,False,midpoint,0.12399602811111009,0.10463406329128712,93,122
343,48,True,False,False,midpoint_with_inhaler,0.12399602811111009,0.10463406329128712,93,123
343,48,True,False,False,upper_bound,0.12399602811111009,0.11136549760874694,93,124
343,48,True,False,False,upper_bound_with_inhaler,0.12399602811111009,0.11136549760874694,93,125
343,48,True,False,True,one_hot,0.1301579935428358,0.13015799354283597,93,126
343,48,True,False,True,lower_bound,0.12399602811111009,0.09119551627214581,93,127
343,48,True,False,True,midpoint,0.12399602811111009,0.10463406329128712,93,128
343,48,True,False,True,midpoint_with_inhaler,0.12399602811111009,0.10463406329128712,93,129
343,48,True,False,True,upper_bound,0.12399602811111009,0.11136549760874694,93,130
343,48,True,False,True,upper_bound_with_inhaler,0.12399602811111009,0.11136549760874694,93,131
398,12,False,False,False,one_hot,0.49332224920885026,0.49332224920885026,25,0
398,12,False,False,False,lower_bound,0.49332224920885026,0.49332224920885026,25,1
398,12,False,False,False,midpoint,0.49332224920885026,0.49332224920885015,25,2
398,12,False,False,False,midpoint_with_inhaler,0.49332224920885026,0.49332224920885015,25,3
398,12,False,False,False,upper_bound,0.49332224920885026,0.49332224920885026,25,4
398,12,False,False,False,upper_bound_with_inhaler,0.49332224920885026,0.49332224920885026,25,5
398,12,False,False,True,one_hot,0.49332224920885026,0.49332224920885026,25,6
398,12,False,False,True,lower_bound,0.49332224920885026,0.49332224920885026,25,7
398,12,False,False,True,midpoint,0.49332224920885026,0.49332224920885015,25,8
398,12,False,False,True,midpoint_with_inhaler,0.49332224920885026,0.49332224920885015,25,9
398,12,False,False,True,upper_bound,0.49332224920885026,0.49332224920885026,25,10
398,12,False,False,True,upper_bound_with_inhaler,0.49332224920885026,0.49332224920885026,25,11
398,12,False,True,False,one_hot,0.054608690911020066,0.054608690911020066,25,12
398,12,False,True,False,lower_bound,0.054608690911020066,0.054608690911020066,25,13
398,12,False,True,False,midpoint,0.054608690911020066,0.054608690911020066,25,14
398,12,False,True,False,midpoint_with_inhaler,0.054608690911020066,0.054608690911020066,25,15
398,12,False,True,False,upper_bound,0.054608690911020066,0.054608690911020066,25,16
398,12,False,True,False,upper_bound_with_inhaler,0.054608690911020066,0.054608690911020066,25,17
398,12,False,True,True,one_hot,0.054608690911020066,0.054608690911020066,25,18
398,12,False,True,True,lower_bound,0.054608690911020066,0.054608690911020066,25,19
398,12,False,True,True,midpoint,0.054608690911020066,0.054608690911020066,25,20
398,12,False,True,True,midpoint_with_inhaler,0.054608690911020066,0.054608690911020066,25,21
398,12,False,True,True,upper_bound,0.054608690911020066,0.054608690911020066,25,22
398,12,False,True,True,upper_bound_with_inhaler,0.054608690911020066,0.054608690911020066,25,23
398,12,True,False,False,one_hot,0.21719646730288525,0.21719646730288525,25,24
398,12,True,False,False,lower_bound,0.21719646730288525,0.21719646730288525,25,25
398,12,True,False,False,midpoint,0.21719646730288525,0.21719646730288522,25,26
398,12,True,False,False,midpoint_with_inhaler,0.21719646730288525,0.21719646730288522,25,27
398,12,True,False,False,upper_bound,0.21719646730288525,0.21719646730288525,25,28
398,12,True,False,False,upper_bound_with_inhaler,0.21719646730288525,0.21719646730288525,25,29
398,12,True,False,True,one_hot,0.21719646730288525,0.21719646730288525,25,30
398,12,True,False,True,lower_bound,0.21719646730288525,0.21719646730288525,25,31
398,12,True,False,True,midpoint,0.21719646730288525,0.21719646730288522,25,32
398,12,True,False,True,midpoint_with_inhaler,0.21719646730288525,0.21719646730288522,25,33
398,12,True,False,True,upper_bound,0.21719646730288525,0.21719646730288525,25,34
398,12,True,False,True,upper_bound_with_inhaler,0.21719646730288525,0.21719646730288525,25,35
398,24,False,False,False,one_hot,0.49332224920885037,0.49332224920885015,25,36
398,24,False,False,False,lower_bound,0.49332224920885037,0.49332224920885015,25,37
398,24,False,False,False,midpoint,0.49332224920885037,0.49332224920885015,25,38
398,24,False,False,False,midpoint_with_inhaler,0.49332224920885037,0.49332224920885015,25,39
398,24,False,False,False,upper_bound,0.49332224920885037,0.49332224920885015,25,40
398,24,False,False,False,upper_bound_with_inhaler,0.49332224920885037,0.49332224920885015,25,41
398,24,False,False,True,one_hot,0.49332224920885037,0.49332224920885015,25,42
398,24,False,False,True,lower_bound,0.49332224920885037,0.49332224920885015,25,43
398,24,False,False,True,midpoint,0.49332224920885037,0.49332224920885015,25,44
398,24,False,False,True,midpoint_with_inhaler,0.49332224920885037,0.49332224920885015,25,45
398,24,False,False,True,upper_bound,0.49332224920885037,0.49332224920885015,25,46
398,24,False,False,True,upper_bound_with_inhaler,0.49332224920885037,0.49332224920885015,25,47
398,24,False,True,False,one_hot,0.3398313641010904,0.3398313641010904,25,48
398,24,False,True,False,lower_bound,0.3398313641010904,0.3398313641010904,25,49
398,24,False,True,False,midpoint,0.3398313641010904,0.3398313641010904,25,50
398,24,False,True,False,midpoint_with_inhaler,0.3398313641010904,0.3398313641010904,25,51
398,24,False,True,False,upper_bound,0.3398313641010904,0.3398313641010904,25,52
398,24,False,True,False,upper_bound_with_inhaler,0.3398313641010904,0.3398313641010904,25,53
398,24,False,True,True,one_hot,0.3398313641010904,0.3398313641010904,25,54
398,24,False,True,True,lower_bound,0.3398313641010904,0.3398313641010904,25,55
398,24,False,True,True,midpoint,0.3398313641010904,0.3398313641010904,25,56
398,24,False,True,True,midpoint_with_inhaler,0.3398313641010904,0.3398313641010904,25,57
398,24,False,True,True,upper_bound,0.3398313641010904,0.3398313641010904,25,58
398,24,False,True,True,upper_bound_with_inhaler,0.3398313641010904,0.3398313641010904,25,59
398,24,True,False,False,one_hot,0.49332224920885037,0.49332224920885015,25,60
398,24,True,False,False,lower_bound,0.49332224920885037,0.49332224920885015,25,61
398,24,True,False,False,midpoint,0.49332224920885037,0.49332224920885015,25,62
398,24,True,False,False,midpoint_with_inhaler,0.49332224920885037,0.49332224920885015,25,63
398,24,True,False,False,upper_bound,0.49332224920885037,0.49332224920885015,25,64
398,24,True,False,False,upper_bound_with_inhaler,0.49332224920885037,0.49332224920885015,25,65
398,24,True,False,True,one_hot,0.49332224920885037,0.49332224920885015,25,66
398,24,True,False,True,lower_bound,0.49332224920885037,0.49332224920885015,25,67
398,24,True,False,True,midpoint,0.49332224920885037,0.49332224920885015,25,68
398,24,True,False,True,midpoint_with_inhaler,0.49332224920885037,0.49332224920885015,25,69
398,24,True,False,True,upper_bound,0.49332224920885037,0.49332224920885015,25,70
398,24,True,False,True,upper_bound_with_inhaler,0.49332224920885037,0.49332224920885015,25,71
398,36,False,False,False,one_hot,1.0368551712987926,1.0368551712987926,25,72
398,36,False,False,False,lower_bound,1.0368551712987926,1.0368551712987926,25,73
398,36,False,False,False,midpoint,1.0368551712987926,1.0368551712987926,25,74
398,36,False,False,False,midpoint_with_inhaler,1.0368551712987926,1.0368551712987926,25,75
398,36,False,False,False,upper_bound,1.0368551712987926,1.0368551712987926,25,76
398,36,False,False,False,upper_bound_with_inhaler,1.0368551712987926,1.0368551712987926,25,77
398,36,False,False,True,one_hot,1.0368551712987926,1.0368551712987926,25,78
398,36,False,False,True,lower_bound,1.0368551712987926,1.0368551712987926,25,79
398,36,False,False,True,midpoint,1.0368551712987926,1.0368551712987926,25,80
398,36,False,False,True,midpoint_with_inhaler,1.0368551712987926,1.0368551712987926,25,81
398,36,False,False,True,upper_bound,1.0368551712987926,1.0368551712987926,25,82
398,36,False,False,True,upper_bound_with_inhaler,1.0368551712987926,1.0368551712987926,25,83
398,36,True,False,False,one_hot,0.42933080951875946,0.4293308095187595,25,84
398,36,True,False,False,lower_bound,0.42933080951875946,0.4293308095187595,25,85
398,36,True,False,False,midpoint,0.42933080951875946,0.4293308095187595,25,86
398,36,True,False,False,midpoint_with_inhaler,0.42933080951875946,0.4293308095187595,25,87
398,36,True,False,False,upper_bound,0.42933080951875946,0.4293308095187595,25,88
398,36,True,False,False,upper_bound_with_inhaler,0.42933080951875946,0.4293308095187595,25,89
398,36,True,False,True,one_hot,0.42933080951875946,0.4293308095187595,25,90
398,36,True,False,True,lower_bound,0.42933080951875946,0.4293308095187595,25,91
398,36,True,False,True,midpoint,0.42933080951875946,0.4293308095187595,25,92
398,36,True,False,True,midpoint_with_inhaler,0.42933080951875946,0.4293308095187595,25,93
398,36,True,False,True,upper_bound,0.42933080951875946,0.4293308095187595,25,94
398,36,True,False,True,upper_bound_with_inhaler,0.42933080951875946,0.4293308095187595,25,95
398,48,False,False,False,one_hot,0.6653523815776727,0.6653523815776727,25,96
398,48,False,False,False,lower_bound,0.6653523815776727,0.6653523815776727,25,97
398,48,False,False,False,midpoint,0.6653523815776727,0.6653523815776727,25,98
398,48,False,False,False,midpoint_with_inhaler,0.6653523815776727,0.6653523815776727,25,99
398,48,False,False,False,upper_bound,0.6653523815776727,0.6653523815776727,25,100
398,48,False,False,False,upper_bound_with_inhaler,0.6653523815776727,0.6653523815776727,25,101
398,48,False,False,True,one_hot,0.6653523815776727,0.6653523815776727,25,102
398,48,False,False,True,lower_bound,0.6653523815776727,0.6653523815776727,25,103
398,48,False,False,True,midpoint,0.6653523815776727,0.6653523815776727,25,104
398,48,False,False,True,midpoint_with_inhaler,0.6653523815776727,0.6653523815776727,25,105
398,48,False,False,True,upper_bound,0.6653523815776727,0.6653523815776727,25,106
398,48,False,False,True,upper_bound_with_inhaler,0.6653523815776727,0.6653523815776727,25,107
398,48,False,True,False,one_hot,0.2171964673028853,0.21719646730288525,25,108
398,48,False,True,False,lower_bound,0.2171964673028853,0.21719646730288525,25,109
398,48,False,True,False,midpoint,0.2171964673028853,0.21719646730288522,25,110
398,48,False,True,False,midpoint_with_inhaler,0.2171964673028853,0.21719646730288522,25,111
398,48,False,True,False,upper_bound,0.2171964673028853,0.21719646730288525,25,112
398,48,False,True,False,upper_bound_with_inhaler,0.2171964673028853,0.21719646730288525,25,113
398,48,False,True,True,one_hot,0.2171964673028853,0.21719646730288525,25,114
398,48,False,True,True,lower_bound,0.2171964673028853,0.21719646730288525,25,115
398,48,False,True,True,midpoint,0.2171964673028853,0.21719646730288522,25,116
398,48,False,True,True,midpoint_with_inhaler,0.2171964673028853,0.21719646730288522,25,117
398,48,False,True,True,upper_bound,0.2171964673028853,0.21719646730288525,25,118
398,48,False,True,True,upper_bound_with_inhaler,0.2171964673028853,0.21719646730288525,25,119
398,48,True,False,False,one_hot,0.5632090646282755,0.5632090646282755,25,120
398,48,True,False,False,lower_bound,0.5632090646282755,0.5632090646282755,25,121
398,48,True,False,False,midpoint,0.5632090646282755,0.5632090646282755,25,122
398,48,True,False,False,midpoint_with_inhaler,0.5632090646282755,0.5632090646282755,25,123
398,48,True,False,False,upper_bound,0.5632090646282755,0.5632090646282755,25,124
398,48,True,False,False,upper_bound_with_inhaler,0.5632090646282755,0.5632090646282755,25,125
398,48,True,False,True,one_hot,0.5632090646282755,0.5632090646282755,25,126
398,48,True,False,True,lower_bound,0.5632090646282755,0.5632090646282755,25,127
398,48,True,False,True,midpoint,0.5632090646282755,0.5632090646282755,25,128
398,48,True,False,True,midpoint_with_inhaler,0.5632090646282755,0.5632090646282755,25,129
398,48,True,False,True,upper_bound,0.5632090646282755,0.5632090646282755,25,130
398,48,True,False,True,upper_bound_with_inhaler,0.5632090646282755,0.5632090646282755,25,131
447,12,False,False,False,one_hot,0.005113723860422339,0.005113723860422359,89,0
447,12,False,False,False,lower_bound,-0.018502012871296818,0.07153582897945512,89,1
447,12,False,False,False,midpoint,-0.018502012871296818,0.03745469652770949,89,2
447,12,False,False,False,midpoint_with_inhaler,-0.018502012871296818,0.03745469652770949,89,3
447,12,False,False,False,upper_bound,-0.018502012871296818,0.015949333897521956,89,4
447,12,False,False,False,upper_bound_with_inhaler,-0.018502012871296818,0.015949333897521956,89,5
447,12,False,False,True,one_hot,0.005113723860422339,0.005113723860422359,89,6
447,12,False,False,True,lower_bound,-0.018502012871296818,0.07153582897945512,89,7
447,12,False,False,True,midpoint,-0.018502012871296818,0.03745469652770949,89,8
447,12,False,False,True,midpoint_with_inhaler,-0.018502012871296818,0.03745469652770949,89,9
447,12,False,False,True,upper_bound,-0.018502012871296818,0.015949333897521956,89,10
447,12,False,False,True,upper_bound_with_inhaler,-0.018502012871296818,0.015949333897521956,89,11
447,12,False,True,False,one_hot,-0.07380761959025699,-0.073807619590257,89,12
447,12,False,True,False,lower_bound,-0.25943787665833534,-0.19213680451294302,89,13
447,12,False,True,False,midpoint,-0.25943787665833534,-0.20524518538272019,89,14
447,12,False,True,False,midpoint_with_inhaler,-0.25943787665833534,-0.20524518538272019,89,15
447,12,False,True,False,upper_bound,-0.25943787665833534,-0.20885649453692878,89,16
447,12,False,True,False,upper_bound_with_inhaler,-0.25943787665833534,-0.20885649453692878,89,17
447,12,False,True,True,one_hot,-0.07380761959025699,-0.073807619590257,89,18
447,12,False,True,True,lower_bound,-0.25943787665833534,-0.19213680451294302,89,19
447,12,False,True,True,midpoint,-0.25943787665833534,-0.20524518538272019,89,20
447,12,False,True,True,midpoint_with_inhaler,-0.25943787665833534,-0.20524518538272019,89,21
447,12,False,True,True,upper_bound,-0.25943787665833534,-0.20885649453692878,89,22
447,12,False,True,True,upper_bound_with_inhaler,-0.25943787665833534,-0.20885649453692878,89,23
447,12,True,False,False,one_hot,-0.07915692197347068,-0.07915692197347067,89,24
447,12,True,False,False,lower_bound,-0.13895094473461791,-0.02044986672725981,89,25
447,12,True,False,False,midpoint,-0.13895094473461791,-0.04796484808193823,89,26
447,12,True,False,False,midpoint_with_inhaler,-0.13895094473461791,-0.04796484808193823,89,27
447,12,True,False,False,upper_bound,-0.13895094473461791,-0.06728867553383788,89,28
447,12,True,False,False,upper_bound_with_inhaler,-0.13895094473461791,-0.06728867553383788,89,29
447,12,True,False,True,one_hot,-0.07915692197347068,-0.07915692197347067,89,30
447,12,True,False,True,lower_bound,-0.13895094473461791,-0.02044986672725981,89,31
447,12,True,False,True,midpoint,-0.13895094473461791,-0.04796484808193823,89,32
447,12,True,False,True,midpoint_with_inhaler,-0.13895094473461791,-0.04796484808193823,89,33
447,12,True,False,True,upper_bound,-0.13895094473461791,-0.06728867553383788,89,34
447,12,True,False,True,upper_bound_with_inhaler,-0.13895094473461791,-0.06728867553383788,89,35
447,24,False,False,False,one_hot,0.060607544383920055,0.06060754438392007,89,36
447,24,False,False,False,lower_bound,-0.03527032106817301,0.1816347461121794,89,37
447,24,False,False,False,midpoint,-0.03527032106817301,0.12216199373149297,89,38
447,24,False,False,False,midpoint_with_inhaler,-0.03527032106817301,0.12216199373149297,89,39
447,24,False,False,False,upper_bound,-0.03527032106817301,0.07958652474559903,89,40
447,24,False,False,False,upper_bound_with_inhaler,-0.03527032106817301,0.07958652474559903,89,41
447,24,False,False,True,one_hot,0.060607544383920055,0.06060754438392007,89,42
447,24,False,False,True,lower_bound,-0.03527032106817301,0.1816347461121794,89,43
447,24,False,False,True,midpoint,-0.03527032106817301,0.12216199373149297,89,44
447,24,False,False,True,midpoint_with_inhaler,-0.03527032106817301,0.12216199373149297,89,45
447,24,False,False,True,upper_bound,-0.03527032106817301,0.07958652474559903,89,46
447,24,False,False,True,upper_bound_with_inhaler,-0.03527032106817301,0.07958652474559903,89,47
447,24,False,True,False,one_hot,-0.0844581336713302,-0.0844581336713302,89,48
447,24,False,True,False,lower_bound,-0.12428888541006804,0.10071986379767829,89,49
447,24,False,True,False,midpoint,-0.12428888541006804,0.039493777628937334,89,50
447,24,False,True,False,midpoint_with_inhaler,-0.12428888541006804,0.039493777628937334,89,51
447,24,False,True,False,upper_bound,-0.12428888541006804,-0.0004840172779079167,89,52
447,24,False,True,False,upper_bound_with_inhaler,-0.12428888541006804,-0.0004840172779079167,89,53
447,24,False,True,True,one_hot,-0.0844581336713302,-0.0844581336713302,89,54
447,24,False,True,True,lower_bound,-0.12428888541006804,0.10071986379767829,89,55
447,24,False,True,True,midpoint,-0.12428888541006804,0.039493777628937334,89,56
447,24,False,True,True,midpoint_with_inhaler,-0.12428888541006804,0.039493777628937334,89,57
447,24,False,True,True,upper_bound,-0.12428888541006804,-0.0004840172779079167,89,58
447,24,False,True,True,upper_bound_with_inhaler,-0.12428888541006804,-0.0004840172779079167,89,59
447,24,True,False,False,one_hot,0.060607544383920055,0.06060754438392007,89,60
447,24,True,False,False,lower_bound,-0.03527032106817301,0.1816347461121794,89,61
447,24,True,False,False,midpoint,-0.03527032106817301,0.12216199373149297,89,62
447,24,True,False,False,midpoint_with_inhaler,-0.03527032106817301,0.12216199373149297,89,63
447,24,True,False,False,upper_bound,-0.03527032106817301,0.07958652474559903,89,64
447,24,True,False,False,upper_bound_with_inhaler,-0.03527032106817301,0.07958652474559903,89,65
447,24,True,False,True,one_hot,0.060607544383920055,0.06060754438392007,89,66
447,24,True,False,True,lower_bound,-0.03527032106817301,0.1816347461121794,89,67
447,24,True,False,True,midpoint,-0.03527032106817301,0.12216199373149297,89,68
447,24,True,False,True,midpoint_with_inhaler,-0.03527032106817301,0.12216199373149297,89,69
447,24,True,False,True,upper_bound,-0.03527032106817301,0.07958652474559903,89,70
447,24,True,False,True,upper_bound_with_inhaler,-0.03527032106817301,0.07958652474559903,89,71
447,36,False,False,False,one_hot,-0.056999939727934636,-0.05699993972793463,89,72
447,36,False,False,False,lower_bound,-0.07104362268508903,0.14318699350955663,89,73
447,36,False,False,False,midpoint,-0.07104362268508903,0.09449771793996693,89,74
447,36,False,False,False,midpoint_with_inhaler,-0.07104362268508903,0.09449771793996693,89,75
447,36,False,False,False,upper_bound,-0.07104362268508903,0.0600995583972056,89,76
447,36,False,False,False,upper_bound_with_inhaler,-0.07104362268508903,0.0600995583972056,89,77
447,36,False,False,True,one_hot,-0.056999939727934636,-0.05699993972793463,89,78
447,36,False,False,True,lower_bound,-0.07104362268508903,0.14318699350955663,89,79
447,36,False,False,True,midpoint,-0.07104362268508903,0.09449771793996693,89,80
447,36,False,False,True,midpoint_with_inhaler,-0.07104362268508903,0.09449771793996693,89,81
447,36,False,False,True,upper_bound,-0.07104362268508903,0.0600995583972056,89,82
447,36,False,False,True,upper_bound_with_inhaler,-0.07104362268508903,0.0600995583972056,89,83
447,36,True,False,False,one_hot,-0.08974517315044511,-0.08974517315044514,89,84
447,36,True,False,False,lower_bound,-0.1783078022741977,0.09608299194517916,89,85
447,36,True,False,False,midpoint,-0.1783078022741977,0.032645540924159167,89,86
447,36,True,False,False,midpoint_with_inhaler,-0.1783078022741977,0.032645540924159167,89,87
447,36,True,False,False,upper_bound,-0.1783078022741977,-0.010760636368472002,89,88
447,36,True,False,False,upper_bound_with_inhaler,-0.1783078022741977,-0.010760636368472002,89,89
447,36,True,False,True,one_hot,-0.08974517315044511,-0.08974517315044514,89,90
447,36,True,False,True,lower_bound,-0.1783078022741977,0.09608299194517916,89,91
447,36,True,False,True,midpoint,-0.1783078022741977,0.032645540924159167,89,92
447,36,True,False,True,midpoint_with_inhaler,-0.1783078022741977,0.032645540924159167,89,93
447,36,True,False,True,upper_bound,-0.1783078022741977,-0.010760636368472002,89,94
447,36,True,False,True,upper_bound_with_inhaler,-0.1783078022741977,-0.010760636368472002,89,95
447,48,False,False,False,one_hot,-0.032902779432017686,-0.03290277943201768,89,96
447,48,False,False,False,lower_bound,-0.04995028339527062,0.10551401318871842,89,97
447,48,False,False,False,midpoint,-0.04995028339527062,0.07657876895998787,89,98
447,48,False,False,False,midpoint_with_inhaler,-0.04995028339527062,0.07657876895998787,89,99
447,48,False,False,False,upper_bound,-0.04995028339527062,0.056146394076808784,89,100
447,48,False,False,False,upper_bound_with_inhaler,-0.04995028339527062,0.056146394076808784,89,101
447,48,False,False,True,one_hot,-0.032902779432017686,-0.03290277943201768,89,102
447,48,False,False,True,lower_bound,-0.04995028339527062,0.10551401318871842,89,103
447,48,False,False,True,midpoint,-0.04995028339527062,0.07657876895998787,89,104
447,48,False,False,True,midpoint_with_inhaler,-0.04995028339527062,0.07657876895998787,89,105
447,48,False,False,True,upper_bound,-0.04995028339527062,0.056146394076808784,89,106
447,48,False,False,True,upper_bound_with_inhaler,-0.04995028339527062,0.056146394076808784,89,107
447,48,False,True,False,one_hot,0.08909145765927332,0.08909145765927337,89,108
447,48,False,True,False,lower_bound,-0.2886371613857405,-0.2070958982672949,89,109
447,48,False,True,False,midpoint,-0.2886371613857405,-0.20456204900139274,89,110
447,48,False,True,False,midpoint_with_inhaler,-0.2886371613857405,-0.20456204900139274,89,111
447,48,False,True,False,upper_bound,-0.2886371613857405,-0.20182552947399374,89,112
447,48,False,True,False,upper_bound_with_inhaler,-0.2886371613857405,-0.20182552947399374,89,113
447,48,False,True,True,one_hot,0.08909145765927332,0.08909145765927337,89,114
447,48,False,True,True,lower_bound,-0.2886371613857405,-0.2070958982672949,89,115
447,48,False,True,True,midpoint,-0.2886371613857405,-0.20456204900139274,89,116
447,48,False,True,True,midpoint_with_inhaler,-0.2886371613857405,-0.20456204900139274,89,117
447,48,False,True,True,upper_bound,-0.2886371613857405,-0.20182552947399374,89,118
447,48,False,True,True,upper_bound_with_inhaler,-0.2886371613857405,-0.20182552947399374,89,119
447,48,True,False,False,one_hot,0.10033114099436345,0.1003311409943635,89,120
447,48,True,False,False,lower_bound,-0.16326830088402258,-0.10403933268178618,89,121
447,48,True,False,False,midpoint,-0.16326830088402258,-0.10532748145414014,89,122
447,48,True,False,False,midpoint_with_inhaler,-0.16326830088402258,-0.10532748145414014,89,123
447,48,True,False,False,upper_bound,-0.16326830088402258,-0.10333070502305004,89,124
447,48,True,False,False,upper_bound_with_inhaler,-0.16326830088402258,-0.10333070502305004,89,125
447,48,True,False,True,one_hot,0.10033114099436345,0.1003311409943635,89,126
447,48,True,False,True,lower_bound,-0.16326830088402258,-0.10403933268178618,89,127
447,48,True,False,True,midpoint,-0.16326830088402258,-0.10532748145414014,89,128
447,48,True,False,True,midpoint_with_inhaler,-0.16326830088402258,-0.10532748145414014,89,129
447,48,True,False,True,upper_bound,-0.16326830088402258,-0.10333070502305004,89,130
447,48,True,False,True,upper_bound_with_inhaler,-0.16326830088402258,-0.10333070502305004,89,131
454,12,False,False,False,one_hot,,,2,0
454,12,False,False,False,lower_bound,,,2,1
454,12,False,False,False,midpoint,,,2,2
454,12,False,False,False,midpoint_with_inhaler,,,2,3
454,12,False,False,False,upper_bound,,,2,4
454,12,False,False,False,upper_bound_with_inhaler,,,2,5
454,12,False,False,True,one_hot,,,2,6
454,12,False,False,True,lower_bound,,,2,7
454,12,False,False,True,midpoint,,,2,8
454,12,False,False,True,midpoint_with_inhaler,,,2,9
454,12,False,False,True,upper_bound,,,2,10
454,12,False,False,True,upper_bound_with_inhaler,,,2,11
454,12,False,True,False,one_hot,,,2,12
454,12,False,True,False,lower_bound,,,2,13
454,12,False,True,False,midpoint,,,2,14
454,12,False,True,False,midpoint_with_inhaler,,,2,15
454,12,False,True,False,upper_bound,,,2,16
454,12,False,True,False,upper_bound_with_inhaler,,,2,17
454,12,False,True,True,one_hot,,,2,18
454,12,False,True,True,lower_bound,,,2,19
454,12,False,True,True,midpoint,,,2,20
454,12,False,True,True,midpoint_with_inhaler,,,2,21
454,12,False,True,True,upper_bound,,,2,22
454,12,False,True,True,upper_bound_with_inhaler,,,2,23
454,12,True,False,False,one_hot,,,2,24
454,12,True,False,False,lower_bound,,,2,25
454,12,True,False,False,midpoint,,,2,26
454,12,True,False,False,midpoint_with_inhaler,,,2,27
454,12,True,False,False,upper_bound,,,2,28
454,12,True,False,False,upper_bound_with_inhaler,,,2,29
454,12,True,False,True,one_hot,,,2,30
454,12,True,False,True,lower_bound,,,2,31
454,12,True,False,True,midpoint,,,2,32
454,12,True,False,True,midpoint_with_inhaler,,,2,33
454,12,True,False,True,upper_bound,,,2,34
454,12,True,False,True,upper_bound_with_inhaler,,,2,35
454,24,False,False,False,one_hot,,,2,36
454,24,False,False,False,lower_bound,,,2,37
454,24,False,False,False,midpoint,,,2,38
454,24,False,False,False,midpoint_with_inhaler,,,2,39
454,24,False,False,False,upper_bound,,,2,40
454,24,False,False,False,upper_bound_with_inhaler,,,2,41
454,24,False,False,True,one_hot,,,2,42
454,24,False,False,True,lower_bound,,,2,43
454,24,False,False,True,midpoint,,,2,44
454,24,False,False,True,midpoint_with_inhaler,,,2,45
454,24,False,False,True,upper_bound,,,2,46
454,24,False,False,True,upper_bound_with_inhaler,,,2,47
454,24,False,True,False,one_hot,,,2,48
454,24,False,True,False,lower_bound,,,2,49
454,24,False,True,False,midpoint,,,2,50
454,24,False,True,False,midpoint_with_inhaler,,,2,51
454,24,False,True,False,upper_bound,,,2,52
454,24,False,True,False,upper_bound_with_inhaler,,,2,53
454,24,False,True,True,one_hot,,,2,54
454,24,False,True,True,lower_bound,,,2,55
454,24,False,True,True,midpoint,,,2,56
454,24,False,True,True,midpoint_with_inhaler,,,2,57
454,24,False,True,True,upper_bound,,,2,58
454,24,False,True,True,upper_bound_with_inhaler,,,2,59
454,24,True,False,False,one_hot,,,2,60
454,24,True,False,False,lower_bound,,,2,61
454,24,True,False,False,midpoint,,,2,62
454,24,True,False,False,midpoint_with_inhaler,,,2,63
454,24,True,False,False,upper_bound,,,2,64
454,24,True,False,False,upper_bound_with_inhaler,,,2,65
454,24,True,False,True,one_hot,,,2,66
454,24,True,False,True,lower_bound,,,2,67
454,24,True,False,True,midpoint,,,2,68
454,24,True,False,True,midpoint_with_inhaler,,,2,69
454,24,True,False,True,upper_bound,,,2,70
454,24,True,False,True,upper_bound_with_inhaler,,,2,71
454,36,False,False,False,one_hot,,,2,72
454,36,False,False,False,lower_bound,,,2,73
454,36,False,False,False,midpoint,,,2,74
454,36,False,False,False,midpoint_with_inhaler,,,2,75
454,36,False,False,False,upper_bound,,,2,76
454,36,False,False,False,upper_bound_with_inhaler,,,2,77
454,36,False,False,True,one_hot,,,2,78
454,36,False,False,True,lower_bound,,,2,79
454,36,False,False,True,midpoint,,,2,80
454,36,False,False,True,midpoint_with_inhaler,,,2,81
454,36,False,False,True,upper_bound,,,2,82
454,36,False,False,True,upper_bound_with_inhaler,,,2,83
454,36,True,False,False,one_hot,,,2,84
454,36,True,False,False,lower_bound,,,2,85
454,36,True,False,False,midpoint,,,2,86
454,36,True,False,False,midpoint_with_inhaler,,,2,87
454,36,True,False,False,upper_bound,,,2,88
454,36,True,False,False,upper_bound_with_inhaler,,,2,89
454,36,True,False,True,one_hot,,,2,90
454,36,True,False,True,lower_bound,,,2,91
454,36,True,False,True,midpoint,,,2,92
454,36,True,False,True,midpoint_with_inhaler,,,2,93
454,36,True,False,True,upper_bound,,,2,94
454,36,True,False,True,upper_bound_with_inhaler,,,2,95
454,48,False,False,False,one_hot,,,2,96
454,48,False,False,False,lower_bound,,,2,97
454,48,False,False,False,midpoint,,,2,98
454,48,False,False,False,midpoint_with_inhaler,,,2,99
454,48,False,False,False,upper_bound,,,2,100
454,48,False,False,False,upper_bound_with_inhaler,,,2,101
454,48,False,False,True,one_hot,,,2,102
454,48,False,False,True,lower_bound,,,2,103
454,48,False,False,True,midpoint,,,2,104
454,48,False,False,True,midpoint_with_inhaler,,,2,105
454,48,False,False,True,upper_bound,,,2,106
454,48,False,False,True,upper_bound_with_inhaler,,,2,107
454,48,False,True,False,one_hot,,,2,108
454,48,False,True,False,lower_bound,,,2,109
454,48,False,True,False,midpoint,,,2,110
454,48,False,True,False,midpoint_with_inhaler,,,2,111
454,48,False,True,False,upper_bound,,,2,112
454,48,False,True,False,upper_bound_with_inhaler,,,2,113
454,48,False,True,True,one_hot,,,2,114
454,48,False,True,True,lower_bound,,,2,115
454,48,False,True,True,midpoint,,,2,116
454,48,False,True,True,midpoint_with_inhaler,,,2,117
454,48,False,True,True,upper_bound,,,2,118
454,48,False,True,True,upper_bound_with_inhaler,,,2,119
454,48,True,False,False,one_hot,,,2,120
454,48,True,False,False,lower_bound,,,2,121
454,48,True,False,False,midpoint,,,2,122
454,48,True,False,False,midpoint_with_inhaler,,,2,123
454,48,True,False,False,upper_bound,,,2,124
454,48,True,False,False,upper_bound_with_inhaler,,,2,125
454,48,True,False,True,one_hot,,,2,126
454,48,True,False,True,lower_bound,,,2,127
454,48,True,False,True,midpoint,,,2,128
454,48,True,False,True,midpoint_with_inhaler,,,2,129
454,48,True,False,True,upper_bound,,,2,130
454,48,True,False,True,upper_bound_with_inhaler,,,2,131
473,12,False,False,False,one_hot,0.4551064205032291,0.45510642050322897,69,0
473,12,False,False,False,lower_bound,0.7286762832683918,0.9580334649991605,69,1
473,12,False,False,False,midpoint,0.7286762832683918,0.9436357240345816,69,2
473,12,False,False,False,midpoint_with_inhaler,0.7286762832683918,0.9436357240345816,69,3
473,12,False,False,False,upper_bound,0.727951235350438,0.9062950795793345,69,4
473,12,False,False,False,upper_bound_with_inhaler,0.727951235350438,0.9062950795793345,69,5
473,12,False,False,True,one_hot,0.4551064205032291,0.45510642050322897,69,6
473,12,False,False,True,lower_bound,0.7286762832683918,0.9580334649991605,69,7
473,12,False,False,True,midpoint,0.7286762832683918,0.9436357240345816,69,8
473,12,False,False,True,midpoint_with_inhaler,0.7286762832683918,0.9436357240345816,69,9
473,12,False,False,True,upper_bound,0.727951235350438,0.9062950795793345,69,10
473,12,False,False,True,upper_bound_with_inhaler,0.727951235350438,0.9062950795793345,69,11
473,12,False,True,False,one_hot,-0.141965118477012,-0.14196511847701193,69,12
473,12,False,True,False,lower_bound,0.5584787546782708,0.9231229462234585,69,13
473,12,False,True,False,midpoint,0.5584787546782708,0.9570983932106518,69,14
473,12,False,True,False,midpoint_with_inhaler,0.5584787546782708,0.9570983932106518,69,15
473,12,False,True,False,upper_bound,0.5579582516060243,0.9687414710590619,69,16
473,12,False,True,False,upper_bound_with_inhaler,0.5579582516060243,0.9687414710590619,69,17
473,12,False,True,True,one_hot,-0.141965118477012,-0.14196511847701193,69,18
473,12,False,True,True,lower_bound,0.5584787546782708,0.9231229462234585,69,19
473,12,False,True,True,midpoint,0.5584787546782708,0.9570983932106518,69,20
473,12,False,True,True,midpoint_with_inhaler,0.5584787546782708,0.9570983932106518,69,21
473,12,False,True,True,upper_bound,0.5579582516060243,0.9687414710590619,69,22
473,12,False,True,True,upper_bound_with_inhaler,0.5579582516060243,0.9687414710590619,69,23
473,12,True,False,False,one_hot,0.37090974957324446,0.3709097495732444,69,24
473,12,True,False,False,lower_bound,0.498975254697193,0.6696732261853396,69,25
473,12,True,False,False,midpoint,0.498975254697193,0.7626721962092148,69,26
473,12,True,False,False,midpoint_with_inhaler,0.498975254697193,0.7626721962092148,69,27
473,12,True,False,False,upper_bound,0.49920606750223545,0.8263809546716223,69,28
473,12,True,False,False,upper_bound_with_inhaler,0.49920606750223545,0.8263809546716223,69,29
473,12,True,False,True,one_hot,0.37090974957324446,0.3709097495732444,69,30
473,12,True,False,True,lower_bound,0.498975254697193,0.6696732261853396,69,31
473,12,True,False,True,midpoint,0.498975254697193,0.7626721962092148,69,32
473,12,True,False,True,midpoint_with_inhaler,0.498975254697193,0.7626721962092148,69,33
473,12,True,False,True,upper_bound,0.49920606750223545,0.8263809546716223,69,34
473,12,True,False,True,upper_bound_with_inhaler,0.49920606750223545,0.8263809546716223,69,35
473,24,False,False,False,one_hot,0.24796516352460932,0.2479651635246093,69,36
473,24,False,False,False,lower_bound,0.5272116226517697,0.9492575009869685,69,37
473,24,False,False,False,midpoint,0.5272116226517697,0.9704544932595764,69,38
473,24,False,False,False,midpoint_with_inhaler,0.5272116226517697,0.9704544932595764,69,39
473,24,False,False,False,upper_bound,0.5267679765159733,0.971272469832429,69,40
473,24,False,False,False,upper_bound_with_inhaler,0.5267679765159733,0.971272469832429,69,41
473,24,False,False,True,one_hot,0.24796516352460932,0.2479651635246093,69,42
473,24,False,False,True,lower_bound,0.5272116226517697,0.9492575009869685,69,43
473,24,False,False,True,midpoint,0.5272116226517697,0.9704544932595764,69,44
473,24,False,False,True,midpoint_with_inhaler,0.5272116226517697,0.9704544932595764,69,45
473,24,False,False,True,upper_bound,0.5267679765159733,0.971272469832429,69,46
473,24,False,False,True,upper_bound_with_inhaler,0.5267679765159733,0.971272469832429,69,47
473,24,False,True,False,one_hot,0.2579395372571863,0.25793953725718627,69,48
473,24,False,True,False,lower_bound,0.3894596870748926,0.5481068589043949,69,49
473,24,False,True,False,midpoint,0.3894596870748926,0.5301019523498816,69,50
473,24,False,True,False,midpoint_with_inhaler,0.3894596870748926,0.5301019523498816,69,51
473,24,False,True,False,upper_bound,0.38775487629603717,0.5144639569513098,69,52
473,24,False,True,False,upper_bound_with_inhaler,0.38775487629603717,0.5144639569513098,69,53
473,24,False,True,True,one_hot,0.2579395372571863,0.25793953725718627,69,54
473,24,False,True,True,lower_bound,0.3894596870748926,0.5481068589043949,69,55
473,24,False,True,True,midpoint,0.3894596870748926,0.5301019523498816,69,56
473,24,False,True,True,midpoint_with_inhaler,0.3894596870748926,0.5301019523498816,69,57
473,24,False,True,True,upper_bound,0.38775487629603717,0.5144639569513098,69,58
473,24,False,True,True,upper_bound_with_inhaler,0.38775487629603717,0.5144639569513098,69,59
473,24,True,False,False,one_hot,0.24796516352460932,0.2479651635246093,69,60
473,24,True,False,False,lower_bound,0.5272116226517697,0.9492575009869685,69,61
473,24,True,False,False,midpoint,0.5272116226517697,0.9704544932595764,69,62
473,24,True,False,False,midpoint_with_inhaler,0.5272116226517697,0.9704544932595764,69,63
473,24,True,False,False,upper_bound,0.5267679765159733,0.971272469832429,69,64
473,24,True,False,False,upper_bound_with_inhaler,0.5267679765159733,0.971272469832429,69,65
473,24,True,False,True,one_hot,0.24796516352460932,0.2479651635246093,69,66
473,24,True,False,True,lower_bound,0.5272116226517697,0.9492575009869685,69,67
473,24,True,False,True,midpoint,0.5272116226517697,0.9704544932595764,69,68
473,24,True,False,True,midpoint_with_inhaler,0.5272116226517697,0.9704544932595764,69,69
473,24,True,False,True,upper_bound,0.5267679765159733,0.971272469832429,69,70
473,24,True,False,True,upper_bound_with_inhaler,0.5267679765159733,0.971272469832429,69,71
473,36,False,False,False,one_hot,0.18543637695829962,0.18543637695829937,69,72
473,36,False,False,False,lower_bound,0.7261403030595537,0.9558006478899993,69,73
473,36,False,False,False,midpoint,0.7261403030595537,0.925153151906695,69,74
473,36,False,False,False,midpoint_with_inhaler,0.7261403030595537,0.985389539297223,69,75
473,36,False,False,False,upper_bound,0.7203381965120025,0.8854495990015822,69,76
473,36,False,False,False,upper_bound_with_inhaler,0.7261403030595537,0.998864872095076,69,77
473,36,False,False,True,one_hot,0.18543637695829962,0.18543637695829937,69,78
473,36,False,False,True,lower_bound,0.7261403030595537,0.9558006478899993,69,79
473,36,False,False,True,midpoint,0.7261403030595537,0.925153151906695,69,80
473,36,False,False,True,midpoint_with_inhaler,0.7261403030595537,0.985389539297223,69,81
473,36,False,False,True,upper_bound,0.7203381965120025,0.8854495990015822,69,82
473,36,False,False,True,upper_bound_with_inhaler,0.7261403030595537,0.998864872095076,69,83
473,36,True,False,False,one_hot,0.1975669224926018,0.19756692249260174,69,84
473,36,True,False,False,lower_bound,0.4583175398900865,0.6625746842301145,69,85
473,36,True,False,False,midpoint,0.4583175398900865,0.638995061593095,69,86
473,36,True,False,False,midpoint_with_inhaler,0.4583175398900865,0.638995061593095,69,87
473,36,True,False,False,upper_bound,0.4574028825664327,0.6146587642650762,69,88
473,36,True,False,False,upper_bound_with_inhaler,0.4574028825664327,0.6146587642650762,69,89
473,36,True,False,True,one_hot,0.1975669224926018,0.19756692249260174,69,90
473,36,True,False,True,lower_bound,0.4583175398900865,0.6625746842301145,69,91
473,36,True,False,True,midpoint,0.4583175398900865,0.638995061593095,69,92
473,36,True,False,True,midpoint_with_inhaler,0.4583175398900865,0.638995061593095,69,93
473,36,True,False,True,upper_bound,0.4574028825664327,0.6146587642650762,69,94
473,36,True,False,True,upper_bound_with_inhaler,0.4574028825664327,0.6146587642650762,69,95
473,48,False,False,False,one_hot,-0.0803838070040304,-0.08038380700403039,69,96
473,48,False,False,False,lower_bound,0.5870714482826759,0.8543243902381765,69,97
473,48,False,False,False,midpoint,0.5870714482826759,0.8025479674999119,69,98
473,48,False,False,False,midpoint_with_inhaler,0.5870714482826759,0.8518875280700273,69,99
473,48,False,False,False,upper_bound,0.5832599841698054,0.7471362168032087,69,100
473,48,False,False,False,upper_bound_with_inhaler,0.5870714482826759,0.8529926127491119,69,101
473,48,False,False,True,one_hot,-0.0803838070040304,-0.08038380700403039,69,102
473,48,False,False,True,lower_bound,0.5870714482826759,0.8543243902381765,69,103
473,48,False,False,True,midpoint,0.5870714482826759,0.8025479674999119,69,104
473,48,False,False,True,midpoint_with_inhaler,0.5870714482826759,0.8518875280700273,69,105
473,48,False,False,True,upper_bound,0.5832599841698054,0.7471362168032087,69,106
473,48,False,False,True,upper_bound_with_inhaler,0.5870714482826759,0.8529926127491119,69,107
473,48,False,True,False,one_hot,0.11247359195792934,0.11247359195792934,69,108
473,48,False,True,False,lower_bound,0.2567652099343167,0.32202722968054,69,109
473,48,False,True,False,midpoint,0.2567652099343167,0.3393056727066264,69,110
473,48,False,True,False,midpoint_with_inhaler,0.2567652099343167,0.3393056727066264,69,111
473,48,False,True,False,upper_bound,0.255098449014527,0.3451874349291706,69,112
473,48,False,True,False,upper_bound_with_inhaler,0.255098449014527,0.3451874349291706,69,113
473,48,False,True,True,one_hot,0.11247359195792934,0.11247359195792934,69,114
473,48,False,True,True,lower_bound,0.2567652099343167,0.32202722968054,69,115
473,48,False,True,True,midpoint,0.2567652099343167,0.3393056727066264,69,116
473,48,False,True,True,midpoint_with_inhaler,0.2567652099343167,0.3393056727066264,69,117
473,48,False,True,True,upper_bound,0.255098449014527,0.3451874349291706,69,118
473,48,False,True,True,upper_bound_with_inhaler,0.255098449014527,0.3451874349291706,69,119
473,48,True,False,False,one_hot,0.01944284436880412,0.019442844368804123,69,120
473,48,True,False,False,lower_bound,0.35025524497943306,0.5591220349972648,69,121
473,48,True,False,False,midpoint,0.35025524497943306,0.541132655840858,69,122
473,48,True,False,False,midpoint_with_inhaler,0.35025524497943306,0.541132655840858,69,123
473,48,True,False,False,upper_bound,0.3486528515900402,0.5215429847963666,69,124
473,48,True,False,False,upper_bound_with_inhaler,0.3486528515900402,0.5215429847963666,69,125
473,48,True,False,True,one_hot,0.01944284436880412,0.019442844368804123,69,126
473,48,True,False,True,lower_bound,0.35025524497943306,0.5591220349972648,69,127
473,48,True,False,True,midpoint,0.35025524497943306,0.541132655840858,69,128
473,48,True,False,True,midpoint_with_inhaler,0.35025524497943306,0.541132655840858,69,129
473,48,True,False,True,upper_bound,0.3486528515900402,0.5215429847963666,69,130
473,48,True,False,True,upper_bound_with_inhaler,0.3486528515900402,0.5215429847963666,69,131
514,12,False,False,False,one_hot,0.21652209511742335,0.21652209511742335,36,0
514,12,False,False,False,lower_bound,0.21652209511742335,0.21652209511742335,36,1
514,12,False,False,False,midpoint,0.21652209511742335,0.21652209511742332,36,2
514,12,False,False,False,midpoint_with_inhaler,0.21652209511742335,0.21652209511742332,36,3
514,12,False,False,False,upper_bound,0.21652209511742335,0.21652209511742335,36,4
514,12,False,False,False,upper_bound_with_inhaler,0.21652209511742335,0.21652209511742335,36,5
514,12,False,False,True,one_hot,0.21652209511742335,0.21652209511742335,36,6
514,12,False,False,True,lower_bound,0.21652209511742335,0.21652209511742335,36,7
514,12,False,False,True,midpoint,0.21652209511742335,0.21652209511742332,36,8
514,12,False,False,True,midpoint_with_inhaler,0.21652209511742335,0.21652209511742332,36,9
514,12,False,False,True,upper_bound,0.21652209511742335,0.21652209511742335,36,10
514,12,False,False,True,upper_bound_with_inhaler,0.21652209511742335,0.21652209511742335,36,11
514,12,False,True,False,one_hot,0.610289785219537,0.6102897852195366,36,12
514,12,False,True,False,lower_bound,0.610289785219537,0.6102897852195366,36,13
514,12,False,True,False,midpoint,0.610289785219537,0.610289785219537,36,14
514,12,False,True,False,midpoint_with_inhaler,0.610289785219537,0.610289785219537,36,15
514,12,False,True,False,upper_bound,0.610289785219537,0.6102897852195366,36,16
514,12,False,True,False,upper_bound_with_inhaler,0.610289785219537,0.6102897852195366,36,17
514,12,False,True,True,one_hot,0.610289785219537,0.6102897852195366,36,18
514,12,False,True,True,lower_bound,0.610289785219537,0.6102897852195366,36,19
514,12,False,True,True,midpoint,0.610289785219537,0.610289785219537,36,20
514,12,False,True,True,midpoint_with_inhaler,0.610289785219537,0.610289785219537,36,21
514,12,False,True,True,upper_bound,0.610289785219537,0.6102897852195366,36,22
514,12,False,True,True,upper_bound_with_inhaler,0.610289785219537,0.6102897852195366,36,23
514,12,True,False,False,one_hot,0.12565721414045306,0.125657214140453,36,24
514,12,True,False,False,lower_bound,0.12565721414045306,0.125657214140453,36,25
514,12,True,False,False,midpoint,0.12565721414045306,0.1256572141404531,36,26
514,12,True,False,False,midpoint_with_inhaler,0.12565721414045306,0.1256572141404531,36,27
514,12,True,False,False,upper_bound,0.12565721414045306,0.125657214140453,36,28
514,12,True,False,False,upper_bound_with_inhaler,0.12565721414045306,0.125657214140453,36,29
514,12,True,False,True,one_hot,0.12565721414045306,0.125657214140453,36,30
514,12,True,False,True,lower_bound,0.12565721414045306,0.125657214140453,36,31
514,12,True,False,True,midpoint,0.12565721414045306,0.1256572141404531,36,32
514,12,True,False,True,midpoint_with_inhaler,0.12565721414045306,0.1256572141404531,36,33
514,12,True,False,True,upper_bound,0.12565721414045306,0.125657214140453,36,34
514,12,True,False,True,upper_bound_with_inhaler,0.12565721414045306,0.125657214140453,36,35
514,24,False,False,False,one_hot,0.1912814998209284,0.1912814998209284,36,36
514,24,False,False,False,lower_bound,0.1912814998209284,0.1912814998209284,36,37
514,24,False,False,False,midpoint,0.1912814998209284,0.1912814998209285,36,38
514,24,False,False,False,midpoint_with_inhaler,0.1912814998209284,0.1912814998209285,36,39
514,24,False,False,False,upper_bound,0.1912814998209284,0.1912814998209284,36,40
514,24,False,False,False,upper_bound_with_inhaler,0.1912814998209284,0.1912814998209284,36,41
514,24,False,False,True,one_hot,0.1912814998209284,0.1912814998209284,36,42
514,24,False,False,True,lower_bound,0.1912814998209284,0.1912814998209284,36,43
514,24,False,False,True,midpoint,0.1912814998209284,0.1912814998209285,36,44
514,24,False,False,True,midpoint_with_inhaler,0.1912814998209284,0.1912814998209285,36,45
514,24,False,False,True,upper_bound,0.1912814998209284,0.1912814998209284,36,46
514,24,False,False,True,upper_bound_with_inhaler,0.1912814998209284,0.1912814998209284,36,47
514,24,False,True,False,one_hot,-0.04966997346338852,-0.04966997346338849,36,48
514,24,False,True,False,lower_bound,-0.04966997346338852,-0.04966997346338849,36,49
514,24,False,True,False,midpoint,-0.04966997346338852,-0.04966997346338849,36,50
514,24,False,True,False,midpoint_with_inhaler,-0.04966997346338852,-0.04966997346338849,36,51
514,24,False,True,False,upper_bound,-0.04966997346338852,-0.04966997346338849,36,52
514,24,False,True,False,upper_bound_with_inhaler,-0.04966997346338852,-0.04966997346338849,36,53
514,24,False,True,True,one_hot,-0.04966997346338852,-0.04966997346338849,36,54
514,24,False,True,True,lower_bound,-0.04966997346338852,-0.04966997346338849,36,55
514,24,False,True,True,midpoint,-0.04966997346338852,-0.04966997346338849,36,56
514,24,False,True,True,midpoint_with_inhaler,-0.04966997346338852,-0.04966997346338849,36,57
514,24,False,True,True,upper_bound,-0.04966997346338852,-0.04966997346338849,36,58
514,24,False,True,True,upper_bound_with_inhaler,-0.04966997346338852,-0.04966997346338849,36,59
514,24,True,False,False,one_hot,0.1912814998209284,0.1912814998209284,36,60
514,24,True,False,False,lower_bound,0.1912814998209284,0.1912814998209284,36,61
514,24,True,False,False,midpoint,0.1912814998209284,0.1912814998209285,36,62
514,24,True,False,False,midpoint_with_inhaler,0.1912814998209284,0.1912814998209285,36,63
514,24,True,False,False,upper_bound,0.1912814998209284,0.1912814998209284,36,64
514,24,True,False,False,upper_bound_with_inhaler,0.1912814998209284,0.1912814998209284,36,65
514,24,True,False,True,one_hot,0.1912814998209284,0.1912814998209284,36,66
514,24,True,False,True,lower_bound,0.1912814998209284,0.1912814998209284,36,67
514,24,True,False,True,midpoint,0.1912814998209284,0.1912814998209285,36,68
514,24,True,False,True,midpoint_with_inhaler,0.1912814998209284,0.1912814998209285,36,69
514,24,True,False,True,upper_bound,0.1912814998209284,0.1912814998209284,36,70
514,24,True,False,True,upper_bound_with_inhaler,0.1912814998209284,0.1912814998209284,36,71
514,36,False,False,False,one_hot,0.22288333655634518,0.22288333655634518,36,72
514,36,False,False,False,lower_bound,0.22288333655634518,0.22288333655634518,36,73
514,36,False,False,False,midpoint,0.22288333655634518,0.22288333655634526,36,74
514,36,False,False,False,midpoint_with_inhaler,0.22288333655634518,0.22288333655634526,36,75
514,36,False,False,False,upper_bound,0.22288333655634518,0.22288333655634518,36,76
514,36,False,False,False,upper_bound_with_inhaler,0.22288333655634518,0.22288333655634518,36,77
514,36,False,False,True,one_hot,0.22288333655634518,0.22288333655634518,36,78
514,36,False,False,True,lower_bound,0.22288333655634518,0.22288333655634518,36,79
514,36,False,False,True,midpoint,0.22288333655634518,0.22288333655634526,36,80
514,36,False,False,True,midpoint_with_inhaler,0.22288333655634518,0.22288333655634526,36,81
514,36,False,False,True,upper_bound,0.22288333655634518,0.22288333655634518,36,82
514,36,False,False,True,upper_bound_with_inhaler,0.22288333655634518,0.22288333655634518,36,83
514,36,True,False,False,one_hot,-0.04966997346338844,-0.049669973463388445,36,84
514,36,True,False,False,lower_bound,-0.04966997346338844,-0.049669973463388445,36,85
514,36,True,False,False,midpoint,-0.04966997346338844,-0.0496699734633885,36,86
514,36,True,False,False,midpoint_with_inhaler,-0.04966997346338844,-0.0496699734633885,36,87
514,36,True,False,False,upper_bound,-0.04966997346338844,-0.049669973463388445,36,88
514,36,True,False,False,upper_bound_with_inhaler,-0.04966997346338844,-0.049669973463388445,36,89
514,36,True,False,True,one_hot,-0.04966997346338844,-0.049669973463388445,36,90
514,36,True,False,True,lower_bound,-0.04966997346338844,-0.049669973463388445,36,91
514,36,True,False,True,midpoint,-0.04966997346338844,-0.0496699734633885,36,92
514,36,True,False,True,midpoint_with_inhaler,-0.04966997346338844,-0.0496699734633885,36,93
514,36,True,False,True,upper_bound,-0.04966997346338844,-0.049669973463388445,36,94
514,36,True,False,True,upper_bound_with_inhaler,-0.04966997346338844,-0.049669973463388445,36,95
514,48,False,False,False,one_hot,0.2437617542107562,0.24376175421075613,36,96
514,48,False,False,False,lower_bound,0.2437617542107562,0.24376175421075613,36,97
514,48,False,False,False,midpoint,0.2437617542107562,0.2437617542107562,36,98
514,48,False,False,False,midpoint_with_inhaler,0.2437617542107562,0.2437617542107562,36,99
514,48,False,False,False,upper_bound,0.2437617542107562,0.24376175421075613,36,100
514,48,False,False,False,upper_bound_with_inhaler,0.2437617542107562,0.24376175421075613,36,101
514,48,False,False,True,one_hot,0.2437617542107562,0.24376175421075613,36,102
514,48,False,False,True,lower_bound,0.2437617542107562,0.24376175421075613,36,103
514,48,False,False,True,midpoint,0.2437617542107562,0.2437617542107562,36,104
514,48,False,False,True,midpoint_with_inhaler,0.2437617542107562,0.2437617542107562,36,105
514,48,False,False,True,upper_bound,0.2437617542107562,0.24376175421075613,36,106
514,48,False,False,True,upper_bound_with_inhaler,0.2437617542107562,0.24376175421075613,36,107
514,48,False,True,False,one_hot,0.3078512105481644,0.3078512105481644,36,108
514,48,False,True,False,lower_bound,0.3078512105481644,0.3078512105481644,36,109
514,48,False,True,False,midpoint,0.3078512105481644,0.3078512105481644,36,110
514,48,False,True,False,midpoint_with_inhaler,0.3078512105481644,0.3078512105481644,36,111
514,48,False,True,False,upper_bound,0.3078512105481644,0.3078512105481644,36,112
514,48,False,True,False,upper_bound_with_inhaler,0.3078512105481644,0.3078512105481644,36,113
514,48,False,True,True,one_hot,0.3078512105481644,0.3078512105481644,36,114
514,48,False,True,True,lower_bound,0.3078512105481644,0.3078512105481644,36,115
514,48,False,True,True,midpoint,0.3078512105481644,0.3078512105481644,36,116
514,48,False,True,True,midpoint_with_inhaler,0.3078512105481644,0.3078512105481644,36,117
514,48,False,True,True,upper_bound,0.3078512105481644,0.3078512105481644,36,118
514,48,False,True,True,upper_bound_with_inhaler,0.3078512105481644,0.3078512105481644,36,119
514,48,True,False,False,one_hot,-1.734723475976807e-17,2.0816681711721685e-17,36,120
514,48,True,False,False,lower_bound,-1.734723475976807e-17,2.0816681711721685e-17,36,121
514,48,True,False,False,midpoint,-1.734723475976807e-17,-1.734723475976807e-17,36,122
514,48,True,False,False,midpoint_with_inhaler,-1.734723475976807e-17,-1.734723475976807e-17,36,123
514,48,True,False,False,upper_bound,-1.734723475976807e-17,2.0816681711721685e-17,36,124
514,48,True,False,False,upper_bound_with_inhaler,-1.734723475976807e-17,2.0816681711721685e-17,36,125
514,48,True,False,True,one_hot,-1.734723475976807e-17,2.0816681711721685e-17,36,126
514,48,True,False,True,lower_bound,-1.734723475976807e-17,2.0816681711721685e-17,36,127
514,48,True,False,True,midpoint,-1.734723475976807e-17,-1.734723475976807e-17,36,128
514,48,True,False,True,midpoint_with_inhaler,-1.734723475976807e-17,-1.734723475976807e-17,36,129
514,48,True,False,True,upper_bound,-1.734723475976807e-17,2.0816681711721685e-17,36,130
514,48,True,False,True,upper_bound_with_inhaler,-1.734723475976807e-17,2.0816681711721685e-17,36,131
625,12,False,False,False,one_hot,0.4512062405153835,0.4512062405153835,16,0
625,12,False,False,False,lower_bound,0.4695229497202243,0.4242380494595572,16,1
625,12,False,False,False,midpoint,0.4695229497202243,0.4479211064552235,16,2
625,12,False,False,False,midpoint_with_inhaler,0.4695229497202243,0.4479211064552235,16,3
625,12,False,False,False,upper_bound,0.4695229497202243,0.4603034299640316,16,4
625,12,False,False,False,upper_bound_with_inhaler,0.4695229497202243,0.4603034299640316,16,5
625,12,False,False,True,one_hot,0.4512062405153835,0.4512062405153835,16,6
625,12,False,False,True,lower_bound,0.4695229497202243,0.4242380494595572,16,7
625,12,False,False,True,midpoint,0.4695229497202243,0.4479211064552235,16,8
625,12,False,False,True,midpoint_with_inhaler,0.4695229497202243,0.4479211064552235,16,9
625,12,False,False,True,upper_bound,0.4695229497202243,0.4603034299640316,16,10
625,12,False,False,True,upper_bound_with_inhaler,0.4695229497202243,0.4603034299640316,16,11
625,12,False,True,False,one_hot,0.09790159931512978,0.09790159931512978,16,12
625,12,False,True,False,lower_bound,0.11783090637818773,0.04314062237805966,16,13
625,12,False,True,False,midpoint,0.11783090637818773,0.0834884173156368,16,14
625,12,False,True,False,midpoint_with_inhaler,0.11783090637818773,0.0834884173156368,16,15
625,12,False,True,False,upper_bound,0.11783090637818773,0.11010136339543514,16,16
625,12,False,True,False,upper_bound_with_inhaler,0.11783090637818773,0.11010136339543514,16,17
625,12,False,True,True,one_hot,0.09790159931512978,0.09790159931512978,16,18
625,12,False,True,True,lower_bound,0.11783090637818773,0.04314062237805966,16,19
625,12,False,True,True,midpoint,0.11783090637818773,0.0834884173156368,16,20
625,12,False,True,True,midpoint_with_inhaler,0.11783090637818773,0.0834884173156368,16,21
625,12,False,True,True,upper_bound,0.11783090637818773,0.11010136339543514,16,22
625,12,False,True,True,upper_bound_with_inhaler,0.11783090637818773,0.11010136339543514,16,23
625,12,True,False,False,one_hot,0.3811393090159241,0.3811393090159241,16,24
625,12,True,False,False,lower_bound,0.13793510095505312,-0.04128207653830102,16,25
625,12,True,False,False,midpoint,0.13793510095505312,0.03254528203235997,16,26
625,12,True,False,False,midpoint_with_inhaler,0.13793510095505312,0.03254528203235997,16,27
625,12,True,False,False,upper_bound,0.13793510095505312,0.08932388943290376,16,28
625,12,True,False,False,upper_bound_with_inhaler,0.13793510095505312,0.08932388943290376,16,29
625,12,True,False,True,one_hot,0.3811393090159241,0.3811393090159241,16,30
625,12,True,False,True,lower_bound,0.13793510095505312,-0.04128207653830102,16,31
625,12,True,False,True,midpoint,0.13793510095505312,0.03254528203235997,16,32
625,12,True,False,True,midpoint_with_inhaler,0.13793510095505312,0.03254528203235997,16,33
625,12,True,False,True,upper_bound,0.13793510095505312,0.08932388943290376,16,34
625,12,True,False,True,upper_bound_with_inhaler,0.13793510095505312,0.08932388943290376,16,35
625,24,False,False,False,one_hot,-0.05100891333626095,-0.05100891333626095,16,36
625,24,False,False,False,lower_bound,0.09457869137555991,0.09519525234339728,16,37
625,24,False,False,False,midpoint,0.09457869137555991,0.026332347890505297,16,38
625,24,False,False,False,midpoint_with_inhaler,0.09457869137555991,0.026332347890505297,16,39
625,24,False,False,False,upper_bound,0.09457869137555991,-0.02156488316456672,16,40
625,24,False,False,False,upper_bound_with_inhaler,0.09457869137555991,-0.02156488316456672,16,41
625,24,False,False,True,one_hot,-0.05100891333626095,-0.05100891333626095,16,42
625,24,False,False,True,lower_bound,0.09457869137555991,0.09519525234339728,16,43
625,24,False,False,True,midpoint,0.09457869137555991,0.026332347890505297,16,44
625,24,False,False,True,midpoint_with_inhaler,0.09457869137555991,0.026332347890505297,16,45
625,24,False,False,True,upper_bound,0.09457869137555991,-0.02156488316456672,16,46
625,24,False,False,True,upper_bound_with_inhaler,0.09457869137555991,-0.02156488316456672,16,47
625,24,False,True,False,one_hot,0.24275390789085044,0.24275390789085044,16,48
625,24,False,True,False,lower_bound,0.21198620141662816,0.08541702589202803,16,49
625,24,False,True,False,midpoint,0.21198620141662816,0.05798332441694142,16,50
625,24,False,True,False,midpoint_with_inhaler,0.21198620141662816,0.05798332441694142,16,51
625,24,False,True,False,upper_bound,0.21198620141662816,0.039580044096886535,16,52
625,24,False,True,False,upper_bound_with_inhaler,0.21198620141662816,0.039580044096886535,16,53
625,24,False,True,True,one_hot,0.24275390789085044,0.24275390789085044,16,54
625,24,False,True,True,lower_bound,0.21198620141662816,0.08541702589202803,16,55
625,24,False,True,True,midpoint,0.21198620141662816,0.05798332441694142,16,56
625,24,False,True,True,midpoint_with_inhaler,0.21198620141662816,0.05798332441694142,16,57
625,24,False,True,True,upper_bound,0.21198620141662816,0.039580044096886535,16,58
625,24,False,True,True,upper_bound_with_inhaler,0.21198620141662816,0.039580044096886535,16,59
625,24,True,False,False,one_hot,-0.05100891333626095,-0.05100891333626095,16,60
625,24,True,False,False,lower_bound,0.09457869137555991,0.09519525234339728,16,61
625,24,True,False,False,midpoint,0.09457869137555991,0.026332347890505297,16,62
625,24,True,False,False,midpoint_with_inhaler,0.09457869137555991,0.026332347890505297,16,63
625,24,True,False,False,upper_bound,0.09457869137555991,-0.02156488316456672,16,64
625,24,True,False,False,upper_bound_with_inhaler,0.09457869137555991,-0.02156488316456672,16,65
625,24,True,False,True,one_hot,-0.05100891333626095,-0.05100891333626095,16,66
625,24,True,False,True,lower_bound,0.09457869137555991,0.09519525234339728,16,67
625,24,True,False,True,midpoint,0.09457869137555991,0.026332347890505297,16,68
625,24,True,False,True,midpoint_with_inhaler,0.09457869137555991,0.026332347890505297,16,69
625,24,True,False,True,upper_bound,0.09457869137555991,-0.02156488316456672,16,70
625,24,True,False,True,upper_bound_with_inhaler,0.09457869137555991,-0.02156488316456672,16,71
625,36,False,False,False,one_hot,0.04765508990216245,0.04765508990216245,16,72
625,36,False,False,False,lower_bound,0.016422803460847197,0.1388175743421494,16,73
625,36,False,False,False,midpoint,0.016422803460847197,0.11429786620072249,16,74
625,36,False,False,False,midpoint_with_inhaler,0.016422803460847197,0.11429786620072249,16,75
625,36,False,False,False,upper_bound,0.016422803460847197,0.09479088806455548,16,76
625,36,False,False,False,upper_bound_with_inhaler,0.016422803460847197,0.09479088806455548,16,77
625,36,False,False,True,one_hot,0.04765508990216245,0.04765508990216245,16,78
625,36,False,False,True,lower_bound,0.016422803460847197,0.1388175743421494,16,79
625,36,False,False,True,midpoint,0.016422803460847197,0.11429786620072249,16,80
625,36,False,False,True,midpoint_with_inhaler,0.016422803460847197,0.11429786620072249,16,81
625,36,False,False,True,upper_bound,0.016422803460847197,0.09479088806455548,16,82
625,36,False,False,True,upper_bound_with_inhaler,0.016422803460847197,0.09479088806455548,16,83
625,36,True,False,False,one_hot,0.04765508990216245,0.04765508990216245,16,84
625,36,True,False,False,lower_bound,0.1380364676279734,0.06492608408559797,16,85
625,36,True,False,False,midpoint,0.1380364676279734,0.014319680083571115,16,86
625,36,True,False,False,midpoint_with_inhaler,0.1380364676279734,0.014319680083571115,16,87
625,36,True,False,False,upper_bound,0.1380364676279734,-0.023633772773067146,16,88
625,36,True,False,False,upper_bound_with_inhaler,0.1380364676279734,-0.023633772773067146,16,89
625,36,True,False,True,one_hot,0.04765508990216245,0.04765508990216245,16,90
625,36,True,False,True,lower_bound,0.1380364676279734,0.06492608408559797,16,91
625,36,True,False,True,midpoint,0.1380364676279734,0.014319680083571115,16,92
625,36,True,False,True,midpoint_with_inhaler,0.1380364676279734,0.014319680083571115,16,93
625,36,True,False,True,upper_bound,0.1380364676279734,-0.023633772773067146,16,94
625,36,True,False,True,upper_bound_with_inhaler,0.1380364676279734,-0.023633772773067146,16,95
625,48,False,False,False,one_hot,0.3015932993431672,0.3015932993431672,16,96
625,48,False,False,False,lower_bound,0.37414477283682,0.4751693696029034,16,97
625,48,False,False,False,midpoint,0.37414477283682,0.4617859332870686,16,98
625,48,False,False,False,midpoint_with_inhaler,0.37414477283682,0.4617859332870686,16,99
625,48,False,False,False,upper_bound,0.37414477283682,0.4442832000489196,16,100
625,48,False,False,False,upper_bound_with_inhaler,0.37414477283682,0.4442832000489196,16,101
625,48,False,False,True,one_hot,0.3015932993431672,0.3015932993431672,16,102
625,48,False,False,True,lower_bound,0.37414477283682,0.4751693696029034,16,103
625,48,False,False,True,midpoint,0.37414477283682,0.4617859332870686,16,104
625,48,False,False,True,midpoint_with_inhaler,0.37414477283682,0.4617859332870686,16,105
625,48,False,False,True,upper_bound,0.37414477283682,0.4442832000489196,16,106
625,48,False,False,True,upper_bound_with_inhaler,0.37414477283682,0.4442832000489196,16,107
625,48,False,True,False,one_hot,-0.2217841271925575,-0.2217841271925575,16,108
625,48,False,True,False,lower_bound,0.15811751839989954,0.32133265836979047,16,109
625,48,False,True,False,midpoint,0.15811751839989954,0.32123567691536004,16,110
625,48,False,True,False,midpoint_with_inhaler,0.15811751839989954,0.32123567691536004,16,111
625,48,False,True,False,upper_bound,0.15811751839989954,0.3029088725632553,16,112
625,48,False,True,False,upper_bound_with_inhaler,0.15811751839989954,0.3029088725632553,16,113
625,48,False,True,True,one_hot,-0.2217841271925575,-0.2217841271925575,16,114
625,48,False,True,True,lower_bound,0.15811751839989954,0.32133265836979047,16,115
625,48,False,True,True,midpoint,0.15811751839989954,0.32123567691536004,16,116
625,48,False,True,True,midpoint_with_inhaler,0.15811751839989954,0.32123567691536004,16,117
625,48,False,True,True,upper_bound,0.15811751839989954,0.3029088725632553,16,118
625,48,False,True,True,upper_bound_with_inhaler,0.15811751839989954,0.3029088725632553,16,119
625,48,True,False,False,one_hot,0.22454648570222732,0.22454648570222732,16,120
625,48,True,False,False,lower_bound,0.45695853706952044,0.5257004818176225,16,121
625,48,True,False,False,midpoint,0.45695853706952044,0.552523308994673,16,122
625,48,True,False,False,midpoint_with_inhaler,0.45695853706952044,0.552523308994673,16,123
625,48,True,False,False,upper_bound,0.45695853706952044,0.5493061443340549,16,124
625,48,True,False,False,upper_bound_with_inhaler,0.45695853706952044,0.5493061443340549,16,125
625,48,True,False,True,one_hot,0.22454648570222732,0.22454648570222732,16,126
625,48,True,False,True,lower_bound,0.45695853706952044,0.5257004818176225,16,127
625,48,True,False,True,midpoint,0.45695853706952044,0.552523308994673,16,128
625,48,True,False,True,midpoint_with_inhaler,0.45695853706952044,0.552523308994673,16,129
625,48,True,False,True,upper_bound,0.45695853706952044,0.5493061443340549,16,130
625,48,True,False,True,upper_bound_with_inhaler,0.45695853706952044,0.5493061443340549,16,131
701,12,False,False,False,one_hot,,,30,0
701,12,False,False,False,lower_bound,0.2542710907146033,0.24982304366167649,30,1
701,12,False,False,False,midpoint,0.2542710907146033,0.2593948844302535,30,2
701,12,False,False,False,midpoint_with_inhaler,0.2542710907146033,0.2593948844302535,30,3
701,12,False,False,False,upper_bound,0.2542710907146033,0.2580933307232509,30,4
701,12,False,False,False,upper_bound_with_inhaler,0.2542710907146033,0.2580933307232509,30,5
701,12,False,False,True,one_hot,,,30,6
701,12,False,False,True,lower_bound,0.2542710907146033,0.24982304366167649,30,7
701,12,False,False,True,midpoint,0.2542710907146033,0.2593948844302535,30,8
701,12,False,False,True,midpoint_with_inhaler,0.2542710907146033,0.2593948844302535,30,9
701,12,False,False,True,upper_bound,0.2542710907146033,0.2580933307232509,30,10
701,12,False,False,True,upper_bound_with_inhaler,0.2542710907146033,0.2580933307232509,30,11
701,12,False,True,False,one_hot,,,30,12
701,12,False,True,False,lower_bound,0.3853472740318273,0.39914780971036123,30,13
701,12,False,True,False,midpoint,0.3853472740318273,0.4005800490375745,30,14
701,12,False,True,False,midpoint_with_inhaler,0.3853472740318273,0.4005800490375745,30,15
701,12,False,True,False,upper_bound,0.3853472740318273,0.39571024300988344,30,16
701,12,False,True,False,upper_bound_with_inhaler,0.3853472740318273,0.39571024300988344,30,17
701,12,False,True,True,one_hot,,,30,18
701,12,False,True,True,lower_bound,0.3853472740318273,0.39914780971036123,30,19
701,12,False,True,True,midpoint,0.3853472740318273,0.4005800490375745,30,20
701,12,False,True,True,midpoint_with_inhaler,0.3853472740318273,0.4005800490375745,30,21
701,12,False,True,True,upper_bound,0.3853472740318273,0.39571024300988344,30,22
701,12,False,True,True,upper_bound_with_inhaler,0.3853472740318273,0.39571024300988344,30,23
701,12,True,False,False,one_hot,,,30,24
701,12,True,False,False,lower_bound,0.20235518962500026,0.23582659091166366,30,25
701,12,True,False,False,midpoint,0.20235518962500026,0.24193550715616816,30,26
701,12,True,False,False,midpoint_with_inhaler,0.20235518962500026,0.24193550715616816,30,27
701,12,True,False,False,upper_bound,0.20235518962500026,0.24749241140288877,30,28
701,12,True,False,False,upper_bound_with_inhaler,0.20235518962500026,0.24749241140288877,30,29
701,12,True,False,True,one_hot,,,30,30
701,12,True,False,True,lower_bound,0.20235518962500026,0.23582659091166366,30,31
701,12,True,False,True,midpoint,0.20235518962500026,0.24193550715616816,30,32
701,12,True,False,True,midpoint_with_inhaler,0.20235518962500026,0.24193550715616816,30,33
701,12,True,False,True,upper_bound,0.20235518962500026,0.24749241140288877,30,34
701,12,True,False,True,upper_bound_with_inhaler,0.20235518962500026,0.24749241140288877,30,35
701,24,False,False,False,one_hot,,,30,36
701,24,False,False,False,lower_bound,0.29954155341793387,0.32181289037244837,30,37
701,24,False,False,False,midpoint,0.29954155341793387,0.32663185815366635,30,38
701,24,False,False,False,midpoint_with_inhaler,0.29954155341793387,0.32663185815366635,30,39
701,24,False,False,False,upper_bound,0.29954155341793387,0.3270558394879105,30,40
701,24,False,False,False,upper_bound_with_inhaler,0.29954155341793387,0.3270558394879105,30,41
701,24,False,False,True,one_hot,,,30,42
701,24,False,False,True,lower_bound,0.29954155341793387,0.32181289037244837,30,43
701,24,False,False,True,midpoint,0.29954155341793387,0.32663185815366635,30,44
701,24,False,False,True,midpoint_with_inhaler,0.29954155341793387,0.32663185815366635,30,45
701,24,False,False,True,upper_bound,0.29954155341793387,0.3270558394879105,30,46
701,24,False,False,True,upper_bound_with_inhaler,0.29954155341793387,0.3270558394879105,30,47
701,24,False,True,False,one_hot,,,30,48
701,24,False,True,False,lower_bound,0.18729196785061838,0.16397672001325264,30,49
701,24,False,True,False,midpoint,0.18729196785061838,0.12004236700584721,30,50
701,24,False,True,False,midpoint_with_inhaler,0.18729196785061838,0.12004236700584721,30,51
701,24,False,True,False,upper_bound,0.18729196785061838,0.08453775463221656,30,52
701,24,False,True,False,upper_bound_with_inhaler,0.18729196785061838,0.08453775463221656,30,53
701,24,False,True,True,one_hot,,,30,54
701,24,False,True,True,lower_bound,0.18729196785061838,0.16397672001325264,30,55
701,24,False,True,True,midpoint,0.18729196785061838,0.12004236700584721,30,56
701,24,False,True,True,midpoint_with_inhaler,0.18729196785061838,0.12004236700584721,30,57
701,24,False,True,True,upper_bound,0.18729196785061838,0.08453775463221656,30,58
701,24,False,True,True,upper_bound_with_inhaler,0.18729196785061838,0.08453775463221656,30,59
701,24,True,False,False,one_hot,,,30,60
701,24,True,False,False,lower_bound,0.29954155341793387,0.32181289037244837,30,61
701,24,True,False,False,midpoint,0.29954155341793387,0.32663185815366635,30,62
701,24,True,False,False,midpoint_with_inhaler,0.29954155341793387,0.32663185815366635,30,63
701,24,True,False,False,upper_bound,0.29954155341793387,0.3270558394879105,30,64
701,24,True,False,False,upper_bound_with_inhaler,0.29954155341793387,0.3270558394879105,30,65
701,24,True,False,True,one_hot,,,30,66
701,24,True,False,True,lower_bound,0.29954155341793387,0.32181289037244837,30,67
701,24,True,False,True,midpoint,0.29954155341793387,0.32663185815366635,30,68
701,24,True,False,True,midpoint_with_inhaler,0.29954155341793387,0.32663185815366635,30,69
701,24,True,False,True,upper_bound,0.29954155341793387,0.3270558394879105,30,70
701,24,True,False,True,upper_bound_with_inhaler,0.29954155341793387,0.3270558394879105,30,71
701,36,False,False,False,one_hot,,,30,72
701,36,False,False,False,lower_bound,0.29278895335776345,0.35418547075938484,30,73
701,36,False,False,False,midpoint,0.29278895335776345,0.28714963482819145,30,74
701,36,False,False,False,midpoint_with_inhaler,0.29278895335776345,0.28714963482819145,30,75
701,36,False,False,False,upper_bound,0.29278895335776345,0.2514227089478458,30,76
701,36,False,False,False,upper_bound_with_inhaler,0.29278895335776345,0.2514227089478458,30,77
701,36,False,False,True,one_hot,,,30,78
701,36,False,False,True,lower_bound,0.29278895335776345,0.35418547075938484,30,79
701,36,False,False,True,midpoint,0.29278895335776345,0.28714963482819145,30,80
701,36,False,False,True,midpoint_with_inhaler,0.29278895335776345,0.28714963482819145,30,81
701,36,False,False,True,upper_bound,0.29278895335776345,0.2514227089478458,30,82
701,36,False,False,True,upper_bound_with_inhaler,0.29278895335776345,0.2514227089478458,30,83
701,36,True,False,False,one_hot,,,30,84
701,36,True,False,False,lower_bound,0.07741933683635085,0.1236370518080331,30,85
701,36,True,False,False,midpoint,0.07741933683635085,0.13340757208524118,30,86
701,36,True,False,False,midpoint_with_inhaler,0.07741933683635085,0.13340757208524118,30,87
701,36,True,False,False,upper_bound,0.07741933683635085,0.14591161379503223,30,88
701,36,True,False,False,upper_bound_with_inhaler,0.07741933683635085,0.14591161379503223,30,89
701,36,True,False,True,one_hot,,,30,90
701,36,True,False,True,lower_bound,0.07741933683635085,0.1236370518080331,30,91
701,36,True,False,True,midpoint,0.07741933683635085,0.13340757208524118,30,92
701,36,True,False,True,midpoint_with_inhaler,0.07741933683635085,0.13340757208524118,30,93
701,36,True,False,True,upper_bound,0.07741933683635085,0.14591161379503223,30,94
701,36,True,False,True,upper_bound_with_inhaler,0.07741933683635085,0.14591161379503223,30,95
701,48,False,False,False,one_hot,,,30,96
701,48,False,False,False,lower_bound,0.24416650013269897,0.35327522939714684,30,97
701,48,False,False,False,midpoint,0.24416650013269897,0.2822490552709522,30,98
701,48,False,False,False,midpoint_with_inhaler,0.24416650013269897,0.2822490552709522,30,99
701,48,False,False,False,upper_bound,0.24416650013269897,0.24622071194137476,30,100
701,48,False,False,False,upper_bound_with_inhaler,0.24416650013269897,0.24622071194137476,30,101
701,48,False,False,True,one_hot,,,30,102
701,48,False,False,True,lower_bound,0.24416650013269897,0.35327522939714684,30,103
701,48,False,False,True,midpoint,0.24416650013269897,0.2822490552709522,30,104
701,48,False,False,True,midpoint_with_inhaler,0.24416650013269897,0.2822490552709522,30,105
701,48,False,False,True,upper_bound,0.24416650013269897,0.24622071194137476,30,106
701,48,False,False,True,upper_bound_with_inhaler,0.24416650013269897,0.24622071194137476,30,107
701,48,False,True,False,one_hot,,,30,108
701,48,False,True,False,lower_bound,0.12562575360066633,0.12411616912544997,30,109
701,48,False,True,False,midpoint,0.12562575360066633,0.0918835609103647,30,110
701,48,False,True,False,midpoint_with_inhaler,0.12562575360066633,0.0918835609103647,30,111
701,48,False,True,False,upper_bound,0.12562575360066633,0.06813378688976403,30,112
701,48,False,True,False,upper_bound_with_inhaler,0.12562575360066633,0.06813378688976403,30,113
701,48,False,True,True,one_hot,,,30,114
701,48,False,True,True,lower_bound,0.12562575360066633,0.12411616912544997,30,115
701,48,False,True,True,midpoint,0.12562575360066633,0.0918835609103647,30,116
701,48,False,True,True,midpoint_with_inhaler,0.12562575360066633,0.0918835609103647,30,117
701,48,False,True,True,upper_bound,0.12562575360066633,0.06813378688976403,30,118
701,48,False,True,True,upper_bound_with_inhaler,0.12562575360066633,0.06813378688976403,30,119
701,48,True,False,False,one_hot,,,30,120
701,48,True,False,False,lower_bound,0.009050996040286936,0.0033614568968569976,30,121
701,48,True,False,False,midpoint,0.009050996040286936,0.0258366599226199,30,122
701,48,True,False,False,midpoint_with_inhaler,0.009050996040286936,0.0258366599226199,30,123
701,48,True,False,False,upper_bound,0.009050996040286936,0.03758263157195116,30,124
701,48,True,False,False,upper_bound_with_inhaler,0.009050996040286936,0.03758263157195116,30,125
701,48,True,False,True,one_hot,,,30,126
701,48,True,False,True,lower_bound,0.009050996040286936,0.0033614568968569976,30,127
701,48,True,False,True,midpoint,0.009050996040286936,0.0258366599226199,30,128
701,48,True,False,True,midpoint_with_inhaler,0.009050996040286936,0.0258366599226199,30,129
701,48,True,False,True,upper_bound,0.009050996040286936,0.03758263157195116,30,130
701,48,True,False,True,upper_bound_with_inhaler,0.009050996040286936,0.03758263157195116,30,131
702,12,False,False,False,one_hot,0.5008496383953849,0.5008496383953849,120,0
702,12,False,False,False,lower_bound,0.5486876411879591,0.897579701296246,120,1
702,12,False,False,False,midpoint,0.5486876411879591,0.7997738944181657,120,2
702,12,False,False,False,midpoint_with_inhaler,0.5486876411879591,0.7997738944181657,120,3
702,12,False,False,False,upper_bound,0.5486876411879591,0.737781440256206,120,4
702,12,False,False,False,upper_bound_with_inhaler,0.5486876411879591,0.737781440256206,120,5
702,12,False,False,True,one_hot,0.5008496383953849,0.5008496383953849,120,6
702,12,False,False,True,lower_bound,0.5486876411879591,0.897579701296246,120,7
702,12,False,False,True,midpoint,0.5486876411879591,0.7997738944181657,120,8
702,12,False,False,True,midpoint_with_inhaler,0.5486876411879591,0.7997738944181657,120,9
702,12,False,False,True,upper_bound,0.5486876411879591,0.737781440256206,120,10
702,12,False,False,True,upper_bound_with_inhaler,0.5486876411879591,0.737781440256206,120,11
702,12,False,True,False,one_hot,0.3066630449867712,0.3066630449867712,120,12
702,12,False,True,False,lower_bound,0.39023936085840194,0.5578244640420457,120,13
702,12,False,True,False,midpoint,0.39023936085840194,0.5362942334389124,120,14
702,12,False,True,False,midpoint_with_inhaler,0.39023936085840194,0.5362942334389124,120,15
702,12,False,True,False,upper_bound,0.39023936085840194,0.5157114775749763,120,16
702,12,False,True,False,upper_bound_with_inhaler,0.39023936085840194,0.5157114775749763,120,17
702,12,False,True,True,one_hot,0.3066630449867712,0.3066630449867712,120,18
702,12,False,True,True,lower_bound,0.39023936085840194,0.5578244640420457,120,19
702,12,False,True,True,midpoint,0.39023936085840194,0.5362942334389124,120,20
702,12,False,True,True,midpoint_with_inhaler,0.39023936085840194,0.5362942334389124,120,21
702,12,False,True,True,upper_bound,0.39023936085840194,0.5157114775749763,120,22
702,12,False,True,True,upper_bound_with_inhaler,0.39023936085840194,0.5157114775749763,120,23
702,12,True,False,False,one_hot,0.40610964926557724,0.40610964926557724,120,24
702,12,True,False,False,lower_bound,0.4952185394021675,0.8817585148855775,120,25
702,12,True,False,False,midpoint,0.4952185394021675,0.8473496262653475,120,26
702,12,True,False,False,midpoint_with_inhaler,0.4952185394021675,0.8473496262653475,120,27
702,12,True,False,False,upper_bound,0.4952185394021675,0.8179693996882109,120,28
702,12,True,False,False,upper_bound_with_inhaler,0.4952185394021675,0.8179693996882109,120,29
702,12,True,False,True,one_hot,0.40610964926557724,0.40610964926557724,120,30
702,12,True,False,True,lower_bound,0.4952185394021675,0.8817585148855775,120,31
702,12,True,False,True,midpoint,0.4952185394021675,0.8473496262653475,120,32
702,12,True,False,True,midpoint_with_inhaler,0.4952185394021675,0.8473496262653475,120,33
702,12,True,False,True,upper_bound,0.4952185394021675,0.8179693996882109,120,34
702,12,True,False,True,upper_bound_with_inhaler,0.4952185394021675,0.8179693996882109,120,35
702,24,False,False,False,one_hot,0.4508838142406982,0.4508838142406982,120,36
702,24,False,False,False,lower_bound,0.5575845284674719,0.9867959040006141,120,37
702,24,False,False,False,midpoint,0.5575845284674719,0.9327249782149194,120,38
702,24,False,False,False,midpoint_with_inhaler,0.5575845284674719,0.9327249782149194,120,39
702,24,False,False,False,upper_bound,0.5575845284674719,0.8885352128075685,120,40
702,24,False,False,False,upper_bound_with_inhaler,0.5575845284674719,0.8885352128075685,120,41
702,24,False,False,True,one_hot,0.4508838142406982,0.4508838142406982,120,42
702,24,False,False,True,lower_bound,0.5575845284674719,0.9867959040006141,120,43
702,24,False,False,True,midpoint,0.5575845284674719,0.9327249782149194,120,44
702,24,False,False,True,midpoint_with_inhaler,0.5575845284674719,0.9327249782149194,120,45
702,24,False,False,True,upper_bound,0.5575845284674719,0.8885352128075685,120,46
702,24,False,False,True,upper_bound_with_inhaler,0.5575845284674719,0.8885352128075685,120,47
702,24,False,True,False,one_hot,0.44012967062777447,0.44012967062777447,120,48
702,24,False,True,False,lower_bound,0.5270803821924405,0.929838783494998,120,49
702,24,False,True,False,midpoint,0.5270803821924405,0.8809904270071103,120,50
702,24,False,True,False,midpoint_with_inhaler,0.5270803821924405,0.8809904270071103,120,51
702,24,False,True,False,upper_bound,0.5270803821924405,0.8426860560922325,120,52
702,24,False,True,False,upper_bound_with_inhaler,0.5270803821924405,0.8426860560922325,120,53
702,24,False,True,True,one_hot,0.44012967062777447,0.44012967062777447,120,54
702,24,False,True,True,lower_bound,0.5270803821924405,0.929838783494998,120,55
702,24,False,True,True,midpoint,0.5270803821924405,0.8809904270071103,120,56
702,24,False,True,True,midpoint_with_inhaler,0.5270803821924405,0.8809904270071103,120,57
702,24,False,True,True,upper_bound,0.5270803821924405,0.8426860560922325,120,58
702,24,False,True,True,upper_bound_with_inhaler,0.5270803821924405,0.8426860560922325,120,59
702,24,True,False,False,one_hot,0.4508838142406982,0.4508838142406982,120,60
702,24,True,False,False,lower_bound,0.5575845284674719,0.9867959040006141,120,61
702,24,True,False,False,midpoint,0.5575845284674719,0.9327249782149194,120,62
702,24,True,False,False,midpoint_with_inhaler,0.5575845284674719,0.9327249782149194,120,63
702,24,True,False,False,upper_bound,0.5575845284674719,0.8885352128075685,120,64
702,24,True,False,False,upper_bound_with_inhaler,0.5575845284674719,0.8885352128075685,120,65
702,24,True,False,True,one_hot,0.4508838142406982,0.4508838142406982,120,66
702,24,True,False,True,lower_bound,0.5575845284674719,0.9867959040006141,120,67
702,24,True,False,True,midpoint,0.5575845284674719,0.9327249782149194,120,68
702,24,True,False,True,midpoint_with_inhaler,0.5575845284674719,0.9327249782149194,120,69
702,24,True,False,True,upper_bound,0.5575845284674719,0.8885352128075685,120,70
702,24,True,False,True,upper_bound_with_inhaler,0.5575845284674719,0.8885352128075685,120,71
702,36,False,False,False,one_hot,0.5578354811248827,0.5578354811248827,120,72
702,36,False,False,False,lower_bound,0.6962175384857152,1.2041963322916396,120,73
702,36,False,False,False,midpoint,0.6962175384857152,1.1666408966635873,120,74
702,36,False,False,False,midpoint_with_inhaler,0.6962175384857152,1.1666408966635873,120,75
702,36,False,False,False,upper_bound,0.6962175384857152,1.1234796497071335,120,76
702,36,False,False,False,upper_bound_with_inhaler,0.6962175384857152,1.1234796497071335,120,77
702,36,False,False,True,one_hot,0.5578354811248827,0.5578354811248827,120,78
702,36,False,False,True,lower_bound,0.6962175384857152,1.2041963322916396,120,79
702,36,False,False,True,midpoint,0.6962175384857152,1.1666408966635873,120,80
702,36,False,False,True,midpoint_with_inhaler,0.6962175384857152,1.1666408966635873,120,81
702,36,False,False,True,upper_bound,0.6962175384857152,1.1234796497071335,120,82
702,36,False,False,True,upper_bound_with_inhaler,0.6962175384857152,1.1234796497071335,120,83
702,36,True,False,False,one_hot,0.4980571230126205,0.4980571230126205,120,84
702,36,True,False,False,lower_bound,0.551937878504153,0.7418658417290225,120,85
702,36,True,False,False,midpoint,0.551937878504153,0.7116690982274093,120,86
702,36,True,False,False,midpoint_with_inhaler,0.551937878504153,0.7116690982274093,120,87
702,36,True,False,False,upper_bound,0.551937878504153,0.6833511002225876,120,88
702,36,True,False,False,upper_bound_with_inhaler,0.551937878504153,0.6833511002225876,120,89
702,36,True,False,True,one_hot,0.4980571230126205,0.4980571230126205,120,90
702,36,True,False,True,lower_bound,0.551937878504153,0.7418658417290225,120,91
702,36,True,False,True,midpoint,0.551937878504153,0.7116690982274093,120,92
702,36,True,False,True,midpoint_with_inhaler,0.551937878504153,0.7116690982274093,120,93
702,36,True,False,True,upper_bound,0.551937878504153,0.6833511002225876,120,94
702,36,True,False,True,upper_bound_with_inhaler,0.551937878504153,0.6833511002225876,120,95
702,48,False,False,False,one_hot,0.36413850276897836,0.36413850276897836,120,96
702,48,False,False,False,lower_bound,0.5852391970122325,1.1245465333338038,120,97
702,48,False,False,False,midpoint,0.5852391970122325,1.0729421551323106,120,98
702,48,False,False,False,midpoint_with_inhaler,0.5852391970122325,1.0729421551323106,120,99
702,48,False,False,False,upper_bound,0.5852391970122325,1.0226005890971155,120,100
702,48,False,False,False,upper_bound_with_inhaler,0.5852391970122325,1.0226005890971155,120,101
702,48,False,False,True,one_hot,0.36413850276897836,0.36413850276897836,120,102
702,48,False,False,True,lower_bound,0.5852391970122325,1.1245465333338038,120,103
702,48,False,False,True,midpoint,0.5852391970122325,1.0729421551323106,120,104
702,48,False,False,True,midpoint_with_inhaler,0.5852391970122325,1.0729421551323106,120,105
702,48,False,False,True,upper_bound,0.5852391970122325,1.0226005890971155,120,106
702,48,False,False,True,upper_bound_with_inhaler,0.5852391970122325,1.0226005890971155,120,107
702,48,False,True,False,one_hot,0.16858427375155433,0.16858427375155433,120,108
702,48,False,True,False,lower_bound,0.24545094757629257,0.47641727113404087,120,109
702,48,False,True,False,midpoint,0.24545094757629257,0.42988191383907043,120,110
702,48,False,True,False,midpoint_with_inhaler,0.24545094757629257,0.42988191383907043,120,111
702,48,False,True,False,upper_bound,0.24545094757629257,0.3939792283442538,120,112
702,48,False,True,False,upper_bound_with_inhaler,0.24545094757629257,0.3939792283442538,120,113
702,48,False,True,True,one_hot,0.16858427375155433,0.16858427375155433,120,114
702,48,False,True,True,lower_bound,0.24545094757629257,0.47641727113404087,120,115
702,48,False,True,True,midpoint,0.24545094757629257,0.42988191383907043,120,116
702,48,False,True,True,midpoint_with_inhaler,0.24545094757629257,0.42988191383907043,120,117
702,48,False,True,True,upper_bound,0.24545094757629257,0.3939792283442538,120,118
702,48,False,True,True,upper_bound_with_inhaler,0.24545094757629257,0.3939792283442538,120,119
702,48,True,False,False,one_hot,0.23012201214274985,0.23012201214274994,120,120
702,48,True,False,False,lower_bound,0.2922684405932216,0.5249619613922721,120,121
702,48,True,False,False,midpoint,0.2922684405932216,0.49478695345809626,120,122
702,48,True,False,False,midpoint_with_inhaler,0.2922684405932216,0.49478695345809626,120,123
702,48,True,False,False,upper_bound,0.2922684405932216,0.4692859078642689,120,124
702,48,True,False,False,upper_bound_with_inhaler,0.2922684405932216,0.4692859078642689,120,125
702,48,True,False,True,one_hot,0.23012201214274985,0.23012201214274994,120,126
702,48,True,False,True,lower_bound,0.2922684405932216,0.5249619613922721,120,127
702,48,True,False,True,midpoint,0.2922684405932216,0.49478695345809626,120,128
702,48,True,False,True,midpoint_with_inhaler,0.2922684405932216,0.49478695345809626,120,129
702,48,True,False,True,upper_bound,0.2922684405932216,0.4692859078642689,120,130
702,48,True,False,True,upper_bound_with_inhaler,0.2922684405932216,0.4692859078642689,120,131
917,12,False,False,False,one_hot,0.3274501502372585,0.32745015023725854,9,0
917,12,False,False,False,lower_bound,0.8685699774594375,1.2717888221464269,9,1
917,12,False,False,False,midpoint,0.8685699774594375,1.2622951299831697,9,2
917,12,False,False,False,midpoint_with_inhaler,0.8685699774594375,1.2622951299831697,9,3
917,12,False,False,False,upper_bound,0.8685699774594375,1.2216592544207694,9,4
917,12,False,False,False,upper_bound_with_inhaler,0.8685699774594375,1.2216592544207694,9,5
917,12,False,False,True,one_hot,0.3274501502372585,0.32745015023725854,9,6
917,12,False,False,True,lower_bound,0.8685699774594375,1.2717888221464269,9,7
917,12,False,False,True,midpoint,0.8685699774594375,1.2622951299831697,9,8
917,12,False,False,True,midpoint_with_inhaler,0.8685699774594375,1.2622951299831697,9,9
917,12,False,False,True,upper_bound,0.8685699774594375,1.2216592544207694,9,10
917,12,False,False,True,upper_bound_with_inhaler,0.8685699774594375,1.2216592544207694,9,11
917,12,False,True,False,one_hot,0.4180480042601458,0.4180480042601458,9,12
917,12,False,True,False,lower_bound,1.1225282266670786,1.081016815694915,9,13
917,12,False,True,False,midpoint,1.1225282266670786,1.0232084629877085,9,14
917,12,False,True,False,midpoint_with_inhaler,1.1225282266670786,1.0232084629877085,9,15
917,12,False,True,False,upper_bound,1.1225282266670786,0.9649570741841357,9,16
917,12,False,True,False,upper_bound_with_inhaler,1.1225282266670786,0.9649570741841357,9,17
917,12,False,True,True,one_hot,0.4180480042601458,0.4180480042601458,9,18
917,12,False,True,True,lower_bound,1.1225282266670786,1.081016815694915,9,19
917,12,False,True,True,midpoint,1.1225282266670786,1.0232084629877085,9,20
917,12,False,True,True,midpoint_with_inhaler,1.1225282266670786,1.0232084629877085,9,21
917,12,False,True,True,upper_bound,1.1225282266670786,0.9649570741841357,9,22
917,12,False,True,True,upper_bound_with_inhaler,1.1225282266670786,0.9649570741841357,9,23
917,12,True,False,False,one_hot,0.4180480042601457,0.4180480042601458,9,24
917,12,True,False,False,lower_bound,0.7448649741840664,0.9791317192731284,9,25
917,12,True,False,False,midpoint,0.7448649741840664,1.055599173705773,9,26
917,12,True,False,False,midpoint_with_inhaler,0.7448649741840664,1.055599173705773,9,27
917,12,True,False,False,upper_bound,0.7448649741840664,1.0784647724540604,9,28
917,12,True,False,False,upper_bound_with_inhaler,0.7448649741840664,1.0784647724540604,9,29
917,12,True,False,True,one_hot,0.4180480042601457,0.4180480042601458,9,30
917,12,True,False,True,lower_bound,0.7448649741840664,0.9791317192731284,9,31
917,12,True,False,True,midpoint,0.7448649741840664,1.055599173705773,9,32
917,12,True,False,True,midpoint_with_inhaler,0.7448649741840664,1.055599173705773,9,33
917,12,True,False,True,upper_bound,0.7448649741840664,1.0784647724540604,9,34
917,12,True,False,True,upper_bound_with_inhaler,0.7448649741840664,1.0784647724540604,9,35
917,24,False,False,False,one_hot,,,9,36
917,24,False,False,False,lower_bound,1.810453812417928,1.3121789439534652,9,37
917,24,False,False,False,midpoint,1.810453812417928,1.333061910592787,9,38
917,24,False,False,False,midpoint_with_inhaler,1.810453812417928,1.333061910592787,9,39
917,24,False,False,False,upper_bound,1.810453812417928,1.33028220175788,9,40
917,24,False,False,False,upper_bound_with_inhaler,1.810453812417928,1.33028220175788,9,41
917,24,False,False,True,one_hot,,,9,42
917,24,False,False,True,lower_bound,1.810453812417928,1.3121789439534652,9,43
917,24,False,False,True,midpoint,1.810453812417928,1.333061910592787,9,44
917,24,False,False,True,midpoint_with_inhaler,1.810453812417928,1.333061910592787,9,45
917,24,False,False,True,upper_bound,1.810453812417928,1.33028220175788,9,46
917,24,False,False,True,upper_bound_with_inhaler,1.810453812417928,1.33028220175788,9,47
917,24,False,True,False,one_hot,,,9,48
917,24,False,True,False,lower_bound,0.6850439186774424,0.9659240966937714,9,49
917,24,False,True,False,midpoint,0.6850439186774424,1.0482709997354065,9,50
917,24,False,True,False,midpoint_with_inhaler,0.6850439186774424,1.0482709997354065,9,51
917,24,False,True,False,upper_bound,0.6850439186774424,1.0729483047346626,9,52
917,24,False,True,False,upper_bound_with_inhaler,0.6850439186774424,1.0729483047346626,9,53
917,24,False,True,True,one_hot,,,9,54
917,24,False,True,True,lower_bound,0.6850439186774424,0.9659240966937714,9,55
917,24,False,True,True,midpoint,0.6850439186774424,1.0482709997354065,9,56
917,24,False,True,True,midpoint_with_inhaler,0.6850439186774424,1.0482709997354065,9,57
917,24,False,True,True,upper_bound,0.6850439186774424,1.0729483047346626,9,58
917,24,False,True,True,upper_bound_with_inhaler,0.6850439186774424,1.0729483047346626,9,59
917,24,True,False,False,one_hot,,,9,60
917,24,True,False,False,lower_bound,1.810453812417928,1.3121789439534652,9,61
917,24,True,False,False,midpoint,1.810453812417928,1.333061910592787,9,62
917,24,True,False,False,midpoint_with_inhaler,1.810453812417928,1.333061910592787,9,63
917,24,True,False,False,upper_bound,1.810453812417928,1.33028220175788,9,64
917,24,True,False,False,upper_bound_with_inhaler,1.810453812417928,1.33028220175788,9,65
917,24,True,False,True,one_hot,,,9,66
917,24,True,False,True,lower_bound,1.810453812417928,1.3121789439534652,9,67
917,24,True,False,True,midpoint,1.810453812417928,1.333061910592787,9,68
917,24,True,False,True,midpoint_with_inhaler,1.810453812417928,1.333061910592787,9,69
917,24,True,False,True,upper_bound,1.810453812417928,1.33028220175788,9,70
917,24,True,False,True,upper_bound_with_inhaler,1.810453812417928,1.33028220175788,9,71
917,36,False,False,False,one_hot,,,9,72
917,36,False,False,False,lower_bound,0.8685699774594375,1.2479572547845916,9,73
917,36,False,False,False,midpoint,0.8685699774594375,1.2699111875898885,9,74
917,36,False,False,False,midpoint_with_inhaler,0.8685699774594375,1.2699111875898885,9,75
917,36,False,False,False,upper_bound,0.8685699774594375,1.2769412646296603,9,76
917,36,False,False,False,upper_bound_with_inhaler,0.8685699774594375,1.2769412646296603,9,77
917,36,False,False,True,one_hot,,,9,78
917,36,False,False,True,lower_bound,0.8685699774594375,1.2479572547845916,9,79
917,36,False,False,True,midpoint,0.8685699774594375,1.2699111875898885,9,80
917,36,False,False,True,midpoint_with_inhaler,0.8685699774594375,1.2699111875898885,9,81
917,36,False,False,True,upper_bound,0.8685699774594375,1.2769412646296603,9,82
917,36,False,False,True,upper_bound_with_inhaler,0.8685699774594375,1.2769412646296603,9,83
917,36,True,False,False,one_hot,,,9,84
917,36,True,False,False,lower_bound,0.398659607004562,0.40816279375912423,9,85
917,36,True,False,False,midpoint,0.398659607004562,0.45951202029614147,9,86
917,36,True,False,False,midpoint_with_inhaler,0.398659607004562,0.45951202029614147,9,87
917,36,True,False,False,upper_bound,0.398659607004562,0.4985514966887194,9,88
917,36,True,False,False,upper_bound_with_inhaler,0.398659607004562,0.4985514966887194,9,89
917,36,True,False,True,one_hot,,,9,90
917,36,True,False,True,lower_bound,0.398659607004562,0.40816279375912423,9,91
917,36,True,False,True,midpoint,0.398659607004562,0.45951202029614147,9,92
917,36,True,False,True,midpoint_with_inhaler,0.398659607004562,0.45951202029614147,9,93
917,36,True,False,True,upper_bound,0.398659607004562,0.4985514966887194,9,94
917,36,True,False,True,upper_bound_with_inhaler,0.398659607004562,0.4985514966887194,9,95
917,48,False,False,False,one_hot,,,9,96
917,48,False,False,False,lower_bound,0.6627470810464634,1.0482364710586967,9,97
917,48,False,False,False,midpoint,0.6627470810464634,0.9714644308409853,9,98
917,48,False,False,False,midpoint_with_inhaler,0.6627470810464634,1.0094977614065694,9,99
917,48,False,False,False,upper_bound,0.6627470810464634,0.8662862622961303,9,100
917,48,False,False,False,upper_bound_with_inhaler,0.6627470810464634,0.9199062765180583,9,101
917,48,False,False,True,one_hot,,,9,102
917,48,False,False,True,lower_bound,0.6627470810464634,1.0482364710586967,9,103
917,48,False,False,True,midpoint,0.6627470810464634,0.9714644308409853,9,104
917,48,False,False,True,midpoint_with_inhaler,0.6627470810464634,1.0094977614065694,9,105
917,48,False,False,True,upper_bound,0.6627470810464634,0.8662862622961303,9,106
917,48,False,False,True,upper_bound_with_inhaler,0.6627470810464634,0.9199062765180583,9,107
917,48,False,True,False,one_hot,0.4180480042601458,0.4180480042601458,9,108
917,48,False,True,False,lower_bound,0.7323945478120816,0.7335690932129011,9,109
917,48,False,True,False,midpoint,0.7323945478120816,0.690056726186083,9,110
917,48,False,True,False,midpoint_with_inhaler,0.7323945478120816,0.690056726186083,9,111
917,48,False,True,False,upper_bound,0.7323945478120816,0.6522203977367799,9,112
917,48,False,True,False,upper_bound_with_inhaler,0.7323945478120816,0.6522203977367799,9,113
917,48,False,True,True,one_hot,0.4180480042601458,0.4180480042601458,9,114
917,48,False,True,True,lower_bound,0.7323945478120816,0.7335690932129011,9,115
917,48,False,True,True,midpoint,0.7323945478120816,0.690056726186083,9,116
917,48,False,True,True,midpoint_with_inhaler,0.7323945478120816,0.690056726186083,9,117
917,48,False,True,True,upper_bound,0.7323945478120816,0.6522203977367799,9,118
917,48,False,True,True,upper_bound_with_inhaler,0.7323945478120816,0.6522203977367799,9,119
917,48,True,False,False,one_hot,0.6894278330666723,0.6894278330666723,9,120
917,48,True,False,False,lower_bound,0.9468419731643304,1.0639116051063855,9,121
917,48,True,False,False,midpoint,0.9468419731643304,1.1377514729039584,9,122
917,48,True,False,False,midpoint_with_inhaler,0.9468419731643304,1.1377514729039584,9,123
917,48,True,False,False,upper_bound,0.9468419731643304,1.159334123928993,9,124
917,48,True,False,False,upper_bound_with_inhaler,0.9468419731643304,1.159334123928993,9,125
917,48,True,False,True,one_hot,0.6894278330666723,0.6894278330666723,9,126
917,48,True,False,True,lower_bound,0.9468419731643304,1.0639116051063855,9,127
917,48,True,False,True,midpoint,0.9468419731643304,1.1377514729039584,9,128
917,48,True,False,True,midpoint_with_inhaler,0.9468419731643304,1.1377514729039584,9,129
917,48,True,False,True,upper_bound,0.9468419731643304,1.159334123928993,9,130
917,48,True,False,True,upper_bound_with_inhaler,0.9468419731643304,1.159334123928993,9,131
939,12,False,False,False,one_hot,-0.008797838606953198,-0.008797838606953195,158,0
939,12,False,False,False,lower_bound,0.25617210577670463,0.2876331529940345,158,1
939,12,False,False,False,midpoint,0.25617210577670463,0.2547853530462086,158,2
939,12,False,False,False,midpoint_with_inhaler,0.25617210577670463,0.2547853530462086,158,3
939,12,False,False,False,upper_bound,0.25617210577670463,0.22438087417563318,158,4
939,12,False,False,False,upper_bound_with_inhaler,0.25617210577670463,0.22438087417563318,158,5
939,12,False,False,True,one_hot,-0.008797838606953198,-0.008797838606953195,158,6
939,12,False,False,True,lower_bound,0.25617210577670463,0.2876331529940345,158,7
939,12,False,False,True,midpoint,0.25617210577670463,0.2547853530462086,158,8
939,12,False,False,True,midpoint_with_inhaler,0.25617210577670463,0.2547853530462086,158,9
939,12,False,False,True,upper_bound,0.25617210577670463,0.22438087417563318,158,10
939,12,False,False,True,upper_bound_with_inhaler,0.25617210577670463,0.22438087417563318,158,11
939,12,False,True,False,one_hot,,,158,12
939,12,False,True,False,lower_bound,0.31064678241475263,0.41536070024199007,158,13
939,12,False,True,False,midpoint,0.31064678241475263,0.39081256437060036,158,14
939,12,False,True,False,midpoint_with_inhaler,0.31064678241475263,0.39081256437060036,158,15
939,12,False,True,False,upper_bound,0.31064678241475263,0.3627143343758761,158,16
939,12,False,True,False,upper_bound_with_inhaler,0.31064678241475263,0.3627143343758761,158,17
939,12,False,True,True,one_hot,,,158,18
939,12,False,True,True,lower_bound,0.31064678241475263,0.41536070024199007,158,19
939,12,False,True,True,midpoint,0.31064678241475263,0.39081256437060036,158,20
939,12,False,True,True,midpoint_with_inhaler,0.31064678241475263,0.39081256437060036,158,21
939,12,False,True,True,upper_bound,0.31064678241475263,0.3627143343758761,158,22
939,12,False,True,True,upper_bound_with_inhaler,0.31064678241475263,0.3627143343758761,158,23
939,12,True,False,False,one_hot,,,158,24
939,12,True,False,False,lower_bound,0.2806974248501686,0.3927405064136699,158,25
939,12,True,False,False,midpoint,0.2806974248501686,0.3547636210994006,158,26
939,12,True,False,False,midpoint_with_inhaler,0.2806974248501686,0.3547636210994006,158,27
939,12,True,False,False,upper_bound,0.2806974248501686,0.3199259964072778,158,28
939,12,True,False,False,upper_bound_with_inhaler,0.2806974248501686,0.3199259964072778,158,29
939,12,True,False,True,one_hot,,,158,30
939,12,True,False,True,lower_bound,0.2806974248501686,0.3927405064136699,158,31
939,12,True,False,True,midpoint,0.2806974248501686,0.3547636210994006,158,32
939,12,True,False,True,midpoint_with_inhaler,0.2806974248501686,0.3547636210994006,158,33
939,12,True,False,True,upper_bound,0.2806974248501686,0.3199259964072778,158,34
939,12,True,False,True,upper_bound_with_inhaler,0.2806974248501686,0.3199259964072778,158,35
939,24,False,False,False,one_hot,,,158,36
939,24,False,False,False,lower_bound,0.44505520723851166,0.5055783715849643,158,37
939,24,False,False,False,midpoint,0.44505520723851166,0.49275321397513555,158,38
939,24,False,False,False,midpoint_with_inhaler,0.44505520723851166,0.49275321397513555,158,39
939,24,False,False,False,upper_bound,0.44505520723851166,0.47608941216176315,158,40
939,24,False,False,False,upper_bound_with_inhaler,0.44505520723851166,0.47608941216176315,158,41
939,24,False,False,True,one_hot,,,158,42
939,24,False,False,True,lower_bound,0.44505520723851166,0.5055783715849643,158,43
939,24,False,False,True,midpoint,0.44505520723851166,0.49275321397513555,158,44
939,24,False,False,True,midpoint_with_inhaler,0.44505520723851166,0.49275321397513555,158,45
939,24,False,False,True,upper_bound,0.44505520723851166,0.47608941216176315,158,46
939,24,False,False,True,upper_bound_with_inhaler,0.44505520723851166,0.47608941216176315,158,47
939,24,False,True,False,one_hot,,,158,48
939,24,False,True,False,lower_bound,0.43459700725247136,0.5153482384080148,158,49
939,24,False,True,False,midpoint,0.43459700725247136,0.5310632809429037,158,50
939,24,False,True,False,midpoint_with_inhaler,0.43459700725247136,0.5310632809429037,158,51
939,24,False,True,False,upper_bound,0.43459700725247136,0.5289564427246847,158,52
939,24,False,True,False,upper_bound_with_inhaler,0.43459700725247136,0.5289564427246847,158,53
939,24,False,True,True,one_hot,,,158,54
939,24,False,True,True,lower_bound,0.43459700725247136,0.5153482384080148,158,55
939,24,False,True,True,midpoint,0.43459700725247136,0.5310632809429037,158,56
939,24,False,True,True,midpoint_with_inhaler,0.43459700725247136,0.5310632809429037,158,57
939,24,False,True,True,upper_bound,0.43459700725247136,0.5289564427246847,158,58
939,24,False,True,True,upper_bound_with_inhaler,0.43459700725247136,0.5289564427246847,158,59
939,24,True,False,False,one_hot,,,158,60
939,24,True,False,False,lower_bound,0.44505520723851166,0.5055783715849643,158,61
939,24,True,False,False,midpoint,0.44505520723851166,0.49275321397513555,158,62
939,24,True,False,False,midpoint_with_inhaler,0.44505520723851166,0.49275321397513555,158,63
939,24,True,False,False,upper_bound,0.44505520723851166,0.47608941216176315,158,64
939,24,True,False,False,upper_bound_with_inhaler,0.44505520723851166,0.47608941216176315,158,65
939,24,True,False,True,one_hot,,,158,66
939,24,True,False,True,lower_bound,0.44505520723851166,0.5055783715849643,158,67
939,24,True,False,True,midpoint,0.44505520723851166,0.49275321397513555,158,68
939,24,True,False,True,midpoint_with_inhaler,0.44505520723851166,0.49275321397513555,158,69
939,24,True,False,True,upper_bound,0.44505520723851166,0.47608941216176315,158,70
939,24,True,False,True,upper_bound_with_inhaler,0.44505520723851166,0.47608941216176315,158,71
939,36,False,False,False,one_hot,,,158,72
939,36,False,False,False,lower_bound,0.38096281807484855,0.48973467221954253,158,73
939,36,False,False,False,midpoint,0.38096281807484855,0.44200362180318514,158,74
939,36,False,False,False,midpoint_with_inhaler,0.38096281807484855,0.44200362180318514,158,75
939,36,False,False,False,upper_bound,0.38096281807484855,0.4050282883437734,158,76
939,36,False,False,False,upper_bound_with_inhaler,0.38096281807484855,0.4050282883437734,158,77
939,36,False,False,True,one_hot,,,158,78
939,36,False,False,True,lower_bound,0.38096281807484855,0.48973467221954253,158,79
939,36,False,False,True,midpoint,0.38096281807484855,0.44200362180318514,158,80
939,36,False,False,True,midpoint_with_inhaler,0.38096281807484855,0.44200362180318514,158,81
939,36,False,False,True,upper_bound,0.38096281807484855,0.4050282883437734,158,82
939,36,False,False,True,upper_bound_with_inhaler,0.38096281807484855,0.4050282883437734,158,83
939,36,True,False,False,one_hot,,,158,84
939,36,True,False,False,lower_bound,0.4941669086657039,0.6218115008801172,158,85
939,36,True,False,False,midpoint,0.4941669086657039,0.6477867668719272,158,86
939,36,True,False,False,midpoint_with_inhaler,0.4941669086657039,0.6477867668719272,158,87
939,36,True,False,False,upper_bound,0.4941669086657039,0.6505732167759191,158,88
939,36,True,False,False,upper_bound_with_inhaler,0.4941669086657039,0.6505732167759191,158,89
939,36,True,False,True,one_hot,,,158,90
939,36,True,False,True,lower_bound,0.4941669086657039,0.6218115008801172,158,91
939,36,True,False,True,midpoint,0.4941669086657039,0.6477867668719272,158,92
939,36,True,False,True,midpoint_with_inhaler,0.4941669086657039,0.6477867668719272,158,93
939,36,True,False,True,upper_bound,0.4941669086657039,0.6505732167759191,158,94
939,36,True,False,True,upper_bound_with_inhaler,0.4941669086657039,0.6505732167759191,158,95
939,48,False,False,False,one_hot,,,158,96
939,48,False,False,False,lower_bound,0.3944551746332748,0.518421933024848,158,97
939,48,False,False,False,midpoint,0.3944551746332748,0.4355871993524882,158,98
939,48,False,False,False,midpoint_with_inhaler,0.3944551746332748,0.455303166106883,158,99
939,48,False,False,False,upper_bound,0.36882620897461177,0.3687886175634245,158,100
939,48,False,False,False,upper_bound_with_inhaler,0.3944551746332748,0.4313684384090052,158,101
939,48,False,False,True,one_hot,,,158,102
939,48,False,False,True,lower_bound,0.3944551746332748,0.518421933024848,158,103
939,48,False,False,True,midpoint,0.3944551746332748,0.4355871993524882,158,104
939,48,False,False,True,midpoint_with_inhaler,0.3944551746332748,0.455303166106883,158,105
939,48,False,False,True,upper_bound,0.36882620897461177,0.3687886175634245,158,106
939,48,False,False,True,upper_bound_with_inhaler,0.3944551746332748,0.4313684384090052,158,107
939,48,False,True,False,one_hot,,,158,108
939,48,False,True,False,lower_bound,0.2606420569709627,0.36616111052633993,158,109
939,48,False,True,False,midpoint,0.2606420569709627,0.3411336975755686,158,110
939,48,False,True,False,midpoint_with_inhaler,0.2606420569709627,0.3411336975755686,158,111
939,48,False,True,False,upper_bound,0.2606420569709627,0.31517218549474507,158,112
939,48,False,True,False,upper_bound_with_inhaler,0.2606420569709627,0.31517218549474507,158,113
939,48,False,True,True,one_hot,,,158,114
939,48,False,True,True,lower_bound,0.2606420569709627,0.36616111052633993,158,115
939,48,False,True,True,midpoint,0.2606420569709627,0.3411336975755686,158,116
939,48,False,True,True,midpoint_with_inhaler,0.2606420569709627,0.3411336975755686,158,117
939,48,False,True,True,upper_bound,0.2606420569709627,0.31517218549474507,158,118
939,48,False,True,True,upper_bound_with_inhaler,0.2606420569709627,0.31517218549474507,158,119
939,48,True,False,False,one_hot,-0.06858784354261895,-0.06858784354261897,158,120
939,48,True,False,False,lower_bound,0.1384072746199255,0.23929371106236938,158,121
939,48,True,False,False,midpoint,0.1384072746199255,0.20056324068210496,158,122
939,48,True,False,False,midpoint_with_inhaler,0.1384072746199255,0.20056324068210496,158,123
939,48,True,False,False,upper_bound,0.1384072746199255,0.1698284149375703,158,124
939,48,True,False,False,upper_bound_with_inhaler,0.1384072746199255,0.1698284149375703,158,125
939,48,True,False,True,one_hot,-0.06858784354261895,-0.06858784354261897,158,126
939,48,True,False,True,lower_bound,0.1384072746199255,0.23929371106236938,158,127
939,48,True,False,True,midpoint,0.1384072746199255,0.20056324068210496,158,128
939,48,True,False,True,midpoint_with_inhaler,0.1384072746199255,0.20056324068210496,158,129
939,48,True,False,True,upper_bound,0.1384072746199255,0.1698284149375703,158,130
939,48,True,False,True,upper_bound_with_inhaler,0.1384072746199255,0.1698284149375703,158,131
