user_key,timestamp_window,use_daily_max_windows,use_calendar_days,filter_out_zero_usage_entries,categorization_method,spearman_z,pearson_z,sample_size,config_idx
113,12,False,False,False,one_hot,0.14886344338686444,0.14886344338686444,158,0
113,12,False,False,False,lower_bound,0.29989655804284643,0.40049602649880994,158,1
113,12,False,False,False,midpoint,0.29989655804284643,0.3869976660654575,158,2
113,12,False,False,False,midpoint_with_inhaler,0.29989655804284643,0.3869976660654575,158,3
113,12,False,False,False,upper_bound,0.2998772051217221,0.3676474122311314,158,4
113,12,False,False,False,upper_bound_with_inhaler,0.2998772051217221,0.3676474122311314,158,5
113,12,False,False,True,one_hot,0.14886344338686444,0.14886344338686444,158,6
113,12,False,False,True,lower_bound,0.29989655804284643,0.40049602649880994,158,7
113,12,False,False,True,midpoint,0.29989655804284643,0.3869976660654575,158,8
113,12,False,False,True,midpoint_with_inhaler,0.29989655804284643,0.3869976660654575,158,9
113,12,False,False,True,upper_bound,0.2998772051217221,0.3676474122311314,158,10
113,12,False,False,True,upper_bound_with_inhaler,0.2998772051217221,0.3676474122311314,158,11
113,12,False,True,False,one_hot,0.16275752008765926,0.16275752008765926,158,12
113,12,False,True,False,lower_bound,0.2563453058792409,0.3321998390913818,158,13
113,12,False,True,False,midpoint,0.2563453058792409,0.3231614303064652,158,14
113,12,False,True,False,midpoint_with_inhaler,0.2563453058792409,0.3231614303064652,158,15
113,12,False,True,False,upper_bound,0.2559028543070005,0.30620675301284206,158,16
113,12,False,True,False,upper_bound_with_inhaler,0.2559028543070005,0.30620675301284206,158,17
113,12,False,True,True,one_hot,0.16275752008765926,0.16275752008765926,158,18
113,12,False,True,True,lower_bound,0.2563453058792409,0.3321998390913818,158,19
113,12,False,True,True,midpoint,0.2563453058792409,0.3231614303064652,158,20
113,12,False,True,True,midpoint_with_inhaler,0.2563453058792409,0.3231614303064652,158,21
113,12,False,True,True,upper_bound,0.2559028543070005,0.30620675301284206,158,22
113,12,False,True,True,upper_bound_with_inhaler,0.2559028543070005,0.30620675301284206,158,23
113,12,True,False,False,one_hot,0.12072309695145374,0.12072309695145374,158,24
113,12,True,False,False,lower_bound,0.25446039396879183,0.31506664296334136,158,25
113,12,True,False,False,midpoint,0.25446039396879183,0.3196510322428233,158,26
113,12,True,False,False,midpoint_with_inhaler,0.25446039396879183,0.3196510322428233,158,27
113,12,True,False,False,upper_bound,0.2548290795641874,0.316501859397789,158,28
113,12,True,False,False,upper_bound_with_inhaler,0.2548290795641874,0.316501859397789,158,29
113,12,True,False,True,one_hot,0.12072309695145374,0.12072309695145374,158,30
113,12,True,False,True,lower_bound,0.25446039396879183,0.31506664296334136,158,31
113,12,True,False,True,midpoint,0.25446039396879183,0.3196510322428233,158,32
113,12,True,False,True,midpoint_with_inhaler,0.25446039396879183,0.3196510322428233,158,33
113,12,True,False,True,upper_bound,0.2548290795641874,0.316501859397789,158,34
113,12,True,False,True,upper_bound_with_inhaler,0.2548290795641874,0.316501859397789,158,35
113,24,False,False,False,one_hot,0.14809278780376023,0.1480927878037602,158,36
113,24,False,False,False,lower_bound,0.3691536680978468,0.43096849504065443,158,37
113,24,False,False,False,midpoint,0.3691536680978468,0.42475376329726666,158,38
113,24,False,False,False,midpoint_with_inhaler,0.3691536680978468,0.42475376329726666,158,39
113,24,False,False,False,upper_bound,0.3683224091859582,0.40745685161267875,158,40
113,24,False,False,False,upper_bound_with_inhaler,0.3683224091859582,0.40745685161267875,158,41
113,24,False,False,True,one_hot,0.14809278780376023,0.1480927878037602,158,42
113,24,False,False,True,lower_bound,0.3691536680978468,0.43096849504065443,158,43
113,24,False,False,True,midpoint,0.3691536680978468,0.42475376329726666,158,44
113,24,False,False,True,midpoint_with_inhaler,0.3691536680978468,0.42475376329726666,158,45
113,24,False,False,True,upper_bound,0.3683224091859582,0.40745685161267875,158,46
113,24,False,False,True,upper_bound_with_inhaler,0.3683224091859582,0.40745685161267875,158,47
113,24,False,True,False,one_hot,0.10094346151236244,0.10094346151236239,158,48
113,24,False,True,False,lower_bound,0.2572172994677871,0.35524210334283707,158,49
113,24,False,True,False,midpoint,0.2572172994677871,0.35330481998205465,158,50
113,24,False,True,False,midpoint_with_inhaler,0.2572172994677871,0.35330481998205465,158,51
113,24,False,True,False,upper_bound,0.2568671076398223,0.3454369209955725,158,52
113,24,False,True,False,upper_bound_with_inhaler,0.2568671076398223,0.3454369209955725,158,53
113,24,False,True,True,one_hot,0.10094346151236244,0.10094346151236239,158,54
113,24,False,True,True,lower_bound,0.2572172994677871,0.35524210334283707,158,55
113,24,False,True,True,midpoint,0.2572172994677871,0.35330481998205465,158,56
113,24,False,True,True,midpoint_with_inhaler,0.2572172994677871,0.35330481998205465,158,57
113,24,False,True,True,upper_bound,0.2568671076398223,0.3454369209955725,158,58
113,24,False,True,True,upper_bound_with_inhaler,0.2568671076398223,0.3454369209955725,158,59
113,24,True,False,False,one_hot,0.14809278780376023,0.1480927878037602,158,60
113,24,True,False,False,lower_bound,0.3691536680978468,0.43096849504065443,158,61
113,24,True,False,False,midpoint,0.3691536680978468,0.42475376329726666,158,62
113,24,True,False,False,midpoint_with_inhaler,0.3691536680978468,0.42475376329726666,158,63
113,24,True,False,False,upper_bound,0.3683224091859582,0.40745685161267875,158,64
113,24,True,False,False,upper_bound_with_inhaler,0.3683224091859582,0.40745685161267875,158,65
113,24,True,False,True,one_hot,0.14809278780376023,0.1480927878037602,158,66
113,24,True,False,True,lower_bound,0.3691536680978468,0.43096849504065443,158,67
113,24,True,False,True,midpoint,0.3691536680978468,0.42475376329726666,158,68
113,24,True,False,True,midpoint_with_inhaler,0.3691536680978468,0.42475376329726666,158,69
113,24,True,False,True,upper_bound,0.3683224091859582,0.40745685161267875,158,70
113,24,True,False,True,upper_bound_with_inhaler,0.3683224091859582,0.40745685161267875,158,71
113,36,False,False,False,one_hot,0.1621250623392806,0.1621250623392806,158,72
113,36,False,False,False,lower_bound,0.3176669322838738,0.3940154089586207,158,73
113,36,False,False,False,midpoint,0.3176669322838738,0.40218414637538513,158,74
113,36,False,False,False,midpoint_with_inhaler,0.3176669322838738,0.4033203101046956,158,75
113,36,False,False,False,upper_bound,0.31715414147266924,0.39290073480237675,158,76
113,36,False,False,False,upper_bound_with_inhaler,0.3176669322838738,0.3980119659458832,158,77
113,36,False,False,True,one_hot,0.1621250623392806,0.1621250623392806,158,78
113,36,False,False,True,lower_bound,0.3176669322838738,0.3940154089586207,158,79
113,36,False,False,True,midpoint,0.3176669322838738,0.40218414637538513,158,80
113,36,False,False,True,midpoint_with_inhaler,0.3176669322838738,0.4033203101046956,158,81
113,36,False,False,True,upper_bound,0.31715414147266924,0.39290073480237675,158,82
113,36,False,False,True,upper_bound_with_inhaler,0.3176669322838738,0.3980119659458832,158,83
113,36,True,False,False,one_hot,0.10316539847198011,0.10316539847198015,158,84
113,36,True,False,False,lower_bound,0.28432976228066137,0.34783405916590493,158,85
113,36,True,False,False,midpoint,0.28432976228066137,0.34103533602168673,158,86
113,36,True,False,False,midpoint_with_inhaler,0.28432976228066137,0.34103533602168673,158,87
113,36,True,False,False,upper_bound,0.283564788155881,0.32907229858445436,158,88
113,36,True,False,False,upper_bound_with_inhaler,0.283564788155881,0.32907229858445436,158,89
113,36,True,False,True,one_hot,0.10316539847198011,0.10316539847198015,158,90
113,36,True,False,True,lower_bound,0.28432976228066137,0.34783405916590493,158,91
113,36,True,False,True,midpoint,0.28432976228066137,0.34103533602168673,158,92
113,36,True,False,True,midpoint_with_inhaler,0.28432976228066137,0.34103533602168673,158,93
113,36,True,False,True,upper_bound,0.283564788155881,0.32907229858445436,158,94
113,36,True,False,True,upper_bound_with_inhaler,0.283564788155881,0.32907229858445436,158,95
113,48,False,False,False,one_hot,0.08046245662614647,0.08046245662614646,158,96
113,48,False,False,False,lower_bound,0.37069087601252065,0.41644121397409845,158,97
113,48,False,False,False,midpoint,0.37069087601252065,0.43032832597852955,158,98
113,48,False,False,False,midpoint_with_inhaler,0.37069087601252065,0.42592844960718945,158,99
113,48,False,False,False,upper_bound,0.37013963328795624,0.4281023801672889,158,100
113,48,False,False,False,upper_bound_with_inhaler,0.37069087601252065,0.43152872166777473,158,101
113,48,False,False,True,one_hot,0.08046245662614647,0.08046245662614646,158,102
113,48,False,False,True,lower_bound,0.37069087601252065,0.41644121397409845,158,103
113,48,False,False,True,midpoint,0.37069087601252065,0.43032832597852955,158,104
113,48,False,False,True,midpoint_with_inhaler,0.37069087601252065,0.42592844960718945,158,105
113,48,False,False,True,upper_bound,0.37013963328795624,0.4281023801672889,158,106
113,48,False,False,True,upper_bound_with_inhaler,0.37069087601252065,0.43152872166777473,158,107
113,48,False,True,False,one_hot,-0.018482028391565854,-0.01848202839156582,158,108
113,48,False,True,False,lower_bound,0.028396826638468292,0.006732408603293322,158,109
113,48,False,True,False,midpoint,0.028396826638468292,0.020338183116735038,158,110
113,48,False,True,False,midpoint_with_inhaler,0.028396826638468292,0.020338183116735038,158,111
113,48,False,True,False,upper_bound,0.028019823521523407,0.030118398362905495,158,112
113,48,False,True,False,upper_bound_with_inhaler,0.028019823521523407,0.030118398362905495,158,113
113,48,False,True,True,one_hot,-0.018482028391565854,-0.01848202839156582,158,114
113,48,False,True,True,lower_bound,0.028396826638468292,0.006732408603293322,158,115
113,48,False,True,True,midpoint,0.028396826638468292,0.020338183116735038,158,116
113,48,False,True,True,midpoint_with_inhaler,0.028396826638468292,0.020338183116735038,158,117
113,48,False,True,True,upper_bound,0.028019823521523407,0.030118398362905495,158,118
113,48,False,True,True,upper_bound_with_inhaler,0.028019823521523407,0.030118398362905495,158,119
113,48,True,False,False,one_hot,0.05131482095363672,0.051314820953636764,158,120
113,48,True,False,False,lower_bound,0.14306732602073846,0.14950236252832275,158,121
113,48,True,False,False,midpoint,0.14306732602073846,0.16767906381377765,158,122
113,48,True,False,False,midpoint_with_inhaler,0.14306732602073846,0.16767906381377765,158,123
113,48,True,False,False,upper_bound,0.1429324238990141,0.17779775656304758,158,124
113,48,True,False,False,upper_bound_with_inhaler,0.1429324238990141,0.17779775656304758,158,125
113,48,True,False,True,one_hot,0.05131482095363672,0.051314820953636764,158,126
113,48,True,False,True,lower_bound,0.14306732602073846,0.14950236252832275,158,127
113,48,True,False,True,midpoint,0.14306732602073846,0.16767906381377765,158,128
113,48,True,False,True,midpoint_with_inhaler,0.14306732602073846,0.16767906381377765,158,129
113,48,True,False,True,upper_bound,0.1429324238990141,0.17779775656304758,158,130
113,48,True,False,True,upper_bound_with_inhaler,0.1429324238990141,0.17779775656304758,158,131
190,12,False,False,False,one_hot,-0.6102897852195368,-0.6102897852195368,19,0
190,12,False,False,False,lower_bound,-0.6102897852195368,-0.6102897852195368,19,1
190,12,False,False,False,midpoint,-0.6102897852195368,-0.6102897852195368,19,2
190,12,False,False,False,midpoint_with_inhaler,-0.6102897852195368,-0.6102897852195368,19,3
190,12,False,False,False,upper_bound,-0.6102897852195368,-0.6102897852195368,19,4
190,12,False,False,False,upper_bound_with_inhaler,-0.6102897852195368,-0.6102897852195368,19,5
190,12,False,False,True,one_hot,-0.6102897852195368,-0.6102897852195368,19,6
190,12,False,False,True,lower_bound,-0.6102897852195368,-0.6102897852195368,19,7
190,12,False,False,True,midpoint,-0.6102897852195368,-0.6102897852195368,19,8
190,12,False,False,True,midpoint_with_inhaler,-0.6102897852195368,-0.6102897852195368,19,9
190,12,False,False,True,upper_bound,-0.6102897852195368,-0.6102897852195368,19,10
190,12,False,False,True,upper_bound_with_inhaler,-0.6102897852195368,-0.6102897852195368,19,11
190,12,False,True,False,one_hot,-0.08842142851859407,-0.08842142851859411,19,12
190,12,False,True,False,lower_bound,-0.08842142851859407,-0.08842142851859411,19,13
190,12,False,True,False,midpoint,-0.08842142851859407,-0.08842142851859404,19,14
190,12,False,True,False,midpoint_with_inhaler,-0.08842142851859407,-0.08842142851859404,19,15
190,12,False,True,False,upper_bound,-0.08842142851859407,-0.08842142851859411,19,16
190,12,False,True,False,upper_bound_with_inhaler,-0.08842142851859407,-0.08842142851859411,19,17
190,12,False,True,True,one_hot,-0.08842142851859407,-0.08842142851859411,19,18
190,12,False,True,True,lower_bound,-0.08842142851859407,-0.08842142851859411,19,19
190,12,False,True,True,midpoint,-0.08842142851859407,-0.08842142851859404,19,20
190,12,False,True,True,midpoint_with_inhaler,-0.08842142851859407,-0.08842142851859404,19,21
190,12,False,True,True,upper_bound,-0.08842142851859407,-0.08842142851859411,19,22
190,12,False,True,True,upper_bound_with_inhaler,-0.08842142851859407,-0.08842142851859411,19,23
190,12,True,False,False,one_hot,-0.1933374285131574,-0.1933374285131574,19,24
190,12,True,False,False,lower_bound,-0.1933374285131574,-0.1933374285131574,19,25
190,12,True,False,False,midpoint,-0.1933374285131574,-0.19333742851315747,19,26
190,12,True,False,False,midpoint_with_inhaler,-0.1933374285131574,-0.19333742851315747,19,27
190,12,True,False,False,upper_bound,-0.1933374285131574,-0.1933374285131574,19,28
190,12,True,False,False,upper_bound_with_inhaler,-0.1933374285131574,-0.1933374285131574,19,29
190,12,True,False,True,one_hot,-0.1933374285131574,-0.1933374285131574,19,30
190,12,True,False,True,lower_bound,-0.1933374285131574,-0.1933374285131574,19,31
190,12,True,False,True,midpoint,-0.1933374285131574,-0.19333742851315747,19,32
190,12,True,False,True,midpoint_with_inhaler,-0.1933374285131574,-0.19333742851315747,19,33
190,12,True,False,True,upper_bound,-0.1933374285131574,-0.1933374285131574,19,34
190,12,True,False,True,upper_bound_with_inhaler,-0.1933374285131574,-0.1933374285131574,19,35
190,24,False,False,False,one_hot,0.1523537408921176,0.1523537408921177,19,36
190,24,False,False,False,lower_bound,0.1523537408921176,0.1523537408921177,19,37
190,24,False,False,False,midpoint,0.1523537408921176,0.15235374089211773,19,38
190,24,False,False,False,midpoint_with_inhaler,0.1523537408921176,0.15235374089211773,19,39
190,24,False,False,False,upper_bound,0.1523537408921176,0.1523537408921177,19,40
190,24,False,False,False,upper_bound_with_inhaler,0.1523537408921176,0.1523537408921177,19,41
190,24,False,False,True,one_hot,0.1523537408921176,0.1523537408921177,19,42
190,24,False,False,True,lower_bound,0.1523537408921176,0.1523537408921177,19,43
190,24,False,False,True,midpoint,0.1523537408921176,0.15235374089211773,19,44
190,24,False,False,True,midpoint_with_inhaler,0.1523537408921176,0.15235374089211773,19,45
190,24,False,False,True,upper_bound,0.1523537408921176,0.1523537408921177,19,46
190,24,False,False,True,upper_bound_with_inhaler,0.1523537408921176,0.1523537408921177,19,47
190,24,False,True,False,one_hot,0.8996242752202188,0.8996242752202188,19,48
190,24,False,True,False,lower_bound,0.8977881408137788,0.7303873873832948,19,49
190,24,False,True,False,midpoint,0.8977881408137788,0.8219381704528391,19,50
190,24,False,True,False,midpoint_with_inhaler,0.8977881408137788,0.8219381704528391,19,51
190,24,False,True,False,upper_bound,0.8977881408137788,0.8670411872627172,19,52
190,24,False,True,False,upper_bound_with_inhaler,0.8977881408137788,0.8670411872627172,19,53
190,24,False,True,True,one_hot,0.8996242752202188,0.8996242752202188,19,54
190,24,False,True,True,lower_bound,0.8977881408137788,0.7303873873832948,19,55
190,24,False,True,True,midpoint,0.8977881408137788,0.8219381704528391,19,56
190,24,False,True,True,midpoint_with_inhaler,0.8977881408137788,0.8219381704528391,19,57
190,24,False,True,True,upper_bound,0.8977881408137788,0.8670411872627172,19,58
190,24,False,True,True,upper_bound_with_inhaler,0.8977881408137788,0.8670411872627172,19,59
190,24,True,False,False,one_hot,0.1523537408921176,0.1523537408921177,19,60
190,24,True,False,False,lower_bound,0.1523537408921176,0.1523537408921177,19,61
190,24,True,False,False,midpoint,0.1523537408921176,0.15235374089211773,19,62
190,24,True,False,False,midpoint_with_inhaler,0.1523537408921176,0.15235374089211773,19,63
190,24,True,False,False,upper_bound,0.1523537408921176,0.1523537408921177,19,64
190,24,True,False,False,upper_bound_with_inhaler,0.1523537408921176,0.1523537408921177,19,65
190,24,True,False,True,one_hot,0.1523537408921176,0.1523537408921177,19,66
190,24,True,False,True,lower_bound,0.1523537408921176,0.1523537408921177,19,67
190,24,True,False,True,midpoint,0.1523537408921176,0.15235374089211773,19,68
190,24,True,False,True,midpoint_with_inhaler,0.1523537408921176,0.15235374089211773,19,69
190,24,True,False,True,upper_bound,0.1523537408921176,0.1523537408921177,19,70
190,24,True,False,True,upper_bound_with_inhaler,0.1523537408921176,0.1523537408921177,19,71
190,36,False,False,False,one_hot,0.6102897852195364,0.6102897852195366,19,72
190,36,False,False,False,lower_bound,0.39440822885121896,0.1750583419057932,19,73
190,36,False,False,False,midpoint,0.39440822885121896,0.2848813041081212,19,74
190,36,False,False,False,midpoint_with_inhaler,0.39440822885121896,0.2848813041081212,19,75
190,36,False,False,False,upper_bound,0.39440822885121896,0.35522047171806626,19,76
190,36,False,False,False,upper_bound_with_inhaler,0.39440822885121896,0.35522047171806626,19,77
190,36,False,False,True,one_hot,0.6102897852195364,0.6102897852195366,19,78
190,36,False,False,True,lower_bound,0.39440822885121896,0.1750583419057932,19,79
190,36,False,False,True,midpoint,0.39440822885121896,0.2848813041081212,19,80
190,36,False,False,True,midpoint_with_inhaler,0.39440822885121896,0.2848813041081212,19,81
190,36,False,False,True,upper_bound,0.39440822885121896,0.35522047171806626,19,82
190,36,False,False,True,upper_bound_with_inhaler,0.39440822885121896,0.35522047171806626,19,83
190,36,True,False,False,one_hot,0.2688725760190977,0.26887257601909775,19,84
190,36,True,False,False,lower_bound,0.2688725760190977,0.26887257601909775,19,85
190,36,True,False,False,midpoint,0.2688725760190977,0.2688725760190976,19,86
190,36,True,False,False,midpoint_with_inhaler,0.2688725760190977,0.2688725760190976,19,87
190,36,True,False,False,upper_bound,0.2688725760190977,0.26887257601909775,19,88
190,36,True,False,False,upper_bound_with_inhaler,0.2688725760190977,0.26887257601909775,19,89
190,36,True,False,True,one_hot,0.2688725760190977,0.26887257601909775,19,90
190,36,True,False,True,lower_bound,0.2688725760190977,0.26887257601909775,19,91
190,36,True,False,True,midpoint,0.2688725760190977,0.2688725760190976,19,92
190,36,True,False,True,midpoint_with_inhaler,0.2688725760190977,0.2688725760190976,19,93
190,36,True,False,True,upper_bound,0.2688725760190977,0.26887257601909775,19,94
190,36,True,False,True,upper_bound_with_inhaler,0.2688725760190977,0.26887257601909775,19,95
190,48,False,False,False,one_hot,0.29395814171587453,0.2939581417158746,19,96
190,48,False,False,False,lower_bound,0.1638985606967643,0.09420174767831516,19,97
190,48,False,False,False,midpoint,0.1638985606967643,0.1343704648035438,19,98
190,48,False,False,False,midpoint_with_inhaler,0.1638985606967643,0.1343704648035438,19,99
190,48,False,False,False,upper_bound,0.1638985606967643,0.1638985606967643,19,100
190,48,False,False,False,upper_bound_with_inhaler,0.1638985606967643,0.1638985606967643,19,101
190,48,False,False,True,one_hot,0.29395814171587453,0.2939581417158746,19,102
190,48,False,False,True,lower_bound,0.1638985606967643,0.09420174767831516,19,103
190,48,False,False,True,midpoint,0.1638985606967643,0.1343704648035438,19,104
190,48,False,False,True,midpoint_with_inhaler,0.1638985606967643,0.1343704648035438,19,105
190,48,False,False,True,upper_bound,0.1638985606967643,0.1638985606967643,19,106
190,48,False,False,True,upper_bound_with_inhaler,0.1638985606967643,0.1638985606967643,19,107
190,48,False,True,False,one_hot,0.6723989975323126,0.6723989975323129,19,108
190,48,False,True,False,lower_bound,0.6723989975323126,0.6723989975323129,19,109
190,48,False,True,False,midpoint,0.6723989975323126,0.6723989975323126,19,110
190,48,False,True,False,midpoint_with_inhaler,0.6723989975323126,0.6723989975323126,19,111
190,48,False,True,False,upper_bound,0.6723989975323126,0.6723989975323129,19,112
190,48,False,True,False,upper_bound_with_inhaler,0.6723989975323126,0.6723989975323129,19,113
190,48,False,True,True,one_hot,0.6723989975323126,0.6723989975323129,19,114
190,48,False,True,True,lower_bound,0.6723989975323126,0.6723989975323129,19,115
190,48,False,True,True,midpoint,0.6723989975323126,0.6723989975323126,19,116
190,48,False,True,True,midpoint_with_inhaler,0.6723989975323126,0.6723989975323126,19,117
190,48,False,True,True,upper_bound,0.6723989975323126,0.6723989975323129,19,118
190,48,False,True,True,upper_bound_with_inhaler,0.6723989975323126,0.6723989975323129,19,119
190,48,True,False,False,one_hot,0.2688725760190977,0.26887257601909775,19,120
190,48,True,False,False,lower_bound,0.2688725760190977,0.26887257601909775,19,121
190,48,True,False,False,midpoint,0.2688725760190977,0.26887257601909753,19,122
190,48,True,False,False,midpoint_with_inhaler,0.2688725760190977,0.26887257601909753,19,123
190,48,True,False,False,upper_bound,0.2688725760190977,0.26887257601909775,19,124
190,48,True,False,False,upper_bound_with_inhaler,0.2688725760190977,0.26887257601909775,19,125
190,48,True,False,True,one_hot,0.2688725760190977,0.26887257601909775,19,126
190,48,True,False,True,lower_bound,0.2688725760190977,0.26887257601909775,19,127
190,48,True,False,True,midpoint,0.2688725760190977,0.26887257601909753,19,128
190,48,True,False,True,midpoint_with_inhaler,0.2688725760190977,0.26887257601909753,19,129
190,48,True,False,True,upper_bound,0.2688725760190977,0.26887257601909775,19,130
190,48,True,False,True,upper_bound_with_inhaler,0.2688725760190977,0.26887257601909775,19,131
294,12,False,False,False,one_hot,-0.025340152038222246,-0.02534015203822225,173,0
294,12,False,False,False,lower_bound,0.30473089050121277,0.3178443248646614,173,1
294,12,False,False,False,midpoint,0.30473089050121277,0.33005117735437217,173,2
294,12,False,False,False,midpoint_with_inhaler,0.30473089050121277,0.33005117735437217,173,3
294,12,False,False,False,upper_bound,0.30473089050121277,0.3338200529175149,173,4
294,12,False,False,False,upper_bound_with_inhaler,0.30473089050121277,0.3338200529175149,173,5
294,12,False,False,True,one_hot,-0.025340152038222246,-0.02534015203822225,173,6
294,12,False,False,True,lower_bound,0.30473089050121277,0.3178443248646614,173,7
294,12,False,False,True,midpoint,0.30473089050121277,0.33005117735437217,173,8
294,12,False,False,True,midpoint_with_inhaler,0.30473089050121277,0.33005117735437217,173,9
294,12,False,False,True,upper_bound,0.30473089050121277,0.3338200529175149,173,10
294,12,False,False,True,upper_bound_with_inhaler,0.30473089050121277,0.3338200529175149,173,11
294,12,False,True,False,one_hot,,,173,12
294,12,False,True,False,lower_bound,0.49909528142549475,0.44262921701608077,173,13
294,12,False,True,False,midpoint,0.49909528142549475,0.46985676669607723,173,14
294,12,False,True,False,midpoint_with_inhaler,0.49909528142549475,0.46985676669607723,173,15
294,12,False,True,False,upper_bound,0.49909528142549475,0.4824040445566245,173,16
294,12,False,True,False,upper_bound_with_inhaler,0.49909528142549475,0.4824040445566245,173,17
294,12,False,True,True,one_hot,,,173,18
294,12,False,True,True,lower_bound,0.49909528142549475,0.44262921701608077,173,19
294,12,False,True,True,midpoint,0.49909528142549475,0.46985676669607723,173,20
294,12,False,True,True,midpoint_with_inhaler,0.49909528142549475,0.46985676669607723,173,21
294,12,False,True,True,upper_bound,0.49909528142549475,0.4824040445566245,173,22
294,12,False,True,True,upper_bound_with_inhaler,0.49909528142549475,0.4824040445566245,173,23
294,12,True,False,False,one_hot,,,173,24
294,12,True,False,False,lower_bound,0.5474609724153027,0.502152789944715,173,25
294,12,True,False,False,midpoint,0.5474609724153027,0.5347716683557334,173,26
294,12,True,False,False,midpoint_with_inhaler,0.5474609724153027,0.533640334987255,173,27
294,12,True,False,False,upper_bound,0.5470704860031342,0.5469843166749148,173,28
294,12,True,False,False,upper_bound_with_inhaler,0.5474609724153027,0.5456146623146171,173,29
294,12,True,False,True,one_hot,,,173,30
294,12,True,False,True,lower_bound,0.5474609724153027,0.502152789944715,173,31
294,12,True,False,True,midpoint,0.5474609724153027,0.5347716683557334,173,32
294,12,True,False,True,midpoint_with_inhaler,0.5474609724153027,0.533640334987255,173,33
294,12,True,False,True,upper_bound,0.5470704860031342,0.5469843166749148,173,34
294,12,True,False,True,upper_bound_with_inhaler,0.5474609724153027,0.5456146623146171,173,35
294,24,False,False,False,one_hot,,,173,36
294,24,False,False,False,lower_bound,0.6717642937031674,0.6437425636688395,173,37
294,24,False,False,False,midpoint,0.6717642937031674,0.6569625727780155,173,38
294,24,False,False,False,midpoint_with_inhaler,0.6717642937031674,0.6594586151189461,173,39
294,24,False,False,False,upper_bound,0.6677189044385005,0.6494366043943852,173,40
294,24,False,False,False,upper_bound_with_inhaler,0.6717642937031674,0.6584209872485316,173,41
294,24,False,False,True,one_hot,,,173,42
294,24,False,False,True,lower_bound,0.6717642937031674,0.6437425636688395,173,43
294,24,False,False,True,midpoint,0.6717642937031674,0.6569625727780155,173,44
294,24,False,False,True,midpoint_with_inhaler,0.6717642937031674,0.6594586151189461,173,45
294,24,False,False,True,upper_bound,0.6677189044385005,0.6494366043943852,173,46
294,24,False,False,True,upper_bound_with_inhaler,0.6717642937031674,0.6584209872485316,173,47
294,24,False,True,False,one_hot,,,173,48
294,24,False,True,False,lower_bound,0.52052260455492,0.49508956875932153,173,49
294,24,False,True,False,midpoint,0.52052260455492,0.5137389303099742,173,50
294,24,False,True,False,midpoint_with_inhaler,0.52052260455492,0.5137389303099742,173,51
294,24,False,True,False,upper_bound,0.52052260455492,0.5214506484398251,173,52
294,24,False,True,False,upper_bound_with_inhaler,0.52052260455492,0.5214506484398251,173,53
294,24,False,True,True,one_hot,,,173,54
294,24,False,True,True,lower_bound,0.52052260455492,0.49508956875932153,173,55
294,24,False,True,True,midpoint,0.52052260455492,0.5137389303099742,173,56
294,24,False,True,True,midpoint_with_inhaler,0.52052260455492,0.5137389303099742,173,57
294,24,False,True,True,upper_bound,0.52052260455492,0.5214506484398251,173,58
294,24,False,True,True,upper_bound_with_inhaler,0.52052260455492,0.5214506484398251,173,59
294,24,True,False,False,one_hot,,,173,60
294,24,True,False,False,lower_bound,0.6717642937031674,0.6437425636688395,173,61
294,24,True,False,False,midpoint,0.6717642937031674,0.6569625727780155,173,62
294,24,True,False,False,midpoint_with_inhaler,0.6717642937031674,0.6594586151189461,173,63
294,24,True,False,False,upper_bound,0.6677189044385005,0.6494366043943852,173,64
294,24,True,False,False,upper_bound_with_inhaler,0.6717642937031674,0.6584209872485316,173,65
294,24,True,False,True,one_hot,,,173,66
294,24,True,False,True,lower_bound,0.6717642937031674,0.6437425636688395,173,67
294,24,True,False,True,midpoint,0.6717642937031674,0.6569625727780155,173,68
294,24,True,False,True,midpoint_with_inhaler,0.6717642937031674,0.6594586151189461,173,69
294,24,True,False,True,upper_bound,0.6677189044385005,0.6494366043943852,173,70
294,24,True,False,True,upper_bound_with_inhaler,0.6717642937031674,0.6584209872485316,173,71
294,36,False,False,False,one_hot,,,173,72
294,36,False,False,False,lower_bound,0.50684008946955,0.5007627685467012,173,73
294,36,False,False,False,midpoint,0.50684008946955,0.5173679729094345,173,74
294,36,False,False,False,midpoint_with_inhaler,0.50684008946955,0.5155337226664128,173,75
294,36,False,False,False,upper_bound,0.48176471397308057,0.5098487973207376,173,76
294,36,False,False,False,upper_bound_with_inhaler,0.50684008946955,0.4884269621734196,173,77
294,36,False,False,True,one_hot,,,173,78
294,36,False,False,True,lower_bound,0.50684008946955,0.5007627685467012,173,79
294,36,False,False,True,midpoint,0.50684008946955,0.5173679729094345,173,80
294,36,False,False,True,midpoint_with_inhaler,0.50684008946955,0.5155337226664128,173,81
294,36,False,False,True,upper_bound,0.48176471397308057,0.5098487973207376,173,82
294,36,False,False,True,upper_bound_with_inhaler,0.50684008946955,0.4884269621734196,173,83
294,36,True,False,False,one_hot,,,173,84
294,36,True,False,False,lower_bound,0.4183335793445791,0.39274522887726643,173,85
294,36,True,False,False,midpoint,0.4183335793445791,0.4114503978558234,173,86
294,36,True,False,False,midpoint_with_inhaler,0.4183335793445791,0.41354022761468123,173,87
294,36,True,False,False,upper_bound,0.4156025123234533,0.42265309173915255,173,88
294,36,True,False,False,upper_bound_with_inhaler,0.4183335793445791,0.42950368474272627,173,89
294,36,True,False,True,one_hot,,,173,90
294,36,True,False,True,lower_bound,0.4183335793445791,0.39274522887726643,173,91
294,36,True,False,True,midpoint,0.4183335793445791,0.4114503978558234,173,92
294,36,True,False,True,midpoint_with_inhaler,0.4183335793445791,0.41354022761468123,173,93
294,36,True,False,True,upper_bound,0.4156025123234533,0.42265309173915255,173,94
294,36,True,False,True,upper_bound_with_inhaler,0.4183335793445791,0.42950368474272627,173,95
294,48,False,False,False,one_hot,,,173,96
294,48,False,False,False,lower_bound,0.6726941824774206,0.662556887331831,173,97
294,48,False,False,False,midpoint,0.6726941824774206,0.6563391140407636,173,98
294,48,False,False,False,midpoint_with_inhaler,0.6726941824774206,0.6730351884755178,173,99
294,48,False,False,False,upper_bound,0.6303983517058281,0.5941952866510555,173,100
294,48,False,False,False,upper_bound_with_inhaler,0.6726941824774206,0.6301721189450299,173,101
294,48,False,False,True,one_hot,,,173,102
294,48,False,False,True,lower_bound,0.6726941824774206,0.662556887331831,173,103
294,48,False,False,True,midpoint,0.6726941824774206,0.6563391140407636,173,104
294,48,False,False,True,midpoint_with_inhaler,0.6726941824774206,0.6730351884755178,173,105
294,48,False,False,True,upper_bound,0.6303983517058281,0.5941952866510555,173,106
294,48,False,False,True,upper_bound_with_inhaler,0.6726941824774206,0.6301721189450299,173,107
294,48,False,True,False,one_hot,,,173,108
294,48,False,True,False,lower_bound,0.32694768510518507,0.34430602045715275,173,109
294,48,False,True,False,midpoint,0.32694768510518507,0.34283353427971275,173,110
294,48,False,True,False,midpoint_with_inhaler,0.32694768510518507,0.34283353427971275,173,111
294,48,False,True,False,upper_bound,0.32694768510518507,0.33553572168300705,173,112
294,48,False,True,False,upper_bound_with_inhaler,0.32694768510518507,0.33553572168300705,173,113
294,48,False,True,True,one_hot,,,173,114
294,48,False,True,True,lower_bound,0.32694768510518507,0.34430602045715275,173,115
294,48,False,True,True,midpoint,0.32694768510518507,0.34283353427971275,173,116
294,48,False,True,True,midpoint_with_inhaler,0.32694768510518507,0.34283353427971275,173,117
294,48,False,True,True,upper_bound,0.32694768510518507,0.33553572168300705,173,118
294,48,False,True,True,upper_bound_with_inhaler,0.32694768510518507,0.33553572168300705,173,119
294,48,True,False,False,one_hot,,,173,120
294,48,True,False,False,lower_bound,0.4151433970698703,0.3665319019864252,173,121
294,48,True,False,False,midpoint,0.4151433970698703,0.3991190068202088,173,122
294,48,True,False,False,midpoint_with_inhaler,0.4151433970698703,0.3970615700625421,173,123
294,48,True,False,False,upper_bound,0.4135961389409714,0.410927007456799,173,124
294,48,True,False,False,upper_bound_with_inhaler,0.4151433970698703,0.41169452089412073,173,125
294,48,True,False,True,one_hot,,,173,126
294,48,True,False,True,lower_bound,0.4151433970698703,0.3665319019864252,173,127
294,48,True,False,True,midpoint,0.4151433970698703,0.3991190068202088,173,128
294,48,True,False,True,midpoint_with_inhaler,0.4151433970698703,0.3970615700625421,173,129
294,48,True,False,True,upper_bound,0.4135961389409714,0.410927007456799,173,130
294,48,True,False,True,upper_bound_with_inhaler,0.4151433970698703,0.41169452089412073,173,131
328,12,False,False,False,one_hot,0.40861767640633306,0.40861767640633306,17,0
328,12,False,False,False,lower_bound,0.35030968983465455,0.09154194364805601,17,1
328,12,False,False,False,midpoint,0.35030968983465455,0.11810949303390353,17,2
328,12,False,False,False,midpoint_with_inhaler,0.35030968983465455,0.11810949303390353,17,3
328,12,False,False,False,upper_bound,0.35030968983465455,0.13413199329733966,17,4
328,12,False,False,False,upper_bound_with_inhaler,0.35030968983465455,0.13413199329733966,17,5
328,12,False,False,True,one_hot,0.40861767640633306,0.40861767640633306,17,6
328,12,False,False,True,lower_bound,0.35030968983465455,0.09154194364805601,17,7
328,12,False,False,True,midpoint,0.35030968983465455,0.11810949303390353,17,8
328,12,False,False,True,midpoint_with_inhaler,0.35030968983465455,0.11810949303390353,17,9
328,12,False,False,True,upper_bound,0.35030968983465455,0.13413199329733966,17,10
328,12,False,False,True,upper_bound_with_inhaler,0.35030968983465455,0.13413199329733966,17,11
328,12,False,True,False,one_hot,0.240218647289261,0.24021864728926107,17,12
328,12,False,True,False,lower_bound,0.12783272869882822,-0.017735031727216667,17,13
328,12,False,True,False,midpoint,0.12783272869882822,0.006981011874754349,17,14
328,12,False,True,False,midpoint_with_inhaler,0.12783272869882822,0.006981011874754349,17,15
328,12,False,True,False,upper_bound,0.12783272869882822,0.022915456819288856,17,16
328,12,False,True,False,upper_bound_with_inhaler,0.12783272869882822,0.022915456819288856,17,17
328,12,False,True,True,one_hot,0.240218647289261,0.24021864728926107,17,18
328,12,False,True,True,lower_bound,0.12783272869882822,-0.017735031727216667,17,19
328,12,False,True,True,midpoint,0.12783272869882822,0.006981011874754349,17,20
328,12,False,True,True,midpoint_with_inhaler,0.12783272869882822,0.006981011874754349,17,21
328,12,False,True,True,upper_bound,0.12783272869882822,0.022915456819288856,17,22
328,12,False,True,True,upper_bound_with_inhaler,0.12783272869882822,0.022915456819288856,17,23
328,12,True,False,False,one_hot,0.24021864728926093,0.24021864728926107,17,24
328,12,True,False,False,lower_bound,0.1793281181918711,0.019355241619010245,17,25
328,12,True,False,False,midpoint,0.1793281181918711,0.036977908442580955,17,26
328,12,True,False,False,midpoint_with_inhaler,0.1793281181918711,0.036977908442580955,17,27
328,12,True,False,False,upper_bound,0.1793281181918711,0.04777731174310719,17,28
328,12,True,False,False,upper_bound_with_inhaler,0.1793281181918711,0.04777731174310719,17,29
328,12,True,False,True,one_hot,0.24021864728926093,0.24021864728926107,17,30
328,12,True,False,True,lower_bound,0.1793281181918711,0.019355241619010245,17,31
328,12,True,False,True,midpoint,0.1793281181918711,0.036977908442580955,17,32
328,12,True,False,True,midpoint_with_inhaler,0.1793281181918711,0.036977908442580955,17,33
328,12,True,False,True,upper_bound,0.1793281181918711,0.04777731174310719,17,34
328,12,True,False,True,upper_bound_with_inhaler,0.1793281181918711,0.04777731174310719,17,35
328,24,False,False,False,one_hot,0.1341319932973397,0.1341319932973397,17,36
328,24,False,False,False,lower_bound,-6.938893903907228e-18,-0.07734865037354614,17,37
328,24,False,False,False,midpoint,-6.938893903907228e-18,-0.0621626388809024,17,38
328,24,False,False,False,midpoint_with_inhaler,-6.938893903907228e-18,-0.0621626388809024,17,39
328,24,False,False,False,upper_bound,-6.938893903907228e-18,-0.051685753557698576,17,40
328,24,False,False,False,upper_bound_with_inhaler,-6.938893903907228e-18,-0.051685753557698576,17,41
328,24,False,False,True,one_hot,0.1341319932973397,0.1341319932973397,17,42
328,24,False,False,True,lower_bound,-6.938893903907228e-18,-0.07734865037354614,17,43
328,24,False,False,True,midpoint,-6.938893903907228e-18,-0.0621626388809024,17,44
328,24,False,False,True,midpoint_with_inhaler,-6.938893903907228e-18,-0.0621626388809024,17,45
328,24,False,False,True,upper_bound,-6.938893903907228e-18,-0.051685753557698576,17,46
328,24,False,False,True,upper_bound_with_inhaler,-6.938893903907228e-18,-0.051685753557698576,17,47
328,24,False,True,False,one_hot,-0.23193781324801244,-0.23193781324801244,17,48
328,24,False,True,False,lower_bound,-0.24698518601324337,-0.22082762602306227,17,49
328,24,False,True,False,midpoint,-0.24698518601324337,-0.23684907622405457,17,50
328,24,False,True,False,midpoint_with_inhaler,-0.24698518601324337,-0.23684907622405457,17,51
328,24,False,True,False,upper_bound,-0.24698518601324337,-0.24451533406189802,17,52
328,24,False,True,False,upper_bound_with_inhaler,-0.24698518601324337,-0.24451533406189802,17,53
328,24,False,True,True,one_hot,-0.23193781324801244,-0.23193781324801244,17,54
328,24,False,True,True,lower_bound,-0.24698518601324337,-0.22082762602306227,17,55
328,24,False,True,True,midpoint,-0.24698518601324337,-0.23684907622405457,17,56
328,24,False,True,True,midpoint_with_inhaler,-0.24698518601324337,-0.23684907622405457,17,57
328,24,False,True,True,upper_bound,-0.24698518601324337,-0.24451533406189802,17,58
328,24,False,True,True,upper_bound_with_inhaler,-0.24698518601324337,-0.24451533406189802,17,59
328,24,True,False,False,one_hot,0.1341319932973397,0.1341319932973397,17,60
328,24,True,False,False,lower_bound,-6.938893903907228e-18,-0.07734865037354614,17,61
328,24,True,False,False,midpoint,-6.938893903907228e-18,-0.0621626388809024,17,62
328,24,True,False,False,midpoint_with_inhaler,-6.938893903907228e-18,-0.0621626388809024,17,63
328,24,True,False,False,upper_bound,-6.938893903907228e-18,-0.051685753557698576,17,64
328,24,True,False,False,upper_bound_with_inhaler,-6.938893903907228e-18,-0.051685753557698576,17,65
328,24,True,False,True,one_hot,0.1341319932973397,0.1341319932973397,17,66
328,24,True,False,True,lower_bound,-6.938893903907228e-18,-0.07734865037354614,17,67
328,24,True,False,True,midpoint,-6.938893903907228e-18,-0.0621626388809024,17,68
328,24,True,False,True,midpoint_with_inhaler,-6.938893903907228e-18,-0.0621626388809024,17,69
328,24,True,False,True,upper_bound,-6.938893903907228e-18,-0.051685753557698576,17,70
328,24,True,False,True,upper_bound_with_inhaler,-6.938893903907228e-18,-0.051685753557698576,17,71
328,36,False,False,False,one_hot,0.17066884146429798,0.17066884146429792,17,72
328,36,False,False,False,lower_bound,0.10093485547943642,-0.02035173257197865,17,73
328,36,False,False,False,midpoint,0.10093485547943642,-0.007860543813804584,17,74
328,36,False,False,False,midpoint_with_inhaler,0.10093485547943642,-0.007860543813804584,17,75
328,36,False,False,False,upper_bound,0.10093485547943642,6.938893903907228e-18,17,76
328,36,False,False,False,upper_bound_with_inhaler,0.10093485547943642,6.938893903907228e-18,17,77
328,36,False,False,True,one_hot,0.17066884146429798,0.17066884146429792,17,78
328,36,False,False,True,lower_bound,0.10093485547943642,-0.02035173257197865,17,79
328,36,False,False,True,midpoint,0.10093485547943642,-0.007860543813804584,17,80
328,36,False,False,True,midpoint_with_inhaler,0.10093485547943642,-0.007860543813804584,17,81
328,36,False,False,True,upper_bound,0.10093485547943642,6.938893903907228e-18,17,82
328,36,False,False,True,upper_bound_with_inhaler,0.10093485547943642,6.938893903907228e-18,17,83
328,36,True,False,False,one_hot,-0.1665136672773379,-0.16651366727733785,17,84
328,36,True,False,False,lower_bound,-0.17932811819187103,-0.16894900691031142,17,85
328,36,True,False,False,midpoint,-0.17932811819187103,-0.17675833779178293,17,86
328,36,True,False,False,midpoint_with_inhaler,-0.17932811819187103,-0.17675833779178293,17,87
328,36,True,False,False,upper_bound,-0.17932811819187103,-0.1790773454548872,17,88
328,36,True,False,False,upper_bound_with_inhaler,-0.17932811819187103,-0.1790773454548872,17,89
328,36,True,False,True,one_hot,-0.1665136672773379,-0.16651366727733785,17,90
328,36,True,False,True,lower_bound,-0.17932811819187103,-0.16894900691031142,17,91
328,36,True,False,True,midpoint,-0.17932811819187103,-0.17675833779178293,17,92
328,36,True,False,True,midpoint_with_inhaler,-0.17932811819187103,-0.17675833779178293,17,93
328,36,True,False,True,upper_bound,-0.17932811819187103,-0.1790773454548872,17,94
328,36,True,False,True,upper_bound_with_inhaler,-0.17932811819187103,-0.1790773454548872,17,95
328,48,False,False,False,one_hot,0.091541943648056,0.091541943648056,17,96
328,48,False,False,False,lower_bound,-0.17698930116698963,-0.19694937492751743,17,97
328,48,False,False,False,midpoint,-0.17698930116698963,-0.18020585314880433,17,98
328,48,False,False,False,midpoint_with_inhaler,-0.17698930116698963,-0.18020585314880433,17,99
328,48,False,False,False,upper_bound,-0.17698930116698963,-0.1674602688243845,17,100
328,48,False,False,False,upper_bound_with_inhaler,-0.17698930116698963,-0.1674602688243845,17,101
328,48,False,False,True,one_hot,0.091541943648056,0.091541943648056,17,102
328,48,False,False,True,lower_bound,-0.17698930116698963,-0.19694937492751743,17,103
328,48,False,False,True,midpoint,-0.17698930116698963,-0.18020585314880433,17,104
328,48,False,False,True,midpoint_with_inhaler,-0.17698930116698963,-0.18020585314880433,17,105
328,48,False,False,True,upper_bound,-0.17698930116698963,-0.1674602688243845,17,106
328,48,False,False,True,upper_bound_with_inhaler,-0.17698930116698963,-0.1674602688243845,17,107
328,48,False,True,False,one_hot,-0.23193781324801244,-0.23193781324801244,17,108
328,48,False,True,False,lower_bound,-0.23780867947128112,-0.20959995706708806,17,109
328,48,False,True,False,midpoint,-0.23780867947128112,-0.2269706944265648,17,110
328,48,False,True,False,midpoint_with_inhaler,-0.23780867947128112,-0.2269706944265648,17,111
328,48,False,True,False,upper_bound,-0.23780867947128112,-0.23457979804955512,17,112
328,48,False,True,False,upper_bound_with_inhaler,-0.23780867947128112,-0.23457979804955512,17,113
328,48,False,True,True,one_hot,-0.23193781324801244,-0.23193781324801244,17,114
328,48,False,True,True,lower_bound,-0.23780867947128112,-0.20959995706708806,17,115
328,48,False,True,True,midpoint,-0.23780867947128112,-0.2269706944265648,17,116
328,48,False,True,True,midpoint_with_inhaler,-0.23780867947128112,-0.2269706944265648,17,117
328,48,False,True,True,upper_bound,-0.23780867947128112,-0.23457979804955512,17,118
328,48,False,True,True,upper_bound_with_inhaler,-0.23780867947128112,-0.23457979804955512,17,119
328,48,True,False,False,one_hot,-0.11284318271571438,-0.11284318271571438,17,120
328,48,True,False,False,lower_bound,-0.12939699363334925,-0.13319229401224203,17,121
328,48,True,False,False,midpoint,-0.12939699363334925,-0.13398681709561408,17,122
328,48,True,False,False,midpoint_with_inhaler,-0.12939699363334925,-0.13398681709561408,17,123
328,48,True,False,False,upper_bound,-0.12939699363334925,-0.13258916856431116,17,124
328,48,True,False,False,upper_bound_with_inhaler,-0.12939699363334925,-0.13258916856431116,17,125
328,48,True,False,True,one_hot,-0.11284318271571438,-0.11284318271571438,17,126
328,48,True,False,True,lower_bound,-0.12939699363334925,-0.13319229401224203,17,127
328,48,True,False,True,midpoint,-0.12939699363334925,-0.13398681709561408,17,128
328,48,True,False,True,midpoint_with_inhaler,-0.12939699363334925,-0.13398681709561408,17,129
328,48,True,False,True,upper_bound,-0.12939699363334925,-0.13258916856431116,17,130
328,48,True,False,True,upper_bound_with_inhaler,-0.12939699363334925,-0.13258916856431116,17,131
343,12,False,False,False,one_hot,0.6194444482647464,0.6194444482647461,93,0
343,12,False,False,False,lower_bound,0.6194444482647464,0.6194444482647461,93,1
343,12,False,False,False,midpoint,0.6194444482647464,0.6194444482647464,93,2
343,12,False,False,False,midpoint_with_inhaler,0.6194444482647464,0.6194444482647464,93,3
343,12,False,False,False,upper_bound,0.6194444482647464,0.6194444482647461,93,4
343,12,False,False,False,upper_bound_with_inhaler,0.6194444482647464,0.6194444482647461,93,5
343,12,False,False,True,one_hot,0.6194444482647464,0.6194444482647461,93,6
343,12,False,False,True,lower_bound,0.6194444482647464,0.6194444482647461,93,7
343,12,False,False,True,midpoint,0.6194444482647464,0.6194444482647464,93,8
343,12,False,False,True,midpoint_with_inhaler,0.6194444482647464,0.6194444482647464,93,9
343,12,False,False,True,upper_bound,0.6194444482647464,0.6194444482647461,93,10
343,12,False,False,True,upper_bound_with_inhaler,0.6194444482647464,0.6194444482647461,93,11
343,12,False,True,False,one_hot,0.5595832090555969,0.5595832090555969,93,12
343,12,False,True,False,lower_bound,0.5595832090555969,0.5595832090555969,93,13
343,12,False,True,False,midpoint,0.5595832090555969,0.5595832090555969,93,14
343,12,False,True,False,midpoint_with_inhaler,0.5595832090555969,0.5595832090555969,93,15
343,12,False,True,False,upper_bound,0.5595832090555969,0.5595832090555969,93,16
343,12,False,True,False,upper_bound_with_inhaler,0.5595832090555969,0.5595832090555969,93,17
343,12,False,True,True,one_hot,0.5595832090555969,0.5595832090555969,93,18
343,12,False,True,True,lower_bound,0.5595832090555969,0.5595832090555969,93,19
343,12,False,True,True,midpoint,0.5595832090555969,0.5595832090555969,93,20
343,12,False,True,True,midpoint_with_inhaler,0.5595832090555969,0.5595832090555969,93,21
343,12,False,True,True,upper_bound,0.5595832090555969,0.5595832090555969,93,22
343,12,False,True,True,upper_bound_with_inhaler,0.5595832090555969,0.5595832090555969,93,23
343,12,True,False,False,one_hot,0.5254589079679458,0.5254589079679461,93,24
343,12,True,False,False,lower_bound,0.5254589079679458,0.5254589079679461,93,25
343,12,True,False,False,midpoint,0.5254589079679458,0.5254589079679459,93,26
343,12,True,False,False,midpoint_with_inhaler,0.5254589079679458,0.5254589079679459,93,27
343,12,True,False,False,upper_bound,0.5254589079679458,0.5254589079679461,93,28
343,12,True,False,False,upper_bound_with_inhaler,0.5254589079679458,0.5254589079679461,93,29
343,12,True,False,True,one_hot,0.5254589079679458,0.5254589079679461,93,30
343,12,True,False,True,lower_bound,0.5254589079679458,0.5254589079679461,93,31
343,12,True,False,True,midpoint,0.5254589079679458,0.5254589079679459,93,32
343,12,True,False,True,midpoint_with_inhaler,0.5254589079679458,0.5254589079679459,93,33
343,12,True,False,True,upper_bound,0.5254589079679458,0.5254589079679461,93,34
343,12,True,False,True,upper_bound_with_inhaler,0.5254589079679458,0.5254589079679461,93,35
343,24,False,False,False,one_hot,0.36656940106275954,0.3665694010627596,93,36
343,24,False,False,False,lower_bound,0.37813041893953736,0.3982172282843359,93,37
343,24,False,False,False,midpoint,0.37813041893953736,0.3951241465963604,93,38
343,24,False,False,False,midpoint_with_inhaler,0.37813041893953736,0.3951241465963604,93,39
343,24,False,False,False,upper_bound,0.37813041893953736,0.3910364622200566,93,40
343,24,False,False,False,upper_bound_with_inhaler,0.37813041893953736,0.3910364622200566,93,41
343,24,False,False,True,one_hot,0.36656940106275954,0.3665694010627596,93,42
343,24,False,False,True,lower_bound,0.37813041893953736,0.3982172282843359,93,43
343,24,False,False,True,midpoint,0.37813041893953736,0.3951241465963604,93,44
343,24,False,False,True,midpoint_with_inhaler,0.37813041893953736,0.3951241465963604,93,45
343,24,False,False,True,upper_bound,0.37813041893953736,0.3910364622200566,93,46
343,24,False,False,True,upper_bound_with_inhaler,0.37813041893953736,0.3910364622200566,93,47
343,24,False,True,False,one_hot,0.15845500289514144,0.1584550028951415,93,48
343,24,False,True,False,lower_bound,0.15845500289514144,0.1584550028951415,93,49
343,24,False,True,False,midpoint,0.15845500289514144,0.15845500289514144,93,50
343,24,False,True,False,midpoint_with_inhaler,0.15845500289514144,0.15845500289514144,93,51
343,24,False,True,False,upper_bound,0.15845500289514144,0.1584550028951415,93,52
343,24,False,True,False,upper_bound_with_inhaler,0.15845500289514144,0.1584550028951415,93,53
343,24,False,True,True,one_hot,0.15845500289514144,0.1584550028951415,93,54
343,24,False,True,True,lower_bound,0.15845500289514144,0.1584550028951415,93,55
343,24,False,True,True,midpoint,0.15845500289514144,0.15845500289514144,93,56
343,24,False,True,True,midpoint_with_inhaler,0.15845500289514144,0.15845500289514144,93,57
343,24,False,True,True,upper_bound,0.15845500289514144,0.1584550028951415,93,58
343,24,False,True,True,upper_bound_with_inhaler,0.15845500289514144,0.1584550028951415,93,59
343,24,True,False,False,one_hot,0.36656940106275954,0.3665694010627596,93,60
343,24,True,False,False,lower_bound,0.37813041893953736,0.3982172282843359,93,61
343,24,True,False,False,midpoint,0.37813041893953736,0.3951241465963604,93,62
343,24,True,False,False,midpoint_with_inhaler,0.37813041893953736,0.3951241465963604,93,63
343,24,True,False,False,upper_bound,0.37813041893953736,0.3910364622200566,93,64
343,24,True,False,False,upper_bound_with_inhaler,0.37813041893953736,0.3910364622200566,93,65
343,24,True,False,True,one_hot,0.36656940106275954,0.3665694010627596,93,66
343,24,True,False,True,lower_bound,0.37813041893953736,0.3982172282843359,93,67
343,24,True,False,True,midpoint,0.37813041893953736,0.3951241465963604,93,68
343,24,True,False,True,midpoint_with_inhaler,0.37813041893953736,0.3951241465963604,93,69
343,24,True,False,True,upper_bound,0.37813041893953736,0.3910364622200566,93,70
343,24,True,False,True,upper_bound_with_inhaler,0.37813041893953736,0.3910364622200566,93,71
343,36,False,False,False,one_hot,0.3198642981176336,0.31986429811763356,93,72
343,36,False,False,False,lower_bound,0.33271147986669775,0.35720059075720906,93,73
343,36,False,False,False,midpoint,0.33271147986669775,0.35137049342131543,93,74
343,36,False,False,False,midpoint_with_inhaler,0.33271147986669775,0.35137049342131543,93,75
343,36,False,False,False,upper_bound,0.33271147986669775,0.34615422259579975,93,76
343,36,False,False,False,upper_bound_with_inhaler,0.33271147986669775,0.34615422259579975,93,77
343,36,False,False,True,one_hot,0.3198642981176336,0.31986429811763356,93,78
343,36,False,False,True,lower_bound,0.33271147986669775,0.35720059075720906,93,79
343,36,False,False,True,midpoint,0.33271147986669775,0.35137049342131543,93,80
343,36,False,False,True,midpoint_with_inhaler,0.33271147986669775,0.35137049342131543,93,81
343,36,False,False,True,upper_bound,0.33271147986669775,0.34615422259579975,93,82
343,36,False,False,True,upper_bound_with_inhaler,0.33271147986669775,0.34615422259579975,93,83
343,36,True,False,False,one_hot,0.21096914457271657,0.21096914457271657,93,84
343,36,True,False,False,lower_bound,0.21096914457271657,0.21096914457271657,93,85
343,36,True,False,False,midpoint,0.21096914457271657,0.2109691445727165,93,86
343,36,True,False,False,midpoint_with_inhaler,0.21096914457271657,0.2109691445727165,93,87
343,36,True,False,False,upper_bound,0.21096914457271657,0.21096914457271657,93,88
343,36,True,False,False,upper_bound_with_inhaler,0.21096914457271657,0.21096914457271657,93,89
343,36,True,False,True,one_hot,0.21096914457271657,0.21096914457271657,93,90
343,36,True,False,True,lower_bound,0.21096914457271657,0.21096914457271657,93,91
343,36,True,False,True,midpoint,0.21096914457271657,0.2109691445727165,93,92
343,36,True,False,True,midpoint_with_inhaler,0.21096914457271657,0.2109691445727165,93,93
343,36,True,False,True,upper_bound,0.21096914457271657,0.21096914457271657,93,94
343,36,True,False,True,upper_bound_with_inhaler,0.21096914457271657,0.21096914457271657,93,95
343,48,False,False,False,one_hot,0.30694901607710023,0.30694901607710023,93,96
343,48,False,False,False,lower_bound,0.3112538762233915,0.2941167192429663,93,97
343,48,False,False,False,midpoint,0.3112538762233915,0.3056559138986963,93,98
343,48,False,False,False,midpoint_with_inhaler,0.3112538762233915,0.3056559138986963,93,99
343,48,False,False,False,upper_bound,0.3112538762233915,0.3094406359374284,93,100
343,48,False,False,False,upper_bound_with_inhaler,0.3112538762233915,0.3094406359374284,93,101
343,48,False,False,True,one_hot,0.30694901607710023,0.30694901607710023,93,102
343,48,False,False,True,lower_bound,0.3112538762233915,0.2941167192429663,93,103
343,48,False,False,True,midpoint,0.3112538762233915,0.3056559138986963,93,104
343,48,False,False,True,midpoint_with_inhaler,0.3112538762233915,0.3056559138986963,93,105
343,48,False,False,True,upper_bound,0.3112538762233915,0.3094406359374284,93,106
343,48,False,False,True,upper_bound_with_inhaler,0.3112538762233915,0.3094406359374284,93,107
343,48,False,True,False,one_hot,0.02076128486522538,0.02076128486522531,93,108
343,48,False,True,False,lower_bound,0.02076128486522538,0.02076128486522531,93,109
343,48,False,True,False,midpoint,0.02076128486522538,0.020761284865225358,93,110
343,48,False,True,False,midpoint_with_inhaler,0.02076128486522538,0.020761284865225358,93,111
343,48,False,True,False,upper_bound,0.02076128486522538,0.02076128486522531,93,112
343,48,False,True,False,upper_bound_with_inhaler,0.02076128486522538,0.02076128486522531,93,113
343,48,False,True,True,one_hot,0.02076128486522538,0.02076128486522531,93,114
343,48,False,True,True,lower_bound,0.02076128486522538,0.02076128486522531,93,115
343,48,False,True,True,midpoint,0.02076128486522538,0.020761284865225358,93,116
343,48,False,True,True,midpoint_with_inhaler,0.02076128486522538,0.020761284865225358,93,117
343,48,False,True,True,upper_bound,0.02076128486522538,0.02076128486522531,93,118
343,48,False,True,True,upper_bound_with_inhaler,0.02076128486522538,0.02076128486522531,93,119
343,48,True,False,False,one_hot,-0.047019756495259024,-0.04701975649525903,93,120
343,48,True,False,False,lower_bound,-0.05043334967960038,-0.06308570073777808,93,121
343,48,True,False,False,midpoint,-0.05043334967960038,-0.05917994738971027,93,122
343,48,True,False,False,midpoint_with_inhaler,-0.05043334967960038,-0.05917994738971027,93,123
343,48,True,False,False,upper_bound,-0.05043334967960038,-0.05670366062543284,93,124
343,48,True,False,False,upper_bound_with_inhaler,-0.05043334967960038,-0.05670366062543284,93,125
343,48,True,False,True,one_hot,-0.047019756495259024,-0.04701975649525903,93,126
343,48,True,False,True,lower_bound,-0.05043334967960038,-0.06308570073777808,93,127
343,48,True,False,True,midpoint,-0.05043334967960038,-0.05917994738971027,93,128
343,48,True,False,True,midpoint_with_inhaler,-0.05043334967960038,-0.05917994738971027,93,129
343,48,True,False,True,upper_bound,-0.05043334967960038,-0.05670366062543284,93,130
343,48,True,False,True,upper_bound_with_inhaler,-0.05043334967960038,-0.05670366062543284,93,131
398,12,False,False,False,one_hot,0.5964553654965247,0.5964553654965243,25,0
398,12,False,False,False,lower_bound,0.5964553654965247,0.5964553654965243,25,1
398,12,False,False,False,midpoint,0.5964553654965247,0.5964553654965247,25,2
398,12,False,False,False,midpoint_with_inhaler,0.5964553654965247,0.5964553654965247,25,3
398,12,False,False,False,upper_bound,0.5964553654965247,0.5964553654965243,25,4
398,12,False,False,False,upper_bound_with_inhaler,0.5964553654965247,0.5964553654965243,25,5
398,12,False,False,True,one_hot,0.5964553654965247,0.5964553654965243,25,6
398,12,False,False,True,lower_bound,0.5964553654965247,0.5964553654965243,25,7
398,12,False,False,True,midpoint,0.5964553654965247,0.5964553654965247,25,8
398,12,False,False,True,midpoint_with_inhaler,0.5964553654965247,0.5964553654965247,25,9
398,12,False,False,True,upper_bound,0.5964553654965247,0.5964553654965243,25,10
398,12,False,False,True,upper_bound_with_inhaler,0.5964553654965247,0.5964553654965243,25,11
398,12,False,True,False,one_hot,-0.2036923847888908,-0.20369238478889082,25,12
398,12,False,True,False,lower_bound,-0.2036923847888908,-0.20369238478889082,25,13
398,12,False,True,False,midpoint,-0.2036923847888908,-0.20369238478889082,25,14
398,12,False,True,False,midpoint_with_inhaler,-0.2036923847888908,-0.20369238478889082,25,15
398,12,False,True,False,upper_bound,-0.2036923847888908,-0.20369238478889082,25,16
398,12,False,True,False,upper_bound_with_inhaler,-0.2036923847888908,-0.20369238478889082,25,17
398,12,False,True,True,one_hot,-0.2036923847888908,-0.20369238478889082,25,18
398,12,False,True,True,lower_bound,-0.2036923847888908,-0.20369238478889082,25,19
398,12,False,True,True,midpoint,-0.2036923847888908,-0.20369238478889082,25,20
398,12,False,True,True,midpoint_with_inhaler,-0.2036923847888908,-0.20369238478889082,25,21
398,12,False,True,True,upper_bound,-0.2036923847888908,-0.20369238478889082,25,22
398,12,False,True,True,upper_bound_with_inhaler,-0.2036923847888908,-0.20369238478889082,25,23
398,12,True,False,False,one_hot,0.3398313641010903,0.3398313641010903,25,24
398,12,True,False,False,lower_bound,0.4508252522597781,0.5658049607731234,25,25
398,12,True,False,False,midpoint,0.4508252522597781,0.5244247534310659,25,26
398,12,True,False,False,midpoint_with_inhaler,0.4508252522597781,0.5244247534310659,25,27
398,12,True,False,False,upper_bound,0.4508252522597781,0.4922679147431843,25,28
398,12,True,False,False,upper_bound_with_inhaler,0.4508252522597781,0.4922679147431843,25,29
398,12,True,False,True,one_hot,0.3398313641010903,0.3398313641010903,25,30
398,12,True,False,True,lower_bound,0.4508252522597781,0.5658049607731234,25,31
398,12,True,False,True,midpoint,0.4508252522597781,0.5244247534310659,25,32
398,12,True,False,True,midpoint_with_inhaler,0.4508252522597781,0.5244247534310659,25,33
398,12,True,False,True,upper_bound,0.4508252522597781,0.4922679147431843,25,34
398,12,True,False,True,upper_bound_with_inhaler,0.4508252522597781,0.4922679147431843,25,35
398,24,False,False,False,one_hot,0.37269680214779005,0.37269680214779005,25,36
398,24,False,False,False,lower_bound,0.32286358660139775,0.20946661876876432,25,37
398,24,False,False,False,midpoint,0.32286358660139775,0.26118069728292187,25,38
398,24,False,False,False,midpoint_with_inhaler,0.32286358660139775,0.26118069728292187,25,39
398,24,False,False,False,upper_bound,0.32286358660139775,0.2898626234197707,25,40
398,24,False,False,False,upper_bound_with_inhaler,0.32286358660139775,0.2898626234197707,25,41
398,24,False,False,True,one_hot,0.37269680214779005,0.37269680214779005,25,42
398,24,False,False,True,lower_bound,0.32286358660139775,0.20946661876876432,25,43
398,24,False,False,True,midpoint,0.32286358660139775,0.26118069728292187,25,44
398,24,False,False,True,midpoint_with_inhaler,0.32286358660139775,0.26118069728292187,25,45
398,24,False,False,True,upper_bound,0.32286358660139775,0.2898626234197707,25,46
398,24,False,False,True,upper_bound_with_inhaler,0.32286358660139775,0.2898626234197707,25,47
398,24,False,True,False,one_hot,0.08932388943290377,0.08932388943290372,25,48
398,24,False,True,False,lower_bound,0.07054631996819376,0.012475333630944501,25,49
398,24,False,True,False,midpoint,0.07054631996819376,0.033393461740134016,25,50
398,24,False,True,False,midpoint_with_inhaler,0.07054631996819376,0.033393461740134016,25,51
398,24,False,True,False,upper_bound,0.07054631996819376,0.04586706265729712,25,52
398,24,False,True,False,upper_bound_with_inhaler,0.07054631996819376,0.04586706265729712,25,53
398,24,False,True,True,one_hot,0.08932388943290377,0.08932388943290372,25,54
398,24,False,True,True,lower_bound,0.07054631996819376,0.012475333630944501,25,55
398,24,False,True,True,midpoint,0.07054631996819376,0.033393461740134016,25,56
398,24,False,True,True,midpoint_with_inhaler,0.07054631996819376,0.033393461740134016,25,57
398,24,False,True,True,upper_bound,0.07054631996819376,0.04586706265729712,25,58
398,24,False,True,True,upper_bound_with_inhaler,0.07054631996819376,0.04586706265729712,25,59
398,24,True,False,False,one_hot,0.37269680214779005,0.37269680214779005,25,60
398,24,True,False,False,lower_bound,0.32286358660139775,0.20946661876876432,25,61
398,24,True,False,False,midpoint,0.32286358660139775,0.26118069728292187,25,62
398,24,True,False,False,midpoint_with_inhaler,0.32286358660139775,0.26118069728292187,25,63
398,24,True,False,False,upper_bound,0.32286358660139775,0.2898626234197707,25,64
398,24,True,False,False,upper_bound_with_inhaler,0.32286358660139775,0.2898626234197707,25,65
398,24,True,False,True,one_hot,0.37269680214779005,0.37269680214779005,25,66
398,24,True,False,True,lower_bound,0.32286358660139775,0.20946661876876432,25,67
398,24,True,False,True,midpoint,0.32286358660139775,0.26118069728292187,25,68
398,24,True,False,True,midpoint_with_inhaler,0.32286358660139775,0.26118069728292187,25,69
398,24,True,False,True,upper_bound,0.32286358660139775,0.2898626234197707,25,70
398,24,True,False,True,upper_bound_with_inhaler,0.32286358660139775,0.2898626234197707,25,71
398,36,False,False,False,one_hot,0.2503586145588893,0.2503586145588893,25,72
398,36,False,False,False,lower_bound,0.14871328945537984,0.046960355574924936,25,73
398,36,False,False,False,midpoint,0.14871328945537984,0.09669275847579892,25,74
398,36,False,False,False,midpoint_with_inhaler,0.14871328945537984,0.09669275847579892,25,75
398,36,False,False,False,upper_bound,0.14871328945537984,0.12941558374932532,25,76
398,36,False,False,False,upper_bound_with_inhaler,0.14871328945537984,0.12941558374932532,25,77
398,36,False,False,True,one_hot,0.2503586145588893,0.2503586145588893,25,78
398,36,False,False,True,lower_bound,0.14871328945537984,0.046960355574924936,25,79
398,36,False,False,True,midpoint,0.14871328945537984,0.09669275847579892,25,80
398,36,False,False,True,midpoint_with_inhaler,0.14871328945537984,0.09669275847579892,25,81
398,36,False,False,True,upper_bound,0.14871328945537984,0.12941558374932532,25,82
398,36,False,False,True,upper_bound_with_inhaler,0.14871328945537984,0.12941558374932532,25,83
398,36,True,False,False,one_hot,-0.1700280159993189,-0.17002801599931885,25,84
398,36,True,False,False,lower_bound,-0.1700280159993189,-0.17002801599931885,25,85
398,36,True,False,False,midpoint,-0.1700280159993189,-0.17002801599931885,25,86
398,36,True,False,False,midpoint_with_inhaler,-0.1700280159993189,-0.17002801599931885,25,87
398,36,True,False,False,upper_bound,-0.1700280159993189,-0.17002801599931885,25,88
398,36,True,False,False,upper_bound_with_inhaler,-0.1700280159993189,-0.17002801599931885,25,89
398,36,True,False,True,one_hot,-0.1700280159993189,-0.17002801599931885,25,90
398,36,True,False,True,lower_bound,-0.1700280159993189,-0.17002801599931885,25,91
398,36,True,False,True,midpoint,-0.1700280159993189,-0.17002801599931885,25,92
398,36,True,False,True,midpoint_with_inhaler,-0.1700280159993189,-0.17002801599931885,25,93
398,36,True,False,True,upper_bound,-0.1700280159993189,-0.17002801599931885,25,94
398,36,True,False,True,upper_bound_with_inhaler,-0.1700280159993189,-0.17002801599931885,25,95
398,48,False,False,False,one_hot,0.12941558374932532,0.12941558374932532,25,96
398,48,False,False,False,lower_bound,-0.04341129959208423,-0.0958149507787667,25,97
398,48,False,False,False,midpoint,-0.04341129959208423,-0.065273365848306,25,98
398,48,False,False,False,midpoint_with_inhaler,-0.04341129959208423,-0.065273365848306,25,99
398,48,False,False,False,upper_bound,-0.04341129959208423,-0.039213176746271027,25,100
398,48,False,False,False,upper_bound_with_inhaler,-0.04341129959208423,-0.039213176746271027,25,101
398,48,False,False,True,one_hot,0.12941558374932532,0.12941558374932532,25,102
398,48,False,False,True,lower_bound,-0.04341129959208423,-0.0958149507787667,25,103
398,48,False,False,True,midpoint,-0.04341129959208423,-0.065273365848306,25,104
398,48,False,False,True,midpoint_with_inhaler,-0.04341129959208423,-0.065273365848306,25,105
398,48,False,False,True,upper_bound,-0.04341129959208423,-0.039213176746271027,25,106
398,48,False,False,True,upper_bound_with_inhaler,-0.04341129959208423,-0.039213176746271027,25,107
398,48,False,True,False,one_hot,0.40810088220577584,0.40810088220577595,25,108
398,48,False,True,False,lower_bound,0.3134276134650047,0.14911309957291477,25,109
398,48,False,True,False,midpoint,0.3134276134650047,0.2152142295159134,25,110
398,48,False,True,False,midpoint_with_inhaler,0.3134276134650047,0.2152142295159134,25,111
398,48,False,True,False,upper_bound,0.3134276134650047,0.2569701555572361,25,112
398,48,False,True,False,upper_bound_with_inhaler,0.3134276134650047,0.2569701555572361,25,113
398,48,False,True,True,one_hot,0.40810088220577584,0.40810088220577595,25,114
398,48,False,True,True,lower_bound,0.3134276134650047,0.14911309957291477,25,115
398,48,False,True,True,midpoint,0.3134276134650047,0.2152142295159134,25,116
398,48,False,True,True,midpoint_with_inhaler,0.3134276134650047,0.2152142295159134,25,117
398,48,False,True,True,upper_bound,0.3134276134650047,0.2569701555572361,25,118
398,48,False,True,True,upper_bound_with_inhaler,0.3134276134650047,0.2569701555572361,25,119
398,48,True,False,False,one_hot,0.05280251446166788,0.05280251446166786,25,120
398,48,True,False,False,lower_bound,0.03469100889578106,-0.01247533363094453,25,121
398,48,True,False,False,midpoint,0.03469100889578106,0.0047551524234664575,25,122
398,48,True,False,False,midpoint_with_inhaler,0.03469100889578106,0.0047551524234664575,25,123
398,48,True,False,False,upper_bound,0.03469100889578106,0.015205132524178528,25,124
398,48,True,False,False,upper_bound_with_inhaler,0.03469100889578106,0.015205132524178528,25,125
398,48,True,False,True,one_hot,0.05280251446166788,0.05280251446166786,25,126
398,48,True,False,True,lower_bound,0.03469100889578106,-0.01247533363094453,25,127
398,48,True,False,True,midpoint,0.03469100889578106,0.0047551524234664575,25,128
398,48,True,False,True,midpoint_with_inhaler,0.03469100889578106,0.0047551524234664575,25,129
398,48,True,False,True,upper_bound,0.03469100889578106,0.015205132524178528,25,130
398,48,True,False,True,upper_bound_with_inhaler,0.03469100889578106,0.015205132524178528,25,131
447,12,False,False,False,one_hot,-0.1510642032560572,-0.1510642032560572,89,0
447,12,False,False,False,lower_bound,-0.25507752385916055,-0.07107791408330595,89,1
447,12,False,False,False,midpoint,-0.25507752385916055,-0.14954903192789507,89,2
447,12,False,False,False,midpoint_with_inhaler,-0.25507752385916055,-0.14954903192789507,89,3
447,12,False,False,False,upper_bound,-0.25507752385916055,-0.1995127755090201,89,4
447,12,False,False,False,upper_bound_with_inhaler,-0.25507752385916055,-0.1995127755090201,89,5
447,12,False,False,True,one_hot,-0.1510642032560572,-0.1510642032560572,89,6
447,12,False,False,True,lower_bound,-0.25507752385916055,-0.07107791408330595,89,7
447,12,False,False,True,midpoint,-0.25507752385916055,-0.14954903192789507,89,8
447,12,False,False,True,midpoint_with_inhaler,-0.25507752385916055,-0.14954903192789507,89,9
447,12,False,False,True,upper_bound,-0.25507752385916055,-0.1995127755090201,89,10
447,12,False,False,True,upper_bound_with_inhaler,-0.25507752385916055,-0.1995127755090201,89,11
447,12,False,True,False,one_hot,0.26272275550989693,0.26272275550989693,89,12
447,12,False,True,False,lower_bound,-0.20819189983562533,-0.17476441963611158,89,13
447,12,False,True,False,midpoint,-0.20819189983562533,-0.17022915478476264,89,14
447,12,False,True,False,midpoint_with_inhaler,-0.20819189983562533,-0.17022915478476264,89,15
447,12,False,True,False,upper_bound,-0.20819189983562533,-0.16299542339556833,89,16
447,12,False,True,False,upper_bound_with_inhaler,-0.20819189983562533,-0.16299542339556833,89,17
447,12,False,True,True,one_hot,0.26272275550989693,0.26272275550989693,89,18
447,12,False,True,True,lower_bound,-0.20819189983562533,-0.17476441963611158,89,19
447,12,False,True,True,midpoint,-0.20819189983562533,-0.17022915478476264,89,20
447,12,False,True,True,midpoint_with_inhaler,-0.20819189983562533,-0.17022915478476264,89,21
447,12,False,True,True,upper_bound,-0.20819189983562533,-0.16299542339556833,89,22
447,12,False,True,True,upper_bound_with_inhaler,-0.20819189983562533,-0.16299542339556833,89,23
447,12,True,False,False,one_hot,0.1064154698601993,0.10641546986019933,89,24
447,12,True,False,False,lower_bound,0.02620213118886488,0.0766155771687357,89,25
447,12,True,False,False,midpoint,0.02620213118886488,0.07377191144208166,89,26
447,12,True,False,False,midpoint_with_inhaler,0.02620213118886488,0.07377191144208166,89,27
447,12,True,False,False,upper_bound,0.02620213118886488,0.07109531395083178,89,28
447,12,True,False,False,upper_bound_with_inhaler,0.02620213118886488,0.07109531395083178,89,29
447,12,True,False,True,one_hot,0.1064154698601993,0.10641546986019933,89,30
447,12,True,False,True,lower_bound,0.02620213118886488,0.0766155771687357,89,31
447,12,True,False,True,midpoint,0.02620213118886488,0.07377191144208166,89,32
447,12,True,False,True,midpoint_with_inhaler,0.02620213118886488,0.07377191144208166,89,33
447,12,True,False,True,upper_bound,0.02620213118886488,0.07109531395083178,89,34
447,12,True,False,True,upper_bound_with_inhaler,0.02620213118886488,0.07109531395083178,89,35
447,24,False,False,False,one_hot,0.09456950669993847,0.09456950669993845,89,36
447,24,False,False,False,lower_bound,0.023970481041600388,0.19211275217961896,89,37
447,24,False,False,False,midpoint,0.023970481041600388,0.15617364520201785,89,38
447,24,False,False,False,midpoint_with_inhaler,0.023970481041600388,0.15617364520201785,89,39
447,24,False,False,False,upper_bound,0.023970481041600388,0.12936652580270824,89,40
447,24,False,False,False,upper_bound_with_inhaler,0.023970481041600388,0.12936652580270824,89,41
447,24,False,False,True,one_hot,0.09456950669993847,0.09456950669993845,89,42
447,24,False,False,True,lower_bound,0.023970481041600388,0.19211275217961896,89,43
447,24,False,False,True,midpoint,0.023970481041600388,0.15617364520201785,89,44
447,24,False,False,True,midpoint_with_inhaler,0.023970481041600388,0.15617364520201785,89,45
447,24,False,False,True,upper_bound,0.023970481041600388,0.12936652580270824,89,46
447,24,False,False,True,upper_bound_with_inhaler,0.023970481041600388,0.12936652580270824,89,47
447,24,False,True,False,one_hot,-0.10039151157663175,-0.10039151157663176,89,48
447,24,False,True,False,lower_bound,-0.19215921912800815,0.06735051356256043,89,49
447,24,False,True,False,midpoint,-0.19215921912800815,-0.0005971779642642077,89,50
447,24,False,True,False,midpoint_with_inhaler,-0.19215921912800815,-0.0005971779642642077,89,51
447,24,False,True,False,upper_bound,-0.19215921912800815,-0.04429897995078067,89,52
447,24,False,True,False,upper_bound_with_inhaler,-0.19215921912800815,-0.04429897995078067,89,53
447,24,False,True,True,one_hot,-0.10039151157663175,-0.10039151157663176,89,54
447,24,False,True,True,lower_bound,-0.19215921912800815,0.06735051356256043,89,55
447,24,False,True,True,midpoint,-0.19215921912800815,-0.0005971779642642077,89,56
447,24,False,True,True,midpoint_with_inhaler,-0.19215921912800815,-0.0005971779642642077,89,57
447,24,False,True,True,upper_bound,-0.19215921912800815,-0.04429897995078067,89,58
447,24,False,True,True,upper_bound_with_inhaler,-0.19215921912800815,-0.04429897995078067,89,59
447,24,True,False,False,one_hot,0.09456950669993847,0.09456950669993845,89,60
447,24,True,False,False,lower_bound,0.023970481041600388,0.19211275217961896,89,61
447,24,True,False,False,midpoint,0.023970481041600388,0.15617364520201785,89,62
447,24,True,False,False,midpoint_with_inhaler,0.023970481041600388,0.15617364520201785,89,63
447,24,True,False,False,upper_bound,0.023970481041600388,0.12936652580270824,89,64
447,24,True,False,False,upper_bound_with_inhaler,0.023970481041600388,0.12936652580270824,89,65
447,24,True,False,True,one_hot,0.09456950669993847,0.09456950669993845,89,66
447,24,True,False,True,lower_bound,0.023970481041600388,0.19211275217961896,89,67
447,24,True,False,True,midpoint,0.023970481041600388,0.15617364520201785,89,68
447,24,True,False,True,midpoint_with_inhaler,0.023970481041600388,0.15617364520201785,89,69
447,24,True,False,True,upper_bound,0.023970481041600388,0.12936652580270824,89,70
447,24,True,False,True,upper_bound_with_inhaler,0.023970481041600388,0.12936652580270824,89,71
447,36,False,False,False,one_hot,0.1531311747368427,0.15313117473684273,89,72
447,36,False,False,False,lower_bound,-0.03542505585709091,0.1719409931034228,89,73
447,36,False,False,False,midpoint,-0.03542505585709091,0.14208054478067905,89,74
447,36,False,False,False,midpoint_with_inhaler,-0.03542505585709091,0.14208054478067905,89,75
447,36,False,False,False,upper_bound,-0.03542505585709091,0.12293839322132384,89,76
447,36,False,False,False,upper_bound_with_inhaler,-0.03542505585709091,0.12293839322132384,89,77
447,36,False,False,True,one_hot,0.1531311747368427,0.15313117473684273,89,78
447,36,False,False,True,lower_bound,-0.03542505585709091,0.1719409931034228,89,79
447,36,False,False,True,midpoint,-0.03542505585709091,0.14208054478067905,89,80
447,36,False,False,True,midpoint_with_inhaler,-0.03542505585709091,0.14208054478067905,89,81
447,36,False,False,True,upper_bound,-0.03542505585709091,0.12293839322132384,89,82
447,36,False,False,True,upper_bound_with_inhaler,-0.03542505585709091,0.12293839322132384,89,83
447,36,True,False,False,one_hot,-0.08974517315044513,-0.08974517315044513,89,84
447,36,True,False,False,lower_bound,-0.05698786011951882,0.178606586953932,89,85
447,36,True,False,False,midpoint,-0.05698786011951882,0.12534962965739152,89,86
447,36,True,False,False,midpoint_with_inhaler,-0.05698786011951882,0.12534962965739152,89,87
447,36,True,False,False,upper_bound,-0.05698786011951882,0.0893797913575472,89,88
447,36,True,False,False,upper_bound_with_inhaler,-0.05698786011951882,0.0893797913575472,89,89
447,36,True,False,True,one_hot,-0.08974517315044513,-0.08974517315044513,89,90
447,36,True,False,True,lower_bound,-0.05698786011951882,0.178606586953932,89,91
447,36,True,False,True,midpoint,-0.05698786011951882,0.12534962965739152,89,92
447,36,True,False,True,midpoint_with_inhaler,-0.05698786011951882,0.12534962965739152,89,93
447,36,True,False,True,upper_bound,-0.05698786011951882,0.0893797913575472,89,94
447,36,True,False,True,upper_bound_with_inhaler,-0.05698786011951882,0.0893797913575472,89,95
447,48,False,False,False,one_hot,0.3010049771792185,0.3010049771792186,89,96
447,48,False,False,False,lower_bound,-0.1437843695580871,0.04953926231685793,89,97
447,48,False,False,False,midpoint,-0.1437843695580871,0.03787155800441765,89,98
447,48,False,False,False,midpoint_with_inhaler,-0.1437843695580871,0.03787155800441765,89,99
447,48,False,False,False,upper_bound,-0.1437843695580871,0.031832075081826866,89,100
447,48,False,False,False,upper_bound_with_inhaler,-0.1437843695580871,0.031832075081826866,89,101
447,48,False,False,True,one_hot,0.3010049771792185,0.3010049771792186,89,102
447,48,False,False,True,lower_bound,-0.1437843695580871,0.04953926231685793,89,103
447,48,False,False,True,midpoint,-0.1437843695580871,0.03787155800441765,89,104
447,48,False,False,True,midpoint_with_inhaler,-0.1437843695580871,0.03787155800441765,89,105
447,48,False,False,True,upper_bound,-0.1437843695580871,0.031832075081826866,89,106
447,48,False,False,True,upper_bound_with_inhaler,-0.1437843695580871,0.031832075081826866,89,107
447,48,False,True,False,one_hot,-0.10039151157663173,-0.10039151157663173,89,108
447,48,False,True,False,lower_bound,-0.2951644739528245,-0.19861004350436431,89,109
447,48,False,True,False,midpoint,-0.2951644739528245,-0.20868554795970387,89,110
447,48,False,True,False,midpoint_with_inhaler,-0.2951644739528245,-0.20868554795970387,89,111
447,48,False,True,False,upper_bound,-0.2951644739528245,-0.21253642358536462,89,112
447,48,False,True,False,upper_bound_with_inhaler,-0.2951644739528245,-0.21253642358536462,89,113
447,48,False,True,True,one_hot,-0.10039151157663173,-0.10039151157663173,89,114
447,48,False,True,True,lower_bound,-0.2951644739528245,-0.19861004350436431,89,115
447,48,False,True,True,midpoint,-0.2951644739528245,-0.20868554795970387,89,116
447,48,False,True,True,midpoint_with_inhaler,-0.2951644739528245,-0.20868554795970387,89,117
447,48,False,True,True,upper_bound,-0.2951644739528245,-0.21253642358536462,89,118
447,48,False,True,True,upper_bound_with_inhaler,-0.2951644739528245,-0.21253642358536462,89,119
447,48,True,False,False,one_hot,-0.07380761959025699,-0.07380761959025703,89,120
447,48,True,False,False,lower_bound,-0.29080678015869993,-0.1880131899993743,89,121
447,48,True,False,False,midpoint,-0.29080678015869993,-0.18691698784600846,89,122
447,48,True,False,False,midpoint_with_inhaler,-0.29080678015869993,-0.18691698784600846,89,123
447,48,True,False,False,upper_bound,-0.29080678015869993,-0.1816352359530786,89,124
447,48,True,False,False,upper_bound_with_inhaler,-0.29080678015869993,-0.1816352359530786,89,125
447,48,True,False,True,one_hot,-0.07380761959025699,-0.07380761959025703,89,126
447,48,True,False,True,lower_bound,-0.29080678015869993,-0.1880131899993743,89,127
447,48,True,False,True,midpoint,-0.29080678015869993,-0.18691698784600846,89,128
447,48,True,False,True,midpoint_with_inhaler,-0.29080678015869993,-0.18691698784600846,89,129
447,48,True,False,True,upper_bound,-0.29080678015869993,-0.1816352359530786,89,130
447,48,True,False,True,upper_bound_with_inhaler,-0.29080678015869993,-0.1816352359530786,89,131
454,12,False,False,False,one_hot,,,2,0
454,12,False,False,False,lower_bound,,,2,1
454,12,False,False,False,midpoint,,,2,2
454,12,False,False,False,midpoint_with_inhaler,,,2,3
454,12,False,False,False,upper_bound,,,2,4
454,12,False,False,False,upper_bound_with_inhaler,,,2,5
454,12,False,False,True,one_hot,,,2,6
454,12,False,False,True,lower_bound,,,2,7
454,12,False,False,True,midpoint,,,2,8
454,12,False,False,True,midpoint_with_inhaler,,,2,9
454,12,False,False,True,upper_bound,,,2,10
454,12,False,False,True,upper_bound_with_inhaler,,,2,11
454,12,False,True,False,one_hot,,,2,12
454,12,False,True,False,lower_bound,,,2,13
454,12,False,True,False,midpoint,,,2,14
454,12,False,True,False,midpoint_with_inhaler,,,2,15
454,12,False,True,False,upper_bound,,,2,16
454,12,False,True,False,upper_bound_with_inhaler,,,2,17
454,12,False,True,True,one_hot,,,2,18
454,12,False,True,True,lower_bound,,,2,19
454,12,False,True,True,midpoint,,,2,20
454,12,False,True,True,midpoint_with_inhaler,,,2,21
454,12,False,True,True,upper_bound,,,2,22
454,12,False,True,True,upper_bound_with_inhaler,,,2,23
454,12,True,False,False,one_hot,,,2,24
454,12,True,False,False,lower_bound,,,2,25
454,12,True,False,False,midpoint,,,2,26
454,12,True,False,False,midpoint_with_inhaler,,,2,27
454,12,True,False,False,upper_bound,,,2,28
454,12,True,False,False,upper_bound_with_inhaler,,,2,29
454,12,True,False,True,one_hot,,,2,30
454,12,True,False,True,lower_bound,,,2,31
454,12,True,False,True,midpoint,,,2,32
454,12,True,False,True,midpoint_with_inhaler,,,2,33
454,12,True,False,True,upper_bound,,,2,34
454,12,True,False,True,upper_bound_with_inhaler,,,2,35
454,24,False,False,False,one_hot,,,2,36
454,24,False,False,False,lower_bound,,,2,37
454,24,False,False,False,midpoint,,,2,38
454,24,False,False,False,midpoint_with_inhaler,,,2,39
454,24,False,False,False,upper_bound,,,2,40
454,24,False,False,False,upper_bound_with_inhaler,,,2,41
454,24,False,False,True,one_hot,,,2,42
454,24,False,False,True,lower_bound,,,2,43
454,24,False,False,True,midpoint,,,2,44
454,24,False,False,True,midpoint_with_inhaler,,,2,45
454,24,False,False,True,upper_bound,,,2,46
454,24,False,False,True,upper_bound_with_inhaler,,,2,47
454,24,False,True,False,one_hot,,,2,48
454,24,False,True,False,lower_bound,,,2,49
454,24,False,True,False,midpoint,,,2,50
454,24,False,True,False,midpoint_with_inhaler,,,2,51
454,24,False,True,False,upper_bound,,,2,52
454,24,False,True,False,upper_bound_with_inhaler,,,2,53
454,24,False,True,True,one_hot,,,2,54
454,24,False,True,True,lower_bound,,,2,55
454,24,False,True,True,midpoint,,,2,56
454,24,False,True,True,midpoint_with_inhaler,,,2,57
454,24,False,True,True,upper_bound,,,2,58
454,24,False,True,True,upper_bound_with_inhaler,,,2,59
454,24,True,False,False,one_hot,,,2,60
454,24,True,False,False,lower_bound,,,2,61
454,24,True,False,False,midpoint,,,2,62
454,24,True,False,False,midpoint_with_inhaler,,,2,63
454,24,True,False,False,upper_bound,,,2,64
454,24,True,False,False,upper_bound_with_inhaler,,,2,65
454,24,True,False,True,one_hot,,,2,66
454,24,True,False,True,lower_bound,,,2,67
454,24,True,False,True,midpoint,,,2,68
454,24,True,False,True,midpoint_with_inhaler,,,2,69
454,24,True,False,True,upper_bound,,,2,70
454,24,True,False,True,upper_bound_with_inhaler,,,2,71
454,36,False,False,False,one_hot,,,2,72
454,36,False,False,False,lower_bound,,,2,73
454,36,False,False,False,midpoint,,,2,74
454,36,False,False,False,midpoint_with_inhaler,,,2,75
454,36,False,False,False,upper_bound,,,2,76
454,36,False,False,False,upper_bound_with_inhaler,,,2,77
454,36,False,False,True,one_hot,,,2,78
454,36,False,False,True,lower_bound,,,2,79
454,36,False,False,True,midpoint,,,2,80
454,36,False,False,True,midpoint_with_inhaler,,,2,81
454,36,False,False,True,upper_bound,,,2,82
454,36,False,False,True,upper_bound_with_inhaler,,,2,83
454,36,True,False,False,one_hot,,,2,84
454,36,True,False,False,lower_bound,,,2,85
454,36,True,False,False,midpoint,,,2,86
454,36,True,False,False,midpoint_with_inhaler,,,2,87
454,36,True,False,False,upper_bound,,,2,88
454,36,True,False,False,upper_bound_with_inhaler,,,2,89
454,36,True,False,True,one_hot,,,2,90
454,36,True,False,True,lower_bound,,,2,91
454,36,True,False,True,midpoint,,,2,92
454,36,True,False,True,midpoint_with_inhaler,,,2,93
454,36,True,False,True,upper_bound,,,2,94
454,36,True,False,True,upper_bound_with_inhaler,,,2,95
454,48,False,False,False,one_hot,,,2,96
454,48,False,False,False,lower_bound,,,2,97
454,48,False,False,False,midpoint,,,2,98
454,48,False,False,False,midpoint_with_inhaler,,,2,99
454,48,False,False,False,upper_bound,,,2,100
454,48,False,False,False,upper_bound_with_inhaler,,,2,101
454,48,False,False,True,one_hot,,,2,102
454,48,False,False,True,lower_bound,,,2,103
454,48,False,False,True,midpoint,,,2,104
454,48,False,False,True,midpoint_with_inhaler,,,2,105
454,48,False,False,True,upper_bound,,,2,106
454,48,False,False,True,upper_bound_with_inhaler,,,2,107
454,48,False,True,False,one_hot,,,2,108
454,48,False,True,False,lower_bound,,,2,109
454,48,False,True,False,midpoint,,,2,110
454,48,False,True,False,midpoint_with_inhaler,,,2,111
454,48,False,True,False,upper_bound,,,2,112
454,48,False,True,False,upper_bound_with_inhaler,,,2,113
454,48,False,True,True,one_hot,,,2,114
454,48,False,True,True,lower_bound,,,2,115
454,48,False,True,True,midpoint,,,2,116
454,48,False,True,True,midpoint_with_inhaler,,,2,117
454,48,False,True,True,upper_bound,,,2,118
454,48,False,True,True,upper_bound_with_inhaler,,,2,119
454,48,True,False,False,one_hot,,,2,120
454,48,True,False,False,lower_bound,,,2,121
454,48,True,False,False,midpoint,,,2,122
454,48,True,False,False,midpoint_with_inhaler,,,2,123
454,48,True,False,False,upper_bound,,,2,124
454,48,True,False,False,upper_bound_with_inhaler,,,2,125
454,48,True,False,True,one_hot,,,2,126
454,48,True,False,True,lower_bound,,,2,127
454,48,True,False,True,midpoint,,,2,128
454,48,True,False,True,midpoint_with_inhaler,,,2,129
454,48,True,False,True,upper_bound,,,2,130
454,48,True,False,True,upper_bound_with_inhaler,,,2,131
473,12,False,False,False,one_hot,0.21468350869221572,0.21468350869221572,69,0
473,12,False,False,False,lower_bound,0.596308266954188,0.9074042692112146,69,1
473,12,False,False,False,midpoint,0.596308266954188,0.8762191031280598,69,2
473,12,False,False,False,midpoint_with_inhaler,0.596308266954188,0.8762191031280598,69,3
473,12,False,False,False,upper_bound,0.5955812701973371,0.8254850073463018,69,4
473,12,False,False,False,upper_bound_with_inhaler,0.5955812701973371,0.8254850073463018,69,5
473,12,False,False,True,one_hot,0.21468350869221572,0.21468350869221572,69,6
473,12,False,False,True,lower_bound,0.596308266954188,0.9074042692112146,69,7
473,12,False,False,True,midpoint,0.596308266954188,0.8762191031280598,69,8
473,12,False,False,True,midpoint_with_inhaler,0.596308266954188,0.8762191031280598,69,9
473,12,False,False,True,upper_bound,0.5955812701973371,0.8254850073463018,69,10
473,12,False,False,True,upper_bound_with_inhaler,0.5955812701973371,0.8254850073463018,69,11
473,12,False,True,False,one_hot,0.37001237598224446,0.3700123759822444,69,12
473,12,False,True,False,lower_bound,0.6984770852587331,0.9664351917805566,69,13
473,12,False,True,False,midpoint,0.6984770852587331,1.0068565448539153,69,14
473,12,False,True,False,midpoint_with_inhaler,0.6984770852587331,1.0068565448539153,69,15
473,12,False,True,False,upper_bound,0.6979218701113019,1.0246411254450507,69,16
473,12,False,True,False,upper_bound_with_inhaler,0.6979218701113019,1.0246411254450507,69,17
473,12,False,True,True,one_hot,0.37001237598224446,0.3700123759822444,69,18
473,12,False,True,True,lower_bound,0.6984770852587331,0.9664351917805566,69,19
473,12,False,True,True,midpoint,0.6984770852587331,1.0068565448539153,69,20
473,12,False,True,True,midpoint_with_inhaler,0.6984770852587331,1.0068565448539153,69,21
473,12,False,True,True,upper_bound,0.6979218701113019,1.0246411254450507,69,22
473,12,False,True,True,upper_bound_with_inhaler,0.6979218701113019,1.0246411254450507,69,23
473,12,True,False,False,one_hot,0.18156444715279227,0.18156444715279224,69,24
473,12,True,False,False,lower_bound,0.4861768024625227,0.662342736143663,69,25
473,12,True,False,False,midpoint,0.4861768024625227,0.7546816436958195,69,26
473,12,True,False,False,midpoint_with_inhaler,0.4861768024625227,0.7546816436958195,69,27
473,12,True,False,False,upper_bound,0.4864032429561642,0.8164025312279719,69,28
473,12,True,False,False,upper_bound_with_inhaler,0.4864032429561642,0.8164025312279719,69,29
473,12,True,False,True,one_hot,0.18156444715279227,0.18156444715279224,69,30
473,12,True,False,True,lower_bound,0.4861768024625227,0.662342736143663,69,31
473,12,True,False,True,midpoint,0.4861768024625227,0.7546816436958195,69,32
473,12,True,False,True,midpoint_with_inhaler,0.4861768024625227,0.7546816436958195,69,33
473,12,True,False,True,upper_bound,0.4864032429561642,0.8164025312279719,69,34
473,12,True,False,True,upper_bound_with_inhaler,0.4864032429561642,0.8164025312279719,69,35
473,24,False,False,False,one_hot,0.10587546887371088,0.10587546887371088,69,36
473,24,False,False,False,lower_bound,0.6817653895611488,1.0715917062033948,69,37
473,24,False,False,False,midpoint,0.6817653895611488,1.0802022770329875,69,38
473,24,False,False,False,midpoint_with_inhaler,0.6817653895611488,1.0802022770329875,69,39
473,24,False,False,False,upper_bound,0.6812385679747439,1.0654232390880143,69,40
473,24,False,False,False,upper_bound_with_inhaler,0.6812385679747439,1.0654232390880143,69,41
473,24,False,False,True,one_hot,0.10587546887371088,0.10587546887371088,69,42
473,24,False,False,True,lower_bound,0.6817653895611488,1.0715917062033948,69,43
473,24,False,False,True,midpoint,0.6817653895611488,1.0802022770329875,69,44
473,24,False,False,True,midpoint_with_inhaler,0.6817653895611488,1.0802022770329875,69,45
473,24,False,False,True,upper_bound,0.6812385679747439,1.0654232390880143,69,46
473,24,False,False,True,upper_bound_with_inhaler,0.6812385679747439,1.0654232390880143,69,47
473,24,False,True,False,one_hot,0.05566377467333719,0.05566377467333718,69,48
473,24,False,True,False,lower_bound,0.3378518523780291,0.4973893134310639,69,49
473,24,False,True,False,midpoint,0.3378518523780291,0.4781193691750638,69,50
473,24,False,True,False,midpoint_with_inhaler,0.3378518523780291,0.4781193691750638,69,51
473,24,False,True,False,upper_bound,0.3360941260660779,0.4597888012342736,69,52
473,24,False,True,False,upper_bound_with_inhaler,0.3360941260660779,0.4597888012342736,69,53
473,24,False,True,True,one_hot,0.05566377467333719,0.05566377467333718,69,54
473,24,False,True,True,lower_bound,0.3378518523780291,0.4973893134310639,69,55
473,24,False,True,True,midpoint,0.3378518523780291,0.4781193691750638,69,56
473,24,False,True,True,midpoint_with_inhaler,0.3378518523780291,0.4781193691750638,69,57
473,24,False,True,True,upper_bound,0.3360941260660779,0.4597888012342736,69,58
473,24,False,True,True,upper_bound_with_inhaler,0.3360941260660779,0.4597888012342736,69,59
473,24,True,False,False,one_hot,0.10587546887371088,0.10587546887371088,69,60
473,24,True,False,False,lower_bound,0.6817653895611488,1.0715917062033948,69,61
473,24,True,False,False,midpoint,0.6817653895611488,1.0802022770329875,69,62
473,24,True,False,False,midpoint_with_inhaler,0.6817653895611488,1.0802022770329875,69,63
473,24,True,False,False,upper_bound,0.6812385679747439,1.0654232390880143,69,64
473,24,True,False,False,upper_bound_with_inhaler,0.6812385679747439,1.0654232390880143,69,65
473,24,True,False,True,one_hot,0.10587546887371088,0.10587546887371088,69,66
473,24,True,False,True,lower_bound,0.6817653895611488,1.0715917062033948,69,67
473,24,True,False,True,midpoint,0.6817653895611488,1.0802022770329875,69,68
473,24,True,False,True,midpoint_with_inhaler,0.6817653895611488,1.0802022770329875,69,69
473,24,True,False,True,upper_bound,0.6812385679747439,1.0654232390880143,69,70
473,24,True,False,True,upper_bound_with_inhaler,0.6812385679747439,1.0654232390880143,69,71
473,36,False,False,False,one_hot,0.33424417481746355,0.3342441748174635,69,72
473,36,False,False,False,lower_bound,0.7101797803784962,0.9305318917695988,69,73
473,36,False,False,False,midpoint,0.7101797803784962,0.8996898920993327,69,74
473,36,False,False,False,midpoint_with_inhaler,0.7101797803784962,0.961678057370955,69,75
473,36,False,False,False,upper_bound,0.7045514987803814,0.8613033869069775,69,76
473,36,False,False,False,upper_bound_with_inhaler,0.7101797803784962,0.976993174892943,69,77
473,36,False,False,True,one_hot,0.33424417481746355,0.3342441748174635,69,78
473,36,False,False,True,lower_bound,0.7101797803784962,0.9305318917695988,69,79
473,36,False,False,True,midpoint,0.7101797803784962,0.8996898920993327,69,80
473,36,False,False,True,midpoint_with_inhaler,0.7101797803784962,0.961678057370955,69,81
473,36,False,False,True,upper_bound,0.7045514987803814,0.8613033869069775,69,82
473,36,False,False,True,upper_bound_with_inhaler,0.7101797803784962,0.976993174892943,69,83
473,36,True,False,False,one_hot,0.2479651635246093,0.24796516352460926,69,84
473,36,True,False,False,lower_bound,0.5319791202521774,0.7296241869898324,69,85
473,36,True,False,False,midpoint,0.5319791202521774,0.705957228727706,69,86
473,36,True,False,False,midpoint_with_inhaler,0.5319791202521774,0.705957228727706,69,87
473,36,True,False,False,upper_bound,0.5311271441559279,0.6816888072854037,69,88
473,36,True,False,False,upper_bound_with_inhaler,0.5311271441559279,0.6816888072854037,69,89
473,36,True,False,True,one_hot,0.2479651635246093,0.24796516352460926,69,90
473,36,True,False,True,lower_bound,0.5319791202521774,0.7296241869898324,69,91
473,36,True,False,True,midpoint,0.5319791202521774,0.705957228727706,69,92
473,36,True,False,True,midpoint_with_inhaler,0.5319791202521774,0.705957228727706,69,93
473,36,True,False,True,upper_bound,0.5311271441559279,0.6816888072854037,69,94
473,36,True,False,True,upper_bound_with_inhaler,0.5311271441559279,0.6816888072854037,69,95
473,48,False,False,False,one_hot,0.18543637695829937,0.1854363769582994,69,96
473,48,False,False,False,lower_bound,0.6307617475736117,0.8786794293140255,69,97
473,48,False,False,False,midpoint,0.6307617475736117,0.8354604390393058,69,98
473,48,False,False,False,midpoint_with_inhaler,0.6307617475736117,0.8797816025754378,69,99
473,48,False,False,False,upper_bound,0.6268254222966602,0.7854159715815974,69,100
473,48,False,False,False,upper_bound_with_inhaler,0.6307617475736117,0.8796550895965256,69,101
473,48,False,False,True,one_hot,0.18543637695829937,0.1854363769582994,69,102
473,48,False,False,True,lower_bound,0.6307617475736117,0.8786794293140255,69,103
473,48,False,False,True,midpoint,0.6307617475736117,0.8354604390393058,69,104
473,48,False,False,True,midpoint_with_inhaler,0.6307617475736117,0.8797816025754378,69,105
473,48,False,False,True,upper_bound,0.6268254222966602,0.7854159715815974,69,106
473,48,False,False,True,upper_bound_with_inhaler,0.6307617475736117,0.8796550895965256,69,107
473,48,False,True,False,one_hot,0.10587546887371095,0.10587546887371098,69,108
473,48,False,True,False,lower_bound,0.3314137754827132,0.3251712388374718,69,109
473,48,False,True,False,midpoint,0.3314137754827132,0.3449492268464093,69,110
473,48,False,True,False,midpoint_with_inhaler,0.3314137754827132,0.3449492268464093,69,111
473,48,False,True,False,upper_bound,0.3293282335058157,0.35282466065461177,69,112
473,48,False,True,False,upper_bound_with_inhaler,0.3293282335058157,0.35282466065461177,69,113
473,48,False,True,True,one_hot,0.10587546887371095,0.10587546887371098,69,114
473,48,False,True,True,lower_bound,0.3314137754827132,0.3251712388374718,69,115
473,48,False,True,True,midpoint,0.3314137754827132,0.3449492268464093,69,116
473,48,False,True,True,midpoint_with_inhaler,0.3314137754827132,0.3449492268464093,69,117
473,48,False,True,True,upper_bound,0.3293282335058157,0.35282466065461177,69,118
473,48,False,True,True,upper_bound_with_inhaler,0.3293282335058157,0.35282466065461177,69,119
473,48,True,False,False,one_hot,0.15522155376684219,0.1552215537668422,69,120
473,48,True,False,False,lower_bound,0.43057082750199943,0.5894600798083143,69,121
473,48,True,False,False,midpoint,0.43057082750199943,0.5732378122676013,69,122
473,48,True,False,False,midpoint_with_inhaler,0.43057082750199943,0.5732378122676013,69,123
473,48,True,False,False,upper_bound,0.42897939310507466,0.5546323219082832,69,124
473,48,True,False,False,upper_bound_with_inhaler,0.42897939310507466,0.5546323219082832,69,125
473,48,True,False,True,one_hot,0.15522155376684219,0.1552215537668422,69,126
473,48,True,False,True,lower_bound,0.43057082750199943,0.5894600798083143,69,127
473,48,True,False,True,midpoint,0.43057082750199943,0.5732378122676013,69,128
473,48,True,False,True,midpoint_with_inhaler,0.43057082750199943,0.5732378122676013,69,129
473,48,True,False,True,upper_bound,0.42897939310507466,0.5546323219082832,69,130
473,48,True,False,True,upper_bound_with_inhaler,0.42897939310507466,0.5546323219082832,69,131
514,12,False,False,False,one_hot,0.23121897667818714,0.23121897667818714,36,0
514,12,False,False,False,lower_bound,0.23121897667818714,0.23121897667818714,36,1
514,12,False,False,False,midpoint,0.23121897667818714,0.23121897667818708,36,2
514,12,False,False,False,midpoint_with_inhaler,0.23121897667818714,0.23121897667818708,36,3
514,12,False,False,False,upper_bound,0.23121897667818714,0.23121897667818714,36,4
514,12,False,False,False,upper_bound_with_inhaler,0.23121897667818714,0.23121897667818714,36,5
514,12,False,False,True,one_hot,0.23121897667818714,0.23121897667818714,36,6
514,12,False,False,True,lower_bound,0.23121897667818714,0.23121897667818714,36,7
514,12,False,False,True,midpoint,0.23121897667818714,0.23121897667818708,36,8
514,12,False,False,True,midpoint_with_inhaler,0.23121897667818714,0.23121897667818708,36,9
514,12,False,False,True,upper_bound,0.23121897667818714,0.23121897667818714,36,10
514,12,False,False,True,upper_bound_with_inhaler,0.23121897667818714,0.23121897667818714,36,11
514,12,False,True,False,one_hot,0.22288333655634518,0.22288333655634518,36,12
514,12,False,True,False,lower_bound,0.22288333655634518,0.22288333655634518,36,13
514,12,False,True,False,midpoint,0.22288333655634518,0.22288333655634524,36,14
514,12,False,True,False,midpoint_with_inhaler,0.22288333655634518,0.22288333655634524,36,15
514,12,False,True,False,upper_bound,0.22288333655634518,0.22288333655634518,36,16
514,12,False,True,False,upper_bound_with_inhaler,0.22288333655634518,0.22288333655634518,36,17
514,12,False,True,True,one_hot,0.22288333655634518,0.22288333655634518,36,18
514,12,False,True,True,lower_bound,0.22288333655634518,0.22288333655634518,36,19
514,12,False,True,True,midpoint,0.22288333655634518,0.22288333655634524,36,20
514,12,False,True,True,midpoint_with_inhaler,0.22288333655634518,0.22288333655634524,36,21
514,12,False,True,True,upper_bound,0.22288333655634518,0.22288333655634518,36,22
514,12,False,True,True,upper_bound_with_inhaler,0.22288333655634518,0.22288333655634518,36,23
514,12,True,False,False,one_hot,0.3663821911368483,0.3663821911368483,36,24
514,12,True,False,False,lower_bound,0.3663821911368483,0.3663821911368483,36,25
514,12,True,False,False,midpoint,0.3663821911368483,0.36638219113684845,36,26
514,12,True,False,False,midpoint_with_inhaler,0.3663821911368483,0.36638219113684845,36,27
514,12,True,False,False,upper_bound,0.3663821911368483,0.3663821911368483,36,28
514,12,True,False,False,upper_bound_with_inhaler,0.3663821911368483,0.3663821911368483,36,29
514,12,True,False,True,one_hot,0.3663821911368483,0.3663821911368483,36,30
514,12,True,False,True,lower_bound,0.3663821911368483,0.3663821911368483,36,31
514,12,True,False,True,midpoint,0.3663821911368483,0.36638219113684845,36,32
514,12,True,False,True,midpoint_with_inhaler,0.3663821911368483,0.36638219113684845,36,33
514,12,True,False,True,upper_bound,0.3663821911368483,0.3663821911368483,36,34
514,12,True,False,True,upper_bound_with_inhaler,0.3663821911368483,0.3663821911368483,36,35
514,24,False,False,False,one_hot,0.09958624552579493,0.09958624552579488,36,36
514,24,False,False,False,lower_bound,0.09958624552579493,0.09958624552579488,36,37
514,24,False,False,False,midpoint,0.09958624552579493,0.09958624552579488,36,38
514,24,False,False,False,midpoint_with_inhaler,0.09958624552579493,0.09958624552579488,36,39
514,24,False,False,False,upper_bound,0.09958624552579493,0.09958624552579488,36,40
514,24,False,False,False,upper_bound_with_inhaler,0.09958624552579493,0.09958624552579488,36,41
514,24,False,False,True,one_hot,0.09958624552579493,0.09958624552579488,36,42
514,24,False,False,True,lower_bound,0.09958624552579493,0.09958624552579488,36,43
514,24,False,False,True,midpoint,0.09958624552579493,0.09958624552579488,36,44
514,24,False,False,True,midpoint_with_inhaler,0.09958624552579493,0.09958624552579488,36,45
514,24,False,False,True,upper_bound,0.09958624552579493,0.09958624552579488,36,46
514,24,False,False,True,upper_bound_with_inhaler,0.09958624552579493,0.09958624552579488,36,47
514,24,False,True,False,one_hot,-0.09477385804869749,-0.09477385804869752,36,48
514,24,False,True,False,lower_bound,-0.09477385804869749,-0.09477385804869752,36,49
514,24,False,True,False,midpoint,-0.09477385804869749,-0.09477385804869748,36,50
514,24,False,True,False,midpoint_with_inhaler,-0.09477385804869749,-0.09477385804869748,36,51
514,24,False,True,False,upper_bound,-0.09477385804869749,-0.09477385804869752,36,52
514,24,False,True,False,upper_bound_with_inhaler,-0.09477385804869749,-0.09477385804869752,36,53
514,24,False,True,True,one_hot,-0.09477385804869749,-0.09477385804869752,36,54
514,24,False,True,True,lower_bound,-0.09477385804869749,-0.09477385804869752,36,55
514,24,False,True,True,midpoint,-0.09477385804869749,-0.09477385804869748,36,56
514,24,False,True,True,midpoint_with_inhaler,-0.09477385804869749,-0.09477385804869748,36,57
514,24,False,True,True,upper_bound,-0.09477385804869749,-0.09477385804869752,36,58
514,24,False,True,True,upper_bound_with_inhaler,-0.09477385804869749,-0.09477385804869752,36,59
514,24,True,False,False,one_hot,0.09958624552579493,0.09958624552579488,36,60
514,24,True,False,False,lower_bound,0.09958624552579493,0.09958624552579488,36,61
514,24,True,False,False,midpoint,0.09958624552579493,0.09958624552579488,36,62
514,24,True,False,False,midpoint_with_inhaler,0.09958624552579493,0.09958624552579488,36,63
514,24,True,False,False,upper_bound,0.09958624552579493,0.09958624552579488,36,64
514,24,True,False,False,upper_bound_with_inhaler,0.09958624552579493,0.09958624552579488,36,65
514,24,True,False,True,one_hot,0.09958624552579493,0.09958624552579488,36,66
514,24,True,False,True,lower_bound,0.09958624552579493,0.09958624552579488,36,67
514,24,True,False,True,midpoint,0.09958624552579493,0.09958624552579488,36,68
514,24,True,False,True,midpoint_with_inhaler,0.09958624552579493,0.09958624552579488,36,69
514,24,True,False,True,upper_bound,0.09958624552579493,0.09958624552579488,36,70
514,24,True,False,True,upper_bound_with_inhaler,0.09958624552579493,0.09958624552579488,36,71
514,36,False,False,False,one_hot,0.13693223933428436,0.13693223933428436,36,72
514,36,False,False,False,lower_bound,0.13693223933428436,0.13693223933428436,36,73
514,36,False,False,False,midpoint,0.13693223933428436,0.13693223933428436,36,74
514,36,False,False,False,midpoint_with_inhaler,0.13693223933428436,0.13693223933428436,36,75
514,36,False,False,False,upper_bound,0.13693223933428436,0.13693223933428436,36,76
514,36,False,False,False,upper_bound_with_inhaler,0.13693223933428436,0.13693223933428436,36,77
514,36,False,False,True,one_hot,0.13693223933428436,0.13693223933428436,36,78
514,36,False,False,True,lower_bound,0.13693223933428436,0.13693223933428436,36,79
514,36,False,False,True,midpoint,0.13693223933428436,0.13693223933428436,36,80
514,36,False,False,True,midpoint_with_inhaler,0.13693223933428436,0.13693223933428436,36,81
514,36,False,False,True,upper_bound,0.13693223933428436,0.13693223933428436,36,82
514,36,False,False,True,upper_bound_with_inhaler,0.13693223933428436,0.13693223933428436,36,83
514,36,True,False,False,one_hot,0.09958624552579488,0.09958624552579484,36,84
514,36,True,False,False,lower_bound,0.09958624552579488,0.09958624552579484,36,85
514,36,True,False,False,midpoint,0.09958624552579488,0.09958624552579487,36,86
514,36,True,False,False,midpoint_with_inhaler,0.09958624552579488,0.09958624552579487,36,87
514,36,True,False,False,upper_bound,0.09958624552579488,0.09958624552579484,36,88
514,36,True,False,False,upper_bound_with_inhaler,0.09958624552579488,0.09958624552579484,36,89
514,36,True,False,True,one_hot,0.09958624552579488,0.09958624552579484,36,90
514,36,True,False,True,lower_bound,0.09958624552579488,0.09958624552579484,36,91
514,36,True,False,True,midpoint,0.09958624552579488,0.09958624552579487,36,92
514,36,True,False,True,midpoint_with_inhaler,0.09958624552579488,0.09958624552579487,36,93
514,36,True,False,True,upper_bound,0.09958624552579488,0.09958624552579484,36,94
514,36,True,False,True,upper_bound_with_inhaler,0.09958624552579488,0.09958624552579484,36,95
514,48,False,False,False,one_hot,0.20027787330303518,0.20027787330303512,36,96
514,48,False,False,False,lower_bound,0.20027787330303518,0.20027787330303512,36,97
514,48,False,False,False,midpoint,0.20027787330303518,0.20027787330303512,36,98
514,48,False,False,False,midpoint_with_inhaler,0.20027787330303518,0.20027787330303512,36,99
514,48,False,False,False,upper_bound,0.20027787330303518,0.20027787330303512,36,100
514,48,False,False,False,upper_bound_with_inhaler,0.20027787330303518,0.20027787330303512,36,101
514,48,False,False,True,one_hot,0.20027787330303518,0.20027787330303512,36,102
514,48,False,False,True,lower_bound,0.20027787330303518,0.20027787330303512,36,103
514,48,False,False,True,midpoint,0.20027787330303518,0.20027787330303512,36,104
514,48,False,False,True,midpoint_with_inhaler,0.20027787330303518,0.20027787330303512,36,105
514,48,False,False,True,upper_bound,0.20027787330303518,0.20027787330303512,36,106
514,48,False,False,True,upper_bound_with_inhaler,0.20027787330303518,0.20027787330303512,36,107
514,48,False,True,False,one_hot,0.13693223933428436,0.13693223933428433,36,108
514,48,False,True,False,lower_bound,0.13693223933428436,0.13693223933428433,36,109
514,48,False,True,False,midpoint,0.13693223933428436,0.13693223933428436,36,110
514,48,False,True,False,midpoint_with_inhaler,0.13693223933428436,0.13693223933428436,36,111
514,48,False,True,False,upper_bound,0.13693223933428436,0.13693223933428433,36,112
514,48,False,True,False,upper_bound_with_inhaler,0.13693223933428436,0.13693223933428433,36,113
514,48,False,True,True,one_hot,0.13693223933428436,0.13693223933428433,36,114
514,48,False,True,True,lower_bound,0.13693223933428436,0.13693223933428433,36,115
514,48,False,True,True,midpoint,0.13693223933428436,0.13693223933428436,36,116
514,48,False,True,True,midpoint_with_inhaler,0.13693223933428436,0.13693223933428436,36,117
514,48,False,True,True,upper_bound,0.13693223933428436,0.13693223933428433,36,118
514,48,False,True,True,upper_bound_with_inhaler,0.13693223933428436,0.13693223933428433,36,119
514,48,True,False,False,one_hot,0.08793173227809958,0.08793173227809964,36,120
514,48,True,False,False,lower_bound,0.08793173227809958,0.08793173227809964,36,121
514,48,True,False,False,midpoint,0.08793173227809958,0.08793173227809965,36,122
514,48,True,False,False,midpoint_with_inhaler,0.08793173227809958,0.08793173227809965,36,123
514,48,True,False,False,upper_bound,0.08793173227809958,0.08793173227809964,36,124
514,48,True,False,False,upper_bound_with_inhaler,0.08793173227809958,0.08793173227809964,36,125
514,48,True,False,True,one_hot,0.08793173227809958,0.08793173227809964,36,126
514,48,True,False,True,lower_bound,0.08793173227809958,0.08793173227809964,36,127
514,48,True,False,True,midpoint,0.08793173227809958,0.08793173227809965,36,128
514,48,True,False,True,midpoint_with_inhaler,0.08793173227809958,0.08793173227809965,36,129
514,48,True,False,True,upper_bound,0.08793173227809958,0.08793173227809964,36,130
514,48,True,False,True,upper_bound_with_inhaler,0.08793173227809958,0.08793173227809964,36,131
625,12,False,False,False,one_hot,0.8349595152938849,0.8349595152938849,16,0
625,12,False,False,False,lower_bound,1.020200979292301,0.9879575508605957,16,1
625,12,False,False,False,midpoint,1.020200979292301,1.0237539127429596,16,2
625,12,False,False,False,midpoint_with_inhaler,1.020200979292301,1.0237539127429596,16,3
625,12,False,False,False,upper_bound,1.020200979292301,1.0317185344477804,16,4
625,12,False,False,False,upper_bound_with_inhaler,1.020200979292301,1.0317185344477804,16,5
625,12,False,False,True,one_hot,0.8349595152938849,0.8349595152938849,16,6
625,12,False,False,True,lower_bound,1.020200979292301,0.9879575508605957,16,7
625,12,False,False,True,midpoint,1.020200979292301,1.0237539127429596,16,8
625,12,False,False,True,midpoint_with_inhaler,1.020200979292301,1.0237539127429596,16,9
625,12,False,False,True,upper_bound,1.020200979292301,1.0317185344477804,16,10
625,12,False,False,True,upper_bound_with_inhaler,1.020200979292301,1.0317185344477804,16,11
625,12,False,True,False,one_hot,0.3811393090159242,0.3811393090159242,16,12
625,12,False,True,False,lower_bound,0.1394140519442678,-0.033180077156822134,16,13
625,12,False,True,False,midpoint,0.1394140519442678,0.048146415039693996,16,14
625,12,False,True,False,midpoint_with_inhaler,0.1394140519442678,0.048146415039693996,16,15
625,12,False,True,False,upper_bound,0.1394140519442678,0.10822830660396135,16,16
625,12,False,True,False,upper_bound_with_inhaler,0.1394140519442678,0.10822830660396135,16,17
625,12,False,True,True,one_hot,0.3811393090159242,0.3811393090159242,16,18
625,12,False,True,True,lower_bound,0.1394140519442678,-0.033180077156822134,16,19
625,12,False,True,True,midpoint,0.1394140519442678,0.048146415039693996,16,20
625,12,False,True,True,midpoint_with_inhaler,0.1394140519442678,0.048146415039693996,16,21
625,12,False,True,True,upper_bound,0.1394140519442678,0.10822830660396135,16,22
625,12,False,True,True,upper_bound_with_inhaler,0.1394140519442678,0.10822830660396135,16,23
625,12,True,False,False,one_hot,-0.051008913336260994,-0.051008913336260994,16,24
625,12,True,False,False,lower_bound,-0.0009291580562881647,-0.0031387571022138358,16,25
625,12,True,False,False,midpoint,-0.0009291580562881647,0.025863708837065274,16,26
625,12,True,False,False,midpoint_with_inhaler,-0.0009291580562881647,0.025863708837065274,16,27
625,12,True,False,False,upper_bound,-0.0009291580562881647,0.0449769613474041,16,28
625,12,True,False,False,upper_bound_with_inhaler,-0.0009291580562881647,0.0449769613474041,16,29
625,12,True,False,True,one_hot,-0.051008913336260994,-0.051008913336260994,16,30
625,12,True,False,True,lower_bound,-0.0009291580562881647,-0.0031387571022138358,16,31
625,12,True,False,True,midpoint,-0.0009291580562881647,0.025863708837065274,16,32
625,12,True,False,True,midpoint_with_inhaler,-0.0009291580562881647,0.025863708837065274,16,33
625,12,True,False,True,upper_bound,-0.0009291580562881647,0.0449769613474041,16,34
625,12,True,False,True,upper_bound_with_inhaler,-0.0009291580562881647,0.0449769613474041,16,35
625,24,False,False,False,one_hot,0.07286799355566978,0.07286799355566978,16,36
625,24,False,False,False,lower_bound,-0.04502662882251853,-0.1673854713299469,16,37
625,24,False,False,False,midpoint,-0.04502662882251853,-0.15692307109882447,16,38
625,24,False,False,False,midpoint_with_inhaler,-0.04502662882251853,-0.15692307109882447,16,39
625,24,False,False,False,upper_bound,-0.04502662882251853,-0.1520927833826091,16,40
625,24,False,False,False,upper_bound_with_inhaler,-0.04502662882251853,-0.1520927833826091,16,41
625,24,False,False,True,one_hot,0.07286799355566978,0.07286799355566978,16,42
625,24,False,False,True,lower_bound,-0.04502662882251853,-0.1673854713299469,16,43
625,24,False,False,True,midpoint,-0.04502662882251853,-0.15692307109882447,16,44
625,24,False,False,True,midpoint_with_inhaler,-0.04502662882251853,-0.15692307109882447,16,45
625,24,False,False,True,upper_bound,-0.04502662882251853,-0.1520927833826091,16,46
625,24,False,False,True,upper_bound_with_inhaler,-0.04502662882251853,-0.1520927833826091,16,47
625,24,False,True,False,one_hot,-0.01587434915729015,-0.01587434915729015,16,48
625,24,False,True,False,lower_bound,-0.045400811774946336,-0.15588328701475224,16,49
625,24,False,True,False,midpoint,-0.045400811774946336,-0.16663679922951727,16,50
625,24,False,True,False,midpoint_with_inhaler,-0.045400811774946336,-0.16663679922951727,16,51
625,24,False,True,False,upper_bound,-0.045400811774946336,-0.1738635464739168,16,52
625,24,False,True,False,upper_bound_with_inhaler,-0.045400811774946336,-0.1738635464739168,16,53
625,24,False,True,True,one_hot,-0.01587434915729015,-0.01587434915729015,16,54
625,24,False,True,True,lower_bound,-0.045400811774946336,-0.15588328701475224,16,55
625,24,False,True,True,midpoint,-0.045400811774946336,-0.16663679922951727,16,56
625,24,False,True,True,midpoint_with_inhaler,-0.045400811774946336,-0.16663679922951727,16,57
625,24,False,True,True,upper_bound,-0.045400811774946336,-0.1738635464739168,16,58
625,24,False,True,True,upper_bound_with_inhaler,-0.045400811774946336,-0.1738635464739168,16,59
625,24,True,False,False,one_hot,0.07286799355566978,0.07286799355566978,16,60
625,24,True,False,False,lower_bound,-0.04502662882251853,-0.1673854713299469,16,61
625,24,True,False,False,midpoint,-0.04502662882251853,-0.15692307109882447,16,62
625,24,True,False,False,midpoint_with_inhaler,-0.04502662882251853,-0.15692307109882447,16,63
625,24,True,False,False,upper_bound,-0.04502662882251853,-0.1520927833826091,16,64
625,24,True,False,False,upper_bound_with_inhaler,-0.04502662882251853,-0.1520927833826091,16,65
625,24,True,False,True,one_hot,0.07286799355566978,0.07286799355566978,16,66
625,24,True,False,True,lower_bound,-0.04502662882251853,-0.1673854713299469,16,67
625,24,True,False,True,midpoint,-0.04502662882251853,-0.15692307109882447,16,68
625,24,True,False,True,midpoint_with_inhaler,-0.04502662882251853,-0.15692307109882447,16,69
625,24,True,False,True,upper_bound,-0.04502662882251853,-0.1520927833826091,16,70
625,24,True,False,True,upper_bound_with_inhaler,-0.04502662882251853,-0.1520927833826091,16,71
625,36,False,False,False,one_hot,0.3015932993431673,0.3015932993431673,16,72
625,36,False,False,False,lower_bound,-0.11098897649073355,-0.2277006092009628,16,73
625,36,False,False,False,midpoint,-0.11098897649073355,-0.2150688108314726,16,74
625,36,False,False,False,midpoint_with_inhaler,-0.11098897649073355,-0.2150688108314726,16,75
625,36,False,False,False,upper_bound,-0.11098897649073355,-0.20378231964049898,16,76
625,36,False,False,False,upper_bound_with_inhaler,-0.11098897649073355,-0.20378231964049898,16,77
625,36,False,False,True,one_hot,0.3015932993431673,0.3015932993431673,16,78
625,36,False,False,True,lower_bound,-0.11098897649073355,-0.2277006092009628,16,79
625,36,False,False,True,midpoint,-0.11098897649073355,-0.2150688108314726,16,80
625,36,False,False,True,midpoint_with_inhaler,-0.11098897649073355,-0.2150688108314726,16,81
625,36,False,False,True,upper_bound,-0.11098897649073355,-0.20378231964049898,16,82
625,36,False,False,True,upper_bound_with_inhaler,-0.11098897649073355,-0.20378231964049898,16,83
625,36,True,False,False,one_hot,0.07286799355566978,0.07286799355566978,16,84
625,36,True,False,False,lower_bound,-0.07002757219044246,-0.1847919294729378,16,85
625,36,True,False,False,midpoint,-0.07002757219044246,-0.18241129604204387,16,86
625,36,True,False,False,midpoint_with_inhaler,-0.07002757219044246,-0.18241129604204387,16,87
625,36,True,False,False,upper_bound,-0.07002757219044246,-0.1800963502958839,16,88
625,36,True,False,False,upper_bound_with_inhaler,-0.07002757219044246,-0.1800963502958839,16,89
625,36,True,False,True,one_hot,0.07286799355566978,0.07286799355566978,16,90
625,36,True,False,True,lower_bound,-0.07002757219044246,-0.1847919294729378,16,91
625,36,True,False,True,midpoint,-0.07002757219044246,-0.18241129604204387,16,92
625,36,True,False,True,midpoint_with_inhaler,-0.07002757219044246,-0.18241129604204387,16,93
625,36,True,False,True,upper_bound,-0.07002757219044246,-0.1800963502958839,16,94
625,36,True,False,True,upper_bound_with_inhaler,-0.07002757219044246,-0.1800963502958839,16,95
625,48,False,False,False,one_hot,0.3015932993431672,0.3015932993431672,16,96
625,48,False,False,False,lower_bound,0.2239072537115302,0.31557127031941884,16,97
625,48,False,False,False,midpoint,0.2239072537115302,0.2590395138237434,16,98
625,48,False,False,False,midpoint_with_inhaler,0.2239072537115302,0.2590395138237434,16,99
625,48,False,False,False,upper_bound,0.2239072537115302,0.21991441782347662,16,100
625,48,False,False,False,upper_bound_with_inhaler,0.2239072537115302,0.21991441782347662,16,101
625,48,False,False,True,one_hot,0.3015932993431672,0.3015932993431672,16,102
625,48,False,False,True,lower_bound,0.2239072537115302,0.31557127031941884,16,103
625,48,False,False,True,midpoint,0.2239072537115302,0.2590395138237434,16,104
625,48,False,False,True,midpoint_with_inhaler,0.2239072537115302,0.2590395138237434,16,105
625,48,False,False,True,upper_bound,0.2239072537115302,0.21991441782347662,16,106
625,48,False,False,True,upper_bound_with_inhaler,0.2239072537115302,0.21991441782347662,16,107
625,48,False,True,False,one_hot,-0.12666118316822195,-0.12666118316822195,16,108
625,48,False,True,False,lower_bound,0.06592580665828592,0.4467931440734506,16,109
625,48,False,True,False,midpoint,0.06592580665828592,0.3794711016795752,16,110
625,48,False,True,False,midpoint_with_inhaler,0.06592580665828592,0.3794711016795752,16,111
625,48,False,True,False,upper_bound,0.06592580665828592,0.32957893606652355,16,112
625,48,False,True,False,upper_bound_with_inhaler,0.06592580665828592,0.32957893606652355,16,113
625,48,False,True,True,one_hot,-0.12666118316822195,-0.12666118316822195,16,114
625,48,False,True,True,lower_bound,0.06592580665828592,0.4467931440734506,16,115
625,48,False,True,True,midpoint,0.06592580665828592,0.3794711016795752,16,116
625,48,False,True,True,midpoint_with_inhaler,0.06592580665828592,0.3794711016795752,16,117
625,48,False,True,True,upper_bound,0.06592580665828592,0.32957893606652355,16,118
625,48,False,True,True,upper_bound_with_inhaler,0.06592580665828592,0.32957893606652355,16,119
625,48,True,False,False,one_hot,-0.334743493041456,-0.334743493041456,16,120
625,48,True,False,False,lower_bound,-0.09037354264738198,0.36362257107630097,16,121
625,48,True,False,False,midpoint,-0.09037354264738198,0.284797154977915,16,122
625,48,True,False,False,midpoint_with_inhaler,-0.09037354264738198,0.284797154977915,16,123
625,48,True,False,False,upper_bound,-0.09037354264738198,0.22863562972376536,16,124
625,48,True,False,False,upper_bound_with_inhaler,-0.09037354264738198,0.22863562972376536,16,125
625,48,True,False,True,one_hot,-0.334743493041456,-0.334743493041456,16,126
625,48,True,False,True,lower_bound,-0.09037354264738198,0.36362257107630097,16,127
625,48,True,False,True,midpoint,-0.09037354264738198,0.284797154977915,16,128
625,48,True,False,True,midpoint_with_inhaler,-0.09037354264738198,0.284797154977915,16,129
625,48,True,False,True,upper_bound,-0.09037354264738198,0.22863562972376536,16,130
625,48,True,False,True,upper_bound_with_inhaler,-0.09037354264738198,0.22863562972376536,16,131
701,12,False,False,False,one_hot,,,30,0
701,12,False,False,False,lower_bound,0.2542710907146033,0.24982304366167646,30,1
701,12,False,False,False,midpoint,0.2542710907146033,0.2593948844302535,30,2
701,12,False,False,False,midpoint_with_inhaler,0.2542710907146033,0.2593948844302535,30,3
701,12,False,False,False,upper_bound,0.2542710907146033,0.2580933307232509,30,4
701,12,False,False,False,upper_bound_with_inhaler,0.2542710907146033,0.2580933307232509,30,5
701,12,False,False,True,one_hot,,,30,6
701,12,False,False,True,lower_bound,0.2542710907146033,0.24982304366167646,30,7
701,12,False,False,True,midpoint,0.2542710907146033,0.2593948844302535,30,8
701,12,False,False,True,midpoint_with_inhaler,0.2542710907146033,0.2593948844302535,30,9
701,12,False,False,True,upper_bound,0.2542710907146033,0.2580933307232509,30,10
701,12,False,False,True,upper_bound_with_inhaler,0.2542710907146033,0.2580933307232509,30,11
701,12,False,True,False,one_hot,,,30,12
701,12,False,True,False,lower_bound,0.3853472740318273,0.39914780971036123,30,13
701,12,False,True,False,midpoint,0.3853472740318273,0.4005800490375745,30,14
701,12,False,True,False,midpoint_with_inhaler,0.3853472740318273,0.4005800490375745,30,15
701,12,False,True,False,upper_bound,0.3853472740318273,0.39571024300988344,30,16
701,12,False,True,False,upper_bound_with_inhaler,0.3853472740318273,0.39571024300988344,30,17
701,12,False,True,True,one_hot,,,30,18
701,12,False,True,True,lower_bound,0.3853472740318273,0.39914780971036123,30,19
701,12,False,True,True,midpoint,0.3853472740318273,0.4005800490375745,30,20
701,12,False,True,True,midpoint_with_inhaler,0.3853472740318273,0.4005800490375745,30,21
701,12,False,True,True,upper_bound,0.3853472740318273,0.39571024300988344,30,22
701,12,False,True,True,upper_bound_with_inhaler,0.3853472740318273,0.39571024300988344,30,23
701,12,True,False,False,one_hot,,,30,24
701,12,True,False,False,lower_bound,0.20235518962500026,0.23582659091166366,30,25
701,12,True,False,False,midpoint,0.20235518962500026,0.24193550715616816,30,26
701,12,True,False,False,midpoint_with_inhaler,0.20235518962500026,0.24193550715616816,30,27
701,12,True,False,False,upper_bound,0.20235518962500026,0.24749241140288877,30,28
701,12,True,False,False,upper_bound_with_inhaler,0.20235518962500026,0.24749241140288877,30,29
701,12,True,False,True,one_hot,,,30,30
701,12,True,False,True,lower_bound,0.20235518962500026,0.23582659091166366,30,31
701,12,True,False,True,midpoint,0.20235518962500026,0.24193550715616816,30,32
701,12,True,False,True,midpoint_with_inhaler,0.20235518962500026,0.24193550715616816,30,33
701,12,True,False,True,upper_bound,0.20235518962500026,0.24749241140288877,30,34
701,12,True,False,True,upper_bound_with_inhaler,0.20235518962500026,0.24749241140288877,30,35
701,24,False,False,False,one_hot,,,30,36
701,24,False,False,False,lower_bound,0.29954155341793387,0.32181289037244837,30,37
701,24,False,False,False,midpoint,0.29954155341793387,0.32663185815366635,30,38
701,24,False,False,False,midpoint_with_inhaler,0.29954155341793387,0.32663185815366635,30,39
701,24,False,False,False,upper_bound,0.29954155341793387,0.3270558394879105,30,40
701,24,False,False,False,upper_bound_with_inhaler,0.29954155341793387,0.3270558394879105,30,41
701,24,False,False,True,one_hot,,,30,42
701,24,False,False,True,lower_bound,0.29954155341793387,0.32181289037244837,30,43
701,24,False,False,True,midpoint,0.29954155341793387,0.32663185815366635,30,44
701,24,False,False,True,midpoint_with_inhaler,0.29954155341793387,0.32663185815366635,30,45
701,24,False,False,True,upper_bound,0.29954155341793387,0.3270558394879105,30,46
701,24,False,False,True,upper_bound_with_inhaler,0.29954155341793387,0.3270558394879105,30,47
701,24,False,True,False,one_hot,,,30,48
701,24,False,True,False,lower_bound,0.24647981344426456,0.23190405963998884,30,49
701,24,False,True,False,midpoint,0.24647981344426456,0.192735847636387,30,50
701,24,False,True,False,midpoint_with_inhaler,0.24647981344426456,0.192735847636387,30,51
701,24,False,True,False,upper_bound,0.24647981344426456,0.1600869734230911,30,52
701,24,False,True,False,upper_bound_with_inhaler,0.24647981344426456,0.1600869734230911,30,53
701,24,False,True,True,one_hot,,,30,54
701,24,False,True,True,lower_bound,0.24647981344426456,0.23190405963998884,30,55
701,24,False,True,True,midpoint,0.24647981344426456,0.192735847636387,30,56
701,24,False,True,True,midpoint_with_inhaler,0.24647981344426456,0.192735847636387,30,57
701,24,False,True,True,upper_bound,0.24647981344426456,0.1600869734230911,30,58
701,24,False,True,True,upper_bound_with_inhaler,0.24647981344426456,0.1600869734230911,30,59
701,24,True,False,False,one_hot,,,30,60
701,24,True,False,False,lower_bound,0.29954155341793387,0.32181289037244837,30,61
701,24,True,False,False,midpoint,0.29954155341793387,0.32663185815366635,30,62
701,24,True,False,False,midpoint_with_inhaler,0.29954155341793387,0.32663185815366635,30,63
701,24,True,False,False,upper_bound,0.29954155341793387,0.3270558394879105,30,64
701,24,True,False,False,upper_bound_with_inhaler,0.29954155341793387,0.3270558394879105,30,65
701,24,True,False,True,one_hot,,,30,66
701,24,True,False,True,lower_bound,0.29954155341793387,0.32181289037244837,30,67
701,24,True,False,True,midpoint,0.29954155341793387,0.32663185815366635,30,68
701,24,True,False,True,midpoint_with_inhaler,0.29954155341793387,0.32663185815366635,30,69
701,24,True,False,True,upper_bound,0.29954155341793387,0.3270558394879105,30,70
701,24,True,False,True,upper_bound_with_inhaler,0.29954155341793387,0.3270558394879105,30,71
701,36,False,False,False,one_hot,,,30,72
701,36,False,False,False,lower_bound,0.29278895335776345,0.35418547075938484,30,73
701,36,False,False,False,midpoint,0.29278895335776345,0.28714963482819145,30,74
701,36,False,False,False,midpoint_with_inhaler,0.29278895335776345,0.28714963482819145,30,75
701,36,False,False,False,upper_bound,0.29278895335776345,0.2514227089478458,30,76
701,36,False,False,False,upper_bound_with_inhaler,0.29278895335776345,0.2514227089478458,30,77
701,36,False,False,True,one_hot,,,30,78
701,36,False,False,True,lower_bound,0.29278895335776345,0.35418547075938484,30,79
701,36,False,False,True,midpoint,0.29278895335776345,0.28714963482819145,30,80
701,36,False,False,True,midpoint_with_inhaler,0.29278895335776345,0.28714963482819145,30,81
701,36,False,False,True,upper_bound,0.29278895335776345,0.2514227089478458,30,82
701,36,False,False,True,upper_bound_with_inhaler,0.29278895335776345,0.2514227089478458,30,83
701,36,True,False,False,one_hot,,,30,84
701,36,True,False,False,lower_bound,0.07741933683635085,0.1236370518080331,30,85
701,36,True,False,False,midpoint,0.07741933683635085,0.13340757208524118,30,86
701,36,True,False,False,midpoint_with_inhaler,0.07741933683635085,0.13340757208524118,30,87
701,36,True,False,False,upper_bound,0.07741933683635085,0.14591161379503223,30,88
701,36,True,False,False,upper_bound_with_inhaler,0.07741933683635085,0.14591161379503223,30,89
701,36,True,False,True,one_hot,,,30,90
701,36,True,False,True,lower_bound,0.07741933683635085,0.1236370518080331,30,91
701,36,True,False,True,midpoint,0.07741933683635085,0.13340757208524118,30,92
701,36,True,False,True,midpoint_with_inhaler,0.07741933683635085,0.13340757208524118,30,93
701,36,True,False,True,upper_bound,0.07741933683635085,0.14591161379503223,30,94
701,36,True,False,True,upper_bound_with_inhaler,0.07741933683635085,0.14591161379503223,30,95
701,48,False,False,False,one_hot,,,30,96
701,48,False,False,False,lower_bound,0.24416650013269897,0.35327522939714684,30,97
701,48,False,False,False,midpoint,0.24416650013269897,0.2822490552709522,30,98
701,48,False,False,False,midpoint_with_inhaler,0.24416650013269897,0.2822490552709522,30,99
701,48,False,False,False,upper_bound,0.24416650013269897,0.24622071194137476,30,100
701,48,False,False,False,upper_bound_with_inhaler,0.24416650013269897,0.24622071194137476,30,101
701,48,False,False,True,one_hot,,,30,102
701,48,False,False,True,lower_bound,0.24416650013269897,0.35327522939714684,30,103
701,48,False,False,True,midpoint,0.24416650013269897,0.2822490552709522,30,104
701,48,False,False,True,midpoint_with_inhaler,0.24416650013269897,0.2822490552709522,30,105
701,48,False,False,True,upper_bound,0.24416650013269897,0.24622071194137476,30,106
701,48,False,False,True,upper_bound_with_inhaler,0.24416650013269897,0.24622071194137476,30,107
701,48,False,True,False,one_hot,,,30,108
701,48,False,True,False,lower_bound,0.013969727531477646,0.014472881388239118,30,109
701,48,False,True,False,midpoint,0.013969727531477646,-0.02443517930563487,30,110
701,48,False,True,False,midpoint_with_inhaler,0.013969727531477646,-0.02443517930563487,30,111
701,48,False,True,False,upper_bound,0.013969727531477646,-0.05050842030212745,30,112
701,48,False,True,False,upper_bound_with_inhaler,0.013969727531477646,-0.05050842030212745,30,113
701,48,False,True,True,one_hot,,,30,114
701,48,False,True,True,lower_bound,0.013969727531477646,0.014472881388239118,30,115
701,48,False,True,True,midpoint,0.013969727531477646,-0.02443517930563487,30,116
701,48,False,True,True,midpoint_with_inhaler,0.013969727531477646,-0.02443517930563487,30,117
701,48,False,True,True,upper_bound,0.013969727531477646,-0.05050842030212745,30,118
701,48,False,True,True,upper_bound_with_inhaler,0.013969727531477646,-0.05050842030212745,30,119
701,48,True,False,False,one_hot,,,30,120
701,48,True,False,False,lower_bound,0.12510402367966614,0.1406219227945466,30,121
701,48,True,False,False,midpoint,0.12510402367966614,0.12227941204935164,30,122
701,48,True,False,False,midpoint_with_inhaler,0.12510402367966614,0.12227941204935164,30,123
701,48,True,False,False,upper_bound,0.12510402367966614,0.11065439618743526,30,124
701,48,True,False,False,upper_bound_with_inhaler,0.12510402367966614,0.11065439618743526,30,125
701,48,True,False,True,one_hot,,,30,126
701,48,True,False,True,lower_bound,0.12510402367966614,0.1406219227945466,30,127
701,48,True,False,True,midpoint,0.12510402367966614,0.12227941204935164,30,128
701,48,True,False,True,midpoint_with_inhaler,0.12510402367966614,0.12227941204935164,30,129
701,48,True,False,True,upper_bound,0.12510402367966614,0.11065439618743526,30,130
701,48,True,False,True,upper_bound_with_inhaler,0.12510402367966614,0.11065439618743526,30,131
702,12,False,False,False,one_hot,0.5414635883896597,0.5414635883896597,120,0
702,12,False,False,False,lower_bound,0.5868729339820158,0.9235369481202154,120,1
702,12,False,False,False,midpoint,0.5868729339820158,0.8284911513475983,120,2
702,12,False,False,False,midpoint_with_inhaler,0.5868729339820158,0.8284911513475983,120,3
702,12,False,False,False,upper_bound,0.5868729339820158,0.7674734699493927,120,4
702,12,False,False,False,upper_bound_with_inhaler,0.5868729339820158,0.7674734699493927,120,5
702,12,False,False,True,one_hot,0.5414635883896597,0.5414635883896597,120,6
702,12,False,False,True,lower_bound,0.5868729339820158,0.9235369481202154,120,7
702,12,False,False,True,midpoint,0.5868729339820158,0.8284911513475983,120,8
702,12,False,False,True,midpoint_with_inhaler,0.5868729339820158,0.8284911513475983,120,9
702,12,False,False,True,upper_bound,0.5868729339820158,0.7674734699493927,120,10
702,12,False,False,True,upper_bound_with_inhaler,0.5868729339820158,0.7674734699493927,120,11
702,12,False,True,False,one_hot,0.23875980917530254,0.23875980917530254,120,12
702,12,False,True,False,lower_bound,0.33001601562236954,0.5034940594698917,120,13
702,12,False,True,False,midpoint,0.33001601562236954,0.48153974461340376,120,14
702,12,False,True,False,midpoint_with_inhaler,0.33001601562236954,0.48153974461340376,120,15
702,12,False,True,False,upper_bound,0.33001601562236954,0.4609996387324459,120,16
702,12,False,True,False,upper_bound_with_inhaler,0.33001601562236954,0.4609996387324459,120,17
702,12,False,True,True,one_hot,0.23875980917530254,0.23875980917530254,120,18
702,12,False,True,True,lower_bound,0.33001601562236954,0.5034940594698917,120,19
702,12,False,True,True,midpoint,0.33001601562236954,0.48153974461340376,120,20
702,12,False,True,True,midpoint_with_inhaler,0.33001601562236954,0.48153974461340376,120,21
702,12,False,True,True,upper_bound,0.33001601562236954,0.4609996387324459,120,22
702,12,False,True,True,upper_bound_with_inhaler,0.33001601562236954,0.4609996387324459,120,23
702,12,True,False,False,one_hot,0.4508838142406983,0.4508838142406983,120,24
702,12,True,False,False,lower_bound,0.5479906113777762,0.8855096586329292,120,25
702,12,True,False,False,midpoint,0.5479906113777762,0.8556365294222347,120,26
702,12,True,False,False,midpoint_with_inhaler,0.5479906113777762,0.8556365294222347,120,27
702,12,True,False,False,upper_bound,0.5479906113777762,0.8297178570336053,120,28
702,12,True,False,False,upper_bound_with_inhaler,0.5479906113777762,0.8297178570336053,120,29
702,12,True,False,True,one_hot,0.4508838142406983,0.4508838142406983,120,30
702,12,True,False,True,lower_bound,0.5479906113777762,0.8855096586329292,120,31
702,12,True,False,True,midpoint,0.5479906113777762,0.8556365294222347,120,32
702,12,True,False,True,midpoint_with_inhaler,0.5479906113777762,0.8556365294222347,120,33
702,12,True,False,True,upper_bound,0.5479906113777762,0.8297178570336053,120,34
702,12,True,False,True,upper_bound_with_inhaler,0.5479906113777762,0.8297178570336053,120,35
702,24,False,False,False,one_hot,0.4603192992478308,0.4603192992478308,120,36
702,24,False,False,False,lower_bound,0.5757689053011973,0.9839591373818869,120,37
702,24,False,False,False,midpoint,0.5757689053011973,0.9299993057626611,120,38
702,24,False,False,False,midpoint_with_inhaler,0.5757689053011973,0.9299993057626611,120,39
702,24,False,False,False,upper_bound,0.5757689053011973,0.8862708990143968,120,40
702,24,False,False,False,upper_bound_with_inhaler,0.5757689053011973,0.8862708990143968,120,41
702,24,False,False,True,one_hot,0.4603192992478308,0.4603192992478308,120,42
702,24,False,False,True,lower_bound,0.5757689053011973,0.9839591373818869,120,43
702,24,False,False,True,midpoint,0.5757689053011973,0.9299993057626611,120,44
702,24,False,False,True,midpoint_with_inhaler,0.5757689053011973,0.9299993057626611,120,45
702,24,False,False,True,upper_bound,0.5757689053011973,0.8862708990143968,120,46
702,24,False,False,True,upper_bound_with_inhaler,0.5757689053011973,0.8862708990143968,120,47
702,24,False,True,False,one_hot,0.36498031912273105,0.36498031912273093,120,48
702,24,False,True,False,lower_bound,0.47471911315959253,0.9441057876040837,120,49
702,24,False,True,False,midpoint,0.47471911315959253,0.8653246797415862,120,50
702,24,False,True,False,midpoint_with_inhaler,0.47471911315959253,0.8653246797415862,120,51
702,24,False,True,False,upper_bound,0.47471911315959253,0.8113023952591932,120,52
702,24,False,True,False,upper_bound_with_inhaler,0.47471911315959253,0.8113023952591932,120,53
702,24,False,True,True,one_hot,0.36498031912273105,0.36498031912273093,120,54
702,24,False,True,True,lower_bound,0.47471911315959253,0.9441057876040837,120,55
702,24,False,True,True,midpoint,0.47471911315959253,0.8653246797415862,120,56
702,24,False,True,True,midpoint_with_inhaler,0.47471911315959253,0.8653246797415862,120,57
702,24,False,True,True,upper_bound,0.47471911315959253,0.8113023952591932,120,58
702,24,False,True,True,upper_bound_with_inhaler,0.47471911315959253,0.8113023952591932,120,59
702,24,True,False,False,one_hot,0.4603192992478308,0.4603192992478308,120,60
702,24,True,False,False,lower_bound,0.5757689053011973,0.9839591373818869,120,61
702,24,True,False,False,midpoint,0.5757689053011973,0.9299993057626611,120,62
702,24,True,False,False,midpoint_with_inhaler,0.5757689053011973,0.9299993057626611,120,63
702,24,True,False,False,upper_bound,0.5757689053011973,0.8862708990143968,120,64
702,24,True,False,False,upper_bound_with_inhaler,0.5757689053011973,0.8862708990143968,120,65
702,24,True,False,True,one_hot,0.4603192992478308,0.4603192992478308,120,66
702,24,True,False,True,lower_bound,0.5757689053011973,0.9839591373818869,120,67
702,24,True,False,True,midpoint,0.5757689053011973,0.9299993057626611,120,68
702,24,True,False,True,midpoint_with_inhaler,0.5757689053011973,0.9299993057626611,120,69
702,24,True,False,True,upper_bound,0.5757689053011973,0.8862708990143968,120,70
702,24,True,False,True,upper_bound_with_inhaler,0.5757689053011973,0.8862708990143968,120,71
702,36,False,False,False,one_hot,0.41443545115481506,0.41443545115481506,120,72
702,36,False,False,False,lower_bound,0.5894713039408951,1.118501721433135,120,73
702,36,False,False,False,midpoint,0.5894713039408951,1.0743878427194604,120,74
702,36,False,False,False,midpoint_with_inhaler,0.5894713039408951,1.0743878427194604,120,75
702,36,False,False,False,upper_bound,0.5894713039408951,1.0285793920578092,120,76
702,36,False,False,False,upper_bound_with_inhaler,0.5894713039408951,1.0285793920578092,120,77
702,36,False,False,True,one_hot,0.41443545115481506,0.41443545115481506,120,78
702,36,False,False,True,lower_bound,0.5894713039408951,1.118501721433135,120,79
702,36,False,False,True,midpoint,0.5894713039408951,1.0743878427194604,120,80
702,36,False,False,True,midpoint_with_inhaler,0.5894713039408951,1.0743878427194604,120,81
702,36,False,False,True,upper_bound,0.5894713039408951,1.0285793920578092,120,82
702,36,False,False,True,upper_bound_with_inhaler,0.5894713039408951,1.0285793920578092,120,83
702,36,True,False,False,one_hot,0.3801995840444848,0.3801995840444848,120,84
702,36,True,False,False,lower_bound,0.44127324043700805,0.6675960707396846,120,85
702,36,True,False,False,midpoint,0.44127324043700805,0.6347284968696643,120,86
702,36,True,False,False,midpoint_with_inhaler,0.44127324043700805,0.6347284968696643,120,87
702,36,True,False,False,upper_bound,0.44127324043700805,0.6050496859248492,120,88
702,36,True,False,False,upper_bound_with_inhaler,0.44127324043700805,0.6050496859248492,120,89
702,36,True,False,True,one_hot,0.3801995840444848,0.3801995840444848,120,90
702,36,True,False,True,lower_bound,0.44127324043700805,0.6675960707396846,120,91
702,36,True,False,True,midpoint,0.44127324043700805,0.6347284968696643,120,92
702,36,True,False,True,midpoint_with_inhaler,0.44127324043700805,0.6347284968696643,120,93
702,36,True,False,True,upper_bound,0.44127324043700805,0.6050496859248492,120,94
702,36,True,False,True,upper_bound_with_inhaler,0.44127324043700805,0.6050496859248492,120,95
702,48,False,False,False,one_hot,0.39200485431337445,0.39200485431337473,120,96
702,48,False,False,False,lower_bound,0.5846861451134392,1.0765112685580653,120,97
702,48,False,False,False,midpoint,0.5846861451134392,1.0409440680984663,120,98
702,48,False,False,False,midpoint_with_inhaler,0.5846861451134392,1.0409440680984663,120,99
702,48,False,False,False,upper_bound,0.5846861451134392,1.0017921640652074,120,100
702,48,False,False,False,upper_bound_with_inhaler,0.5846861451134392,1.0017921640652074,120,101
702,48,False,False,True,one_hot,0.39200485431337445,0.39200485431337473,120,102
702,48,False,False,True,lower_bound,0.5846861451134392,1.0765112685580653,120,103
702,48,False,False,True,midpoint,0.5846861451134392,1.0409440680984663,120,104
702,48,False,False,True,midpoint_with_inhaler,0.5846861451134392,1.0409440680984663,120,105
702,48,False,False,True,upper_bound,0.5846861451134392,1.0017921640652074,120,106
702,48,False,False,True,upper_bound_with_inhaler,0.5846861451134392,1.0017921640652074,120,107
702,48,False,True,False,one_hot,0.20028283289593665,0.2002828328959368,120,108
702,48,False,True,False,lower_bound,0.2564719139860057,0.4477204727891148,120,109
702,48,False,True,False,midpoint,0.2564719139860057,0.4149244517639107,120,110
702,48,False,True,False,midpoint_with_inhaler,0.2564719139860057,0.4149244517639107,120,111
702,48,False,True,False,upper_bound,0.2564719139860057,0.3880182304797614,120,112
702,48,False,True,False,upper_bound_with_inhaler,0.2564719139860057,0.3880182304797614,120,113
702,48,False,True,True,one_hot,0.20028283289593665,0.2002828328959368,120,114
702,48,False,True,True,lower_bound,0.2564719139860057,0.4477204727891148,120,115
702,48,False,True,True,midpoint,0.2564719139860057,0.4149244517639107,120,116
702,48,False,True,True,midpoint_with_inhaler,0.2564719139860057,0.4149244517639107,120,117
702,48,False,True,True,upper_bound,0.2564719139860057,0.3880182304797614,120,118
702,48,False,True,True,upper_bound_with_inhaler,0.2564719139860057,0.3880182304797614,120,119
702,48,True,False,False,one_hot,0.19748849226178394,0.19748849226178397,120,120
702,48,True,False,False,lower_bound,0.2688216932480102,0.5369567041708878,120,121
702,48,True,False,False,midpoint,0.2688216932480102,0.49450628896066606,120,122
702,48,True,False,False,midpoint_with_inhaler,0.2688216932480102,0.49450628896066606,120,123
702,48,True,False,False,upper_bound,0.2688216932480102,0.4621032997778299,120,124
702,48,True,False,False,upper_bound_with_inhaler,0.2688216932480102,0.4621032997778299,120,125
702,48,True,False,True,one_hot,0.19748849226178394,0.19748849226178397,120,126
702,48,True,False,True,lower_bound,0.2688216932480102,0.5369567041708878,120,127
702,48,True,False,True,midpoint,0.2688216932480102,0.49450628896066606,120,128
702,48,True,False,True,midpoint_with_inhaler,0.2688216932480102,0.49450628896066606,120,129
702,48,True,False,True,upper_bound,0.2688216932480102,0.4621032997778299,120,130
702,48,True,False,True,upper_bound_with_inhaler,0.2688216932480102,0.4621032997778299,120,131
917,12,False,False,False,one_hot,0.4180480042601457,0.4180480042601458,9,0
917,12,False,False,False,lower_bound,1.1276940760091223,1.4482787810763054,9,1
917,12,False,False,False,midpoint,1.1276940760091223,1.459730758865116,9,2
917,12,False,False,False,midpoint_with_inhaler,1.1276940760091223,1.459730758865116,9,3
917,12,False,False,False,upper_bound,1.1276940760091223,1.4024476459762014,9,4
917,12,False,False,False,upper_bound_with_inhaler,1.1276940760091223,1.4024476459762014,9,5
917,12,False,False,True,one_hot,0.4180480042601457,0.4180480042601458,9,6
917,12,False,False,True,lower_bound,1.1276940760091223,1.4482787810763054,9,7
917,12,False,False,True,midpoint,1.1276940760091223,1.459730758865116,9,8
917,12,False,False,True,midpoint_with_inhaler,1.1276940760091223,1.459730758865116,9,9
917,12,False,False,True,upper_bound,1.1276940760091223,1.4024476459762014,9,10
917,12,False,False,True,upper_bound_with_inhaler,1.1276940760091223,1.4024476459762014,9,11
917,12,False,True,False,one_hot,0.4180480042601458,0.4180480042601458,9,12
917,12,False,True,False,lower_bound,0.8332341464454481,0.8627010130355796,9,13
917,12,False,True,False,midpoint,0.8332341464454481,0.8607380939578319,9,14
917,12,False,True,False,midpoint_with_inhaler,0.8332341464454481,0.8607380939578319,9,15
917,12,False,True,False,upper_bound,0.8332341464454481,0.839874013566124,9,16
917,12,False,True,False,upper_bound_with_inhaler,0.8332341464454481,0.839874013566124,9,17
917,12,False,True,True,one_hot,0.4180480042601458,0.4180480042601458,9,18
917,12,False,True,True,lower_bound,0.8332341464454481,0.8627010130355796,9,19
917,12,False,True,True,midpoint,0.8332341464454481,0.8607380939578319,9,20
917,12,False,True,True,midpoint_with_inhaler,0.8332341464454481,0.8607380939578319,9,21
917,12,False,True,True,upper_bound,0.8332341464454481,0.839874013566124,9,22
917,12,False,True,True,upper_bound_with_inhaler,0.8332341464454481,0.839874013566124,9,23
917,12,True,False,False,one_hot,0.4180480042601457,0.4180480042601458,9,24
917,12,True,False,False,lower_bound,0.7448649741840664,0.9791317192731284,9,25
917,12,True,False,False,midpoint,0.7448649741840664,1.0555991737057728,9,26
917,12,True,False,False,midpoint_with_inhaler,0.7448649741840664,1.0555991737057728,9,27
917,12,True,False,False,upper_bound,0.7448649741840664,1.0784647724540606,9,28
917,12,True,False,False,upper_bound_with_inhaler,0.7448649741840664,1.0784647724540606,9,29
917,12,True,False,True,one_hot,0.4180480042601457,0.4180480042601458,9,30
917,12,True,False,True,lower_bound,0.7448649741840664,0.9791317192731284,9,31
917,12,True,False,True,midpoint,0.7448649741840664,1.0555991737057728,9,32
917,12,True,False,True,midpoint_with_inhaler,0.7448649741840664,1.0555991737057728,9,33
917,12,True,False,True,upper_bound,0.7448649741840664,1.0784647724540606,9,34
917,12,True,False,True,upper_bound_with_inhaler,0.7448649741840664,1.0784647724540606,9,35
917,24,False,False,False,one_hot,0.6894278330666722,0.689427833066672,9,36
917,24,False,False,False,lower_bound,1.0229409999480514,0.96778977749106,9,37
917,24,False,False,False,midpoint,1.0229409999480514,0.9493356638023002,9,38
917,24,False,False,False,midpoint_with_inhaler,1.0229409999480514,0.9493356638023002,9,39
917,24,False,False,False,upper_bound,1.0229409999480514,0.919110300313722,9,40
917,24,False,False,False,upper_bound_with_inhaler,1.0229409999480514,0.919110300313722,9,41
917,24,False,False,True,one_hot,0.6894278330666722,0.689427833066672,9,42
917,24,False,False,True,lower_bound,1.0229409999480514,0.96778977749106,9,43
917,24,False,False,True,midpoint,1.0229409999480514,0.9493356638023002,9,44
917,24,False,False,True,midpoint_with_inhaler,1.0229409999480514,0.9493356638023002,9,45
917,24,False,False,True,upper_bound,1.0229409999480514,0.919110300313722,9,46
917,24,False,False,True,upper_bound_with_inhaler,1.0229409999480514,0.919110300313722,9,47
917,24,False,True,False,one_hot,,,9,48
917,24,False,True,False,lower_bound,-0.15996082712778306,0.1939057250933431,9,49
917,24,False,True,False,midpoint,-0.15996082712778306,0.30723109359236045,9,50
917,24,False,True,False,midpoint_with_inhaler,-0.15996082712778306,0.30723109359236045,9,51
917,24,False,True,False,upper_bound,-0.15996082712778306,0.3874678031663369,9,52
917,24,False,True,False,upper_bound_with_inhaler,-0.15996082712778306,0.3874678031663369,9,53
917,24,False,True,True,one_hot,,,9,54
917,24,False,True,True,lower_bound,-0.15996082712778306,0.1939057250933431,9,55
917,24,False,True,True,midpoint,-0.15996082712778306,0.30723109359236045,9,56
917,24,False,True,True,midpoint_with_inhaler,-0.15996082712778306,0.30723109359236045,9,57
917,24,False,True,True,upper_bound,-0.15996082712778306,0.3874678031663369,9,58
917,24,False,True,True,upper_bound_with_inhaler,-0.15996082712778306,0.3874678031663369,9,59
917,24,True,False,False,one_hot,0.6894278330666722,0.689427833066672,9,60
917,24,True,False,False,lower_bound,1.0229409999480514,0.96778977749106,9,61
917,24,True,False,False,midpoint,1.0229409999480514,0.9493356638023002,9,62
917,24,True,False,False,midpoint_with_inhaler,1.0229409999480514,0.9493356638023002,9,63
917,24,True,False,False,upper_bound,1.0229409999480514,0.919110300313722,9,64
917,24,True,False,False,upper_bound_with_inhaler,1.0229409999480514,0.919110300313722,9,65
917,24,True,False,True,one_hot,0.6894278330666722,0.689427833066672,9,66
917,24,True,False,True,lower_bound,1.0229409999480514,0.96778977749106,9,67
917,24,True,False,True,midpoint,1.0229409999480514,0.9493356638023002,9,68
917,24,True,False,True,midpoint_with_inhaler,1.0229409999480514,0.9493356638023002,9,69
917,24,True,False,True,upper_bound,1.0229409999480514,0.919110300313722,9,70
917,24,True,False,True,upper_bound_with_inhaler,1.0229409999480514,0.919110300313722,9,71
917,36,False,False,False,one_hot,,,9,72
917,36,False,False,False,lower_bound,0.4810989802200296,0.8481043428436857,9,73
917,36,False,False,False,midpoint,0.4810989802200296,0.7449405045534937,9,74
917,36,False,False,False,midpoint_with_inhaler,0.4810989802200296,0.7449405045534937,9,75
917,36,False,False,False,upper_bound,0.4810989802200296,0.6670949351014202,9,76
917,36,False,False,False,upper_bound_with_inhaler,0.4810989802200296,0.6670949351014202,9,77
917,36,False,False,True,one_hot,,,9,78
917,36,False,False,True,lower_bound,0.4810989802200296,0.8481043428436857,9,79
917,36,False,False,True,midpoint,0.4810989802200296,0.7449405045534937,9,80
917,36,False,False,True,midpoint_with_inhaler,0.4810989802200296,0.7449405045534937,9,81
917,36,False,False,True,upper_bound,0.4810989802200296,0.6670949351014202,9,82
917,36,False,False,True,upper_bound_with_inhaler,0.4810989802200296,0.6670949351014202,9,83
917,36,True,False,False,one_hot,,,9,84
917,36,True,False,False,lower_bound,6.938893903907228e-17,0.13932017064563437,9,85
917,36,True,False,False,midpoint,6.938893903907228e-17,0.11678800676163965,9,86
917,36,True,False,False,midpoint_with_inhaler,6.938893903907228e-17,0.11678800676163965,9,87
917,36,True,False,False,upper_bound,6.938893903907228e-17,0.10033534773107558,9,88
917,36,True,False,False,upper_bound_with_inhaler,6.938893903907228e-17,0.10033534773107558,9,89
917,36,True,False,True,one_hot,,,9,90
917,36,True,False,True,lower_bound,6.938893903907228e-17,0.13932017064563437,9,91
917,36,True,False,True,midpoint,6.938893903907228e-17,0.11678800676163965,9,92
917,36,True,False,True,midpoint_with_inhaler,6.938893903907228e-17,0.11678800676163965,9,93
917,36,True,False,True,upper_bound,6.938893903907228e-17,0.10033534773107558,9,94
917,36,True,False,True,upper_bound_with_inhaler,6.938893903907228e-17,0.10033534773107558,9,95
917,48,False,False,False,one_hot,,,9,96
917,48,False,False,False,lower_bound,0.10286002792355005,0.6810003420175771,9,97
917,48,False,False,False,midpoint,0.10286002792355005,0.46968131694962134,9,98
917,48,False,False,False,midpoint_with_inhaler,0.10286002792355005,0.5249690044150408,9,99
917,48,False,False,False,upper_bound,0.10286002792355005,0.27755615322693894,9,100
917,48,False,False,False,upper_bound_with_inhaler,0.10286002792355005,0.34211724914710623,9,101
917,48,False,False,True,one_hot,,,9,102
917,48,False,False,True,lower_bound,0.10286002792355005,0.6810003420175771,9,103
917,48,False,False,True,midpoint,0.10286002792355005,0.46968131694962134,9,104
917,48,False,False,True,midpoint_with_inhaler,0.10286002792355005,0.5249690044150408,9,105
917,48,False,False,True,upper_bound,0.10286002792355005,0.27755615322693894,9,106
917,48,False,False,True,upper_bound_with_inhaler,0.10286002792355005,0.34211724914710623,9,107
917,48,False,True,False,one_hot,,,9,108
917,48,False,True,False,lower_bound,1.1858854154511387,0.9993984252598626,9,109
917,48,False,True,False,midpoint,1.1858854154511387,1.020873127634019,9,110
917,48,False,True,False,midpoint_with_inhaler,1.1858854154511387,1.020873127634019,9,111
917,48,False,True,False,upper_bound,1.1858854154511387,1.0327276498525482,9,112
917,48,False,True,False,upper_bound_with_inhaler,1.1858854154511387,1.0327276498525482,9,113
917,48,False,True,True,one_hot,,,9,114
917,48,False,True,True,lower_bound,1.1858854154511387,0.9993984252598626,9,115
917,48,False,True,True,midpoint,1.1858854154511387,1.020873127634019,9,116
917,48,False,True,True,midpoint_with_inhaler,1.1858854154511387,1.020873127634019,9,117
917,48,False,True,True,upper_bound,1.1858854154511387,1.0327276498525482,9,118
917,48,False,True,True,upper_bound_with_inhaler,1.1858854154511387,1.0327276498525482,9,119
917,48,True,False,False,one_hot,0.4180480042601457,0.4180480042601458,9,120
917,48,True,False,False,lower_bound,0.24388705616308956,0.388030885152791,9,121
917,48,True,False,False,midpoint,0.24388705616308956,0.4033602975586239,9,122
917,48,True,False,False,midpoint_with_inhaler,0.24388705616308956,0.4033602975586239,9,123
917,48,True,False,False,upper_bound,0.24388705616308956,0.4048431956473578,9,124
917,48,True,False,False,upper_bound_with_inhaler,0.24388705616308956,0.4048431956473578,9,125
917,48,True,False,True,one_hot,0.4180480042601457,0.4180480042601458,9,126
917,48,True,False,True,lower_bound,0.24388705616308956,0.388030885152791,9,127
917,48,True,False,True,midpoint,0.24388705616308956,0.4033602975586239,9,128
917,48,True,False,True,midpoint_with_inhaler,0.24388705616308956,0.4033602975586239,9,129
917,48,True,False,True,upper_bound,0.24388705616308956,0.4048431956473578,9,130
917,48,True,False,True,upper_bound_with_inhaler,0.24388705616308956,0.4048431956473578,9,131
939,12,False,False,False,one_hot,0.017402822367234245,0.017402822367234273,158,0
939,12,False,False,False,lower_bound,0.29027285348341475,0.30092924005696703,158,1
939,12,False,False,False,midpoint,0.29027285348341475,0.27201670557282337,158,2
939,12,False,False,False,midpoint_with_inhaler,0.29027285348341475,0.27201670557282337,158,3
939,12,False,False,False,upper_bound,0.29027285348341475,0.24329065421814436,158,4
939,12,False,False,False,upper_bound_with_inhaler,0.29027285348341475,0.24329065421814436,158,5
939,12,False,False,True,one_hot,0.017402822367234245,0.017402822367234273,158,6
939,12,False,False,True,lower_bound,0.29027285348341475,0.30092924005696703,158,7
939,12,False,False,True,midpoint,0.29027285348341475,0.27201670557282337,158,8
939,12,False,False,True,midpoint_with_inhaler,0.29027285348341475,0.27201670557282337,158,9
939,12,False,False,True,upper_bound,0.29027285348341475,0.24329065421814436,158,10
939,12,False,False,True,upper_bound_with_inhaler,0.29027285348341475,0.24329065421814436,158,11
939,12,False,True,False,one_hot,,,158,12
939,12,False,True,False,lower_bound,0.31064678241475263,0.41536070024199007,158,13
939,12,False,True,False,midpoint,0.31064678241475263,0.39081256437060036,158,14
939,12,False,True,False,midpoint_with_inhaler,0.31064678241475263,0.39081256437060036,158,15
939,12,False,True,False,upper_bound,0.31064678241475263,0.3627143343758761,158,16
939,12,False,True,False,upper_bound_with_inhaler,0.31064678241475263,0.3627143343758761,158,17
939,12,False,True,True,one_hot,,,158,18
939,12,False,True,True,lower_bound,0.31064678241475263,0.41536070024199007,158,19
939,12,False,True,True,midpoint,0.31064678241475263,0.39081256437060036,158,20
939,12,False,True,True,midpoint_with_inhaler,0.31064678241475263,0.39081256437060036,158,21
939,12,False,True,True,upper_bound,0.31064678241475263,0.3627143343758761,158,22
939,12,False,True,True,upper_bound_with_inhaler,0.31064678241475263,0.3627143343758761,158,23
939,12,True,False,False,one_hot,,,158,24
939,12,True,False,False,lower_bound,0.2872947407355303,0.3949001022663703,158,25
939,12,True,False,False,midpoint,0.2872947407355303,0.35733821114431774,158,26
939,12,True,False,False,midpoint_with_inhaler,0.2872947407355303,0.35733821114431774,158,27
939,12,True,False,False,upper_bound,0.2872947407355303,0.3224461779397017,158,28
939,12,True,False,False,upper_bound_with_inhaler,0.2872947407355303,0.3224461779397017,158,29
939,12,True,False,True,one_hot,,,158,30
939,12,True,False,True,lower_bound,0.2872947407355303,0.3949001022663703,158,31
939,12,True,False,True,midpoint,0.2872947407355303,0.35733821114431774,158,32
939,12,True,False,True,midpoint_with_inhaler,0.2872947407355303,0.35733821114431774,158,33
939,12,True,False,True,upper_bound,0.2872947407355303,0.3224461779397017,158,34
939,12,True,False,True,upper_bound_with_inhaler,0.2872947407355303,0.3224461779397017,158,35
939,24,False,False,False,one_hot,,,158,36
939,24,False,False,False,lower_bound,0.44912139463610223,0.5024730138467091,158,37
939,24,False,False,False,midpoint,0.44912139463610223,0.4913478687446143,158,38
939,24,False,False,False,midpoint_with_inhaler,0.44912139463610223,0.4913478687446143,158,39
939,24,False,False,False,upper_bound,0.44912139463610223,0.4759532436839555,158,40
939,24,False,False,False,upper_bound_with_inhaler,0.44912139463610223,0.4759532436839555,158,41
939,24,False,False,True,one_hot,,,158,42
939,24,False,False,True,lower_bound,0.44912139463610223,0.5024730138467091,158,43
939,24,False,False,True,midpoint,0.44912139463610223,0.4913478687446143,158,44
939,24,False,False,True,midpoint_with_inhaler,0.44912139463610223,0.4913478687446143,158,45
939,24,False,False,True,upper_bound,0.44912139463610223,0.4759532436839555,158,46
939,24,False,False,True,upper_bound_with_inhaler,0.44912139463610223,0.4759532436839555,158,47
939,24,False,True,False,one_hot,,,158,48
939,24,False,True,False,lower_bound,0.43676979427152784,0.5106623069892609,158,49
939,24,False,True,False,midpoint,0.43676979427152784,0.5265775462696183,158,50
939,24,False,True,False,midpoint_with_inhaler,0.43676979427152784,0.5265775462696183,158,51
939,24,False,True,False,upper_bound,0.43676979427152784,0.5251884667638069,158,52
939,24,False,True,False,upper_bound_with_inhaler,0.43676979427152784,0.5251884667638069,158,53
939,24,False,True,True,one_hot,,,158,54
939,24,False,True,True,lower_bound,0.43676979427152784,0.5106623069892609,158,55
939,24,False,True,True,midpoint,0.43676979427152784,0.5265775462696183,158,56
939,24,False,True,True,midpoint_with_inhaler,0.43676979427152784,0.5265775462696183,158,57
939,24,False,True,True,upper_bound,0.43676979427152784,0.5251884667638069,158,58
939,24,False,True,True,upper_bound_with_inhaler,0.43676979427152784,0.5251884667638069,158,59
939,24,True,False,False,one_hot,,,158,60
939,24,True,False,False,lower_bound,0.44912139463610223,0.5024730138467091,158,61
939,24,True,False,False,midpoint,0.44912139463610223,0.4913478687446143,158,62
939,24,True,False,False,midpoint_with_inhaler,0.44912139463610223,0.4913478687446143,158,63
939,24,True,False,False,upper_bound,0.44912139463610223,0.4759532436839555,158,64
939,24,True,False,False,upper_bound_with_inhaler,0.44912139463610223,0.4759532436839555,158,65
939,24,True,False,True,one_hot,,,158,66
939,24,True,False,True,lower_bound,0.44912139463610223,0.5024730138467091,158,67
939,24,True,False,True,midpoint,0.44912139463610223,0.4913478687446143,158,68
939,24,True,False,True,midpoint_with_inhaler,0.44912139463610223,0.4913478687446143,158,69
939,24,True,False,True,upper_bound,0.44912139463610223,0.4759532436839555,158,70
939,24,True,False,True,upper_bound_with_inhaler,0.44912139463610223,0.4759532436839555,158,71
939,36,False,False,False,one_hot,,,158,72
939,36,False,False,False,lower_bound,0.3929830219356128,0.49548386206168193,158,73
939,36,False,False,False,midpoint,0.3929830219356128,0.44886310512563626,158,74
939,36,False,False,False,midpoint_with_inhaler,0.3929830219356128,0.44886310512563626,158,75
939,36,False,False,False,upper_bound,0.3929830219356128,0.4124948642583383,158,76
939,36,False,False,False,upper_bound_with_inhaler,0.3929830219356128,0.4124948642583383,158,77
939,36,False,False,True,one_hot,,,158,78
939,36,False,False,True,lower_bound,0.3929830219356128,0.49548386206168193,158,79
939,36,False,False,True,midpoint,0.3929830219356128,0.44886310512563626,158,80
939,36,False,False,True,midpoint_with_inhaler,0.3929830219356128,0.44886310512563626,158,81
939,36,False,False,True,upper_bound,0.3929830219356128,0.4124948642583383,158,82
939,36,False,False,True,upper_bound_with_inhaler,0.3929830219356128,0.4124948642583383,158,83
939,36,True,False,False,one_hot,,,158,84
939,36,True,False,False,lower_bound,0.5037065342259237,0.6254109521588996,158,85
939,36,True,False,False,midpoint,0.5037065342259237,0.6522230495952853,158,86
939,36,True,False,False,midpoint_with_inhaler,0.5037065342259237,0.6522230495952853,158,87
939,36,True,False,False,upper_bound,0.5037065342259237,0.6550121969616476,158,88
939,36,True,False,False,upper_bound_with_inhaler,0.5037065342259237,0.6550121969616476,158,89
939,36,True,False,True,one_hot,,,158,90
939,36,True,False,True,lower_bound,0.5037065342259237,0.6254109521588996,158,91
939,36,True,False,True,midpoint,0.5037065342259237,0.6522230495952853,158,92
939,36,True,False,True,midpoint_with_inhaler,0.5037065342259237,0.6522230495952853,158,93
939,36,True,False,True,upper_bound,0.5037065342259237,0.6550121969616476,158,94
939,36,True,False,True,upper_bound_with_inhaler,0.5037065342259237,0.6550121969616476,158,95
939,48,False,False,False,one_hot,,,158,96
939,48,False,False,False,lower_bound,0.3977845363912683,0.5224755549633724,158,97
939,48,False,False,False,midpoint,0.3977845363912683,0.4395185127185301,158,98
939,48,False,False,False,midpoint_with_inhaler,0.3977845363912683,0.45924235528947166,158,99
939,48,False,False,False,upper_bound,0.3721028293172119,0.3723118358145318,158,100
939,48,False,False,False,upper_bound_with_inhaler,0.3977845363912683,0.43494702708985916,158,101
939,48,False,False,True,one_hot,,,158,102
939,48,False,False,True,lower_bound,0.3977845363912683,0.5224755549633724,158,103
939,48,False,False,True,midpoint,0.3977845363912683,0.4395185127185301,158,104
939,48,False,False,True,midpoint_with_inhaler,0.3977845363912683,0.45924235528947166,158,105
939,48,False,False,True,upper_bound,0.3721028293172119,0.3723118358145318,158,106
939,48,False,False,True,upper_bound_with_inhaler,0.3977845363912683,0.43494702708985916,158,107
939,48,False,True,False,one_hot,,,158,108
939,48,False,True,False,lower_bound,0.2577790828592889,0.3690317888875488,158,109
939,48,False,True,False,midpoint,0.2577790828592889,0.3429644333506081,158,110
939,48,False,True,False,midpoint_with_inhaler,0.2577790828592889,0.3429644333506081,158,111
939,48,False,True,False,upper_bound,0.2577790828592889,0.3158420426236995,158,112
939,48,False,True,False,upper_bound_with_inhaler,0.2577790828592889,0.3158420426236995,158,113
939,48,False,True,True,one_hot,,,158,114
939,48,False,True,True,lower_bound,0.2577790828592889,0.3690317888875488,158,115
939,48,False,True,True,midpoint,0.2577790828592889,0.3429644333506081,158,116
939,48,False,True,True,midpoint_with_inhaler,0.2577790828592889,0.3429644333506081,158,117
939,48,False,True,True,upper_bound,0.2577790828592889,0.3158420426236995,158,118
939,48,False,True,True,upper_bound_with_inhaler,0.2577790828592889,0.3158420426236995,158,119
939,48,True,False,False,one_hot,0.09328043244581061,0.09328043244581062,158,120
939,48,True,False,False,lower_bound,0.13489792316747098,0.23695156757318378,158,121
939,48,True,False,False,midpoint,0.13489792316747098,0.20064940991052038,158,122
939,48,True,False,False,midpoint_with_inhaler,0.13489792316747098,0.20064940991052038,158,123
939,48,True,False,False,upper_bound,0.13489792316747098,0.17180953688264067,158,124
939,48,True,False,False,upper_bound_with_inhaler,0.13489792316747098,0.17180953688264067,158,125
939,48,True,False,True,one_hot,0.09328043244581061,0.09328043244581062,158,126
939,48,True,False,True,lower_bound,0.13489792316747098,0.23695156757318378,158,127
939,48,True,False,True,midpoint,0.13489792316747098,0.20064940991052038,158,128
939,48,True,False,True,midpoint_with_inhaler,0.13489792316747098,0.20064940991052038,158,129
939,48,True,False,True,upper_bound,0.13489792316747098,0.17180953688264067,158,130
939,48,True,False,True,upper_bound_with_inhaler,0.13489792316747098,0.17180953688264067,158,131
