user_key,timestamp_window,use_daily_max_windows,use_calendar_days,filter_out_zero_usage_entries,categorization_method,spearman_z,pearson_z,sample_size,config_idx
113,12,False,False,False,one_hot,0.1612420285252883,0.1612420285252883,163,0
113,12,False,False,False,lower_bound,0.3703491770974597,0.48981673195019876,163,1
113,12,False,False,False,midpoint,0.3703491770974597,0.47312340502329264,163,2
113,12,False,False,False,midpoint_with_inhaler,0.3703491770974597,0.47312340502329264,163,3
113,12,False,False,False,upper_bound,0.370787477170685,0.44883406029277984,163,4
113,12,False,False,False,upper_bound_with_inhaler,0.370787477170685,0.44883406029277984,163,5
113,12,False,False,True,one_hot,0.1612420285252883,0.1612420285252883,163,6
113,12,False,False,True,lower_bound,0.3703491770974597,0.48981673195019876,163,7
113,12,False,False,True,midpoint,0.3703491770974597,0.47312340502329264,163,8
113,12,False,False,True,midpoint_with_inhaler,0.3703491770974597,0.47312340502329264,163,9
113,12,False,False,True,upper_bound,0.370787477170685,0.44883406029277984,163,10
113,12,False,False,True,upper_bound_with_inhaler,0.370787477170685,0.44883406029277984,163,11
113,12,False,True,False,one_hot,0.08460337656922097,0.08460337656922101,163,12
113,12,False,True,False,lower_bound,0.2755461711588037,0.3216978582739863,163,13
113,12,False,True,False,midpoint,0.2755461711588037,0.3237410179402881,163,14
113,12,False,True,False,midpoint_with_inhaler,0.2755461711588037,0.3237410179402881,163,15
113,12,False,True,False,upper_bound,0.27549714136887277,0.31508124216732875,163,16
113,12,False,True,False,upper_bound_with_inhaler,0.27549714136887277,0.31508124216732875,163,17
113,12,False,True,True,one_hot,0.08460337656922097,0.08460337656922101,163,18
113,12,False,True,True,lower_bound,0.2755461711588037,0.3216978582739863,163,19
113,12,False,True,True,midpoint,0.2755461711588037,0.3237410179402881,163,20
113,12,False,True,True,midpoint_with_inhaler,0.2755461711588037,0.3237410179402881,163,21
113,12,False,True,True,upper_bound,0.27549714136887277,0.31508124216732875,163,22
113,12,False,True,True,upper_bound_with_inhaler,0.27549714136887277,0.31508124216732875,163,23
113,12,True,False,False,one_hot,0.14149984031007692,0.14149984031007698,163,24
113,12,True,False,False,lower_bound,0.2975899324805799,0.3318213075394688,163,25
113,12,True,False,False,midpoint,0.2975899324805799,0.33460944713262253,163,26
113,12,True,False,False,midpoint_with_inhaler,0.2975899324805799,0.33460944713262253,163,27
113,12,True,False,False,upper_bound,0.29715627469035877,0.32894885919689143,163,28
113,12,True,False,False,upper_bound_with_inhaler,0.29715627469035877,0.32894885919689143,163,29
113,12,True,False,True,one_hot,0.14149984031007692,0.14149984031007698,163,30
113,12,True,False,True,lower_bound,0.2975899324805799,0.3318213075394688,163,31
113,12,True,False,True,midpoint,0.2975899324805799,0.33460944713262253,163,32
113,12,True,False,True,midpoint_with_inhaler,0.2975899324805799,0.33460944713262253,163,33
113,12,True,False,True,upper_bound,0.29715627469035877,0.32894885919689143,163,34
113,12,True,False,True,upper_bound_with_inhaler,0.29715627469035877,0.32894885919689143,163,35
113,24,False,False,False,one_hot,0.16477187810874575,0.1647718781087457,163,36
113,24,False,False,False,lower_bound,0.37319150590007527,0.43808275106564787,163,37
113,24,False,False,False,midpoint,0.37319150590007527,0.4318380185530669,163,38
113,24,False,False,False,midpoint_with_inhaler,0.37319150590007527,0.4318380185530669,163,39
113,24,False,False,False,upper_bound,0.37280644553639425,0.41387619480906923,163,40
113,24,False,False,False,upper_bound_with_inhaler,0.37280644553639425,0.41387619480906923,163,41
113,24,False,False,True,one_hot,0.16477187810874575,0.1647718781087457,163,42
113,24,False,False,True,lower_bound,0.37319150590007527,0.43808275106564787,163,43
113,24,False,False,True,midpoint,0.37319150590007527,0.4318380185530669,163,44
113,24,False,False,True,midpoint_with_inhaler,0.37319150590007527,0.4318380185530669,163,45
113,24,False,False,True,upper_bound,0.37280644553639425,0.41387619480906923,163,46
113,24,False,False,True,upper_bound_with_inhaler,0.37280644553639425,0.41387619480906923,163,47
113,24,False,True,False,one_hot,-0.008345569605521613,-0.008345569605521606,163,48
113,24,False,True,False,lower_bound,0.1340330392583631,0.28544569241611706,163,49
113,24,False,True,False,midpoint,0.1340330392583631,0.26730713426980857,163,50
113,24,False,True,False,midpoint_with_inhaler,0.1340330392583631,0.26730713426980857,163,51
113,24,False,True,False,upper_bound,0.13336974435003218,0.2501065021980851,163,52
113,24,False,True,False,upper_bound_with_inhaler,0.13336974435003218,0.2501065021980851,163,53
113,24,False,True,True,one_hot,-0.008345569605521613,-0.008345569605521606,163,54
113,24,False,True,True,lower_bound,0.1340330392583631,0.28544569241611706,163,55
113,24,False,True,True,midpoint,0.1340330392583631,0.26730713426980857,163,56
113,24,False,True,True,midpoint_with_inhaler,0.1340330392583631,0.26730713426980857,163,57
113,24,False,True,True,upper_bound,0.13336974435003218,0.2501065021980851,163,58
113,24,False,True,True,upper_bound_with_inhaler,0.13336974435003218,0.2501065021980851,163,59
113,24,True,False,False,one_hot,0.16477187810874575,0.1647718781087457,163,60
113,24,True,False,False,lower_bound,0.37319150590007527,0.43808275106564787,163,61
113,24,True,False,False,midpoint,0.37319150590007527,0.4318380185530669,163,62
113,24,True,False,False,midpoint_with_inhaler,0.37319150590007527,0.4318380185530669,163,63
113,24,True,False,False,upper_bound,0.37280644553639425,0.41387619480906923,163,64
113,24,True,False,False,upper_bound_with_inhaler,0.37280644553639425,0.41387619480906923,163,65
113,24,True,False,True,one_hot,0.16477187810874575,0.1647718781087457,163,66
113,24,True,False,True,lower_bound,0.37319150590007527,0.43808275106564787,163,67
113,24,True,False,True,midpoint,0.37319150590007527,0.4318380185530669,163,68
113,24,True,False,True,midpoint_with_inhaler,0.37319150590007527,0.4318380185530669,163,69
113,24,True,False,True,upper_bound,0.37280644553639425,0.41387619480906923,163,70
113,24,True,False,True,upper_bound_with_inhaler,0.37280644553639425,0.41387619480906923,163,71
113,36,False,False,False,one_hot,-0.026386366268679795,-0.026386366268679767,163,72
113,36,False,False,False,lower_bound,0.31335597295128387,0.4036344132912713,163,73
113,36,False,False,False,midpoint,0.31335597295128387,0.4074667704299819,163,74
113,36,False,False,False,midpoint_with_inhaler,0.31335597295128387,0.4082513475280559,163,75
113,36,False,False,False,upper_bound,0.31282884343158784,0.39394904041023227,163,76
113,36,False,False,False,upper_bound_with_inhaler,0.31335597295128387,0.3989482133868906,163,77
113,36,False,False,True,one_hot,-0.026386366268679795,-0.026386366268679767,163,78
113,36,False,False,True,lower_bound,0.31335597295128387,0.4036344132912713,163,79
113,36,False,False,True,midpoint,0.31335597295128387,0.4074667704299819,163,80
113,36,False,False,True,midpoint_with_inhaler,0.31335597295128387,0.4082513475280559,163,81
113,36,False,False,True,upper_bound,0.31282884343158784,0.39394904041023227,163,82
113,36,False,False,True,upper_bound_with_inhaler,0.31335597295128387,0.3989482133868906,163,83
113,36,True,False,False,one_hot,0.2020948098466717,0.20209480984667172,163,84
113,36,True,False,False,lower_bound,0.248282047644104,0.29371216915405995,163,85
113,36,True,False,False,midpoint,0.248282047644104,0.283285113842242,163,86
113,36,True,False,False,midpoint_with_inhaler,0.248282047644104,0.283285113842242,163,87
113,36,True,False,False,upper_bound,0.24726382056283588,0.2706218816533787,163,88
113,36,True,False,False,upper_bound_with_inhaler,0.24726382056283588,0.2706218816533787,163,89
113,36,True,False,True,one_hot,0.2020948098466717,0.20209480984667172,163,90
113,36,True,False,True,lower_bound,0.248282047644104,0.29371216915405995,163,91
113,36,True,False,True,midpoint,0.248282047644104,0.283285113842242,163,92
113,36,True,False,True,midpoint_with_inhaler,0.248282047644104,0.283285113842242,163,93
113,36,True,False,True,upper_bound,0.24726382056283588,0.2706218816533787,163,94
113,36,True,False,True,upper_bound_with_inhaler,0.24726382056283588,0.2706218816533787,163,95
113,48,False,False,False,one_hot,0.03604381323101724,0.03604381323101722,163,96
113,48,False,False,False,lower_bound,0.2561564074056028,0.3468332429212665,163,97
113,48,False,False,False,midpoint,0.2561564074056028,0.3570427936102937,163,98
113,48,False,False,False,midpoint_with_inhaler,0.2561564074056028,0.35788658975250837,163,99
113,48,False,False,False,upper_bound,0.25560559366754815,0.3538854076143772,163,100
113,48,False,False,False,upper_bound_with_inhaler,0.2561564074056028,0.3610644329712062,163,101
113,48,False,False,True,one_hot,0.03604381323101724,0.03604381323101722,163,102
113,48,False,False,True,lower_bound,0.2561564074056028,0.3468332429212665,163,103
113,48,False,False,True,midpoint,0.2561564074056028,0.3570427936102937,163,104
113,48,False,False,True,midpoint_with_inhaler,0.2561564074056028,0.35788658975250837,163,105
113,48,False,False,True,upper_bound,0.25560559366754815,0.3538854076143772,163,106
113,48,False,False,True,upper_bound_with_inhaler,0.2561564074056028,0.3610644329712062,163,107
113,48,False,True,False,one_hot,0.10321110388037359,0.1032111038803736,163,108
113,48,False,True,False,lower_bound,0.06279517441916391,0.0201730353879361,163,109
113,48,False,True,False,midpoint,0.06279517441916391,0.0452607519911207,163,110
113,48,False,True,False,midpoint_with_inhaler,0.06279517441916391,0.0452607519911207,163,111
113,48,False,True,False,upper_bound,0.06279644002100632,0.061531404688145094,163,112
113,48,False,True,False,upper_bound_with_inhaler,0.06279644002100632,0.061531404688145094,163,113
113,48,False,True,True,one_hot,0.10321110388037359,0.1032111038803736,163,114
113,48,False,True,True,lower_bound,0.06279517441916391,0.0201730353879361,163,115
113,48,False,True,True,midpoint,0.06279517441916391,0.0452607519911207,163,116
113,48,False,True,True,midpoint_with_inhaler,0.06279517441916391,0.0452607519911207,163,117
113,48,False,True,True,upper_bound,0.06279644002100632,0.061531404688145094,163,118
113,48,False,True,True,upper_bound_with_inhaler,0.06279644002100632,0.061531404688145094,163,119
113,48,True,False,False,one_hot,0.1140316074700415,0.11403160747004154,163,120
113,48,True,False,False,lower_bound,0.14152778640415162,0.13135797450141934,163,121
113,48,True,False,False,midpoint,0.14152778640415162,0.1540815844724205,163,122
113,48,True,False,False,midpoint_with_inhaler,0.14152778640415162,0.1540815844724205,163,123
113,48,True,False,False,upper_bound,0.1414160264213052,0.1677667476883948,163,124
113,48,True,False,False,upper_bound_with_inhaler,0.1414160264213052,0.1677667476883948,163,125
113,48,True,False,True,one_hot,0.1140316074700415,0.11403160747004154,163,126
113,48,True,False,True,lower_bound,0.14152778640415162,0.13135797450141934,163,127
113,48,True,False,True,midpoint,0.14152778640415162,0.1540815844724205,163,128
113,48,True,False,True,midpoint_with_inhaler,0.14152778640415162,0.1540815844724205,163,129
113,48,True,False,True,upper_bound,0.1414160264213052,0.1677667476883948,163,130
113,48,True,False,True,upper_bound_with_inhaler,0.1414160264213052,0.1677667476883948,163,131
190,12,False,False,False,one_hot,-0.03111519697396,-0.03111519697396,163,0
190,12,False,False,False,lower_bound,-0.03111519697396,-0.03111519697396,163,1
190,12,False,False,False,midpoint,-0.03111519697396,-0.031115196973960008,163,2
190,12,False,False,False,midpoint_with_inhaler,-0.03111519697396,-0.031115196973960008,163,3
190,12,False,False,False,upper_bound,-0.03111519697396,-0.03111519697396,163,4
190,12,False,False,False,upper_bound_with_inhaler,-0.03111519697396,-0.03111519697396,163,5
190,12,False,False,True,one_hot,-0.03111519697396,-0.03111519697396,163,6
190,12,False,False,True,lower_bound,-0.03111519697396,-0.03111519697396,163,7
190,12,False,False,True,midpoint,-0.03111519697396,-0.031115196973960008,163,8
190,12,False,False,True,midpoint_with_inhaler,-0.03111519697396,-0.031115196973960008,163,9
190,12,False,False,True,upper_bound,-0.03111519697396,-0.03111519697396,163,10
190,12,False,False,True,upper_bound_with_inhaler,-0.03111519697396,-0.03111519697396,163,11
190,12,False,True,False,one_hot,0.06787139600744609,0.0678713960074461,163,12
190,12,False,True,False,lower_bound,0.04165484145378432,-0.013380352101875404,163,13
190,12,False,True,False,midpoint,0.04165484145378432,0.006047577876830624,163,14
190,12,False,True,False,midpoint_with_inhaler,0.04165484145378432,0.006047577876830624,163,15
190,12,False,True,False,upper_bound,0.04165484145378432,0.018573867415011894,163,16
190,12,False,True,False,upper_bound_with_inhaler,0.04165484145378432,0.018573867415011894,163,17
190,12,False,True,True,one_hot,0.06787139600744609,0.0678713960074461,163,18
190,12,False,True,True,lower_bound,0.04165484145378432,-0.013380352101875404,163,19
190,12,False,True,True,midpoint,0.04165484145378432,0.006047577876830624,163,20
190,12,False,True,True,midpoint_with_inhaler,0.04165484145378432,0.006047577876830624,163,21
190,12,False,True,True,upper_bound,0.04165484145378432,0.018573867415011894,163,22
190,12,False,True,True,upper_bound_with_inhaler,0.04165484145378432,0.018573867415011894,163,23
190,12,True,False,False,one_hot,0.04837163817386051,0.0483716381738605,163,24
190,12,True,False,False,lower_bound,0.03500930264696897,0.005847799895769123,163,25
190,12,True,False,False,midpoint,0.03500930264696897,0.01816729534123491,163,26
190,12,True,False,False,midpoint_with_inhaler,0.03500930264696897,0.01816729534123491,163,27
190,12,True,False,False,upper_bound,0.03500930264696897,0.025222715962660864,163,28
190,12,True,False,False,upper_bound_with_inhaler,0.03500930264696897,0.025222715962660864,163,29
190,12,True,False,True,one_hot,0.04837163817386051,0.0483716381738605,163,30
190,12,True,False,True,lower_bound,0.03500930264696897,0.005847799895769123,163,31
190,12,True,False,True,midpoint,0.03500930264696897,0.01816729534123491,163,32
190,12,True,False,True,midpoint_with_inhaler,0.03500930264696897,0.01816729534123491,163,33
190,12,True,False,True,upper_bound,0.03500930264696897,0.025222715962660864,163,34
190,12,True,False,True,upper_bound_with_inhaler,0.03500930264696897,0.025222715962660864,163,35
190,24,False,False,False,one_hot,0.09802980965704533,0.0980298096570453,163,36
190,24,False,False,False,lower_bound,0.07955123642913453,0.036092550566281384,163,37
190,24,False,False,False,midpoint,0.07955123642913453,0.05449568509796869,163,38
190,24,False,False,False,midpoint_with_inhaler,0.07955123642913453,0.05449568509796869,163,39
190,24,False,False,False,upper_bound,0.07955123642913453,0.06494811712387338,163,40
190,24,False,False,False,upper_bound_with_inhaler,0.07955123642913453,0.06494811712387338,163,41
190,24,False,False,True,one_hot,0.09802980965704533,0.0980298096570453,163,42
190,24,False,False,True,lower_bound,0.07955123642913453,0.036092550566281384,163,43
190,24,False,False,True,midpoint,0.07955123642913453,0.05449568509796869,163,44
190,24,False,False,True,midpoint_with_inhaler,0.07955123642913453,0.05449568509796869,163,45
190,24,False,False,True,upper_bound,0.07955123642913453,0.06494811712387338,163,46
190,24,False,False,True,upper_bound_with_inhaler,0.07955123642913453,0.06494811712387338,163,47
190,24,False,True,False,one_hot,0.05551553544182042,0.05551553544182041,163,48
190,24,False,True,False,lower_bound,0.04588703921818263,0.01828413710058694,163,49
190,24,False,True,False,midpoint,0.04588703921818263,0.029613424750854912,163,50
190,24,False,True,False,midpoint_with_inhaler,0.04588703921818263,0.029613424750854912,163,51
190,24,False,True,False,upper_bound,0.04588703921818263,0.035869470057505376,163,52
190,24,False,True,False,upper_bound_with_inhaler,0.04588703921818263,0.035869470057505376,163,53
190,24,False,True,True,one_hot,0.05551553544182042,0.05551553544182041,163,54
190,24,False,True,True,lower_bound,0.04588703921818263,0.01828413710058694,163,55
190,24,False,True,True,midpoint,0.04588703921818263,0.029613424750854912,163,56
190,24,False,True,True,midpoint_with_inhaler,0.04588703921818263,0.029613424750854912,163,57
190,24,False,True,True,upper_bound,0.04588703921818263,0.035869470057505376,163,58
190,24,False,True,True,upper_bound_with_inhaler,0.04588703921818263,0.035869470057505376,163,59
190,24,True,False,False,one_hot,0.09802980965704533,0.0980298096570453,163,60
190,24,True,False,False,lower_bound,0.07955123642913453,0.036092550566281384,163,61
190,24,True,False,False,midpoint,0.07955123642913453,0.05449568509796869,163,62
190,24,True,False,False,midpoint_with_inhaler,0.07955123642913453,0.05449568509796869,163,63
190,24,True,False,False,upper_bound,0.07955123642913453,0.06494811712387338,163,64
190,24,True,False,False,upper_bound_with_inhaler,0.07955123642913453,0.06494811712387338,163,65
190,24,True,False,True,one_hot,0.09802980965704533,0.0980298096570453,163,66
190,24,True,False,True,lower_bound,0.07955123642913453,0.036092550566281384,163,67
190,24,True,False,True,midpoint,0.07955123642913453,0.05449568509796869,163,68
190,24,True,False,True,midpoint_with_inhaler,0.07955123642913453,0.05449568509796869,163,69
190,24,True,False,True,upper_bound,0.07955123642913453,0.06494811712387338,163,70
190,24,True,False,True,upper_bound_with_inhaler,0.07955123642913453,0.06494811712387338,163,71
190,36,False,False,False,one_hot,0.14931684478178503,0.14931684478178503,163,72
190,36,False,False,False,lower_bound,0.15226521444381996,0.12234685502489659,163,73
190,36,False,False,False,midpoint,0.15226521444381996,0.12945416912345084,163,74
190,36,False,False,False,midpoint_with_inhaler,0.15226521444381996,0.12945416912345084,163,75
190,36,False,False,False,upper_bound,0.15226521444381996,0.13249931200410425,163,76
190,36,False,False,False,upper_bound_with_inhaler,0.15226521444381996,0.13249931200410425,163,77
190,36,False,False,True,one_hot,0.14931684478178503,0.14931684478178503,163,78
190,36,False,False,True,lower_bound,0.15226521444381996,0.12234685502489659,163,79
190,36,False,False,True,midpoint,0.15226521444381996,0.12945416912345084,163,80
190,36,False,False,True,midpoint_with_inhaler,0.15226521444381996,0.12945416912345084,163,81
190,36,False,False,True,upper_bound,0.15226521444381996,0.13249931200410425,163,82
190,36,False,False,True,upper_bound_with_inhaler,0.15226521444381996,0.13249931200410425,163,83
190,36,True,False,False,one_hot,0.10119258176881274,0.1011925817688128,163,84
190,36,True,False,False,lower_bound,0.09002518624611515,0.05427624208259097,163,85
190,36,True,False,False,midpoint,0.09002518624611515,0.06935037898948161,163,86
190,36,True,False,False,midpoint_with_inhaler,0.09002518624611515,0.06935037898948161,163,87
190,36,True,False,False,upper_bound,0.09002518624611515,0.07741406686034964,163,88
190,36,True,False,False,upper_bound_with_inhaler,0.09002518624611515,0.07741406686034964,163,89
190,36,True,False,True,one_hot,0.10119258176881274,0.1011925817688128,163,90
190,36,True,False,True,lower_bound,0.09002518624611515,0.05427624208259097,163,91
190,36,True,False,True,midpoint,0.09002518624611515,0.06935037898948161,163,92
190,36,True,False,True,midpoint_with_inhaler,0.09002518624611515,0.06935037898948161,163,93
190,36,True,False,True,upper_bound,0.09002518624611515,0.07741406686034964,163,94
190,36,True,False,True,upper_bound_with_inhaler,0.09002518624611515,0.07741406686034964,163,95
190,48,False,False,False,one_hot,0.12291711530507408,0.12291711530507408,163,96
190,48,False,False,False,lower_bound,0.11225174709419437,0.0836577381557143,163,97
190,48,False,False,False,midpoint,0.11225174709419437,0.09236120465268668,163,98
190,48,False,False,False,midpoint_with_inhaler,0.11225174709419437,0.09236120465268668,163,99
190,48,False,False,False,upper_bound,0.11225174709419437,0.09737542811133862,163,100
190,48,False,False,False,upper_bound_with_inhaler,0.11225174709419437,0.09737542811133862,163,101
190,48,False,False,True,one_hot,0.12291711530507408,0.12291711530507408,163,102
190,48,False,False,True,lower_bound,0.11225174709419437,0.0836577381557143,163,103
190,48,False,False,True,midpoint,0.11225174709419437,0.09236120465268668,163,104
190,48,False,False,True,midpoint_with_inhaler,0.11225174709419437,0.09236120465268668,163,105
190,48,False,False,True,upper_bound,0.11225174709419437,0.09737542811133862,163,106
190,48,False,False,True,upper_bound_with_inhaler,0.11225174709419437,0.09737542811133862,163,107
190,48,False,True,False,one_hot,0.13889977529202888,0.13889977529202885,163,108
190,48,False,True,False,lower_bound,0.12933240253688869,0.0791926345226299,163,109
190,48,False,True,False,midpoint,0.12933240253688869,0.09282634876065357,163,110
190,48,False,True,False,midpoint_with_inhaler,0.12933240253688869,0.09282634876065357,163,111
190,48,False,True,False,upper_bound,0.12933240253688869,0.1000358570025799,163,112
190,48,False,True,False,upper_bound_with_inhaler,0.12933240253688869,0.1000358570025799,163,113
190,48,False,True,True,one_hot,0.13889977529202888,0.13889977529202885,163,114
190,48,False,True,True,lower_bound,0.12933240253688869,0.0791926345226299,163,115
190,48,False,True,True,midpoint,0.12933240253688869,0.09282634876065357,163,116
190,48,False,True,True,midpoint_with_inhaler,0.12933240253688869,0.09282634876065357,163,117
190,48,False,True,True,upper_bound,0.12933240253688869,0.1000358570025799,163,118
190,48,False,True,True,upper_bound_with_inhaler,0.12933240253688869,0.1000358570025799,163,119
190,48,True,False,False,one_hot,0.211314613164389,0.21131461316438885,163,120
190,48,True,False,False,lower_bound,0.1953046092310755,0.140789131985647,163,121
190,48,True,False,False,midpoint,0.1953046092310755,0.16505139567053942,163,122
190,48,True,False,False,midpoint_with_inhaler,0.1953046092310755,0.16505139567053942,163,123
190,48,True,False,False,upper_bound,0.1953046092310755,0.17754442109453997,163,124
190,48,True,False,False,upper_bound_with_inhaler,0.1953046092310755,0.17754442109453997,163,125
190,48,True,False,True,one_hot,0.211314613164389,0.21131461316438885,163,126
190,48,True,False,True,lower_bound,0.1953046092310755,0.140789131985647,163,127
190,48,True,False,True,midpoint,0.1953046092310755,0.16505139567053942,163,128
190,48,True,False,True,midpoint_with_inhaler,0.1953046092310755,0.16505139567053942,163,129
190,48,True,False,True,upper_bound,0.1953046092310755,0.17754442109453997,163,130
190,48,True,False,True,upper_bound_with_inhaler,0.1953046092310755,0.17754442109453997,163,131
294,12,False,False,False,one_hot,-0.031129758516050057,-0.031129758516050064,173,0
294,12,False,False,False,lower_bound,0.25119385546028516,0.27355457603254124,173,1
294,12,False,False,False,midpoint,0.25119385546028516,0.2855785743314742,173,2
294,12,False,False,False,midpoint_with_inhaler,0.25119385546028516,0.2855785743314742,173,3
294,12,False,False,False,upper_bound,0.25119385546028516,0.28981238924599995,173,4
294,12,False,False,False,upper_bound_with_inhaler,0.25119385546028516,0.28981238924599995,173,5
294,12,False,False,True,one_hot,-0.031129758516050057,-0.031129758516050064,173,6
294,12,False,False,True,lower_bound,0.25119385546028516,0.27355457603254124,173,7
294,12,False,False,True,midpoint,0.25119385546028516,0.2855785743314742,173,8
294,12,False,False,True,midpoint_with_inhaler,0.25119385546028516,0.2855785743314742,173,9
294,12,False,False,True,upper_bound,0.25119385546028516,0.28981238924599995,173,10
294,12,False,False,True,upper_bound_with_inhaler,0.25119385546028516,0.28981238924599995,173,11
294,12,False,True,False,one_hot,,,173,12
294,12,False,True,False,lower_bound,0.507839399579963,0.4139934822554751,173,13
294,12,False,True,False,midpoint,0.507839399579963,0.4681978273990593,173,14
294,12,False,True,False,midpoint_with_inhaler,0.507839399579963,0.46377916999422303,173,15
294,12,False,True,False,upper_bound,0.5118681647304392,0.5008083680577653,173,16
294,12,False,True,False,upper_bound_with_inhaler,0.507839399579963,0.4860507298177648,173,17
294,12,False,True,True,one_hot,,,173,18
294,12,False,True,True,lower_bound,0.507839399579963,0.4139934822554751,173,19
294,12,False,True,True,midpoint,0.507839399579963,0.4681978273990593,173,20
294,12,False,True,True,midpoint_with_inhaler,0.507839399579963,0.46377916999422303,173,21
294,12,False,True,True,upper_bound,0.5118681647304392,0.5008083680577653,173,22
294,12,False,True,True,upper_bound_with_inhaler,0.507839399579963,0.4860507298177648,173,23
294,12,True,False,False,one_hot,,,173,24
294,12,True,False,False,lower_bound,0.5029396775043317,0.4512205796189747,173,25
294,12,True,False,False,midpoint,0.5029396775043317,0.4829768972403363,173,26
294,12,True,False,False,midpoint_with_inhaler,0.5029396775043317,0.4822310616256602,173,27
294,12,True,False,False,upper_bound,0.5023602401960309,0.4962055199634676,173,28
294,12,True,False,False,upper_bound_with_inhaler,0.5029396775043317,0.49562608748028963,173,29
294,12,True,False,True,one_hot,,,173,30
294,12,True,False,True,lower_bound,0.5029396775043317,0.4512205796189747,173,31
294,12,True,False,True,midpoint,0.5029396775043317,0.4829768972403363,173,32
294,12,True,False,True,midpoint_with_inhaler,0.5029396775043317,0.4822310616256602,173,33
294,12,True,False,True,upper_bound,0.5023602401960309,0.4962055199634676,173,34
294,12,True,False,True,upper_bound_with_inhaler,0.5029396775043317,0.49562608748028963,173,35
294,24,False,False,False,one_hot,,,173,36
294,24,False,False,False,lower_bound,0.6526870063163942,0.6557409298713468,173,37
294,24,False,False,False,midpoint,0.6526870063163942,0.6574250284169223,173,38
294,24,False,False,False,midpoint_with_inhaler,0.6526870063163942,0.6597356811847221,173,39
294,24,False,False,False,upper_bound,0.6498402449877418,0.6403876021791386,173,40
294,24,False,False,False,upper_bound_with_inhaler,0.6526870063163942,0.6495382240336207,173,41
294,24,False,False,True,one_hot,,,173,42
294,24,False,False,True,lower_bound,0.6526870063163942,0.6557409298713468,173,43
294,24,False,False,True,midpoint,0.6526870063163942,0.6574250284169223,173,44
294,24,False,False,True,midpoint_with_inhaler,0.6526870063163942,0.6597356811847221,173,45
294,24,False,False,True,upper_bound,0.6498402449877418,0.6403876021791386,173,46
294,24,False,False,True,upper_bound_with_inhaler,0.6526870063163942,0.6495382240336207,173,47
294,24,False,True,False,one_hot,,,173,48
294,24,False,True,False,lower_bound,0.49837844955770505,0.45637184072920806,173,49
294,24,False,True,False,midpoint,0.49837844955770505,0.4853495851242291,173,50
294,24,False,True,False,midpoint_with_inhaler,0.49837844955770505,0.4853495851242291,173,51
294,24,False,True,False,upper_bound,0.49837844955770505,0.5008887183757051,173,52
294,24,False,True,False,upper_bound_with_inhaler,0.49837844955770505,0.5008887183757051,173,53
294,24,False,True,True,one_hot,,,173,54
294,24,False,True,True,lower_bound,0.49837844955770505,0.45637184072920806,173,55
294,24,False,True,True,midpoint,0.49837844955770505,0.4853495851242291,173,56
294,24,False,True,True,midpoint_with_inhaler,0.49837844955770505,0.4853495851242291,173,57
294,24,False,True,True,upper_bound,0.49837844955770505,0.5008887183757051,173,58
294,24,False,True,True,upper_bound_with_inhaler,0.49837844955770505,0.5008887183757051,173,59
294,24,True,False,False,one_hot,,,173,60
294,24,True,False,False,lower_bound,0.6526870063163942,0.6557409298713468,173,61
294,24,True,False,False,midpoint,0.6526870063163942,0.6574250284169223,173,62
294,24,True,False,False,midpoint_with_inhaler,0.6526870063163942,0.6597356811847221,173,63
294,24,True,False,False,upper_bound,0.6498402449877418,0.6403876021791386,173,64
294,24,True,False,False,upper_bound_with_inhaler,0.6526870063163942,0.6495382240336207,173,65
294,24,True,False,True,one_hot,,,173,66
294,24,True,False,True,lower_bound,0.6526870063163942,0.6557409298713468,173,67
294,24,True,False,True,midpoint,0.6526870063163942,0.6574250284169223,173,68
294,24,True,False,True,midpoint_with_inhaler,0.6526870063163942,0.6597356811847221,173,69
294,24,True,False,True,upper_bound,0.6498402449877418,0.6403876021791386,173,70
294,24,True,False,True,upper_bound_with_inhaler,0.6526870063163942,0.6495382240336207,173,71
294,36,False,False,False,one_hot,,,173,72
294,36,False,False,False,lower_bound,0.5027975775639439,0.499706198212838,173,73
294,36,False,False,False,midpoint,0.5027975775639439,0.5066498557196113,173,74
294,36,False,False,False,midpoint_with_inhaler,0.5027975775639439,0.518119566729838,173,75
294,36,False,False,False,upper_bound,0.46019117694448003,0.4906358981740682,173,76
294,36,False,False,False,upper_bound_with_inhaler,0.5027975775639439,0.5097839868908751,173,77
294,36,False,False,True,one_hot,,,173,78
294,36,False,False,True,lower_bound,0.5027975775639439,0.499706198212838,173,79
294,36,False,False,True,midpoint,0.5027975775639439,0.5066498557196113,173,80
294,36,False,False,True,midpoint_with_inhaler,0.5027975775639439,0.518119566729838,173,81
294,36,False,False,True,upper_bound,0.46019117694448003,0.4906358981740682,173,82
294,36,False,False,True,upper_bound_with_inhaler,0.5027975775639439,0.5097839868908751,173,83
294,36,True,False,False,one_hot,,,173,84
294,36,True,False,False,lower_bound,0.44935678641742655,0.42241969748487196,173,85
294,36,True,False,False,midpoint,0.44935678641742655,0.4413233952850221,173,86
294,36,True,False,False,midpoint_with_inhaler,0.44935678641742655,0.4434028356625258,173,87
294,36,True,False,False,upper_bound,0.4467310321248148,0.4519514207154702,173,88
294,36,True,False,False,upper_bound_with_inhaler,0.44935678641742655,0.4588160876008309,173,89
294,36,True,False,True,one_hot,,,173,90
294,36,True,False,True,lower_bound,0.44935678641742655,0.42241969748487196,173,91
294,36,True,False,True,midpoint,0.44935678641742655,0.4413233952850221,173,92
294,36,True,False,True,midpoint_with_inhaler,0.44935678641742655,0.4434028356625258,173,93
294,36,True,False,True,upper_bound,0.4467310321248148,0.4519514207154702,173,94
294,36,True,False,True,upper_bound_with_inhaler,0.44935678641742655,0.4588160876008309,173,95
294,48,False,False,False,one_hot,,,173,96
294,48,False,False,False,lower_bound,0.7219399709555444,0.699796339862266,173,97
294,48,False,False,False,midpoint,0.7219399709555444,0.6768697389907364,173,98
294,48,False,False,False,midpoint_with_inhaler,0.7219399709555444,0.7166725868180028,173,99
294,48,False,False,False,upper_bound,0.6303983517058281,0.5941952866510555,173,100
294,48,False,False,False,upper_bound_with_inhaler,0.7219399709555444,0.690156126169793,173,101
294,48,False,False,True,one_hot,,,173,102
294,48,False,False,True,lower_bound,0.7219399709555444,0.699796339862266,173,103
294,48,False,False,True,midpoint,0.7219399709555444,0.6768697389907364,173,104
294,48,False,False,True,midpoint_with_inhaler,0.7219399709555444,0.7166725868180028,173,105
294,48,False,False,True,upper_bound,0.6303983517058281,0.5941952866510555,173,106
294,48,False,False,True,upper_bound_with_inhaler,0.7219399709555444,0.690156126169793,173,107
294,48,False,True,False,one_hot,,,173,108
294,48,False,True,False,lower_bound,0.3620247437969298,0.3748627856179,173,109
294,48,False,True,False,midpoint,0.3620247437969298,0.3785799693477857,173,110
294,48,False,True,False,midpoint_with_inhaler,0.3620247437969298,0.3785799693477857,173,111
294,48,False,True,False,upper_bound,0.3620247437969298,0.3746201419036141,173,112
294,48,False,True,False,upper_bound_with_inhaler,0.3620247437969298,0.3746201419036141,173,113
294,48,False,True,True,one_hot,,,173,114
294,48,False,True,True,lower_bound,0.3620247437969298,0.3748627856179,173,115
294,48,False,True,True,midpoint,0.3620247437969298,0.3785799693477857,173,116
294,48,False,True,True,midpoint_with_inhaler,0.3620247437969298,0.3785799693477857,173,117
294,48,False,True,True,upper_bound,0.3620247437969298,0.3746201419036141,173,118
294,48,False,True,True,upper_bound_with_inhaler,0.3620247437969298,0.3746201419036141,173,119
294,48,True,False,False,one_hot,,,173,120
294,48,True,False,False,lower_bound,0.450425518860665,0.40720034156974844,173,121
294,48,True,False,False,midpoint,0.450425518860665,0.44102620189338737,173,122
294,48,True,False,False,midpoint_with_inhaler,0.450425518860665,0.43758881603853095,173,123
294,48,True,False,False,upper_bound,0.449445133212305,0.4520238787487697,173,124
294,48,True,False,False,upper_bound_with_inhaler,0.450425518860665,0.45154095735974387,173,125
294,48,True,False,True,one_hot,,,173,126
294,48,True,False,True,lower_bound,0.450425518860665,0.40720034156974844,173,127
294,48,True,False,True,midpoint,0.450425518860665,0.44102620189338737,173,128
294,48,True,False,True,midpoint_with_inhaler,0.450425518860665,0.43758881603853095,173,129
294,48,True,False,True,upper_bound,0.449445133212305,0.4520238787487697,173,130
294,48,True,False,True,upper_bound_with_inhaler,0.450425518860665,0.45154095735974387,173,131
328,12,False,False,False,one_hot,0.5418846257365839,0.541884625736584,17,0
328,12,False,False,False,lower_bound,0.47667345370639874,0.1269107433515565,17,1
328,12,False,False,False,midpoint,0.47667345370639874,0.15852100678666325,17,2
328,12,False,False,False,midpoint_with_inhaler,0.47667345370639874,0.15852100678666325,17,3
328,12,False,False,False,upper_bound,0.47667345370639874,0.1776813162534728,17,4
328,12,False,False,False,upper_bound_with_inhaler,0.47667345370639874,0.1776813162534728,17,5
328,12,False,False,True,one_hot,0.5418846257365839,0.541884625736584,17,6
328,12,False,False,True,lower_bound,0.47667345370639874,0.1269107433515565,17,7
328,12,False,False,True,midpoint,0.47667345370639874,0.15852100678666325,17,8
328,12,False,False,True,midpoint_with_inhaler,0.47667345370639874,0.15852100678666325,17,9
328,12,False,False,True,upper_bound,0.47667345370639874,0.1776813162534728,17,10
328,12,False,False,True,upper_bound_with_inhaler,0.47667345370639874,0.1776813162534728,17,11
328,12,False,True,False,one_hot,0.1341319932973397,0.1341319932973397,17,12
328,12,False,True,False,lower_bound,-6.938893903907228e-18,-0.07734865037354616,17,13
328,12,False,True,False,midpoint,-6.938893903907228e-18,-0.0621626388809024,17,14
328,12,False,True,False,midpoint_with_inhaler,-6.938893903907228e-18,-0.0621626388809024,17,15
328,12,False,True,False,upper_bound,-6.938893903907228e-18,-0.051685753557698576,17,16
328,12,False,True,False,upper_bound_with_inhaler,-6.938893903907228e-18,-0.051685753557698576,17,17
328,12,False,True,True,one_hot,0.1341319932973397,0.1341319932973397,17,18
328,12,False,True,True,lower_bound,-6.938893903907228e-18,-0.07734865037354616,17,19
328,12,False,True,True,midpoint,-6.938893903907228e-18,-0.0621626388809024,17,20
328,12,False,True,True,midpoint_with_inhaler,-6.938893903907228e-18,-0.0621626388809024,17,21
328,12,False,True,True,upper_bound,-6.938893903907228e-18,-0.051685753557698576,17,22
328,12,False,True,True,upper_bound_with_inhaler,-6.938893903907228e-18,-0.051685753557698576,17,23
328,12,True,False,False,one_hot,0.24021864728926093,0.24021864728926107,17,24
328,12,True,False,False,lower_bound,0.17932811819187106,0.01935524161901025,17,25
328,12,True,False,False,midpoint,0.17932811819187106,0.036977908442580955,17,26
328,12,True,False,False,midpoint_with_inhaler,0.17932811819187106,0.036977908442580955,17,27
328,12,True,False,False,upper_bound,0.17932811819187106,0.04777731174310719,17,28
328,12,True,False,False,upper_bound_with_inhaler,0.17932811819187106,0.04777731174310719,17,29
328,12,True,False,True,one_hot,0.24021864728926093,0.24021864728926107,17,30
328,12,True,False,True,lower_bound,0.17932811819187106,0.01935524161901025,17,31
328,12,True,False,True,midpoint,0.17932811819187106,0.036977908442580955,17,32
328,12,True,False,True,midpoint_with_inhaler,0.17932811819187106,0.036977908442580955,17,33
328,12,True,False,True,upper_bound,0.17932811819187106,0.04777731174310719,17,34
328,12,True,False,True,upper_bound_with_inhaler,0.17932811819187106,0.04777731174310719,17,35
328,24,False,False,False,one_hot,0.1341319932973397,0.1341319932973397,17,36
328,24,False,False,False,lower_bound,0.056167351379558826,-0.04204861965909578,17,37
328,24,False,False,False,midpoint,0.056167351379558826,-0.03275352793053183,17,38
328,24,False,False,False,midpoint_with_inhaler,0.056167351379558826,-0.03275352793053183,17,39
328,24,False,False,False,upper_bound,0.056167351379558826,-0.026780377988319642,17,40
328,24,False,False,False,upper_bound_with_inhaler,0.056167351379558826,-0.026780377988319642,17,41
328,24,False,False,True,one_hot,0.1341319932973397,0.1341319932973397,17,42
328,24,False,False,True,lower_bound,0.056167351379558826,-0.04204861965909578,17,43
328,24,False,False,True,midpoint,0.056167351379558826,-0.03275352793053183,17,44
328,24,False,False,True,midpoint_with_inhaler,0.056167351379558826,-0.03275352793053183,17,45
328,24,False,False,True,upper_bound,0.056167351379558826,-0.026780377988319642,17,46
328,24,False,False,True,upper_bound_with_inhaler,0.056167351379558826,-0.026780377988319642,17,47
328,24,False,True,False,one_hot,0.2053880046330666,0.2053880046330666,17,48
328,24,False,True,False,lower_bound,0.08825849209131822,-3.469446951953614e-18,17,49
328,24,False,True,False,midpoint,0.08825849209131822,0.04328606017348298,17,50
328,24,False,True,False,midpoint_with_inhaler,0.08825849209131822,0.04328606017348298,17,51
328,24,False,True,False,upper_bound,0.08825849209131822,0.07390537518759714,17,52
328,24,False,True,False,upper_bound_with_inhaler,0.08825849209131822,0.07390537518759714,17,53
328,24,False,True,True,one_hot,0.2053880046330666,0.2053880046330666,17,54
328,24,False,True,True,lower_bound,0.08825849209131822,-3.469446951953614e-18,17,55
328,24,False,True,True,midpoint,0.08825849209131822,0.04328606017348298,17,56
328,24,False,True,True,midpoint_with_inhaler,0.08825849209131822,0.04328606017348298,17,57
328,24,False,True,True,upper_bound,0.08825849209131822,0.07390537518759714,17,58
328,24,False,True,True,upper_bound_with_inhaler,0.08825849209131822,0.07390537518759714,17,59
328,24,True,False,False,one_hot,0.1341319932973397,0.1341319932973397,17,60
328,24,True,False,False,lower_bound,0.056167351379558826,-0.04204861965909578,17,61
328,24,True,False,False,midpoint,0.056167351379558826,-0.03275352793053183,17,62
328,24,True,False,False,midpoint_with_inhaler,0.056167351379558826,-0.03275352793053183,17,63
328,24,True,False,False,upper_bound,0.056167351379558826,-0.026780377988319642,17,64
328,24,True,False,False,upper_bound_with_inhaler,0.056167351379558826,-0.026780377988319642,17,65
328,24,True,False,True,one_hot,0.1341319932973397,0.1341319932973397,17,66
328,24,True,False,True,lower_bound,0.056167351379558826,-0.04204861965909578,17,67
328,24,True,False,True,midpoint,0.056167351379558826,-0.03275352793053183,17,68
328,24,True,False,True,midpoint_with_inhaler,0.056167351379558826,-0.03275352793053183,17,69
328,24,True,False,True,upper_bound,0.056167351379558826,-0.026780377988319642,17,70
328,24,True,False,True,upper_bound_with_inhaler,0.056167351379558826,-0.026780377988319642,17,71
328,36,False,False,False,one_hot,0.091541943648056,0.091541943648056,17,72
328,36,False,False,False,lower_bound,-0.056089339824695196,-0.10053798012967904,17,73
328,36,False,False,False,midpoint,-0.056089339824695196,-0.08996689239627705,17,74
328,36,False,False,False,midpoint_with_inhaler,-0.056089339824695196,-0.08996689239627705,17,75
328,36,False,False,False,upper_bound,-0.056089339824695196,-0.08229234297049816,17,76
328,36,False,False,False,upper_bound_with_inhaler,-0.056089339824695196,-0.08229234297049816,17,77
328,36,False,False,True,one_hot,0.091541943648056,0.091541943648056,17,78
328,36,False,False,True,lower_bound,-0.056089339824695196,-0.10053798012967904,17,79
328,36,False,False,True,midpoint,-0.056089339824695196,-0.08996689239627705,17,80
328,36,False,False,True,midpoint_with_inhaler,-0.056089339824695196,-0.08996689239627705,17,81
328,36,False,False,True,upper_bound,-0.056089339824695196,-0.08229234297049816,17,82
328,36,False,False,True,upper_bound_with_inhaler,-0.056089339824695196,-0.08229234297049816,17,83
328,36,True,False,False,one_hot,0.2765186331416562,0.27651863314165614,17,84
328,36,True,False,False,lower_bound,0.2765186331416562,0.27651863314165614,17,85
328,36,True,False,False,midpoint,0.2765186331416562,0.27651863314165603,17,86
328,36,True,False,False,midpoint_with_inhaler,0.2765186331416562,0.27651863314165603,17,87
328,36,True,False,False,upper_bound,0.2765186331416562,0.27651863314165614,17,88
328,36,True,False,False,upper_bound_with_inhaler,0.2765186331416562,0.27651863314165614,17,89
328,36,True,False,True,one_hot,0.2765186331416562,0.27651863314165614,17,90
328,36,True,False,True,lower_bound,0.2765186331416562,0.27651863314165614,17,91
328,36,True,False,True,midpoint,0.2765186331416562,0.27651863314165603,17,92
328,36,True,False,True,midpoint_with_inhaler,0.2765186331416562,0.27651863314165603,17,93
328,36,True,False,True,upper_bound,0.2765186331416562,0.27651863314165614,17,94
328,36,True,False,True,upper_bound_with_inhaler,0.2765186331416562,0.27651863314165614,17,95
328,48,False,False,False,one_hot,,,17,96
328,48,False,False,False,lower_bound,-0.27050009848970236,-0.2520932740593267,17,97
328,48,False,False,False,midpoint,-0.27050009848970236,-0.23701045690266623,17,98
328,48,False,False,False,midpoint_with_inhaler,-0.27050009848970236,-0.23701045690266623,17,99
328,48,False,False,False,upper_bound,-0.27050009848970236,-0.22428061552089196,17,100
328,48,False,False,False,upper_bound_with_inhaler,-0.27050009848970236,-0.22428061552089196,17,101
328,48,False,False,True,one_hot,,,17,102
328,48,False,False,True,lower_bound,-0.27050009848970236,-0.2520932740593267,17,103
328,48,False,False,True,midpoint,-0.27050009848970236,-0.23701045690266623,17,104
328,48,False,False,True,midpoint_with_inhaler,-0.27050009848970236,-0.23701045690266623,17,105
328,48,False,False,True,upper_bound,-0.27050009848970236,-0.22428061552089196,17,106
328,48,False,False,True,upper_bound_with_inhaler,-0.27050009848970236,-0.22428061552089196,17,107
328,48,False,True,False,one_hot,-0.1665136672773379,-0.16651366727733788,17,108
328,48,False,True,False,lower_bound,0.0410902250868809,0.16279742807741562,17,109
328,48,False,True,False,midpoint,0.0410902250868809,0.10630966068246986,17,110
328,48,False,True,False,midpoint_with_inhaler,0.0410902250868809,0.10630966068246986,17,111
328,48,False,True,False,upper_bound,0.0410902250868809,0.06364998906580174,17,112
328,48,False,True,False,upper_bound_with_inhaler,0.0410902250868809,0.06364998906580174,17,113
328,48,False,True,True,one_hot,-0.1665136672773379,-0.16651366727733788,17,114
328,48,False,True,True,lower_bound,0.0410902250868809,0.16279742807741562,17,115
328,48,False,True,True,midpoint,0.0410902250868809,0.10630966068246986,17,116
328,48,False,True,True,midpoint_with_inhaler,0.0410902250868809,0.10630966068246986,17,117
328,48,False,True,True,upper_bound,0.0410902250868809,0.06364998906580174,17,118
328,48,False,True,True,upper_bound_with_inhaler,0.0410902250868809,0.06364998906580174,17,119
328,48,True,False,False,one_hot,-0.1665136672773379,-0.16651366727733788,17,120
328,48,True,False,False,lower_bound,-0.1665136672773379,-0.16651366727733788,17,121
328,48,True,False,False,midpoint,-0.1665136672773379,-0.16651366727733785,17,122
328,48,True,False,False,midpoint_with_inhaler,-0.1665136672773379,-0.16651366727733785,17,123
328,48,True,False,False,upper_bound,-0.1665136672773379,-0.16651366727733788,17,124
328,48,True,False,False,upper_bound_with_inhaler,-0.1665136672773379,-0.16651366727733788,17,125
328,48,True,False,True,one_hot,-0.1665136672773379,-0.16651366727733788,17,126
328,48,True,False,True,lower_bound,-0.1665136672773379,-0.16651366727733788,17,127
328,48,True,False,True,midpoint,-0.1665136672773379,-0.16651366727733785,17,128
328,48,True,False,True,midpoint_with_inhaler,-0.1665136672773379,-0.16651366727733785,17,129
328,48,True,False,True,upper_bound,-0.1665136672773379,-0.16651366727733788,17,130
328,48,True,False,True,upper_bound_with_inhaler,-0.1665136672773379,-0.16651366727733788,17,131
343,12,False,False,False,one_hot,0.27228531824405805,0.2722853182440581,173,0
343,12,False,False,False,lower_bound,0.27228531824405805,0.2722853182440581,173,1
343,12,False,False,False,midpoint,0.27228531824405805,0.2722853182440581,173,2
343,12,False,False,False,midpoint_with_inhaler,0.27228531824405805,0.2722853182440581,173,3
343,12,False,False,False,upper_bound,0.27228531824405805,0.2722853182440581,173,4
343,12,False,False,False,upper_bound_with_inhaler,0.27228531824405805,0.2722853182440581,173,5
343,12,False,False,True,one_hot,0.27228531824405805,0.2722853182440581,173,6
343,12,False,False,True,lower_bound,0.27228531824405805,0.2722853182440581,173,7
343,12,False,False,True,midpoint,0.27228531824405805,0.2722853182440581,173,8
343,12,False,False,True,midpoint_with_inhaler,0.27228531824405805,0.2722853182440581,173,9
343,12,False,False,True,upper_bound,0.27228531824405805,0.2722853182440581,173,10
343,12,False,False,True,upper_bound_with_inhaler,0.27228531824405805,0.2722853182440581,173,11
343,12,False,True,False,one_hot,0.39723159368862215,0.39723159368862215,173,12
343,12,False,True,False,lower_bound,0.39723159368862215,0.39723159368862215,173,13
343,12,False,True,False,midpoint,0.39723159368862215,0.39723159368862215,173,14
343,12,False,True,False,midpoint_with_inhaler,0.39723159368862215,0.39723159368862215,173,15
343,12,False,True,False,upper_bound,0.39723159368862215,0.39723159368862215,173,16
343,12,False,True,False,upper_bound_with_inhaler,0.39723159368862215,0.39723159368862215,173,17
343,12,False,True,True,one_hot,0.39723159368862215,0.39723159368862215,173,18
343,12,False,True,True,lower_bound,0.39723159368862215,0.39723159368862215,173,19
343,12,False,True,True,midpoint,0.39723159368862215,0.39723159368862215,173,20
343,12,False,True,True,midpoint_with_inhaler,0.39723159368862215,0.39723159368862215,173,21
343,12,False,True,True,upper_bound,0.39723159368862215,0.39723159368862215,173,22
343,12,False,True,True,upper_bound_with_inhaler,0.39723159368862215,0.39723159368862215,173,23
343,12,True,False,False,one_hot,0.33770720430428974,0.33770720430428974,173,24
343,12,True,False,False,lower_bound,0.33770720430428974,0.33770720430428974,173,25
343,12,True,False,False,midpoint,0.33770720430428974,0.33770720430428974,173,26
343,12,True,False,False,midpoint_with_inhaler,0.33770720430428974,0.33770720430428974,173,27
343,12,True,False,False,upper_bound,0.33770720430428974,0.33770720430428974,173,28
343,12,True,False,False,upper_bound_with_inhaler,0.33770720430428974,0.33770720430428974,173,29
343,12,True,False,True,one_hot,0.33770720430428974,0.33770720430428974,173,30
343,12,True,False,True,lower_bound,0.33770720430428974,0.33770720430428974,173,31
343,12,True,False,True,midpoint,0.33770720430428974,0.33770720430428974,173,32
343,12,True,False,True,midpoint_with_inhaler,0.33770720430428974,0.33770720430428974,173,33
343,12,True,False,True,upper_bound,0.33770720430428974,0.33770720430428974,173,34
343,12,True,False,True,upper_bound_with_inhaler,0.33770720430428974,0.33770720430428974,173,35
343,24,False,False,False,one_hot,0.30533087054064295,0.30533087054064284,173,36
343,24,False,False,False,lower_bound,0.31202477546741136,0.34013922201629126,173,37
343,24,False,False,False,midpoint,0.31202477546741136,0.3331390851564511,173,38
343,24,False,False,False,midpoint_with_inhaler,0.31202477546741136,0.3331390851564511,173,39
343,24,False,False,False,upper_bound,0.31202477546741136,0.32799268604029097,173,40
343,24,False,False,False,upper_bound_with_inhaler,0.31202477546741136,0.32799268604029097,173,41
343,24,False,False,True,one_hot,0.30533087054064295,0.30533087054064284,173,42
343,24,False,False,True,lower_bound,0.31202477546741136,0.34013922201629126,173,43
343,24,False,False,True,midpoint,0.31202477546741136,0.3331390851564511,173,44
343,24,False,False,True,midpoint_with_inhaler,0.31202477546741136,0.3331390851564511,173,45
343,24,False,False,True,upper_bound,0.31202477546741136,0.32799268604029097,173,46
343,24,False,False,True,upper_bound_with_inhaler,0.31202477546741136,0.32799268604029097,173,47
343,24,False,True,False,one_hot,0.1377557747992427,0.13775577479924275,173,48
343,24,False,True,False,lower_bound,0.13524897555049084,0.11630989992865871,173,49
343,24,False,True,False,midpoint,0.13524897555049084,0.12432284552671347,173,50
343,24,False,True,False,midpoint_with_inhaler,0.13524897555049084,0.12432284552671347,173,51
343,24,False,True,False,upper_bound,0.13524897555049084,0.1280879415238975,173,52
343,24,False,True,False,upper_bound_with_inhaler,0.13524897555049084,0.1280879415238975,173,53
343,24,False,True,True,one_hot,0.1377557747992427,0.13775577479924275,173,54
343,24,False,True,True,lower_bound,0.13524897555049084,0.11630989992865871,173,55
343,24,False,True,True,midpoint,0.13524897555049084,0.12432284552671347,173,56
343,24,False,True,True,midpoint_with_inhaler,0.13524897555049084,0.12432284552671347,173,57
343,24,False,True,True,upper_bound,0.13524897555049084,0.1280879415238975,173,58
343,24,False,True,True,upper_bound_with_inhaler,0.13524897555049084,0.1280879415238975,173,59
343,24,True,False,False,one_hot,0.30533087054064295,0.30533087054064284,173,60
343,24,True,False,False,lower_bound,0.31202477546741136,0.34013922201629126,173,61
343,24,True,False,False,midpoint,0.31202477546741136,0.3331390851564511,173,62
343,24,True,False,False,midpoint_with_inhaler,0.31202477546741136,0.3331390851564511,173,63
343,24,True,False,False,upper_bound,0.31202477546741136,0.32799268604029097,173,64
343,24,True,False,False,upper_bound_with_inhaler,0.31202477546741136,0.32799268604029097,173,65
343,24,True,False,True,one_hot,0.30533087054064295,0.30533087054064284,173,66
343,24,True,False,True,lower_bound,0.31202477546741136,0.34013922201629126,173,67
343,24,True,False,True,midpoint,0.31202477546741136,0.3331390851564511,173,68
343,24,True,False,True,midpoint_with_inhaler,0.31202477546741136,0.3331390851564511,173,69
343,24,True,False,True,upper_bound,0.31202477546741136,0.32799268604029097,173,70
343,24,True,False,True,upper_bound_with_inhaler,0.31202477546741136,0.32799268604029097,173,71
343,36,False,False,False,one_hot,0.2524573883293505,0.2524573883293505,173,72
343,36,False,False,False,lower_bound,0.2615896990795574,0.291420021864618,173,73
343,36,False,False,False,midpoint,0.2615896990795574,0.28181783171689084,173,74
343,36,False,False,False,midpoint_with_inhaler,0.2615896990795574,0.28181783171689084,173,75
343,36,False,False,False,upper_bound,0.2615896990795574,0.275762079087524,173,76
343,36,False,False,False,upper_bound_with_inhaler,0.2615896990795574,0.275762079087524,173,77
343,36,False,False,True,one_hot,0.2524573883293505,0.2524573883293505,173,78
343,36,False,False,True,lower_bound,0.2615896990795574,0.291420021864618,173,79
343,36,False,False,True,midpoint,0.2615896990795574,0.28181783171689084,173,80
343,36,False,False,True,midpoint_with_inhaler,0.2615896990795574,0.28181783171689084,173,81
343,36,False,False,True,upper_bound,0.2615896990795574,0.275762079087524,173,82
343,36,False,False,True,upper_bound_with_inhaler,0.2615896990795574,0.275762079087524,173,83
343,36,True,False,False,one_hot,0.05037340865927115,0.05037340865927115,173,84
343,36,True,False,False,lower_bound,0.05037340865927115,0.05037340865927115,173,85
343,36,True,False,False,midpoint,0.05037340865927115,0.05037340865927112,173,86
343,36,True,False,False,midpoint_with_inhaler,0.05037340865927115,0.05037340865927112,173,87
343,36,True,False,False,upper_bound,0.05037340865927115,0.05037340865927115,173,88
343,36,True,False,False,upper_bound_with_inhaler,0.05037340865927115,0.05037340865927115,173,89
343,36,True,False,True,one_hot,0.05037340865927115,0.05037340865927115,173,90
343,36,True,False,True,lower_bound,0.05037340865927115,0.05037340865927115,173,91
343,36,True,False,True,midpoint,0.05037340865927115,0.05037340865927112,173,92
343,36,True,False,True,midpoint_with_inhaler,0.05037340865927115,0.05037340865927112,173,93
343,36,True,False,True,upper_bound,0.05037340865927115,0.05037340865927115,173,94
343,36,True,False,True,upper_bound_with_inhaler,0.05037340865927115,0.05037340865927115,173,95
343,48,False,False,False,one_hot,0.2020273442603444,0.20202734426034444,173,96
343,48,False,False,False,lower_bound,0.20185041278983892,0.18298136916834373,173,97
343,48,False,False,False,midpoint,0.20185041278983892,0.19328752076840855,173,98
343,48,False,False,False,midpoint_with_inhaler,0.20185041278983892,0.19328752076840855,173,99
343,48,False,False,False,upper_bound,0.20185041278983892,0.1974908419616127,173,100
343,48,False,False,False,upper_bound_with_inhaler,0.20185041278983892,0.1974908419616127,173,101
343,48,False,False,True,one_hot,0.2020273442603444,0.20202734426034444,173,102
343,48,False,False,True,lower_bound,0.20185041278983892,0.18298136916834373,173,103
343,48,False,False,True,midpoint,0.20185041278983892,0.19328752076840855,173,104
343,48,False,False,True,midpoint_with_inhaler,0.20185041278983892,0.19328752076840855,173,105
343,48,False,False,True,upper_bound,0.20185041278983892,0.1974908419616127,173,106
343,48,False,False,True,upper_bound_with_inhaler,0.20185041278983892,0.1974908419616127,173,107
343,48,False,True,False,one_hot,0.1331351748846296,0.13313517488462956,173,108
343,48,False,True,False,lower_bound,0.1331351748846296,0.13313517488462956,173,109
343,48,False,True,False,midpoint,0.1331351748846296,0.13313517488462956,173,110
343,48,False,True,False,midpoint_with_inhaler,0.1331351748846296,0.13313517488462956,173,111
343,48,False,True,False,upper_bound,0.1331351748846296,0.13313517488462956,173,112
343,48,False,True,False,upper_bound_with_inhaler,0.1331351748846296,0.13313517488462956,173,113
343,48,False,True,True,one_hot,0.1331351748846296,0.13313517488462956,173,114
343,48,False,True,True,lower_bound,0.1331351748846296,0.13313517488462956,173,115
343,48,False,True,True,midpoint,0.1331351748846296,0.13313517488462956,173,116
343,48,False,True,True,midpoint_with_inhaler,0.1331351748846296,0.13313517488462956,173,117
343,48,False,True,True,upper_bound,0.1331351748846296,0.13313517488462956,173,118
343,48,False,True,True,upper_bound_with_inhaler,0.1331351748846296,0.13313517488462956,173,119
343,48,True,False,False,one_hot,0.11296430532006961,0.11296430532006961,173,120
343,48,True,False,False,lower_bound,0.11069402825625757,0.09334588649942467,173,121
343,48,True,False,False,midpoint,0.11069402825625757,0.10054703549213764,173,122
343,48,True,False,False,midpoint_with_inhaler,0.11069402825625757,0.10054703549213764,173,123
343,48,True,False,False,upper_bound,0.11069402825625757,0.10397199164160548,173,124
343,48,True,False,False,upper_bound_with_inhaler,0.11069402825625757,0.10397199164160548,173,125
343,48,True,False,True,one_hot,0.11296430532006961,0.11296430532006961,173,126
343,48,True,False,True,lower_bound,0.11069402825625757,0.09334588649942467,173,127
343,48,True,False,True,midpoint,0.11069402825625757,0.10054703549213764,173,128
343,48,True,False,True,midpoint_with_inhaler,0.11069402825625757,0.10054703549213764,173,129
343,48,True,False,True,upper_bound,0.11069402825625757,0.10397199164160548,173,130
343,48,True,False,True,upper_bound_with_inhaler,0.11069402825625757,0.10397199164160548,173,131
398,12,False,False,False,one_hot,0.1700280159993189,0.1700280159993189,25,0
398,12,False,False,False,lower_bound,0.1700280159993189,0.1700280159993189,25,1
398,12,False,False,False,midpoint,0.1700280159993189,0.17002801599931885,25,2
398,12,False,False,False,midpoint_with_inhaler,0.1700280159993189,0.17002801599931885,25,3
398,12,False,False,False,upper_bound,0.1700280159993189,0.1700280159993189,25,4
398,12,False,False,False,upper_bound_with_inhaler,0.1700280159993189,0.1700280159993189,25,5
398,12,False,False,True,one_hot,0.1700280159993189,0.1700280159993189,25,6
398,12,False,False,True,lower_bound,0.1700280159993189,0.1700280159993189,25,7
398,12,False,False,True,midpoint,0.1700280159993189,0.17002801599931885,25,8
398,12,False,False,True,midpoint_with_inhaler,0.1700280159993189,0.17002801599931885,25,9
398,12,False,False,True,upper_bound,0.1700280159993189,0.1700280159993189,25,10
398,12,False,False,True,upper_bound_with_inhaler,0.1700280159993189,0.1700280159993189,25,11
398,12,False,True,False,one_hot,-0.1344346739158306,-0.13443467391583064,25,12
398,12,False,True,False,lower_bound,-0.1344346739158306,-0.13443467391583064,25,13
398,12,False,True,False,midpoint,-0.1344346739158306,-0.1344346739158306,25,14
398,12,False,True,False,midpoint_with_inhaler,-0.1344346739158306,-0.1344346739158306,25,15
398,12,False,True,False,upper_bound,-0.1344346739158306,-0.13443467391583064,25,16
398,12,False,True,False,upper_bound_with_inhaler,-0.1344346739158306,-0.13443467391583064,25,17
398,12,False,True,True,one_hot,-0.1344346739158306,-0.13443467391583064,25,18
398,12,False,True,True,lower_bound,-0.1344346739158306,-0.13443467391583064,25,19
398,12,False,True,True,midpoint,-0.1344346739158306,-0.1344346739158306,25,20
398,12,False,True,True,midpoint_with_inhaler,-0.1344346739158306,-0.1344346739158306,25,21
398,12,False,True,True,upper_bound,-0.1344346739158306,-0.13443467391583064,25,22
398,12,False,True,True,upper_bound_with_inhaler,-0.1344346739158306,-0.13443467391583064,25,23
398,12,True,False,False,one_hot,-0.12798807561661013,-0.1279880756166101,25,24
398,12,True,False,False,lower_bound,-0.1418019000878199,-0.14550515166861133,25,25
398,12,True,False,False,midpoint,-0.1418019000878199,-0.1463710827204676,25,26
398,12,True,False,False,midpoint_with_inhaler,-0.1418019000878199,-0.1463710827204676,25,27
398,12,True,False,False,upper_bound,-0.1418019000878199,-0.14501260370286811,25,28
398,12,True,False,False,upper_bound_with_inhaler,-0.1418019000878199,-0.14501260370286811,25,29
398,12,True,False,True,one_hot,-0.12798807561661013,-0.1279880756166101,25,30
398,12,True,False,True,lower_bound,-0.1418019000878199,-0.14550515166861133,25,31
398,12,True,False,True,midpoint,-0.1418019000878199,-0.1463710827204676,25,32
398,12,True,False,True,midpoint_with_inhaler,-0.1418019000878199,-0.1463710827204676,25,33
398,12,True,False,True,upper_bound,-0.1418019000878199,-0.14501260370286811,25,34
398,12,True,False,True,upper_bound_with_inhaler,-0.1418019000878199,-0.14501260370286811,25,35
398,24,False,False,False,one_hot,0.3398313641010903,0.3398313641010904,25,36
398,24,False,False,False,lower_bound,0.4508252522597781,0.5658049607731235,25,37
398,24,False,False,False,midpoint,0.4508252522597781,0.5244247534310659,25,38
398,24,False,False,False,midpoint_with_inhaler,0.4508252522597781,0.5244247534310659,25,39
398,24,False,False,False,upper_bound,0.4508252522597781,0.49226791474318415,25,40
398,24,False,False,False,upper_bound_with_inhaler,0.4508252522597781,0.49226791474318415,25,41
398,24,False,False,True,one_hot,0.3398313641010903,0.3398313641010904,25,42
398,24,False,False,True,lower_bound,0.4508252522597781,0.5658049607731235,25,43
398,24,False,False,True,midpoint,0.4508252522597781,0.5244247534310659,25,44
398,24,False,False,True,midpoint_with_inhaler,0.4508252522597781,0.5244247534310659,25,45
398,24,False,False,True,upper_bound,0.4508252522597781,0.49226791474318415,25,46
398,24,False,False,True,upper_bound_with_inhaler,0.4508252522597781,0.49226791474318415,25,47
398,24,False,True,False,one_hot,0.24039000136460484,0.2403900013646048,25,48
398,24,False,True,False,lower_bound,0.24039000136460484,0.2403900013646048,25,49
398,24,False,True,False,midpoint,0.24039000136460484,0.2403900013646048,25,50
398,24,False,True,False,midpoint_with_inhaler,0.24039000136460484,0.2403900013646048,25,51
398,24,False,True,False,upper_bound,0.24039000136460484,0.2403900013646048,25,52
398,24,False,True,False,upper_bound_with_inhaler,0.24039000136460484,0.2403900013646048,25,53
398,24,False,True,True,one_hot,0.24039000136460484,0.2403900013646048,25,54
398,24,False,True,True,lower_bound,0.24039000136460484,0.2403900013646048,25,55
398,24,False,True,True,midpoint,0.24039000136460484,0.2403900013646048,25,56
398,24,False,True,True,midpoint_with_inhaler,0.24039000136460484,0.2403900013646048,25,57
398,24,False,True,True,upper_bound,0.24039000136460484,0.2403900013646048,25,58
398,24,False,True,True,upper_bound_with_inhaler,0.24039000136460484,0.2403900013646048,25,59
398,24,True,False,False,one_hot,0.3398313641010903,0.3398313641010904,25,60
398,24,True,False,False,lower_bound,0.4508252522597781,0.5658049607731235,25,61
398,24,True,False,False,midpoint,0.4508252522597781,0.5244247534310659,25,62
398,24,True,False,False,midpoint_with_inhaler,0.4508252522597781,0.5244247534310659,25,63
398,24,True,False,False,upper_bound,0.4508252522597781,0.49226791474318415,25,64
398,24,True,False,False,upper_bound_with_inhaler,0.4508252522597781,0.49226791474318415,25,65
398,24,True,False,True,one_hot,0.3398313641010903,0.3398313641010904,25,66
398,24,True,False,True,lower_bound,0.4508252522597781,0.5658049607731235,25,67
398,24,True,False,True,midpoint,0.4508252522597781,0.5244247534310659,25,68
398,24,True,False,True,midpoint_with_inhaler,0.4508252522597781,0.5244247534310659,25,69
398,24,True,False,True,upper_bound,0.4508252522597781,0.49226791474318415,25,70
398,24,True,False,True,upper_bound_with_inhaler,0.4508252522597781,0.49226791474318415,25,71
398,36,False,False,False,one_hot,0.2503586145588893,0.2503586145588893,25,72
398,36,False,False,False,lower_bound,0.2503586145588893,0.2503586145588893,25,73
398,36,False,False,False,midpoint,0.2503586145588893,0.2503586145588893,25,74
398,36,False,False,False,midpoint_with_inhaler,0.2503586145588893,0.2503586145588893,25,75
398,36,False,False,False,upper_bound,0.2503586145588893,0.2503586145588893,25,76
398,36,False,False,False,upper_bound_with_inhaler,0.2503586145588893,0.2503586145588893,25,77
398,36,False,False,True,one_hot,0.2503586145588893,0.2503586145588893,25,78
398,36,False,False,True,lower_bound,0.2503586145588893,0.2503586145588893,25,79
398,36,False,False,True,midpoint,0.2503586145588893,0.2503586145588893,25,80
398,36,False,False,True,midpoint_with_inhaler,0.2503586145588893,0.2503586145588893,25,81
398,36,False,False,True,upper_bound,0.2503586145588893,0.2503586145588893,25,82
398,36,False,False,True,upper_bound_with_inhaler,0.2503586145588893,0.2503586145588893,25,83
398,36,True,False,False,one_hot,0.16863324630844803,0.1686332463084481,25,84
398,36,True,False,False,lower_bound,0.13834016394833087,0.0701116477722841,25,85
398,36,True,False,False,midpoint,0.13834016394833087,0.09951742853082005,25,86
398,36,True,False,False,midpoint_with_inhaler,0.13834016394833087,0.09951742853082005,25,87
398,36,True,False,False,upper_bound,0.13834016394833087,0.1162483448627708,25,88
398,36,True,False,False,upper_bound_with_inhaler,0.13834016394833087,0.1162483448627708,25,89
398,36,True,False,True,one_hot,0.16863324630844803,0.1686332463084481,25,90
398,36,True,False,True,lower_bound,0.13834016394833087,0.0701116477722841,25,91
398,36,True,False,True,midpoint,0.13834016394833087,0.09951742853082005,25,92
398,36,True,False,True,midpoint_with_inhaler,0.13834016394833087,0.09951742853082005,25,93
398,36,True,False,True,upper_bound,0.13834016394833087,0.1162483448627708,25,94
398,36,True,False,True,upper_bound_with_inhaler,0.13834016394833087,0.1162483448627708,25,95
398,48,False,False,False,one_hot,0.22178412719255766,0.22178412719255758,25,96
398,48,False,False,False,lower_bound,0.07369435447535488,-0.02119836990940701,25,97
398,48,False,False,False,midpoint,0.07369435447535488,0.027213193748885752,25,98
398,48,False,False,False,midpoint_with_inhaler,0.07369435447535488,0.027213193748885752,25,99
398,48,False,False,False,upper_bound,0.07369435447535488,0.062428945369191004,25,100
398,48,False,False,False,upper_bound_with_inhaler,0.07369435447535488,0.062428945369191004,25,101
398,48,False,False,True,one_hot,0.22178412719255766,0.22178412719255758,25,102
398,48,False,False,True,lower_bound,0.07369435447535488,-0.02119836990940701,25,103
398,48,False,False,True,midpoint,0.07369435447535488,0.027213193748885752,25,104
398,48,False,False,True,midpoint_with_inhaler,0.07369435447535488,0.027213193748885752,25,105
398,48,False,False,True,upper_bound,0.07369435447535488,0.062428945369191004,25,106
398,48,False,False,True,upper_bound_with_inhaler,0.07369435447535488,0.062428945369191004,25,107
398,48,False,True,False,one_hot,0.13443467391583064,0.13443467391583067,25,108
398,48,False,True,False,lower_bound,0.13443467391583064,0.13443467391583067,25,109
398,48,False,True,False,midpoint,0.13443467391583064,0.13443467391583064,25,110
398,48,False,True,False,midpoint_with_inhaler,0.13443467391583064,0.13443467391583064,25,111
398,48,False,True,False,upper_bound,0.13443467391583064,0.13443467391583067,25,112
398,48,False,True,False,upper_bound_with_inhaler,0.13443467391583064,0.13443467391583067,25,113
398,48,False,True,True,one_hot,0.13443467391583064,0.13443467391583067,25,114
398,48,False,True,True,lower_bound,0.13443467391583064,0.13443467391583067,25,115
398,48,False,True,True,midpoint,0.13443467391583064,0.13443467391583064,25,116
398,48,False,True,True,midpoint_with_inhaler,0.13443467391583064,0.13443467391583064,25,117
398,48,False,True,True,upper_bound,0.13443467391583064,0.13443467391583067,25,118
398,48,False,True,True,upper_bound_with_inhaler,0.13443467391583064,0.13443467391583067,25,119
398,48,True,False,False,one_hot,0.2036923847888907,0.20369238478889082,25,120
398,48,True,False,False,lower_bound,0.2036923847888907,0.20369238478889082,25,121
398,48,True,False,False,midpoint,0.2036923847888907,0.20369238478889082,25,122
398,48,True,False,False,midpoint_with_inhaler,0.2036923847888907,0.20369238478889082,25,123
398,48,True,False,False,upper_bound,0.2036923847888907,0.20369238478889082,25,124
398,48,True,False,False,upper_bound_with_inhaler,0.2036923847888907,0.20369238478889082,25,125
398,48,True,False,True,one_hot,0.2036923847888907,0.20369238478889082,25,126
398,48,True,False,True,lower_bound,0.2036923847888907,0.20369238478889082,25,127
398,48,True,False,True,midpoint,0.2036923847888907,0.20369238478889082,25,128
398,48,True,False,True,midpoint_with_inhaler,0.2036923847888907,0.20369238478889082,25,129
398,48,True,False,True,upper_bound,0.2036923847888907,0.20369238478889082,25,130
398,48,True,False,True,upper_bound_with_inhaler,0.2036923847888907,0.20369238478889082,25,131
447,12,False,False,False,one_hot,0.042218988250548,0.042218988250548005,99,0
447,12,False,False,False,lower_bound,0.016097516756708313,0.1032759799954408,99,1
447,12,False,False,False,midpoint,0.016097516756708313,0.06996743398887126,99,2
447,12,False,False,False,midpoint_with_inhaler,0.016097516756708313,0.06996743398887126,99,3
447,12,False,False,False,upper_bound,0.016097516756708313,0.04814550891571323,99,4
447,12,False,False,False,upper_bound_with_inhaler,0.016097516756708313,0.04814550891571323,99,5
447,12,False,False,True,one_hot,0.042218988250548,0.042218988250548005,99,6
447,12,False,False,True,lower_bound,0.016097516756708313,0.1032759799954408,99,7
447,12,False,False,True,midpoint,0.016097516756708313,0.06996743398887126,99,8
447,12,False,False,True,midpoint_with_inhaler,0.016097516756708313,0.06996743398887126,99,9
447,12,False,False,True,upper_bound,0.016097516756708313,0.04814550891571323,99,10
447,12,False,False,True,upper_bound_with_inhaler,0.016097516756708313,0.04814550891571323,99,11
447,12,False,True,False,one_hot,0.2706752920171726,0.2706752920171726,99,12
447,12,False,True,False,lower_bound,-0.0684970571540887,-0.07683468675461365,99,13
447,12,False,True,False,midpoint,-0.0684970571540887,-0.05930678150043925,99,14
447,12,False,True,False,midpoint_with_inhaler,-0.0684970571540887,-0.05930678150043925,99,15
447,12,False,True,False,upper_bound,-0.0684970571540887,-0.04462268033488433,99,16
447,12,False,True,False,upper_bound_with_inhaler,-0.0684970571540887,-0.04462268033488433,99,17
447,12,False,True,True,one_hot,0.2706752920171726,0.2706752920171726,99,18
447,12,False,True,True,lower_bound,-0.0684970571540887,-0.07683468675461365,99,19
447,12,False,True,True,midpoint,-0.0684970571540887,-0.05930678150043925,99,20
447,12,False,True,True,midpoint_with_inhaler,-0.0684970571540887,-0.05930678150043925,99,21
447,12,False,True,True,upper_bound,-0.0684970571540887,-0.04462268033488433,99,22
447,12,False,True,True,upper_bound_with_inhaler,-0.0684970571540887,-0.04462268033488433,99,23
447,12,True,False,False,one_hot,0.06579223327385575,0.06579223327385578,99,24
447,12,True,False,False,lower_bound,0.013606854491861074,0.07419434381686076,99,25
447,12,True,False,False,midpoint,0.013606854491861074,0.06625586921288955,99,26
447,12,True,False,False,midpoint_with_inhaler,0.013606854491861074,0.06625586921288955,99,27
447,12,True,False,False,upper_bound,0.013606854491861074,0.061742064933970435,99,28
447,12,True,False,False,upper_bound_with_inhaler,0.013606854491861074,0.061742064933970435,99,29
447,12,True,False,True,one_hot,0.06579223327385575,0.06579223327385578,99,30
447,12,True,False,True,lower_bound,0.013606854491861074,0.07419434381686076,99,31
447,12,True,False,True,midpoint,0.013606854491861074,0.06625586921288955,99,32
447,12,True,False,True,midpoint_with_inhaler,0.013606854491861074,0.06625586921288955,99,33
447,12,True,False,True,upper_bound,0.013606854491861074,0.061742064933970435,99,34
447,12,True,False,True,upper_bound_with_inhaler,0.013606854491861074,0.061742064933970435,99,35
447,24,False,False,False,one_hot,0.0017675809984975383,0.0017675809984975383,99,36
447,24,False,False,False,lower_bound,0.1510229337844371,0.27163272226964985,99,37
447,24,False,False,False,midpoint,0.1510229337844371,0.2376586393866629,99,38
447,24,False,False,False,midpoint_with_inhaler,0.1510229337844371,0.2376586393866629,99,39
447,24,False,False,False,upper_bound,0.1510229337844371,0.21266268015211565,99,40
447,24,False,False,False,upper_bound_with_inhaler,0.1510229337844371,0.21266268015211565,99,41
447,24,False,False,True,one_hot,0.0017675809984975383,0.0017675809984975383,99,42
447,24,False,False,True,lower_bound,0.1510229337844371,0.27163272226964985,99,43
447,24,False,False,True,midpoint,0.1510229337844371,0.2376586393866629,99,44
447,24,False,False,True,midpoint_with_inhaler,0.1510229337844371,0.2376586393866629,99,45
447,24,False,False,True,upper_bound,0.1510229337844371,0.21266268015211565,99,46
447,24,False,False,True,upper_bound_with_inhaler,0.1510229337844371,0.21266268015211565,99,47
447,24,False,True,False,one_hot,0.16251172456600332,0.16251172456600332,99,48
447,24,False,True,False,lower_bound,-0.057796363700167795,0.13428479751309588,99,49
447,24,False,True,False,midpoint,-0.057796363700167795,0.08696446719734831,99,50
447,24,False,True,False,midpoint_with_inhaler,-0.057796363700167795,0.08696446719734831,99,51
447,24,False,True,False,upper_bound,-0.057796363700167795,0.055010548779020334,99,52
447,24,False,True,False,upper_bound_with_inhaler,-0.057796363700167795,0.055010548779020334,99,53
447,24,False,True,True,one_hot,0.16251172456600332,0.16251172456600332,99,54
447,24,False,True,True,lower_bound,-0.057796363700167795,0.13428479751309588,99,55
447,24,False,True,True,midpoint,-0.057796363700167795,0.08696446719734831,99,56
447,24,False,True,True,midpoint_with_inhaler,-0.057796363700167795,0.08696446719734831,99,57
447,24,False,True,True,upper_bound,-0.057796363700167795,0.055010548779020334,99,58
447,24,False,True,True,upper_bound_with_inhaler,-0.057796363700167795,0.055010548779020334,99,59
447,24,True,False,False,one_hot,0.0017675809984975383,0.0017675809984975383,99,60
447,24,True,False,False,lower_bound,0.1510229337844371,0.27163272226964985,99,61
447,24,True,False,False,midpoint,0.1510229337844371,0.2376586393866629,99,62
447,24,True,False,False,midpoint_with_inhaler,0.1510229337844371,0.2376586393866629,99,63
447,24,True,False,False,upper_bound,0.1510229337844371,0.21266268015211565,99,64
447,24,True,False,False,upper_bound_with_inhaler,0.1510229337844371,0.21266268015211565,99,65
447,24,True,False,True,one_hot,0.0017675809984975383,0.0017675809984975383,99,66
447,24,True,False,True,lower_bound,0.1510229337844371,0.27163272226964985,99,67
447,24,True,False,True,midpoint,0.1510229337844371,0.2376586393866629,99,68
447,24,True,False,True,midpoint_with_inhaler,0.1510229337844371,0.2376586393866629,99,69
447,24,True,False,True,upper_bound,0.1510229337844371,0.21266268015211565,99,70
447,24,True,False,True,upper_bound_with_inhaler,0.1510229337844371,0.21266268015211565,99,71
447,36,False,False,False,one_hot,0.018295594631686327,0.018295594631686313,99,72
447,36,False,False,False,lower_bound,0.011494540897895273,0.18073655712337935,99,73
447,36,False,False,False,midpoint,0.011494540897895273,0.15902697918279157,99,74
447,36,False,False,False,midpoint_with_inhaler,0.011494540897895273,0.15902697918279157,99,75
447,36,False,False,False,upper_bound,0.011494540897895273,0.14484986082135673,99,76
447,36,False,False,False,upper_bound_with_inhaler,0.011494540897895273,0.14484986082135673,99,77
447,36,False,False,True,one_hot,0.018295594631686327,0.018295594631686313,99,78
447,36,False,False,True,lower_bound,0.011494540897895273,0.18073655712337935,99,79
447,36,False,False,True,midpoint,0.011494540897895273,0.15902697918279157,99,80
447,36,False,False,True,midpoint_with_inhaler,0.011494540897895273,0.15902697918279157,99,81
447,36,False,False,True,upper_bound,0.011494540897895273,0.14484986082135673,99,82
447,36,False,False,True,upper_bound_with_inhaler,0.011494540897895273,0.14484986082135673,99,83
447,36,True,False,False,one_hot,0.18715830166191605,0.18715830166191605,99,84
447,36,True,False,False,lower_bound,0.10143628335653267,0.2737941637614027,99,85
447,36,True,False,False,midpoint,0.10143628335653267,0.23270625474228795,99,86
447,36,True,False,False,midpoint_with_inhaler,0.10143628335653267,0.23270625474228795,99,87
447,36,True,False,False,upper_bound,0.10143628335653267,0.20239119481029288,99,88
447,36,True,False,False,upper_bound_with_inhaler,0.10143628335653267,0.20239119481029288,99,89
447,36,True,False,True,one_hot,0.18715830166191605,0.18715830166191605,99,90
447,36,True,False,True,lower_bound,0.10143628335653267,0.2737941637614027,99,91
447,36,True,False,True,midpoint,0.10143628335653267,0.23270625474228795,99,92
447,36,True,False,True,midpoint_with_inhaler,0.10143628335653267,0.23270625474228795,99,93
447,36,True,False,True,upper_bound,0.10143628335653267,0.20239119481029288,99,94
447,36,True,False,True,upper_bound_with_inhaler,0.10143628335653267,0.20239119481029288,99,95
447,48,False,False,False,one_hot,0.33609766421180276,0.33609766421180276,99,96
447,48,False,False,False,lower_bound,-0.06554714870683104,0.0884731330631518,99,97
447,48,False,False,False,midpoint,-0.06554714870683104,0.06946208157766243,99,98
447,48,False,False,False,midpoint_with_inhaler,-0.06554714870683104,0.06946208157766243,99,99
447,48,False,False,False,upper_bound,-0.06554714870683104,0.05655461637174452,99,100
447,48,False,False,False,upper_bound_with_inhaler,-0.06554714870683104,0.05655461637174452,99,101
447,48,False,False,True,one_hot,0.33609766421180276,0.33609766421180276,99,102
447,48,False,False,True,lower_bound,-0.06554714870683104,0.0884731330631518,99,103
447,48,False,False,True,midpoint,-0.06554714870683104,0.06946208157766243,99,104
447,48,False,False,True,midpoint_with_inhaler,-0.06554714870683104,0.06946208157766243,99,105
447,48,False,False,True,upper_bound,-0.06554714870683104,0.05655461637174452,99,106
447,48,False,False,True,upper_bound_with_inhaler,-0.06554714870683104,0.05655461637174452,99,107
447,48,False,True,False,one_hot,-0.05270659335343609,-0.052706593353436075,99,108
447,48,False,True,False,lower_bound,-0.057701062383592204,-0.03665924909149081,99,109
447,48,False,True,False,midpoint,-0.057701062383592204,-0.027160530971689488,99,110
447,48,False,True,False,midpoint_with_inhaler,-0.057701062383592204,-0.027160530971689488,99,111
447,48,False,True,False,upper_bound,-0.057701062383592204,-0.020289981554785185,99,112
447,48,False,True,False,upper_bound_with_inhaler,-0.057701062383592204,-0.020289981554785185,99,113
447,48,False,True,True,one_hot,-0.05270659335343609,-0.052706593353436075,99,114
447,48,False,True,True,lower_bound,-0.057701062383592204,-0.03665924909149081,99,115
447,48,False,True,True,midpoint,-0.057701062383592204,-0.027160530971689488,99,116
447,48,False,True,True,midpoint_with_inhaler,-0.057701062383592204,-0.027160530971689488,99,117
447,48,False,True,True,upper_bound,-0.057701062383592204,-0.020289981554785185,99,118
447,48,False,True,True,upper_bound_with_inhaler,-0.057701062383592204,-0.020289981554785185,99,119
447,48,True,False,False,one_hot,0.08950096438687935,0.08950096438687935,99,120
447,48,True,False,False,lower_bound,-0.07059717512509794,-0.06610605069317228,99,121
447,48,True,False,False,midpoint,-0.07059717512509794,-0.04776240090254246,99,122
447,48,True,False,False,midpoint_with_inhaler,-0.07059717512509794,-0.04776240090254246,99,123
447,48,True,False,False,upper_bound,-0.07059717512509794,-0.0356888708349492,99,124
447,48,True,False,False,upper_bound_with_inhaler,-0.07059717512509794,-0.0356888708349492,99,125
447,48,True,False,True,one_hot,0.08950096438687935,0.08950096438687935,99,126
447,48,True,False,True,lower_bound,-0.07059717512509794,-0.06610605069317228,99,127
447,48,True,False,True,midpoint,-0.07059717512509794,-0.04776240090254246,99,128
447,48,True,False,True,midpoint_with_inhaler,-0.07059717512509794,-0.04776240090254246,99,129
447,48,True,False,True,upper_bound,-0.07059717512509794,-0.0356888708349492,99,130
447,48,True,False,True,upper_bound_with_inhaler,-0.07059717512509794,-0.0356888708349492,99,131
454,12,False,False,False,one_hot,-0.3465735902799726,-0.34657359027997264,10,0
454,12,False,False,False,lower_bound,-1.0898381750976402,-1.0778644452916597,10,1
454,12,False,False,False,midpoint,-1.0898381750976402,-1.0201284608549734,10,2
454,12,False,False,False,midpoint_with_inhaler,-1.0898381750976402,-1.0201284608549734,10,3
454,12,False,False,False,upper_bound,-1.0898381750976402,-0.9624236501192066,10,4
454,12,False,False,False,upper_bound_with_inhaler,-1.0898381750976402,-0.9624236501192066,10,5
454,12,False,False,True,one_hot,-0.3465735902799726,-0.34657359027997264,10,6
454,12,False,False,True,lower_bound,-1.0898381750976402,-1.0778644452916597,10,7
454,12,False,False,True,midpoint,-1.0898381750976402,-1.0201284608549734,10,8
454,12,False,False,True,midpoint_with_inhaler,-1.0898381750976402,-1.0201284608549734,10,9
454,12,False,False,True,upper_bound,-1.0898381750976402,-0.9624236501192066,10,10
454,12,False,False,True,upper_bound_with_inhaler,-1.0898381750976402,-0.9624236501192066,10,11
454,12,False,True,False,one_hot,-0.22178412719255758,-0.2217841271925576,10,12
454,12,False,True,False,lower_bound,0.12105560943424333,0.24962116204019702,10,13
454,12,False,True,False,midpoint,0.12105560943424333,0.17026431866782907,10,14
454,12,False,True,False,midpoint_with_inhaler,0.12105560943424333,0.17026431866782907,10,15
454,12,False,True,False,upper_bound,0.12105560943424333,0.1068846039765279,10,16
454,12,False,True,False,upper_bound_with_inhaler,0.12105560943424333,0.1068846039765279,10,17
454,12,False,True,True,one_hot,-0.22178412719255758,-0.2217841271925576,10,18
454,12,False,True,True,lower_bound,0.12105560943424333,0.24962116204019702,10,19
454,12,False,True,True,midpoint,0.12105560943424333,0.17026431866782907,10,20
454,12,False,True,True,midpoint_with_inhaler,0.12105560943424333,0.17026431866782907,10,21
454,12,False,True,True,upper_bound,0.12105560943424333,0.1068846039765279,10,22
454,12,False,True,True,upper_bound_with_inhaler,0.12105560943424333,0.1068846039765279,10,23
454,12,True,False,False,one_hot,-0.2792011082900237,-0.27920110829002365,10,24
454,12,True,False,False,lower_bound,0.08150500884976629,0.07201273984753978,10,25
454,12,True,False,False,midpoint,0.08150500884976629,0.033098192088239185,10,26
454,12,True,False,False,midpoint_with_inhaler,0.08150500884976629,0.033098192088239185,10,27
454,12,True,False,False,upper_bound,0.08150500884976629,0.0,10,28
454,12,True,False,False,upper_bound_with_inhaler,0.08150500884976629,0.0,10,29
454,12,True,False,True,one_hot,-0.2792011082900237,-0.27920110829002365,10,30
454,12,True,False,True,lower_bound,0.08150500884976629,0.07201273984753978,10,31
454,12,True,False,True,midpoint,0.08150500884976629,0.033098192088239185,10,32
454,12,True,False,True,midpoint_with_inhaler,0.08150500884976629,0.033098192088239185,10,33
454,12,True,False,True,upper_bound,0.08150500884976629,0.0,10,34
454,12,True,False,True,upper_bound_with_inhaler,0.08150500884976629,0.0,10,35
454,24,False,False,False,one_hot,-0.1682361183106065,-0.16823611831060645,10,36
454,24,False,False,False,lower_bound,-0.5230555723242406,-0.4905626578274587,10,37
454,24,False,False,False,midpoint,-0.5230555723242406,-0.46939510322421824,10,38
454,24,False,False,False,midpoint_with_inhaler,-0.5230555723242406,-0.46939510322421824,10,39
454,24,False,False,False,upper_bound,-0.5230555723242406,-0.4419112241995687,10,40
454,24,False,False,False,upper_bound_with_inhaler,-0.5230555723242406,-0.4419112241995687,10,41
454,24,False,False,True,one_hot,-0.1682361183106065,-0.16823611831060645,10,42
454,24,False,False,True,lower_bound,-0.5230555723242406,-0.4905626578274587,10,43
454,24,False,False,True,midpoint,-0.5230555723242406,-0.46939510322421824,10,44
454,24,False,False,True,midpoint_with_inhaler,-0.5230555723242406,-0.46939510322421824,10,45
454,24,False,False,True,upper_bound,-0.5230555723242406,-0.4419112241995687,10,46
454,24,False,False,True,upper_bound_with_inhaler,-0.5230555723242406,-0.4419112241995687,10,47
454,24,False,True,False,one_hot,-0.1682361183106065,-0.1682361183106064,10,48
454,24,False,True,False,lower_bound,0.17757769212985586,0.2313736792773465,10,49
454,24,False,True,False,midpoint,0.17757769212985586,0.1832996825609489,10,50
454,24,False,True,False,midpoint_with_inhaler,0.17757769212985586,0.1832996825609489,10,51
454,24,False,True,False,upper_bound,0.17757769212985586,0.13930327192495387,10,52
454,24,False,True,False,upper_bound_with_inhaler,0.17757769212985586,0.13930327192495387,10,53
454,24,False,True,True,one_hot,-0.1682361183106065,-0.1682361183106064,10,54
454,24,False,True,True,lower_bound,0.17757769212985586,0.2313736792773465,10,55
454,24,False,True,True,midpoint,0.17757769212985586,0.1832996825609489,10,56
454,24,False,True,True,midpoint_with_inhaler,0.17757769212985586,0.1832996825609489,10,57
454,24,False,True,True,upper_bound,0.17757769212985586,0.13930327192495387,10,58
454,24,False,True,True,upper_bound_with_inhaler,0.17757769212985586,0.13930327192495387,10,59
454,24,True,False,False,one_hot,-0.1682361183106065,-0.16823611831060645,10,60
454,24,True,False,False,lower_bound,-0.5230555723242406,-0.4905626578274587,10,61
454,24,True,False,False,midpoint,-0.5230555723242406,-0.46939510322421824,10,62
454,24,True,False,False,midpoint_with_inhaler,-0.5230555723242406,-0.46939510322421824,10,63
454,24,True,False,False,upper_bound,-0.5230555723242406,-0.4419112241995687,10,64
454,24,True,False,False,upper_bound_with_inhaler,-0.5230555723242406,-0.4419112241995687,10,65
454,24,True,False,True,one_hot,-0.1682361183106065,-0.16823611831060645,10,66
454,24,True,False,True,lower_bound,-0.5230555723242406,-0.4905626578274587,10,67
454,24,True,False,True,midpoint,-0.5230555723242406,-0.46939510322421824,10,68
454,24,True,False,True,midpoint_with_inhaler,-0.5230555723242406,-0.46939510322421824,10,69
454,24,True,False,True,upper_bound,-0.5230555723242406,-0.4419112241995687,10,70
454,24,True,False,True,upper_bound_with_inhaler,-0.5230555723242406,-0.4419112241995687,10,71
454,36,False,False,False,one_hot,-0.11157177565710485,-0.11157177565710488,10,72
454,36,False,False,False,lower_bound,-0.2564773759020525,-0.10596865134999389,10,73
454,36,False,False,False,midpoint,-0.2564773759020525,-0.04122362101332834,10,74
454,36,False,False,False,midpoint_with_inhaler,-0.2564773759020525,-0.04122362101332834,10,75
454,36,False,False,False,upper_bound,-0.2564773759020525,6.938893903907228e-18,10,76
454,36,False,False,False,upper_bound_with_inhaler,-0.2564773759020525,6.938893903907228e-18,10,77
454,36,False,False,True,one_hot,-0.11157177565710485,-0.11157177565710488,10,78
454,36,False,False,True,lower_bound,-0.2564773759020525,-0.10596865134999389,10,79
454,36,False,False,True,midpoint,-0.2564773759020525,-0.04122362101332834,10,80
454,36,False,False,True,midpoint_with_inhaler,-0.2564773759020525,-0.04122362101332834,10,81
454,36,False,False,True,upper_bound,-0.2564773759020525,6.938893903907228e-18,10,82
454,36,False,False,True,upper_bound_with_inhaler,-0.2564773759020525,6.938893903907228e-18,10,83
454,36,True,False,False,one_hot,0.8047189562170504,0.8047189562170495,10,84
454,36,True,False,False,lower_bound,0.5333848765254328,0.541538731673847,10,85
454,36,True,False,False,midpoint,0.5333848765254328,0.5255697737131205,10,86
454,36,True,False,False,midpoint_with_inhaler,0.5333848765254328,0.5255697737131205,10,87
454,36,True,False,False,upper_bound,0.5333848765254328,0.5156264509435263,10,88
454,36,True,False,False,upper_bound_with_inhaler,0.5333848765254328,0.5156264509435263,10,89
454,36,True,False,True,one_hot,0.8047189562170504,0.8047189562170495,10,90
454,36,True,False,True,lower_bound,0.5333848765254328,0.541538731673847,10,91
454,36,True,False,True,midpoint,0.5333848765254328,0.5255697737131205,10,92
454,36,True,False,True,midpoint_with_inhaler,0.5333848765254328,0.5255697737131205,10,93
454,36,True,False,True,upper_bound,0.5333848765254328,0.5156264509435263,10,94
454,36,True,False,True,upper_bound_with_inhaler,0.5333848765254328,0.5156264509435263,10,95
454,48,False,False,False,one_hot,,,10,96
454,48,False,False,False,lower_bound,0.49251466406171257,0.48632164045098847,10,97
454,48,False,False,False,midpoint,0.49251466406171257,0.46717319278677183,10,98
454,48,False,False,False,midpoint_with_inhaler,0.49251466406171257,0.46717319278677183,10,99
454,48,False,False,False,upper_bound,0.49251466406171257,0.4405336215299342,10,100
454,48,False,False,False,upper_bound_with_inhaler,0.49251466406171257,0.4405336215299342,10,101
454,48,False,False,True,one_hot,,,10,102
454,48,False,False,True,lower_bound,0.49251466406171257,0.48632164045098847,10,103
454,48,False,False,True,midpoint,0.49251466406171257,0.46717319278677183,10,104
454,48,False,False,True,midpoint_with_inhaler,0.49251466406171257,0.46717319278677183,10,105
454,48,False,False,True,upper_bound,0.49251466406171257,0.4405336215299342,10,106
454,48,False,False,True,upper_bound_with_inhaler,0.49251466406171257,0.4405336215299342,10,107
454,48,False,True,False,one_hot,-0.1682361183106065,-0.1682361183106064,10,108
454,48,False,True,False,lower_bound,-0.4349640964470501,-0.3970414913793343,10,109
454,48,False,True,False,midpoint,-0.4349640964470501,-0.4726245161025615,10,110
454,48,False,True,False,midpoint_with_inhaler,-0.4349640964470501,-0.4726245161025615,10,111
454,48,False,True,False,upper_bound,-0.4349640964470501,-0.5118746150936736,10,112
454,48,False,True,False,upper_bound_with_inhaler,-0.4349640964470501,-0.5118746150936736,10,113
454,48,False,True,True,one_hot,-0.1682361183106065,-0.1682361183106064,10,114
454,48,False,True,True,lower_bound,-0.4349640964470501,-0.3970414913793343,10,115
454,48,False,True,True,midpoint,-0.4349640964470501,-0.4726245161025615,10,116
454,48,False,True,True,midpoint_with_inhaler,-0.4349640964470501,-0.4726245161025615,10,117
454,48,False,True,True,upper_bound,-0.4349640964470501,-0.5118746150936736,10,118
454,48,False,True,True,upper_bound_with_inhaler,-0.4349640964470501,-0.5118746150936736,10,119
454,48,True,False,False,one_hot,-0.11157177565710484,-0.11157177565710488,10,120
454,48,True,False,False,lower_bound,-0.1478943299923847,-0.1296056617532378,10,121
454,48,True,False,False,midpoint,-0.1478943299923847,-0.2024609576908176,10,122
454,48,True,False,False,midpoint_with_inhaler,-0.1478943299923847,-0.2024609576908176,10,123
454,48,True,False,False,upper_bound,-0.1478943299923847,-0.25376228905381204,10,124
454,48,True,False,False,upper_bound_with_inhaler,-0.1478943299923847,-0.25376228905381204,10,125
454,48,True,False,True,one_hot,-0.11157177565710484,-0.11157177565710488,10,126
454,48,True,False,True,lower_bound,-0.1478943299923847,-0.1296056617532378,10,127
454,48,True,False,True,midpoint,-0.1478943299923847,-0.2024609576908176,10,128
454,48,True,False,True,midpoint_with_inhaler,-0.1478943299923847,-0.2024609576908176,10,129
454,48,True,False,True,upper_bound,-0.1478943299923847,-0.25376228905381204,10,130
454,48,True,False,True,upper_bound_with_inhaler,-0.1478943299923847,-0.25376228905381204,10,131
473,12,False,False,False,one_hot,0.318621166211929,0.318621166211929,69,0
473,12,False,False,False,lower_bound,0.5655083294213477,0.7630544231467529,69,1
473,12,False,False,False,midpoint,0.5655083294213477,0.7294634278397185,69,2
473,12,False,False,False,midpoint_with_inhaler,0.5655083294213477,0.7294634278397185,69,3
473,12,False,False,False,upper_bound,0.5648083640662617,0.6883380105355739,69,4
473,12,False,False,False,upper_bound_with_inhaler,0.5648083640662617,0.6883380105355739,69,5
473,12,False,False,True,one_hot,0.318621166211929,0.318621166211929,69,6
473,12,False,False,True,lower_bound,0.5655083294213477,0.7630544231467529,69,7
473,12,False,False,True,midpoint,0.5655083294213477,0.7294634278397185,69,8
473,12,False,False,True,midpoint_with_inhaler,0.5655083294213477,0.7294634278397185,69,9
473,12,False,False,True,upper_bound,0.5648083640662617,0.6883380105355739,69,10
473,12,False,False,True,upper_bound_with_inhaler,0.5648083640662617,0.6883380105355739,69,11
473,12,False,True,False,one_hot,0.18156444715279224,0.18156444715279224,69,12
473,12,False,True,False,lower_bound,0.5623639354522866,0.8933282755565795,69,13
473,12,False,True,False,midpoint,0.5623639354522866,0.9418519897318869,69,14
473,12,False,True,False,midpoint_with_inhaler,0.5623639354522866,0.9418519897318869,69,15
473,12,False,True,False,upper_bound,0.5618594886336892,0.966284962530365,69,16
473,12,False,True,False,upper_bound_with_inhaler,0.5618594886336892,0.966284962530365,69,17
473,12,False,True,True,one_hot,0.18156444715279224,0.18156444715279224,69,18
473,12,False,True,True,lower_bound,0.5623639354522866,0.8933282755565795,69,19
473,12,False,True,True,midpoint,0.5623639354522866,0.9418519897318869,69,20
473,12,False,True,True,midpoint_with_inhaler,0.5623639354522866,0.9418519897318869,69,21
473,12,False,True,True,upper_bound,0.5618594886336892,0.966284962530365,69,22
473,12,False,True,True,upper_bound_with_inhaler,0.5618594886336892,0.966284962530365,69,23
473,12,True,False,False,one_hot,0.18156444715279227,0.18156444715279224,69,24
473,12,True,False,False,lower_bound,0.5787046226369786,0.7114905106669577,69,25
473,12,True,False,False,midpoint,0.5787046226369786,0.8037067358215397,69,26
473,12,True,False,False,midpoint_with_inhaler,0.5787046226369786,0.8037067358215397,69,27
473,12,True,False,False,upper_bound,0.5789697933470312,0.8636587923828468,69,28
473,12,True,False,False,upper_bound_with_inhaler,0.5789697933470312,0.8636587923828468,69,29
473,12,True,False,True,one_hot,0.18156444715279227,0.18156444715279224,69,30
473,12,True,False,True,lower_bound,0.5787046226369786,0.7114905106669577,69,31
473,12,True,False,True,midpoint,0.5787046226369786,0.8037067358215397,69,32
473,12,True,False,True,midpoint_with_inhaler,0.5787046226369786,0.8037067358215397,69,33
473,12,True,False,True,upper_bound,0.5789697933470312,0.8636587923828468,69,34
473,12,True,False,True,upper_bound_with_inhaler,0.5789697933470312,0.8636587923828468,69,35
473,24,False,False,False,one_hot,0.19763328136562594,0.19763328136562594,69,36
473,24,False,False,False,lower_bound,0.6163921868878401,0.9860944589376123,69,37
473,24,False,False,False,midpoint,0.6163921868878401,0.9704380924792744,69,38
473,24,False,False,False,midpoint_with_inhaler,0.6163921868878401,0.9704380924792744,69,39
473,24,False,False,False,upper_bound,0.6158707448621775,0.9440337816621398,69,40
473,24,False,False,False,upper_bound_with_inhaler,0.6158707448621775,0.9440337816621398,69,41
473,24,False,False,True,one_hot,0.19763328136562594,0.19763328136562594,69,42
473,24,False,False,True,lower_bound,0.6163921868878401,0.9860944589376123,69,43
473,24,False,False,True,midpoint,0.6163921868878401,0.9704380924792744,69,44
473,24,False,False,True,midpoint_with_inhaler,0.6163921868878401,0.9704380924792744,69,45
473,24,False,False,True,upper_bound,0.6158707448621775,0.9440337816621398,69,46
473,24,False,False,True,upper_bound_with_inhaler,0.6158707448621775,0.9440337816621398,69,47
473,24,False,True,False,one_hot,0.1552215537668422,0.1552215537668422,69,48
473,24,False,True,False,lower_bound,0.40455475850995354,0.5346553353105699,69,49
473,24,False,True,False,midpoint,0.40455475850995354,0.5113792853472299,69,50
473,24,False,True,False,midpoint_with_inhaler,0.40455475850995354,0.5113792853472299,69,51
473,24,False,True,False,upper_bound,0.4022630763502377,0.490691833504522,69,52
473,24,False,True,False,upper_bound_with_inhaler,0.4022630763502377,0.490691833504522,69,53
473,24,False,True,True,one_hot,0.1552215537668422,0.1552215537668422,69,54
473,24,False,True,True,lower_bound,0.40455475850995354,0.5346553353105699,69,55
473,24,False,True,True,midpoint,0.40455475850995354,0.5113792853472299,69,56
473,24,False,True,True,midpoint_with_inhaler,0.40455475850995354,0.5113792853472299,69,57
473,24,False,True,True,upper_bound,0.4022630763502377,0.490691833504522,69,58
473,24,False,True,True,upper_bound_with_inhaler,0.4022630763502377,0.490691833504522,69,59
473,24,True,False,False,one_hot,0.19763328136562594,0.19763328136562594,69,60
473,24,True,False,False,lower_bound,0.6163921868878401,0.9860944589376123,69,61
473,24,True,False,False,midpoint,0.6163921868878401,0.9704380924792744,69,62
473,24,True,False,False,midpoint_with_inhaler,0.6163921868878401,0.9704380924792744,69,63
473,24,True,False,False,upper_bound,0.6158707448621775,0.9440337816621398,69,64
473,24,True,False,False,upper_bound_with_inhaler,0.6158707448621775,0.9440337816621398,69,65
473,24,True,False,True,one_hot,0.19763328136562594,0.19763328136562594,69,66
473,24,True,False,True,lower_bound,0.6163921868878401,0.9860944589376123,69,67
473,24,True,False,True,midpoint,0.6163921868878401,0.9704380924792744,69,68
473,24,True,False,True,midpoint_with_inhaler,0.6163921868878401,0.9704380924792744,69,69
473,24,True,False,True,upper_bound,0.6158707448621775,0.9440337816621398,69,70
473,24,True,False,True,upper_bound_with_inhaler,0.6158707448621775,0.9440337816621398,69,71
473,36,False,False,False,one_hot,0.10587546887371092,0.10587546887371088,69,72
473,36,False,False,False,lower_bound,0.7077618365174846,0.9637605786690323,69,73
473,36,False,False,False,midpoint,0.7077618365174846,0.9229852083794295,69,74
473,36,False,False,False,midpoint_with_inhaler,0.7077618365174846,0.9827980497886828,69,75
473,36,False,False,False,upper_bound,0.7020886375873345,0.8764566212189326,69,76
473,36,False,False,False,upper_bound_with_inhaler,0.7077618365174846,0.9889754214351273,69,77
473,36,False,False,True,one_hot,0.10587546887371092,0.10587546887371088,69,78
473,36,False,False,True,lower_bound,0.7077618365174846,0.9637605786690323,69,79
473,36,False,False,True,midpoint,0.7077618365174846,0.9229852083794295,69,80
473,36,False,False,True,midpoint_with_inhaler,0.7077618365174846,0.9827980497886828,69,81
473,36,False,False,True,upper_bound,0.7020886375873345,0.8764566212189326,69,82
473,36,False,False,True,upper_bound_with_inhaler,0.7077618365174846,0.9889754214351273,69,83
473,36,True,False,False,one_hot,0.4280363769043009,0.4280363769043009,69,84
473,36,True,False,False,lower_bound,0.5274016048581289,0.6750285987231445,69,85
473,36,True,False,False,midpoint,0.5274016048581289,0.6605084543497235,69,86
473,36,True,False,False,midpoint_with_inhaler,0.5274016048581289,0.6605084543497235,69,87
473,36,True,False,False,upper_bound,0.5263564347166926,0.6437270095302431,69,88
473,36,True,False,False,upper_bound_with_inhaler,0.5263564347166926,0.6437270095302431,69,89
473,36,True,False,True,one_hot,0.4280363769043009,0.4280363769043009,69,90
473,36,True,False,True,lower_bound,0.5274016048581289,0.6750285987231445,69,91
473,36,True,False,True,midpoint,0.5274016048581289,0.6605084543497235,69,92
473,36,True,False,True,midpoint_with_inhaler,0.5274016048581289,0.6605084543497235,69,93
473,36,True,False,True,upper_bound,0.5263564347166926,0.6437270095302431,69,94
473,36,True,False,True,upper_bound_with_inhaler,0.5263564347166926,0.6437270095302431,69,95
473,48,False,False,False,one_hot,-0.11478046933747822,-0.11478046933747822,69,96
473,48,False,False,False,lower_bound,0.6453937924701953,0.8995923329089972,69,97
473,48,False,False,False,midpoint,0.6453937924701953,0.8564522015955616,69,98
473,48,False,False,False,midpoint_with_inhaler,0.6453937924701953,0.8985010974665696,69,99
473,48,False,False,False,upper_bound,0.6414232747663474,0.8054451150647159,69,100
473,48,False,False,False,upper_bound_with_inhaler,0.6453937924701953,0.8952620833787596,69,101
473,48,False,False,True,one_hot,-0.11478046933747822,-0.11478046933747822,69,102
473,48,False,False,True,lower_bound,0.6453937924701953,0.8995923329089972,69,103
473,48,False,False,True,midpoint,0.6453937924701953,0.8564522015955616,69,104
473,48,False,False,True,midpoint_with_inhaler,0.6453937924701953,0.8985010974665696,69,105
473,48,False,False,True,upper_bound,0.6414232747663474,0.8054451150647159,69,106
473,48,False,False,True,upper_bound_with_inhaler,0.6453937924701953,0.8952620833787596,69,107
473,48,False,True,False,one_hot,-0.09363600780453815,-0.0936360078045381,69,108
473,48,False,True,False,lower_bound,0.23691450603741407,0.3256590427869878,69,109
473,48,False,True,False,midpoint,0.23691450603741407,0.33622084588004564,69,110
473,48,False,True,False,midpoint_with_inhaler,0.23691450603741407,0.33622084588004564,69,111
473,48,False,True,False,upper_bound,0.2352707570399578,0.33738770300852927,69,112
473,48,False,True,False,upper_bound_with_inhaler,0.2352707570399578,0.33738770300852927,69,113
473,48,False,True,True,one_hot,-0.09363600780453815,-0.0936360078045381,69,114
473,48,False,True,True,lower_bound,0.23691450603741407,0.3256590427869878,69,115
473,48,False,True,True,midpoint,0.23691450603741407,0.33622084588004564,69,116
473,48,False,True,True,midpoint_with_inhaler,0.23691450603741407,0.33622084588004564,69,117
473,48,False,True,True,upper_bound,0.2352707570399578,0.33738770300852927,69,118
473,48,False,True,True,upper_bound_with_inhaler,0.2352707570399578,0.33738770300852927,69,119
473,48,True,False,False,one_hot,0.11847244654699363,0.11847244654699358,69,120
473,48,True,False,False,lower_bound,0.3321608512516212,0.5454835903169962,69,121
473,48,True,False,False,midpoint,0.3321608512516212,0.529966013030631,69,122
473,48,True,False,False,midpoint_with_inhaler,0.3321608512516212,0.529966013030631,69,123
473,48,True,False,False,upper_bound,0.3306504949204296,0.5133943144748712,69,124
473,48,True,False,False,upper_bound_with_inhaler,0.3306504949204296,0.5133943144748712,69,125
473,48,True,False,True,one_hot,0.11847244654699363,0.11847244654699358,69,126
473,48,True,False,True,lower_bound,0.3321608512516212,0.5454835903169962,69,127
473,48,True,False,True,midpoint,0.3321608512516212,0.529966013030631,69,128
473,48,True,False,True,midpoint_with_inhaler,0.3321608512516212,0.529966013030631,69,129
473,48,True,False,True,upper_bound,0.3306504949204296,0.5133943144748712,69,130
473,48,True,False,True,upper_bound_with_inhaler,0.3306504949204296,0.5133943144748712,69,131
514,12,False,False,False,one_hot,0.1738596590621172,0.1738596590621172,54,0
514,12,False,False,False,lower_bound,0.1636854666654748,0.12065918741061127,54,1
514,12,False,False,False,midpoint,0.1636854666654748,0.13916335260163523,54,2
514,12,False,False,False,midpoint_with_inhaler,0.1636854666654748,0.13916335260163523,54,3
514,12,False,False,False,upper_bound,0.1636854666654748,0.1485245321610449,54,4
514,12,False,False,False,upper_bound_with_inhaler,0.1636854666654748,0.1485245321610449,54,5
514,12,False,False,True,one_hot,0.1738596590621172,0.1738596590621172,54,6
514,12,False,False,True,lower_bound,0.1636854666654748,0.12065918741061127,54,7
514,12,False,False,True,midpoint,0.1636854666654748,0.13916335260163523,54,8
514,12,False,False,True,midpoint_with_inhaler,0.1636854666654748,0.13916335260163523,54,9
514,12,False,False,True,upper_bound,0.1636854666654748,0.1485245321610449,54,10
514,12,False,False,True,upper_bound_with_inhaler,0.1636854666654748,0.1485245321610449,54,11
514,12,False,True,False,one_hot,0.3597557839229394,0.3597557839229394,54,12
514,12,False,True,False,lower_bound,0.3609521968493615,0.2562838595069623,54,13
514,12,False,True,False,midpoint,0.3609521968493615,0.2989087340334769,54,14
514,12,False,True,False,midpoint_with_inhaler,0.3609521968493615,0.2989087340334769,54,15
514,12,False,True,False,upper_bound,0.3609521968493615,0.31934162836644425,54,16
514,12,False,True,False,upper_bound_with_inhaler,0.3609521968493615,0.31934162836644425,54,17
514,12,False,True,True,one_hot,0.3597557839229394,0.3597557839229394,54,18
514,12,False,True,True,lower_bound,0.3609521968493615,0.2562838595069623,54,19
514,12,False,True,True,midpoint,0.3609521968493615,0.2989087340334769,54,20
514,12,False,True,True,midpoint_with_inhaler,0.3609521968493615,0.2989087340334769,54,21
514,12,False,True,True,upper_bound,0.3609521968493615,0.31934162836644425,54,22
514,12,False,True,True,upper_bound_with_inhaler,0.3609521968493615,0.31934162836644425,54,23
514,12,True,False,False,one_hot,0.18117625215253672,0.18117625215253666,54,24
514,12,True,False,False,lower_bound,0.16598067127683494,0.10810509028361269,54,25
514,12,True,False,False,midpoint,0.16598067127683494,0.13218317754821443,54,26
514,12,True,False,False,midpoint_with_inhaler,0.16598067127683494,0.13218317754821443,54,27
514,12,True,False,False,upper_bound,0.16598067127683494,0.14476118508256647,54,28
514,12,True,False,False,upper_bound_with_inhaler,0.16598067127683494,0.14476118508256647,54,29
514,12,True,False,True,one_hot,0.18117625215253672,0.18117625215253666,54,30
514,12,True,False,True,lower_bound,0.16598067127683494,0.10810509028361269,54,31
514,12,True,False,True,midpoint,0.16598067127683494,0.13218317754821443,54,32
514,12,True,False,True,midpoint_with_inhaler,0.16598067127683494,0.13218317754821443,54,33
514,12,True,False,True,upper_bound,0.16598067127683494,0.14476118508256647,54,34
514,12,True,False,True,upper_bound_with_inhaler,0.16598067127683494,0.14476118508256647,54,35
514,24,False,False,False,one_hot,0.05301231865023489,0.05301231865023489,54,36
514,24,False,False,False,lower_bound,0.046073397352264726,0.021835657502511298,54,37
514,24,False,False,False,midpoint,0.046073397352264726,0.03161553325826414,54,38
514,24,False,False,False,midpoint_with_inhaler,0.046073397352264726,0.03161553325826414,54,39
514,24,False,False,False,upper_bound,0.046073397352264726,0.036877196723300414,54,40
514,24,False,False,False,upper_bound_with_inhaler,0.046073397352264726,0.036877196723300414,54,41
514,24,False,False,True,one_hot,0.05301231865023489,0.05301231865023489,54,42
514,24,False,False,True,lower_bound,0.046073397352264726,0.021835657502511298,54,43
514,24,False,False,True,midpoint,0.046073397352264726,0.03161553325826414,54,44
514,24,False,False,True,midpoint_with_inhaler,0.046073397352264726,0.03161553325826414,54,45
514,24,False,False,True,upper_bound,0.046073397352264726,0.036877196723300414,54,46
514,24,False,False,True,upper_bound_with_inhaler,0.046073397352264726,0.036877196723300414,54,47
514,24,False,True,False,one_hot,-0.025000425506430706,-0.02500042550643075,54,48
514,24,False,True,False,lower_bound,-0.03193845025784858,-0.05008732055539632,54,49
514,24,False,True,False,midpoint,-0.03193845025784858,-0.04370939738104176,54,50
514,24,False,True,False,midpoint_with_inhaler,-0.03193845025784858,-0.04370939738104176,54,51
514,24,False,True,False,upper_bound,-0.03193845025784858,-0.0397831135388952,54,52
514,24,False,True,False,upper_bound_with_inhaler,-0.03193845025784858,-0.0397831135388952,54,53
514,24,False,True,True,one_hot,-0.025000425506430706,-0.02500042550643075,54,54
514,24,False,True,True,lower_bound,-0.03193845025784858,-0.05008732055539632,54,55
514,24,False,True,True,midpoint,-0.03193845025784858,-0.04370939738104176,54,56
514,24,False,True,True,midpoint_with_inhaler,-0.03193845025784858,-0.04370939738104176,54,57
514,24,False,True,True,upper_bound,-0.03193845025784858,-0.0397831135388952,54,58
514,24,False,True,True,upper_bound_with_inhaler,-0.03193845025784858,-0.0397831135388952,54,59
514,24,True,False,False,one_hot,0.05301231865023489,0.05301231865023489,54,60
514,24,True,False,False,lower_bound,0.046073397352264726,0.021835657502511298,54,61
514,24,True,False,False,midpoint,0.046073397352264726,0.03161553325826414,54,62
514,24,True,False,False,midpoint_with_inhaler,0.046073397352264726,0.03161553325826414,54,63
514,24,True,False,False,upper_bound,0.046073397352264726,0.036877196723300414,54,64
514,24,True,False,False,upper_bound_with_inhaler,0.046073397352264726,0.036877196723300414,54,65
514,24,True,False,True,one_hot,0.05301231865023489,0.05301231865023489,54,66
514,24,True,False,True,lower_bound,0.046073397352264726,0.021835657502511298,54,67
514,24,True,False,True,midpoint,0.046073397352264726,0.03161553325826414,54,68
514,24,True,False,True,midpoint_with_inhaler,0.046073397352264726,0.03161553325826414,54,69
514,24,True,False,True,upper_bound,0.046073397352264726,0.036877196723300414,54,70
514,24,True,False,True,upper_bound_with_inhaler,0.046073397352264726,0.036877196723300414,54,71
514,36,False,False,False,one_hot,0.14282112113953094,0.14282112113953094,54,72
514,36,False,False,False,lower_bound,0.12828218758034268,0.07523763890256546,54,73
514,36,False,False,False,midpoint,0.12828218758034268,0.09698486169367308,54,74
514,36,False,False,False,midpoint_with_inhaler,0.12828218758034268,0.09698486169367308,54,75
514,36,False,False,False,upper_bound,0.12828218758034268,0.10850602195511551,54,76
514,36,False,False,False,upper_bound_with_inhaler,0.12828218758034268,0.10850602195511551,54,77
514,36,False,False,True,one_hot,0.14282112113953094,0.14282112113953094,54,78
514,36,False,False,True,lower_bound,0.12828218758034268,0.07523763890256546,54,79
514,36,False,False,True,midpoint,0.12828218758034268,0.09698486169367308,54,80
514,36,False,False,True,midpoint_with_inhaler,0.12828218758034268,0.09698486169367308,54,81
514,36,False,False,True,upper_bound,0.12828218758034268,0.10850602195511551,54,82
514,36,False,False,True,upper_bound_with_inhaler,0.12828218758034268,0.10850602195511551,54,83
514,36,True,False,False,one_hot,0.0020647044948232654,0.0020647044948232654,54,84
514,36,True,False,False,lower_bound,-0.0041025560307640955,-0.022132402678800376,54,85
514,36,True,False,False,midpoint,-0.0041025560307640955,-0.015402359430971435,54,86
514,36,True,False,False,midpoint_with_inhaler,-0.0041025560307640955,-0.015402359430971435,54,87
514,36,True,False,False,upper_bound,-0.0041025560307640955,-0.011496278210059456,54,88
514,36,True,False,False,upper_bound_with_inhaler,-0.0041025560307640955,-0.011496278210059456,54,89
514,36,True,False,True,one_hot,0.0020647044948232654,0.0020647044948232654,54,90
514,36,True,False,True,lower_bound,-0.0041025560307640955,-0.022132402678800376,54,91
514,36,True,False,True,midpoint,-0.0041025560307640955,-0.015402359430971435,54,92
514,36,True,False,True,midpoint_with_inhaler,-0.0041025560307640955,-0.015402359430971435,54,93
514,36,True,False,True,upper_bound,-0.0041025560307640955,-0.011496278210059456,54,94
514,36,True,False,True,upper_bound_with_inhaler,-0.0041025560307640955,-0.011496278210059456,54,95
514,48,False,False,False,one_hot,-0.01674984702781301,-0.01674984702781301,54,96
514,48,False,False,False,lower_bound,-0.03051485003191026,-0.06914944534221697,54,97
514,48,False,False,False,midpoint,-0.03051485003191026,-0.05502455404937705,54,98
514,48,False,False,False,midpoint_with_inhaler,-0.03051485003191026,-0.05502455404937705,54,99
514,48,False,False,False,upper_bound,-0.03051485003191026,-0.046659070955883085,54,100
514,48,False,False,False,upper_bound_with_inhaler,-0.03051485003191026,-0.046659070955883085,54,101
514,48,False,False,True,one_hot,-0.01674984702781301,-0.01674984702781301,54,102
514,48,False,False,True,lower_bound,-0.03051485003191026,-0.06914944534221697,54,103
514,48,False,False,True,midpoint,-0.03051485003191026,-0.05502455404937705,54,104
514,48,False,False,True,midpoint_with_inhaler,-0.03051485003191026,-0.05502455404937705,54,105
514,48,False,False,True,upper_bound,-0.03051485003191026,-0.046659070955883085,54,106
514,48,False,False,True,upper_bound_with_inhaler,-0.03051485003191026,-0.046659070955883085,54,107
514,48,False,True,False,one_hot,0.16942782168219497,0.16942782168219497,54,108
514,48,False,True,False,lower_bound,0.1573769991900996,0.1093563580608124,54,109
514,48,False,True,False,midpoint,0.1573769991900996,0.12963527795853624,54,110
514,48,False,True,False,midpoint_with_inhaler,0.1573769991900996,0.12963527795853624,54,111
514,48,False,True,False,upper_bound,0.1573769991900996,0.14007651848653796,54,112
514,48,False,True,False,upper_bound_with_inhaler,0.1573769991900996,0.14007651848653796,54,113
514,48,False,True,True,one_hot,0.16942782168219497,0.16942782168219497,54,114
514,48,False,True,True,lower_bound,0.1573769991900996,0.1093563580608124,54,115
514,48,False,True,True,midpoint,0.1573769991900996,0.12963527795853624,54,116
514,48,False,True,True,midpoint_with_inhaler,0.1573769991900996,0.12963527795853624,54,117
514,48,False,True,True,upper_bound,0.1573769991900996,0.14007651848653796,54,118
514,48,False,True,True,upper_bound_with_inhaler,0.1573769991900996,0.14007651848653796,54,119
514,48,True,False,False,one_hot,0.003165138127515982,0.003165138127515982,54,120
514,48,True,False,False,lower_bound,-0.006289146938871207,-0.033935813345946496,54,121
514,48,True,False,False,midpoint,-0.006289146938871207,-0.023613891131925815,54,122
514,48,True,False,False,midpoint_with_inhaler,-0.006289146938871207,-0.023613891131925815,54,123
514,48,True,False,False,upper_bound,-0.006289146938871207,-0.017624509055715634,54,124
514,48,True,False,False,upper_bound_with_inhaler,-0.006289146938871207,-0.017624509055715634,54,125
514,48,True,False,True,one_hot,0.003165138127515982,0.003165138127515982,54,126
514,48,True,False,True,lower_bound,-0.006289146938871207,-0.033935813345946496,54,127
514,48,True,False,True,midpoint,-0.006289146938871207,-0.023613891131925815,54,128
514,48,True,False,True,midpoint_with_inhaler,-0.006289146938871207,-0.023613891131925815,54,129
514,48,True,False,True,upper_bound,-0.006289146938871207,-0.017624509055715634,54,130
514,48,True,False,True,upper_bound_with_inhaler,-0.006289146938871207,-0.017624509055715634,54,131
625,12,False,False,False,one_hot,-0.1318646801830267,-0.13186468018302666,62,0
625,12,False,False,False,lower_bound,-0.13309867127752964,-0.13140661467419512,62,1
625,12,False,False,False,midpoint,-0.13309867127752964,-0.1419606880288307,62,2
625,12,False,False,False,midpoint_with_inhaler,-0.13309867127752964,-0.1419606880288307,62,3
625,12,False,False,False,upper_bound,-0.13309867127752964,-0.1483885470900833,62,4
625,12,False,False,False,upper_bound_with_inhaler,-0.13309867127752964,-0.1483885470900833,62,5
625,12,False,False,True,one_hot,-0.1318646801830267,-0.13186468018302666,62,6
625,12,False,False,True,lower_bound,-0.13309867127752964,-0.13140661467419512,62,7
625,12,False,False,True,midpoint,-0.13309867127752964,-0.1419606880288307,62,8
625,12,False,False,True,midpoint_with_inhaler,-0.13309867127752964,-0.1419606880288307,62,9
625,12,False,False,True,upper_bound,-0.13309867127752964,-0.1483885470900833,62,10
625,12,False,False,True,upper_bound_with_inhaler,-0.13309867127752964,-0.1483885470900833,62,11
625,12,False,True,False,one_hot,0.06491138674891557,0.06491138674891557,62,12
625,12,False,True,False,lower_bound,0.10035953874191927,0.029990447031919495,62,13
625,12,False,True,False,midpoint,0.10035953874191927,0.04087032784973236,62,14
625,12,False,True,False,midpoint_with_inhaler,0.10035953874191927,0.04087032784973236,62,15
625,12,False,True,False,upper_bound,0.10035953874191927,0.048319976866041496,62,16
625,12,False,True,False,upper_bound_with_inhaler,0.10035953874191927,0.048319976866041496,62,17
625,12,False,True,True,one_hot,0.06491138674891557,0.06491138674891557,62,18
625,12,False,True,True,lower_bound,0.10035953874191927,0.029990447031919495,62,19
625,12,False,True,True,midpoint,0.10035953874191927,0.04087032784973236,62,20
625,12,False,True,True,midpoint_with_inhaler,0.10035953874191927,0.04087032784973236,62,21
625,12,False,True,True,upper_bound,0.10035953874191927,0.048319976866041496,62,22
625,12,False,True,True,upper_bound_with_inhaler,0.10035953874191927,0.048319976866041496,62,23
625,12,True,False,False,one_hot,0.05873711724426729,0.05873711724426729,62,24
625,12,True,False,False,lower_bound,0.02633877565466194,-0.07328125369044483,62,25
625,12,True,False,False,midpoint,0.02633877565466194,-0.05912080436924108,62,26
625,12,True,False,False,midpoint_with_inhaler,0.02633877565466194,-0.05912080436924108,62,27
625,12,True,False,False,upper_bound,0.02633877565466194,-0.04904718691309865,62,28
625,12,True,False,False,upper_bound_with_inhaler,0.02633877565466194,-0.04904718691309865,62,29
625,12,True,False,True,one_hot,0.05873711724426729,0.05873711724426729,62,30
625,12,True,False,True,lower_bound,0.02633877565466194,-0.07328125369044483,62,31
625,12,True,False,True,midpoint,0.02633877565466194,-0.05912080436924108,62,32
625,12,True,False,True,midpoint_with_inhaler,0.02633877565466194,-0.05912080436924108,62,33
625,12,True,False,True,upper_bound,0.02633877565466194,-0.04904718691309865,62,34
625,12,True,False,True,upper_bound_with_inhaler,0.02633877565466194,-0.04904718691309865,62,35
625,24,False,False,False,one_hot,0.3040139993440315,0.3040139993440315,62,36
625,24,False,False,False,lower_bound,0.27041537945868305,0.12165232789894902,62,37
625,24,False,False,False,midpoint,0.27041537945868305,0.125716974106838,62,38
625,24,False,False,False,midpoint_with_inhaler,0.27041537945868305,0.125716974106838,62,39
625,24,False,False,False,upper_bound,0.27041537945868305,0.1286736242364647,62,40
625,24,False,False,False,upper_bound_with_inhaler,0.27041537945868305,0.1286736242364647,62,41
625,24,False,False,True,one_hot,0.3040139993440315,0.3040139993440315,62,42
625,24,False,False,True,lower_bound,0.27041537945868305,0.12165232789894902,62,43
625,24,False,False,True,midpoint,0.27041537945868305,0.125716974106838,62,44
625,24,False,False,True,midpoint_with_inhaler,0.27041537945868305,0.125716974106838,62,45
625,24,False,False,True,upper_bound,0.27041537945868305,0.1286736242364647,62,46
625,24,False,False,True,upper_bound_with_inhaler,0.27041537945868305,0.1286736242364647,62,47
625,24,False,True,False,one_hot,0.01918387944143948,0.01918387944143945,62,48
625,24,False,True,False,lower_bound,-0.018725549518296098,-0.057840951654696826,62,49
625,24,False,True,False,midpoint,-0.018725549518296098,-0.050202050897950046,62,50
625,24,False,True,False,midpoint_with_inhaler,-0.018725549518296098,-0.050202050897950046,62,51
625,24,False,True,False,upper_bound,-0.018725549518296098,-0.04656258884153539,62,52
625,24,False,True,False,upper_bound_with_inhaler,-0.018725549518296098,-0.04656258884153539,62,53
625,24,False,True,True,one_hot,0.01918387944143948,0.01918387944143945,62,54
625,24,False,True,True,lower_bound,-0.018725549518296098,-0.057840951654696826,62,55
625,24,False,True,True,midpoint,-0.018725549518296098,-0.050202050897950046,62,56
625,24,False,True,True,midpoint_with_inhaler,-0.018725549518296098,-0.050202050897950046,62,57
625,24,False,True,True,upper_bound,-0.018725549518296098,-0.04656258884153539,62,58
625,24,False,True,True,upper_bound_with_inhaler,-0.018725549518296098,-0.04656258884153539,62,59
625,24,True,False,False,one_hot,0.3040139993440315,0.3040139993440315,62,60
625,24,True,False,False,lower_bound,0.27041537945868305,0.12165232789894902,62,61
625,24,True,False,False,midpoint,0.27041537945868305,0.125716974106838,62,62
625,24,True,False,False,midpoint_with_inhaler,0.27041537945868305,0.125716974106838,62,63
625,24,True,False,False,upper_bound,0.27041537945868305,0.1286736242364647,62,64
625,24,True,False,False,upper_bound_with_inhaler,0.27041537945868305,0.1286736242364647,62,65
625,24,True,False,True,one_hot,0.3040139993440315,0.3040139993440315,62,66
625,24,True,False,True,lower_bound,0.27041537945868305,0.12165232789894902,62,67
625,24,True,False,True,midpoint,0.27041537945868305,0.125716974106838,62,68
625,24,True,False,True,midpoint_with_inhaler,0.27041537945868305,0.125716974106838,62,69
625,24,True,False,True,upper_bound,0.27041537945868305,0.1286736242364647,62,70
625,24,True,False,True,upper_bound_with_inhaler,0.27041537945868305,0.1286736242364647,62,71
625,36,False,False,False,one_hot,0.22725216683611893,0.22725216683611893,62,72
625,36,False,False,False,lower_bound,0.28890526086950996,0.26323515524158086,62,73
625,36,False,False,False,midpoint,0.28890526086950996,0.22874649694763743,62,74
625,36,False,False,False,midpoint_with_inhaler,0.28890526086950996,0.22874649694763743,62,75
625,36,False,False,False,upper_bound,0.28890526086950996,0.204502420557538,62,76
625,36,False,False,False,upper_bound_with_inhaler,0.28890526086950996,0.204502420557538,62,77
625,36,False,False,True,one_hot,0.22725216683611893,0.22725216683611893,62,78
625,36,False,False,True,lower_bound,0.28890526086950996,0.26323515524158086,62,79
625,36,False,False,True,midpoint,0.28890526086950996,0.22874649694763743,62,80
625,36,False,False,True,midpoint_with_inhaler,0.28890526086950996,0.22874649694763743,62,81
625,36,False,False,True,upper_bound,0.28890526086950996,0.204502420557538,62,82
625,36,False,False,True,upper_bound_with_inhaler,0.28890526086950996,0.204502420557538,62,83
625,36,True,False,False,one_hot,0.10075888998806719,0.10075888998806719,62,84
625,36,True,False,False,lower_bound,0.12102654612283145,0.004449752447784905,62,85
625,36,True,False,False,midpoint,0.12102654612283145,0.01042826779311209,62,86
625,36,True,False,False,midpoint_with_inhaler,0.12102654612283145,0.01042826779311209,62,87
625,36,True,False,False,upper_bound,0.12102654612283145,0.013444103271065185,62,88
625,36,True,False,False,upper_bound_with_inhaler,0.12102654612283145,0.013444103271065185,62,89
625,36,True,False,True,one_hot,0.10075888998806719,0.10075888998806719,62,90
625,36,True,False,True,lower_bound,0.12102654612283145,0.004449752447784905,62,91
625,36,True,False,True,midpoint,0.12102654612283145,0.01042826779311209,62,92
625,36,True,False,True,midpoint_with_inhaler,0.12102654612283145,0.01042826779311209,62,93
625,36,True,False,True,upper_bound,0.12102654612283145,0.013444103271065185,62,94
625,36,True,False,True,upper_bound_with_inhaler,0.12102654612283145,0.013444103271065185,62,95
625,48,False,False,False,one_hot,-0.01027346806664123,-0.010273468066641143,62,96
625,48,False,False,False,lower_bound,-0.13933054408988238,-0.11558401254005819,62,97
625,48,False,False,False,midpoint,-0.13933054408988238,-0.10894443251816457,62,98
625,48,False,False,False,midpoint_with_inhaler,-0.13933054408988238,-0.10894443251816457,62,99
625,48,False,False,False,upper_bound,-0.13933054408988238,-0.10247732807146602,62,100
625,48,False,False,False,upper_bound_with_inhaler,-0.13933054408988238,-0.10247732807146602,62,101
625,48,False,False,True,one_hot,-0.01027346806664123,-0.010273468066641143,62,102
625,48,False,False,True,lower_bound,-0.13933054408988238,-0.11558401254005819,62,103
625,48,False,False,True,midpoint,-0.13933054408988238,-0.10894443251816457,62,104
625,48,False,False,True,midpoint_with_inhaler,-0.13933054408988238,-0.10894443251816457,62,105
625,48,False,False,True,upper_bound,-0.13933054408988238,-0.10247732807146602,62,106
625,48,False,False,True,upper_bound_with_inhaler,-0.13933054408988238,-0.10247732807146602,62,107
625,48,False,True,False,one_hot,0.10196928226425092,0.10196928226425087,62,108
625,48,False,True,False,lower_bound,0.1518028015212404,0.18982868438207612,62,109
625,48,False,True,False,midpoint,0.1518028015212404,0.19351127236666107,62,110
625,48,False,True,False,midpoint_with_inhaler,0.1518028015212404,0.19351127236666107,62,111
625,48,False,True,False,upper_bound,0.1518028015212404,0.19341265099349478,62,112
625,48,False,True,False,upper_bound_with_inhaler,0.1518028015212404,0.19341265099349478,62,113
625,48,False,True,True,one_hot,0.10196928226425092,0.10196928226425087,62,114
625,48,False,True,True,lower_bound,0.1518028015212404,0.18982868438207612,62,115
625,48,False,True,True,midpoint,0.1518028015212404,0.19351127236666107,62,116
625,48,False,True,True,midpoint_with_inhaler,0.1518028015212404,0.19351127236666107,62,117
625,48,False,True,True,upper_bound,0.1518028015212404,0.19341265099349478,62,118
625,48,False,True,True,upper_bound_with_inhaler,0.1518028015212404,0.19341265099349478,62,119
625,48,True,False,False,one_hot,-0.08846535407953908,-0.08846535407953911,62,120
625,48,True,False,False,lower_bound,-0.0016039495112593052,0.12048887468987407,62,121
625,48,True,False,False,midpoint,-0.0016039495112593052,0.10211560775165411,62,122
625,48,True,False,False,midpoint_with_inhaler,-0.0016039495112593052,0.10211560775165411,62,123
625,48,True,False,False,upper_bound,-0.0016039495112593052,0.08588701986941522,62,124
625,48,True,False,False,upper_bound_with_inhaler,-0.0016039495112593052,0.08588701986941522,62,125
625,48,True,False,True,one_hot,-0.08846535407953908,-0.08846535407953911,62,126
625,48,True,False,True,lower_bound,-0.0016039495112593052,0.12048887468987407,62,127
625,48,True,False,True,midpoint,-0.0016039495112593052,0.10211560775165411,62,128
625,48,True,False,True,midpoint_with_inhaler,-0.0016039495112593052,0.10211560775165411,62,129
625,48,True,False,True,upper_bound,-0.0016039495112593052,0.08588701986941522,62,130
625,48,True,False,True,upper_bound_with_inhaler,-0.0016039495112593052,0.08588701986941522,62,131
701,12,False,False,False,one_hot,,,127,0
701,12,False,False,False,lower_bound,0.07140895039878818,0.07626946037529066,127,1
701,12,False,False,False,midpoint,0.07140895039878818,0.07658568570056933,127,2
701,12,False,False,False,midpoint_with_inhaler,0.07140895039878818,0.07658568570056933,127,3
701,12,False,False,False,upper_bound,0.07140895039878818,0.07434371171227623,127,4
701,12,False,False,False,upper_bound_with_inhaler,0.07140895039878818,0.07434371171227623,127,5
701,12,False,False,True,one_hot,,,127,6
701,12,False,False,True,lower_bound,0.07140895039878818,0.07626946037529066,127,7
701,12,False,False,True,midpoint,0.07140895039878818,0.07658568570056933,127,8
701,12,False,False,True,midpoint_with_inhaler,0.07140895039878818,0.07658568570056933,127,9
701,12,False,False,True,upper_bound,0.07140895039878818,0.07434371171227623,127,10
701,12,False,False,True,upper_bound_with_inhaler,0.07140895039878818,0.07434371171227623,127,11
701,12,False,True,False,one_hot,,,127,12
701,12,False,True,False,lower_bound,0.09650098446600099,0.09744517220942847,127,13
701,12,False,True,False,midpoint,0.09650098446600099,0.11367852389874308,127,14
701,12,False,True,False,midpoint_with_inhaler,0.09650098446600099,0.11367852389874308,127,15
701,12,False,True,False,upper_bound,0.09650098446600099,0.1266988773160391,127,16
701,12,False,True,False,upper_bound_with_inhaler,0.09650098446600099,0.1266988773160391,127,17
701,12,False,True,True,one_hot,,,127,18
701,12,False,True,True,lower_bound,0.09650098446600099,0.09744517220942847,127,19
701,12,False,True,True,midpoint,0.09650098446600099,0.11367852389874308,127,20
701,12,False,True,True,midpoint_with_inhaler,0.09650098446600099,0.11367852389874308,127,21
701,12,False,True,True,upper_bound,0.09650098446600099,0.1266988773160391,127,22
701,12,False,True,True,upper_bound_with_inhaler,0.09650098446600099,0.1266988773160391,127,23
701,12,True,False,False,one_hot,,,127,24
701,12,True,False,False,lower_bound,0.103456158709584,0.12153239456469782,127,25
701,12,True,False,False,midpoint,0.103456158709584,0.1308037819801508,127,26
701,12,True,False,False,midpoint_with_inhaler,0.103456158709584,0.1308037819801508,127,27
701,12,True,False,False,upper_bound,0.103456158709584,0.13294420298771775,127,28
701,12,True,False,False,upper_bound_with_inhaler,0.103456158709584,0.13294420298771775,127,29
701,12,True,False,True,one_hot,,,127,30
701,12,True,False,True,lower_bound,0.103456158709584,0.12153239456469782,127,31
701,12,True,False,True,midpoint,0.103456158709584,0.1308037819801508,127,32
701,12,True,False,True,midpoint_with_inhaler,0.103456158709584,0.1308037819801508,127,33
701,12,True,False,True,upper_bound,0.103456158709584,0.13294420298771775,127,34
701,12,True,False,True,upper_bound_with_inhaler,0.103456158709584,0.13294420298771775,127,35
701,24,False,False,False,one_hot,,,127,36
701,24,False,False,False,lower_bound,0.06567500985523204,-0.025425658297390824,127,37
701,24,False,False,False,midpoint,0.06567500985523204,0.008730975472099238,127,38
701,24,False,False,False,midpoint_with_inhaler,0.06567500985523204,0.008730975472099238,127,39
701,24,False,False,False,upper_bound,0.06567500985523204,0.026866230212538755,127,40
701,24,False,False,False,upper_bound_with_inhaler,0.06567500985523204,0.026866230212538755,127,41
701,24,False,False,True,one_hot,,,127,42
701,24,False,False,True,lower_bound,0.06567500985523204,-0.025425658297390824,127,43
701,24,False,False,True,midpoint,0.06567500985523204,0.008730975472099238,127,44
701,24,False,False,True,midpoint_with_inhaler,0.06567500985523204,0.008730975472099238,127,45
701,24,False,False,True,upper_bound,0.06567500985523204,0.026866230212538755,127,46
701,24,False,False,True,upper_bound_with_inhaler,0.06567500985523204,0.026866230212538755,127,47
701,24,False,True,False,one_hot,,,127,48
701,24,False,True,False,lower_bound,0.04769160507034786,0.04113088941945045,127,49
701,24,False,True,False,midpoint,0.04769160507034786,0.05686618187988903,127,50
701,24,False,True,False,midpoint_with_inhaler,0.04769160507034786,0.05686618187988903,127,51
701,24,False,True,False,upper_bound,0.04769160507034786,0.06511139490932416,127,52
701,24,False,True,False,upper_bound_with_inhaler,0.04769160507034786,0.06511139490932416,127,53
701,24,False,True,True,one_hot,,,127,54
701,24,False,True,True,lower_bound,0.04769160507034786,0.04113088941945045,127,55
701,24,False,True,True,midpoint,0.04769160507034786,0.05686618187988903,127,56
701,24,False,True,True,midpoint_with_inhaler,0.04769160507034786,0.05686618187988903,127,57
701,24,False,True,True,upper_bound,0.04769160507034786,0.06511139490932416,127,58
701,24,False,True,True,upper_bound_with_inhaler,0.04769160507034786,0.06511139490932416,127,59
701,24,True,False,False,one_hot,,,127,60
701,24,True,False,False,lower_bound,0.06567500985523204,-0.025425658297390824,127,61
701,24,True,False,False,midpoint,0.06567500985523204,0.008730975472099238,127,62
701,24,True,False,False,midpoint_with_inhaler,0.06567500985523204,0.008730975472099238,127,63
701,24,True,False,False,upper_bound,0.06567500985523204,0.026866230212538755,127,64
701,24,True,False,False,upper_bound_with_inhaler,0.06567500985523204,0.026866230212538755,127,65
701,24,True,False,True,one_hot,,,127,66
701,24,True,False,True,lower_bound,0.06567500985523204,-0.025425658297390824,127,67
701,24,True,False,True,midpoint,0.06567500985523204,0.008730975472099238,127,68
701,24,True,False,True,midpoint_with_inhaler,0.06567500985523204,0.008730975472099238,127,69
701,24,True,False,True,upper_bound,0.06567500985523204,0.026866230212538755,127,70
701,24,True,False,True,upper_bound_with_inhaler,0.06567500985523204,0.026866230212538755,127,71
701,36,False,False,False,one_hot,,,127,72
701,36,False,False,False,lower_bound,0.14643704336755026,0.06749251596215056,127,73
701,36,False,False,False,midpoint,0.14643704336755026,0.093987119691668,127,74
701,36,False,False,False,midpoint_with_inhaler,0.14643704336755026,0.093987119691668,127,75
701,36,False,False,False,upper_bound,0.14643704336755026,0.10930152790150759,127,76
701,36,False,False,False,upper_bound_with_inhaler,0.14643704336755026,0.10930152790150759,127,77
701,36,False,False,True,one_hot,,,127,78
701,36,False,False,True,lower_bound,0.14643704336755026,0.06749251596215056,127,79
701,36,False,False,True,midpoint,0.14643704336755026,0.093987119691668,127,80
701,36,False,False,True,midpoint_with_inhaler,0.14643704336755026,0.093987119691668,127,81
701,36,False,False,True,upper_bound,0.14643704336755026,0.10930152790150759,127,82
701,36,False,False,True,upper_bound_with_inhaler,0.14643704336755026,0.10930152790150759,127,83
701,36,True,False,False,one_hot,,,127,84
701,36,True,False,False,lower_bound,0.08306952906696465,0.13813594289867046,127,85
701,36,True,False,False,midpoint,0.08306952906696465,0.12422969662908537,127,86
701,36,True,False,False,midpoint_with_inhaler,0.08306952906696465,0.12422969662908537,127,87
701,36,True,False,False,upper_bound,0.08306952906696465,0.1140529494857858,127,88
701,36,True,False,False,upper_bound_with_inhaler,0.08306952906696465,0.1140529494857858,127,89
701,36,True,False,True,one_hot,,,127,90
701,36,True,False,True,lower_bound,0.08306952906696465,0.13813594289867046,127,91
701,36,True,False,True,midpoint,0.08306952906696465,0.12422969662908537,127,92
701,36,True,False,True,midpoint_with_inhaler,0.08306952906696465,0.12422969662908537,127,93
701,36,True,False,True,upper_bound,0.08306952906696465,0.1140529494857858,127,94
701,36,True,False,True,upper_bound_with_inhaler,0.08306952906696465,0.1140529494857858,127,95
701,48,False,False,False,one_hot,,,127,96
701,48,False,False,False,lower_bound,0.015400438837739262,0.06851808909146549,127,97
701,48,False,False,False,midpoint,0.015400438837739262,0.051140802426365144,127,98
701,48,False,False,False,midpoint_with_inhaler,0.015400438837739262,0.049455780118642115,127,99
701,48,False,False,False,upper_bound,0.016631146374735666,0.03824075964669525,127,100
701,48,False,False,False,upper_bound_with_inhaler,0.015400438837739262,0.035502296727059,127,101
701,48,False,False,True,one_hot,,,127,102
701,48,False,False,True,lower_bound,0.015400438837739262,0.06851808909146549,127,103
701,48,False,False,True,midpoint,0.015400438837739262,0.051140802426365144,127,104
701,48,False,False,True,midpoint_with_inhaler,0.015400438837739262,0.049455780118642115,127,105
701,48,False,False,True,upper_bound,0.016631146374735666,0.03824075964669525,127,106
701,48,False,False,True,upper_bound_with_inhaler,0.015400438837739262,0.035502296727059,127,107
701,48,False,True,False,one_hot,,,127,108
701,48,False,True,False,lower_bound,0.13517521113824824,0.12954261942162165,127,109
701,48,False,True,False,midpoint,0.13517521113824824,0.14632683630173948,127,110
701,48,False,True,False,midpoint_with_inhaler,0.13517521113824824,0.14632683630173948,127,111
701,48,False,True,False,upper_bound,0.13517521113824824,0.15057696889940805,127,112
701,48,False,True,False,upper_bound_with_inhaler,0.13517521113824824,0.15057696889940805,127,113
701,48,False,True,True,one_hot,,,127,114
701,48,False,True,True,lower_bound,0.13517521113824824,0.12954261942162165,127,115
701,48,False,True,True,midpoint,0.13517521113824824,0.14632683630173948,127,116
701,48,False,True,True,midpoint_with_inhaler,0.13517521113824824,0.14632683630173948,127,117
701,48,False,True,True,upper_bound,0.13517521113824824,0.15057696889940805,127,118
701,48,False,True,True,upper_bound_with_inhaler,0.13517521113824824,0.15057696889940805,127,119
701,48,True,False,False,one_hot,,,127,120
701,48,True,False,False,lower_bound,0.06692208546680761,0.08647611043557425,127,121
701,48,True,False,False,midpoint,0.06692208546680761,0.08199335570307116,127,122
701,48,True,False,False,midpoint_with_inhaler,0.06692208546680761,0.08199335570307116,127,123
701,48,True,False,False,upper_bound,0.06692208546680761,0.07861612138460987,127,124
701,48,True,False,False,upper_bound_with_inhaler,0.06692208546680761,0.07861612138460987,127,125
701,48,True,False,True,one_hot,,,127,126
701,48,True,False,True,lower_bound,0.06692208546680761,0.08647611043557425,127,127
701,48,True,False,True,midpoint,0.06692208546680761,0.08199335570307116,127,128
701,48,True,False,True,midpoint_with_inhaler,0.06692208546680761,0.08199335570307116,127,129
701,48,True,False,True,upper_bound,0.06692208546680761,0.07861612138460987,127,130
701,48,True,False,True,upper_bound_with_inhaler,0.06692208546680761,0.07861612138460987,127,131
702,12,False,False,False,one_hot,0.549306144334055,0.549306144334055,124,0
702,12,False,False,False,lower_bound,0.6055043256430012,0.9512287568263813,124,1
702,12,False,False,False,midpoint,0.6055043256430012,0.8464853456746382,124,2
702,12,False,False,False,midpoint_with_inhaler,0.6055043256430012,0.8464853456746382,124,3
702,12,False,False,False,upper_bound,0.6055043256430012,0.7803683341768912,124,4
702,12,False,False,False,upper_bound_with_inhaler,0.6055043256430012,0.7803683341768912,124,5
702,12,False,False,True,one_hot,0.549306144334055,0.549306144334055,124,6
702,12,False,False,True,lower_bound,0.6055043256430012,0.9512287568263813,124,7
702,12,False,False,True,midpoint,0.6055043256430012,0.8464853456746382,124,8
702,12,False,False,True,midpoint_with_inhaler,0.6055043256430012,0.8464853456746382,124,9
702,12,False,False,True,upper_bound,0.6055043256430012,0.7803683341768912,124,10
702,12,False,False,True,upper_bound_with_inhaler,0.6055043256430012,0.7803683341768912,124,11
702,12,False,True,False,one_hot,0.2714161208395598,0.2714161208395597,124,12
702,12,False,True,False,lower_bound,0.3685155094068766,0.5025709305724997,124,13
702,12,False,True,False,midpoint,0.3685155094068766,0.4825941011588571,124,14
702,12,False,True,False,midpoint_with_inhaler,0.3685155094068766,0.4825941011588571,124,15
702,12,False,True,False,upper_bound,0.3685155094068766,0.4639457171669389,124,16
702,12,False,True,False,upper_bound_with_inhaler,0.3685155094068766,0.4639457171669389,124,17
702,12,False,True,True,one_hot,0.2714161208395598,0.2714161208395597,124,18
702,12,False,True,True,lower_bound,0.3685155094068766,0.5025709305724997,124,19
702,12,False,True,True,midpoint,0.3685155094068766,0.4825941011588571,124,20
702,12,False,True,True,midpoint_with_inhaler,0.3685155094068766,0.4825941011588571,124,21
702,12,False,True,True,upper_bound,0.3685155094068766,0.4639457171669389,124,22
702,12,False,True,True,upper_bound_with_inhaler,0.3685155094068766,0.4639457171669389,124,23
702,12,True,False,False,one_hot,0.4255641982846691,0.4255641982846691,124,24
702,12,True,False,False,lower_bound,0.5239594865702497,0.8715949776324344,124,25
702,12,True,False,False,midpoint,0.5239594865702497,0.8382379805334047,124,26
702,12,True,False,False,midpoint_with_inhaler,0.5239594865702497,0.8382379805334047,124,27
702,12,True,False,False,upper_bound,0.5239594865702497,0.8105413926352774,124,28
702,12,True,False,False,upper_bound_with_inhaler,0.5239594865702497,0.8105413926352774,124,29
702,12,True,False,True,one_hot,0.4255641982846691,0.4255641982846691,124,30
702,12,True,False,True,lower_bound,0.5239594865702497,0.8715949776324344,124,31
702,12,True,False,True,midpoint,0.5239594865702497,0.8382379805334047,124,32
702,12,True,False,True,midpoint_with_inhaler,0.5239594865702497,0.8382379805334047,124,33
702,12,True,False,True,upper_bound,0.5239594865702497,0.8105413926352774,124,34
702,12,True,False,True,upper_bound_with_inhaler,0.5239594865702497,0.8105413926352774,124,35
702,24,False,False,False,one_hot,0.48646586140840864,0.48646586140840864,124,36
702,24,False,False,False,lower_bound,0.5931625404777939,0.9968284569911049,124,37
702,24,False,False,False,midpoint,0.5931625404777939,0.9461134282966441,124,38
702,24,False,False,False,midpoint_with_inhaler,0.5931625404777939,0.9461134282966441,124,39
702,24,False,False,False,upper_bound,0.5931625404777939,0.9041491833743821,124,40
702,24,False,False,False,upper_bound_with_inhaler,0.5931625404777939,0.9041491833743821,124,41
702,24,False,False,True,one_hot,0.48646586140840864,0.48646586140840864,124,42
702,24,False,False,True,lower_bound,0.5931625404777939,0.9968284569911049,124,43
702,24,False,False,True,midpoint,0.5931625404777939,0.9461134282966441,124,44
702,24,False,False,True,midpoint_with_inhaler,0.5931625404777939,0.9461134282966441,124,45
702,24,False,False,True,upper_bound,0.5931625404777939,0.9041491833743821,124,46
702,24,False,False,True,upper_bound_with_inhaler,0.5931625404777939,0.9041491833743821,124,47
702,24,False,True,False,one_hot,0.4789096379632126,0.47890963796321256,124,48
702,24,False,True,False,lower_bound,0.5643252234007899,1.013186854282457,124,49
702,24,False,True,False,midpoint,0.5643252234007899,0.9484003872154696,124,50
702,24,False,True,False,midpoint_with_inhaler,0.5643252234007899,0.9484003872154696,124,51
702,24,False,True,False,upper_bound,0.5643252234007899,0.9011574190314489,124,52
702,24,False,True,False,upper_bound_with_inhaler,0.5643252234007899,0.9011574190314489,124,53
702,24,False,True,True,one_hot,0.4789096379632126,0.47890963796321256,124,54
702,24,False,True,True,lower_bound,0.5643252234007899,1.013186854282457,124,55
702,24,False,True,True,midpoint,0.5643252234007899,0.9484003872154696,124,56
702,24,False,True,True,midpoint_with_inhaler,0.5643252234007899,0.9484003872154696,124,57
702,24,False,True,True,upper_bound,0.5643252234007899,0.9011574190314489,124,58
702,24,False,True,True,upper_bound_with_inhaler,0.5643252234007899,0.9011574190314489,124,59
702,24,True,False,False,one_hot,0.48646586140840864,0.48646586140840864,124,60
702,24,True,False,False,lower_bound,0.5931625404777939,0.9968284569911049,124,61
702,24,True,False,False,midpoint,0.5931625404777939,0.9461134282966441,124,62
702,24,True,False,False,midpoint_with_inhaler,0.5931625404777939,0.9461134282966441,124,63
702,24,True,False,False,upper_bound,0.5931625404777939,0.9041491833743821,124,64
702,24,True,False,False,upper_bound_with_inhaler,0.5931625404777939,0.9041491833743821,124,65
702,24,True,False,True,one_hot,0.48646586140840864,0.48646586140840864,124,66
702,24,True,False,True,lower_bound,0.5931625404777939,0.9968284569911049,124,67
702,24,True,False,True,midpoint,0.5931625404777939,0.9461134282966441,124,68
702,24,True,False,True,midpoint_with_inhaler,0.5931625404777939,0.9461134282966441,124,69
702,24,True,False,True,upper_bound,0.5931625404777939,0.9041491833743821,124,70
702,24,True,False,True,upper_bound_with_inhaler,0.5931625404777939,0.9041491833743821,124,71
702,36,False,False,False,one_hot,0.4363180531702455,0.4363180531702455,124,72
702,36,False,False,False,lower_bound,0.6047061483973748,1.161083524890619,124,73
702,36,False,False,False,midpoint,0.6047061483973748,1.1078856236546855,124,74
702,36,False,False,False,midpoint_with_inhaler,0.6047061483973748,1.1078856236546855,124,75
702,36,False,False,False,upper_bound,0.6047061483973748,1.056346555452787,124,76
702,36,False,False,False,upper_bound_with_inhaler,0.6047061483973748,1.056346555452787,124,77
702,36,False,False,True,one_hot,0.4363180531702455,0.4363180531702455,124,78
702,36,False,False,True,lower_bound,0.6047061483973748,1.161083524890619,124,79
702,36,False,False,True,midpoint,0.6047061483973748,1.1078856236546855,124,80
702,36,False,False,True,midpoint_with_inhaler,0.6047061483973748,1.1078856236546855,124,81
702,36,False,False,True,upper_bound,0.6047061483973748,1.056346555452787,124,82
702,36,False,False,True,upper_bound_with_inhaler,0.6047061483973748,1.056346555452787,124,83
702,36,True,False,False,one_hot,0.5200338534288845,0.5200338534288845,124,84
702,36,True,False,False,lower_bound,0.5817960600644833,0.786079346279382,124,85
702,36,True,False,False,midpoint,0.5817960600644833,0.7448545004539979,124,86
702,36,True,False,False,midpoint_with_inhaler,0.5817960600644833,0.7448545004539979,124,87
702,36,True,False,False,upper_bound,0.5817960600644833,0.7103970791360624,124,88
702,36,True,False,False,upper_bound_with_inhaler,0.5817960600644833,0.7103970791360624,124,89
702,36,True,False,True,one_hot,0.5200338534288845,0.5200338534288845,124,90
702,36,True,False,True,lower_bound,0.5817960600644833,0.786079346279382,124,91
702,36,True,False,True,midpoint,0.5817960600644833,0.7448545004539979,124,92
702,36,True,False,True,midpoint_with_inhaler,0.5817960600644833,0.7448545004539979,124,93
702,36,True,False,True,upper_bound,0.5817960600644833,0.7103970791360624,124,94
702,36,True,False,True,upper_bound_with_inhaler,0.5817960600644833,0.7103970791360624,124,95
702,48,False,False,False,one_hot,0.3103029066593356,0.3103029066593357,124,96
702,48,False,False,False,lower_bound,0.5510975455366666,1.087574588366682,124,97
702,48,False,False,False,midpoint,0.5510975455366666,1.0373860801666666,124,98
702,48,False,False,False,midpoint_with_inhaler,0.5510975455366666,1.0373860801666666,124,99
702,48,False,False,False,upper_bound,0.5510975455366666,0.9880578338335689,124,100
702,48,False,False,False,upper_bound_with_inhaler,0.5510975455366666,0.9880578338335689,124,101
702,48,False,False,True,one_hot,0.3103029066593356,0.3103029066593357,124,102
702,48,False,False,True,lower_bound,0.5510975455366666,1.087574588366682,124,103
702,48,False,False,True,midpoint,0.5510975455366666,1.0373860801666666,124,104
702,48,False,False,True,midpoint_with_inhaler,0.5510975455366666,1.0373860801666666,124,105
702,48,False,False,True,upper_bound,0.5510975455366666,0.9880578338335689,124,106
702,48,False,False,True,upper_bound_with_inhaler,0.5510975455366666,0.9880578338335689,124,107
702,48,False,True,False,one_hot,0.24565468642915786,0.24565468642915775,124,108
702,48,False,True,False,lower_bound,0.3016552479764051,0.4503024301749931,124,109
702,48,False,True,False,midpoint,0.3016552479764051,0.4206364672971818,124,110
702,48,False,True,False,midpoint_with_inhaler,0.3016552479764051,0.4206364672971818,124,111
702,48,False,True,False,upper_bound,0.3016552479764051,0.39643183732605947,124,112
702,48,False,True,False,upper_bound_with_inhaler,0.3016552479764051,0.39643183732605947,124,113
702,48,False,True,True,one_hot,0.24565468642915786,0.24565468642915775,124,114
702,48,False,True,True,lower_bound,0.3016552479764051,0.4503024301749931,124,115
702,48,False,True,True,midpoint,0.3016552479764051,0.4206364672971818,124,116
702,48,False,True,True,midpoint_with_inhaler,0.3016552479764051,0.4206364672971818,124,117
702,48,False,True,True,upper_bound,0.3016552479764051,0.39643183732605947,124,118
702,48,False,True,True,upper_bound_with_inhaler,0.3016552479764051,0.39643183732605947,124,119
702,48,True,False,False,one_hot,0.2828583985720218,0.28285839857202183,124,120
702,48,True,False,False,lower_bound,0.3437070798786496,0.568374362858971,124,121
702,48,True,False,False,midpoint,0.3437070798786496,0.5343083957721196,124,122
702,48,True,False,False,midpoint_with_inhaler,0.3437070798786496,0.5343083957721196,124,123
702,48,True,False,False,upper_bound,0.3437070798786496,0.5069549749449321,124,124
702,48,True,False,False,upper_bound_with_inhaler,0.3437070798786496,0.5069549749449321,124,125
702,48,True,False,True,one_hot,0.2828583985720218,0.28285839857202183,124,126
702,48,True,False,True,lower_bound,0.3437070798786496,0.568374362858971,124,127
702,48,True,False,True,midpoint,0.3437070798786496,0.5343083957721196,124,128
702,48,True,False,True,midpoint_with_inhaler,0.3437070798786496,0.5343083957721196,124,129
702,48,True,False,True,upper_bound,0.3437070798786496,0.5069549749449321,124,130
702,48,True,False,True,upper_bound_with_inhaler,0.3437070798786496,0.5069549749449321,124,131
917,12,False,False,False,one_hot,0.4180480042601457,0.4180480042601458,9,0
917,12,False,False,False,lower_bound,1.1276940760091223,1.4482787810763054,9,1
917,12,False,False,False,midpoint,1.1276940760091223,1.459730758865116,9,2
917,12,False,False,False,midpoint_with_inhaler,1.1276940760091223,1.459730758865116,9,3
917,12,False,False,False,upper_bound,1.1276940760091223,1.4024476459762014,9,4
917,12,False,False,False,upper_bound_with_inhaler,1.1276940760091223,1.4024476459762014,9,5
917,12,False,False,True,one_hot,0.4180480042601457,0.4180480042601458,9,6
917,12,False,False,True,lower_bound,1.1276940760091223,1.4482787810763054,9,7
917,12,False,False,True,midpoint,1.1276940760091223,1.459730758865116,9,8
917,12,False,False,True,midpoint_with_inhaler,1.1276940760091223,1.459730758865116,9,9
917,12,False,False,True,upper_bound,1.1276940760091223,1.4024476459762014,9,10
917,12,False,False,True,upper_bound_with_inhaler,1.1276940760091223,1.4024476459762014,9,11
917,12,False,True,False,one_hot,,,9,12
917,12,False,True,False,lower_bound,1.139815372444767,1.0708467708567455,9,13
917,12,False,True,False,midpoint,1.139815372444767,1.0079212132293447,9,14
917,12,False,True,False,midpoint_with_inhaler,1.139815372444767,1.0079212132293447,9,15
917,12,False,True,False,upper_bound,1.139815372444767,0.9439430489091212,9,16
917,12,False,True,False,upper_bound_with_inhaler,1.139815372444767,0.9439430489091212,9,17
917,12,False,True,True,one_hot,,,9,18
917,12,False,True,True,lower_bound,1.139815372444767,1.0708467708567455,9,19
917,12,False,True,True,midpoint,1.139815372444767,1.0079212132293447,9,20
917,12,False,True,True,midpoint_with_inhaler,1.139815372444767,1.0079212132293447,9,21
917,12,False,True,True,upper_bound,1.139815372444767,0.9439430489091212,9,22
917,12,False,True,True,upper_bound_with_inhaler,1.139815372444767,0.9439430489091212,9,23
917,12,True,False,False,one_hot,,,9,24
917,12,True,False,False,lower_bound,0.6850439186774424,0.9659240966937714,9,25
917,12,True,False,False,midpoint,0.6850439186774424,1.0482709997354065,9,26
917,12,True,False,False,midpoint_with_inhaler,0.6850439186774424,1.0482709997354065,9,27
917,12,True,False,False,upper_bound,0.6850439186774424,1.0729483047346626,9,28
917,12,True,False,False,upper_bound_with_inhaler,0.6850439186774424,1.0729483047346626,9,29
917,12,True,False,True,one_hot,,,9,30
917,12,True,False,True,lower_bound,0.6850439186774424,0.9659240966937714,9,31
917,12,True,False,True,midpoint,0.6850439186774424,1.0482709997354065,9,32
917,12,True,False,True,midpoint_with_inhaler,0.6850439186774424,1.0482709997354065,9,33
917,12,True,False,True,upper_bound,0.6850439186774424,1.0729483047346626,9,34
917,12,True,False,True,upper_bound_with_inhaler,0.6850439186774424,1.0729483047346626,9,35
917,24,False,False,False,one_hot,0.4180480042601457,0.4180480042601458,9,36
917,24,False,False,False,lower_bound,0.4823369063947206,0.5478888305271337,9,37
917,24,False,False,False,midpoint,0.4823369063947206,0.512048427351681,9,38
917,24,False,False,False,midpoint_with_inhaler,0.4823369063947206,0.512048427351681,9,39
917,24,False,False,False,upper_bound,0.4823369063947206,0.48121182505960325,9,40
917,24,False,False,False,upper_bound_with_inhaler,0.4823369063947206,0.48121182505960325,9,41
917,24,False,False,True,one_hot,0.4180480042601457,0.4180480042601458,9,42
917,24,False,False,True,lower_bound,0.4823369063947206,0.5478888305271337,9,43
917,24,False,False,True,midpoint,0.4823369063947206,0.512048427351681,9,44
917,24,False,False,True,midpoint_with_inhaler,0.4823369063947206,0.512048427351681,9,45
917,24,False,False,True,upper_bound,0.4823369063947206,0.48121182505960325,9,46
917,24,False,False,True,upper_bound_with_inhaler,0.4823369063947206,0.48121182505960325,9,47
917,24,False,True,False,one_hot,0.05983272786942106,0.05983272786942103,9,48
917,24,False,True,False,lower_bound,0.12510563837834582,0.42563313021278043,9,49
917,24,False,True,False,midpoint,0.12510563837834582,0.4485193709298087,9,50
917,24,False,True,False,midpoint_with_inhaler,0.12510563837834582,0.4485193709298087,9,51
917,24,False,True,False,upper_bound,0.12510563837834582,0.45549013972194474,9,52
917,24,False,True,False,upper_bound_with_inhaler,0.12510563837834582,0.45549013972194474,9,53
917,24,False,True,True,one_hot,0.05983272786942106,0.05983272786942103,9,54
917,24,False,True,True,lower_bound,0.12510563837834582,0.42563313021278043,9,55
917,24,False,True,True,midpoint,0.12510563837834582,0.4485193709298087,9,56
917,24,False,True,True,midpoint_with_inhaler,0.12510563837834582,0.4485193709298087,9,57
917,24,False,True,True,upper_bound,0.12510563837834582,0.45549013972194474,9,58
917,24,False,True,True,upper_bound_with_inhaler,0.12510563837834582,0.45549013972194474,9,59
917,24,True,False,False,one_hot,0.4180480042601457,0.4180480042601458,9,60
917,24,True,False,False,lower_bound,0.4823369063947206,0.5478888305271337,9,61
917,24,True,False,False,midpoint,0.4823369063947206,0.512048427351681,9,62
917,24,True,False,False,midpoint_with_inhaler,0.4823369063947206,0.512048427351681,9,63
917,24,True,False,False,upper_bound,0.4823369063947206,0.48121182505960325,9,64
917,24,True,False,False,upper_bound_with_inhaler,0.4823369063947206,0.48121182505960325,9,65
917,24,True,False,True,one_hot,0.4180480042601457,0.4180480042601458,9,66
917,24,True,False,True,lower_bound,0.4823369063947206,0.5478888305271337,9,67
917,24,True,False,True,midpoint,0.4823369063947206,0.512048427351681,9,68
917,24,True,False,True,midpoint_with_inhaler,0.4823369063947206,0.512048427351681,9,69
917,24,True,False,True,upper_bound,0.4823369063947206,0.48121182505960325,9,70
917,24,True,False,True,upper_bound_with_inhaler,0.4823369063947206,0.48121182505960325,9,71
917,36,False,False,False,one_hot,,,9,72
917,36,False,False,False,lower_bound,1.2195248451776894,1.4175196139336883,9,73
917,36,False,False,False,midpoint,1.2195248451776894,1.2559466499045018,9,74
917,36,False,False,False,midpoint_with_inhaler,1.2195248451776894,1.2559466499045018,9,75
917,36,False,False,False,upper_bound,1.2195248451776894,1.139511364238795,9,76
917,36,False,False,False,upper_bound_with_inhaler,1.2195248451776894,1.139511364238795,9,77
917,36,False,False,True,one_hot,,,9,78
917,36,False,False,True,lower_bound,1.2195248451776894,1.4175196139336883,9,79
917,36,False,False,True,midpoint,1.2195248451776894,1.2559466499045018,9,80
917,36,False,False,True,midpoint_with_inhaler,1.2195248451776894,1.2559466499045018,9,81
917,36,False,False,True,upper_bound,1.2195248451776894,1.139511364238795,9,82
917,36,False,False,True,upper_bound_with_inhaler,1.2195248451776894,1.139511364238795,9,83
917,36,True,False,False,one_hot,,,9,84
917,36,True,False,False,lower_bound,8.326672684688674e-17,0.13932017064563437,9,85
917,36,True,False,False,midpoint,8.326672684688674e-17,0.11678800676163965,9,86
917,36,True,False,False,midpoint_with_inhaler,8.326672684688674e-17,0.11678800676163965,9,87
917,36,True,False,False,upper_bound,8.326672684688674e-17,0.10033534773107558,9,88
917,36,True,False,False,upper_bound_with_inhaler,8.326672684688674e-17,0.10033534773107558,9,89
917,36,True,False,True,one_hot,,,9,90
917,36,True,False,True,lower_bound,8.326672684688674e-17,0.13932017064563437,9,91
917,36,True,False,True,midpoint,8.326672684688674e-17,0.11678800676163965,9,92
917,36,True,False,True,midpoint_with_inhaler,8.326672684688674e-17,0.11678800676163965,9,93
917,36,True,False,True,upper_bound,8.326672684688674e-17,0.10033534773107558,9,94
917,36,True,False,True,upper_bound_with_inhaler,8.326672684688674e-17,0.10033534773107558,9,95
917,48,False,False,False,one_hot,,,9,96
917,48,False,False,False,lower_bound,0.10286002792355005,0.6810003420175771,9,97
917,48,False,False,False,midpoint,0.10286002792355005,0.46968131694962134,9,98
917,48,False,False,False,midpoint_with_inhaler,0.10286002792355005,0.5249690044150408,9,99
917,48,False,False,False,upper_bound,0.10286002792355005,0.27755615322693894,9,100
917,48,False,False,False,upper_bound_with_inhaler,0.10286002792355005,0.34211724914710623,9,101
917,48,False,False,True,one_hot,,,9,102
917,48,False,False,True,lower_bound,0.10286002792355005,0.6810003420175771,9,103
917,48,False,False,True,midpoint,0.10286002792355005,0.46968131694962134,9,104
917,48,False,False,True,midpoint_with_inhaler,0.10286002792355005,0.5249690044150408,9,105
917,48,False,False,True,upper_bound,0.10286002792355005,0.27755615322693894,9,106
917,48,False,False,True,upper_bound_with_inhaler,0.10286002792355005,0.34211724914710623,9,107
917,48,False,True,False,one_hot,-0.32745015023725854,-0.32745015023725854,9,108
917,48,False,True,False,lower_bound,0.1269446978107154,0.24776305808510307,9,109
917,48,False,True,False,midpoint,0.1269446978107154,0.14366816691892675,9,110
917,48,False,True,False,midpoint_with_inhaler,0.1269446978107154,0.14366816691892675,9,111
917,48,False,True,False,upper_bound,0.1269446978107154,0.05596003980172145,9,112
917,48,False,True,False,upper_bound_with_inhaler,0.1269446978107154,0.05596003980172145,9,113
917,48,False,True,True,one_hot,-0.32745015023725854,-0.32745015023725854,9,114
917,48,False,True,True,lower_bound,0.1269446978107154,0.24776305808510307,9,115
917,48,False,True,True,midpoint,0.1269446978107154,0.14366816691892675,9,116
917,48,False,True,True,midpoint_with_inhaler,0.1269446978107154,0.14366816691892675,9,117
917,48,False,True,True,upper_bound,0.1269446978107154,0.05596003980172145,9,118
917,48,False,True,True,upper_bound_with_inhaler,0.1269446978107154,0.05596003980172145,9,119
917,48,True,False,False,one_hot,,,9,120
917,48,True,False,False,lower_bound,0.46750150883587294,0.7479595278380026,9,121
917,48,True,False,False,midpoint,0.46750150883587294,0.7939050421912031,9,122
917,48,True,False,False,midpoint_with_inhaler,0.46750150883587294,0.7939050421912031,9,123
917,48,True,False,False,upper_bound,0.46750150883587294,0.8143519233488112,9,124
917,48,True,False,False,upper_bound_with_inhaler,0.46750150883587294,0.8143519233488112,9,125
917,48,True,False,True,one_hot,,,9,126
917,48,True,False,True,lower_bound,0.46750150883587294,0.7479595278380026,9,127
917,48,True,False,True,midpoint,0.46750150883587294,0.7939050421912031,9,128
917,48,True,False,True,midpoint_with_inhaler,0.46750150883587294,0.7939050421912031,9,129
917,48,True,False,True,upper_bound,0.46750150883587294,0.8143519233488112,9,130
917,48,True,False,True,upper_bound_with_inhaler,0.46750150883587294,0.8143519233488112,9,131
939,12,False,False,False,one_hot,-0.06858784354261895,-0.06858784354261897,158,0
939,12,False,False,False,lower_bound,0.2650394564836354,0.2881762469993657,158,1
939,12,False,False,False,midpoint,0.2650394564836354,0.25686856017017806,158,2
939,12,False,False,False,midpoint_with_inhaler,0.2650394564836354,0.25686856017017806,158,3
939,12,False,False,False,upper_bound,0.2650394564836354,0.22682174741778374,158,4
939,12,False,False,False,upper_bound_with_inhaler,0.2650394564836354,0.22682174741778374,158,5
939,12,False,False,True,one_hot,-0.06858784354261895,-0.06858784354261897,158,6
939,12,False,False,True,lower_bound,0.2650394564836354,0.2881762469993657,158,7
939,12,False,False,True,midpoint,0.2650394564836354,0.25686856017017806,158,8
939,12,False,False,True,midpoint_with_inhaler,0.2650394564836354,0.25686856017017806,158,9
939,12,False,False,True,upper_bound,0.2650394564836354,0.22682174741778374,158,10
939,12,False,False,True,upper_bound_with_inhaler,0.2650394564836354,0.22682174741778374,158,11
939,12,False,True,False,one_hot,,,158,12
939,12,False,True,False,lower_bound,0.30820995928697087,0.4188759221140131,158,13
939,12,False,True,False,midpoint,0.30820995928697087,0.3933982891424983,158,14
939,12,False,True,False,midpoint_with_inhaler,0.30820995928697087,0.3933982891424983,158,15
939,12,False,True,False,upper_bound,0.30820995928697087,0.36414103878044457,158,16
939,12,False,True,False,upper_bound_with_inhaler,0.30820995928697087,0.36414103878044457,158,17
939,12,False,True,True,one_hot,,,158,18
939,12,False,True,True,lower_bound,0.30820995928697087,0.4188759221140131,158,19
939,12,False,True,True,midpoint,0.30820995928697087,0.3933982891424983,158,20
939,12,False,True,True,midpoint_with_inhaler,0.30820995928697087,0.3933982891424983,158,21
939,12,False,True,True,upper_bound,0.30820995928697087,0.36414103878044457,158,22
939,12,False,True,True,upper_bound_with_inhaler,0.30820995928697087,0.36414103878044457,158,23
939,12,True,False,False,one_hot,,,158,24
939,12,True,False,False,lower_bound,0.29395905029909514,0.397119830595139,158,25
939,12,True,False,False,midpoint,0.29395905029909514,0.35995869763983473,158,26
939,12,True,False,False,midpoint_with_inhaler,0.29395905029909514,0.35995869763983473,158,27
939,12,True,False,False,upper_bound,0.29395905029909514,0.32499991971942466,158,28
939,12,True,False,False,upper_bound_with_inhaler,0.29395905029909514,0.32499991971942466,158,29
939,12,True,False,True,one_hot,,,158,30
939,12,True,False,True,lower_bound,0.29395905029909514,0.397119830595139,158,31
939,12,True,False,True,midpoint,0.29395905029909514,0.35995869763983473,158,32
939,12,True,False,True,midpoint_with_inhaler,0.29395905029909514,0.35995869763983473,158,33
939,12,True,False,True,upper_bound,0.29395905029909514,0.32499991971942466,158,34
939,12,True,False,True,upper_bound_with_inhaler,0.29395905029909514,0.32499991971942466,158,35
939,24,False,False,False,one_hot,,,158,36
939,24,False,False,False,lower_bound,0.44912139463610223,0.5024730138467091,158,37
939,24,False,False,False,midpoint,0.44912139463610223,0.4913478687446143,158,38
939,24,False,False,False,midpoint_with_inhaler,0.44912139463610223,0.4913478687446143,158,39
939,24,False,False,False,upper_bound,0.44912139463610223,0.4759532436839555,158,40
939,24,False,False,False,upper_bound_with_inhaler,0.44912139463610223,0.4759532436839555,158,41
939,24,False,False,True,one_hot,,,158,42
939,24,False,False,True,lower_bound,0.44912139463610223,0.5024730138467091,158,43
939,24,False,False,True,midpoint,0.44912139463610223,0.4913478687446143,158,44
939,24,False,False,True,midpoint_with_inhaler,0.44912139463610223,0.4913478687446143,158,45
939,24,False,False,True,upper_bound,0.44912139463610223,0.4759532436839555,158,46
939,24,False,False,True,upper_bound_with_inhaler,0.44912139463610223,0.4759532436839555,158,47
939,24,False,True,False,one_hot,,,158,48
939,24,False,True,False,lower_bound,0.4443554916019748,0.5189221783087428,158,49
939,24,False,True,False,midpoint,0.4443554916019748,0.5352532416349185,158,50
939,24,False,True,False,midpoint_with_inhaler,0.4443554916019748,0.5352532416349185,158,51
939,24,False,True,False,upper_bound,0.4443554916019748,0.5330513112365803,158,52
939,24,False,True,False,upper_bound_with_inhaler,0.4443554916019748,0.5330513112365803,158,53
939,24,False,True,True,one_hot,,,158,54
939,24,False,True,True,lower_bound,0.4443554916019748,0.5189221783087428,158,55
939,24,False,True,True,midpoint,0.4443554916019748,0.5352532416349185,158,56
939,24,False,True,True,midpoint_with_inhaler,0.4443554916019748,0.5352532416349185,158,57
939,24,False,True,True,upper_bound,0.4443554916019748,0.5330513112365803,158,58
939,24,False,True,True,upper_bound_with_inhaler,0.4443554916019748,0.5330513112365803,158,59
939,24,True,False,False,one_hot,,,158,60
939,24,True,False,False,lower_bound,0.44912139463610223,0.5024730138467091,158,61
939,24,True,False,False,midpoint,0.44912139463610223,0.4913478687446143,158,62
939,24,True,False,False,midpoint_with_inhaler,0.44912139463610223,0.4913478687446143,158,63
939,24,True,False,False,upper_bound,0.44912139463610223,0.4759532436839555,158,64
939,24,True,False,False,upper_bound_with_inhaler,0.44912139463610223,0.4759532436839555,158,65
939,24,True,False,True,one_hot,,,158,66
939,24,True,False,True,lower_bound,0.44912139463610223,0.5024730138467091,158,67
939,24,True,False,True,midpoint,0.44912139463610223,0.4913478687446143,158,68
939,24,True,False,True,midpoint_with_inhaler,0.44912139463610223,0.4913478687446143,158,69
939,24,True,False,True,upper_bound,0.44912139463610223,0.4759532436839555,158,70
939,24,True,False,True,upper_bound_with_inhaler,0.44912139463610223,0.4759532436839555,158,71
939,36,False,False,False,one_hot,,,158,72
939,36,False,False,False,lower_bound,0.3929830219356128,0.49548386206168193,158,73
939,36,False,False,False,midpoint,0.3929830219356128,0.44886310512563626,158,74
939,36,False,False,False,midpoint_with_inhaler,0.3929830219356128,0.44886310512563626,158,75
939,36,False,False,False,upper_bound,0.3929830219356128,0.4124948642583383,158,76
939,36,False,False,False,upper_bound_with_inhaler,0.3929830219356128,0.4124948642583383,158,77
939,36,False,False,True,one_hot,,,158,78
939,36,False,False,True,lower_bound,0.3929830219356128,0.49548386206168193,158,79
939,36,False,False,True,midpoint,0.3929830219356128,0.44886310512563626,158,80
939,36,False,False,True,midpoint_with_inhaler,0.3929830219356128,0.44886310512563626,158,81
939,36,False,False,True,upper_bound,0.3929830219356128,0.4124948642583383,158,82
939,36,False,False,True,upper_bound_with_inhaler,0.3929830219356128,0.4124948642583383,158,83
939,36,True,False,False,one_hot,,,158,84
939,36,True,False,False,lower_bound,0.5018932630928563,0.6310079299653376,158,85
939,36,True,False,False,midpoint,0.5018932630928563,0.6577052057820376,158,86
939,36,True,False,False,midpoint_with_inhaler,0.5018932630928563,0.6577052057820376,158,87
939,36,True,False,False,upper_bound,0.5018932630928563,0.6597285003559074,158,88
939,36,True,False,False,upper_bound_with_inhaler,0.5018932630928563,0.6597285003559074,158,89
939,36,True,False,True,one_hot,,,158,90
939,36,True,False,True,lower_bound,0.5018932630928563,0.6310079299653376,158,91
939,36,True,False,True,midpoint,0.5018932630928563,0.6577052057820376,158,92
939,36,True,False,True,midpoint_with_inhaler,0.5018932630928563,0.6577052057820376,158,93
939,36,True,False,True,upper_bound,0.5018932630928563,0.6597285003559074,158,94
939,36,True,False,True,upper_bound_with_inhaler,0.5018932630928563,0.6597285003559074,158,95
939,48,False,False,False,one_hot,,,158,96
939,48,False,False,False,lower_bound,0.3977845363912683,0.5224755549633724,158,97
939,48,False,False,False,midpoint,0.3977845363912683,0.4395185127185301,158,98
939,48,False,False,False,midpoint_with_inhaler,0.3977845363912683,0.45924235528947166,158,99
939,48,False,False,False,upper_bound,0.3721028293172119,0.3723118358145318,158,100
939,48,False,False,False,upper_bound_with_inhaler,0.3977845363912683,0.43494702708985916,158,101
939,48,False,False,True,one_hot,,,158,102
939,48,False,False,True,lower_bound,0.3977845363912683,0.5224755549633724,158,103
939,48,False,False,True,midpoint,0.3977845363912683,0.4395185127185301,158,104
939,48,False,False,True,midpoint_with_inhaler,0.3977845363912683,0.45924235528947166,158,105
939,48,False,False,True,upper_bound,0.3721028293172119,0.3723118358145318,158,106
939,48,False,False,True,upper_bound_with_inhaler,0.3977845363912683,0.43494702708985916,158,107
939,48,False,True,False,one_hot,,,158,108
939,48,False,True,False,lower_bound,0.2816369118761532,0.3913777945774786,158,109
939,48,False,True,False,midpoint,0.2816369118761532,0.3667354253807141,158,110
939,48,False,True,False,midpoint_with_inhaler,0.2816369118761532,0.3667354253807141,158,111
939,48,False,True,False,upper_bound,0.2816369118761532,0.3399422357444435,158,112
939,48,False,True,False,upper_bound_with_inhaler,0.2816369118761532,0.3399422357444435,158,113
939,48,False,True,True,one_hot,,,158,114
939,48,False,True,True,lower_bound,0.2816369118761532,0.3913777945774786,158,115
939,48,False,True,True,midpoint,0.2816369118761532,0.3667354253807141,158,116
939,48,False,True,True,midpoint_with_inhaler,0.2816369118761532,0.3667354253807141,158,117
939,48,False,True,True,upper_bound,0.2816369118761532,0.3399422357444435,158,118
939,48,False,True,True,upper_bound_with_inhaler,0.2816369118761532,0.3399422357444435,158,119
939,48,True,False,False,one_hot,-0.06858784354261895,-0.06858784354261897,158,120
939,48,True,False,False,lower_bound,0.12639513714560083,0.2301411867905911,158,121
939,48,True,False,False,midpoint,0.12639513714560083,0.19301980064730118,158,122
939,48,True,False,False,midpoint_with_inhaler,0.12639513714560083,0.19301980064730118,158,123
939,48,True,False,False,upper_bound,0.12639513714560083,0.16415965340986688,158,124
939,48,True,False,False,upper_bound_with_inhaler,0.12639513714560083,0.16415965340986688,158,125
939,48,True,False,True,one_hot,-0.06858784354261895,-0.06858784354261897,158,126
939,48,True,False,True,lower_bound,0.12639513714560083,0.2301411867905911,158,127
939,48,True,False,True,midpoint,0.12639513714560083,0.19301980064730118,158,128
939,48,True,False,True,midpoint_with_inhaler,0.12639513714560083,0.19301980064730118,158,129
939,48,True,False,True,upper_bound,0.12639513714560083,0.16415965340986688,158,130
939,48,True,False,True,upper_bound_with_inhaler,0.12639513714560083,0.16415965340986688,158,131
