user_key,timestamp_window,use_daily_max_windows,use_calendar_days,filter_out_zero_usage_entries,categorization_method,spearman_z,pearson_z,sample_size,config_idx
113,12,False,False,False,one_hot,0.16081561023683555,0.16081561023683552,158,0
113,12,False,False,False,lower_bound,0.3722621220007285,0.49335854250848665,158,1
113,12,False,False,False,midpoint,0.3722621220007285,0.4790473844589589,158,2
113,12,False,False,False,midpoint_with_inhaler,0.3722621220007285,0.4790473844589589,158,3
113,12,False,False,False,upper_bound,0.3727265817748115,0.4563692143273938,158,4
113,12,False,False,False,upper_bound_with_inhaler,0.3727265817748115,0.4563692143273938,158,5
113,12,False,False,True,one_hot,0.16081561023683555,0.16081561023683552,158,6
113,12,False,False,True,lower_bound,0.3722621220007285,0.49335854250848665,158,7
113,12,False,False,True,midpoint,0.3722621220007285,0.4790473844589589,158,8
113,12,False,False,True,midpoint_with_inhaler,0.3722621220007285,0.4790473844589589,158,9
113,12,False,False,True,upper_bound,0.3727265817748115,0.4563692143273938,158,10
113,12,False,False,True,upper_bound_with_inhaler,0.3727265817748115,0.4563692143273938,158,11
113,12,False,True,False,one_hot,0.10094346151236239,0.10094346151236237,158,12
113,12,False,True,False,lower_bound,0.2964688553151824,0.33128241460431973,158,13
113,12,False,True,False,midpoint,0.2964688553151824,0.33770383161935635,158,14
113,12,False,True,False,midpoint_with_inhaler,0.2964688553151824,0.33770383161935635,158,15
113,12,False,True,False,upper_bound,0.29641493123221024,0.3320882222468843,158,16
113,12,False,True,False,upper_bound_with_inhaler,0.29641493123221024,0.3320882222468843,158,17
113,12,False,True,True,one_hot,0.10094346151236239,0.10094346151236237,158,18
113,12,False,True,True,lower_bound,0.2964688553151824,0.33128241460431973,158,19
113,12,False,True,True,midpoint,0.2964688553151824,0.33770383161935635,158,20
113,12,False,True,True,midpoint_with_inhaler,0.2964688553151824,0.33770383161935635,158,21
113,12,False,True,True,upper_bound,0.29641493123221024,0.3320882222468843,158,22
113,12,False,True,True,upper_bound_with_inhaler,0.29641493123221024,0.3320882222468843,158,23
113,12,True,False,False,one_hot,0.15125039681948677,0.1512503968194867,158,24
113,12,True,False,False,lower_bound,0.3132353071528315,0.3382196940171606,158,25
113,12,True,False,False,midpoint,0.3132353071528315,0.34213808480055874,158,26
113,12,True,False,False,midpoint_with_inhaler,0.3132353071528315,0.34213808480055874,158,27
113,12,True,False,False,upper_bound,0.3127719607922873,0.33688093379012024,158,28
113,12,True,False,False,upper_bound_with_inhaler,0.3127719607922873,0.33688093379012024,158,29
113,12,True,False,True,one_hot,0.15125039681948677,0.1512503968194867,158,30
113,12,True,False,True,lower_bound,0.3132353071528315,0.3382196940171606,158,31
113,12,True,False,True,midpoint,0.3132353071528315,0.34213808480055874,158,32
113,12,True,False,True,midpoint_with_inhaler,0.3132353071528315,0.34213808480055874,158,33
113,12,True,False,True,upper_bound,0.3127719607922873,0.33688093379012024,158,34
113,12,True,False,True,upper_bound_with_inhaler,0.3127719607922873,0.33688093379012024,158,35
113,24,False,False,False,one_hot,0.19404475679978128,0.19404475679978125,158,36
113,24,False,False,False,lower_bound,0.4122312859579671,0.4525698860146045,158,37
113,24,False,False,False,midpoint,0.4122312859579671,0.4512451500696439,158,38
113,24,False,False,False,midpoint_with_inhaler,0.4122312859579671,0.4512451500696439,158,39
113,24,False,False,False,upper_bound,0.4118019232141532,0.4362948059429161,158,40
113,24,False,False,False,upper_bound_with_inhaler,0.4118019232141532,0.4362948059429161,158,41
113,24,False,False,True,one_hot,0.19404475679978128,0.19404475679978125,158,42
113,24,False,False,True,lower_bound,0.4122312859579671,0.4525698860146045,158,43
113,24,False,False,True,midpoint,0.4122312859579671,0.4512451500696439,158,44
113,24,False,False,True,midpoint_with_inhaler,0.4122312859579671,0.4512451500696439,158,45
113,24,False,False,True,upper_bound,0.4118019232141532,0.4362948059429161,158,46
113,24,False,False,True,upper_bound_with_inhaler,0.4118019232141532,0.4362948059429161,158,47
113,24,False,True,False,one_hot,0.012804071166409218,0.012804071166409171,158,48
113,24,False,True,False,lower_bound,0.15923030872830604,0.2971060592394424,158,49
113,24,False,True,False,midpoint,0.15923030872830604,0.2826633529720769,158,50
113,24,False,True,False,midpoint_with_inhaler,0.15923030872830604,0.2826633529720769,158,51
113,24,False,True,False,upper_bound,0.158515269929258,0.2678461772470256,158,52
113,24,False,True,False,upper_bound_with_inhaler,0.158515269929258,0.2678461772470256,158,53
113,24,False,True,True,one_hot,0.012804071166409218,0.012804071166409171,158,54
113,24,False,True,True,lower_bound,0.15923030872830604,0.2971060592394424,158,55
113,24,False,True,True,midpoint,0.15923030872830604,0.2826633529720769,158,56
113,24,False,True,True,midpoint_with_inhaler,0.15923030872830604,0.2826633529720769,158,57
113,24,False,True,True,upper_bound,0.158515269929258,0.2678461772470256,158,58
113,24,False,True,True,upper_bound_with_inhaler,0.158515269929258,0.2678461772470256,158,59
113,24,True,False,False,one_hot,0.19404475679978128,0.19404475679978125,158,60
113,24,True,False,False,lower_bound,0.4122312859579671,0.4525698860146045,158,61
113,24,True,False,False,midpoint,0.4122312859579671,0.4512451500696439,158,62
113,24,True,False,False,midpoint_with_inhaler,0.4122312859579671,0.4512451500696439,158,63
113,24,True,False,False,upper_bound,0.4118019232141532,0.4362948059429161,158,64
113,24,True,False,False,upper_bound_with_inhaler,0.4118019232141532,0.4362948059429161,158,65
113,24,True,False,True,one_hot,0.19404475679978128,0.19404475679978125,158,66
113,24,True,False,True,lower_bound,0.4122312859579671,0.4525698860146045,158,67
113,24,True,False,True,midpoint,0.4122312859579671,0.4512451500696439,158,68
113,24,True,False,True,midpoint_with_inhaler,0.4122312859579671,0.4512451500696439,158,69
113,24,True,False,True,upper_bound,0.4118019232141532,0.4362948059429161,158,70
113,24,True,False,True,upper_bound_with_inhaler,0.4118019232141532,0.4362948059429161,158,71
113,36,False,False,False,one_hot,-0.018250322682810412,-0.018250322682810394,158,72
113,36,False,False,False,lower_bound,0.3437502074223828,0.4198274435081176,158,73
113,36,False,False,False,midpoint,0.3437502074223828,0.42732035123830675,158,74
113,36,False,False,False,midpoint_with_inhaler,0.3437502074223828,0.4272092194679085,158,75
113,36,False,False,False,upper_bound,0.3431790099487847,0.4161653076505599,158,76
113,36,False,False,False,upper_bound_with_inhaler,0.3437502074223828,0.420567351903227,158,77
113,36,False,False,True,one_hot,-0.018250322682810412,-0.018250322682810394,158,78
113,36,False,False,True,lower_bound,0.3437502074223828,0.4198274435081176,158,79
113,36,False,False,True,midpoint,0.3437502074223828,0.42732035123830675,158,80
113,36,False,False,True,midpoint_with_inhaler,0.3437502074223828,0.4272092194679085,158,81
113,36,False,False,True,upper_bound,0.3431790099487847,0.4161653076505599,158,82
113,36,False,False,True,upper_bound_with_inhaler,0.3437502074223828,0.420567351903227,158,83
113,36,True,False,False,one_hot,0.23236740664905398,0.23236740664905392,158,84
113,36,True,False,False,lower_bound,0.24722847318356145,0.2840028607748188,158,85
113,36,True,False,False,midpoint,0.24722847318356145,0.2741794996359664,158,86
113,36,True,False,False,midpoint_with_inhaler,0.24722847318356145,0.2741794996359664,158,87
113,36,True,False,False,upper_bound,0.24613759178343386,0.262506913599018,158,88
113,36,True,False,False,upper_bound_with_inhaler,0.24613759178343386,0.262506913599018,158,89
113,36,True,False,True,one_hot,0.23236740664905398,0.23236740664905392,158,90
113,36,True,False,True,lower_bound,0.24722847318356145,0.2840028607748188,158,91
113,36,True,False,True,midpoint,0.24722847318356145,0.2741794996359664,158,92
113,36,True,False,True,midpoint_with_inhaler,0.24722847318356145,0.2741794996359664,158,93
113,36,True,False,True,upper_bound,0.24613759178343386,0.262506913599018,158,94
113,36,True,False,True,upper_bound_with_inhaler,0.24613759178343386,0.262506913599018,158,95
113,48,False,False,False,one_hot,0.05919529842272937,0.059195298422729366,158,96
113,48,False,False,False,lower_bound,0.2859029831893815,0.35849372189900974,158,97
113,48,False,False,False,midpoint,0.2859029831893815,0.3737365913768578,158,98
113,48,False,False,False,midpoint_with_inhaler,0.2859029831893815,0.3730016953528456,158,99
113,48,False,False,False,upper_bound,0.2852982482815707,0.3740824546226822,158,100
113,48,False,False,False,upper_bound_with_inhaler,0.2859029831893815,0.3800523513405559,158,101
113,48,False,False,True,one_hot,0.05919529842272937,0.059195298422729366,158,102
113,48,False,False,True,lower_bound,0.2859029831893815,0.35849372189900974,158,103
113,48,False,False,True,midpoint,0.2859029831893815,0.3737365913768578,158,104
113,48,False,False,True,midpoint_with_inhaler,0.2859029831893815,0.3730016953528456,158,105
113,48,False,False,True,upper_bound,0.2852982482815707,0.3740824546226822,158,106
113,48,False,False,True,upper_bound_with_inhaler,0.2859029831893815,0.3800523513405559,158,107
113,48,False,True,False,one_hot,0.13065659491212486,0.13065659491212486,158,108
113,48,False,True,False,lower_bound,0.0972565214025514,0.03727984519002362,158,109
113,48,False,True,False,midpoint,0.0972565214025514,0.06486693040313975,158,110
113,48,False,True,False,midpoint_with_inhaler,0.0972565214025514,0.06486693040313975,158,111
113,48,False,True,False,upper_bound,0.09725868093988538,0.08270555753312375,158,112
113,48,False,True,False,upper_bound_with_inhaler,0.09725868093988538,0.08270555753312375,158,113
113,48,False,True,True,one_hot,0.13065659491212486,0.13065659491212486,158,114
113,48,False,True,True,lower_bound,0.0972565214025514,0.03727984519002362,158,115
113,48,False,True,True,midpoint,0.0972565214025514,0.06486693040313975,158,116
113,48,False,True,True,midpoint_with_inhaler,0.0972565214025514,0.06486693040313975,158,117
113,48,False,True,True,upper_bound,0.09725868093988538,0.08270555753312375,158,118
113,48,False,True,True,upper_bound_with_inhaler,0.09725868093988538,0.08270555753312375,158,119
113,48,True,False,False,one_hot,0.09096158838736282,0.09096158838736287,158,120
113,48,True,False,False,lower_bound,0.12902441681226604,0.12827412918343786,158,121
113,48,True,False,False,midpoint,0.12902441681226604,0.15020618936870675,158,122
113,48,True,False,False,midpoint_with_inhaler,0.12902441681226604,0.15020618936870675,158,123
113,48,True,False,False,upper_bound,0.12890502548524446,0.16328701308222032,158,124
113,48,True,False,False,upper_bound_with_inhaler,0.12890502548524446,0.16328701308222032,158,125
113,48,True,False,True,one_hot,0.09096158838736282,0.09096158838736287,158,126
113,48,True,False,True,lower_bound,0.12902441681226604,0.12827412918343786,158,127
113,48,True,False,True,midpoint,0.12902441681226604,0.15020618936870675,158,128
113,48,True,False,True,midpoint_with_inhaler,0.12902441681226604,0.15020618936870675,158,129
113,48,True,False,True,upper_bound,0.12890502548524446,0.16328701308222032,158,130
113,48,True,False,True,upper_bound_with_inhaler,0.12890502548524446,0.16328701308222032,158,131
190,12,False,False,False,one_hot,-0.2688725760190977,-0.26887257601909775,19,0
190,12,False,False,False,lower_bound,-0.2688725760190977,-0.26887257601909775,19,1
190,12,False,False,False,midpoint,-0.2688725760190977,-0.26887257601909764,19,2
190,12,False,False,False,midpoint_with_inhaler,-0.2688725760190977,-0.26887257601909764,19,3
190,12,False,False,False,upper_bound,-0.2688725760190977,-0.26887257601909775,19,4
190,12,False,False,False,upper_bound_with_inhaler,-0.2688725760190977,-0.26887257601909775,19,5
190,12,False,False,True,one_hot,-0.2688725760190977,-0.26887257601909775,19,6
190,12,False,False,True,lower_bound,-0.2688725760190977,-0.26887257601909775,19,7
190,12,False,False,True,midpoint,-0.2688725760190977,-0.26887257601909764,19,8
190,12,False,False,True,midpoint_with_inhaler,-0.2688725760190977,-0.26887257601909764,19,9
190,12,False,False,True,upper_bound,-0.2688725760190977,-0.26887257601909775,19,10
190,12,False,False,True,upper_bound_with_inhaler,-0.2688725760190977,-0.26887257601909775,19,11
190,12,False,True,False,one_hot,0.03582105708309526,0.03582105708309534,19,12
190,12,False,True,False,lower_bound,0.03582105708309526,0.03582105708309534,19,13
190,12,False,True,False,midpoint,0.03582105708309526,0.03582105708309523,19,14
190,12,False,True,False,midpoint_with_inhaler,0.03582105708309526,0.03582105708309523,19,15
190,12,False,True,False,upper_bound,0.03582105708309526,0.03582105708309534,19,16
190,12,False,True,False,upper_bound_with_inhaler,0.03582105708309526,0.03582105708309534,19,17
190,12,False,True,True,one_hot,0.03582105708309526,0.03582105708309534,19,18
190,12,False,True,True,lower_bound,0.03582105708309526,0.03582105708309534,19,19
190,12,False,True,True,midpoint,0.03582105708309526,0.03582105708309523,19,20
190,12,False,True,True,midpoint_with_inhaler,0.03582105708309526,0.03582105708309523,19,21
190,12,False,True,True,upper_bound,0.03582105708309526,0.03582105708309534,19,22
190,12,False,True,True,upper_bound_with_inhaler,0.03582105708309526,0.03582105708309534,19,23
190,12,True,False,False,one_hot,-0.19333742851315747,-0.1933374285131574,19,24
190,12,True,False,False,lower_bound,-0.2551558420790048,-0.2960328886866516,19,25
190,12,True,False,False,midpoint,-0.2551558420790048,-0.2827600958372055,19,26
190,12,True,False,False,midpoint_with_inhaler,-0.2551558420790048,-0.2827600958372055,19,27
190,12,True,False,False,upper_bound,-0.2551558420790048,-0.2701004140079832,19,28
190,12,True,False,False,upper_bound_with_inhaler,-0.2551558420790048,-0.2701004140079832,19,29
190,12,True,False,True,one_hot,-0.19333742851315747,-0.1933374285131574,19,30
190,12,True,False,True,lower_bound,-0.2551558420790048,-0.2960328886866516,19,31
190,12,True,False,True,midpoint,-0.2551558420790048,-0.2827600958372055,19,32
190,12,True,False,True,midpoint_with_inhaler,-0.2551558420790048,-0.2827600958372055,19,33
190,12,True,False,True,upper_bound,-0.2551558420790048,-0.2701004140079832,19,34
190,12,True,False,True,upper_bound_with_inhaler,-0.2551558420790048,-0.2701004140079832,19,35
190,24,False,False,False,one_hot,0.5351989603170041,0.5351989603170043,19,36
190,24,False,False,False,lower_bound,0.38066624966929774,0.16941456737366073,19,37
190,24,False,False,False,midpoint,0.38066624966929774,0.2659010803224424,19,38
190,24,False,False,False,midpoint_with_inhaler,0.38066624966929774,0.2659010803224424,19,39
190,24,False,False,False,upper_bound,0.38066624966929774,0.3254575750723597,19,40
190,24,False,False,False,upper_bound_with_inhaler,0.38066624966929774,0.3254575750723597,19,41
190,24,False,False,True,one_hot,0.5351989603170041,0.5351989603170043,19,42
190,24,False,False,True,lower_bound,0.38066624966929774,0.16941456737366073,19,43
190,24,False,False,True,midpoint,0.38066624966929774,0.2659010803224424,19,44
190,24,False,False,True,midpoint_with_inhaler,0.38066624966929774,0.2659010803224424,19,45
190,24,False,False,True,upper_bound,0.38066624966929774,0.3254575750723597,19,46
190,24,False,False,True,upper_bound_with_inhaler,0.38066624966929774,0.3254575750723597,19,47
190,24,False,True,False,one_hot,0.6723989975323126,0.6723989975323128,19,48
190,24,False,True,False,lower_bound,0.6723989975323126,0.6723989975323128,19,49
190,24,False,True,False,midpoint,0.6723989975323126,0.6723989975323126,19,50
190,24,False,True,False,midpoint_with_inhaler,0.6723989975323126,0.6723989975323126,19,51
190,24,False,True,False,upper_bound,0.6723989975323126,0.6723989975323128,19,52
190,24,False,True,False,upper_bound_with_inhaler,0.6723989975323126,0.6723989975323128,19,53
190,24,False,True,True,one_hot,0.6723989975323126,0.6723989975323128,19,54
190,24,False,True,True,lower_bound,0.6723989975323126,0.6723989975323128,19,55
190,24,False,True,True,midpoint,0.6723989975323126,0.6723989975323126,19,56
190,24,False,True,True,midpoint_with_inhaler,0.6723989975323126,0.6723989975323126,19,57
190,24,False,True,True,upper_bound,0.6723989975323126,0.6723989975323128,19,58
190,24,False,True,True,upper_bound_with_inhaler,0.6723989975323126,0.6723989975323128,19,59
190,24,True,False,False,one_hot,0.5351989603170041,0.5351989603170043,19,60
190,24,True,False,False,lower_bound,0.38066624966929774,0.16941456737366073,19,61
190,24,True,False,False,midpoint,0.38066624966929774,0.2659010803224424,19,62
190,24,True,False,False,midpoint_with_inhaler,0.38066624966929774,0.2659010803224424,19,63
190,24,True,False,False,upper_bound,0.38066624966929774,0.3254575750723597,19,64
190,24,True,False,False,upper_bound_with_inhaler,0.38066624966929774,0.3254575750723597,19,65
190,24,True,False,True,one_hot,0.5351989603170041,0.5351989603170043,19,66
190,24,True,False,True,lower_bound,0.38066624966929774,0.16941456737366073,19,67
190,24,True,False,True,midpoint,0.38066624966929774,0.2659010803224424,19,68
190,24,True,False,True,midpoint_with_inhaler,0.38066624966929774,0.2659010803224424,19,69
190,24,True,False,True,upper_bound,0.38066624966929774,0.3254575750723597,19,70
190,24,True,False,True,upper_bound_with_inhaler,0.38066624966929774,0.3254575750723597,19,71
190,36,False,False,False,one_hot,0.15235374089211765,0.1523537408921177,19,72
190,36,False,False,False,lower_bound,0.11304793162585136,0.06730794575595869,19,73
190,36,False,False,False,midpoint,0.11304793162585136,0.08994415655466001,19,74
190,36,False,False,False,midpoint_with_inhaler,0.11304793162585136,0.08994415655466001,19,75
190,36,False,False,False,upper_bound,0.11304793162585136,0.10450512630117918,19,76
190,36,False,False,False,upper_bound_with_inhaler,0.11304793162585136,0.10450512630117918,19,77
190,36,False,False,True,one_hot,0.15235374089211765,0.1523537408921177,19,78
190,36,False,False,True,lower_bound,0.11304793162585136,0.06730794575595869,19,79
190,36,False,False,True,midpoint,0.11304793162585136,0.08994415655466001,19,80
190,36,False,False,True,midpoint_with_inhaler,0.11304793162585136,0.08994415655466001,19,81
190,36,False,False,True,upper_bound,0.11304793162585136,0.10450512630117918,19,82
190,36,False,False,True,upper_bound_with_inhaler,0.11304793162585136,0.10450512630117918,19,83
190,36,True,False,False,one_hot,0.8392969986870465,0.8392969986870465,19,84
190,36,True,False,False,lower_bound,0.8392969986870465,0.8392969986870465,19,85
190,36,True,False,False,midpoint,0.8392969986870465,0.839296998687046,19,86
190,36,True,False,False,midpoint_with_inhaler,0.8392969986870465,0.839296998687046,19,87
190,36,True,False,False,upper_bound,0.8392969986870465,0.8392969986870465,19,88
190,36,True,False,False,upper_bound_with_inhaler,0.8392969986870465,0.8392969986870465,19,89
190,36,True,False,True,one_hot,0.8392969986870465,0.8392969986870465,19,90
190,36,True,False,True,lower_bound,0.8392969986870465,0.8392969986870465,19,91
190,36,True,False,True,midpoint,0.8392969986870465,0.839296998687046,19,92
190,36,True,False,True,midpoint_with_inhaler,0.8392969986870465,0.839296998687046,19,93
190,36,True,False,True,upper_bound,0.8392969986870465,0.8392969986870465,19,94
190,36,True,False,True,upper_bound_with_inhaler,0.8392969986870465,0.8392969986870465,19,95
190,48,False,False,False,one_hot,0.253762289053812,0.25376228905381204,19,96
190,48,False,False,False,lower_bound,0.2200811752532358,0.18605737585132615,19,97
190,48,False,False,False,midpoint,0.2200811752532358,0.20947121450920772,19,98
190,48,False,False,False,midpoint_with_inhaler,0.2200811752532358,0.20947121450920772,19,99
190,48,False,False,False,upper_bound,0.2200811752532358,0.22744953600579138,19,100
190,48,False,False,False,upper_bound_with_inhaler,0.2200811752532358,0.22744953600579138,19,101
190,48,False,False,True,one_hot,0.253762289053812,0.25376228905381204,19,102
190,48,False,False,True,lower_bound,0.2200811752532358,0.18605737585132615,19,103
190,48,False,False,True,midpoint,0.2200811752532358,0.20947121450920772,19,104
190,48,False,False,True,midpoint_with_inhaler,0.2200811752532358,0.20947121450920772,19,105
190,48,False,False,True,upper_bound,0.2200811752532358,0.22744953600579138,19,106
190,48,False,False,True,upper_bound_with_inhaler,0.2200811752532358,0.22744953600579138,19,107
190,48,False,True,False,one_hot,0.3861482943883967,0.38614829438839676,19,108
190,48,False,True,False,lower_bound,0.3861482943883967,0.38614829438839676,19,109
190,48,False,True,False,midpoint,0.3861482943883967,0.3861482943883967,19,110
190,48,False,True,False,midpoint_with_inhaler,0.3861482943883967,0.3861482943883967,19,111
190,48,False,True,False,upper_bound,0.3861482943883967,0.38614829438839676,19,112
190,48,False,True,False,upper_bound_with_inhaler,0.3861482943883967,0.38614829438839676,19,113
190,48,False,True,True,one_hot,0.3861482943883967,0.38614829438839676,19,114
190,48,False,True,True,lower_bound,0.3861482943883967,0.38614829438839676,19,115
190,48,False,True,True,midpoint,0.3861482943883967,0.3861482943883967,19,116
190,48,False,True,True,midpoint_with_inhaler,0.3861482943883967,0.3861482943883967,19,117
190,48,False,True,True,upper_bound,0.3861482943883967,0.38614829438839676,19,118
190,48,False,True,True,upper_bound_with_inhaler,0.3861482943883967,0.38614829438839676,19,119
190,48,True,False,False,one_hot,0.15235374089211762,0.15235374089211765,19,120
190,48,True,False,False,lower_bound,0.15235374089211762,0.15235374089211765,19,121
190,48,True,False,False,midpoint,0.15235374089211762,0.1523537408921177,19,122
190,48,True,False,False,midpoint_with_inhaler,0.15235374089211762,0.1523537408921177,19,123
190,48,True,False,False,upper_bound,0.15235374089211762,0.15235374089211765,19,124
190,48,True,False,False,upper_bound_with_inhaler,0.15235374089211762,0.15235374089211765,19,125
190,48,True,False,True,one_hot,0.15235374089211762,0.15235374089211765,19,126
190,48,True,False,True,lower_bound,0.15235374089211762,0.15235374089211765,19,127
190,48,True,False,True,midpoint,0.15235374089211762,0.1523537408921177,19,128
190,48,True,False,True,midpoint_with_inhaler,0.15235374089211762,0.1523537408921177,19,129
190,48,True,False,True,upper_bound,0.15235374089211762,0.15235374089211765,19,130
190,48,True,False,True,upper_bound_with_inhaler,0.15235374089211762,0.15235374089211765,19,131
294,12,False,False,False,one_hot,-0.031129758516050057,-0.031129758516050064,173,0
294,12,False,False,False,lower_bound,0.25119385546028516,0.27355457603254124,173,1
294,12,False,False,False,midpoint,0.25119385546028516,0.2855785743314742,173,2
294,12,False,False,False,midpoint_with_inhaler,0.25119385546028516,0.2855785743314742,173,3
294,12,False,False,False,upper_bound,0.25119385546028516,0.28981238924599995,173,4
294,12,False,False,False,upper_bound_with_inhaler,0.25119385546028516,0.28981238924599995,173,5
294,12,False,False,True,one_hot,-0.031129758516050057,-0.031129758516050064,173,6
294,12,False,False,True,lower_bound,0.25119385546028516,0.27355457603254124,173,7
294,12,False,False,True,midpoint,0.25119385546028516,0.2855785743314742,173,8
294,12,False,False,True,midpoint_with_inhaler,0.25119385546028516,0.2855785743314742,173,9
294,12,False,False,True,upper_bound,0.25119385546028516,0.28981238924599995,173,10
294,12,False,False,True,upper_bound_with_inhaler,0.25119385546028516,0.28981238924599995,173,11
294,12,False,True,False,one_hot,,,173,12
294,12,False,True,False,lower_bound,0.507839399579963,0.4139934822554751,173,13
294,12,False,True,False,midpoint,0.507839399579963,0.4681978273990593,173,14
294,12,False,True,False,midpoint_with_inhaler,0.507839399579963,0.46377916999422303,173,15
294,12,False,True,False,upper_bound,0.5118681647304392,0.5008083680577653,173,16
294,12,False,True,False,upper_bound_with_inhaler,0.507839399579963,0.4860507298177648,173,17
294,12,False,True,True,one_hot,,,173,18
294,12,False,True,True,lower_bound,0.507839399579963,0.4139934822554751,173,19
294,12,False,True,True,midpoint,0.507839399579963,0.4681978273990593,173,20
294,12,False,True,True,midpoint_with_inhaler,0.507839399579963,0.46377916999422303,173,21
294,12,False,True,True,upper_bound,0.5118681647304392,0.5008083680577653,173,22
294,12,False,True,True,upper_bound_with_inhaler,0.507839399579963,0.4860507298177648,173,23
294,12,True,False,False,one_hot,,,173,24
294,12,True,False,False,lower_bound,0.5029396775043317,0.4512205796189747,173,25
294,12,True,False,False,midpoint,0.5029396775043317,0.4829768972403363,173,26
294,12,True,False,False,midpoint_with_inhaler,0.5029396775043317,0.4822310616256602,173,27
294,12,True,False,False,upper_bound,0.5023602401960309,0.4962055199634676,173,28
294,12,True,False,False,upper_bound_with_inhaler,0.5029396775043317,0.49562608748028963,173,29
294,12,True,False,True,one_hot,,,173,30
294,12,True,False,True,lower_bound,0.5029396775043317,0.4512205796189747,173,31
294,12,True,False,True,midpoint,0.5029396775043317,0.4829768972403363,173,32
294,12,True,False,True,midpoint_with_inhaler,0.5029396775043317,0.4822310616256602,173,33
294,12,True,False,True,upper_bound,0.5023602401960309,0.4962055199634676,173,34
294,12,True,False,True,upper_bound_with_inhaler,0.5029396775043317,0.49562608748028963,173,35
294,24,False,False,False,one_hot,,,173,36
294,24,False,False,False,lower_bound,0.6526870063163942,0.6557409298713468,173,37
294,24,False,False,False,midpoint,0.6526870063163942,0.6574250284169223,173,38
294,24,False,False,False,midpoint_with_inhaler,0.6526870063163942,0.6597356811847221,173,39
294,24,False,False,False,upper_bound,0.6498402449877418,0.6403876021791386,173,40
294,24,False,False,False,upper_bound_with_inhaler,0.6526870063163942,0.6495382240336207,173,41
294,24,False,False,True,one_hot,,,173,42
294,24,False,False,True,lower_bound,0.6526870063163942,0.6557409298713468,173,43
294,24,False,False,True,midpoint,0.6526870063163942,0.6574250284169223,173,44
294,24,False,False,True,midpoint_with_inhaler,0.6526870063163942,0.6597356811847221,173,45
294,24,False,False,True,upper_bound,0.6498402449877418,0.6403876021791386,173,46
294,24,False,False,True,upper_bound_with_inhaler,0.6526870063163942,0.6495382240336207,173,47
294,24,False,True,False,one_hot,,,173,48
294,24,False,True,False,lower_bound,0.49837844955770505,0.45637184072920806,173,49
294,24,False,True,False,midpoint,0.49837844955770505,0.4853495851242291,173,50
294,24,False,True,False,midpoint_with_inhaler,0.49837844955770505,0.4853495851242291,173,51
294,24,False,True,False,upper_bound,0.49837844955770505,0.5008887183757051,173,52
294,24,False,True,False,upper_bound_with_inhaler,0.49837844955770505,0.5008887183757051,173,53
294,24,False,True,True,one_hot,,,173,54
294,24,False,True,True,lower_bound,0.49837844955770505,0.45637184072920806,173,55
294,24,False,True,True,midpoint,0.49837844955770505,0.4853495851242291,173,56
294,24,False,True,True,midpoint_with_inhaler,0.49837844955770505,0.4853495851242291,173,57
294,24,False,True,True,upper_bound,0.49837844955770505,0.5008887183757051,173,58
294,24,False,True,True,upper_bound_with_inhaler,0.49837844955770505,0.5008887183757051,173,59
294,24,True,False,False,one_hot,,,173,60
294,24,True,False,False,lower_bound,0.6526870063163942,0.6557409298713468,173,61
294,24,True,False,False,midpoint,0.6526870063163942,0.6574250284169223,173,62
294,24,True,False,False,midpoint_with_inhaler,0.6526870063163942,0.6597356811847221,173,63
294,24,True,False,False,upper_bound,0.6498402449877418,0.6403876021791386,173,64
294,24,True,False,False,upper_bound_with_inhaler,0.6526870063163942,0.6495382240336207,173,65
294,24,True,False,True,one_hot,,,173,66
294,24,True,False,True,lower_bound,0.6526870063163942,0.6557409298713468,173,67
294,24,True,False,True,midpoint,0.6526870063163942,0.6574250284169223,173,68
294,24,True,False,True,midpoint_with_inhaler,0.6526870063163942,0.6597356811847221,173,69
294,24,True,False,True,upper_bound,0.6498402449877418,0.6403876021791386,173,70
294,24,True,False,True,upper_bound_with_inhaler,0.6526870063163942,0.6495382240336207,173,71
294,36,False,False,False,one_hot,,,173,72
294,36,False,False,False,lower_bound,0.5041640521204613,0.49933006302353095,173,73
294,36,False,False,False,midpoint,0.5041640521204613,0.5067846586594832,173,74
294,36,False,False,False,midpoint_with_inhaler,0.5041640521204613,0.5182792008749966,173,75
294,36,False,False,False,upper_bound,0.46158030207575607,0.49156060291981196,173,76
294,36,False,False,False,upper_bound_with_inhaler,0.5041640521204613,0.510640741339411,173,77
294,36,False,False,True,one_hot,,,173,78
294,36,False,False,True,lower_bound,0.5041640521204613,0.49933006302353095,173,79
294,36,False,False,True,midpoint,0.5041640521204613,0.5067846586594832,173,80
294,36,False,False,True,midpoint_with_inhaler,0.5041640521204613,0.5182792008749966,173,81
294,36,False,False,True,upper_bound,0.46158030207575607,0.49156060291981196,173,82
294,36,False,False,True,upper_bound_with_inhaler,0.5041640521204613,0.510640741339411,173,83
294,36,True,False,False,one_hot,,,173,84
294,36,True,False,False,lower_bound,0.44935678641742655,0.42241969748487196,173,85
294,36,True,False,False,midpoint,0.44935678641742655,0.4413233952850221,173,86
294,36,True,False,False,midpoint_with_inhaler,0.44935678641742655,0.4434028356625258,173,87
294,36,True,False,False,upper_bound,0.4467310321248148,0.4519514207154702,173,88
294,36,True,False,False,upper_bound_with_inhaler,0.44935678641742655,0.4588160876008309,173,89
294,36,True,False,True,one_hot,,,173,90
294,36,True,False,True,lower_bound,0.44935678641742655,0.42241969748487196,173,91
294,36,True,False,True,midpoint,0.44935678641742655,0.4413233952850221,173,92
294,36,True,False,True,midpoint_with_inhaler,0.44935678641742655,0.4434028356625258,173,93
294,36,True,False,True,upper_bound,0.4467310321248148,0.4519514207154702,173,94
294,36,True,False,True,upper_bound_with_inhaler,0.44935678641742655,0.4588160876008309,173,95
294,48,False,False,False,one_hot,,,173,96
294,48,False,False,False,lower_bound,0.7219399709555444,0.699796339862266,173,97
294,48,False,False,False,midpoint,0.7219399709555444,0.6768697389907364,173,98
294,48,False,False,False,midpoint_with_inhaler,0.7219399709555444,0.7166725868180028,173,99
294,48,False,False,False,upper_bound,0.6303983517058281,0.5941952866510555,173,100
294,48,False,False,False,upper_bound_with_inhaler,0.7219399709555444,0.690156126169793,173,101
294,48,False,False,True,one_hot,,,173,102
294,48,False,False,True,lower_bound,0.7219399709555444,0.699796339862266,173,103
294,48,False,False,True,midpoint,0.7219399709555444,0.6768697389907364,173,104
294,48,False,False,True,midpoint_with_inhaler,0.7219399709555444,0.7166725868180028,173,105
294,48,False,False,True,upper_bound,0.6303983517058281,0.5941952866510555,173,106
294,48,False,False,True,upper_bound_with_inhaler,0.7219399709555444,0.690156126169793,173,107
294,48,False,True,False,one_hot,,,173,108
294,48,False,True,False,lower_bound,0.3620247437969298,0.3748627856179,173,109
294,48,False,True,False,midpoint,0.3620247437969298,0.3785799693477857,173,110
294,48,False,True,False,midpoint_with_inhaler,0.3620247437969298,0.3785799693477857,173,111
294,48,False,True,False,upper_bound,0.3620247437969298,0.3746201419036141,173,112
294,48,False,True,False,upper_bound_with_inhaler,0.3620247437969298,0.3746201419036141,173,113
294,48,False,True,True,one_hot,,,173,114
294,48,False,True,True,lower_bound,0.3620247437969298,0.3748627856179,173,115
294,48,False,True,True,midpoint,0.3620247437969298,0.3785799693477857,173,116
294,48,False,True,True,midpoint_with_inhaler,0.3620247437969298,0.3785799693477857,173,117
294,48,False,True,True,upper_bound,0.3620247437969298,0.3746201419036141,173,118
294,48,False,True,True,upper_bound_with_inhaler,0.3620247437969298,0.3746201419036141,173,119
294,48,True,False,False,one_hot,,,173,120
294,48,True,False,False,lower_bound,0.4551865710405727,0.4086608127814146,173,121
294,48,True,False,False,midpoint,0.4551865710405727,0.4439814292198516,173,122
294,48,True,False,False,midpoint_with_inhaler,0.4551865710405727,0.44045705245469446,173,123
294,48,True,False,False,upper_bound,0.4542053351878063,0.45625173537919284,173,124
294,48,True,False,False,upper_bound_with_inhaler,0.4551865710405727,0.4556368909715557,173,125
294,48,True,False,True,one_hot,,,173,126
294,48,True,False,True,lower_bound,0.4551865710405727,0.4086608127814146,173,127
294,48,True,False,True,midpoint,0.4551865710405727,0.4439814292198516,173,128
294,48,True,False,True,midpoint_with_inhaler,0.4551865710405727,0.44045705245469446,173,129
294,48,True,False,True,upper_bound,0.4542053351878063,0.45625173537919284,173,130
294,48,True,False,True,upper_bound_with_inhaler,0.4551865710405727,0.4556368909715557,173,131
328,12,False,False,False,one_hot,0.5418846257365839,0.541884625736584,17,0
328,12,False,False,False,lower_bound,0.47667345370639874,0.1269107433515565,17,1
328,12,False,False,False,midpoint,0.47667345370639874,0.15852100678666325,17,2
328,12,False,False,False,midpoint_with_inhaler,0.47667345370639874,0.15852100678666325,17,3
328,12,False,False,False,upper_bound,0.47667345370639874,0.1776813162534728,17,4
328,12,False,False,False,upper_bound_with_inhaler,0.47667345370639874,0.1776813162534728,17,5
328,12,False,False,True,one_hot,0.5418846257365839,0.541884625736584,17,6
328,12,False,False,True,lower_bound,0.47667345370639874,0.1269107433515565,17,7
328,12,False,False,True,midpoint,0.47667345370639874,0.15852100678666325,17,8
328,12,False,False,True,midpoint_with_inhaler,0.47667345370639874,0.15852100678666325,17,9
328,12,False,False,True,upper_bound,0.47667345370639874,0.1776813162534728,17,10
328,12,False,False,True,upper_bound_with_inhaler,0.47667345370639874,0.1776813162534728,17,11
328,12,False,True,False,one_hot,0.3155801787685052,0.3155801787685052,17,12
328,12,False,True,False,lower_bound,0.25806804453359594,0.05610664763324886,17,13
328,12,False,True,False,midpoint,0.25806804453359594,0.07818488214664564,17,14
328,12,False,True,False,midpoint_with_inhaler,0.25806804453359594,0.07818488214664564,17,15
328,12,False,True,False,upper_bound,0.25806804453359594,0.09154194364805598,17,16
328,12,False,True,False,upper_bound_with_inhaler,0.25806804453359594,0.09154194364805598,17,17
328,12,False,True,True,one_hot,0.3155801787685052,0.3155801787685052,17,18
328,12,False,True,True,lower_bound,0.25806804453359594,0.05610664763324886,17,19
328,12,False,True,True,midpoint,0.25806804453359594,0.07818488214664564,17,20
328,12,False,True,True,midpoint_with_inhaler,0.25806804453359594,0.07818488214664564,17,21
328,12,False,True,True,upper_bound,0.25806804453359594,0.09154194364805598,17,22
328,12,False,True,True,upper_bound_with_inhaler,0.25806804453359594,0.09154194364805598,17,23
328,12,True,False,False,one_hot,0.4086176764063331,0.40861767640633306,17,24
328,12,True,False,False,lower_bound,0.35030968983465455,0.09154194364805601,17,25
328,12,True,False,False,midpoint,0.35030968983465455,0.11810949303390353,17,26
328,12,True,False,False,midpoint_with_inhaler,0.35030968983465455,0.11810949303390353,17,27
328,12,True,False,False,upper_bound,0.35030968983465455,0.13413199329733966,17,28
328,12,True,False,False,upper_bound_with_inhaler,0.35030968983465455,0.13413199329733966,17,29
328,12,True,False,True,one_hot,0.4086176764063331,0.40861767640633306,17,30
328,12,True,False,True,lower_bound,0.35030968983465455,0.09154194364805601,17,31
328,12,True,False,True,midpoint,0.35030968983465455,0.11810949303390353,17,32
328,12,True,False,True,midpoint_with_inhaler,0.35030968983465455,0.11810949303390353,17,33
328,12,True,False,True,upper_bound,0.35030968983465455,0.13413199329733966,17,34
328,12,True,False,True,upper_bound_with_inhaler,0.35030968983465455,0.13413199329733966,17,35
328,24,False,False,False,one_hot,0.3155801787685052,0.3155801787685052,17,36
328,24,False,False,False,lower_bound,0.2580680445335959,0.056106647633248866,17,37
328,24,False,False,False,midpoint,0.2580680445335959,0.07818488214664564,17,38
328,24,False,False,False,midpoint_with_inhaler,0.2580680445335959,0.07818488214664564,17,39
328,24,False,False,False,upper_bound,0.2580680445335959,0.09154194364805597,17,40
328,24,False,False,False,upper_bound_with_inhaler,0.2580680445335959,0.09154194364805597,17,41
328,24,False,False,True,one_hot,0.3155801787685052,0.3155801787685052,17,42
328,24,False,False,True,lower_bound,0.2580680445335959,0.056106647633248866,17,43
328,24,False,False,True,midpoint,0.2580680445335959,0.07818488214664564,17,44
328,24,False,False,True,midpoint_with_inhaler,0.2580680445335959,0.07818488214664564,17,45
328,24,False,False,True,upper_bound,0.2580680445335959,0.09154194364805597,17,46
328,24,False,False,True,upper_bound_with_inhaler,0.2580680445335959,0.09154194364805597,17,47
328,24,False,True,False,one_hot,0.240218647289261,0.24021864728926104,17,48
328,24,False,True,False,lower_bound,0.17932811819187106,0.09154194364805598,17,49
328,24,False,True,False,midpoint,0.17932811819187106,0.13350074972165252,17,50
328,24,False,True,False,midpoint_with_inhaler,0.17932811819187106,0.13350074972165252,17,51
328,24,False,True,False,upper_bound,0.17932811819187106,0.15882190414610933,17,52
328,24,False,True,False,upper_bound_with_inhaler,0.17932811819187106,0.15882190414610933,17,53
328,24,False,True,True,one_hot,0.240218647289261,0.24021864728926104,17,54
328,24,False,True,True,lower_bound,0.17932811819187106,0.09154194364805598,17,55
328,24,False,True,True,midpoint,0.17932811819187106,0.13350074972165252,17,56
328,24,False,True,True,midpoint_with_inhaler,0.17932811819187106,0.13350074972165252,17,57
328,24,False,True,True,upper_bound,0.17932811819187106,0.15882190414610933,17,58
328,24,False,True,True,upper_bound_with_inhaler,0.17932811819187106,0.15882190414610933,17,59
328,24,True,False,False,one_hot,0.3155801787685052,0.3155801787685052,17,60
328,24,True,False,False,lower_bound,0.2580680445335959,0.056106647633248866,17,61
328,24,True,False,False,midpoint,0.2580680445335959,0.07818488214664564,17,62
328,24,True,False,False,midpoint_with_inhaler,0.2580680445335959,0.07818488214664564,17,63
328,24,True,False,False,upper_bound,0.2580680445335959,0.09154194364805597,17,64
328,24,True,False,False,upper_bound_with_inhaler,0.2580680445335959,0.09154194364805597,17,65
328,24,True,False,True,one_hot,0.3155801787685052,0.3155801787685052,17,66
328,24,True,False,True,lower_bound,0.2580680445335959,0.056106647633248866,17,67
328,24,True,False,True,midpoint,0.2580680445335959,0.07818488214664564,17,68
328,24,True,False,True,midpoint_with_inhaler,0.2580680445335959,0.07818488214664564,17,69
328,24,True,False,True,upper_bound,0.2580680445335959,0.09154194364805597,17,70
328,24,True,False,True,upper_bound_with_inhaler,0.2580680445335959,0.09154194364805597,17,71
328,36,False,False,False,one_hot,0.24021864728926093,0.24021864728926104,17,72
328,36,False,False,False,lower_bound,0.17932811819187108,0.01935524161901026,17,73
328,36,False,False,False,midpoint,0.17932811819187108,0.036977908442580955,17,74
328,36,False,False,False,midpoint_with_inhaler,0.17932811819187108,0.036977908442580955,17,75
328,36,False,False,False,upper_bound,0.17932811819187108,0.047777311743107176,17,76
328,36,False,False,False,upper_bound_with_inhaler,0.17932811819187108,0.047777311743107176,17,77
328,36,False,False,True,one_hot,0.24021864728926093,0.24021864728926104,17,78
328,36,False,False,True,lower_bound,0.17932811819187108,0.01935524161901026,17,79
328,36,False,False,True,midpoint,0.17932811819187108,0.036977908442580955,17,80
328,36,False,False,True,midpoint_with_inhaler,0.17932811819187108,0.036977908442580955,17,81
328,36,False,False,True,upper_bound,0.17932811819187108,0.047777311743107176,17,82
328,36,False,False,True,upper_bound_with_inhaler,0.17932811819187108,0.047777311743107176,17,83
328,36,True,False,False,one_hot,0.06555913024741908,0.06555913024741908,17,84
328,36,True,False,False,lower_bound,0.06555913024741908,0.06555913024741908,17,85
328,36,True,False,False,midpoint,0.06555913024741908,0.0655591302474191,17,86
328,36,True,False,False,midpoint_with_inhaler,0.06555913024741908,0.0655591302474191,17,87
328,36,True,False,False,upper_bound,0.06555913024741908,0.06555913024741908,17,88
328,36,True,False,False,upper_bound_with_inhaler,0.06555913024741908,0.06555913024741908,17,89
328,36,True,False,True,one_hot,0.06555913024741908,0.06555913024741908,17,90
328,36,True,False,True,lower_bound,0.06555913024741908,0.06555913024741908,17,91
328,36,True,False,True,midpoint,0.06555913024741908,0.0655591302474191,17,92
328,36,True,False,True,midpoint_with_inhaler,0.06555913024741908,0.0655591302474191,17,93
328,36,True,False,True,upper_bound,0.06555913024741908,0.06555913024741908,17,94
328,36,True,False,True,upper_bound_with_inhaler,0.06555913024741908,0.06555913024741908,17,95
328,48,False,False,False,one_hot,0.09154194364805601,0.09154194364805601,17,96
328,48,False,False,False,lower_bound,-0.056089339824695196,-0.10053798012967909,17,97
328,48,False,False,False,midpoint,-0.056089339824695196,-0.08996689239627705,17,98
328,48,False,False,False,midpoint_with_inhaler,-0.056089339824695196,-0.08996689239627705,17,99
328,48,False,False,False,upper_bound,-0.056089339824695196,-0.08229234297049816,17,100
328,48,False,False,False,upper_bound_with_inhaler,-0.056089339824695196,-0.08229234297049816,17,101
328,48,False,False,True,one_hot,0.09154194364805601,0.09154194364805601,17,102
328,48,False,False,True,lower_bound,-0.056089339824695196,-0.10053798012967909,17,103
328,48,False,False,True,midpoint,-0.056089339824695196,-0.08996689239627705,17,104
328,48,False,False,True,midpoint_with_inhaler,-0.056089339824695196,-0.08996689239627705,17,105
328,48,False,False,True,upper_bound,-0.056089339824695196,-0.08229234297049816,17,106
328,48,False,False,True,upper_bound_with_inhaler,-0.056089339824695196,-0.08229234297049816,17,107
328,48,False,True,False,one_hot,-0.40861767640633323,-0.40861767640633306,17,108
328,48,False,True,False,lower_bound,-0.40861767640633323,-0.40861767640633306,17,109
328,48,False,True,False,midpoint,-0.40861767640633323,-0.40861767640633306,17,110
328,48,False,True,False,midpoint_with_inhaler,-0.40861767640633323,-0.40861767640633306,17,111
328,48,False,True,False,upper_bound,-0.40861767640633323,-0.40861767640633306,17,112
328,48,False,True,False,upper_bound_with_inhaler,-0.40861767640633323,-0.40861767640633306,17,113
328,48,False,True,True,one_hot,-0.40861767640633323,-0.40861767640633306,17,114
328,48,False,True,True,lower_bound,-0.40861767640633323,-0.40861767640633306,17,115
328,48,False,True,True,midpoint,-0.40861767640633323,-0.40861767640633306,17,116
328,48,False,True,True,midpoint_with_inhaler,-0.40861767640633323,-0.40861767640633306,17,117
328,48,False,True,True,upper_bound,-0.40861767640633323,-0.40861767640633306,17,118
328,48,False,True,True,upper_bound_with_inhaler,-0.40861767640633323,-0.40861767640633306,17,119
328,48,True,False,False,one_hot,0.021519895527224695,0.0215198955272247,17,120
328,48,True,False,False,lower_bound,0.021519895527224695,0.0215198955272247,17,121
328,48,True,False,False,midpoint,0.021519895527224695,0.021519895527224726,17,122
328,48,True,False,False,midpoint_with_inhaler,0.021519895527224695,0.021519895527224726,17,123
328,48,True,False,False,upper_bound,0.021519895527224695,0.0215198955272247,17,124
328,48,True,False,False,upper_bound_with_inhaler,0.021519895527224695,0.0215198955272247,17,125
328,48,True,False,True,one_hot,0.021519895527224695,0.0215198955272247,17,126
328,48,True,False,True,lower_bound,0.021519895527224695,0.0215198955272247,17,127
328,48,True,False,True,midpoint,0.021519895527224695,0.021519895527224726,17,128
328,48,True,False,True,midpoint_with_inhaler,0.021519895527224695,0.021519895527224726,17,129
328,48,True,False,True,upper_bound,0.021519895527224695,0.0215198955272247,17,130
328,48,True,False,True,upper_bound_with_inhaler,0.021519895527224695,0.0215198955272247,17,131
343,12,False,False,False,one_hot,0.2692101181397413,0.26921011813974133,93,0
343,12,False,False,False,lower_bound,0.2692101181397413,0.26921011813974133,93,1
343,12,False,False,False,midpoint,0.2692101181397413,0.26921011813974133,93,2
343,12,False,False,False,midpoint_with_inhaler,0.2692101181397413,0.26921011813974133,93,3
343,12,False,False,False,upper_bound,0.2692101181397413,0.26921011813974133,93,4
343,12,False,False,False,upper_bound_with_inhaler,0.2692101181397413,0.26921011813974133,93,5
343,12,False,False,True,one_hot,0.2692101181397413,0.26921011813974133,93,6
343,12,False,False,True,lower_bound,0.2692101181397413,0.26921011813974133,93,7
343,12,False,False,True,midpoint,0.2692101181397413,0.26921011813974133,93,8
343,12,False,False,True,midpoint_with_inhaler,0.2692101181397413,0.26921011813974133,93,9
343,12,False,False,True,upper_bound,0.2692101181397413,0.26921011813974133,93,10
343,12,False,False,True,upper_bound_with_inhaler,0.2692101181397413,0.26921011813974133,93,11
343,12,False,True,False,one_hot,0.7458956375855093,0.7458956375855095,93,12
343,12,False,True,False,lower_bound,0.7458956375855093,0.7458956375855095,93,13
343,12,False,True,False,midpoint,0.7458956375855093,0.7458956375855093,93,14
343,12,False,True,False,midpoint_with_inhaler,0.7458956375855093,0.7458956375855093,93,15
343,12,False,True,False,upper_bound,0.7458956375855093,0.7458956375855095,93,16
343,12,False,True,False,upper_bound_with_inhaler,0.7458956375855093,0.7458956375855095,93,17
343,12,False,True,True,one_hot,0.7458956375855093,0.7458956375855095,93,18
343,12,False,True,True,lower_bound,0.7458956375855093,0.7458956375855095,93,19
343,12,False,True,True,midpoint,0.7458956375855093,0.7458956375855093,93,20
343,12,False,True,True,midpoint_with_inhaler,0.7458956375855093,0.7458956375855093,93,21
343,12,False,True,True,upper_bound,0.7458956375855093,0.7458956375855095,93,22
343,12,False,True,True,upper_bound_with_inhaler,0.7458956375855093,0.7458956375855095,93,23
343,12,True,False,False,one_hot,0.350492714597561,0.350492714597561,93,24
343,12,True,False,False,lower_bound,0.350492714597561,0.350492714597561,93,25
343,12,True,False,False,midpoint,0.350492714597561,0.350492714597561,93,26
343,12,True,False,False,midpoint_with_inhaler,0.350492714597561,0.350492714597561,93,27
343,12,True,False,False,upper_bound,0.350492714597561,0.350492714597561,93,28
343,12,True,False,False,upper_bound_with_inhaler,0.350492714597561,0.350492714597561,93,29
343,12,True,False,True,one_hot,0.350492714597561,0.350492714597561,93,30
343,12,True,False,True,lower_bound,0.350492714597561,0.350492714597561,93,31
343,12,True,False,True,midpoint,0.350492714597561,0.350492714597561,93,32
343,12,True,False,True,midpoint_with_inhaler,0.350492714597561,0.350492714597561,93,33
343,12,True,False,True,upper_bound,0.350492714597561,0.350492714597561,93,34
343,12,True,False,True,upper_bound_with_inhaler,0.350492714597561,0.350492714597561,93,35
343,24,False,False,False,one_hot,0.3743928844173419,0.374392884417342,93,36
343,24,False,False,False,lower_bound,0.38458988262240834,0.4032296451835513,93,37
343,24,False,False,False,midpoint,0.38458988262240834,0.40139421622239996,93,38
343,24,False,False,False,midpoint_with_inhaler,0.38458988262240834,0.40139421622239996,93,39
343,24,False,False,False,upper_bound,0.38458988262240834,0.39786828831644216,93,40
343,24,False,False,False,upper_bound_with_inhaler,0.38458988262240834,0.39786828831644216,93,41
343,24,False,False,True,one_hot,0.3743928844173419,0.374392884417342,93,42
343,24,False,False,True,lower_bound,0.38458988262240834,0.4032296451835513,93,43
343,24,False,False,True,midpoint,0.38458988262240834,0.40139421622239996,93,44
343,24,False,False,True,midpoint_with_inhaler,0.38458988262240834,0.40139421622239996,93,45
343,24,False,False,True,upper_bound,0.38458988262240834,0.39786828831644216,93,46
343,24,False,False,True,upper_bound_with_inhaler,0.38458988262240834,0.39786828831644216,93,47
343,24,False,True,False,one_hot,0.12975091148746845,0.12975091148746842,93,48
343,24,False,True,False,lower_bound,0.12975091148746845,0.12975091148746842,93,49
343,24,False,True,False,midpoint,0.12975091148746845,0.12975091148746842,93,50
343,24,False,True,False,midpoint_with_inhaler,0.12975091148746845,0.12975091148746842,93,51
343,24,False,True,False,upper_bound,0.12975091148746845,0.12975091148746842,93,52
343,24,False,True,False,upper_bound_with_inhaler,0.12975091148746845,0.12975091148746842,93,53
343,24,False,True,True,one_hot,0.12975091148746845,0.12975091148746842,93,54
343,24,False,True,True,lower_bound,0.12975091148746845,0.12975091148746842,93,55
343,24,False,True,True,midpoint,0.12975091148746845,0.12975091148746842,93,56
343,24,False,True,True,midpoint_with_inhaler,0.12975091148746845,0.12975091148746842,93,57
343,24,False,True,True,upper_bound,0.12975091148746845,0.12975091148746842,93,58
343,24,False,True,True,upper_bound_with_inhaler,0.12975091148746845,0.12975091148746842,93,59
343,24,True,False,False,one_hot,0.3743928844173419,0.374392884417342,93,60
343,24,True,False,False,lower_bound,0.38458988262240834,0.4032296451835513,93,61
343,24,True,False,False,midpoint,0.38458988262240834,0.40139421622239996,93,62
343,24,True,False,False,midpoint_with_inhaler,0.38458988262240834,0.40139421622239996,93,63
343,24,True,False,False,upper_bound,0.38458988262240834,0.39786828831644216,93,64
343,24,True,False,False,upper_bound_with_inhaler,0.38458988262240834,0.39786828831644216,93,65
343,24,True,False,True,one_hot,0.3743928844173419,0.374392884417342,93,66
343,24,True,False,True,lower_bound,0.38458988262240834,0.4032296451835513,93,67
343,24,True,False,True,midpoint,0.38458988262240834,0.40139421622239996,93,68
343,24,True,False,True,midpoint_with_inhaler,0.38458988262240834,0.40139421622239996,93,69
343,24,True,False,True,upper_bound,0.38458988262240834,0.39786828831644216,93,70
343,24,True,False,True,upper_bound_with_inhaler,0.38458988262240834,0.39786828831644216,93,71
343,36,False,False,False,one_hot,0.30521409391977233,0.30521409391977233,93,72
343,36,False,False,False,lower_bound,0.31849538175506914,0.34422929466470636,93,73
343,36,False,False,False,midpoint,0.31849538175506914,0.3375920852872237,93,74
343,36,False,False,False,midpoint_with_inhaler,0.31849538175506914,0.3375920852872237,93,75
343,36,False,False,False,upper_bound,0.31849538175506914,0.3320442248956222,93,76
343,36,False,False,False,upper_bound_with_inhaler,0.31849538175506914,0.3320442248956222,93,77
343,36,False,False,True,one_hot,0.30521409391977233,0.30521409391977233,93,78
343,36,False,False,True,lower_bound,0.31849538175506914,0.34422929466470636,93,79
343,36,False,False,True,midpoint,0.31849538175506914,0.3375920852872237,93,80
343,36,False,False,True,midpoint_with_inhaler,0.31849538175506914,0.3375920852872237,93,81
343,36,False,False,True,upper_bound,0.31849538175506914,0.3320442248956222,93,82
343,36,False,False,True,upper_bound_with_inhaler,0.31849538175506914,0.3320442248956222,93,83
343,36,True,False,False,one_hot,0.06320152884266493,0.06320152884266493,93,84
343,36,True,False,False,lower_bound,0.06320152884266493,0.06320152884266493,93,85
343,36,True,False,False,midpoint,0.06320152884266493,0.06320152884266492,93,86
343,36,True,False,False,midpoint_with_inhaler,0.06320152884266493,0.06320152884266492,93,87
343,36,True,False,False,upper_bound,0.06320152884266493,0.06320152884266493,93,88
343,36,True,False,False,upper_bound_with_inhaler,0.06320152884266493,0.06320152884266493,93,89
343,36,True,False,True,one_hot,0.06320152884266493,0.06320152884266493,93,90
343,36,True,False,True,lower_bound,0.06320152884266493,0.06320152884266493,93,91
343,36,True,False,True,midpoint,0.06320152884266493,0.06320152884266492,93,92
343,36,True,False,True,midpoint_with_inhaler,0.06320152884266493,0.06320152884266492,93,93
343,36,True,False,True,upper_bound,0.06320152884266493,0.06320152884266493,93,94
343,36,True,False,True,upper_bound_with_inhaler,0.06320152884266493,0.06320152884266493,93,95
343,48,False,False,False,one_hot,0.3048668115100801,0.3048668115100801,93,96
343,48,False,False,False,lower_bound,0.2978264354224216,0.24867464970168315,93,97
343,48,False,False,False,midpoint,0.2978264354224216,0.2722146567690071,93,98
343,48,False,False,False,midpoint_with_inhaler,0.2978264354224216,0.2722146567690071,93,99
343,48,False,False,False,upper_bound,0.2978264354224216,0.28340084851799113,93,100
343,48,False,False,False,upper_bound_with_inhaler,0.2978264354224216,0.28340084851799113,93,101
343,48,False,False,True,one_hot,0.3048668115100801,0.3048668115100801,93,102
343,48,False,False,True,lower_bound,0.2978264354224216,0.24867464970168315,93,103
343,48,False,False,True,midpoint,0.2978264354224216,0.2722146567690071,93,104
343,48,False,False,True,midpoint_with_inhaler,0.2978264354224216,0.2722146567690071,93,105
343,48,False,False,True,upper_bound,0.2978264354224216,0.28340084851799113,93,106
343,48,False,False,True,upper_bound_with_inhaler,0.2978264354224216,0.28340084851799113,93,107
343,48,False,True,False,one_hot,0.007635232931342909,0.007635232931342885,93,108
343,48,False,True,False,lower_bound,0.007635232931342909,0.007635232931342885,93,109
343,48,False,True,False,midpoint,0.007635232931342909,0.007635232931342896,93,110
343,48,False,True,False,midpoint_with_inhaler,0.007635232931342909,0.007635232931342896,93,111
343,48,False,True,False,upper_bound,0.007635232931342909,0.007635232931342885,93,112
343,48,False,True,False,upper_bound_with_inhaler,0.007635232931342909,0.007635232931342885,93,113
343,48,False,True,True,one_hot,0.007635232931342909,0.007635232931342885,93,114
343,48,False,True,True,lower_bound,0.007635232931342909,0.007635232931342885,93,115
343,48,False,True,True,midpoint,0.007635232931342909,0.007635232931342896,93,116
343,48,False,True,True,midpoint_with_inhaler,0.007635232931342909,0.007635232931342896,93,117
343,48,False,True,True,upper_bound,0.007635232931342909,0.007635232931342885,93,118
343,48,False,True,True,upper_bound_with_inhaler,0.007635232931342909,0.007635232931342885,93,119
343,48,True,False,False,one_hot,0.035798097312592904,0.03579809731259295,93,120
343,48,True,False,False,lower_bound,0.031094932959133785,0.0090406157974084,93,121
343,48,True,False,False,midpoint,0.031094932959133785,0.017423332356624986,93,122
343,48,True,False,False,midpoint_with_inhaler,0.031094932959133785,0.017423332356624986,93,123
343,48,True,False,False,upper_bound,0.031094932959133785,0.021891977754597225,93,124
343,48,True,False,False,upper_bound_with_inhaler,0.031094932959133785,0.021891977754597225,93,125
343,48,True,False,True,one_hot,0.035798097312592904,0.03579809731259295,93,126
343,48,True,False,True,lower_bound,0.031094932959133785,0.0090406157974084,93,127
343,48,True,False,True,midpoint,0.031094932959133785,0.017423332356624986,93,128
343,48,True,False,True,midpoint_with_inhaler,0.031094932959133785,0.017423332356624986,93,129
343,48,True,False,True,upper_bound,0.031094932959133785,0.021891977754597225,93,130
343,48,True,False,True,upper_bound_with_inhaler,0.031094932959133785,0.021891977754597225,93,131
398,12,False,False,False,one_hot,0.5632090646282755,0.5632090646282755,25,0
398,12,False,False,False,lower_bound,0.5632090646282755,0.5632090646282755,25,1
398,12,False,False,False,midpoint,0.5632090646282755,0.5632090646282755,25,2
398,12,False,False,False,midpoint_with_inhaler,0.5632090646282755,0.5632090646282755,25,3
398,12,False,False,False,upper_bound,0.5632090646282755,0.5632090646282755,25,4
398,12,False,False,False,upper_bound_with_inhaler,0.5632090646282755,0.5632090646282755,25,5
398,12,False,False,True,one_hot,0.5632090646282755,0.5632090646282755,25,6
398,12,False,False,True,lower_bound,0.5632090646282755,0.5632090646282755,25,7
398,12,False,False,True,midpoint,0.5632090646282755,0.5632090646282755,25,8
398,12,False,False,True,midpoint_with_inhaler,0.5632090646282755,0.5632090646282755,25,9
398,12,False,False,True,upper_bound,0.5632090646282755,0.5632090646282755,25,10
398,12,False,False,True,upper_bound_with_inhaler,0.5632090646282755,0.5632090646282755,25,11
398,12,False,True,False,one_hot,0.17640223044070502,0.17640223044070502,25,12
398,12,False,True,False,lower_bound,0.17640223044070502,0.17640223044070502,25,13
398,12,False,True,False,midpoint,0.17640223044070502,0.17640223044070502,25,14
398,12,False,True,False,midpoint_with_inhaler,0.17640223044070502,0.17640223044070502,25,15
398,12,False,True,False,upper_bound,0.17640223044070502,0.17640223044070502,25,16
398,12,False,True,False,upper_bound_with_inhaler,0.17640223044070502,0.17640223044070502,25,17
398,12,False,True,True,one_hot,0.17640223044070502,0.17640223044070502,25,18
398,12,False,True,True,lower_bound,0.17640223044070502,0.17640223044070502,25,19
398,12,False,True,True,midpoint,0.17640223044070502,0.17640223044070502,25,20
398,12,False,True,True,midpoint_with_inhaler,0.17640223044070502,0.17640223044070502,25,21
398,12,False,True,True,upper_bound,0.17640223044070502,0.17640223044070502,25,22
398,12,False,True,True,upper_bound_with_inhaler,0.17640223044070502,0.17640223044070502,25,23
398,12,True,False,False,one_hot,0.2722247079646477,0.2722247079646477,25,24
398,12,True,False,False,lower_bound,0.2722247079646477,0.2722247079646477,25,25
398,12,True,False,False,midpoint,0.2722247079646477,0.2722247079646477,25,26
398,12,True,False,False,midpoint_with_inhaler,0.2722247079646477,0.2722247079646477,25,27
398,12,True,False,False,upper_bound,0.2722247079646477,0.2722247079646477,25,28
398,12,True,False,False,upper_bound_with_inhaler,0.2722247079646477,0.2722247079646477,25,29
398,12,True,False,True,one_hot,0.2722247079646477,0.2722247079646477,25,30
398,12,True,False,True,lower_bound,0.2722247079646477,0.2722247079646477,25,31
398,12,True,False,True,midpoint,0.2722247079646477,0.2722247079646477,25,32
398,12,True,False,True,midpoint_with_inhaler,0.2722247079646477,0.2722247079646477,25,33
398,12,True,False,True,upper_bound,0.2722247079646477,0.2722247079646477,25,34
398,12,True,False,True,upper_bound_with_inhaler,0.2722247079646477,0.2722247079646477,25,35
398,24,False,False,False,one_hot,0.5779425694068322,0.5779425694068322,25,36
398,24,False,False,False,lower_bound,0.5779425694068322,0.5779425694068322,25,37
398,24,False,False,False,midpoint,0.5779425694068322,0.5779425694068322,25,38
398,24,False,False,False,midpoint_with_inhaler,0.5779425694068322,0.5779425694068322,25,39
398,24,False,False,False,upper_bound,0.5779425694068322,0.5779425694068322,25,40
398,24,False,False,False,upper_bound_with_inhaler,0.5779425694068322,0.5779425694068322,25,41
398,24,False,False,True,one_hot,0.5779425694068322,0.5779425694068322,25,42
398,24,False,False,True,lower_bound,0.5779425694068322,0.5779425694068322,25,43
398,24,False,False,True,midpoint,0.5779425694068322,0.5779425694068322,25,44
398,24,False,False,True,midpoint_with_inhaler,0.5779425694068322,0.5779425694068322,25,45
398,24,False,False,True,upper_bound,0.5779425694068322,0.5779425694068322,25,46
398,24,False,False,True,upper_bound_with_inhaler,0.5779425694068322,0.5779425694068322,25,47
398,24,False,True,False,one_hot,0.5632090646282755,0.5632090646282755,25,48
398,24,False,True,False,lower_bound,0.5632090646282755,0.5632090646282755,25,49
398,24,False,True,False,midpoint,0.5632090646282755,0.5632090646282755,25,50
398,24,False,True,False,midpoint_with_inhaler,0.5632090646282755,0.5632090646282755,25,51
398,24,False,True,False,upper_bound,0.5632090646282755,0.5632090646282755,25,52
398,24,False,True,False,upper_bound_with_inhaler,0.5632090646282755,0.5632090646282755,25,53
398,24,False,True,True,one_hot,0.5632090646282755,0.5632090646282755,25,54
398,24,False,True,True,lower_bound,0.5632090646282755,0.5632090646282755,25,55
398,24,False,True,True,midpoint,0.5632090646282755,0.5632090646282755,25,56
398,24,False,True,True,midpoint_with_inhaler,0.5632090646282755,0.5632090646282755,25,57
398,24,False,True,True,upper_bound,0.5632090646282755,0.5632090646282755,25,58
398,24,False,True,True,upper_bound_with_inhaler,0.5632090646282755,0.5632090646282755,25,59
398,24,True,False,False,one_hot,0.5779425694068322,0.5779425694068322,25,60
398,24,True,False,False,lower_bound,0.5779425694068322,0.5779425694068322,25,61
398,24,True,False,False,midpoint,0.5779425694068322,0.5779425694068322,25,62
398,24,True,False,False,midpoint_with_inhaler,0.5779425694068322,0.5779425694068322,25,63
398,24,True,False,False,upper_bound,0.5779425694068322,0.5779425694068322,25,64
398,24,True,False,False,upper_bound_with_inhaler,0.5779425694068322,0.5779425694068322,25,65
398,24,True,False,True,one_hot,0.5779425694068322,0.5779425694068322,25,66
398,24,True,False,True,lower_bound,0.5779425694068322,0.5779425694068322,25,67
398,24,True,False,True,midpoint,0.5779425694068322,0.5779425694068322,25,68
398,24,True,False,True,midpoint_with_inhaler,0.5779425694068322,0.5779425694068322,25,69
398,24,True,False,True,upper_bound,0.5779425694068322,0.5779425694068322,25,70
398,24,True,False,True,upper_bound_with_inhaler,0.5779425694068322,0.5779425694068322,25,71
398,36,False,False,False,one_hot,0.7517788836230028,0.7517788836230028,25,72
398,36,False,False,False,lower_bound,0.7517788836230028,0.7517788836230028,25,73
398,36,False,False,False,midpoint,0.7517788836230028,0.7517788836230024,25,74
398,36,False,False,False,midpoint_with_inhaler,0.7517788836230028,0.7517788836230024,25,75
398,36,False,False,False,upper_bound,0.7517788836230028,0.7517788836230028,25,76
398,36,False,False,False,upper_bound_with_inhaler,0.7517788836230028,0.7517788836230028,25,77
398,36,False,False,True,one_hot,0.7517788836230028,0.7517788836230028,25,78
398,36,False,False,True,lower_bound,0.7517788836230028,0.7517788836230028,25,79
398,36,False,False,True,midpoint,0.7517788836230028,0.7517788836230024,25,80
398,36,False,False,True,midpoint_with_inhaler,0.7517788836230028,0.7517788836230024,25,81
398,36,False,False,True,upper_bound,0.7517788836230028,0.7517788836230028,25,82
398,36,False,False,True,upper_bound_with_inhaler,0.7517788836230028,0.7517788836230028,25,83
398,36,True,False,False,one_hot,0.3398313641010904,0.3398313641010904,25,84
398,36,True,False,False,lower_bound,0.3398313641010904,0.3398313641010904,25,85
398,36,True,False,False,midpoint,0.3398313641010904,0.3398313641010904,25,86
398,36,True,False,False,midpoint_with_inhaler,0.3398313641010904,0.3398313641010904,25,87
398,36,True,False,False,upper_bound,0.3398313641010904,0.3398313641010904,25,88
398,36,True,False,False,upper_bound_with_inhaler,0.3398313641010904,0.3398313641010904,25,89
398,36,True,False,True,one_hot,0.3398313641010904,0.3398313641010904,25,90
398,36,True,False,True,lower_bound,0.3398313641010904,0.3398313641010904,25,91
398,36,True,False,True,midpoint,0.3398313641010904,0.3398313641010904,25,92
398,36,True,False,True,midpoint_with_inhaler,0.3398313641010904,0.3398313641010904,25,93
398,36,True,False,True,upper_bound,0.3398313641010904,0.3398313641010904,25,94
398,36,True,False,True,upper_bound_with_inhaler,0.3398313641010904,0.3398313641010904,25,95
398,48,False,False,False,one_hot,0.49005081449759536,0.4900508144975953,25,96
398,48,False,False,False,lower_bound,0.49005081449759536,0.4900508144975953,25,97
398,48,False,False,False,midpoint,0.49005081449759536,0.4900508144975953,25,98
398,48,False,False,False,midpoint_with_inhaler,0.49005081449759536,0.4900508144975953,25,99
398,48,False,False,False,upper_bound,0.49005081449759536,0.4900508144975953,25,100
398,48,False,False,False,upper_bound_with_inhaler,0.49005081449759536,0.4900508144975953,25,101
398,48,False,False,True,one_hot,0.49005081449759536,0.4900508144975953,25,102
398,48,False,False,True,lower_bound,0.49005081449759536,0.4900508144975953,25,103
398,48,False,False,True,midpoint,0.49005081449759536,0.4900508144975953,25,104
398,48,False,False,True,midpoint_with_inhaler,0.49005081449759536,0.4900508144975953,25,105
398,48,False,False,True,upper_bound,0.49005081449759536,0.4900508144975953,25,106
398,48,False,False,True,upper_bound_with_inhaler,0.49005081449759536,0.4900508144975953,25,107
398,48,False,True,False,one_hot,0.2171964673028853,0.21719646730288525,25,108
398,48,False,True,False,lower_bound,0.2171964673028853,0.21719646730288525,25,109
398,48,False,True,False,midpoint,0.2171964673028853,0.21719646730288522,25,110
398,48,False,True,False,midpoint_with_inhaler,0.2171964673028853,0.21719646730288522,25,111
398,48,False,True,False,upper_bound,0.2171964673028853,0.21719646730288525,25,112
398,48,False,True,False,upper_bound_with_inhaler,0.2171964673028853,0.21719646730288525,25,113
398,48,False,True,True,one_hot,0.2171964673028853,0.21719646730288525,25,114
398,48,False,True,True,lower_bound,0.2171964673028853,0.21719646730288525,25,115
398,48,False,True,True,midpoint,0.2171964673028853,0.21719646730288522,25,116
398,48,False,True,True,midpoint_with_inhaler,0.2171964673028853,0.21719646730288522,25,117
398,48,False,True,True,upper_bound,0.2171964673028853,0.21719646730288525,25,118
398,48,False,True,True,upper_bound_with_inhaler,0.2171964673028853,0.21719646730288525,25,119
398,48,True,False,False,one_hot,0.10755568980847273,0.1075556898084728,25,120
398,48,True,False,False,lower_bound,0.10755568980847273,0.1075556898084728,25,121
398,48,True,False,False,midpoint,0.10755568980847273,0.1075556898084728,25,122
398,48,True,False,False,midpoint_with_inhaler,0.10755568980847273,0.1075556898084728,25,123
398,48,True,False,False,upper_bound,0.10755568980847273,0.1075556898084728,25,124
398,48,True,False,False,upper_bound_with_inhaler,0.10755568980847273,0.1075556898084728,25,125
398,48,True,False,True,one_hot,0.10755568980847273,0.1075556898084728,25,126
398,48,True,False,True,lower_bound,0.10755568980847273,0.1075556898084728,25,127
398,48,True,False,True,midpoint,0.10755568980847273,0.1075556898084728,25,128
398,48,True,False,True,midpoint_with_inhaler,0.10755568980847273,0.1075556898084728,25,129
398,48,True,False,True,upper_bound,0.10755568980847273,0.1075556898084728,25,130
398,48,True,False,True,upper_bound_with_inhaler,0.10755568980847273,0.1075556898084728,25,131
447,12,False,False,False,one_hot,0.0017037003040970746,0.001703700304097087,89,0
447,12,False,False,False,lower_bound,-0.01898532144548263,0.07873047740765608,89,1
447,12,False,False,False,midpoint,-0.01898532144548263,0.040543898097711854,89,2
447,12,False,False,False,midpoint_with_inhaler,-0.01898532144548263,0.040543898097711854,89,3
447,12,False,False,False,upper_bound,-0.01898532144548263,0.015601014255233237,89,4
447,12,False,False,False,upper_bound_with_inhaler,-0.01898532144548263,0.015601014255233237,89,5
447,12,False,False,True,one_hot,0.0017037003040970746,0.001703700304097087,89,6
447,12,False,False,True,lower_bound,-0.01898532144548263,0.07873047740765608,89,7
447,12,False,False,True,midpoint,-0.01898532144548263,0.040543898097711854,89,8
447,12,False,False,True,midpoint_with_inhaler,-0.01898532144548263,0.040543898097711854,89,9
447,12,False,False,True,upper_bound,-0.01898532144548263,0.015601014255233237,89,10
447,12,False,False,True,upper_bound_with_inhaler,-0.01898532144548263,0.015601014255233237,89,11
447,12,False,True,False,one_hot,-0.08710150392933681,-0.0871015039293368,89,12
447,12,False,True,False,lower_bound,-0.2184641478322715,-0.2049950364069029,89,13
447,12,False,True,False,midpoint,-0.2184641478322715,-0.19314104964324103,89,14
447,12,False,True,False,midpoint_with_inhaler,-0.2184641478322715,-0.19314104964324103,89,15
447,12,False,True,False,upper_bound,-0.2184641478322715,-0.17975911036078202,89,16
447,12,False,True,False,upper_bound_with_inhaler,-0.2184641478322715,-0.17975911036078202,89,17
447,12,False,True,True,one_hot,-0.08710150392933681,-0.0871015039293368,89,18
447,12,False,True,True,lower_bound,-0.2184641478322715,-0.2049950364069029,89,19
447,12,False,True,True,midpoint,-0.2184641478322715,-0.19314104964324103,89,20
447,12,False,True,True,midpoint_with_inhaler,-0.2184641478322715,-0.19314104964324103,89,21
447,12,False,True,True,upper_bound,-0.2184641478322715,-0.17975911036078202,89,22
447,12,False,True,True,upper_bound_with_inhaler,-0.2184641478322715,-0.17975911036078202,89,23
447,12,True,False,False,one_hot,0.13506587248079746,0.13506587248079746,89,24
447,12,True,False,False,lower_bound,-0.012366278750426769,0.03921829081191055,89,25
447,12,True,False,False,midpoint,-0.012366278750426769,0.040122750877141074,89,26
447,12,True,False,False,midpoint_with_inhaler,-0.012366278750426769,0.040122750877141074,89,27
447,12,True,False,False,upper_bound,-0.012366278750426769,0.04330267367707993,89,28
447,12,True,False,False,upper_bound_with_inhaler,-0.012366278750426769,0.04330267367707993,89,29
447,12,True,False,True,one_hot,0.13506587248079746,0.13506587248079746,89,30
447,12,True,False,True,lower_bound,-0.012366278750426769,0.03921829081191055,89,31
447,12,True,False,True,midpoint,-0.012366278750426769,0.040122750877141074,89,32
447,12,True,False,True,midpoint_with_inhaler,-0.012366278750426769,0.040122750877141074,89,33
447,12,True,False,True,upper_bound,-0.012366278750426769,0.04330267367707993,89,34
447,12,True,False,True,upper_bound_with_inhaler,-0.012366278750426769,0.04330267367707993,89,35
447,24,False,False,False,one_hot,0.2475256956140224,0.2475256956140224,89,36
447,24,False,False,False,lower_bound,0.09555314322865677,0.23987949533115116,89,37
447,24,False,False,False,midpoint,0.09555314322865677,0.20543698129449295,89,38
447,24,False,False,False,midpoint_with_inhaler,0.09555314322865677,0.20543698129449295,89,39
447,24,False,False,False,upper_bound,0.09555314322865677,0.18082074209616117,89,40
447,24,False,False,False,upper_bound_with_inhaler,0.09555314322865677,0.18082074209616117,89,41
447,24,False,False,True,one_hot,0.2475256956140224,0.2475256956140224,89,42
447,24,False,False,True,lower_bound,0.09555314322865677,0.23987949533115116,89,43
447,24,False,False,True,midpoint,0.09555314322865677,0.20543698129449295,89,44
447,24,False,False,True,midpoint_with_inhaler,0.09555314322865677,0.20543698129449295,89,45
447,24,False,False,True,upper_bound,0.09555314322865677,0.18082074209616117,89,46
447,24,False,False,True,upper_bound_with_inhaler,0.09555314322865677,0.18082074209616117,89,47
447,24,False,True,False,one_hot,0.06941717771691418,0.06941717771691423,89,48
447,24,False,True,False,lower_bound,-0.10827863009419263,0.12728037377675944,89,49
447,24,False,True,False,midpoint,-0.10827863009419263,0.06304330615698354,89,50
447,24,False,True,False,midpoint_with_inhaler,-0.10827863009419263,0.06304330615698354,89,51
447,24,False,True,False,upper_bound,-0.10827863009419263,0.019080125932013976,89,52
447,24,False,True,False,upper_bound_with_inhaler,-0.10827863009419263,0.019080125932013976,89,53
447,24,False,True,True,one_hot,0.06941717771691418,0.06941717771691423,89,54
447,24,False,True,True,lower_bound,-0.10827863009419263,0.12728037377675944,89,55
447,24,False,True,True,midpoint,-0.10827863009419263,0.06304330615698354,89,56
447,24,False,True,True,midpoint_with_inhaler,-0.10827863009419263,0.06304330615698354,89,57
447,24,False,True,True,upper_bound,-0.10827863009419263,0.019080125932013976,89,58
447,24,False,True,True,upper_bound_with_inhaler,-0.10827863009419263,0.019080125932013976,89,59
447,24,True,False,False,one_hot,0.2475256956140224,0.2475256956140224,89,60
447,24,True,False,False,lower_bound,0.09555314322865677,0.23987949533115116,89,61
447,24,True,False,False,midpoint,0.09555314322865677,0.20543698129449295,89,62
447,24,True,False,False,midpoint_with_inhaler,0.09555314322865677,0.20543698129449295,89,63
447,24,True,False,False,upper_bound,0.09555314322865677,0.18082074209616117,89,64
447,24,True,False,False,upper_bound_with_inhaler,0.09555314322865677,0.18082074209616117,89,65
447,24,True,False,True,one_hot,0.2475256956140224,0.2475256956140224,89,66
447,24,True,False,True,lower_bound,0.09555314322865677,0.23987949533115116,89,67
447,24,True,False,True,midpoint,0.09555314322865677,0.20543698129449295,89,68
447,24,True,False,True,midpoint_with_inhaler,0.09555314322865677,0.20543698129449295,89,69
447,24,True,False,True,upper_bound,0.09555314322865677,0.18082074209616117,89,70
447,24,True,False,True,upper_bound_with_inhaler,0.09555314322865677,0.18082074209616117,89,71
447,36,False,False,False,one_hot,-0.053996251886564955,-0.05399625188656497,89,72
447,36,False,False,False,lower_bound,-0.041068629696600634,0.1568069761764507,89,73
447,36,False,False,False,midpoint,-0.041068629696600634,0.11911827449809521,89,74
447,36,False,False,False,midpoint_with_inhaler,-0.041068629696600634,0.11911827449809521,89,75
447,36,False,False,False,upper_bound,-0.041068629696600634,0.0943377916928308,89,76
447,36,False,False,False,upper_bound_with_inhaler,-0.041068629696600634,0.0943377916928308,89,77
447,36,False,False,True,one_hot,-0.053996251886564955,-0.05399625188656497,89,78
447,36,False,False,True,lower_bound,-0.041068629696600634,0.1568069761764507,89,79
447,36,False,False,True,midpoint,-0.041068629696600634,0.11911827449809521,89,80
447,36,False,False,True,midpoint_with_inhaler,-0.041068629696600634,0.11911827449809521,89,81
447,36,False,False,True,upper_bound,-0.041068629696600634,0.0943377916928308,89,82
447,36,False,False,True,upper_bound_with_inhaler,-0.041068629696600634,0.0943377916928308,89,83
447,36,True,False,False,one_hot,-0.0871015039293368,-0.08710150392933678,89,84
447,36,True,False,False,lower_bound,-0.13966696070854798,0.13308670002945172,89,85
447,36,True,False,False,midpoint,-0.13966696070854798,0.06548249679029233,89,86
447,36,True,False,False,midpoint_with_inhaler,-0.13966696070854798,0.06548249679029233,89,87
447,36,True,False,False,upper_bound,-0.13966696070854798,0.01928321505702873,89,88
447,36,True,False,False,upper_bound_with_inhaler,-0.13966696070854798,0.01928321505702873,89,89
447,36,True,False,True,one_hot,-0.0871015039293368,-0.08710150392933678,89,90
447,36,True,False,True,lower_bound,-0.13966696070854798,0.13308670002945172,89,91
447,36,True,False,True,midpoint,-0.13966696070854798,0.06548249679029233,89,92
447,36,True,False,True,midpoint_with_inhaler,-0.13966696070854798,0.06548249679029233,89,93
447,36,True,False,True,upper_bound,-0.13966696070854798,0.01928321505702873,89,94
447,36,True,False,True,upper_bound_with_inhaler,-0.13966696070854798,0.01928321505702873,89,95
447,48,False,False,False,one_hot,-0.04432837371694984,-0.04432837371694986,89,96
447,48,False,False,False,lower_bound,-0.1755670057606635,0.014198171670601447,89,97
447,48,False,False,False,midpoint,-0.1755670057606635,-0.02285092316692241,89,98
447,48,False,False,False,midpoint_with_inhaler,-0.1755670057606635,-0.02285092316692241,89,99
447,48,False,False,False,upper_bound,-0.1755670057606635,-0.048782961435653985,89,100
447,48,False,False,False,upper_bound_with_inhaler,-0.1755670057606635,-0.048782961435653985,89,101
447,48,False,False,True,one_hot,-0.04432837371694984,-0.04432837371694986,89,102
447,48,False,False,True,lower_bound,-0.1755670057606635,0.014198171670601447,89,103
447,48,False,False,True,midpoint,-0.1755670057606635,-0.02285092316692241,89,104
447,48,False,False,True,midpoint_with_inhaler,-0.1755670057606635,-0.02285092316692241,89,105
447,48,False,False,True,upper_bound,-0.1755670057606635,-0.048782961435653985,89,106
447,48,False,False,True,upper_bound_with_inhaler,-0.1755670057606635,-0.048782961435653985,89,107
447,48,False,True,False,one_hot,-0.07110251112704406,-0.07110251112704408,89,108
447,48,False,True,False,lower_bound,-0.14991563311648126,-0.1509381063191129,89,109
447,48,False,True,False,midpoint,-0.14991563311648126,-0.12159722275933667,89,110
447,48,False,True,False,midpoint_with_inhaler,-0.14991563311648126,-0.12159722275933667,89,111
447,48,False,True,False,upper_bound,-0.14991563311648126,-0.09802992054036788,89,112
447,48,False,True,False,upper_bound_with_inhaler,-0.14991563311648126,-0.09802992054036788,89,113
447,48,False,True,True,one_hot,-0.07110251112704406,-0.07110251112704408,89,114
447,48,False,True,True,lower_bound,-0.14991563311648126,-0.1509381063191129,89,115
447,48,False,True,True,midpoint,-0.14991563311648126,-0.12159722275933667,89,116
447,48,False,True,True,midpoint_with_inhaler,-0.14991563311648126,-0.12159722275933667,89,117
447,48,False,True,True,upper_bound,-0.14991563311648126,-0.09802992054036788,89,118
447,48,False,True,True,upper_bound_with_inhaler,-0.14991563311648126,-0.09802992054036788,89,119
447,48,True,False,False,one_hot,-0.08181128935292646,-0.08181128935292648,89,120
447,48,True,False,False,lower_bound,-0.15699060183697114,-0.08748099308971505,89,121
447,48,True,False,False,midpoint,-0.15699060183697114,-0.0969700254800014,89,122
447,48,True,False,False,midpoint_with_inhaler,-0.15699060183697114,-0.0969700254800014,89,123
447,48,True,False,False,upper_bound,-0.15699060183697114,-0.10333070502305003,89,124
447,48,True,False,False,upper_bound_with_inhaler,-0.15699060183697114,-0.10333070502305003,89,125
447,48,True,False,True,one_hot,-0.08181128935292646,-0.08181128935292648,89,126
447,48,True,False,True,lower_bound,-0.15699060183697114,-0.08748099308971505,89,127
447,48,True,False,True,midpoint,-0.15699060183697114,-0.0969700254800014,89,128
447,48,True,False,True,midpoint_with_inhaler,-0.15699060183697114,-0.0969700254800014,89,129
447,48,True,False,True,upper_bound,-0.15699060183697114,-0.10333070502305003,89,130
447,48,True,False,True,upper_bound_with_inhaler,-0.15699060183697114,-0.10333070502305003,89,131
454,12,False,False,False,one_hot,,,2,0
454,12,False,False,False,lower_bound,,,2,1
454,12,False,False,False,midpoint,,,2,2
454,12,False,False,False,midpoint_with_inhaler,,,2,3
454,12,False,False,False,upper_bound,,,2,4
454,12,False,False,False,upper_bound_with_inhaler,,,2,5
454,12,False,False,True,one_hot,,,2,6
454,12,False,False,True,lower_bound,,,2,7
454,12,False,False,True,midpoint,,,2,8
454,12,False,False,True,midpoint_with_inhaler,,,2,9
454,12,False,False,True,upper_bound,,,2,10
454,12,False,False,True,upper_bound_with_inhaler,,,2,11
454,12,False,True,False,one_hot,,,2,12
454,12,False,True,False,lower_bound,,,2,13
454,12,False,True,False,midpoint,,,2,14
454,12,False,True,False,midpoint_with_inhaler,,,2,15
454,12,False,True,False,upper_bound,,,2,16
454,12,False,True,False,upper_bound_with_inhaler,,,2,17
454,12,False,True,True,one_hot,,,2,18
454,12,False,True,True,lower_bound,,,2,19
454,12,False,True,True,midpoint,,,2,20
454,12,False,True,True,midpoint_with_inhaler,,,2,21
454,12,False,True,True,upper_bound,,,2,22
454,12,False,True,True,upper_bound_with_inhaler,,,2,23
454,12,True,False,False,one_hot,,,2,24
454,12,True,False,False,lower_bound,,,2,25
454,12,True,False,False,midpoint,,,2,26
454,12,True,False,False,midpoint_with_inhaler,,,2,27
454,12,True,False,False,upper_bound,,,2,28
454,12,True,False,False,upper_bound_with_inhaler,,,2,29
454,12,True,False,True,one_hot,,,2,30
454,12,True,False,True,lower_bound,,,2,31
454,12,True,False,True,midpoint,,,2,32
454,12,True,False,True,midpoint_with_inhaler,,,2,33
454,12,True,False,True,upper_bound,,,2,34
454,12,True,False,True,upper_bound_with_inhaler,,,2,35
454,24,False,False,False,one_hot,,,2,36
454,24,False,False,False,lower_bound,,,2,37
454,24,False,False,False,midpoint,,,2,38
454,24,False,False,False,midpoint_with_inhaler,,,2,39
454,24,False,False,False,upper_bound,,,2,40
454,24,False,False,False,upper_bound_with_inhaler,,,2,41
454,24,False,False,True,one_hot,,,2,42
454,24,False,False,True,lower_bound,,,2,43
454,24,False,False,True,midpoint,,,2,44
454,24,False,False,True,midpoint_with_inhaler,,,2,45
454,24,False,False,True,upper_bound,,,2,46
454,24,False,False,True,upper_bound_with_inhaler,,,2,47
454,24,False,True,False,one_hot,,,2,48
454,24,False,True,False,lower_bound,,,2,49
454,24,False,True,False,midpoint,,,2,50
454,24,False,True,False,midpoint_with_inhaler,,,2,51
454,24,False,True,False,upper_bound,,,2,52
454,24,False,True,False,upper_bound_with_inhaler,,,2,53
454,24,False,True,True,one_hot,,,2,54
454,24,False,True,True,lower_bound,,,2,55
454,24,False,True,True,midpoint,,,2,56
454,24,False,True,True,midpoint_with_inhaler,,,2,57
454,24,False,True,True,upper_bound,,,2,58
454,24,False,True,True,upper_bound_with_inhaler,,,2,59
454,24,True,False,False,one_hot,,,2,60
454,24,True,False,False,lower_bound,,,2,61
454,24,True,False,False,midpoint,,,2,62
454,24,True,False,False,midpoint_with_inhaler,,,2,63
454,24,True,False,False,upper_bound,,,2,64
454,24,True,False,False,upper_bound_with_inhaler,,,2,65
454,24,True,False,True,one_hot,,,2,66
454,24,True,False,True,lower_bound,,,2,67
454,24,True,False,True,midpoint,,,2,68
454,24,True,False,True,midpoint_with_inhaler,,,2,69
454,24,True,False,True,upper_bound,,,2,70
454,24,True,False,True,upper_bound_with_inhaler,,,2,71
454,36,False,False,False,one_hot,,,2,72
454,36,False,False,False,lower_bound,,,2,73
454,36,False,False,False,midpoint,,,2,74
454,36,False,False,False,midpoint_with_inhaler,,,2,75
454,36,False,False,False,upper_bound,,,2,76
454,36,False,False,False,upper_bound_with_inhaler,,,2,77
454,36,False,False,True,one_hot,,,2,78
454,36,False,False,True,lower_bound,,,2,79
454,36,False,False,True,midpoint,,,2,80
454,36,False,False,True,midpoint_with_inhaler,,,2,81
454,36,False,False,True,upper_bound,,,2,82
454,36,False,False,True,upper_bound_with_inhaler,,,2,83
454,36,True,False,False,one_hot,,,2,84
454,36,True,False,False,lower_bound,,,2,85
454,36,True,False,False,midpoint,,,2,86
454,36,True,False,False,midpoint_with_inhaler,,,2,87
454,36,True,False,False,upper_bound,,,2,88
454,36,True,False,False,upper_bound_with_inhaler,,,2,89
454,36,True,False,True,one_hot,,,2,90
454,36,True,False,True,lower_bound,,,2,91
454,36,True,False,True,midpoint,,,2,92
454,36,True,False,True,midpoint_with_inhaler,,,2,93
454,36,True,False,True,upper_bound,,,2,94
454,36,True,False,True,upper_bound_with_inhaler,,,2,95
454,48,False,False,False,one_hot,,,2,96
454,48,False,False,False,lower_bound,,,2,97
454,48,False,False,False,midpoint,,,2,98
454,48,False,False,False,midpoint_with_inhaler,,,2,99
454,48,False,False,False,upper_bound,,,2,100
454,48,False,False,False,upper_bound_with_inhaler,,,2,101
454,48,False,False,True,one_hot,,,2,102
454,48,False,False,True,lower_bound,,,2,103
454,48,False,False,True,midpoint,,,2,104
454,48,False,False,True,midpoint_with_inhaler,,,2,105
454,48,False,False,True,upper_bound,,,2,106
454,48,False,False,True,upper_bound_with_inhaler,,,2,107
454,48,False,True,False,one_hot,,,2,108
454,48,False,True,False,lower_bound,,,2,109
454,48,False,True,False,midpoint,,,2,110
454,48,False,True,False,midpoint_with_inhaler,,,2,111
454,48,False,True,False,upper_bound,,,2,112
454,48,False,True,False,upper_bound_with_inhaler,,,2,113
454,48,False,True,True,one_hot,,,2,114
454,48,False,True,True,lower_bound,,,2,115
454,48,False,True,True,midpoint,,,2,116
454,48,False,True,True,midpoint_with_inhaler,,,2,117
454,48,False,True,True,upper_bound,,,2,118
454,48,False,True,True,upper_bound_with_inhaler,,,2,119
454,48,True,False,False,one_hot,,,2,120
454,48,True,False,False,lower_bound,,,2,121
454,48,True,False,False,midpoint,,,2,122
454,48,True,False,False,midpoint_with_inhaler,,,2,123
454,48,True,False,False,upper_bound,,,2,124
454,48,True,False,False,upper_bound_with_inhaler,,,2,125
454,48,True,False,True,one_hot,,,2,126
454,48,True,False,True,lower_bound,,,2,127
454,48,True,False,True,midpoint,,,2,128
454,48,True,False,True,midpoint_with_inhaler,,,2,129
454,48,True,False,True,upper_bound,,,2,130
454,48,True,False,True,upper_bound_with_inhaler,,,2,131
473,12,False,False,False,one_hot,0.318621166211929,0.318621166211929,69,0
473,12,False,False,False,lower_bound,0.5655083294213477,0.7630544231467529,69,1
473,12,False,False,False,midpoint,0.5655083294213477,0.7294634278397185,69,2
473,12,False,False,False,midpoint_with_inhaler,0.5655083294213477,0.7294634278397185,69,3
473,12,False,False,False,upper_bound,0.5648083640662617,0.6883380105355739,69,4
473,12,False,False,False,upper_bound_with_inhaler,0.5648083640662617,0.6883380105355739,69,5
473,12,False,False,True,one_hot,0.318621166211929,0.318621166211929,69,6
473,12,False,False,True,lower_bound,0.5655083294213477,0.7630544231467529,69,7
473,12,False,False,True,midpoint,0.5655083294213477,0.7294634278397185,69,8
473,12,False,False,True,midpoint_with_inhaler,0.5655083294213477,0.7294634278397185,69,9
473,12,False,False,True,upper_bound,0.5648083640662617,0.6883380105355739,69,10
473,12,False,False,True,upper_bound_with_inhaler,0.5648083640662617,0.6883380105355739,69,11
473,12,False,True,False,one_hot,0.18156444715279224,0.18156444715279224,69,12
473,12,False,True,False,lower_bound,0.5623639354522866,0.8933282755565795,69,13
473,12,False,True,False,midpoint,0.5623639354522866,0.9418519897318869,69,14
473,12,False,True,False,midpoint_with_inhaler,0.5623639354522866,0.9418519897318869,69,15
473,12,False,True,False,upper_bound,0.5618594886336892,0.966284962530365,69,16
473,12,False,True,False,upper_bound_with_inhaler,0.5618594886336892,0.966284962530365,69,17
473,12,False,True,True,one_hot,0.18156444715279224,0.18156444715279224,69,18
473,12,False,True,True,lower_bound,0.5623639354522866,0.8933282755565795,69,19
473,12,False,True,True,midpoint,0.5623639354522866,0.9418519897318869,69,20
473,12,False,True,True,midpoint_with_inhaler,0.5623639354522866,0.9418519897318869,69,21
473,12,False,True,True,upper_bound,0.5618594886336892,0.966284962530365,69,22
473,12,False,True,True,upper_bound_with_inhaler,0.5618594886336892,0.966284962530365,69,23
473,12,True,False,False,one_hot,0.31071366229123576,0.3107136622912357,69,24
473,12,True,False,False,lower_bound,0.6058496813219066,0.7156876356252271,69,25
473,12,True,False,False,midpoint,0.6058496813219066,0.8117359500157714,69,26
473,12,True,False,False,midpoint_with_inhaler,0.6058496813219066,0.8117359500157714,69,27
473,12,True,False,False,upper_bound,0.6061266850899132,0.8756468070911192,69,28
473,12,True,False,False,upper_bound_with_inhaler,0.6061266850899132,0.8756468070911192,69,29
473,12,True,False,True,one_hot,0.31071366229123576,0.3107136622912357,69,30
473,12,True,False,True,lower_bound,0.6058496813219066,0.7156876356252271,69,31
473,12,True,False,True,midpoint,0.6058496813219066,0.8117359500157714,69,32
473,12,True,False,True,midpoint_with_inhaler,0.6058496813219066,0.8117359500157714,69,33
473,12,True,False,True,upper_bound,0.6061266850899132,0.8756468070911192,69,34
473,12,True,False,True,upper_bound_with_inhaler,0.6061266850899132,0.8756468070911192,69,35
473,24,False,False,False,one_hot,0.19763328136562594,0.19763328136562594,69,36
473,24,False,False,False,lower_bound,0.6163921868878401,0.9860944589376123,69,37
473,24,False,False,False,midpoint,0.6163921868878401,0.9704380924792744,69,38
473,24,False,False,False,midpoint_with_inhaler,0.6163921868878401,0.9704380924792744,69,39
473,24,False,False,False,upper_bound,0.6158707448621775,0.9440337816621398,69,40
473,24,False,False,False,upper_bound_with_inhaler,0.6158707448621775,0.9440337816621398,69,41
473,24,False,False,True,one_hot,0.19763328136562594,0.19763328136562594,69,42
473,24,False,False,True,lower_bound,0.6163921868878401,0.9860944589376123,69,43
473,24,False,False,True,midpoint,0.6163921868878401,0.9704380924792744,69,44
473,24,False,False,True,midpoint_with_inhaler,0.6163921868878401,0.9704380924792744,69,45
473,24,False,False,True,upper_bound,0.6158707448621775,0.9440337816621398,69,46
473,24,False,False,True,upper_bound_with_inhaler,0.6158707448621775,0.9440337816621398,69,47
473,24,False,True,False,one_hot,0.1552215537668422,0.1552215537668422,69,48
473,24,False,True,False,lower_bound,0.40455475850995354,0.5346553353105699,69,49
473,24,False,True,False,midpoint,0.40455475850995354,0.5113792853472299,69,50
473,24,False,True,False,midpoint_with_inhaler,0.40455475850995354,0.5113792853472299,69,51
473,24,False,True,False,upper_bound,0.4022630763502377,0.490691833504522,69,52
473,24,False,True,False,upper_bound_with_inhaler,0.4022630763502377,0.490691833504522,69,53
473,24,False,True,True,one_hot,0.1552215537668422,0.1552215537668422,69,54
473,24,False,True,True,lower_bound,0.40455475850995354,0.5346553353105699,69,55
473,24,False,True,True,midpoint,0.40455475850995354,0.5113792853472299,69,56
473,24,False,True,True,midpoint_with_inhaler,0.40455475850995354,0.5113792853472299,69,57
473,24,False,True,True,upper_bound,0.4022630763502377,0.490691833504522,69,58
473,24,False,True,True,upper_bound_with_inhaler,0.4022630763502377,0.490691833504522,69,59
473,24,True,False,False,one_hot,0.19763328136562594,0.19763328136562594,69,60
473,24,True,False,False,lower_bound,0.6163921868878401,0.9860944589376123,69,61
473,24,True,False,False,midpoint,0.6163921868878401,0.9704380924792744,69,62
473,24,True,False,False,midpoint_with_inhaler,0.6163921868878401,0.9704380924792744,69,63
473,24,True,False,False,upper_bound,0.6158707448621775,0.9440337816621398,69,64
473,24,True,False,False,upper_bound_with_inhaler,0.6158707448621775,0.9440337816621398,69,65
473,24,True,False,True,one_hot,0.19763328136562594,0.19763328136562594,69,66
473,24,True,False,True,lower_bound,0.6163921868878401,0.9860944589376123,69,67
473,24,True,False,True,midpoint,0.6163921868878401,0.9704380924792744,69,68
473,24,True,False,True,midpoint_with_inhaler,0.6163921868878401,0.9704380924792744,69,69
473,24,True,False,True,upper_bound,0.6158707448621775,0.9440337816621398,69,70
473,24,True,False,True,upper_bound_with_inhaler,0.6158707448621775,0.9440337816621398,69,71
473,36,False,False,False,one_hot,0.10587546887371092,0.10587546887371088,69,72
473,36,False,False,False,lower_bound,0.7077618365174846,0.9637605786690323,69,73
473,36,False,False,False,midpoint,0.7077618365174846,0.9229852083794295,69,74
473,36,False,False,False,midpoint_with_inhaler,0.7077618365174846,0.9827980497886828,69,75
473,36,False,False,False,upper_bound,0.7020886375873345,0.8764566212189326,69,76
473,36,False,False,False,upper_bound_with_inhaler,0.7077618365174846,0.9889754214351273,69,77
473,36,False,False,True,one_hot,0.10587546887371092,0.10587546887371088,69,78
473,36,False,False,True,lower_bound,0.7077618365174846,0.9637605786690323,69,79
473,36,False,False,True,midpoint,0.7077618365174846,0.9229852083794295,69,80
473,36,False,False,True,midpoint_with_inhaler,0.7077618365174846,0.9827980497886828,69,81
473,36,False,False,True,upper_bound,0.7020886375873345,0.8764566212189326,69,82
473,36,False,False,True,upper_bound_with_inhaler,0.7077618365174846,0.9889754214351273,69,83
473,36,True,False,False,one_hot,0.4280363769043009,0.4280363769043009,69,84
473,36,True,False,False,lower_bound,0.5274016048581289,0.6750285987231445,69,85
473,36,True,False,False,midpoint,0.5274016048581289,0.6605084543497235,69,86
473,36,True,False,False,midpoint_with_inhaler,0.5274016048581289,0.6605084543497235,69,87
473,36,True,False,False,upper_bound,0.5263564347166926,0.6437270095302431,69,88
473,36,True,False,False,upper_bound_with_inhaler,0.5263564347166926,0.6437270095302431,69,89
473,36,True,False,True,one_hot,0.4280363769043009,0.4280363769043009,69,90
473,36,True,False,True,lower_bound,0.5274016048581289,0.6750285987231445,69,91
473,36,True,False,True,midpoint,0.5274016048581289,0.6605084543497235,69,92
473,36,True,False,True,midpoint_with_inhaler,0.5274016048581289,0.6605084543497235,69,93
473,36,True,False,True,upper_bound,0.5263564347166926,0.6437270095302431,69,94
473,36,True,False,True,upper_bound_with_inhaler,0.5263564347166926,0.6437270095302431,69,95
473,48,False,False,False,one_hot,-0.11478046933747822,-0.11478046933747822,69,96
473,48,False,False,False,lower_bound,0.6453937924701953,0.8995923329089972,69,97
473,48,False,False,False,midpoint,0.6453937924701953,0.8564522015955616,69,98
473,48,False,False,False,midpoint_with_inhaler,0.6453937924701953,0.8985010974665696,69,99
473,48,False,False,False,upper_bound,0.6414232747663474,0.8054451150647159,69,100
473,48,False,False,False,upper_bound_with_inhaler,0.6453937924701953,0.8952620833787596,69,101
473,48,False,False,True,one_hot,-0.11478046933747822,-0.11478046933747822,69,102
473,48,False,False,True,lower_bound,0.6453937924701953,0.8995923329089972,69,103
473,48,False,False,True,midpoint,0.6453937924701953,0.8564522015955616,69,104
473,48,False,False,True,midpoint_with_inhaler,0.6453937924701953,0.8985010974665696,69,105
473,48,False,False,True,upper_bound,0.6414232747663474,0.8054451150647159,69,106
473,48,False,False,True,upper_bound_with_inhaler,0.6453937924701953,0.8952620833787596,69,107
473,48,False,True,False,one_hot,-0.09363600780453815,-0.0936360078045381,69,108
473,48,False,True,False,lower_bound,0.23691450603741407,0.3256590427869878,69,109
473,48,False,True,False,midpoint,0.23691450603741407,0.33622084588004564,69,110
473,48,False,True,False,midpoint_with_inhaler,0.23691450603741407,0.33622084588004564,69,111
473,48,False,True,False,upper_bound,0.2352707570399578,0.33738770300852927,69,112
473,48,False,True,False,upper_bound_with_inhaler,0.2352707570399578,0.33738770300852927,69,113
473,48,False,True,True,one_hot,-0.09363600780453815,-0.0936360078045381,69,114
473,48,False,True,True,lower_bound,0.23691450603741407,0.3256590427869878,69,115
473,48,False,True,True,midpoint,0.23691450603741407,0.33622084588004564,69,116
473,48,False,True,True,midpoint_with_inhaler,0.23691450603741407,0.33622084588004564,69,117
473,48,False,True,True,upper_bound,0.2352707570399578,0.33738770300852927,69,118
473,48,False,True,True,upper_bound_with_inhaler,0.2352707570399578,0.33738770300852927,69,119
473,48,True,False,False,one_hot,0.024402344327467972,0.024402344327468035,69,120
473,48,True,False,False,lower_bound,0.29656022773656493,0.5350236311211872,69,121
473,48,True,False,False,midpoint,0.29656022773656493,0.5163722340335424,69,122
473,48,True,False,False,midpoint_with_inhaler,0.29656022773656493,0.5163722340335424,69,123
473,48,True,False,False,upper_bound,0.2950769693747125,0.4976584160882648,69,124
473,48,True,False,False,upper_bound_with_inhaler,0.2950769693747125,0.4976584160882648,69,125
473,48,True,False,True,one_hot,0.024402344327467972,0.024402344327468035,69,126
473,48,True,False,True,lower_bound,0.29656022773656493,0.5350236311211872,69,127
473,48,True,False,True,midpoint,0.29656022773656493,0.5163722340335424,69,128
473,48,True,False,True,midpoint_with_inhaler,0.29656022773656493,0.5163722340335424,69,129
473,48,True,False,True,upper_bound,0.2950769693747125,0.4976584160882648,69,130
473,48,True,False,True,upper_bound_with_inhaler,0.2950769693747125,0.4976584160882648,69,131
514,12,False,False,False,one_hot,0.12565721414045303,0.12565721414045306,36,0
514,12,False,False,False,lower_bound,0.12565721414045303,0.12565721414045306,36,1
514,12,False,False,False,midpoint,0.12565721414045303,0.12565721414045303,36,2
514,12,False,False,False,midpoint_with_inhaler,0.12565721414045303,0.12565721414045303,36,3
514,12,False,False,False,upper_bound,0.12565721414045303,0.12565721414045306,36,4
514,12,False,False,False,upper_bound_with_inhaler,0.12565721414045303,0.12565721414045306,36,5
514,12,False,False,True,one_hot,0.12565721414045303,0.12565721414045306,36,6
514,12,False,False,True,lower_bound,0.12565721414045303,0.12565721414045306,36,7
514,12,False,False,True,midpoint,0.12565721414045303,0.12565721414045303,36,8
514,12,False,False,True,midpoint_with_inhaler,0.12565721414045303,0.12565721414045303,36,9
514,12,False,False,True,upper_bound,0.12565721414045303,0.12565721414045306,36,10
514,12,False,False,True,upper_bound_with_inhaler,0.12565721414045303,0.12565721414045306,36,11
514,12,False,True,False,one_hot,0.610289785219537,0.6102897852195366,36,12
514,12,False,True,False,lower_bound,0.610289785219537,0.6102897852195366,36,13
514,12,False,True,False,midpoint,0.610289785219537,0.610289785219537,36,14
514,12,False,True,False,midpoint_with_inhaler,0.610289785219537,0.610289785219537,36,15
514,12,False,True,False,upper_bound,0.610289785219537,0.6102897852195366,36,16
514,12,False,True,False,upper_bound_with_inhaler,0.610289785219537,0.6102897852195366,36,17
514,12,False,True,True,one_hot,0.610289785219537,0.6102897852195366,36,18
514,12,False,True,True,lower_bound,0.610289785219537,0.6102897852195366,36,19
514,12,False,True,True,midpoint,0.610289785219537,0.610289785219537,36,20
514,12,False,True,True,midpoint_with_inhaler,0.610289785219537,0.610289785219537,36,21
514,12,False,True,True,upper_bound,0.610289785219537,0.6102897852195366,36,22
514,12,False,True,True,upper_bound_with_inhaler,0.610289785219537,0.6102897852195366,36,23
514,12,True,False,False,one_hot,0.4844789226610464,0.48447892266104614,36,24
514,12,True,False,False,lower_bound,0.4844789226610464,0.48447892266104614,36,25
514,12,True,False,False,midpoint,0.4844789226610464,0.4844789226610465,36,26
514,12,True,False,False,midpoint_with_inhaler,0.4844789226610464,0.4844789226610465,36,27
514,12,True,False,False,upper_bound,0.4844789226610464,0.48447892266104614,36,28
514,12,True,False,False,upper_bound_with_inhaler,0.4844789226610464,0.48447892266104614,36,29
514,12,True,False,True,one_hot,0.4844789226610464,0.48447892266104614,36,30
514,12,True,False,True,lower_bound,0.4844789226610464,0.48447892266104614,36,31
514,12,True,False,True,midpoint,0.4844789226610464,0.4844789226610465,36,32
514,12,True,False,True,midpoint_with_inhaler,0.4844789226610464,0.4844789226610465,36,33
514,12,True,False,True,upper_bound,0.4844789226610464,0.48447892266104614,36,34
514,12,True,False,True,upper_bound_with_inhaler,0.4844789226610464,0.48447892266104614,36,35
514,24,False,False,False,one_hot,0.1594516228742943,0.15945162287429432,36,36
514,24,False,False,False,lower_bound,0.1594516228742943,0.15945162287429432,36,37
514,24,False,False,False,midpoint,0.1594516228742943,0.15945162287429437,36,38
514,24,False,False,False,midpoint_with_inhaler,0.1594516228742943,0.15945162287429437,36,39
514,24,False,False,False,upper_bound,0.1594516228742943,0.15945162287429432,36,40
514,24,False,False,False,upper_bound_with_inhaler,0.1594516228742943,0.15945162287429432,36,41
514,24,False,False,True,one_hot,0.1594516228742943,0.15945162287429432,36,42
514,24,False,False,True,lower_bound,0.1594516228742943,0.15945162287429432,36,43
514,24,False,False,True,midpoint,0.1594516228742943,0.15945162287429437,36,44
514,24,False,False,True,midpoint_with_inhaler,0.1594516228742943,0.15945162287429437,36,45
514,24,False,False,True,upper_bound,0.1594516228742943,0.15945162287429432,36,46
514,24,False,False,True,upper_bound_with_inhaler,0.1594516228742943,0.15945162287429432,36,47
514,24,False,True,False,one_hot,0.047280759226963925,0.04728075922696391,36,48
514,24,False,True,False,lower_bound,0.047280759226963925,0.04728075922696391,36,49
514,24,False,True,False,midpoint,0.047280759226963925,0.04728075922696396,36,50
514,24,False,True,False,midpoint_with_inhaler,0.047280759226963925,0.04728075922696396,36,51
514,24,False,True,False,upper_bound,0.047280759226963925,0.04728075922696391,36,52
514,24,False,True,False,upper_bound_with_inhaler,0.047280759226963925,0.04728075922696391,36,53
514,24,False,True,True,one_hot,0.047280759226963925,0.04728075922696391,36,54
514,24,False,True,True,lower_bound,0.047280759226963925,0.04728075922696391,36,55
514,24,False,True,True,midpoint,0.047280759226963925,0.04728075922696396,36,56
514,24,False,True,True,midpoint_with_inhaler,0.047280759226963925,0.04728075922696396,36,57
514,24,False,True,True,upper_bound,0.047280759226963925,0.04728075922696391,36,58
514,24,False,True,True,upper_bound_with_inhaler,0.047280759226963925,0.04728075922696391,36,59
514,24,True,False,False,one_hot,0.1594516228742943,0.15945162287429432,36,60
514,24,True,False,False,lower_bound,0.1594516228742943,0.15945162287429432,36,61
514,24,True,False,False,midpoint,0.1594516228742943,0.15945162287429437,36,62
514,24,True,False,False,midpoint_with_inhaler,0.1594516228742943,0.15945162287429437,36,63
514,24,True,False,False,upper_bound,0.1594516228742943,0.15945162287429432,36,64
514,24,True,False,False,upper_bound_with_inhaler,0.1594516228742943,0.15945162287429432,36,65
514,24,True,False,True,one_hot,0.1594516228742943,0.15945162287429432,36,66
514,24,True,False,True,lower_bound,0.1594516228742943,0.15945162287429432,36,67
514,24,True,False,True,midpoint,0.1594516228742943,0.15945162287429437,36,68
514,24,True,False,True,midpoint_with_inhaler,0.1594516228742943,0.15945162287429437,36,69
514,24,True,False,True,upper_bound,0.1594516228742943,0.15945162287429432,36,70
514,24,True,False,True,upper_bound_with_inhaler,0.1594516228742943,0.15945162287429432,36,71
514,36,False,False,False,one_hot,0.289894858326949,0.289894858326949,36,72
514,36,False,False,False,lower_bound,0.289894858326949,0.289894858326949,36,73
514,36,False,False,False,midpoint,0.289894858326949,0.289894858326949,36,74
514,36,False,False,False,midpoint_with_inhaler,0.289894858326949,0.289894858326949,36,75
514,36,False,False,False,upper_bound,0.289894858326949,0.289894858326949,36,76
514,36,False,False,False,upper_bound_with_inhaler,0.289894858326949,0.289894858326949,36,77
514,36,False,False,True,one_hot,0.289894858326949,0.289894858326949,36,78
514,36,False,False,True,lower_bound,0.289894858326949,0.289894858326949,36,79
514,36,False,False,True,midpoint,0.289894858326949,0.289894858326949,36,80
514,36,False,False,True,midpoint_with_inhaler,0.289894858326949,0.289894858326949,36,81
514,36,False,False,True,upper_bound,0.289894858326949,0.289894858326949,36,82
514,36,False,False,True,upper_bound_with_inhaler,0.289894858326949,0.289894858326949,36,83
514,36,True,False,False,one_hot,0.05685737306497463,0.056857373064974674,36,84
514,36,True,False,False,lower_bound,0.05685737306497463,0.056857373064974674,36,85
514,36,True,False,False,midpoint,0.05685737306497463,0.05685737306497464,36,86
514,36,True,False,False,midpoint_with_inhaler,0.05685737306497463,0.05685737306497464,36,87
514,36,True,False,False,upper_bound,0.05685737306497463,0.056857373064974674,36,88
514,36,True,False,False,upper_bound_with_inhaler,0.05685737306497463,0.056857373064974674,36,89
514,36,True,False,True,one_hot,0.05685737306497463,0.056857373064974674,36,90
514,36,True,False,True,lower_bound,0.05685737306497463,0.056857373064974674,36,91
514,36,True,False,True,midpoint,0.05685737306497463,0.05685737306497464,36,92
514,36,True,False,True,midpoint_with_inhaler,0.05685737306497463,0.05685737306497464,36,93
514,36,True,False,True,upper_bound,0.05685737306497463,0.056857373064974674,36,94
514,36,True,False,True,upper_bound_with_inhaler,0.05685737306497463,0.056857373064974674,36,95
514,48,False,False,False,one_hot,0.24021864728926093,0.240218647289261,36,96
514,48,False,False,False,lower_bound,0.24021864728926093,0.240218647289261,36,97
514,48,False,False,False,midpoint,0.24021864728926093,0.240218647289261,36,98
514,48,False,False,False,midpoint_with_inhaler,0.24021864728926093,0.240218647289261,36,99
514,48,False,False,False,upper_bound,0.24021864728926093,0.240218647289261,36,100
514,48,False,False,False,upper_bound_with_inhaler,0.24021864728926093,0.240218647289261,36,101
514,48,False,False,True,one_hot,0.24021864728926093,0.240218647289261,36,102
514,48,False,False,True,lower_bound,0.24021864728926093,0.240218647289261,36,103
514,48,False,False,True,midpoint,0.24021864728926093,0.240218647289261,36,104
514,48,False,False,True,midpoint_with_inhaler,0.24021864728926093,0.240218647289261,36,105
514,48,False,False,True,upper_bound,0.24021864728926093,0.240218647289261,36,106
514,48,False,False,True,upper_bound_with_inhaler,0.24021864728926093,0.240218647289261,36,107
514,48,False,True,False,one_hot,0.09958624552579484,0.09958624552579484,36,108
514,48,False,True,False,lower_bound,0.09958624552579484,0.09958624552579484,36,109
514,48,False,True,False,midpoint,0.09958624552579484,0.09958624552579484,36,110
514,48,False,True,False,midpoint_with_inhaler,0.09958624552579484,0.09958624552579484,36,111
514,48,False,True,False,upper_bound,0.09958624552579484,0.09958624552579484,36,112
514,48,False,True,False,upper_bound_with_inhaler,0.09958624552579484,0.09958624552579484,36,113
514,48,False,True,True,one_hot,0.09958624552579484,0.09958624552579484,36,114
514,48,False,True,True,lower_bound,0.09958624552579484,0.09958624552579484,36,115
514,48,False,True,True,midpoint,0.09958624552579484,0.09958624552579484,36,116
514,48,False,True,True,midpoint_with_inhaler,0.09958624552579484,0.09958624552579484,36,117
514,48,False,True,True,upper_bound,0.09958624552579484,0.09958624552579484,36,118
514,48,False,True,True,upper_bound_with_inhaler,0.09958624552579484,0.09958624552579484,36,119
514,48,True,False,False,one_hot,0.08793173227809957,0.08793173227809961,36,120
514,48,True,False,False,lower_bound,0.08793173227809957,0.08793173227809961,36,121
514,48,True,False,False,midpoint,0.08793173227809957,0.08793173227809967,36,122
514,48,True,False,False,midpoint_with_inhaler,0.08793173227809957,0.08793173227809967,36,123
514,48,True,False,False,upper_bound,0.08793173227809957,0.08793173227809961,36,124
514,48,True,False,False,upper_bound_with_inhaler,0.08793173227809957,0.08793173227809961,36,125
514,48,True,False,True,one_hot,0.08793173227809957,0.08793173227809961,36,126
514,48,True,False,True,lower_bound,0.08793173227809957,0.08793173227809961,36,127
514,48,True,False,True,midpoint,0.08793173227809957,0.08793173227809967,36,128
514,48,True,False,True,midpoint_with_inhaler,0.08793173227809957,0.08793173227809967,36,129
514,48,True,False,True,upper_bound,0.08793173227809957,0.08793173227809961,36,130
514,48,True,False,True,upper_bound_with_inhaler,0.08793173227809957,0.08793173227809961,36,131
625,12,False,False,False,one_hot,0.10121548141985907,0.10121548141985907,16,0
625,12,False,False,False,lower_bound,0.15094040119166777,0.1765965028533525,16,1
625,12,False,False,False,midpoint,0.15094040119166777,0.16883030472607907,16,2
625,12,False,False,False,midpoint_with_inhaler,0.15094040119166777,0.16883030472607907,16,3
625,12,False,False,False,upper_bound,0.15094040119166777,0.1615182196359016,16,4
625,12,False,False,False,upper_bound_with_inhaler,0.15094040119166777,0.1615182196359016,16,5
625,12,False,False,True,one_hot,0.10121548141985907,0.10121548141985907,16,6
625,12,False,False,True,lower_bound,0.15094040119166777,0.1765965028533525,16,7
625,12,False,False,True,midpoint,0.15094040119166777,0.16883030472607907,16,8
625,12,False,False,True,midpoint_with_inhaler,0.15094040119166777,0.16883030472607907,16,9
625,12,False,False,True,upper_bound,0.15094040119166777,0.1615182196359016,16,10
625,12,False,False,True,upper_bound_with_inhaler,0.15094040119166777,0.1615182196359016,16,11
625,12,False,True,False,one_hot,0.09790159931512978,0.09790159931512978,16,12
625,12,False,True,False,lower_bound,0.06916400936855788,-0.03688077941141741,16,13
625,12,False,True,False,midpoint,0.06916400936855788,0.021374996746257785,16,14
625,12,False,True,False,midpoint_with_inhaler,0.06916400936855788,0.021374996746257785,16,15
625,12,False,True,False,upper_bound,0.06916400936855788,0.06082055771360424,16,16
625,12,False,True,False,upper_bound_with_inhaler,0.06916400936855788,0.06082055771360424,16,17
625,12,False,True,True,one_hot,0.09790159931512978,0.09790159931512978,16,18
625,12,False,True,True,lower_bound,0.06916400936855788,-0.03688077941141741,16,19
625,12,False,True,True,midpoint,0.06916400936855788,0.021374996746257785,16,20
625,12,False,True,True,midpoint_with_inhaler,0.06916400936855788,0.021374996746257785,16,21
625,12,False,True,True,upper_bound,0.06916400936855788,0.06082055771360424,16,22
625,12,False,True,True,upper_bound_with_inhaler,0.06916400936855788,0.06082055771360424,16,23
625,12,True,False,False,one_hot,-0.22178412719255752,-0.22178412719255752,16,24
625,12,True,False,False,lower_bound,-0.16107111590830125,-0.12222061435600744,16,25
625,12,True,False,False,midpoint,-0.16107111590830125,-0.0879547344568092,16,26
625,12,True,False,False,midpoint_with_inhaler,-0.16107111590830125,-0.0879547344568092,16,27
625,12,True,False,False,upper_bound,-0.16107111590830125,-0.06477506554956146,16,28
625,12,True,False,False,upper_bound_with_inhaler,-0.16107111590830125,-0.06477506554956146,16,29
625,12,True,False,True,one_hot,-0.22178412719255752,-0.22178412719255752,16,30
625,12,True,False,True,lower_bound,-0.16107111590830125,-0.12222061435600744,16,31
625,12,True,False,True,midpoint,-0.16107111590830125,-0.0879547344568092,16,32
625,12,True,False,True,midpoint_with_inhaler,-0.16107111590830125,-0.0879547344568092,16,33
625,12,True,False,True,upper_bound,-0.16107111590830125,-0.06477506554956146,16,34
625,12,True,False,True,upper_bound_with_inhaler,-0.16107111590830125,-0.06477506554956146,16,35
625,24,False,False,False,one_hot,0.22454648570222732,0.22454648570222732,16,36
625,24,False,False,False,lower_bound,0.14762020447278248,0.05121605066349657,16,37
625,24,False,False,False,midpoint,0.14762020447278248,0.019660027193613868,16,38
625,24,False,False,False,midpoint_with_inhaler,0.14762020447278248,0.019660027193613868,16,39
625,24,False,False,False,upper_bound,0.14762020447278248,0.0,16,40
625,24,False,False,False,upper_bound_with_inhaler,0.14762020447278248,0.0,16,41
625,24,False,False,True,one_hot,0.22454648570222732,0.22454648570222732,16,42
625,24,False,False,True,lower_bound,0.14762020447278248,0.05121605066349657,16,43
625,24,False,False,True,midpoint,0.14762020447278248,0.019660027193613868,16,44
625,24,False,False,True,midpoint_with_inhaler,0.14762020447278248,0.019660027193613868,16,45
625,24,False,False,True,upper_bound,0.14762020447278248,0.0,16,46
625,24,False,False,True,upper_bound_with_inhaler,0.14762020447278248,0.0,16,47
625,24,False,True,False,one_hot,0.22454648570222735,0.22454648570222735,16,48
625,24,False,True,False,lower_bound,0.2646399620183612,0.13822828753417632,16,49
625,24,False,True,False,midpoint,0.2646399620183612,0.10784667583610263,16,50
625,24,False,True,False,midpoint_with_inhaler,0.2646399620183612,0.10784667583610263,16,51
625,24,False,True,False,upper_bound,0.2646399620183612,0.0835270423315831,16,52
625,24,False,True,False,upper_bound_with_inhaler,0.2646399620183612,0.0835270423315831,16,53
625,24,False,True,True,one_hot,0.22454648570222735,0.22454648570222735,16,54
625,24,False,True,True,lower_bound,0.2646399620183612,0.13822828753417632,16,55
625,24,False,True,True,midpoint,0.2646399620183612,0.10784667583610263,16,56
625,24,False,True,True,midpoint_with_inhaler,0.2646399620183612,0.10784667583610263,16,57
625,24,False,True,True,upper_bound,0.2646399620183612,0.0835270423315831,16,58
625,24,False,True,True,upper_bound_with_inhaler,0.2646399620183612,0.0835270423315831,16,59
625,24,True,False,False,one_hot,0.22454648570222732,0.22454648570222732,16,60
625,24,True,False,False,lower_bound,0.14762020447278248,0.05121605066349657,16,61
625,24,True,False,False,midpoint,0.14762020447278248,0.019660027193613868,16,62
625,24,True,False,False,midpoint_with_inhaler,0.14762020447278248,0.019660027193613868,16,63
625,24,True,False,False,upper_bound,0.14762020447278248,0.0,16,64
625,24,True,False,False,upper_bound_with_inhaler,0.14762020447278248,0.0,16,65
625,24,True,False,True,one_hot,0.22454648570222732,0.22454648570222732,16,66
625,24,True,False,True,lower_bound,0.14762020447278248,0.05121605066349657,16,67
625,24,True,False,True,midpoint,0.14762020447278248,0.019660027193613868,16,68
625,24,True,False,True,midpoint_with_inhaler,0.14762020447278248,0.019660027193613868,16,69
625,24,True,False,True,upper_bound,0.14762020447278248,0.0,16,70
625,24,True,False,True,upper_bound_with_inhaler,0.14762020447278248,0.0,16,71
625,36,False,False,False,one_hot,0.45814536593707744,0.45814536593707744,16,72
625,36,False,False,False,lower_bound,0.3334172084502128,0.26609149092728235,16,73
625,36,False,False,False,midpoint,0.3334172084502128,0.2479544806677963,16,74
625,36,False,False,False,midpoint_with_inhaler,0.3334172084502128,0.2479544806677963,16,75
625,36,False,False,False,upper_bound,0.3334172084502128,0.2335726540516311,16,76
625,36,False,False,False,upper_bound_with_inhaler,0.3334172084502128,0.2335726540516311,16,77
625,36,False,False,True,one_hot,0.45814536593707744,0.45814536593707744,16,78
625,36,False,False,True,lower_bound,0.3334172084502128,0.26609149092728235,16,79
625,36,False,False,True,midpoint,0.3334172084502128,0.2479544806677963,16,80
625,36,False,False,True,midpoint_with_inhaler,0.3334172084502128,0.2479544806677963,16,81
625,36,False,False,True,upper_bound,0.3334172084502128,0.2335726540516311,16,82
625,36,False,False,True,upper_bound_with_inhaler,0.3334172084502128,0.2335726540516311,16,83
625,36,True,False,False,one_hot,0.09790159931512978,0.09790159931512978,16,84
625,36,True,False,False,lower_bound,0.20168748336104655,0.13603184088838371,16,85
625,36,True,False,False,midpoint,0.20168748336104655,0.08051509304023531,16,86
625,36,True,False,False,midpoint_with_inhaler,0.20168748336104655,0.08051509304023531,16,87
625,36,True,False,False,upper_bound,0.20168748336104655,0.04202076775286829,16,88
625,36,True,False,False,upper_bound_with_inhaler,0.20168748336104655,0.04202076775286829,16,89
625,36,True,False,True,one_hot,0.09790159931512978,0.09790159931512978,16,90
625,36,True,False,True,lower_bound,0.20168748336104655,0.13603184088838371,16,91
625,36,True,False,True,midpoint,0.20168748336104655,0.08051509304023531,16,92
625,36,True,False,True,midpoint_with_inhaler,0.20168748336104655,0.08051509304023531,16,93
625,36,True,False,True,upper_bound,0.20168748336104655,0.04202076775286829,16,94
625,36,True,False,True,upper_bound_with_inhaler,0.20168748336104655,0.04202076775286829,16,95
625,48,False,False,False,one_hot,-0.23177291660755062,-0.23177291660755062,16,96
625,48,False,False,False,lower_bound,0.32999456118580317,0.5876773309278305,16,97
625,48,False,False,False,midpoint,0.32999456118580317,0.4920742226636271,16,98
625,48,False,False,False,midpoint_with_inhaler,0.32999456118580317,0.4920742226636271,16,99
625,48,False,False,False,upper_bound,0.32999456118580317,0.41878333718718763,16,100
625,48,False,False,False,upper_bound_with_inhaler,0.32999456118580317,0.41878333718718763,16,101
625,48,False,False,True,one_hot,-0.23177291660755062,-0.23177291660755062,16,102
625,48,False,False,True,lower_bound,0.32999456118580317,0.5876773309278305,16,103
625,48,False,False,True,midpoint,0.32999456118580317,0.4920742226636271,16,104
625,48,False,False,True,midpoint_with_inhaler,0.32999456118580317,0.4920742226636271,16,105
625,48,False,False,True,upper_bound,0.32999456118580317,0.41878333718718763,16,106
625,48,False,False,True,upper_bound_with_inhaler,0.32999456118580317,0.41878333718718763,16,107
625,48,False,True,False,one_hot,-0.23177291660755062,-0.23177291660755062,16,108
625,48,False,True,False,lower_bound,0.10360507220657647,0.32701549734996743,16,109
625,48,False,True,False,midpoint,0.10360507220657647,0.3252167879752874,16,110
625,48,False,True,False,midpoint_with_inhaler,0.10360507220657647,0.3252167879752874,16,111
625,48,False,True,False,upper_bound,0.10360507220657647,0.3111812518573893,16,112
625,48,False,True,False,upper_bound_with_inhaler,0.10360507220657647,0.3111812518573893,16,113
625,48,False,True,True,one_hot,-0.23177291660755062,-0.23177291660755062,16,114
625,48,False,True,True,lower_bound,0.10360507220657647,0.32701549734996743,16,115
625,48,False,True,True,midpoint,0.10360507220657647,0.3252167879752874,16,116
625,48,False,True,True,midpoint_with_inhaler,0.10360507220657647,0.3252167879752874,16,117
625,48,False,True,True,upper_bound,0.10360507220657647,0.3111812518573893,16,118
625,48,False,True,True,upper_bound_with_inhaler,0.10360507220657647,0.3111812518573893,16,119
625,48,True,False,False,one_hot,0.22454648570222735,0.22454648570222735,16,120
625,48,True,False,False,lower_bound,0.43680858349259366,0.5614546610262826,16,121
625,48,True,False,False,midpoint,0.43680858349259366,0.561129334384926,16,122
625,48,True,False,False,midpoint_with_inhaler,0.43680858349259366,0.561129334384926,16,123
625,48,True,False,False,upper_bound,0.43680858349259366,0.5438748018356884,16,124
625,48,True,False,False,upper_bound_with_inhaler,0.43680858349259366,0.5438748018356884,16,125
625,48,True,False,True,one_hot,0.22454648570222735,0.22454648570222735,16,126
625,48,True,False,True,lower_bound,0.43680858349259366,0.5614546610262826,16,127
625,48,True,False,True,midpoint,0.43680858349259366,0.561129334384926,16,128
625,48,True,False,True,midpoint_with_inhaler,0.43680858349259366,0.561129334384926,16,129
625,48,True,False,True,upper_bound,0.43680858349259366,0.5438748018356884,16,130
625,48,True,False,True,upper_bound_with_inhaler,0.43680858349259366,0.5438748018356884,16,131
701,12,False,False,False,one_hot,,,30,0
701,12,False,False,False,lower_bound,0.2542710907146033,0.24982304366167649,30,1
701,12,False,False,False,midpoint,0.2542710907146033,0.2593948844302535,30,2
701,12,False,False,False,midpoint_with_inhaler,0.2542710907146033,0.2593948844302535,30,3
701,12,False,False,False,upper_bound,0.2542710907146033,0.2580933307232509,30,4
701,12,False,False,False,upper_bound_with_inhaler,0.2542710907146033,0.2580933307232509,30,5
701,12,False,False,True,one_hot,,,30,6
701,12,False,False,True,lower_bound,0.2542710907146033,0.24982304366167649,30,7
701,12,False,False,True,midpoint,0.2542710907146033,0.2593948844302535,30,8
701,12,False,False,True,midpoint_with_inhaler,0.2542710907146033,0.2593948844302535,30,9
701,12,False,False,True,upper_bound,0.2542710907146033,0.2580933307232509,30,10
701,12,False,False,True,upper_bound_with_inhaler,0.2542710907146033,0.2580933307232509,30,11
701,12,False,True,False,one_hot,,,30,12
701,12,False,True,False,lower_bound,0.3853472740318273,0.39914780971036123,30,13
701,12,False,True,False,midpoint,0.3853472740318273,0.4005800490375745,30,14
701,12,False,True,False,midpoint_with_inhaler,0.3853472740318273,0.4005800490375745,30,15
701,12,False,True,False,upper_bound,0.3853472740318273,0.39571024300988344,30,16
701,12,False,True,False,upper_bound_with_inhaler,0.3853472740318273,0.39571024300988344,30,17
701,12,False,True,True,one_hot,,,30,18
701,12,False,True,True,lower_bound,0.3853472740318273,0.39914780971036123,30,19
701,12,False,True,True,midpoint,0.3853472740318273,0.4005800490375745,30,20
701,12,False,True,True,midpoint_with_inhaler,0.3853472740318273,0.4005800490375745,30,21
701,12,False,True,True,upper_bound,0.3853472740318273,0.39571024300988344,30,22
701,12,False,True,True,upper_bound_with_inhaler,0.3853472740318273,0.39571024300988344,30,23
701,12,True,False,False,one_hot,,,30,24
701,12,True,False,False,lower_bound,0.20235518962500026,0.23582659091166366,30,25
701,12,True,False,False,midpoint,0.20235518962500026,0.24193550715616816,30,26
701,12,True,False,False,midpoint_with_inhaler,0.20235518962500026,0.24193550715616816,30,27
701,12,True,False,False,upper_bound,0.20235518962500026,0.24749241140288877,30,28
701,12,True,False,False,upper_bound_with_inhaler,0.20235518962500026,0.24749241140288877,30,29
701,12,True,False,True,one_hot,,,30,30
701,12,True,False,True,lower_bound,0.20235518962500026,0.23582659091166366,30,31
701,12,True,False,True,midpoint,0.20235518962500026,0.24193550715616816,30,32
701,12,True,False,True,midpoint_with_inhaler,0.20235518962500026,0.24193550715616816,30,33
701,12,True,False,True,upper_bound,0.20235518962500026,0.24749241140288877,30,34
701,12,True,False,True,upper_bound_with_inhaler,0.20235518962500026,0.24749241140288877,30,35
701,24,False,False,False,one_hot,,,30,36
701,24,False,False,False,lower_bound,0.29954155341793387,0.32181289037244837,30,37
701,24,False,False,False,midpoint,0.29954155341793387,0.32663185815366635,30,38
701,24,False,False,False,midpoint_with_inhaler,0.29954155341793387,0.32663185815366635,30,39
701,24,False,False,False,upper_bound,0.29954155341793387,0.3270558394879105,30,40
701,24,False,False,False,upper_bound_with_inhaler,0.29954155341793387,0.3270558394879105,30,41
701,24,False,False,True,one_hot,,,30,42
701,24,False,False,True,lower_bound,0.29954155341793387,0.32181289037244837,30,43
701,24,False,False,True,midpoint,0.29954155341793387,0.32663185815366635,30,44
701,24,False,False,True,midpoint_with_inhaler,0.29954155341793387,0.32663185815366635,30,45
701,24,False,False,True,upper_bound,0.29954155341793387,0.3270558394879105,30,46
701,24,False,False,True,upper_bound_with_inhaler,0.29954155341793387,0.3270558394879105,30,47
701,24,False,True,False,one_hot,,,30,48
701,24,False,True,False,lower_bound,0.18729196785061838,0.16397672001325264,30,49
701,24,False,True,False,midpoint,0.18729196785061838,0.12004236700584721,30,50
701,24,False,True,False,midpoint_with_inhaler,0.18729196785061838,0.12004236700584721,30,51
701,24,False,True,False,upper_bound,0.18729196785061838,0.08453775463221656,30,52
701,24,False,True,False,upper_bound_with_inhaler,0.18729196785061838,0.08453775463221656,30,53
701,24,False,True,True,one_hot,,,30,54
701,24,False,True,True,lower_bound,0.18729196785061838,0.16397672001325264,30,55
701,24,False,True,True,midpoint,0.18729196785061838,0.12004236700584721,30,56
701,24,False,True,True,midpoint_with_inhaler,0.18729196785061838,0.12004236700584721,30,57
701,24,False,True,True,upper_bound,0.18729196785061838,0.08453775463221656,30,58
701,24,False,True,True,upper_bound_with_inhaler,0.18729196785061838,0.08453775463221656,30,59
701,24,True,False,False,one_hot,,,30,60
701,24,True,False,False,lower_bound,0.29954155341793387,0.32181289037244837,30,61
701,24,True,False,False,midpoint,0.29954155341793387,0.32663185815366635,30,62
701,24,True,False,False,midpoint_with_inhaler,0.29954155341793387,0.32663185815366635,30,63
701,24,True,False,False,upper_bound,0.29954155341793387,0.3270558394879105,30,64
701,24,True,False,False,upper_bound_with_inhaler,0.29954155341793387,0.3270558394879105,30,65
701,24,True,False,True,one_hot,,,30,66
701,24,True,False,True,lower_bound,0.29954155341793387,0.32181289037244837,30,67
701,24,True,False,True,midpoint,0.29954155341793387,0.32663185815366635,30,68
701,24,True,False,True,midpoint_with_inhaler,0.29954155341793387,0.32663185815366635,30,69
701,24,True,False,True,upper_bound,0.29954155341793387,0.3270558394879105,30,70
701,24,True,False,True,upper_bound_with_inhaler,0.29954155341793387,0.3270558394879105,30,71
701,36,False,False,False,one_hot,,,30,72
701,36,False,False,False,lower_bound,0.29278895335776345,0.35418547075938484,30,73
701,36,False,False,False,midpoint,0.29278895335776345,0.28714963482819145,30,74
701,36,False,False,False,midpoint_with_inhaler,0.29278895335776345,0.28714963482819145,30,75
701,36,False,False,False,upper_bound,0.29278895335776345,0.2514227089478458,30,76
701,36,False,False,False,upper_bound_with_inhaler,0.29278895335776345,0.2514227089478458,30,77
701,36,False,False,True,one_hot,,,30,78
701,36,False,False,True,lower_bound,0.29278895335776345,0.35418547075938484,30,79
701,36,False,False,True,midpoint,0.29278895335776345,0.28714963482819145,30,80
701,36,False,False,True,midpoint_with_inhaler,0.29278895335776345,0.28714963482819145,30,81
701,36,False,False,True,upper_bound,0.29278895335776345,0.2514227089478458,30,82
701,36,False,False,True,upper_bound_with_inhaler,0.29278895335776345,0.2514227089478458,30,83
701,36,True,False,False,one_hot,,,30,84
701,36,True,False,False,lower_bound,0.13806793820812782,0.1918932788538991,30,85
701,36,True,False,False,midpoint,0.13806793820812782,0.20543108189840928,30,86
701,36,True,False,False,midpoint_with_inhaler,0.13806793820812782,0.20543108189840928,30,87
701,36,True,False,False,upper_bound,0.13806793820812782,0.21830200309646586,30,88
701,36,True,False,False,upper_bound_with_inhaler,0.13806793820812782,0.21830200309646586,30,89
701,36,True,False,True,one_hot,,,30,90
701,36,True,False,True,lower_bound,0.13806793820812782,0.1918932788538991,30,91
701,36,True,False,True,midpoint,0.13806793820812782,0.20543108189840928,30,92
701,36,True,False,True,midpoint_with_inhaler,0.13806793820812782,0.20543108189840928,30,93
701,36,True,False,True,upper_bound,0.13806793820812782,0.21830200309646586,30,94
701,36,True,False,True,upper_bound_with_inhaler,0.13806793820812782,0.21830200309646586,30,95
701,48,False,False,False,one_hot,,,30,96
701,48,False,False,False,lower_bound,0.24416650013269897,0.35327522939714684,30,97
701,48,False,False,False,midpoint,0.24416650013269897,0.2822490552709522,30,98
701,48,False,False,False,midpoint_with_inhaler,0.24416650013269897,0.2822490552709522,30,99
701,48,False,False,False,upper_bound,0.24416650013269897,0.24622071194137476,30,100
701,48,False,False,False,upper_bound_with_inhaler,0.24416650013269897,0.24622071194137476,30,101
701,48,False,False,True,one_hot,,,30,102
701,48,False,False,True,lower_bound,0.24416650013269897,0.35327522939714684,30,103
701,48,False,False,True,midpoint,0.24416650013269897,0.2822490552709522,30,104
701,48,False,False,True,midpoint_with_inhaler,0.24416650013269897,0.2822490552709522,30,105
701,48,False,False,True,upper_bound,0.24416650013269897,0.24622071194137476,30,106
701,48,False,False,True,upper_bound_with_inhaler,0.24416650013269897,0.24622071194137476,30,107
701,48,False,True,False,one_hot,,,30,108
701,48,False,True,False,lower_bound,-0.036142907427126836,-0.07142816363801455,30,109
701,48,False,True,False,midpoint,-0.036142907427126836,-0.06101707284598271,30,110
701,48,False,True,False,midpoint_with_inhaler,-0.036142907427126836,-0.06101707284598271,30,111
701,48,False,True,False,upper_bound,-0.036142907427126836,-0.05757172568556423,30,112
701,48,False,True,False,upper_bound_with_inhaler,-0.036142907427126836,-0.05757172568556423,30,113
701,48,False,True,True,one_hot,,,30,114
701,48,False,True,True,lower_bound,-0.036142907427126836,-0.07142816363801455,30,115
701,48,False,True,True,midpoint,-0.036142907427126836,-0.06101707284598271,30,116
701,48,False,True,True,midpoint_with_inhaler,-0.036142907427126836,-0.06101707284598271,30,117
701,48,False,True,True,upper_bound,-0.036142907427126836,-0.05757172568556423,30,118
701,48,False,True,True,upper_bound_with_inhaler,-0.036142907427126836,-0.05757172568556423,30,119
701,48,True,False,False,one_hot,,,30,120
701,48,True,False,False,lower_bound,0.12510402367966614,0.1406219227945466,30,121
701,48,True,False,False,midpoint,0.12510402367966614,0.12227941204935164,30,122
701,48,True,False,False,midpoint_with_inhaler,0.12510402367966614,0.12227941204935164,30,123
701,48,True,False,False,upper_bound,0.12510402367966614,0.11065439618743526,30,124
701,48,True,False,False,upper_bound_with_inhaler,0.12510402367966614,0.11065439618743526,30,125
701,48,True,False,True,one_hot,,,30,126
701,48,True,False,True,lower_bound,0.12510402367966614,0.1406219227945466,30,127
701,48,True,False,True,midpoint,0.12510402367966614,0.12227941204935164,30,128
701,48,True,False,True,midpoint_with_inhaler,0.12510402367966614,0.12227941204935164,30,129
701,48,True,False,True,upper_bound,0.12510402367966614,0.11065439618743526,30,130
701,48,True,False,True,upper_bound_with_inhaler,0.12510402367966614,0.11065439618743526,30,131
702,12,False,False,False,one_hot,0.41924828299393374,0.41924828299393374,120,0
702,12,False,False,False,lower_bound,0.4731017135463742,0.8411504325827521,120,1
702,12,False,False,False,midpoint,0.4731017135463742,0.7380994444338385,120,2
702,12,False,False,False,midpoint_with_inhaler,0.4731017135463742,0.7380994444338385,120,3
702,12,False,False,False,upper_bound,0.4731017135463742,0.674363399280787,120,4
702,12,False,False,False,upper_bound_with_inhaler,0.4731017135463742,0.674363399280787,120,5
702,12,False,False,True,one_hot,0.41924828299393374,0.41924828299393374,120,6
702,12,False,False,True,lower_bound,0.4731017135463742,0.8411504325827521,120,7
702,12,False,False,True,midpoint,0.4731017135463742,0.7380994444338385,120,8
702,12,False,False,True,midpoint_with_inhaler,0.4731017135463742,0.7380994444338385,120,9
702,12,False,False,True,upper_bound,0.4731017135463742,0.674363399280787,120,10
702,12,False,False,True,upper_bound_with_inhaler,0.4731017135463742,0.674363399280787,120,11
702,12,False,True,False,one_hot,0.3137247184850684,0.3137247184850684,120,12
702,12,False,True,False,lower_bound,0.40364000834494995,0.5187286897300194,120,13
702,12,False,True,False,midpoint,0.40364000834494995,0.5038765920963975,120,14
702,12,False,True,False,midpoint_with_inhaler,0.40364000834494995,0.5038765920963975,120,15
702,12,False,True,False,upper_bound,0.40364000834494995,0.4882586700214431,120,16
702,12,False,True,False,upper_bound_with_inhaler,0.40364000834494995,0.4882586700214431,120,17
702,12,False,True,True,one_hot,0.3137247184850684,0.3137247184850684,120,18
702,12,False,True,True,lower_bound,0.40364000834494995,0.5187286897300194,120,19
702,12,False,True,True,midpoint,0.40364000834494995,0.5038765920963975,120,20
702,12,False,True,True,midpoint_with_inhaler,0.40364000834494995,0.5038765920963975,120,21
702,12,False,True,True,upper_bound,0.40364000834494995,0.4882586700214431,120,22
702,12,False,True,True,upper_bound_with_inhaler,0.40364000834494995,0.4882586700214431,120,23
702,12,True,False,False,one_hot,0.351496703765744,0.351496703765744,120,24
702,12,True,False,False,lower_bound,0.44918486108064515,0.8521990000509455,120,25
702,12,True,False,False,midpoint,0.44918486108064515,0.8112030351520912,120,26
702,12,True,False,False,midpoint_with_inhaler,0.44918486108064515,0.8112030351520912,120,27
702,12,True,False,False,upper_bound,0.44918486108064515,0.7784455725853194,120,28
702,12,True,False,False,upper_bound_with_inhaler,0.44918486108064515,0.7784455725853194,120,29
702,12,True,False,True,one_hot,0.351496703765744,0.351496703765744,120,30
702,12,True,False,True,lower_bound,0.44918486108064515,0.8521990000509455,120,31
702,12,True,False,True,midpoint,0.44918486108064515,0.8112030351520912,120,32
702,12,True,False,True,midpoint_with_inhaler,0.44918486108064515,0.8112030351520912,120,33
702,12,True,False,True,upper_bound,0.44918486108064515,0.7784455725853194,120,34
702,12,True,False,True,upper_bound_with_inhaler,0.44918486108064515,0.7784455725853194,120,35
702,24,False,False,False,one_hot,0.5397115367007856,0.5397115367007856,120,36
702,24,False,False,False,lower_bound,0.6490867379712171,1.1030418473408787,120,37
702,24,False,False,False,midpoint,0.6490867379712171,1.0359947003980856,120,38
702,24,False,False,False,midpoint_with_inhaler,0.6490867379712171,1.0359947003980856,120,39
702,24,False,False,False,upper_bound,0.6490867379712171,0.9841551767327404,120,40
702,24,False,False,False,upper_bound_with_inhaler,0.6490867379712171,0.9841551767327404,120,41
702,24,False,False,True,one_hot,0.5397115367007856,0.5397115367007856,120,42
702,24,False,False,True,lower_bound,0.6490867379712171,1.1030418473408787,120,43
702,24,False,False,True,midpoint,0.6490867379712171,1.0359947003980856,120,44
702,24,False,False,True,midpoint_with_inhaler,0.6490867379712171,1.0359947003980856,120,45
702,24,False,False,True,upper_bound,0.6490867379712171,0.9841551767327404,120,46
702,24,False,False,True,upper_bound_with_inhaler,0.6490867379712171,0.9841551767327404,120,47
702,24,False,True,False,one_hot,0.5388996177171071,0.538899617717107,120,48
702,24,False,True,False,lower_bound,0.6184611867706555,1.0509541615607116,120,49
702,24,False,True,False,midpoint,0.6184611867706555,0.9946600740137329,120,50
702,24,False,True,False,midpoint_with_inhaler,0.6184611867706555,0.9946600740137329,120,51
702,24,False,True,False,upper_bound,0.6184611867706555,0.9514191097485656,120,52
702,24,False,True,False,upper_bound_with_inhaler,0.6184611867706555,0.9514191097485656,120,53
702,24,False,True,True,one_hot,0.5388996177171071,0.538899617717107,120,54
702,24,False,True,True,lower_bound,0.6184611867706555,1.0509541615607116,120,55
702,24,False,True,True,midpoint,0.6184611867706555,0.9946600740137329,120,56
702,24,False,True,True,midpoint_with_inhaler,0.6184611867706555,0.9946600740137329,120,57
702,24,False,True,True,upper_bound,0.6184611867706555,0.9514191097485656,120,58
702,24,False,True,True,upper_bound_with_inhaler,0.6184611867706555,0.9514191097485656,120,59
702,24,True,False,False,one_hot,0.5397115367007856,0.5397115367007856,120,60
702,24,True,False,False,lower_bound,0.6490867379712171,1.1030418473408787,120,61
702,24,True,False,False,midpoint,0.6490867379712171,1.0359947003980856,120,62
702,24,True,False,False,midpoint_with_inhaler,0.6490867379712171,1.0359947003980856,120,63
702,24,True,False,False,upper_bound,0.6490867379712171,0.9841551767327404,120,64
702,24,True,False,False,upper_bound_with_inhaler,0.6490867379712171,0.9841551767327404,120,65
702,24,True,False,True,one_hot,0.5397115367007856,0.5397115367007856,120,66
702,24,True,False,True,lower_bound,0.6490867379712171,1.1030418473408787,120,67
702,24,True,False,True,midpoint,0.6490867379712171,1.0359947003980856,120,68
702,24,True,False,True,midpoint_with_inhaler,0.6490867379712171,1.0359947003980856,120,69
702,24,True,False,True,upper_bound,0.6490867379712171,0.9841551767327404,120,70
702,24,True,False,True,upper_bound_with_inhaler,0.6490867379712171,0.9841551767327404,120,71
702,36,False,False,False,one_hot,0.47347685443242005,0.47347685443242005,120,72
702,36,False,False,False,lower_bound,0.634608973702446,1.1751572826620558,120,73
702,36,False,False,False,midpoint,0.634608973702446,1.1271860994309262,120,74
702,36,False,False,False,midpoint_with_inhaler,0.634608973702446,1.1271860994309262,120,75
702,36,False,False,False,upper_bound,0.634608973702446,1.0783620595053796,120,76
702,36,False,False,False,upper_bound_with_inhaler,0.634608973702446,1.0783620595053796,120,77
702,36,False,False,True,one_hot,0.47347685443242005,0.47347685443242005,120,78
702,36,False,False,True,lower_bound,0.634608973702446,1.1751572826620558,120,79
702,36,False,False,True,midpoint,0.634608973702446,1.1271860994309262,120,80
702,36,False,False,True,midpoint_with_inhaler,0.634608973702446,1.1271860994309262,120,81
702,36,False,False,True,upper_bound,0.634608973702446,1.0783620595053796,120,82
702,36,False,False,True,upper_bound_with_inhaler,0.634608973702446,1.0783620595053796,120,83
702,36,True,False,False,one_hot,0.45770509407536974,0.45770509407536974,120,84
702,36,True,False,False,lower_bound,0.5202834318962887,0.7745290747392418,120,85
702,36,True,False,False,midpoint,0.5202834318962887,0.7278542934187272,120,86
702,36,True,False,False,midpoint_with_inhaler,0.5202834318962887,0.7278542934187272,120,87
702,36,True,False,False,upper_bound,0.5202834318962887,0.6894795715253238,120,88
702,36,True,False,False,upper_bound_with_inhaler,0.5202834318962887,0.6894795715253238,120,89
702,36,True,False,True,one_hot,0.45770509407536974,0.45770509407536974,120,90
702,36,True,False,True,lower_bound,0.5202834318962887,0.7745290747392418,120,91
702,36,True,False,True,midpoint,0.5202834318962887,0.7278542934187272,120,92
702,36,True,False,True,midpoint_with_inhaler,0.5202834318962887,0.7278542934187272,120,93
702,36,True,False,True,upper_bound,0.5202834318962887,0.6894795715253238,120,94
702,36,True,False,True,upper_bound_with_inhaler,0.5202834318962887,0.6894795715253238,120,95
702,48,False,False,False,one_hot,0.33817355334368815,0.33817355334368815,120,96
702,48,False,False,False,lower_bound,0.5671878218231067,1.0927765910917786,120,97
702,48,False,False,False,midpoint,0.5671878218231067,1.0459052609308237,120,98
702,48,False,False,False,midpoint_with_inhaler,0.5671878218231067,1.0459052609308237,120,99
702,48,False,False,False,upper_bound,0.5671878218231067,0.9987678415223129,120,100
702,48,False,False,False,upper_bound_with_inhaler,0.5671878218231067,0.9987678415223129,120,101
702,48,False,False,True,one_hot,0.33817355334368815,0.33817355334368815,120,102
702,48,False,False,True,lower_bound,0.5671878218231067,1.0927765910917786,120,103
702,48,False,False,True,midpoint,0.5671878218231067,1.0459052609308237,120,104
702,48,False,False,True,midpoint_with_inhaler,0.5671878218231067,1.0459052609308237,120,105
702,48,False,False,True,upper_bound,0.5671878218231067,0.9987678415223129,120,106
702,48,False,False,True,upper_bound_with_inhaler,0.5671878218231067,0.9987678415223129,120,107
702,48,False,True,False,one_hot,0.1022403100461429,0.1022403100461429,120,108
702,48,False,True,False,lower_bound,0.1724187710584203,0.41606400238044094,120,109
702,48,False,True,False,midpoint,0.1724187710584203,0.37358534880396066,120,110
702,48,False,True,False,midpoint_with_inhaler,0.1724187710584203,0.37358534880396066,120,111
702,48,False,True,False,upper_bound,0.1724187710584203,0.3406817478909063,120,112
702,48,False,True,False,upper_bound_with_inhaler,0.1724187710584203,0.3406817478909063,120,113
702,48,False,True,True,one_hot,0.1022403100461429,0.1022403100461429,120,114
702,48,False,True,True,lower_bound,0.1724187710584203,0.41606400238044094,120,115
702,48,False,True,True,midpoint,0.1724187710584203,0.37358534880396066,120,116
702,48,False,True,True,midpoint_with_inhaler,0.1724187710584203,0.37358534880396066,120,117
702,48,False,True,True,upper_bound,0.1724187710584203,0.3406817478909063,120,118
702,48,False,True,True,upper_bound_with_inhaler,0.1724187710584203,0.3406817478909063,120,119
702,48,True,False,False,one_hot,0.33392562415630034,0.33392562415630034,120,120
702,48,True,False,False,lower_bound,0.3900443802492616,0.5917002159856272,120,121
702,48,True,False,False,midpoint,0.3900443802492616,0.5634267497416044,120,122
702,48,True,False,False,midpoint_with_inhaler,0.3900443802492616,0.5634267497416044,120,123
702,48,True,False,False,upper_bound,0.3900443802492616,0.5391666915403667,120,124
702,48,True,False,False,upper_bound_with_inhaler,0.3900443802492616,0.5391666915403667,120,125
702,48,True,False,True,one_hot,0.33392562415630034,0.33392562415630034,120,126
702,48,True,False,True,lower_bound,0.3900443802492616,0.5917002159856272,120,127
702,48,True,False,True,midpoint,0.3900443802492616,0.5634267497416044,120,128
702,48,True,False,True,midpoint_with_inhaler,0.3900443802492616,0.5634267497416044,120,129
702,48,True,False,True,upper_bound,0.3900443802492616,0.5391666915403667,120,130
702,48,True,False,True,upper_bound_with_inhaler,0.3900443802492616,0.5391666915403667,120,131
917,12,False,False,False,one_hot,0.6894278330666723,0.6894278330666723,9,0
917,12,False,False,False,lower_bound,1.225120791843648,1.512536631199911,9,1
917,12,False,False,False,midpoint,1.225120791843648,1.541299281492634,9,2
917,12,False,False,False,midpoint_with_inhaler,1.225120791843648,1.541299281492634,9,3
917,12,False,False,False,upper_bound,1.225120791843648,1.4920219644118105,9,4
917,12,False,False,False,upper_bound_with_inhaler,1.225120791843648,1.4920219644118105,9,5
917,12,False,False,True,one_hot,0.6894278330666723,0.6894278330666723,9,6
917,12,False,False,True,lower_bound,1.225120791843648,1.512536631199911,9,7
917,12,False,False,True,midpoint,1.225120791843648,1.541299281492634,9,8
917,12,False,False,True,midpoint_with_inhaler,1.225120791843648,1.541299281492634,9,9
917,12,False,False,True,upper_bound,1.225120791843648,1.4920219644118105,9,10
917,12,False,False,True,upper_bound_with_inhaler,1.225120791843648,1.4920219644118105,9,11
917,12,False,True,False,one_hot,0.4180480042601457,0.4180480042601458,9,12
917,12,False,True,False,lower_bound,1.1225282266670784,1.081016815694915,9,13
917,12,False,True,False,midpoint,1.1225282266670784,1.0232084629877085,9,14
917,12,False,True,False,midpoint_with_inhaler,1.1225282266670784,1.0232084629877085,9,15
917,12,False,True,False,upper_bound,1.1225282266670784,0.9649570741841351,9,16
917,12,False,True,False,upper_bound_with_inhaler,1.1225282266670784,0.9649570741841351,9,17
917,12,False,True,True,one_hot,0.4180480042601457,0.4180480042601458,9,18
917,12,False,True,True,lower_bound,1.1225282266670784,1.081016815694915,9,19
917,12,False,True,True,midpoint,1.1225282266670784,1.0232084629877085,9,20
917,12,False,True,True,midpoint_with_inhaler,1.1225282266670784,1.0232084629877085,9,21
917,12,False,True,True,upper_bound,1.1225282266670784,0.9649570741841351,9,22
917,12,False,True,True,upper_bound_with_inhaler,1.1225282266670784,0.9649570741841351,9,23
917,12,True,False,False,one_hot,,,9,24
917,12,True,False,False,lower_bound,0.6850439186774424,0.9659240966937717,9,25
917,12,True,False,False,midpoint,0.6850439186774424,1.048270999735407,9,26
917,12,True,False,False,midpoint_with_inhaler,0.6850439186774424,1.048270999735407,9,27
917,12,True,False,False,upper_bound,0.6850439186774424,1.0729483047346626,9,28
917,12,True,False,False,upper_bound_with_inhaler,0.6850439186774424,1.0729483047346626,9,29
917,12,True,False,True,one_hot,,,9,30
917,12,True,False,True,lower_bound,0.6850439186774424,0.9659240966937717,9,31
917,12,True,False,True,midpoint,0.6850439186774424,1.048270999735407,9,32
917,12,True,False,True,midpoint_with_inhaler,0.6850439186774424,1.048270999735407,9,33
917,12,True,False,True,upper_bound,0.6850439186774424,1.0729483047346626,9,34
917,12,True,False,True,upper_bound_with_inhaler,0.6850439186774424,1.0729483047346626,9,35
917,24,False,False,False,one_hot,0.4180480042601457,0.4180480042601458,9,36
917,24,False,False,False,lower_bound,0.9975672940503284,0.9326939622902116,9,37
917,24,False,False,False,midpoint,0.9975672940503284,1.0037594946820765,9,38
917,24,False,False,False,midpoint_with_inhaler,0.9975672940503284,1.0037594946820765,9,39
917,24,False,False,False,upper_bound,0.9975672940503284,1.0461845544216688,9,40
917,24,False,False,False,upper_bound_with_inhaler,0.9975672940503284,1.0461845544216688,9,41
917,24,False,False,True,one_hot,0.4180480042601457,0.4180480042601458,9,42
917,24,False,False,True,lower_bound,0.9975672940503284,0.9326939622902116,9,43
917,24,False,False,True,midpoint,0.9975672940503284,1.0037594946820765,9,44
917,24,False,False,True,midpoint_with_inhaler,0.9975672940503284,1.0037594946820765,9,45
917,24,False,False,True,upper_bound,0.9975672940503284,1.0461845544216688,9,46
917,24,False,False,True,upper_bound_with_inhaler,0.9975672940503284,1.0461845544216688,9,47
917,24,False,True,False,one_hot,1.0729483047346626,1.0729483047346626,9,48
917,24,False,True,False,lower_bound,0.9655495136459369,1.0536579558630057,9,49
917,24,False,True,False,midpoint,0.9655495136459369,1.160274555895623,9,50
917,24,False,True,False,midpoint_with_inhaler,0.9655495136459369,1.160274555895623,9,51
917,24,False,True,False,upper_bound,0.9655495136459369,1.209935121335946,9,52
917,24,False,True,False,upper_bound_with_inhaler,0.9655495136459369,1.209935121335946,9,53
917,24,False,True,True,one_hot,1.0729483047346626,1.0729483047346626,9,54
917,24,False,True,True,lower_bound,0.9655495136459369,1.0536579558630057,9,55
917,24,False,True,True,midpoint,0.9655495136459369,1.160274555895623,9,56
917,24,False,True,True,midpoint_with_inhaler,0.9655495136459369,1.160274555895623,9,57
917,24,False,True,True,upper_bound,0.9655495136459369,1.209935121335946,9,58
917,24,False,True,True,upper_bound_with_inhaler,0.9655495136459369,1.209935121335946,9,59
917,24,True,False,False,one_hot,0.4180480042601457,0.4180480042601458,9,60
917,24,True,False,False,lower_bound,0.9975672940503284,0.9326939622902116,9,61
917,24,True,False,False,midpoint,0.9975672940503284,1.0037594946820765,9,62
917,24,True,False,False,midpoint_with_inhaler,0.9975672940503284,1.0037594946820765,9,63
917,24,True,False,False,upper_bound,0.9975672940503284,1.0461845544216688,9,64
917,24,True,False,False,upper_bound_with_inhaler,0.9975672940503284,1.0461845544216688,9,65
917,24,True,False,True,one_hot,0.4180480042601457,0.4180480042601458,9,66
917,24,True,False,True,lower_bound,0.9975672940503284,0.9326939622902116,9,67
917,24,True,False,True,midpoint,0.9975672940503284,1.0037594946820765,9,68
917,24,True,False,True,midpoint_with_inhaler,0.9975672940503284,1.0037594946820765,9,69
917,24,True,False,True,upper_bound,0.9975672940503284,1.0461845544216688,9,70
917,24,True,False,True,upper_bound_with_inhaler,0.9975672940503284,1.0461845544216688,9,71
917,36,False,False,False,one_hot,0.4180480042601457,0.4180480042601458,9,72
917,36,False,False,False,lower_bound,1.3324716667717957,1.6641258597162714,9,73
917,36,False,False,False,midpoint,1.3324716667717957,1.5847821099134678,9,74
917,36,False,False,False,midpoint_with_inhaler,1.3324716667717957,1.5847821099134678,9,75
917,36,False,False,False,upper_bound,1.3324716667717957,1.5211659302756488,9,76
917,36,False,False,False,upper_bound_with_inhaler,1.3324716667717957,1.5211659302756488,9,77
917,36,False,False,True,one_hot,0.4180480042601457,0.4180480042601458,9,78
917,36,False,False,True,lower_bound,1.3324716667717957,1.6641258597162714,9,79
917,36,False,False,True,midpoint,1.3324716667717957,1.5847821099134678,9,80
917,36,False,False,True,midpoint_with_inhaler,1.3324716667717957,1.5847821099134678,9,81
917,36,False,False,True,upper_bound,1.3324716667717957,1.5211659302756488,9,82
917,36,False,False,True,upper_bound_with_inhaler,1.3324716667717957,1.5211659302756488,9,83
917,36,True,False,False,one_hot,,,9,84
917,36,True,False,False,lower_bound,1.0292929815966976,0.8022858253563304,9,85
917,36,True,False,False,midpoint,1.0292929815966976,0.7869560736739774,9,86
917,36,True,False,False,midpoint_with_inhaler,1.0292929815966976,0.7869560736739774,9,87
917,36,True,False,False,upper_bound,1.0292929815966976,0.7750287209249122,9,88
917,36,True,False,False,upper_bound_with_inhaler,1.0292929815966976,0.7750287209249122,9,89
917,36,True,False,True,one_hot,,,9,90
917,36,True,False,True,lower_bound,1.0292929815966976,0.8022858253563304,9,91
917,36,True,False,True,midpoint,1.0292929815966976,0.7869560736739774,9,92
917,36,True,False,True,midpoint_with_inhaler,1.0292929815966976,0.7869560736739774,9,93
917,36,True,False,True,upper_bound,1.0292929815966976,0.7750287209249122,9,94
917,36,True,False,True,upper_bound_with_inhaler,1.0292929815966976,0.7750287209249122,9,95
917,48,False,False,False,one_hot,,,9,96
917,48,False,False,False,lower_bound,0.7049544788187359,1.0910109502985619,9,97
917,48,False,False,False,midpoint,0.7049544788187359,0.9971353818073956,9,98
917,48,False,False,False,midpoint_with_inhaler,0.7049544788187359,1.0374172862398403,9,99
917,48,False,False,False,upper_bound,0.7049544788187359,0.8848963602217151,9,100
917,48,False,False,False,upper_bound_with_inhaler,0.7049544788187359,0.9385081895918609,9,101
917,48,False,False,True,one_hot,,,9,102
917,48,False,False,True,lower_bound,0.7049544788187359,1.0910109502985619,9,103
917,48,False,False,True,midpoint,0.7049544788187359,0.9971353818073956,9,104
917,48,False,False,True,midpoint_with_inhaler,0.7049544788187359,1.0374172862398403,9,105
917,48,False,False,True,upper_bound,0.7049544788187359,0.8848963602217151,9,106
917,48,False,False,True,upper_bound_with_inhaler,0.7049544788187359,0.9385081895918609,9,107
917,48,False,True,False,one_hot,0.05983272786942106,0.05983272786942103,9,108
917,48,False,True,False,lower_bound,0.38804358879008716,0.5369090241643257,9,109
917,48,False,True,False,midpoint,0.38804358879008716,0.42156808555820063,9,110
917,48,False,True,False,midpoint_with_inhaler,0.38804358879008716,0.42156808555820063,9,111
917,48,False,True,False,upper_bound,0.38804358879008716,0.3319200098480298,9,112
917,48,False,True,False,upper_bound_with_inhaler,0.38804358879008716,0.3319200098480298,9,113
917,48,False,True,True,one_hot,0.05983272786942106,0.05983272786942103,9,114
917,48,False,True,True,lower_bound,0.38804358879008716,0.5369090241643257,9,115
917,48,False,True,True,midpoint,0.38804358879008716,0.42156808555820063,9,116
917,48,False,True,True,midpoint_with_inhaler,0.38804358879008716,0.42156808555820063,9,117
917,48,False,True,True,upper_bound,0.38804358879008716,0.3319200098480298,9,118
917,48,False,True,True,upper_bound_with_inhaler,0.38804358879008716,0.3319200098480298,9,119
917,48,True,False,False,one_hot,,,9,120
917,48,True,False,False,lower_bound,0.8659798292163529,1.0799183416914502,9,121
917,48,True,False,False,midpoint,0.8659798292163529,1.1648315217126097,9,122
917,48,True,False,False,midpoint_with_inhaler,0.8659798292163529,1.1648315217126097,9,123
917,48,True,False,False,upper_bound,0.8659798292163529,1.1787193722810692,9,124
917,48,True,False,False,upper_bound_with_inhaler,0.8659798292163529,1.1787193722810692,9,125
917,48,True,False,True,one_hot,,,9,126
917,48,True,False,True,lower_bound,0.8659798292163529,1.0799183416914502,9,127
917,48,True,False,True,midpoint,0.8659798292163529,1.1648315217126097,9,128
917,48,True,False,True,midpoint_with_inhaler,0.8659798292163529,1.1648315217126097,9,129
917,48,True,False,True,upper_bound,0.8659798292163529,1.1787193722810692,9,130
917,48,True,False,True,upper_bound_with_inhaler,0.8659798292163529,1.1787193722810692,9,131
939,12,False,False,False,one_hot,0.09328043244581062,0.09328043244581063,158,0
939,12,False,False,False,lower_bound,0.29673868043872986,0.30364781249557665,158,1
939,12,False,False,False,midpoint,0.29673868043872986,0.2766001774397347,158,2
939,12,False,False,False,midpoint_with_inhaler,0.29673868043872986,0.2766001774397347,158,3
939,12,False,False,False,upper_bound,0.29673868043872986,0.2493290641051716,158,4
939,12,False,False,False,upper_bound_with_inhaler,0.29673868043872986,0.2493290641051716,158,5
939,12,False,False,True,one_hot,0.09328043244581062,0.09328043244581063,158,6
939,12,False,False,True,lower_bound,0.29673868043872986,0.30364781249557665,158,7
939,12,False,False,True,midpoint,0.29673868043872986,0.2766001774397347,158,8
939,12,False,False,True,midpoint_with_inhaler,0.29673868043872986,0.2766001774397347,158,9
939,12,False,False,True,upper_bound,0.29673868043872986,0.2493290641051716,158,10
939,12,False,False,True,upper_bound_with_inhaler,0.29673868043872986,0.2493290641051716,158,11
939,12,False,True,False,one_hot,,,158,12
939,12,False,True,False,lower_bound,0.30820995928697087,0.4188759221140131,158,13
939,12,False,True,False,midpoint,0.30820995928697087,0.3933982891424983,158,14
939,12,False,True,False,midpoint_with_inhaler,0.30820995928697087,0.3933982891424983,158,15
939,12,False,True,False,upper_bound,0.30820995928697087,0.36414103878044457,158,16
939,12,False,True,False,upper_bound_with_inhaler,0.30820995928697087,0.36414103878044457,158,17
939,12,False,True,True,one_hot,,,158,18
939,12,False,True,True,lower_bound,0.30820995928697087,0.4188759221140131,158,19
939,12,False,True,True,midpoint,0.30820995928697087,0.3933982891424983,158,20
939,12,False,True,True,midpoint_with_inhaler,0.30820995928697087,0.3933982891424983,158,21
939,12,False,True,True,upper_bound,0.30820995928697087,0.36414103878044457,158,22
939,12,False,True,True,upper_bound_with_inhaler,0.30820995928697087,0.36414103878044457,158,23
939,12,True,False,False,one_hot,,,158,24
939,12,True,False,False,lower_bound,0.29612439042829986,0.3941690974403608,158,25
939,12,True,False,False,midpoint,0.29612439042829986,0.3581543285410033,158,26
939,12,True,False,False,midpoint_with_inhaler,0.29612439042829986,0.3581543285410033,158,27
939,12,True,False,False,upper_bound,0.29612439042829986,0.32441258555002794,158,28
939,12,True,False,False,upper_bound_with_inhaler,0.29612439042829986,0.32441258555002794,158,29
939,12,True,False,True,one_hot,,,158,30
939,12,True,False,True,lower_bound,0.29612439042829986,0.3941690974403608,158,31
939,12,True,False,True,midpoint,0.29612439042829986,0.3581543285410033,158,32
939,12,True,False,True,midpoint_with_inhaler,0.29612439042829986,0.3581543285410033,158,33
939,12,True,False,True,upper_bound,0.29612439042829986,0.32441258555002794,158,34
939,12,True,False,True,upper_bound_with_inhaler,0.29612439042829986,0.32441258555002794,158,35
939,24,False,False,False,one_hot,,,158,36
939,24,False,False,False,lower_bound,0.42537930642585037,0.49133307709296775,158,37
939,24,False,False,False,midpoint,0.42537930642585037,0.4764009675885735,158,38
939,24,False,False,False,midpoint_with_inhaler,0.42537930642585037,0.4764009675885735,158,39
939,24,False,False,False,upper_bound,0.42537930642585037,0.4587365843553434,158,40
939,24,False,False,False,upper_bound_with_inhaler,0.42537930642585037,0.4587365843553434,158,41
939,24,False,False,True,one_hot,,,158,42
939,24,False,False,True,lower_bound,0.42537930642585037,0.49133307709296775,158,43
939,24,False,False,True,midpoint,0.42537930642585037,0.4764009675885735,158,44
939,24,False,False,True,midpoint_with_inhaler,0.42537930642585037,0.4764009675885735,158,45
939,24,False,False,True,upper_bound,0.42537930642585037,0.4587365843553434,158,46
939,24,False,False,True,upper_bound_with_inhaler,0.42537930642585037,0.4587365843553434,158,47
939,24,False,True,False,one_hot,,,158,48
939,24,False,True,False,lower_bound,0.43459700725247136,0.5153482384080148,158,49
939,24,False,True,False,midpoint,0.43459700725247136,0.5310632809429037,158,50
939,24,False,True,False,midpoint_with_inhaler,0.43459700725247136,0.5310632809429037,158,51
939,24,False,True,False,upper_bound,0.43459700725247136,0.5289564427246847,158,52
939,24,False,True,False,upper_bound_with_inhaler,0.43459700725247136,0.5289564427246847,158,53
939,24,False,True,True,one_hot,,,158,54
939,24,False,True,True,lower_bound,0.43459700725247136,0.5153482384080148,158,55
939,24,False,True,True,midpoint,0.43459700725247136,0.5310632809429037,158,56
939,24,False,True,True,midpoint_with_inhaler,0.43459700725247136,0.5310632809429037,158,57
939,24,False,True,True,upper_bound,0.43459700725247136,0.5289564427246847,158,58
939,24,False,True,True,upper_bound_with_inhaler,0.43459700725247136,0.5289564427246847,158,59
939,24,True,False,False,one_hot,,,158,60
939,24,True,False,False,lower_bound,0.42537930642585037,0.49133307709296775,158,61
939,24,True,False,False,midpoint,0.42537930642585037,0.4764009675885735,158,62
939,24,True,False,False,midpoint_with_inhaler,0.42537930642585037,0.4764009675885735,158,63
939,24,True,False,False,upper_bound,0.42537930642585037,0.4587365843553434,158,64
939,24,True,False,False,upper_bound_with_inhaler,0.42537930642585037,0.4587365843553434,158,65
939,24,True,False,True,one_hot,,,158,66
939,24,True,False,True,lower_bound,0.42537930642585037,0.49133307709296775,158,67
939,24,True,False,True,midpoint,0.42537930642585037,0.4764009675885735,158,68
939,24,True,False,True,midpoint_with_inhaler,0.42537930642585037,0.4764009675885735,158,69
939,24,True,False,True,upper_bound,0.42537930642585037,0.4587365843553434,158,70
939,24,True,False,True,upper_bound_with_inhaler,0.42537930642585037,0.4587365843553434,158,71
939,36,False,False,False,one_hot,,,158,72
939,36,False,False,False,lower_bound,0.38096281807484855,0.48973467221954253,158,73
939,36,False,False,False,midpoint,0.38096281807484855,0.44200362180318514,158,74
939,36,False,False,False,midpoint_with_inhaler,0.38096281807484855,0.44200362180318514,158,75
939,36,False,False,False,upper_bound,0.38096281807484855,0.4050282883437734,158,76
939,36,False,False,False,upper_bound_with_inhaler,0.38096281807484855,0.4050282883437734,158,77
939,36,False,False,True,one_hot,,,158,78
939,36,False,False,True,lower_bound,0.38096281807484855,0.48973467221954253,158,79
939,36,False,False,True,midpoint,0.38096281807484855,0.44200362180318514,158,80
939,36,False,False,True,midpoint_with_inhaler,0.38096281807484855,0.44200362180318514,158,81
939,36,False,False,True,upper_bound,0.38096281807484855,0.4050282883437734,158,82
939,36,False,False,True,upper_bound_with_inhaler,0.38096281807484855,0.4050282883437734,158,83
939,36,True,False,False,one_hot,,,158,84
939,36,True,False,False,lower_bound,0.5037065342259237,0.6254109521588995,158,85
939,36,True,False,False,midpoint,0.5037065342259237,0.6522230495952853,158,86
939,36,True,False,False,midpoint_with_inhaler,0.5037065342259237,0.6522230495952853,158,87
939,36,True,False,False,upper_bound,0.5037065342259237,0.6550121969616476,158,88
939,36,True,False,False,upper_bound_with_inhaler,0.5037065342259237,0.6550121969616476,158,89
939,36,True,False,True,one_hot,,,158,90
939,36,True,False,True,lower_bound,0.5037065342259237,0.6254109521588995,158,91
939,36,True,False,True,midpoint,0.5037065342259237,0.6522230495952853,158,92
939,36,True,False,True,midpoint_with_inhaler,0.5037065342259237,0.6522230495952853,158,93
939,36,True,False,True,upper_bound,0.5037065342259237,0.6550121969616476,158,94
939,36,True,False,True,upper_bound_with_inhaler,0.5037065342259237,0.6550121969616476,158,95
939,48,False,False,False,one_hot,,,158,96
939,48,False,False,False,lower_bound,0.3944551746332748,0.518421933024848,158,97
939,48,False,False,False,midpoint,0.3944551746332748,0.4355871993524882,158,98
939,48,False,False,False,midpoint_with_inhaler,0.3944551746332748,0.455303166106883,158,99
939,48,False,False,False,upper_bound,0.36882620897461177,0.3687886175634245,158,100
939,48,False,False,False,upper_bound_with_inhaler,0.3944551746332748,0.4313684384090052,158,101
939,48,False,False,True,one_hot,,,158,102
939,48,False,False,True,lower_bound,0.3944551746332748,0.518421933024848,158,103
939,48,False,False,True,midpoint,0.3944551746332748,0.4355871993524882,158,104
939,48,False,False,True,midpoint_with_inhaler,0.3944551746332748,0.455303166106883,158,105
939,48,False,False,True,upper_bound,0.36882620897461177,0.3687886175634245,158,106
939,48,False,False,True,upper_bound_with_inhaler,0.3944551746332748,0.4313684384090052,158,107
939,48,False,True,False,one_hot,,,158,108
939,48,False,True,False,lower_bound,0.2816369118761532,0.3913777945774786,158,109
939,48,False,True,False,midpoint,0.2816369118761532,0.3667354253807141,158,110
939,48,False,True,False,midpoint_with_inhaler,0.2816369118761532,0.3667354253807141,158,111
939,48,False,True,False,upper_bound,0.2816369118761532,0.3399422357444435,158,112
939,48,False,True,False,upper_bound_with_inhaler,0.2816369118761532,0.3399422357444435,158,113
939,48,False,True,True,one_hot,,,158,114
939,48,False,True,True,lower_bound,0.2816369118761532,0.3913777945774786,158,115
939,48,False,True,True,midpoint,0.2816369118761532,0.3667354253807141,158,116
939,48,False,True,True,midpoint_with_inhaler,0.2816369118761532,0.3667354253807141,158,117
939,48,False,True,True,upper_bound,0.2816369118761532,0.3399422357444435,158,118
939,48,False,True,True,upper_bound_with_inhaler,0.2816369118761532,0.3399422357444435,158,119
939,48,True,False,False,one_hot,-0.06858784354261895,-0.06858784354261897,158,120
939,48,True,False,False,lower_bound,0.1318853537734842,0.23167021626772583,158,121
939,48,True,False,False,midpoint,0.1318853537734842,0.19494828298697486,158,122
939,48,True,False,False,midpoint_with_inhaler,0.1318853537734842,0.19494828298697486,158,123
939,48,True,False,False,upper_bound,0.1318853537734842,0.16610579048860752,158,124
939,48,True,False,False,upper_bound_with_inhaler,0.1318853537734842,0.16610579048860752,158,125
939,48,True,False,True,one_hot,-0.06858784354261895,-0.06858784354261897,158,126
939,48,True,False,True,lower_bound,0.1318853537734842,0.23167021626772583,158,127
939,48,True,False,True,midpoint,0.1318853537734842,0.19494828298697486,158,128
939,48,True,False,True,midpoint_with_inhaler,0.1318853537734842,0.19494828298697486,158,129
939,48,True,False,True,upper_bound,0.1318853537734842,0.16610579048860752,158,130
939,48,True,False,True,upper_bound_with_inhaler,0.1318853537734842,0.16610579048860752,158,131
