user_key,timestamp_window,use_daily_max_windows,use_calendar_days,filter_out_zero_usage_entries,categorization_method,spearman_z,pearson_z,sample_size,config_idx
113,12,False,False,False,one_hot,0.1410812667686669,0.14108126676866686,158,0
113,12,False,False,False,lower_bound,0.3253402248965438,0.373722301273244,158,1
113,12,False,False,False,midpoint,0.3253402248965438,0.38835798909725444,158,2
113,12,False,False,False,midpoint_with_inhaler,0.3253402248965438,0.39584017658638193,158,3
113,12,False,False,False,upper_bound,0.32487671518289224,0.3981614307501833,158,4
113,12,False,False,False,upper_bound_with_inhaler,0.3253402248965438,0.4038583553054239,158,5
113,12,False,False,True,one_hot,0.1410812667686669,0.14108126676866686,158,6
113,12,False,False,True,lower_bound,0.3253402248965438,0.373722301273244,158,7
113,12,False,False,True,midpoint,0.3253402248965438,0.38835798909725444,158,8
113,12,False,False,True,midpoint_with_inhaler,0.3253402248965438,0.39584017658638193,158,9
113,12,False,False,True,upper_bound,0.32487671518289224,0.3981614307501833,158,10
113,12,False,False,True,upper_bound_with_inhaler,0.3253402248965438,0.4038583553054239,158,11
113,12,False,True,False,one_hot,0.04187219042920055,0.04187219042920053,158,12
113,12,False,True,False,lower_bound,0.1841775617502987,0.2688774556102914,158,13
113,12,False,True,False,midpoint,0.1841775617502987,0.27762754338716594,158,14
113,12,False,True,False,midpoint_with_inhaler,0.1841775617502987,0.2869261268029905,158,15
113,12,False,True,False,upper_bound,0.18421349116486255,0.28465749183110994,158,16
113,12,False,True,False,upper_bound_with_inhaler,0.1841775617502987,0.2945283608927193,158,17
113,12,False,True,True,one_hot,0.04187219042920055,0.04187219042920053,158,18
113,12,False,True,True,lower_bound,0.1841775617502987,0.2688774556102914,158,19
113,12,False,True,True,midpoint,0.1841775617502987,0.27762754338716594,158,20
113,12,False,True,True,midpoint_with_inhaler,0.1841775617502987,0.2869261268029905,158,21
113,12,False,True,True,upper_bound,0.18421349116486255,0.28465749183110994,158,22
113,12,False,True,True,upper_bound_with_inhaler,0.1841775617502987,0.2945283608927193,158,23
113,12,True,False,False,one_hot,0.14278228809651367,0.14278228809651364,158,24
113,12,True,False,False,lower_bound,0.2729988671173656,0.3025279002835218,158,25
113,12,True,False,False,midpoint,0.2729988671173656,0.31738242507887177,158,26
113,12,True,False,False,midpoint_with_inhaler,0.2729988671173656,0.31642858258165857,158,27
113,12,True,False,False,upper_bound,0.2732400357173542,0.32867193313710413,158,28
113,12,True,False,False,upper_bound_with_inhaler,0.2729988671173656,0.32306127985736754,158,29
113,12,True,False,True,one_hot,0.14278228809651367,0.14278228809651364,158,30
113,12,True,False,True,lower_bound,0.2729988671173656,0.3025279002835218,158,31
113,12,True,False,True,midpoint,0.2729988671173656,0.31738242507887177,158,32
113,12,True,False,True,midpoint_with_inhaler,0.2729988671173656,0.31642858258165857,158,33
113,12,True,False,True,upper_bound,0.2732400357173542,0.32867193313710413,158,34
113,12,True,False,True,upper_bound_with_inhaler,0.2729988671173656,0.32306127985736754,158,35
113,24,False,False,False,one_hot,0.08046245662614647,0.08046245662614646,158,36
113,24,False,False,False,lower_bound,0.29650171921015644,0.35579834421067097,158,37
113,24,False,False,False,midpoint,0.29650171921015644,0.358562309778031,158,38
113,24,False,False,False,midpoint_with_inhaler,0.29650171921015644,0.3777326772828201,158,39
113,24,False,False,False,upper_bound,0.29616114958368167,0.3563638078623125,158,40
113,24,False,False,False,upper_bound_with_inhaler,0.29650171921015644,0.39629128041041234,158,41
113,24,False,False,True,one_hot,0.08046245662614647,0.08046245662614646,158,42
113,24,False,False,True,lower_bound,0.29650171921015644,0.35579834421067097,158,43
113,24,False,False,True,midpoint,0.29650171921015644,0.358562309778031,158,44
113,24,False,False,True,midpoint_with_inhaler,0.29650171921015644,0.3777326772828201,158,45
113,24,False,False,True,upper_bound,0.29616114958368167,0.3563638078623125,158,46
113,24,False,False,True,upper_bound_with_inhaler,0.29650171921015644,0.39629128041041234,158,47
113,24,False,True,False,one_hot,0.21254586204660622,0.2125458620466061,158,48
113,24,False,True,False,lower_bound,0.1851803901612576,0.20802794530508595,158,49
113,24,False,True,False,midpoint,0.1851803901612576,0.2315503192282198,158,50
113,24,False,True,False,midpoint_with_inhaler,0.1851803901612576,0.21798302347601342,158,51
113,24,False,True,False,upper_bound,0.18471590001508087,0.2392127660157872,158,52
113,24,False,True,False,upper_bound_with_inhaler,0.1851803901612576,0.22797449683970716,158,53
113,24,False,True,True,one_hot,0.21254586204660622,0.2125458620466061,158,54
113,24,False,True,True,lower_bound,0.1851803901612576,0.20802794530508595,158,55
113,24,False,True,True,midpoint,0.1851803901612576,0.2315503192282198,158,56
113,24,False,True,True,midpoint_with_inhaler,0.1851803901612576,0.21798302347601342,158,57
113,24,False,True,True,upper_bound,0.18471590001508087,0.2392127660157872,158,58
113,24,False,True,True,upper_bound_with_inhaler,0.1851803901612576,0.22797449683970716,158,59
113,24,True,False,False,one_hot,0.08046245662614647,0.08046245662614646,158,60
113,24,True,False,False,lower_bound,0.29650171921015644,0.35579834421067097,158,61
113,24,True,False,False,midpoint,0.29650171921015644,0.358562309778031,158,62
113,24,True,False,False,midpoint_with_inhaler,0.29650171921015644,0.3777326772828201,158,63
113,24,True,False,False,upper_bound,0.29616114958368167,0.3563638078623125,158,64
113,24,True,False,False,upper_bound_with_inhaler,0.29650171921015644,0.39629128041041234,158,65
113,24,True,False,True,one_hot,0.08046245662614647,0.08046245662614646,158,66
113,24,True,False,True,lower_bound,0.29650171921015644,0.35579834421067097,158,67
113,24,True,False,True,midpoint,0.29650171921015644,0.358562309778031,158,68
113,24,True,False,True,midpoint_with_inhaler,0.29650171921015644,0.3777326772828201,158,69
113,24,True,False,True,upper_bound,0.29616114958368167,0.3563638078623125,158,70
113,24,True,False,True,upper_bound_with_inhaler,0.29650171921015644,0.39629128041041234,158,71
113,36,False,False,False,one_hot,0.1325499215407872,0.13254992154078715,158,72
113,36,False,False,False,lower_bound,0.3054819332970304,0.3527085778302741,158,73
113,36,False,False,False,midpoint,0.3054819332970304,0.3596590232832368,158,74
113,36,False,False,False,midpoint_with_inhaler,0.3054819332970304,0.36757176571829453,158,75
113,36,False,False,False,upper_bound,0.30513102070577164,0.35591081398884744,158,76
113,36,False,False,False,upper_bound_with_inhaler,0.3054819332970304,0.37534136028042825,158,77
113,36,False,False,True,one_hot,0.1325499215407872,0.13254992154078715,158,78
113,36,False,False,True,lower_bound,0.3054819332970304,0.3527085778302741,158,79
113,36,False,False,True,midpoint,0.3054819332970304,0.3596590232832368,158,80
113,36,False,False,True,midpoint_with_inhaler,0.3054819332970304,0.36757176571829453,158,81
113,36,False,False,True,upper_bound,0.30513102070577164,0.35591081398884744,158,82
113,36,False,False,True,upper_bound_with_inhaler,0.3054819332970304,0.37534136028042825,158,83
113,36,True,False,False,one_hot,0.10938728153519876,0.10938728153519876,158,84
113,36,True,False,False,lower_bound,0.24756418390217794,0.2292069898938126,158,85
113,36,True,False,False,midpoint,0.24756418390217794,0.25342721250889033,158,86
113,36,True,False,False,midpoint_with_inhaler,0.24756418390217794,0.2331417219946147,158,87
113,36,True,False,False,upper_bound,0.24706102877000077,0.2589028224978544,158,88
113,36,True,False,False,upper_bound_with_inhaler,0.24756418390217794,0.2392426749118666,158,89
113,36,True,False,True,one_hot,0.10938728153519876,0.10938728153519876,158,90
113,36,True,False,True,lower_bound,0.24756418390217794,0.2292069898938126,158,91
113,36,True,False,True,midpoint,0.24756418390217794,0.25342721250889033,158,92
113,36,True,False,True,midpoint_with_inhaler,0.24756418390217794,0.2331417219946147,158,93
113,36,True,False,True,upper_bound,0.24706102877000077,0.2589028224978544,158,94
113,36,True,False,True,upper_bound_with_inhaler,0.24756418390217794,0.2392426749118666,158,95
113,48,False,False,False,one_hot,0.027916720409035065,0.027916720409035038,158,96
113,48,False,False,False,lower_bound,0.1990374592855114,0.2926838087216755,158,97
113,48,False,False,False,midpoint,0.1990374592855114,0.2887033937238531,158,98
113,48,False,False,False,midpoint_with_inhaler,0.1990374592855114,0.3151605036770836,158,99
113,48,False,False,False,upper_bound,0.19854423644627253,0.2753890226703771,158,100
113,48,False,False,False,upper_bound_with_inhaler,0.1990374592855114,0.3278087716988254,158,101
113,48,False,False,True,one_hot,0.027916720409035065,0.027916720409035038,158,102
113,48,False,False,True,lower_bound,0.1990374592855114,0.2926838087216755,158,103
113,48,False,False,True,midpoint,0.1990374592855114,0.2887033937238531,158,104
113,48,False,False,True,midpoint_with_inhaler,0.1990374592855114,0.3151605036770836,158,105
113,48,False,False,True,upper_bound,0.19854423644627253,0.2753890226703771,158,106
113,48,False,False,True,upper_bound_with_inhaler,0.1990374592855114,0.3278087716988254,158,107
113,48,False,True,False,one_hot,0.21065355673160668,0.21065355673160674,158,108
113,48,False,True,False,lower_bound,0.2350408026732979,0.1343040295175327,158,109
113,48,False,True,False,midpoint,0.2350408026732979,0.16443420900379177,158,110
113,48,False,True,False,midpoint_with_inhaler,0.2350408026732979,0.1251334157980658,158,111
113,48,False,True,False,upper_bound,0.23561460180397187,0.18385608540709916,158,112
113,48,False,True,False,upper_bound_with_inhaler,0.2350408026732979,0.12739329533160226,158,113
113,48,False,True,True,one_hot,0.21065355673160668,0.21065355673160674,158,114
113,48,False,True,True,lower_bound,0.2350408026732979,0.1343040295175327,158,115
113,48,False,True,True,midpoint,0.2350408026732979,0.16443420900379177,158,116
113,48,False,True,True,midpoint_with_inhaler,0.2350408026732979,0.1251334157980658,158,117
113,48,False,True,True,upper_bound,0.23561460180397187,0.18385608540709916,158,118
113,48,False,True,True,upper_bound_with_inhaler,0.2350408026732979,0.12739329533160226,158,119
113,48,True,False,False,one_hot,0.11428545723885043,0.11428545723885045,158,120
113,48,True,False,False,lower_bound,0.20283272811238492,0.18874182439445378,158,121
113,48,True,False,False,midpoint,0.20283272811238492,0.20382745723966925,158,122
113,48,True,False,False,midpoint_with_inhaler,0.20283272811238492,0.18135243287104802,158,123
113,48,True,False,False,upper_bound,0.2030645243929935,0.20935550832518907,158,124
113,48,True,False,False,upper_bound_with_inhaler,0.20283272811238492,0.16959497034431653,158,125
113,48,True,False,True,one_hot,0.11428545723885043,0.11428545723885045,158,126
113,48,True,False,True,lower_bound,0.20283272811238492,0.18874182439445378,158,127
113,48,True,False,True,midpoint,0.20283272811238492,0.20382745723966925,158,128
113,48,True,False,True,midpoint_with_inhaler,0.20283272811238492,0.18135243287104802,158,129
113,48,True,False,True,upper_bound,0.2030645243929935,0.20935550832518907,158,130
113,48,True,False,True,upper_bound_with_inhaler,0.20283272811238492,0.16959497034431653,158,131
190,12,False,False,False,one_hot,-0.027223275822367898,-0.027223275822367925,19,0
190,12,False,False,False,lower_bound,-0.027223275822367898,-0.027223275822367925,19,1
190,12,False,False,False,midpoint,-0.027223275822367898,-0.027223275822367915,19,2
190,12,False,False,False,midpoint_with_inhaler,-0.027223275822367898,-0.027223275822367915,19,3
190,12,False,False,False,upper_bound,-0.027223275822367898,-0.027223275822367925,19,4
190,12,False,False,False,upper_bound_with_inhaler,-0.027223275822367898,-0.027223275822367925,19,5
190,12,False,False,True,one_hot,-0.027223275822367898,-0.027223275822367925,19,6
190,12,False,False,True,lower_bound,-0.027223275822367898,-0.027223275822367925,19,7
190,12,False,False,True,midpoint,-0.027223275822367898,-0.027223275822367915,19,8
190,12,False,False,True,midpoint_with_inhaler,-0.027223275822367898,-0.027223275822367915,19,9
190,12,False,False,True,upper_bound,-0.027223275822367898,-0.027223275822367925,19,10
190,12,False,False,True,upper_bound_with_inhaler,-0.027223275822367898,-0.027223275822367925,19,11
190,12,False,True,False,one_hot,0.03582105708309529,0.03582105708309532,19,12
190,12,False,True,False,lower_bound,0.03582105708309529,0.03582105708309532,19,13
190,12,False,True,False,midpoint,0.03582105708309529,0.035821057083095256,19,14
190,12,False,True,False,midpoint_with_inhaler,0.03582105708309529,0.035821057083095256,19,15
190,12,False,True,False,upper_bound,0.03582105708309529,0.03582105708309532,19,16
190,12,False,True,False,upper_bound_with_inhaler,0.03582105708309529,0.03582105708309532,19,17
190,12,False,True,True,one_hot,0.03582105708309529,0.03582105708309532,19,18
190,12,False,True,True,lower_bound,0.03582105708309529,0.03582105708309532,19,19
190,12,False,True,True,midpoint,0.03582105708309529,0.035821057083095256,19,20
190,12,False,True,True,midpoint_with_inhaler,0.03582105708309529,0.035821057083095256,19,21
190,12,False,True,True,upper_bound,0.03582105708309529,0.03582105708309532,19,22
190,12,False,True,True,upper_bound_with_inhaler,0.03582105708309529,0.03582105708309532,19,23
190,12,True,False,False,one_hot,-0.06911640417333659,-0.06911640417333663,19,24
190,12,True,False,False,lower_bound,-0.06911640417333659,-0.06911640417333663,19,25
190,12,True,False,False,midpoint,-0.06911640417333659,-0.06911640417333662,19,26
190,12,True,False,False,midpoint_with_inhaler,-0.06911640417333659,-0.06911640417333662,19,27
190,12,True,False,False,upper_bound,-0.06911640417333659,-0.06911640417333663,19,28
190,12,True,False,False,upper_bound_with_inhaler,-0.06911640417333659,-0.06911640417333663,19,29
190,12,True,False,True,one_hot,-0.06911640417333659,-0.06911640417333663,19,30
190,12,True,False,True,lower_bound,-0.06911640417333659,-0.06911640417333663,19,31
190,12,True,False,True,midpoint,-0.06911640417333659,-0.06911640417333662,19,32
190,12,True,False,True,midpoint_with_inhaler,-0.06911640417333659,-0.06911640417333662,19,33
190,12,True,False,True,upper_bound,-0.06911640417333659,-0.06911640417333663,19,34
190,12,True,False,True,upper_bound_with_inhaler,-0.06911640417333659,-0.06911640417333663,19,35
190,24,False,False,False,one_hot,0.5125631881238468,0.5125631881238468,19,36
190,24,False,False,False,lower_bound,0.38850097937982236,0.1689490069103114,19,37
190,24,False,False,False,midpoint,0.38850097937982236,0.259871644276467,19,38
190,24,False,False,False,midpoint_with_inhaler,0.38850097937982236,0.259871644276467,19,39
190,24,False,False,False,upper_bound,0.38850097937982236,0.31544863843312165,19,40
190,24,False,False,False,upper_bound_with_inhaler,0.38850097937982236,0.31544863843312165,19,41
190,24,False,False,True,one_hot,0.5125631881238468,0.5125631881238468,19,42
190,24,False,False,True,lower_bound,0.38850097937982236,0.1689490069103114,19,43
190,24,False,False,True,midpoint,0.38850097937982236,0.259871644276467,19,44
190,24,False,False,True,midpoint_with_inhaler,0.38850097937982236,0.259871644276467,19,45
190,24,False,False,True,upper_bound,0.38850097937982236,0.31544863843312165,19,46
190,24,False,False,True,upper_bound_with_inhaler,0.38850097937982236,0.31544863843312165,19,47
190,24,False,True,False,one_hot,0.15235374089211765,0.15235374089211765,19,48
190,24,False,True,False,lower_bound,-0.045057988951303994,-0.19044777630657034,19,49
190,24,False,True,False,midpoint,-0.045057988951303994,-0.12397201842035556,19,50
190,24,False,True,False,midpoint_with_inhaler,-0.045057988951303994,-0.12397201842035556,19,51
190,24,False,True,False,upper_bound,-0.045057988951303994,-0.07587350599904513,19,52
190,24,False,True,False,upper_bound_with_inhaler,-0.045057988951303994,-0.07587350599904513,19,53
190,24,False,True,True,one_hot,0.15235374089211765,0.15235374089211765,19,54
190,24,False,True,True,lower_bound,-0.045057988951303994,-0.19044777630657034,19,55
190,24,False,True,True,midpoint,-0.045057988951303994,-0.12397201842035556,19,56
190,24,False,True,True,midpoint_with_inhaler,-0.045057988951303994,-0.12397201842035556,19,57
190,24,False,True,True,upper_bound,-0.045057988951303994,-0.07587350599904513,19,58
190,24,False,True,True,upper_bound_with_inhaler,-0.045057988951303994,-0.07587350599904513,19,59
190,24,True,False,False,one_hot,0.5125631881238468,0.5125631881238468,19,60
190,24,True,False,False,lower_bound,0.38850097937982236,0.1689490069103114,19,61
190,24,True,False,False,midpoint,0.38850097937982236,0.259871644276467,19,62
190,24,True,False,False,midpoint_with_inhaler,0.38850097937982236,0.259871644276467,19,63
190,24,True,False,False,upper_bound,0.38850097937982236,0.31544863843312165,19,64
190,24,True,False,False,upper_bound_with_inhaler,0.38850097937982236,0.31544863843312165,19,65
190,24,True,False,True,one_hot,0.5125631881238468,0.5125631881238468,19,66
190,24,True,False,True,lower_bound,0.38850097937982236,0.1689490069103114,19,67
190,24,True,False,True,midpoint,0.38850097937982236,0.259871644276467,19,68
190,24,True,False,True,midpoint_with_inhaler,0.38850097937982236,0.259871644276467,19,69
190,24,True,False,True,upper_bound,0.38850097937982236,0.31544863843312165,19,70
190,24,True,False,True,upper_bound_with_inhaler,0.38850097937982236,0.31544863843312165,19,71
190,36,False,False,False,one_hot,0.4927994134700757,0.4927994134700757,19,72
190,36,False,False,False,lower_bound,0.4927994134700757,0.4927994134700757,19,73
190,36,False,False,False,midpoint,0.4927994134700757,0.4927994134700757,19,74
190,36,False,False,False,midpoint_with_inhaler,0.4927994134700757,0.4927994134700757,19,75
190,36,False,False,False,upper_bound,0.4927994134700757,0.4927994134700757,19,76
190,36,False,False,False,upper_bound_with_inhaler,0.4927994134700757,0.4927994134700757,19,77
190,36,False,False,True,one_hot,0.4927994134700757,0.4927994134700757,19,78
190,36,False,False,True,lower_bound,0.4927994134700757,0.4927994134700757,19,79
190,36,False,False,True,midpoint,0.4927994134700757,0.4927994134700757,19,80
190,36,False,False,True,midpoint_with_inhaler,0.4927994134700757,0.4927994134700757,19,81
190,36,False,False,True,upper_bound,0.4927994134700757,0.4927994134700757,19,82
190,36,False,False,True,upper_bound_with_inhaler,0.4927994134700757,0.4927994134700757,19,83
190,36,True,False,False,one_hot,0.3861482943883967,0.38614829438839676,19,84
190,36,True,False,False,lower_bound,0.3861482943883967,0.38614829438839676,19,85
190,36,True,False,False,midpoint,0.3861482943883967,0.3861482943883967,19,86
190,36,True,False,False,midpoint_with_inhaler,0.3861482943883967,0.3861482943883967,19,87
190,36,True,False,False,upper_bound,0.3861482943883967,0.38614829438839676,19,88
190,36,True,False,False,upper_bound_with_inhaler,0.3861482943883967,0.38614829438839676,19,89
190,36,True,False,True,one_hot,0.3861482943883967,0.38614829438839676,19,90
190,36,True,False,True,lower_bound,0.3861482943883967,0.38614829438839676,19,91
190,36,True,False,True,midpoint,0.3861482943883967,0.3861482943883967,19,92
190,36,True,False,True,midpoint_with_inhaler,0.3861482943883967,0.3861482943883967,19,93
190,36,True,False,True,upper_bound,0.3861482943883967,0.38614829438839676,19,94
190,36,True,False,True,upper_bound_with_inhaler,0.3861482943883967,0.38614829438839676,19,95
190,48,False,False,False,one_hot,0.253762289053812,0.25376228905381204,19,96
190,48,False,False,False,lower_bound,0.2200811752532358,0.18605737585132612,19,97
190,48,False,False,False,midpoint,0.2200811752532358,0.20947121450920766,19,98
190,48,False,False,False,midpoint_with_inhaler,0.2200811752532358,0.20947121450920766,19,99
190,48,False,False,False,upper_bound,0.2200811752532358,0.22744953600579143,19,100
190,48,False,False,False,upper_bound_with_inhaler,0.2200811752532358,0.22744953600579143,19,101
190,48,False,False,True,one_hot,0.253762289053812,0.25376228905381204,19,102
190,48,False,False,True,lower_bound,0.2200811752532358,0.18605737585132612,19,103
190,48,False,False,True,midpoint,0.2200811752532358,0.20947121450920766,19,104
190,48,False,False,True,midpoint_with_inhaler,0.2200811752532358,0.20947121450920766,19,105
190,48,False,False,True,upper_bound,0.2200811752532358,0.22744953600579143,19,106
190,48,False,False,True,upper_bound_with_inhaler,0.2200811752532358,0.22744953600579143,19,107
190,48,False,True,False,one_hot,0.6102897852195366,0.6102897852195367,19,108
190,48,False,True,False,lower_bound,0.6102897852195366,0.6102897852195367,19,109
190,48,False,True,False,midpoint,0.6102897852195366,0.6102897852195366,19,110
190,48,False,True,False,midpoint_with_inhaler,0.6102897852195366,0.6102897852195366,19,111
190,48,False,True,False,upper_bound,0.6102897852195366,0.6102897852195367,19,112
190,48,False,True,False,upper_bound_with_inhaler,0.6102897852195366,0.6102897852195367,19,113
190,48,False,True,True,one_hot,0.6102897852195366,0.6102897852195367,19,114
190,48,False,True,True,lower_bound,0.6102897852195366,0.6102897852195367,19,115
190,48,False,True,True,midpoint,0.6102897852195366,0.6102897852195366,19,116
190,48,False,True,True,midpoint_with_inhaler,0.6102897852195366,0.6102897852195366,19,117
190,48,False,True,True,upper_bound,0.6102897852195366,0.6102897852195367,19,118
190,48,False,True,True,upper_bound_with_inhaler,0.6102897852195366,0.6102897852195367,19,119
190,48,True,False,False,one_hot,0.3861482943883967,0.38614829438839676,19,120
190,48,True,False,False,lower_bound,0.3861482943883967,0.38614829438839676,19,121
190,48,True,False,False,midpoint,0.3861482943883967,0.3861482943883967,19,122
190,48,True,False,False,midpoint_with_inhaler,0.3861482943883967,0.3861482943883967,19,123
190,48,True,False,False,upper_bound,0.3861482943883967,0.38614829438839676,19,124
190,48,True,False,False,upper_bound_with_inhaler,0.3861482943883967,0.38614829438839676,19,125
190,48,True,False,True,one_hot,0.3861482943883967,0.38614829438839676,19,126
190,48,True,False,True,lower_bound,0.3861482943883967,0.38614829438839676,19,127
190,48,True,False,True,midpoint,0.3861482943883967,0.3861482943883967,19,128
190,48,True,False,True,midpoint_with_inhaler,0.3861482943883967,0.3861482943883967,19,129
190,48,True,False,True,upper_bound,0.3861482943883967,0.38614829438839676,19,130
190,48,True,False,True,upper_bound_with_inhaler,0.3861482943883967,0.38614829438839676,19,131
294,12,False,False,False,one_hot,0.1380224221377372,0.13802242213773722,173,0
294,12,False,False,False,lower_bound,0.2910311602878574,0.30975462710658047,173,1
294,12,False,False,False,midpoint,0.2910311602878574,0.3096392230067522,173,2
294,12,False,False,False,midpoint_with_inhaler,0.2910311602878574,0.3096392230067522,173,3
294,12,False,False,False,upper_bound,0.2910311602878574,0.3055900704920441,173,4
294,12,False,False,False,upper_bound_with_inhaler,0.2910311602878574,0.3055900704920441,173,5
294,12,False,False,True,one_hot,0.1380224221377372,0.13802242213773722,173,6
294,12,False,False,True,lower_bound,0.2910311602878574,0.30975462710658047,173,7
294,12,False,False,True,midpoint,0.2910311602878574,0.3096392230067522,173,8
294,12,False,False,True,midpoint_with_inhaler,0.2910311602878574,0.3096392230067522,173,9
294,12,False,False,True,upper_bound,0.2910311602878574,0.3055900704920441,173,10
294,12,False,False,True,upper_bound_with_inhaler,0.2910311602878574,0.3055900704920441,173,11
294,12,False,True,False,one_hot,,,173,12
294,12,False,True,False,lower_bound,0.45491982572798534,0.3819602798750831,173,13
294,12,False,True,False,midpoint,0.45491982572798534,0.41748488195429445,173,14
294,12,False,True,False,midpoint_with_inhaler,0.45491982572798534,0.41748488195429445,173,15
294,12,False,True,False,upper_bound,0.45491982572798534,0.4377451451721568,173,16
294,12,False,True,False,upper_bound_with_inhaler,0.45491982572798534,0.4377451451721568,173,17
294,12,False,True,True,one_hot,,,173,18
294,12,False,True,True,lower_bound,0.45491982572798534,0.3819602798750831,173,19
294,12,False,True,True,midpoint,0.45491982572798534,0.41748488195429445,173,20
294,12,False,True,True,midpoint_with_inhaler,0.45491982572798534,0.41748488195429445,173,21
294,12,False,True,True,upper_bound,0.45491982572798534,0.4377451451721568,173,22
294,12,False,True,True,upper_bound_with_inhaler,0.45491982572798534,0.4377451451721568,173,23
294,12,True,False,False,one_hot,,,173,24
294,12,True,False,False,lower_bound,0.48918424611146966,0.44344560387646687,173,25
294,12,True,False,False,midpoint,0.48918424611146966,0.47276737822555426,173,26
294,12,True,False,False,midpoint_with_inhaler,0.48918424611146966,0.47211505060120595,173,27
294,12,True,False,False,upper_bound,0.48849582032305194,0.48512710262759384,173,28
294,12,True,False,False,upper_bound_with_inhaler,0.48918424611146966,0.4847317112335238,173,29
294,12,True,False,True,one_hot,,,173,30
294,12,True,False,True,lower_bound,0.48918424611146966,0.44344560387646687,173,31
294,12,True,False,True,midpoint,0.48918424611146966,0.47276737822555426,173,32
294,12,True,False,True,midpoint_with_inhaler,0.48918424611146966,0.47211505060120595,173,33
294,12,True,False,True,upper_bound,0.48849582032305194,0.48512710262759384,173,34
294,12,True,False,True,upper_bound_with_inhaler,0.48918424611146966,0.4847317112335238,173,35
294,24,False,False,False,one_hot,,,173,36
294,24,False,False,False,lower_bound,0.7085855499262381,0.7076115010558294,173,37
294,24,False,False,False,midpoint,0.7085855499262381,0.7152436045689309,173,38
294,24,False,False,False,midpoint_with_inhaler,0.7085855499262381,0.7159694891172125,173,39
294,24,False,False,False,upper_bound,0.7055817458131473,0.700426255599912,173,40
294,24,False,False,False,upper_bound_with_inhaler,0.7085855499262381,0.7080783054327794,173,41
294,24,False,False,True,one_hot,,,173,42
294,24,False,False,True,lower_bound,0.7085855499262381,0.7076115010558294,173,43
294,24,False,False,True,midpoint,0.7085855499262381,0.7152436045689309,173,44
294,24,False,False,True,midpoint_with_inhaler,0.7085855499262381,0.7159694891172125,173,45
294,24,False,False,True,upper_bound,0.7055817458131473,0.700426255599912,173,46
294,24,False,False,True,upper_bound_with_inhaler,0.7085855499262381,0.7080783054327794,173,47
294,24,False,True,False,one_hot,,,173,48
294,24,False,True,False,lower_bound,0.4908906029162163,0.4626870692958812,173,49
294,24,False,True,False,midpoint,0.4908906029162163,0.4811741548282361,173,50
294,24,False,True,False,midpoint_with_inhaler,0.4908906029162163,0.4811741548282361,173,51
294,24,False,True,False,upper_bound,0.4908906029162163,0.4892929188371493,173,52
294,24,False,True,False,upper_bound_with_inhaler,0.4908906029162163,0.4892929188371493,173,53
294,24,False,True,True,one_hot,,,173,54
294,24,False,True,True,lower_bound,0.4908906029162163,0.4626870692958812,173,55
294,24,False,True,True,midpoint,0.4908906029162163,0.4811741548282361,173,56
294,24,False,True,True,midpoint_with_inhaler,0.4908906029162163,0.4811741548282361,173,57
294,24,False,True,True,upper_bound,0.4908906029162163,0.4892929188371493,173,58
294,24,False,True,True,upper_bound_with_inhaler,0.4908906029162163,0.4892929188371493,173,59
294,24,True,False,False,one_hot,,,173,60
294,24,True,False,False,lower_bound,0.7085855499262381,0.7076115010558294,173,61
294,24,True,False,False,midpoint,0.7085855499262381,0.7152436045689309,173,62
294,24,True,False,False,midpoint_with_inhaler,0.7085855499262381,0.7159694891172125,173,63
294,24,True,False,False,upper_bound,0.7055817458131473,0.700426255599912,173,64
294,24,True,False,False,upper_bound_with_inhaler,0.7085855499262381,0.7080783054327794,173,65
294,24,True,False,True,one_hot,,,173,66
294,24,True,False,True,lower_bound,0.7085855499262381,0.7076115010558294,173,67
294,24,True,False,True,midpoint,0.7085855499262381,0.7152436045689309,173,68
294,24,True,False,True,midpoint_with_inhaler,0.7085855499262381,0.7159694891172125,173,69
294,24,True,False,True,upper_bound,0.7055817458131473,0.700426255599912,173,70
294,24,True,False,True,upper_bound_with_inhaler,0.7085855499262381,0.7080783054327794,173,71
294,36,False,False,False,one_hot,,,173,72
294,36,False,False,False,lower_bound,0.538789595762974,0.5376900293479054,173,73
294,36,False,False,False,midpoint,0.538789595762974,0.5464135037853142,173,74
294,36,False,False,False,midpoint_with_inhaler,0.538789595762974,0.5526503793033508,173,75
294,36,False,False,False,upper_bound,0.5037889927999005,0.5295373715528724,173,76
294,36,False,False,False,upper_bound_with_inhaler,0.538789595762974,0.5325386069193098,173,77
294,36,False,False,True,one_hot,,,173,78
294,36,False,False,True,lower_bound,0.538789595762974,0.5376900293479054,173,79
294,36,False,False,True,midpoint,0.538789595762974,0.5464135037853142,173,80
294,36,False,False,True,midpoint_with_inhaler,0.538789595762974,0.5526503793033508,173,81
294,36,False,False,True,upper_bound,0.5037889927999005,0.5295373715528724,173,82
294,36,False,False,True,upper_bound_with_inhaler,0.538789595762974,0.5325386069193098,173,83
294,36,True,False,False,one_hot,,,173,84
294,36,True,False,False,lower_bound,0.46618287454749413,0.4574504461328887,173,85
294,36,True,False,False,midpoint,0.46618287454749413,0.4677658909938656,173,86
294,36,True,False,False,midpoint_with_inhaler,0.46618287454749413,0.46982603455154165,173,87
294,36,True,False,False,upper_bound,0.46377955557109707,0.4710131631158177,173,88
294,36,True,False,False,upper_bound_with_inhaler,0.46618287454749413,0.4778731493348823,173,89
294,36,True,False,True,one_hot,,,173,90
294,36,True,False,True,lower_bound,0.46618287454749413,0.4574504461328887,173,91
294,36,True,False,True,midpoint,0.46618287454749413,0.4677658909938656,173,92
294,36,True,False,True,midpoint_with_inhaler,0.46618287454749413,0.46982603455154165,173,93
294,36,True,False,True,upper_bound,0.46377955557109707,0.4710131631158177,173,94
294,36,True,False,True,upper_bound_with_inhaler,0.46618287454749413,0.4778731493348823,173,95
294,48,False,False,False,one_hot,,,173,96
294,48,False,False,False,lower_bound,0.7231298454242522,0.7173631426498142,173,97
294,48,False,False,False,midpoint,0.7231298454242522,0.7091566260540467,173,98
294,48,False,False,False,midpoint_with_inhaler,0.7231298454242522,0.7256450872867412,173,99
294,48,False,False,False,upper_bound,0.68402802665272,0.6391684885614644,173,100
294,48,False,False,False,upper_bound_with_inhaler,0.7231298454242522,0.6752164642553191,173,101
294,48,False,False,True,one_hot,,,173,102
294,48,False,False,True,lower_bound,0.7231298454242522,0.7173631426498142,173,103
294,48,False,False,True,midpoint,0.7231298454242522,0.7091566260540467,173,104
294,48,False,False,True,midpoint_with_inhaler,0.7231298454242522,0.7256450872867412,173,105
294,48,False,False,True,upper_bound,0.68402802665272,0.6391684885614644,173,106
294,48,False,False,True,upper_bound_with_inhaler,0.7231298454242522,0.6752164642553191,173,107
294,48,False,True,False,one_hot,,,173,108
294,48,False,True,False,lower_bound,0.3045565296041612,0.29932040350814065,173,109
294,48,False,True,False,midpoint,0.3045565296041612,0.30795427504451606,173,110
294,48,False,True,False,midpoint_with_inhaler,0.3045565296041612,0.30795427504451606,173,111
294,48,False,True,False,upper_bound,0.3045565296041612,0.30939434683417766,173,112
294,48,False,True,False,upper_bound_with_inhaler,0.3045565296041612,0.30939434683417766,173,113
294,48,False,True,True,one_hot,,,173,114
294,48,False,True,True,lower_bound,0.3045565296041612,0.29932040350814065,173,115
294,48,False,True,True,midpoint,0.3045565296041612,0.30795427504451606,173,116
294,48,False,True,True,midpoint_with_inhaler,0.3045565296041612,0.30795427504451606,173,117
294,48,False,True,True,upper_bound,0.3045565296041612,0.30939434683417766,173,118
294,48,False,True,True,upper_bound_with_inhaler,0.3045565296041612,0.30939434683417766,173,119
294,48,True,False,False,one_hot,,,173,120
294,48,True,False,False,lower_bound,0.37733030167409715,0.34380005938943087,173,121
294,48,True,False,False,midpoint,0.37733030167409715,0.37069232488762144,173,122
294,48,True,False,False,midpoint_with_inhaler,0.37733030167409715,0.36927833568598123,173,123
294,48,True,False,False,upper_bound,0.37588600209729073,0.3785290437042814,173,124
294,48,True,False,False,upper_bound_with_inhaler,0.37733030167409715,0.38008019608272847,173,125
294,48,True,False,True,one_hot,,,173,126
294,48,True,False,True,lower_bound,0.37733030167409715,0.34380005938943087,173,127
294,48,True,False,True,midpoint,0.37733030167409715,0.37069232488762144,173,128
294,48,True,False,True,midpoint_with_inhaler,0.37733030167409715,0.36927833568598123,173,129
294,48,True,False,True,upper_bound,0.37588600209729073,0.3785290437042814,173,130
294,48,True,False,True,upper_bound_with_inhaler,0.37733030167409715,0.38008019608272847,173,131
328,12,False,False,False,one_hot,0.5418846257365839,0.541884625736584,17,0
328,12,False,False,False,lower_bound,0.47667345370639874,0.1269107433515565,17,1
328,12,False,False,False,midpoint,0.47667345370639874,0.15852100678666328,17,2
328,12,False,False,False,midpoint_with_inhaler,0.47667345370639874,0.15852100678666328,17,3
328,12,False,False,False,upper_bound,0.47667345370639874,0.17768131625347286,17,4
328,12,False,False,False,upper_bound_with_inhaler,0.47667345370639874,0.17768131625347286,17,5
328,12,False,False,True,one_hot,0.5418846257365839,0.541884625736584,17,6
328,12,False,False,True,lower_bound,0.47667345370639874,0.1269107433515565,17,7
328,12,False,False,True,midpoint,0.47667345370639874,0.15852100678666328,17,8
328,12,False,False,True,midpoint_with_inhaler,0.47667345370639874,0.15852100678666328,17,9
328,12,False,False,True,upper_bound,0.47667345370639874,0.17768131625347286,17,10
328,12,False,False,True,upper_bound_with_inhaler,0.47667345370639874,0.17768131625347286,17,11
328,12,False,True,False,one_hot,0.3589231765582063,0.3589231765582063,17,12
328,12,False,True,False,lower_bound,0.2508022132781132,0.033627301741666574,17,13
328,12,False,True,False,midpoint,0.2508022132781132,0.06571938758240256,17,14
328,12,False,True,False,midpoint_with_inhaler,0.2508022132781132,0.06571938758240256,17,15
328,12,False,True,False,upper_bound,0.2508022132781132,0.08598025077489672,17,16
328,12,False,True,False,upper_bound_with_inhaler,0.2508022132781132,0.08598025077489672,17,17
328,12,False,True,True,one_hot,0.3589231765582063,0.3589231765582063,17,18
328,12,False,True,True,lower_bound,0.2508022132781132,0.033627301741666574,17,19
328,12,False,True,True,midpoint,0.2508022132781132,0.06571938758240256,17,20
328,12,False,True,True,midpoint_with_inhaler,0.2508022132781132,0.06571938758240256,17,21
328,12,False,True,True,upper_bound,0.2508022132781132,0.08598025077489672,17,22
328,12,False,True,True,upper_bound_with_inhaler,0.2508022132781132,0.08598025077489672,17,23
328,12,True,False,False,one_hot,0.40861767640633306,0.4086176764063331,17,24
328,12,True,False,False,lower_bound,0.35030968983465455,0.09154194364805601,17,25
328,12,True,False,False,midpoint,0.35030968983465455,0.11810949303390353,17,26
328,12,True,False,False,midpoint_with_inhaler,0.35030968983465455,0.11810949303390353,17,27
328,12,True,False,False,upper_bound,0.35030968983465455,0.13413199329733966,17,28
328,12,True,False,False,upper_bound_with_inhaler,0.35030968983465455,0.13413199329733966,17,29
328,12,True,False,True,one_hot,0.40861767640633306,0.4086176764063331,17,30
328,12,True,False,True,lower_bound,0.35030968983465455,0.09154194364805601,17,31
328,12,True,False,True,midpoint,0.35030968983465455,0.11810949303390353,17,32
328,12,True,False,True,midpoint_with_inhaler,0.35030968983465455,0.11810949303390353,17,33
328,12,True,False,True,upper_bound,0.35030968983465455,0.13413199329733966,17,34
328,12,True,False,True,upper_bound_with_inhaler,0.35030968983465455,0.13413199329733966,17,35
328,24,False,False,False,one_hot,0.40861767640633306,0.40861767640633306,17,36
328,24,False,False,False,lower_bound,0.35030968983465455,0.09154194364805601,17,37
328,24,False,False,False,midpoint,0.35030968983465455,0.11810949303390353,17,38
328,24,False,False,False,midpoint_with_inhaler,0.35030968983465455,0.11810949303390353,17,39
328,24,False,False,False,upper_bound,0.35030968983465455,0.13413199329733966,17,40
328,24,False,False,False,upper_bound_with_inhaler,0.35030968983465455,0.13413199329733966,17,41
328,24,False,False,True,one_hot,0.40861767640633306,0.40861767640633306,17,42
328,24,False,False,True,lower_bound,0.35030968983465455,0.09154194364805601,17,43
328,24,False,False,True,midpoint,0.35030968983465455,0.11810949303390353,17,44
328,24,False,False,True,midpoint_with_inhaler,0.35030968983465455,0.11810949303390353,17,45
328,24,False,False,True,upper_bound,0.35030968983465455,0.13413199329733966,17,46
328,24,False,False,True,upper_bound_with_inhaler,0.35030968983465455,0.13413199329733966,17,47
328,24,False,True,False,one_hot,0.4678194397177004,0.46781943971770057,17,48
328,24,False,True,False,lower_bound,0.4678194397177004,0.46781943971770057,17,49
328,24,False,True,False,midpoint,0.4678194397177004,0.46781943971770024,17,50
328,24,False,True,False,midpoint_with_inhaler,0.4678194397177004,0.46781943971770024,17,51
328,24,False,True,False,upper_bound,0.4678194397177004,0.46781943971770057,17,52
328,24,False,True,False,upper_bound_with_inhaler,0.4678194397177004,0.46781943971770057,17,53
328,24,False,True,True,one_hot,0.4678194397177004,0.46781943971770057,17,54
328,24,False,True,True,lower_bound,0.4678194397177004,0.46781943971770057,17,55
328,24,False,True,True,midpoint,0.4678194397177004,0.46781943971770024,17,56
328,24,False,True,True,midpoint_with_inhaler,0.4678194397177004,0.46781943971770024,17,57
328,24,False,True,True,upper_bound,0.4678194397177004,0.46781943971770057,17,58
328,24,False,True,True,upper_bound_with_inhaler,0.4678194397177004,0.46781943971770057,17,59
328,24,True,False,False,one_hot,0.40861767640633306,0.40861767640633306,17,60
328,24,True,False,False,lower_bound,0.35030968983465455,0.09154194364805601,17,61
328,24,True,False,False,midpoint,0.35030968983465455,0.11810949303390353,17,62
328,24,True,False,False,midpoint_with_inhaler,0.35030968983465455,0.11810949303390353,17,63
328,24,True,False,False,upper_bound,0.35030968983465455,0.13413199329733966,17,64
328,24,True,False,False,upper_bound_with_inhaler,0.35030968983465455,0.13413199329733966,17,65
328,24,True,False,True,one_hot,0.40861767640633306,0.40861767640633306,17,66
328,24,True,False,True,lower_bound,0.35030968983465455,0.09154194364805601,17,67
328,24,True,False,True,midpoint,0.35030968983465455,0.11810949303390353,17,68
328,24,True,False,True,midpoint_with_inhaler,0.35030968983465455,0.11810949303390353,17,69
328,24,True,False,True,upper_bound,0.35030968983465455,0.13413199329733966,17,70
328,24,True,False,True,upper_bound_with_inhaler,0.35030968983465455,0.13413199329733966,17,71
328,36,False,False,False,one_hot,0.17066884146429792,0.17066884146429798,17,72
328,36,False,False,False,lower_bound,0.1009348554794364,-0.020351732571978646,17,73
328,36,False,False,False,midpoint,0.1009348554794364,-0.007860543813804584,17,74
328,36,False,False,False,midpoint_with_inhaler,0.1009348554794364,-0.007860543813804584,17,75
328,36,False,False,False,upper_bound,0.1009348554794364,6.938893903907228e-18,17,76
328,36,False,False,False,upper_bound_with_inhaler,0.1009348554794364,6.938893903907228e-18,17,77
328,36,False,False,True,one_hot,0.17066884146429792,0.17066884146429798,17,78
328,36,False,False,True,lower_bound,0.1009348554794364,-0.020351732571978646,17,79
328,36,False,False,True,midpoint,0.1009348554794364,-0.007860543813804584,17,80
328,36,False,False,True,midpoint_with_inhaler,0.1009348554794364,-0.007860543813804584,17,81
328,36,False,False,True,upper_bound,0.1009348554794364,6.938893903907228e-18,17,82
328,36,False,False,True,upper_bound_with_inhaler,0.1009348554794364,6.938893903907228e-18,17,83
328,36,True,False,False,one_hot,-0.11284318271571438,-0.11284318271571438,17,84
328,36,True,False,False,lower_bound,-0.11284318271571438,-0.11284318271571438,17,85
328,36,True,False,False,midpoint,-0.11284318271571438,-0.11284318271571438,17,86
328,36,True,False,False,midpoint_with_inhaler,-0.11284318271571438,-0.11284318271571438,17,87
328,36,True,False,False,upper_bound,-0.11284318271571438,-0.11284318271571438,17,88
328,36,True,False,False,upper_bound_with_inhaler,-0.11284318271571438,-0.11284318271571438,17,89
328,36,True,False,True,one_hot,-0.11284318271571438,-0.11284318271571438,17,90
328,36,True,False,True,lower_bound,-0.11284318271571438,-0.11284318271571438,17,91
328,36,True,False,True,midpoint,-0.11284318271571438,-0.11284318271571438,17,92
328,36,True,False,True,midpoint_with_inhaler,-0.11284318271571438,-0.11284318271571438,17,93
328,36,True,False,True,upper_bound,-0.11284318271571438,-0.11284318271571438,17,94
328,36,True,False,True,upper_bound_with_inhaler,-0.11284318271571438,-0.11284318271571438,17,95
328,48,False,False,False,one_hot,0.17066884146429792,0.17066884146429792,17,96
328,48,False,False,False,lower_bound,0.10093485547943641,-0.02035173257197864,17,97
328,48,False,False,False,midpoint,0.10093485547943641,-0.0078605438138046,17,98
328,48,False,False,False,midpoint_with_inhaler,0.10093485547943641,-0.0078605438138046,17,99
328,48,False,False,False,upper_bound,0.10093485547943641,0.0,17,100
328,48,False,False,False,upper_bound_with_inhaler,0.10093485547943641,0.0,17,101
328,48,False,False,True,one_hot,0.17066884146429792,0.17066884146429792,17,102
328,48,False,False,True,lower_bound,0.10093485547943641,-0.02035173257197864,17,103
328,48,False,False,True,midpoint,0.10093485547943641,-0.0078605438138046,17,104
328,48,False,False,True,midpoint_with_inhaler,0.10093485547943641,-0.0078605438138046,17,105
328,48,False,False,True,upper_bound,0.10093485547943641,0.0,17,106
328,48,False,False,True,upper_bound_with_inhaler,0.10093485547943641,0.0,17,107
328,48,False,True,False,one_hot,-0.2765186331416562,-0.2765186331416562,17,108
328,48,False,True,False,lower_bound,-0.2765186331416562,-0.2765186331416562,17,109
328,48,False,True,False,midpoint,-0.2765186331416562,-0.27651863314165603,17,110
328,48,False,True,False,midpoint_with_inhaler,-0.2765186331416562,-0.27651863314165603,17,111
328,48,False,True,False,upper_bound,-0.2765186331416562,-0.2765186331416562,17,112
328,48,False,True,False,upper_bound_with_inhaler,-0.2765186331416562,-0.2765186331416562,17,113
328,48,False,True,True,one_hot,-0.2765186331416562,-0.2765186331416562,17,114
328,48,False,True,True,lower_bound,-0.2765186331416562,-0.2765186331416562,17,115
328,48,False,True,True,midpoint,-0.2765186331416562,-0.27651863314165603,17,116
328,48,False,True,True,midpoint_with_inhaler,-0.2765186331416562,-0.27651863314165603,17,117
328,48,False,True,True,upper_bound,-0.2765186331416562,-0.2765186331416562,17,118
328,48,False,True,True,upper_bound_with_inhaler,-0.2765186331416562,-0.2765186331416562,17,119
328,48,True,False,False,one_hot,0.3589231765582063,0.3589231765582063,17,120
328,48,True,False,False,lower_bound,0.3589231765582063,0.3589231765582063,17,121
328,48,True,False,False,midpoint,0.3589231765582063,0.35892317655820616,17,122
328,48,True,False,False,midpoint_with_inhaler,0.3589231765582063,0.35892317655820616,17,123
328,48,True,False,False,upper_bound,0.3589231765582063,0.3589231765582063,17,124
328,48,True,False,False,upper_bound_with_inhaler,0.3589231765582063,0.3589231765582063,17,125
328,48,True,False,True,one_hot,0.3589231765582063,0.3589231765582063,17,126
328,48,True,False,True,lower_bound,0.3589231765582063,0.3589231765582063,17,127
328,48,True,False,True,midpoint,0.3589231765582063,0.35892317655820616,17,128
328,48,True,False,True,midpoint_with_inhaler,0.3589231765582063,0.35892317655820616,17,129
328,48,True,False,True,upper_bound,0.3589231765582063,0.3589231765582063,17,130
328,48,True,False,True,upper_bound_with_inhaler,0.3589231765582063,0.3589231765582063,17,131
343,12,False,False,False,one_hot,0.24439948191833613,0.24439948191833613,93,0
343,12,False,False,False,lower_bound,0.24439948191833613,0.24439948191833613,93,1
343,12,False,False,False,midpoint,0.24439948191833613,0.24439948191833613,93,2
343,12,False,False,False,midpoint_with_inhaler,0.24439948191833613,0.24439948191833613,93,3
343,12,False,False,False,upper_bound,0.24439948191833613,0.24439948191833613,93,4
343,12,False,False,False,upper_bound_with_inhaler,0.24439948191833613,0.24439948191833613,93,5
343,12,False,False,True,one_hot,0.24439948191833613,0.24439948191833613,93,6
343,12,False,False,True,lower_bound,0.24439948191833613,0.24439948191833613,93,7
343,12,False,False,True,midpoint,0.24439948191833613,0.24439948191833613,93,8
343,12,False,False,True,midpoint_with_inhaler,0.24439948191833613,0.24439948191833613,93,9
343,12,False,False,True,upper_bound,0.24439948191833613,0.24439948191833613,93,10
343,12,False,False,True,upper_bound_with_inhaler,0.24439948191833613,0.24439948191833613,93,11
343,12,False,True,False,one_hot,0.7237692272180068,0.7237692272180071,93,12
343,12,False,True,False,lower_bound,0.7059366857482096,0.5485858547263848,93,13
343,12,False,True,False,midpoint,0.7059366857482096,0.6104406528314298,93,14
343,12,False,True,False,midpoint_with_inhaler,0.7059366857482096,0.6104406528314298,93,15
343,12,False,True,False,upper_bound,0.7059366857482096,0.6415591398477061,93,16
343,12,False,True,False,upper_bound_with_inhaler,0.7059366857482096,0.6415591398477061,93,17
343,12,False,True,True,one_hot,0.7237692272180068,0.7237692272180071,93,18
343,12,False,True,True,lower_bound,0.7059366857482096,0.5485858547263848,93,19
343,12,False,True,True,midpoint,0.7059366857482096,0.6104406528314298,93,20
343,12,False,True,True,midpoint_with_inhaler,0.7059366857482096,0.6104406528314298,93,21
343,12,False,True,True,upper_bound,0.7059366857482096,0.6415591398477061,93,22
343,12,False,True,True,upper_bound_with_inhaler,0.7059366857482096,0.6415591398477061,93,23
343,12,True,False,False,one_hot,0.6238995548692986,0.6238995548692986,93,24
343,12,True,False,False,lower_bound,0.6238995548692986,0.6238995548692986,93,25
343,12,True,False,False,midpoint,0.6238995548692986,0.6238995548692986,93,26
343,12,True,False,False,midpoint_with_inhaler,0.6238995548692986,0.6238995548692986,93,27
343,12,True,False,False,upper_bound,0.6238995548692986,0.6238995548692986,93,28
343,12,True,False,False,upper_bound_with_inhaler,0.6238995548692986,0.6238995548692986,93,29
343,12,True,False,True,one_hot,0.6238995548692986,0.6238995548692986,93,30
343,12,True,False,True,lower_bound,0.6238995548692986,0.6238995548692986,93,31
343,12,True,False,True,midpoint,0.6238995548692986,0.6238995548692986,93,32
343,12,True,False,True,midpoint_with_inhaler,0.6238995548692986,0.6238995548692986,93,33
343,12,True,False,True,upper_bound,0.6238995548692986,0.6238995548692986,93,34
343,12,True,False,True,upper_bound_with_inhaler,0.6238995548692986,0.6238995548692986,93,35
343,24,False,False,False,one_hot,0.4318458148657565,0.4318458148657566,93,36
343,24,False,False,False,lower_bound,0.44072108958033,0.45186694709295916,93,37
343,24,False,False,False,midpoint,0.44072108958033,0.45416366776595923,93,38
343,24,False,False,False,midpoint_with_inhaler,0.44072108958033,0.45416366776595923,93,39
343,24,False,False,False,upper_bound,0.44072108958033,0.45239406536687554,93,40
343,24,False,False,False,upper_bound_with_inhaler,0.44072108958033,0.45239406536687554,93,41
343,24,False,False,True,one_hot,0.4318458148657565,0.4318458148657566,93,42
343,24,False,False,True,lower_bound,0.44072108958033,0.45186694709295916,93,43
343,24,False,False,True,midpoint,0.44072108958033,0.45416366776595923,93,44
343,24,False,False,True,midpoint_with_inhaler,0.44072108958033,0.45416366776595923,93,45
343,24,False,False,True,upper_bound,0.44072108958033,0.45239406536687554,93,46
343,24,False,False,True,upper_bound_with_inhaler,0.44072108958033,0.45239406536687554,93,47
343,24,False,True,False,one_hot,0.10386897897191623,0.1038689789719162,93,48
343,24,False,True,False,lower_bound,0.10386897897191623,0.1038689789719162,93,49
343,24,False,True,False,midpoint,0.10386897897191623,0.1038689789719162,93,50
343,24,False,True,False,midpoint_with_inhaler,0.10386897897191623,0.1038689789719162,93,51
343,24,False,True,False,upper_bound,0.10386897897191623,0.1038689789719162,93,52
343,24,False,True,False,upper_bound_with_inhaler,0.10386897897191623,0.1038689789719162,93,53
343,24,False,True,True,one_hot,0.10386897897191623,0.1038689789719162,93,54
343,24,False,True,True,lower_bound,0.10386897897191623,0.1038689789719162,93,55
343,24,False,True,True,midpoint,0.10386897897191623,0.1038689789719162,93,56
343,24,False,True,True,midpoint_with_inhaler,0.10386897897191623,0.1038689789719162,93,57
343,24,False,True,True,upper_bound,0.10386897897191623,0.1038689789719162,93,58
343,24,False,True,True,upper_bound_with_inhaler,0.10386897897191623,0.1038689789719162,93,59
343,24,True,False,False,one_hot,0.4318458148657565,0.4318458148657566,93,60
343,24,True,False,False,lower_bound,0.44072108958033,0.45186694709295916,93,61
343,24,True,False,False,midpoint,0.44072108958033,0.45416366776595923,93,62
343,24,True,False,False,midpoint_with_inhaler,0.44072108958033,0.45416366776595923,93,63
343,24,True,False,False,upper_bound,0.44072108958033,0.45239406536687554,93,64
343,24,True,False,False,upper_bound_with_inhaler,0.44072108958033,0.45239406536687554,93,65
343,24,True,False,True,one_hot,0.4318458148657565,0.4318458148657566,93,66
343,24,True,False,True,lower_bound,0.44072108958033,0.45186694709295916,93,67
343,24,True,False,True,midpoint,0.44072108958033,0.45416366776595923,93,68
343,24,True,False,True,midpoint_with_inhaler,0.44072108958033,0.45416366776595923,93,69
343,24,True,False,True,upper_bound,0.44072108958033,0.45239406536687554,93,70
343,24,True,False,True,upper_bound_with_inhaler,0.44072108958033,0.45239406536687554,93,71
343,36,False,False,False,one_hot,0.39083450945767545,0.39083450945767545,93,72
343,36,False,False,False,lower_bound,0.40432982356774866,0.42268354970359806,93,73
343,36,False,False,False,midpoint,0.40432982356774866,0.41980354128960007,93,74
343,36,False,False,False,midpoint_with_inhaler,0.40432982356774866,0.41980354128960007,93,75
343,36,False,False,False,upper_bound,0.40432982356774866,0.4157036323894267,93,76
343,36,False,False,False,upper_bound_with_inhaler,0.40432982356774866,0.4157036323894267,93,77
343,36,False,False,True,one_hot,0.39083450945767545,0.39083450945767545,93,78
343,36,False,False,True,lower_bound,0.40432982356774866,0.42268354970359806,93,79
343,36,False,False,True,midpoint,0.40432982356774866,0.41980354128960007,93,80
343,36,False,False,True,midpoint_with_inhaler,0.40432982356774866,0.41980354128960007,93,81
343,36,False,False,True,upper_bound,0.40432982356774866,0.4157036323894267,93,82
343,36,False,False,True,upper_bound_with_inhaler,0.40432982356774866,0.4157036323894267,93,83
343,36,True,False,False,one_hot,0.11741209877554287,0.11741209877554284,93,84
343,36,True,False,False,lower_bound,0.11179152700762139,0.07891609634976782,93,85
343,36,True,False,False,midpoint,0.11179152700762139,0.09198870352137622,93,86
343,36,True,False,False,midpoint_with_inhaler,0.11179152700762139,0.09198870352137622,93,87
343,36,True,False,False,upper_bound,0.11179152700762139,0.09861059792159829,93,88
343,36,True,False,False,upper_bound_with_inhaler,0.11179152700762139,0.09861059792159829,93,89
343,36,True,False,True,one_hot,0.11741209877554287,0.11741209877554284,93,90
343,36,True,False,True,lower_bound,0.11179152700762139,0.07891609634976782,93,91
343,36,True,False,True,midpoint,0.11179152700762139,0.09198870352137622,93,92
343,36,True,False,True,midpoint_with_inhaler,0.11179152700762139,0.09198870352137622,93,93
343,36,True,False,True,upper_bound,0.11179152700762139,0.09861059792159829,93,94
343,36,True,False,True,upper_bound_with_inhaler,0.11179152700762139,0.09861059792159829,93,95
343,48,False,False,False,one_hot,0.17883101571726176,0.17883101571726176,93,96
343,48,False,False,False,lower_bound,0.1881457434116723,0.1910989216342145,93,97
343,48,False,False,False,midpoint,0.1881457434116723,0.1924752273262374,93,98
343,48,False,False,False,midpoint_with_inhaler,0.1881457434116723,0.1924752273262374,93,99
343,48,False,False,False,upper_bound,0.1881457434116723,0.19149298825705355,93,100
343,48,False,False,False,upper_bound_with_inhaler,0.1881457434116723,0.19149298825705355,93,101
343,48,False,False,True,one_hot,0.17883101571726176,0.17883101571726176,93,102
343,48,False,False,True,lower_bound,0.1881457434116723,0.1910989216342145,93,103
343,48,False,False,True,midpoint,0.1881457434116723,0.1924752273262374,93,104
343,48,False,False,True,midpoint_with_inhaler,0.1881457434116723,0.1924752273262374,93,105
343,48,False,False,True,upper_bound,0.1881457434116723,0.19149298825705355,93,106
343,48,False,False,True,upper_bound_with_inhaler,0.1881457434116723,0.19149298825705355,93,107
343,48,False,True,False,one_hot,-0.10195718399755273,-0.10195718399755276,93,108
343,48,False,True,False,lower_bound,-0.10195718399755273,-0.10195718399755276,93,109
343,48,False,True,False,midpoint,-0.10195718399755273,-0.10195718399755276,93,110
343,48,False,True,False,midpoint_with_inhaler,-0.10195718399755273,-0.10195718399755276,93,111
343,48,False,True,False,upper_bound,-0.10195718399755273,-0.10195718399755276,93,112
343,48,False,True,False,upper_bound_with_inhaler,-0.10195718399755273,-0.10195718399755276,93,113
343,48,False,True,True,one_hot,-0.10195718399755273,-0.10195718399755276,93,114
343,48,False,True,True,lower_bound,-0.10195718399755273,-0.10195718399755276,93,115
343,48,False,True,True,midpoint,-0.10195718399755273,-0.10195718399755276,93,116
343,48,False,True,True,midpoint_with_inhaler,-0.10195718399755273,-0.10195718399755276,93,117
343,48,False,True,True,upper_bound,-0.10195718399755273,-0.10195718399755276,93,118
343,48,False,True,True,upper_bound_with_inhaler,-0.10195718399755273,-0.10195718399755276,93,119
343,48,True,False,False,one_hot,0.10338207094277559,0.10338207094277567,93,120
343,48,True,False,False,lower_bound,0.09784724810436071,0.06727112551749982,93,121
343,48,True,False,False,midpoint,0.09784724810436071,0.07943749427895415,93,122
343,48,True,False,False,midpoint_with_inhaler,0.09784724810436071,0.07943749427895415,93,123
343,48,True,False,False,upper_bound,0.09784724810436071,0.08562794166839746,93,124
343,48,True,False,False,upper_bound_with_inhaler,0.09784724810436071,0.08562794166839746,93,125
343,48,True,False,True,one_hot,0.10338207094277559,0.10338207094277567,93,126
343,48,True,False,True,lower_bound,0.09784724810436071,0.06727112551749982,93,127
343,48,True,False,True,midpoint,0.09784724810436071,0.07943749427895415,93,128
343,48,True,False,True,midpoint_with_inhaler,0.09784724810436071,0.07943749427895415,93,129
343,48,True,False,True,upper_bound,0.09784724810436071,0.08562794166839746,93,130
343,48,True,False,True,upper_bound_with_inhaler,0.09784724810436071,0.08562794166839746,93,131
398,12,False,False,False,one_hot,0.8210922455030241,0.8210922455030241,25,0
398,12,False,False,False,lower_bound,0.8210922455030241,0.8210922455030241,25,1
398,12,False,False,False,midpoint,0.8210922455030241,0.8210922455030241,25,2
398,12,False,False,False,midpoint_with_inhaler,0.8210922455030241,0.8210922455030241,25,3
398,12,False,False,False,upper_bound,0.8210922455030241,0.8210922455030241,25,4
398,12,False,False,False,upper_bound_with_inhaler,0.8210922455030241,0.8210922455030241,25,5
398,12,False,False,True,one_hot,0.8210922455030241,0.8210922455030241,25,6
398,12,False,False,True,lower_bound,0.8210922455030241,0.8210922455030241,25,7
398,12,False,False,True,midpoint,0.8210922455030241,0.8210922455030241,25,8
398,12,False,False,True,midpoint_with_inhaler,0.8210922455030241,0.8210922455030241,25,9
398,12,False,False,True,upper_bound,0.8210922455030241,0.8210922455030241,25,10
398,12,False,False,True,upper_bound_with_inhaler,0.8210922455030241,0.8210922455030241,25,11
398,12,False,True,False,one_hot,0.10755568980847273,0.10755568980847278,25,12
398,12,False,True,False,lower_bound,0.10755568980847273,0.10755568980847278,25,13
398,12,False,True,False,midpoint,0.10755568980847273,0.10755568980847278,25,14
398,12,False,True,False,midpoint_with_inhaler,0.10755568980847273,0.10755568980847278,25,15
398,12,False,True,False,upper_bound,0.10755568980847273,0.10755568980847278,25,16
398,12,False,True,False,upper_bound_with_inhaler,0.10755568980847273,0.10755568980847278,25,17
398,12,False,True,True,one_hot,0.10755568980847273,0.10755568980847278,25,18
398,12,False,True,True,lower_bound,0.10755568980847273,0.10755568980847278,25,19
398,12,False,True,True,midpoint,0.10755568980847273,0.10755568980847278,25,20
398,12,False,True,True,midpoint_with_inhaler,0.10755568980847273,0.10755568980847278,25,21
398,12,False,True,True,upper_bound,0.10755568980847273,0.10755568980847278,25,22
398,12,False,True,True,upper_bound_with_inhaler,0.10755568980847273,0.10755568980847278,25,23
398,12,True,False,False,one_hot,0.27222470796464765,0.2722247079646477,25,24
398,12,True,False,False,lower_bound,0.27222470796464765,0.2722247079646477,25,25
398,12,True,False,False,midpoint,0.27222470796464765,0.27222470796464776,25,26
398,12,True,False,False,midpoint_with_inhaler,0.27222470796464765,0.27222470796464776,25,27
398,12,True,False,False,upper_bound,0.27222470796464765,0.2722247079646477,25,28
398,12,True,False,False,upper_bound_with_inhaler,0.27222470796464765,0.2722247079646477,25,29
398,12,True,False,True,one_hot,0.27222470796464765,0.2722247079646477,25,30
398,12,True,False,True,lower_bound,0.27222470796464765,0.2722247079646477,25,31
398,12,True,False,True,midpoint,0.27222470796464765,0.27222470796464776,25,32
398,12,True,False,True,midpoint_with_inhaler,0.27222470796464765,0.27222470796464776,25,33
398,12,True,False,True,upper_bound,0.27222470796464765,0.2722247079646477,25,34
398,12,True,False,True,upper_bound_with_inhaler,0.27222470796464765,0.2722247079646477,25,35
398,24,False,False,False,one_hot,0.49332224920885037,0.49332224920885037,25,36
398,24,False,False,False,lower_bound,0.49332224920885037,0.49332224920885037,25,37
398,24,False,False,False,midpoint,0.49332224920885037,0.49332224920885015,25,38
398,24,False,False,False,midpoint_with_inhaler,0.49332224920885037,0.49332224920885015,25,39
398,24,False,False,False,upper_bound,0.49332224920885037,0.49332224920885037,25,40
398,24,False,False,False,upper_bound_with_inhaler,0.49332224920885037,0.49332224920885037,25,41
398,24,False,False,True,one_hot,0.49332224920885037,0.49332224920885037,25,42
398,24,False,False,True,lower_bound,0.49332224920885037,0.49332224920885037,25,43
398,24,False,False,True,midpoint,0.49332224920885037,0.49332224920885015,25,44
398,24,False,False,True,midpoint_with_inhaler,0.49332224920885037,0.49332224920885015,25,45
398,24,False,False,True,upper_bound,0.49332224920885037,0.49332224920885037,25,46
398,24,False,False,True,upper_bound_with_inhaler,0.49332224920885037,0.49332224920885037,25,47
398,24,False,True,False,one_hot,0.5779425694068322,0.5779425694068322,25,48
398,24,False,True,False,lower_bound,0.5779425694068322,0.5779425694068322,25,49
398,24,False,True,False,midpoint,0.5779425694068322,0.5779425694068322,25,50
398,24,False,True,False,midpoint_with_inhaler,0.5779425694068322,0.5779425694068322,25,51
398,24,False,True,False,upper_bound,0.5779425694068322,0.5779425694068322,25,52
398,24,False,True,False,upper_bound_with_inhaler,0.5779425694068322,0.5779425694068322,25,53
398,24,False,True,True,one_hot,0.5779425694068322,0.5779425694068322,25,54
398,24,False,True,True,lower_bound,0.5779425694068322,0.5779425694068322,25,55
398,24,False,True,True,midpoint,0.5779425694068322,0.5779425694068322,25,56
398,24,False,True,True,midpoint_with_inhaler,0.5779425694068322,0.5779425694068322,25,57
398,24,False,True,True,upper_bound,0.5779425694068322,0.5779425694068322,25,58
398,24,False,True,True,upper_bound_with_inhaler,0.5779425694068322,0.5779425694068322,25,59
398,24,True,False,False,one_hot,0.49332224920885037,0.49332224920885037,25,60
398,24,True,False,False,lower_bound,0.49332224920885037,0.49332224920885037,25,61
398,24,True,False,False,midpoint,0.49332224920885037,0.49332224920885015,25,62
398,24,True,False,False,midpoint_with_inhaler,0.49332224920885037,0.49332224920885015,25,63
398,24,True,False,False,upper_bound,0.49332224920885037,0.49332224920885037,25,64
398,24,True,False,False,upper_bound_with_inhaler,0.49332224920885037,0.49332224920885037,25,65
398,24,True,False,True,one_hot,0.49332224920885037,0.49332224920885037,25,66
398,24,True,False,True,lower_bound,0.49332224920885037,0.49332224920885037,25,67
398,24,True,False,True,midpoint,0.49332224920885037,0.49332224920885015,25,68
398,24,True,False,True,midpoint_with_inhaler,0.49332224920885037,0.49332224920885015,25,69
398,24,True,False,True,upper_bound,0.49332224920885037,0.49332224920885037,25,70
398,24,True,False,True,upper_bound_with_inhaler,0.49332224920885037,0.49332224920885037,25,71
398,36,False,False,False,one_hot,0.5964553654965249,0.5964553654965243,25,72
398,36,False,False,False,lower_bound,0.5964553654965249,0.5964553654965243,25,73
398,36,False,False,False,midpoint,0.5964553654965249,0.5964553654965246,25,74
398,36,False,False,False,midpoint_with_inhaler,0.5964553654965249,0.5964553654965246,25,75
398,36,False,False,False,upper_bound,0.5964553654965249,0.5964553654965243,25,76
398,36,False,False,False,upper_bound_with_inhaler,0.5964553654965249,0.5964553654965243,25,77
398,36,False,False,True,one_hot,0.5964553654965249,0.5964553654965243,25,78
398,36,False,False,True,lower_bound,0.5964553654965249,0.5964553654965243,25,79
398,36,False,False,True,midpoint,0.5964553654965249,0.5964553654965246,25,80
398,36,False,False,True,midpoint_with_inhaler,0.5964553654965249,0.5964553654965246,25,81
398,36,False,False,True,upper_bound,0.5964553654965249,0.5964553654965243,25,82
398,36,False,False,True,upper_bound_with_inhaler,0.5964553654965249,0.5964553654965243,25,83
398,36,True,False,False,one_hot,0.21719646730288525,0.2171964673028853,25,84
398,36,True,False,False,lower_bound,0.21719646730288525,0.2171964673028853,25,85
398,36,True,False,False,midpoint,0.21719646730288525,0.2171964673028852,25,86
398,36,True,False,False,midpoint_with_inhaler,0.21719646730288525,0.2171964673028852,25,87
398,36,True,False,False,upper_bound,0.21719646730288525,0.2171964673028853,25,88
398,36,True,False,False,upper_bound_with_inhaler,0.21719646730288525,0.2171964673028853,25,89
398,36,True,False,True,one_hot,0.21719646730288525,0.2171964673028853,25,90
398,36,True,False,True,lower_bound,0.21719646730288525,0.2171964673028853,25,91
398,36,True,False,True,midpoint,0.21719646730288525,0.2171964673028852,25,92
398,36,True,False,True,midpoint_with_inhaler,0.21719646730288525,0.2171964673028852,25,93
398,36,True,False,True,upper_bound,0.21719646730288525,0.2171964673028853,25,94
398,36,True,False,True,upper_bound_with_inhaler,0.21719646730288525,0.2171964673028853,25,95
398,48,False,False,False,one_hot,0.5391786241303731,0.539178624130373,25,96
398,48,False,False,False,lower_bound,0.5391786241303731,0.539178624130373,25,97
398,48,False,False,False,midpoint,0.5391786241303731,0.5391786241303731,25,98
398,48,False,False,False,midpoint_with_inhaler,0.5391786241303731,0.5391786241303731,25,99
398,48,False,False,False,upper_bound,0.5391786241303731,0.539178624130373,25,100
398,48,False,False,False,upper_bound_with_inhaler,0.5391786241303731,0.539178624130373,25,101
398,48,False,False,True,one_hot,0.5391786241303731,0.539178624130373,25,102
398,48,False,False,True,lower_bound,0.5391786241303731,0.539178624130373,25,103
398,48,False,False,True,midpoint,0.5391786241303731,0.5391786241303731,25,104
398,48,False,False,True,midpoint_with_inhaler,0.5391786241303731,0.5391786241303731,25,105
398,48,False,False,True,upper_bound,0.5391786241303731,0.539178624130373,25,106
398,48,False,False,True,upper_bound_with_inhaler,0.5391786241303731,0.539178624130373,25,107
398,48,False,True,False,one_hot,0.27222470796464765,0.2722247079646477,25,108
398,48,False,True,False,lower_bound,0.27222470796464765,0.2722247079646477,25,109
398,48,False,True,False,midpoint,0.27222470796464765,0.2722247079646477,25,110
398,48,False,True,False,midpoint_with_inhaler,0.27222470796464765,0.2722247079646477,25,111
398,48,False,True,False,upper_bound,0.27222470796464765,0.2722247079646477,25,112
398,48,False,True,False,upper_bound_with_inhaler,0.27222470796464765,0.2722247079646477,25,113
398,48,False,True,True,one_hot,0.27222470796464765,0.2722247079646477,25,114
398,48,False,True,True,lower_bound,0.27222470796464765,0.2722247079646477,25,115
398,48,False,True,True,midpoint,0.27222470796464765,0.2722247079646477,25,116
398,48,False,True,True,midpoint_with_inhaler,0.27222470796464765,0.2722247079646477,25,117
398,48,False,True,True,upper_bound,0.27222470796464765,0.2722247079646477,25,118
398,48,False,True,True,upper_bound_with_inhaler,0.27222470796464765,0.2722247079646477,25,119
398,48,True,False,False,one_hot,0.3398313641010904,0.3398313641010904,25,120
398,48,True,False,False,lower_bound,0.3398313641010904,0.3398313641010904,25,121
398,48,True,False,False,midpoint,0.3398313641010904,0.3398313641010904,25,122
398,48,True,False,False,midpoint_with_inhaler,0.3398313641010904,0.3398313641010904,25,123
398,48,True,False,False,upper_bound,0.3398313641010904,0.3398313641010904,25,124
398,48,True,False,False,upper_bound_with_inhaler,0.3398313641010904,0.3398313641010904,25,125
398,48,True,False,True,one_hot,0.3398313641010904,0.3398313641010904,25,126
398,48,True,False,True,lower_bound,0.3398313641010904,0.3398313641010904,25,127
398,48,True,False,True,midpoint,0.3398313641010904,0.3398313641010904,25,128
398,48,True,False,True,midpoint_with_inhaler,0.3398313641010904,0.3398313641010904,25,129
398,48,True,False,True,upper_bound,0.3398313641010904,0.3398313641010904,25,130
398,48,True,False,True,upper_bound_with_inhaler,0.3398313641010904,0.3398313641010904,25,131
447,12,False,False,False,one_hot,0.01541254068684324,0.01541254068684325,89,0
447,12,False,False,False,lower_bound,0.003660544071405781,0.1394481229804892,89,1
447,12,False,False,False,midpoint,0.003660544071405781,0.12112149947219297,89,2
447,12,False,False,False,midpoint_with_inhaler,0.003660544071405781,0.12112149947219297,89,3
447,12,False,False,False,upper_bound,0.003660544071405781,0.10408841879721042,89,4
447,12,False,False,False,upper_bound_with_inhaler,0.003660544071405781,0.10408841879721042,89,5
447,12,False,False,True,one_hot,0.01541254068684324,0.01541254068684325,89,6
447,12,False,False,True,lower_bound,0.003660544071405781,0.1394481229804892,89,7
447,12,False,False,True,midpoint,0.003660544071405781,0.12112149947219297,89,8
447,12,False,False,True,midpoint_with_inhaler,0.003660544071405781,0.12112149947219297,89,9
447,12,False,False,True,upper_bound,0.003660544071405781,0.10408841879721042,89,10
447,12,False,False,True,upper_bound_with_inhaler,0.003660544071405781,0.10408841879721042,89,11
447,12,False,True,False,one_hot,0.13506587248079746,0.13506587248079743,89,12
447,12,False,True,False,lower_bound,-0.1439865687751373,-0.13997380996036696,89,13
447,12,False,True,False,midpoint,-0.1439865687751373,-0.15193837289307852,89,14
447,12,False,True,False,midpoint_with_inhaler,-0.1439865687751373,-0.15193837289307852,89,15
447,12,False,True,False,upper_bound,-0.1439865687751373,-0.15986047259574732,89,16
447,12,False,True,False,upper_bound_with_inhaler,-0.1439865687751373,-0.15986047259574732,89,17
447,12,False,True,True,one_hot,0.13506587248079746,0.13506587248079743,89,18
447,12,False,True,True,lower_bound,-0.1439865687751373,-0.13997380996036696,89,19
447,12,False,True,True,midpoint,-0.1439865687751373,-0.15193837289307852,89,20
447,12,False,True,True,midpoint_with_inhaler,-0.1439865687751373,-0.15193837289307852,89,21
447,12,False,True,True,upper_bound,-0.1439865687751373,-0.15986047259574732,89,22
447,12,False,True,True,upper_bound_with_inhaler,-0.1439865687751373,-0.15986047259574732,89,23
447,12,True,False,False,one_hot,0.18830065001477264,0.18830065001477264,89,24
447,12,True,False,False,lower_bound,-0.0015056646006855361,-0.02272020507913073,89,25
447,12,True,False,False,midpoint,-0.0015056646006855361,-0.029493943633326285,89,26
447,12,True,False,False,midpoint_with_inhaler,-0.0015056646006855361,-0.029493943633326285,89,27
447,12,True,False,False,upper_bound,-0.0015056646006855361,-0.03629076395325185,89,28
447,12,True,False,False,upper_bound_with_inhaler,-0.0015056646006855361,-0.03629076395325185,89,29
447,12,True,False,True,one_hot,0.18830065001477264,0.18830065001477264,89,30
447,12,True,False,True,lower_bound,-0.0015056646006855361,-0.02272020507913073,89,31
447,12,True,False,True,midpoint,-0.0015056646006855361,-0.029493943633326285,89,32
447,12,True,False,True,midpoint_with_inhaler,-0.0015056646006855361,-0.029493943633326285,89,33
447,12,True,False,True,upper_bound,-0.0015056646006855361,-0.03629076395325185,89,34
447,12,True,False,True,upper_bound_with_inhaler,-0.0015056646006855361,-0.03629076395325185,89,35
447,24,False,False,False,one_hot,0.11974745364770983,0.11974745364770979,89,36
447,24,False,False,False,lower_bound,0.1790658438992162,0.26392497287736166,89,37
447,24,False,False,False,midpoint,0.1790658438992162,0.24786888008007638,89,38
447,24,False,False,False,midpoint_with_inhaler,0.1790658438992162,0.24786888008007638,89,39
447,24,False,False,False,upper_bound,0.1790658438992162,0.23358914493984034,89,40
447,24,False,False,False,upper_bound_with_inhaler,0.1790658438992162,0.23358914493984034,89,41
447,24,False,False,True,one_hot,0.11974745364770983,0.11974745364770979,89,42
447,24,False,False,True,lower_bound,0.1790658438992162,0.26392497287736166,89,43
447,24,False,False,True,midpoint,0.1790658438992162,0.24786888008007638,89,44
447,24,False,False,True,midpoint_with_inhaler,0.1790658438992162,0.24786888008007638,89,45
447,24,False,False,True,upper_bound,0.1790658438992162,0.23358914493984034,89,46
447,24,False,False,True,upper_bound_with_inhaler,0.1790658438992162,0.23358914493984034,89,47
447,24,False,True,False,one_hot,0.1531311747368427,0.1531311747368427,89,48
447,24,False,True,False,lower_bound,0.05435122668793992,0.2197415609689497,89,49
447,24,False,True,False,midpoint,0.05435122668793992,0.18868202674858559,89,50
447,24,False,True,False,midpoint_with_inhaler,0.05435122668793992,0.18868202674858559,89,51
447,24,False,True,False,upper_bound,0.05435122668793992,0.16426252843380768,89,52
447,24,False,True,False,upper_bound_with_inhaler,0.05435122668793992,0.16426252843380768,89,53
447,24,False,True,True,one_hot,0.1531311747368427,0.1531311747368427,89,54
447,24,False,True,True,lower_bound,0.05435122668793992,0.2197415609689497,89,55
447,24,False,True,True,midpoint,0.05435122668793992,0.18868202674858559,89,56
447,24,False,True,True,midpoint_with_inhaler,0.05435122668793992,0.18868202674858559,89,57
447,24,False,True,True,upper_bound,0.05435122668793992,0.16426252843380768,89,58
447,24,False,True,True,upper_bound_with_inhaler,0.05435122668793992,0.16426252843380768,89,59
447,24,True,False,False,one_hot,0.11974745364770983,0.11974745364770979,89,60
447,24,True,False,False,lower_bound,0.1790658438992162,0.26392497287736166,89,61
447,24,True,False,False,midpoint,0.1790658438992162,0.24786888008007638,89,62
447,24,True,False,False,midpoint_with_inhaler,0.1790658438992162,0.24786888008007638,89,63
447,24,True,False,False,upper_bound,0.1790658438992162,0.23358914493984034,89,64
447,24,True,False,False,upper_bound_with_inhaler,0.1790658438992162,0.23358914493984034,89,65
447,24,True,False,True,one_hot,0.11974745364770983,0.11974745364770979,89,66
447,24,True,False,True,lower_bound,0.1790658438992162,0.26392497287736166,89,67
447,24,True,False,True,midpoint,0.1790658438992162,0.24786888008007638,89,68
447,24,True,False,True,midpoint_with_inhaler,0.1790658438992162,0.24786888008007638,89,69
447,24,True,False,True,upper_bound,0.1790658438992162,0.23358914493984034,89,70
447,24,True,False,True,upper_bound_with_inhaler,0.1790658438992162,0.23358914493984034,89,71
447,36,False,False,False,one_hot,-0.056999939727934636,-0.05699993972793464,89,72
447,36,False,False,False,lower_bound,0.011657866082645862,0.22137498465903485,89,73
447,36,False,False,False,midpoint,0.011657866082645862,0.1722643425660968,89,74
447,36,False,False,False,midpoint_with_inhaler,0.011657866082645862,0.1722643425660968,89,75
447,36,False,False,False,upper_bound,0.011657866082645862,0.1401990390569165,89,76
447,36,False,False,False,upper_bound_with_inhaler,0.011657866082645862,0.1401990390569165,89,77
447,36,False,False,True,one_hot,-0.056999939727934636,-0.05699993972793464,89,78
447,36,False,False,True,lower_bound,0.011657866082645862,0.22137498465903485,89,79
447,36,False,False,True,midpoint,0.011657866082645862,0.1722643425660968,89,80
447,36,False,False,True,midpoint_with_inhaler,0.011657866082645862,0.1722643425660968,89,81
447,36,False,False,True,upper_bound,0.011657866082645862,0.1401990390569165,89,82
447,36,False,False,True,upper_bound_with_inhaler,0.011657866082645862,0.1401990390569165,89,83
447,36,True,False,False,one_hot,0.11286897313028407,0.11286897313028403,89,84
447,36,True,False,False,lower_bound,-0.003947081638303721,0.17706735484290764,89,85
447,36,True,False,False,midpoint,-0.003947081638303721,0.12374974555767965,89,86
447,36,True,False,False,midpoint_with_inhaler,-0.003947081638303721,0.12374974555767965,89,87
447,36,True,False,False,upper_bound,-0.003947081638303721,0.09090216904906477,89,88
447,36,True,False,False,upper_bound_with_inhaler,-0.003947081638303721,0.09090216904906477,89,89
447,36,True,False,True,one_hot,0.11286897313028407,0.11286897313028403,89,90
447,36,True,False,True,lower_bound,-0.003947081638303721,0.17706735484290764,89,91
447,36,True,False,True,midpoint,-0.003947081638303721,0.12374974555767965,89,92
447,36,True,False,True,midpoint_with_inhaler,-0.003947081638303721,0.12374974555767965,89,93
447,36,True,False,True,upper_bound,-0.003947081638303721,0.09090216904906477,89,94
447,36,True,False,True,upper_bound_with_inhaler,-0.003947081638303721,0.09090216904906477,89,95
447,48,False,False,False,one_hot,0.22092613011650286,0.2209261301165028,89,96
447,48,False,False,False,lower_bound,-0.036835853796659844,0.1407788655100066,89,97
447,48,False,False,False,midpoint,-0.036835853796659844,0.06666717442759926,89,98
447,48,False,False,False,midpoint_with_inhaler,-0.036835853796659844,0.08603734764203871,89,99
447,48,False,False,False,upper_bound,-0.03760829522892047,0.019449964674378418,89,100
447,48,False,False,False,upper_bound_with_inhaler,-0.036835853796659844,0.035422869195666694,89,101
447,48,False,False,True,one_hot,0.22092613011650286,0.2209261301165028,89,102
447,48,False,False,True,lower_bound,-0.036835853796659844,0.1407788655100066,89,103
447,48,False,False,True,midpoint,-0.036835853796659844,0.06666717442759926,89,104
447,48,False,False,True,midpoint_with_inhaler,-0.036835853796659844,0.08603734764203871,89,105
447,48,False,False,True,upper_bound,-0.03760829522892047,0.019449964674378418,89,106
447,48,False,False,True,upper_bound_with_inhaler,-0.036835853796659844,0.035422869195666694,89,107
447,48,False,True,False,one_hot,-0.059926660528379125,-0.059926660528379125,89,108
447,48,False,True,False,lower_bound,-0.1517633991808538,-0.1263716361640697,89,109
447,48,False,True,False,midpoint,-0.1517633991808538,-0.138242744341948,89,110
447,48,False,True,False,midpoint_with_inhaler,-0.1517633991808538,-0.138242744341948,89,111
447,48,False,True,False,upper_bound,-0.1517633991808538,-0.14369122148855995,89,112
447,48,False,True,False,upper_bound_with_inhaler,-0.1517633991808538,-0.14369122148855995,89,113
447,48,False,True,True,one_hot,-0.059926660528379125,-0.059926660528379125,89,114
447,48,False,True,True,lower_bound,-0.1517633991808538,-0.1263716361640697,89,115
447,48,False,True,True,midpoint,-0.1517633991808538,-0.138242744341948,89,116
447,48,False,True,True,midpoint_with_inhaler,-0.1517633991808538,-0.138242744341948,89,117
447,48,False,True,True,upper_bound,-0.1517633991808538,-0.14369122148855995,89,118
447,48,False,True,True,upper_bound_with_inhaler,-0.1517633991808538,-0.14369122148855995,89,119
447,48,True,False,False,one_hot,0.16355017919930548,0.1635501791993055,89,120
447,48,True,False,False,lower_bound,-0.2654321128537691,-0.1778865803093691,89,121
447,48,True,False,False,midpoint,-0.2654321128537691,-0.20692568809973488,89,122
447,48,True,False,False,midpoint_with_inhaler,-0.2654321128537691,-0.20692568809973488,89,123
447,48,True,False,False,upper_bound,-0.2654321128537691,-0.2235678603453494,89,124
447,48,True,False,False,upper_bound_with_inhaler,-0.2654321128537691,-0.2235678603453494,89,125
447,48,True,False,True,one_hot,0.16355017919930548,0.1635501791993055,89,126
447,48,True,False,True,lower_bound,-0.2654321128537691,-0.1778865803093691,89,127
447,48,True,False,True,midpoint,-0.2654321128537691,-0.20692568809973488,89,128
447,48,True,False,True,midpoint_with_inhaler,-0.2654321128537691,-0.20692568809973488,89,129
447,48,True,False,True,upper_bound,-0.2654321128537691,-0.2235678603453494,89,130
447,48,True,False,True,upper_bound_with_inhaler,-0.2654321128537691,-0.2235678603453494,89,131
454,12,False,False,False,one_hot,,,2,0
454,12,False,False,False,lower_bound,,,2,1
454,12,False,False,False,midpoint,,,2,2
454,12,False,False,False,midpoint_with_inhaler,,,2,3
454,12,False,False,False,upper_bound,,,2,4
454,12,False,False,False,upper_bound_with_inhaler,,,2,5
454,12,False,False,True,one_hot,,,2,6
454,12,False,False,True,lower_bound,,,2,7
454,12,False,False,True,midpoint,,,2,8
454,12,False,False,True,midpoint_with_inhaler,,,2,9
454,12,False,False,True,upper_bound,,,2,10
454,12,False,False,True,upper_bound_with_inhaler,,,2,11
454,12,False,True,False,one_hot,,,2,12
454,12,False,True,False,lower_bound,,,2,13
454,12,False,True,False,midpoint,,,2,14
454,12,False,True,False,midpoint_with_inhaler,,,2,15
454,12,False,True,False,upper_bound,,,2,16
454,12,False,True,False,upper_bound_with_inhaler,,,2,17
454,12,False,True,True,one_hot,,,2,18
454,12,False,True,True,lower_bound,,,2,19
454,12,False,True,True,midpoint,,,2,20
454,12,False,True,True,midpoint_with_inhaler,,,2,21
454,12,False,True,True,upper_bound,,,2,22
454,12,False,True,True,upper_bound_with_inhaler,,,2,23
454,12,True,False,False,one_hot,,,2,24
454,12,True,False,False,lower_bound,,,2,25
454,12,True,False,False,midpoint,,,2,26
454,12,True,False,False,midpoint_with_inhaler,,,2,27
454,12,True,False,False,upper_bound,,,2,28
454,12,True,False,False,upper_bound_with_inhaler,,,2,29
454,12,True,False,True,one_hot,,,2,30
454,12,True,False,True,lower_bound,,,2,31
454,12,True,False,True,midpoint,,,2,32
454,12,True,False,True,midpoint_with_inhaler,,,2,33
454,12,True,False,True,upper_bound,,,2,34
454,12,True,False,True,upper_bound_with_inhaler,,,2,35
454,24,False,False,False,one_hot,,,2,36
454,24,False,False,False,lower_bound,,,2,37
454,24,False,False,False,midpoint,,,2,38
454,24,False,False,False,midpoint_with_inhaler,,,2,39
454,24,False,False,False,upper_bound,,,2,40
454,24,False,False,False,upper_bound_with_inhaler,,,2,41
454,24,False,False,True,one_hot,,,2,42
454,24,False,False,True,lower_bound,,,2,43
454,24,False,False,True,midpoint,,,2,44
454,24,False,False,True,midpoint_with_inhaler,,,2,45
454,24,False,False,True,upper_bound,,,2,46
454,24,False,False,True,upper_bound_with_inhaler,,,2,47
454,24,False,True,False,one_hot,,,2,48
454,24,False,True,False,lower_bound,,,2,49
454,24,False,True,False,midpoint,,,2,50
454,24,False,True,False,midpoint_with_inhaler,,,2,51
454,24,False,True,False,upper_bound,,,2,52
454,24,False,True,False,upper_bound_with_inhaler,,,2,53
454,24,False,True,True,one_hot,,,2,54
454,24,False,True,True,lower_bound,,,2,55
454,24,False,True,True,midpoint,,,2,56
454,24,False,True,True,midpoint_with_inhaler,,,2,57
454,24,False,True,True,upper_bound,,,2,58
454,24,False,True,True,upper_bound_with_inhaler,,,2,59
454,24,True,False,False,one_hot,,,2,60
454,24,True,False,False,lower_bound,,,2,61
454,24,True,False,False,midpoint,,,2,62
454,24,True,False,False,midpoint_with_inhaler,,,2,63
454,24,True,False,False,upper_bound,,,2,64
454,24,True,False,False,upper_bound_with_inhaler,,,2,65
454,24,True,False,True,one_hot,,,2,66
454,24,True,False,True,lower_bound,,,2,67
454,24,True,False,True,midpoint,,,2,68
454,24,True,False,True,midpoint_with_inhaler,,,2,69
454,24,True,False,True,upper_bound,,,2,70
454,24,True,False,True,upper_bound_with_inhaler,,,2,71
454,36,False,False,False,one_hot,,,2,72
454,36,False,False,False,lower_bound,,,2,73
454,36,False,False,False,midpoint,,,2,74
454,36,False,False,False,midpoint_with_inhaler,,,2,75
454,36,False,False,False,upper_bound,,,2,76
454,36,False,False,False,upper_bound_with_inhaler,,,2,77
454,36,False,False,True,one_hot,,,2,78
454,36,False,False,True,lower_bound,,,2,79
454,36,False,False,True,midpoint,,,2,80
454,36,False,False,True,midpoint_with_inhaler,,,2,81
454,36,False,False,True,upper_bound,,,2,82
454,36,False,False,True,upper_bound_with_inhaler,,,2,83
454,36,True,False,False,one_hot,,,2,84
454,36,True,False,False,lower_bound,,,2,85
454,36,True,False,False,midpoint,,,2,86
454,36,True,False,False,midpoint_with_inhaler,,,2,87
454,36,True,False,False,upper_bound,,,2,88
454,36,True,False,False,upper_bound_with_inhaler,,,2,89
454,36,True,False,True,one_hot,,,2,90
454,36,True,False,True,lower_bound,,,2,91
454,36,True,False,True,midpoint,,,2,92
454,36,True,False,True,midpoint_with_inhaler,,,2,93
454,36,True,False,True,upper_bound,,,2,94
454,36,True,False,True,upper_bound_with_inhaler,,,2,95
454,48,False,False,False,one_hot,,,2,96
454,48,False,False,False,lower_bound,,,2,97
454,48,False,False,False,midpoint,,,2,98
454,48,False,False,False,midpoint_with_inhaler,,,2,99
454,48,False,False,False,upper_bound,,,2,100
454,48,False,False,False,upper_bound_with_inhaler,,,2,101
454,48,False,False,True,one_hot,,,2,102
454,48,False,False,True,lower_bound,,,2,103
454,48,False,False,True,midpoint,,,2,104
454,48,False,False,True,midpoint_with_inhaler,,,2,105
454,48,False,False,True,upper_bound,,,2,106
454,48,False,False,True,upper_bound_with_inhaler,,,2,107
454,48,False,True,False,one_hot,,,2,108
454,48,False,True,False,lower_bound,,,2,109
454,48,False,True,False,midpoint,,,2,110
454,48,False,True,False,midpoint_with_inhaler,,,2,111
454,48,False,True,False,upper_bound,,,2,112
454,48,False,True,False,upper_bound_with_inhaler,,,2,113
454,48,False,True,True,one_hot,,,2,114
454,48,False,True,True,lower_bound,,,2,115
454,48,False,True,True,midpoint,,,2,116
454,48,False,True,True,midpoint_with_inhaler,,,2,117
454,48,False,True,True,upper_bound,,,2,118
454,48,False,True,True,upper_bound_with_inhaler,,,2,119
454,48,True,False,False,one_hot,,,2,120
454,48,True,False,False,lower_bound,,,2,121
454,48,True,False,False,midpoint,,,2,122
454,48,True,False,False,midpoint_with_inhaler,,,2,123
454,48,True,False,False,upper_bound,,,2,124
454,48,True,False,False,upper_bound_with_inhaler,,,2,125
454,48,True,False,True,one_hot,,,2,126
454,48,True,False,True,lower_bound,,,2,127
454,48,True,False,True,midpoint,,,2,128
454,48,True,False,True,midpoint_with_inhaler,,,2,129
454,48,True,False,True,upper_bound,,,2,130
454,48,True,False,True,upper_bound_with_inhaler,,,2,131
473,12,False,False,False,one_hot,0.41898060075369103,0.41898060075369103,69,0
473,12,False,False,False,lower_bound,0.688245826930748,0.963778228888156,69,1
473,12,False,False,False,midpoint,0.688245826930748,0.9591812082685814,69,2
473,12,False,False,False,midpoint_with_inhaler,0.688245826930748,0.9591812082685814,69,3
473,12,False,False,False,upper_bound,0.6875122744026437,0.9401957893727785,69,4
473,12,False,False,False,upper_bound_with_inhaler,0.6875122744026437,0.9401957893727785,69,5
473,12,False,False,True,one_hot,0.41898060075369103,0.41898060075369103,69,6
473,12,False,False,True,lower_bound,0.688245826930748,0.963778228888156,69,7
473,12,False,False,True,midpoint,0.688245826930748,0.9591812082685814,69,8
473,12,False,False,True,midpoint_with_inhaler,0.688245826930748,0.9591812082685814,69,9
473,12,False,False,True,upper_bound,0.6875122744026437,0.9401957893727785,69,10
473,12,False,False,True,upper_bound_with_inhaler,0.6875122744026437,0.9401957893727785,69,11
473,12,False,True,False,one_hot,0.16948415650966034,0.16948415650966028,69,12
473,12,False,True,False,lower_bound,0.7266983769007935,1.1211607938174217,69,13
473,12,False,True,False,midpoint,0.7266983769007935,1.0771071841735926,69,14
473,12,False,True,False,midpoint_with_inhaler,0.7266983769007935,1.0966659825587346,69,15
473,12,False,True,False,upper_bound,0.7242417704890461,1.0280076678594845,69,16
473,12,False,True,False,upper_bound_with_inhaler,0.7266983769007935,1.0661630400876885,69,17
473,12,False,True,True,one_hot,0.16948415650966034,0.16948415650966028,69,18
473,12,False,True,True,lower_bound,0.7266983769007935,1.1211607938174217,69,19
473,12,False,True,True,midpoint,0.7266983769007935,1.0771071841735926,69,20
473,12,False,True,True,midpoint_with_inhaler,0.7266983769007935,1.0966659825587346,69,21
473,12,False,True,True,upper_bound,0.7242417704890461,1.0280076678594845,69,22
473,12,False,True,True,upper_bound_with_inhaler,0.7266983769007935,1.0661630400876885,69,23
473,12,True,False,False,one_hot,0.24796516352460937,0.24796516352460926,69,24
473,12,True,False,False,lower_bound,0.40870140112734676,0.6894895239496281,69,25
473,12,True,False,False,midpoint,0.40870140112734676,0.7175444144599047,69,26
473,12,True,False,False,midpoint_with_inhaler,0.40870140112734676,0.6744822872875031,69,27
473,12,True,False,False,upper_bound,0.41157762249756064,0.7224137011340669,69,28
473,12,True,False,False,upper_bound_with_inhaler,0.40870140112734676,0.6722214026706244,69,29
473,12,True,False,True,one_hot,0.24796516352460937,0.24796516352460926,69,30
473,12,True,False,True,lower_bound,0.40870140112734676,0.6894895239496281,69,31
473,12,True,False,True,midpoint,0.40870140112734676,0.7175444144599047,69,32
473,12,True,False,True,midpoint_with_inhaler,0.40870140112734676,0.6744822872875031,69,33
473,12,True,False,True,upper_bound,0.41157762249756064,0.7224137011340669,69,34
473,12,True,False,True,upper_bound_with_inhaler,0.40870140112734676,0.6722214026706244,69,35
473,24,False,False,False,one_hot,0.13198373481535222,0.13198373481535217,69,36
473,24,False,False,False,lower_bound,0.7502722532034406,1.2177329930812801,69,37
473,24,False,False,False,midpoint,0.7502722532034406,1.1561427808492941,69,38
473,24,False,False,False,midpoint_with_inhaler,0.7502722532034406,1.1672478558368855,69,39
473,24,False,False,False,upper_bound,0.7489071679250394,1.1037310490659573,69,40
473,24,False,False,False,upper_bound_with_inhaler,0.7502722532034406,1.13064600275877,69,41
473,24,False,False,True,one_hot,0.13198373481535222,0.13198373481535217,69,42
473,24,False,False,True,lower_bound,0.7502722532034406,1.2177329930812801,69,43
473,24,False,False,True,midpoint,0.7502722532034406,1.1561427808492941,69,44
473,24,False,False,True,midpoint_with_inhaler,0.7502722532034406,1.1672478558368855,69,45
473,24,False,False,True,upper_bound,0.7489071679250394,1.1037310490659573,69,46
473,24,False,False,True,upper_bound_with_inhaler,0.7502722532034406,1.13064600275877,69,47
473,24,False,True,False,one_hot,0.13198373481535222,0.13198373481535222,69,48
473,24,False,True,False,lower_bound,0.5797717823675522,0.6061875322983923,69,49
473,24,False,True,False,midpoint,0.5797717823675522,0.6717839213100267,69,50
473,24,False,True,False,midpoint_with_inhaler,0.5797717823675522,0.6486684959916489,69,51
473,24,False,True,False,upper_bound,0.583076309873844,0.7091286250100609,69,52
473,24,False,True,False,upper_bound_with_inhaler,0.5797717823675522,0.6727911605339899,69,53
473,24,False,True,True,one_hot,0.13198373481535222,0.13198373481535222,69,54
473,24,False,True,True,lower_bound,0.5797717823675522,0.6061875322983923,69,55
473,24,False,True,True,midpoint,0.5797717823675522,0.6717839213100267,69,56
473,24,False,True,True,midpoint_with_inhaler,0.5797717823675522,0.6486684959916489,69,57
473,24,False,True,True,upper_bound,0.583076309873844,0.7091286250100609,69,58
473,24,False,True,True,upper_bound_with_inhaler,0.5797717823675522,0.6727911605339899,69,59
473,24,True,False,False,one_hot,0.13198373481535222,0.13198373481535217,69,60
473,24,True,False,False,lower_bound,0.7502722532034406,1.2177329930812801,69,61
473,24,True,False,False,midpoint,0.7502722532034406,1.1561427808492941,69,62
473,24,True,False,False,midpoint_with_inhaler,0.7502722532034406,1.1672478558368855,69,63
473,24,True,False,False,upper_bound,0.7489071679250394,1.1037310490659573,69,64
473,24,True,False,False,upper_bound_with_inhaler,0.7502722532034406,1.13064600275877,69,65
473,24,True,False,True,one_hot,0.13198373481535222,0.13198373481535217,69,66
473,24,True,False,True,lower_bound,0.7502722532034406,1.2177329930812801,69,67
473,24,True,False,True,midpoint,0.7502722532034406,1.1561427808492941,69,68
473,24,True,False,True,midpoint_with_inhaler,0.7502722532034406,1.1672478558368855,69,69
473,24,True,False,True,upper_bound,0.7489071679250394,1.1037310490659573,69,70
473,24,True,False,True,upper_bound_with_inhaler,0.7502722532034406,1.13064600275877,69,71
473,36,False,False,False,one_hot,0.16948415650966034,0.16948415650966028,69,72
473,36,False,False,False,lower_bound,0.741797214692454,1.0182493946732176,69,73
473,36,False,False,False,midpoint,0.741797214692454,0.979542375973035,69,74
473,36,False,False,False,midpoint_with_inhaler,0.741797214692454,0.995812715247314,69,75
473,36,False,False,False,upper_bound,0.743182862063733,0.9122215486866233,69,76
473,36,False,False,False,upper_bound_with_inhaler,0.741797214692454,0.9580536098251218,69,77
473,36,False,False,True,one_hot,0.16948415650966034,0.16948415650966028,69,78
473,36,False,False,True,lower_bound,0.741797214692454,1.0182493946732176,69,79
473,36,False,False,True,midpoint,0.741797214692454,0.979542375973035,69,80
473,36,False,False,True,midpoint_with_inhaler,0.741797214692454,0.995812715247314,69,81
473,36,False,False,True,upper_bound,0.743182862063733,0.9122215486866233,69,82
473,36,False,False,True,upper_bound_with_inhaler,0.741797214692454,0.9580536098251218,69,83
473,36,True,False,False,one_hot,-0.0634716670723988,-0.06347166707239874,69,84
473,36,True,False,False,lower_bound,0.47908027443011025,0.6949026799250935,69,85
473,36,True,False,False,midpoint,0.47908027443011025,0.685506126043521,69,86
473,36,True,False,False,midpoint_with_inhaler,0.47908027443011025,0.700866496641274,69,87
473,36,True,False,False,upper_bound,0.47930366096101684,0.6682558505198579,69,88
473,36,True,False,False,upper_bound_with_inhaler,0.47908027443011025,0.6927685169849744,69,89
473,36,True,False,True,one_hot,-0.0634716670723988,-0.06347166707239874,69,90
473,36,True,False,True,lower_bound,0.47908027443011025,0.6949026799250935,69,91
473,36,True,False,True,midpoint,0.47908027443011025,0.685506126043521,69,92
473,36,True,False,True,midpoint_with_inhaler,0.47908027443011025,0.700866496641274,69,93
473,36,True,False,True,upper_bound,0.47930366096101684,0.6682558505198579,69,94
473,36,True,False,True,upper_bound_with_inhaler,0.47908027443011025,0.6927685169849744,69,95
473,48,False,False,False,one_hot,,,69,96
473,48,False,False,False,lower_bound,0.6771249449511468,0.9565239601517582,69,97
473,48,False,False,False,midpoint,0.6771249449511468,0.9035405962407039,69,98
473,48,False,False,False,midpoint_with_inhaler,0.6771249449511468,0.9437076823379128,69,99
473,48,False,False,False,upper_bound,0.6752399287207611,0.8252878853232477,69,100
473,48,False,False,False,upper_bound_with_inhaler,0.6771249449511468,0.8397524930642608,69,101
473,48,False,False,True,one_hot,,,69,102
473,48,False,False,True,lower_bound,0.6771249449511468,0.9565239601517582,69,103
473,48,False,False,True,midpoint,0.6771249449511468,0.9035405962407039,69,104
473,48,False,False,True,midpoint_with_inhaler,0.6771249449511468,0.9437076823379128,69,105
473,48,False,False,True,upper_bound,0.6752399287207611,0.8252878853232477,69,106
473,48,False,False,True,upper_bound_with_inhaler,0.6771249449511468,0.8397524930642608,69,107
473,48,False,True,False,one_hot,-0.11847998187827269,-0.1184799818782727,69,108
473,48,False,True,False,lower_bound,0.3103109878050279,0.4162845517223904,69,109
473,48,False,True,False,midpoint,0.3103109878050279,0.4620562627578141,69,110
473,48,False,True,False,midpoint_with_inhaler,0.3103109878050279,0.4529113528583707,69,111
473,48,False,True,False,upper_bound,0.3083581958210159,0.48871634945917003,69,112
473,48,False,True,False,upper_bound_with_inhaler,0.3103109878050279,0.4837323587677014,69,113
473,48,False,True,True,one_hot,-0.11847998187827269,-0.1184799818782727,69,114
473,48,False,True,True,lower_bound,0.3103109878050279,0.4162845517223904,69,115
473,48,False,True,True,midpoint,0.3103109878050279,0.4620562627578141,69,116
473,48,False,True,True,midpoint_with_inhaler,0.3103109878050279,0.4529113528583707,69,117
473,48,False,True,True,upper_bound,0.3083581958210159,0.48871634945917003,69,118
473,48,False,True,True,upper_bound_with_inhaler,0.3103109878050279,0.4837323587677014,69,119
473,48,True,False,False,one_hot,0.013431190323729034,0.01343119032372903,69,120
473,48,True,False,False,lower_bound,0.4424156899426608,0.5800765371630329,69,121
473,48,True,False,False,midpoint,0.4424156899426608,0.5918137336957244,69,122
473,48,True,False,False,midpoint_with_inhaler,0.4424156899426608,0.5878971355628064,69,123
473,48,True,False,False,upper_bound,0.44084302069882253,0.584872032883791,69,124
473,48,True,False,False,upper_bound_with_inhaler,0.4424156899426608,0.5938415941347469,69,125
473,48,True,False,True,one_hot,0.013431190323729034,0.01343119032372903,69,126
473,48,True,False,True,lower_bound,0.4424156899426608,0.5800765371630329,69,127
473,48,True,False,True,midpoint,0.4424156899426608,0.5918137336957244,69,128
473,48,True,False,True,midpoint_with_inhaler,0.4424156899426608,0.5878971355628064,69,129
473,48,True,False,True,upper_bound,0.44084302069882253,0.584872032883791,69,130
473,48,True,False,True,upper_bound_with_inhaler,0.4424156899426608,0.5938415941347469,69,131
514,12,False,False,False,one_hot,0.3274501502372585,0.3274501502372585,36,0
514,12,False,False,False,lower_bound,0.3274501502372585,0.3274501502372585,36,1
514,12,False,False,False,midpoint,0.3274501502372585,0.32745015023725854,36,2
514,12,False,False,False,midpoint_with_inhaler,0.3274501502372585,0.32745015023725854,36,3
514,12,False,False,False,upper_bound,0.3274501502372585,0.3274501502372585,36,4
514,12,False,False,False,upper_bound_with_inhaler,0.3274501502372585,0.3274501502372585,36,5
514,12,False,False,True,one_hot,0.3274501502372585,0.3274501502372585,36,6
514,12,False,False,True,lower_bound,0.3274501502372585,0.3274501502372585,36,7
514,12,False,False,True,midpoint,0.3274501502372585,0.32745015023725854,36,8
514,12,False,False,True,midpoint_with_inhaler,0.3274501502372585,0.32745015023725854,36,9
514,12,False,False,True,upper_bound,0.3274501502372585,0.3274501502372585,36,10
514,12,False,False,True,upper_bound_with_inhaler,0.3274501502372585,0.3274501502372585,36,11
514,12,False,True,False,one_hot,0.5260838904908134,0.5260838904908133,36,12
514,12,False,True,False,lower_bound,0.5260838904908134,0.5260838904908133,36,13
514,12,False,True,False,midpoint,0.5260838904908134,0.5260838904908135,36,14
514,12,False,True,False,midpoint_with_inhaler,0.5260838904908134,0.5260838904908135,36,15
514,12,False,True,False,upper_bound,0.5260838904908134,0.5260838904908133,36,16
514,12,False,True,False,upper_bound_with_inhaler,0.5260838904908134,0.5260838904908133,36,17
514,12,False,True,True,one_hot,0.5260838904908134,0.5260838904908133,36,18
514,12,False,True,True,lower_bound,0.5260838904908134,0.5260838904908133,36,19
514,12,False,True,True,midpoint,0.5260838904908134,0.5260838904908135,36,20
514,12,False,True,True,midpoint_with_inhaler,0.5260838904908134,0.5260838904908135,36,21
514,12,False,True,True,upper_bound,0.5260838904908134,0.5260838904908133,36,22
514,12,False,True,True,upper_bound_with_inhaler,0.5260838904908134,0.5260838904908133,36,23
514,12,True,False,False,one_hot,0.12565721414045306,0.125657214140453,36,24
514,12,True,False,False,lower_bound,0.12565721414045306,0.125657214140453,36,25
514,12,True,False,False,midpoint,0.12565721414045306,0.12565721414045303,36,26
514,12,True,False,False,midpoint_with_inhaler,0.12565721414045306,0.12565721414045303,36,27
514,12,True,False,False,upper_bound,0.12565721414045306,0.125657214140453,36,28
514,12,True,False,False,upper_bound_with_inhaler,0.12565721414045306,0.125657214140453,36,29
514,12,True,False,True,one_hot,0.12565721414045306,0.125657214140453,36,30
514,12,True,False,True,lower_bound,0.12565721414045306,0.125657214140453,36,31
514,12,True,False,True,midpoint,0.12565721414045306,0.12565721414045303,36,32
514,12,True,False,True,midpoint_with_inhaler,0.12565721414045306,0.12565721414045303,36,33
514,12,True,False,True,upper_bound,0.12565721414045306,0.125657214140453,36,34
514,12,True,False,True,upper_bound_with_inhaler,0.12565721414045306,0.125657214140453,36,35
514,24,False,False,False,one_hot,0.22288333655634524,0.22288333655634524,36,36
514,24,False,False,False,lower_bound,0.22288333655634524,0.22288333655634524,36,37
514,24,False,False,False,midpoint,0.22288333655634524,0.22288333655634518,36,38
514,24,False,False,False,midpoint_with_inhaler,0.22288333655634524,0.22288333655634518,36,39
514,24,False,False,False,upper_bound,0.22288333655634524,0.22288333655634524,36,40
514,24,False,False,False,upper_bound_with_inhaler,0.22288333655634524,0.22288333655634524,36,41
514,24,False,False,True,one_hot,0.22288333655634524,0.22288333655634524,36,42
514,24,False,False,True,lower_bound,0.22288333655634524,0.22288333655634524,36,43
514,24,False,False,True,midpoint,0.22288333655634524,0.22288333655634518,36,44
514,24,False,False,True,midpoint_with_inhaler,0.22288333655634524,0.22288333655634518,36,45
514,24,False,False,True,upper_bound,0.22288333655634524,0.22288333655634524,36,46
514,24,False,False,True,upper_bound_with_inhaler,0.22288333655634524,0.22288333655634524,36,47
514,24,False,True,False,one_hot,0.09958624552579488,0.09958624552579484,36,48
514,24,False,True,False,lower_bound,0.09958624552579488,0.09958624552579484,36,49
514,24,False,True,False,midpoint,0.09958624552579488,0.09958624552579484,36,50
514,24,False,True,False,midpoint_with_inhaler,0.09958624552579488,0.09958624552579484,36,51
514,24,False,True,False,upper_bound,0.09958624552579488,0.09958624552579484,36,52
514,24,False,True,False,upper_bound_with_inhaler,0.09958624552579488,0.09958624552579484,36,53
514,24,False,True,True,one_hot,0.09958624552579488,0.09958624552579484,36,54
514,24,False,True,True,lower_bound,0.09958624552579488,0.09958624552579484,36,55
514,24,False,True,True,midpoint,0.09958624552579488,0.09958624552579484,36,56
514,24,False,True,True,midpoint_with_inhaler,0.09958624552579488,0.09958624552579484,36,57
514,24,False,True,True,upper_bound,0.09958624552579488,0.09958624552579484,36,58
514,24,False,True,True,upper_bound_with_inhaler,0.09958624552579488,0.09958624552579484,36,59
514,24,True,False,False,one_hot,0.22288333655634524,0.22288333655634524,36,60
514,24,True,False,False,lower_bound,0.22288333655634524,0.22288333655634524,36,61
514,24,True,False,False,midpoint,0.22288333655634524,0.22288333655634518,36,62
514,24,True,False,False,midpoint_with_inhaler,0.22288333655634524,0.22288333655634518,36,63
514,24,True,False,False,upper_bound,0.22288333655634524,0.22288333655634524,36,64
514,24,True,False,False,upper_bound_with_inhaler,0.22288333655634524,0.22288333655634524,36,65
514,24,True,False,True,one_hot,0.22288333655634524,0.22288333655634524,36,66
514,24,True,False,True,lower_bound,0.22288333655634524,0.22288333655634524,36,67
514,24,True,False,True,midpoint,0.22288333655634524,0.22288333655634518,36,68
514,24,True,False,True,midpoint_with_inhaler,0.22288333655634524,0.22288333655634518,36,69
514,24,True,False,True,upper_bound,0.22288333655634524,0.22288333655634524,36,70
514,24,True,False,True,upper_bound_with_inhaler,0.22288333655634524,0.22288333655634524,36,71
514,36,False,False,False,one_hot,0.30785121054816444,0.30785121054816444,36,72
514,36,False,False,False,lower_bound,0.30785121054816444,0.30785121054816444,36,73
514,36,False,False,False,midpoint,0.30785121054816444,0.30785121054816444,36,74
514,36,False,False,False,midpoint_with_inhaler,0.30785121054816444,0.30785121054816444,36,75
514,36,False,False,False,upper_bound,0.30785121054816444,0.30785121054816444,36,76
514,36,False,False,False,upper_bound_with_inhaler,0.30785121054816444,0.30785121054816444,36,77
514,36,False,False,True,one_hot,0.30785121054816444,0.30785121054816444,36,78
514,36,False,False,True,lower_bound,0.30785121054816444,0.30785121054816444,36,79
514,36,False,False,True,midpoint,0.30785121054816444,0.30785121054816444,36,80
514,36,False,False,True,midpoint_with_inhaler,0.30785121054816444,0.30785121054816444,36,81
514,36,False,False,True,upper_bound,0.30785121054816444,0.30785121054816444,36,82
514,36,False,False,True,upper_bound_with_inhaler,0.30785121054816444,0.30785121054816444,36,83
514,36,True,False,False,one_hot,0.27920110829002376,0.27920110829002376,36,84
514,36,True,False,False,lower_bound,0.27920110829002376,0.27920110829002376,36,85
514,36,True,False,False,midpoint,0.27920110829002376,0.27920110829002376,36,86
514,36,True,False,False,midpoint_with_inhaler,0.27920110829002376,0.27920110829002376,36,87
514,36,True,False,False,upper_bound,0.27920110829002376,0.27920110829002376,36,88
514,36,True,False,False,upper_bound_with_inhaler,0.27920110829002376,0.27920110829002376,36,89
514,36,True,False,True,one_hot,0.27920110829002376,0.27920110829002376,36,90
514,36,True,False,True,lower_bound,0.27920110829002376,0.27920110829002376,36,91
514,36,True,False,True,midpoint,0.27920110829002376,0.27920110829002376,36,92
514,36,True,False,True,midpoint_with_inhaler,0.27920110829002376,0.27920110829002376,36,93
514,36,True,False,True,upper_bound,0.27920110829002376,0.27920110829002376,36,94
514,36,True,False,True,upper_bound_with_inhaler,0.27920110829002376,0.27920110829002376,36,95
514,48,False,False,False,one_hot,0.16258211496158248,0.1625821149615825,36,96
514,48,False,False,False,lower_bound,0.16258211496158248,0.1625821149615825,36,97
514,48,False,False,False,midpoint,0.16258211496158248,0.16258211496158248,36,98
514,48,False,False,False,midpoint_with_inhaler,0.16258211496158248,0.16258211496158248,36,99
514,48,False,False,False,upper_bound,0.16258211496158248,0.1625821149615825,36,100
514,48,False,False,False,upper_bound_with_inhaler,0.16258211496158248,0.1625821149615825,36,101
514,48,False,False,True,one_hot,0.16258211496158248,0.1625821149615825,36,102
514,48,False,False,True,lower_bound,0.16258211496158248,0.1625821149615825,36,103
514,48,False,False,True,midpoint,0.16258211496158248,0.16258211496158248,36,104
514,48,False,False,True,midpoint_with_inhaler,0.16258211496158248,0.16258211496158248,36,105
514,48,False,False,True,upper_bound,0.16258211496158248,0.1625821149615825,36,106
514,48,False,False,True,upper_bound_with_inhaler,0.16258211496158248,0.1625821149615825,36,107
514,48,False,True,False,one_hot,0.13693223933428436,0.13693223933428436,36,108
514,48,False,True,False,lower_bound,0.13693223933428436,0.13693223933428436,36,109
514,48,False,True,False,midpoint,0.13693223933428436,0.13693223933428436,36,110
514,48,False,True,False,midpoint_with_inhaler,0.13693223933428436,0.13693223933428436,36,111
514,48,False,True,False,upper_bound,0.13693223933428436,0.13693223933428436,36,112
514,48,False,True,False,upper_bound_with_inhaler,0.13693223933428436,0.13693223933428436,36,113
514,48,False,True,True,one_hot,0.13693223933428436,0.13693223933428436,36,114
514,48,False,True,True,lower_bound,0.13693223933428436,0.13693223933428436,36,115
514,48,False,True,True,midpoint,0.13693223933428436,0.13693223933428436,36,116
514,48,False,True,True,midpoint_with_inhaler,0.13693223933428436,0.13693223933428436,36,117
514,48,False,True,True,upper_bound,0.13693223933428436,0.13693223933428436,36,118
514,48,False,True,True,upper_bound_with_inhaler,0.13693223933428436,0.13693223933428436,36,119
514,48,True,False,False,one_hot,0.22288333655634524,0.22288333655634524,36,120
514,48,True,False,False,lower_bound,0.22288333655634524,0.22288333655634524,36,121
514,48,True,False,False,midpoint,0.22288333655634524,0.2228833365563452,36,122
514,48,True,False,False,midpoint_with_inhaler,0.22288333655634524,0.2228833365563452,36,123
514,48,True,False,False,upper_bound,0.22288333655634524,0.22288333655634524,36,124
514,48,True,False,False,upper_bound_with_inhaler,0.22288333655634524,0.22288333655634524,36,125
514,48,True,False,True,one_hot,0.22288333655634524,0.22288333655634524,36,126
514,48,True,False,True,lower_bound,0.22288333655634524,0.22288333655634524,36,127
514,48,True,False,True,midpoint,0.22288333655634524,0.2228833365563452,36,128
514,48,True,False,True,midpoint_with_inhaler,0.22288333655634524,0.2228833365563452,36,129
514,48,True,False,True,upper_bound,0.22288333655634524,0.22288333655634524,36,130
514,48,True,False,True,upper_bound_with_inhaler,0.22288333655634524,0.22288333655634524,36,131
625,12,False,False,False,one_hot,-0.22178412719255752,-0.22178412719255752,16,0
625,12,False,False,False,lower_bound,0.10859537167980242,0.42651429609609814,16,1
625,12,False,False,False,midpoint,0.10859537167980242,0.29581759673138575,16,2
625,12,False,False,False,midpoint_with_inhaler,0.10859537167980242,0.29581759673138575,16,3
625,12,False,False,False,upper_bound,0.10859537167980242,0.2004387518081431,16,4
625,12,False,False,False,upper_bound_with_inhaler,0.10859537167980242,0.2004387518081431,16,5
625,12,False,False,True,one_hot,-0.22178412719255752,-0.22178412719255752,16,6
625,12,False,False,True,lower_bound,0.10859537167980242,0.42651429609609814,16,7
625,12,False,False,True,midpoint,0.10859537167980242,0.29581759673138575,16,8
625,12,False,False,True,midpoint_with_inhaler,0.10859537167980242,0.29581759673138575,16,9
625,12,False,False,True,upper_bound,0.10859537167980242,0.2004387518081431,16,10
625,12,False,False,True,upper_bound_with_inhaler,0.10859537167980242,0.2004387518081431,16,11
625,12,False,True,False,one_hot,0.2256712564954289,0.2256712564954289,16,12
625,12,False,True,False,lower_bound,0.25569440740122124,0.13003705585489725,16,13
625,12,False,True,False,midpoint,0.25569440740122124,0.12918485860787435,16,14
625,12,False,True,False,midpoint_with_inhaler,0.25569440740122124,0.12918485860787435,16,15
625,12,False,True,False,upper_bound,0.25569440740122124,0.1257675886762637,16,16
625,12,False,True,False,upper_bound_with_inhaler,0.25569440740122124,0.1257675886762637,16,17
625,12,False,True,True,one_hot,0.2256712564954289,0.2256712564954289,16,18
625,12,False,True,True,lower_bound,0.25569440740122124,0.13003705585489725,16,19
625,12,False,True,True,midpoint,0.25569440740122124,0.12918485860787435,16,20
625,12,False,True,True,midpoint_with_inhaler,0.25569440740122124,0.12918485860787435,16,21
625,12,False,True,True,upper_bound,0.25569440740122124,0.1257675886762637,16,22
625,12,False,True,True,upper_bound_with_inhaler,0.25569440740122124,0.1257675886762637,16,23
625,12,True,False,False,one_hot,-0.34657359027997264,-0.34657359027997264,16,24
625,12,True,False,False,lower_bound,0.29693498308122646,0.19147035649563432,16,25
625,12,True,False,False,midpoint,0.29693498308122646,0.18594408142121555,16,26
625,12,True,False,False,midpoint_with_inhaler,0.29693498308122646,0.18594408142121555,16,27
625,12,True,False,False,upper_bound,0.29693498308122646,0.1751981784608466,16,28
625,12,True,False,False,upper_bound_with_inhaler,0.29693498308122646,0.1751981784608466,16,29
625,12,True,False,True,one_hot,-0.34657359027997264,-0.34657359027997264,16,30
625,12,True,False,True,lower_bound,0.29693498308122646,0.19147035649563432,16,31
625,12,True,False,True,midpoint,0.29693498308122646,0.18594408142121555,16,32
625,12,True,False,True,midpoint_with_inhaler,0.29693498308122646,0.18594408142121555,16,33
625,12,True,False,True,upper_bound,0.29693498308122646,0.1751981784608466,16,34
625,12,True,False,True,upper_bound_with_inhaler,0.29693498308122646,0.1751981784608466,16,35
625,24,False,False,False,one_hot,-0.1012154814198591,-0.1012154814198591,16,36
625,24,False,False,False,lower_bound,-0.010003460131717492,0.004581680064109995,16,37
625,24,False,False,False,midpoint,-0.010003460131717492,-0.03471340972247651,16,38
625,24,False,False,False,midpoint_with_inhaler,-0.010003460131717492,-0.03471340972247651,16,39
625,24,False,False,False,upper_bound,-0.010003460131717492,-0.06481859484900312,16,40
625,24,False,False,False,upper_bound_with_inhaler,-0.010003460131717492,-0.06481859484900312,16,41
625,24,False,False,True,one_hot,-0.1012154814198591,-0.1012154814198591,16,42
625,24,False,False,True,lower_bound,-0.010003460131717492,0.004581680064109995,16,43
625,24,False,False,True,midpoint,-0.010003460131717492,-0.03471340972247651,16,44
625,24,False,False,True,midpoint_with_inhaler,-0.010003460131717492,-0.03471340972247651,16,45
625,24,False,False,True,upper_bound,-0.010003460131717492,-0.06481859484900312,16,46
625,24,False,False,True,upper_bound_with_inhaler,-0.010003460131717492,-0.06481859484900312,16,47
625,24,False,True,False,one_hot,0.37439505569712894,0.37439505569712894,16,48
625,24,False,True,False,lower_bound,0.4442604769941968,0.2148246133429876,16,49
625,24,False,True,False,midpoint,0.4442604769941968,0.2145109147466943,16,50
625,24,False,True,False,midpoint_with_inhaler,0.4442604769941968,0.2145109147466943,16,51
625,24,False,True,False,upper_bound,0.4442604769941968,0.21132216484088048,16,52
625,24,False,True,False,upper_bound_with_inhaler,0.4442604769941968,0.21132216484088048,16,53
625,24,False,True,True,one_hot,0.37439505569712894,0.37439505569712894,16,54
625,24,False,True,True,lower_bound,0.4442604769941968,0.2148246133429876,16,55
625,24,False,True,True,midpoint,0.4442604769941968,0.2145109147466943,16,56
625,24,False,True,True,midpoint_with_inhaler,0.4442604769941968,0.2145109147466943,16,57
625,24,False,True,True,upper_bound,0.4442604769941968,0.21132216484088048,16,58
625,24,False,True,True,upper_bound_with_inhaler,0.4442604769941968,0.21132216484088048,16,59
625,24,True,False,False,one_hot,-0.1012154814198591,-0.1012154814198591,16,60
625,24,True,False,False,lower_bound,-0.010003460131717492,0.004581680064109995,16,61
625,24,True,False,False,midpoint,-0.010003460131717492,-0.03471340972247651,16,62
625,24,True,False,False,midpoint_with_inhaler,-0.010003460131717492,-0.03471340972247651,16,63
625,24,True,False,False,upper_bound,-0.010003460131717492,-0.06481859484900312,16,64
625,24,True,False,False,upper_bound_with_inhaler,-0.010003460131717492,-0.06481859484900312,16,65
625,24,True,False,True,one_hot,-0.1012154814198591,-0.1012154814198591,16,66
625,24,True,False,True,lower_bound,-0.010003460131717492,0.004581680064109995,16,67
625,24,True,False,True,midpoint,-0.010003460131717492,-0.03471340972247651,16,68
625,24,True,False,True,midpoint_with_inhaler,-0.010003460131717492,-0.03471340972247651,16,69
625,24,True,False,True,upper_bound,-0.010003460131717492,-0.06481859484900312,16,70
625,24,True,False,True,upper_bound_with_inhaler,-0.010003460131717492,-0.06481859484900312,16,71
625,36,False,False,False,one_hot,-0.23177291660755062,-0.23177291660755062,16,72
625,36,False,False,False,lower_bound,0.07167687973778722,0.21272563109212744,16,73
625,36,False,False,False,midpoint,0.07167687973778722,0.16472028042969225,16,74
625,36,False,False,False,midpoint_with_inhaler,0.07167687973778722,0.16472028042969225,16,75
625,36,False,False,False,upper_bound,0.07167687973778722,0.126661183168222,16,76
625,36,False,False,False,upper_bound_with_inhaler,0.07167687973778722,0.126661183168222,16,77
625,36,False,False,True,one_hot,-0.23177291660755062,-0.23177291660755062,16,78
625,36,False,False,True,lower_bound,0.07167687973778722,0.21272563109212744,16,79
625,36,False,False,True,midpoint,0.07167687973778722,0.16472028042969225,16,80
625,36,False,False,True,midpoint_with_inhaler,0.07167687973778722,0.16472028042969225,16,81
625,36,False,False,True,upper_bound,0.07167687973778722,0.126661183168222,16,82
625,36,False,False,True,upper_bound_with_inhaler,0.07167687973778722,0.126661183168222,16,83
625,36,True,False,False,one_hot,0.3015932993431672,0.3015932993431672,16,84
625,36,True,False,False,lower_bound,0.2708794146883996,0.11199745636092184,16,85
625,36,True,False,False,midpoint,0.2708794146883996,0.10869942123714758,16,86
625,36,True,False,False,midpoint_with_inhaler,0.2708794146883996,0.10869942123714758,16,87
625,36,True,False,False,upper_bound,0.2708794146883996,0.10441601582737883,16,88
625,36,True,False,False,upper_bound_with_inhaler,0.2708794146883996,0.10441601582737883,16,89
625,36,True,False,True,one_hot,0.3015932993431672,0.3015932993431672,16,90
625,36,True,False,True,lower_bound,0.2708794146883996,0.11199745636092184,16,91
625,36,True,False,True,midpoint,0.2708794146883996,0.10869942123714758,16,92
625,36,True,False,True,midpoint_with_inhaler,0.2708794146883996,0.10869942123714758,16,93
625,36,True,False,True,upper_bound,0.2708794146883996,0.10441601582737883,16,94
625,36,True,False,True,upper_bound_with_inhaler,0.2708794146883996,0.10441601582737883,16,95
625,48,False,False,False,one_hot,0.3015932993431672,0.3015932993431672,16,96
625,48,False,False,False,lower_bound,0.46175080122434775,0.5998935815006644,16,97
625,48,False,False,False,midpoint,0.46175080122434775,0.5656250017095512,16,98
625,48,False,False,False,midpoint_with_inhaler,0.46175080122434775,0.5656250017095512,16,99
625,48,False,False,False,upper_bound,0.46175080122434775,0.5409391887649393,16,100
625,48,False,False,False,upper_bound_with_inhaler,0.46175080122434775,0.5409391887649393,16,101
625,48,False,False,True,one_hot,0.3015932993431672,0.3015932993431672,16,102
625,48,False,False,True,lower_bound,0.46175080122434775,0.5998935815006644,16,103
625,48,False,False,True,midpoint,0.46175080122434775,0.5656250017095512,16,104
625,48,False,False,True,midpoint_with_inhaler,0.46175080122434775,0.5656250017095512,16,105
625,48,False,False,True,upper_bound,0.46175080122434775,0.5409391887649393,16,106
625,48,False,False,True,upper_bound_with_inhaler,0.46175080122434775,0.5409391887649393,16,107
625,48,False,True,False,one_hot,-0.34657359027997264,-0.34657359027997264,16,108
625,48,False,True,False,lower_bound,-0.18913010323478063,0.238598372601486,16,109
625,48,False,True,False,midpoint,-0.18913010323478063,0.20794250152991445,16,110
625,48,False,True,False,midpoint_with_inhaler,-0.18913010323478063,0.20794250152991445,16,111
625,48,False,True,False,upper_bound,-0.18913010323478063,0.18815034692187377,16,112
625,48,False,True,False,upper_bound_with_inhaler,-0.18913010323478063,0.18815034692187377,16,113
625,48,False,True,True,one_hot,-0.34657359027997264,-0.34657359027997264,16,114
625,48,False,True,True,lower_bound,-0.18913010323478063,0.238598372601486,16,115
625,48,False,True,True,midpoint,-0.18913010323478063,0.20794250152991445,16,116
625,48,False,True,True,midpoint_with_inhaler,-0.18913010323478063,0.20794250152991445,16,117
625,48,False,True,True,upper_bound,-0.18913010323478063,0.18815034692187377,16,118
625,48,False,True,True,upper_bound_with_inhaler,-0.18913010323478063,0.18815034692187377,16,119
625,48,True,False,False,one_hot,-0.3465735902799726,-0.3465735902799726,16,120
625,48,True,False,False,lower_bound,-0.10037034182688616,0.29443266035553434,16,121
625,48,True,False,False,midpoint,-0.10037034182688616,0.2682962119462144,16,122
625,48,True,False,False,midpoint_with_inhaler,-0.10037034182688616,0.2682962119462144,16,123
625,48,True,False,False,upper_bound,-0.10037034182688616,0.2481511628996678,16,124
625,48,True,False,False,upper_bound_with_inhaler,-0.10037034182688616,0.2481511628996678,16,125
625,48,True,False,True,one_hot,-0.3465735902799726,-0.3465735902799726,16,126
625,48,True,False,True,lower_bound,-0.10037034182688616,0.29443266035553434,16,127
625,48,True,False,True,midpoint,-0.10037034182688616,0.2682962119462144,16,128
625,48,True,False,True,midpoint_with_inhaler,-0.10037034182688616,0.2682962119462144,16,129
625,48,True,False,True,upper_bound,-0.10037034182688616,0.2481511628996678,16,130
625,48,True,False,True,upper_bound_with_inhaler,-0.10037034182688616,0.2481511628996678,16,131
701,12,False,False,False,one_hot,,,30,0
701,12,False,False,False,lower_bound,-0.08535382803267043,-0.10458442173404929,30,1
701,12,False,False,False,midpoint,-0.08535382803267043,-0.14090123368933594,30,2
701,12,False,False,False,midpoint_with_inhaler,-0.08535382803267043,-0.14090123368933594,30,3
701,12,False,False,False,upper_bound,-0.08535382803267043,-0.16235157448405935,30,4
701,12,False,False,False,upper_bound_with_inhaler,-0.08535382803267043,-0.16235157448405935,30,5
701,12,False,False,True,one_hot,,,30,6
701,12,False,False,True,lower_bound,-0.08535382803267043,-0.10458442173404929,30,7
701,12,False,False,True,midpoint,-0.08535382803267043,-0.14090123368933594,30,8
701,12,False,False,True,midpoint_with_inhaler,-0.08535382803267043,-0.14090123368933594,30,9
701,12,False,False,True,upper_bound,-0.08535382803267043,-0.16235157448405935,30,10
701,12,False,False,True,upper_bound_with_inhaler,-0.08535382803267043,-0.16235157448405935,30,11
701,12,False,True,False,one_hot,,,30,12
701,12,False,True,False,lower_bound,0.20123716985966864,0.2432753658939507,30,13
701,12,False,True,False,midpoint,0.20123716985966864,0.2057259776917156,30,14
701,12,False,True,False,midpoint_with_inhaler,0.20123716985966864,0.2057259776917156,30,15
701,12,False,True,False,upper_bound,0.20123716985966864,0.19045089121942738,30,16
701,12,False,True,False,upper_bound_with_inhaler,0.20123716985966864,0.19045089121942738,30,17
701,12,False,True,True,one_hot,,,30,18
701,12,False,True,True,lower_bound,0.20123716985966864,0.2432753658939507,30,19
701,12,False,True,True,midpoint,0.20123716985966864,0.2057259776917156,30,20
701,12,False,True,True,midpoint_with_inhaler,0.20123716985966864,0.2057259776917156,30,21
701,12,False,True,True,upper_bound,0.20123716985966864,0.19045089121942738,30,22
701,12,False,True,True,upper_bound_with_inhaler,0.20123716985966864,0.19045089121942738,30,23
701,12,True,False,False,one_hot,,,30,24
701,12,True,False,False,lower_bound,0.08211027138438985,0.1167954743958436,30,25
701,12,True,False,False,midpoint,0.08211027138438985,0.08585122873312141,30,26
701,12,True,False,False,midpoint_with_inhaler,0.08211027138438985,0.08585122873312141,30,27
701,12,True,False,False,upper_bound,0.08211027138438985,0.07280739972021257,30,28
701,12,True,False,False,upper_bound_with_inhaler,0.08211027138438985,0.07280739972021257,30,29
701,12,True,False,True,one_hot,,,30,30
701,12,True,False,True,lower_bound,0.08211027138438985,0.1167954743958436,30,31
701,12,True,False,True,midpoint,0.08211027138438985,0.08585122873312141,30,32
701,12,True,False,True,midpoint_with_inhaler,0.08211027138438985,0.08585122873312141,30,33
701,12,True,False,True,upper_bound,0.08211027138438985,0.07280739972021257,30,34
701,12,True,False,True,upper_bound_with_inhaler,0.08211027138438985,0.07280739972021257,30,35
701,24,False,False,False,one_hot,,,30,36
701,24,False,False,False,lower_bound,0.26996224218733883,0.33838654275896046,30,37
701,24,False,False,False,midpoint,0.26996224218733883,0.268612629571938,30,38
701,24,False,False,False,midpoint_with_inhaler,0.26996224218733883,0.268612629571938,30,39
701,24,False,False,False,upper_bound,0.26996224218733883,0.23435346666768414,30,40
701,24,False,False,False,upper_bound_with_inhaler,0.26996224218733883,0.23435346666768414,30,41
701,24,False,False,True,one_hot,,,30,42
701,24,False,False,True,lower_bound,0.26996224218733883,0.33838654275896046,30,43
701,24,False,False,True,midpoint,0.26996224218733883,0.268612629571938,30,44
701,24,False,False,True,midpoint_with_inhaler,0.26996224218733883,0.268612629571938,30,45
701,24,False,False,True,upper_bound,0.26996224218733883,0.23435346666768414,30,46
701,24,False,False,True,upper_bound_with_inhaler,0.26996224218733883,0.23435346666768414,30,47
701,24,False,True,False,one_hot,,,30,48
701,24,False,True,False,lower_bound,0.1529220392849423,0.1371897237233022,30,49
701,24,False,True,False,midpoint,0.1529220392849423,0.15246483489706505,30,50
701,24,False,True,False,midpoint_with_inhaler,0.1529220392849423,0.15246483489706505,30,51
701,24,False,True,False,upper_bound,0.1529220392849423,0.15882150293772726,30,52
701,24,False,True,False,upper_bound_with_inhaler,0.1529220392849423,0.15882150293772726,30,53
701,24,False,True,True,one_hot,,,30,54
701,24,False,True,True,lower_bound,0.1529220392849423,0.1371897237233022,30,55
701,24,False,True,True,midpoint,0.1529220392849423,0.15246483489706505,30,56
701,24,False,True,True,midpoint_with_inhaler,0.1529220392849423,0.15246483489706505,30,57
701,24,False,True,True,upper_bound,0.1529220392849423,0.15882150293772726,30,58
701,24,False,True,True,upper_bound_with_inhaler,0.1529220392849423,0.15882150293772726,30,59
701,24,True,False,False,one_hot,,,30,60
701,24,True,False,False,lower_bound,0.26996224218733883,0.33838654275896046,30,61
701,24,True,False,False,midpoint,0.26996224218733883,0.268612629571938,30,62
701,24,True,False,False,midpoint_with_inhaler,0.26996224218733883,0.268612629571938,30,63
701,24,True,False,False,upper_bound,0.26996224218733883,0.23435346666768414,30,64
701,24,True,False,False,upper_bound_with_inhaler,0.26996224218733883,0.23435346666768414,30,65
701,24,True,False,True,one_hot,,,30,66
701,24,True,False,True,lower_bound,0.26996224218733883,0.33838654275896046,30,67
701,24,True,False,True,midpoint,0.26996224218733883,0.268612629571938,30,68
701,24,True,False,True,midpoint_with_inhaler,0.26996224218733883,0.268612629571938,30,69
701,24,True,False,True,upper_bound,0.26996224218733883,0.23435346666768414,30,70
701,24,True,False,True,upper_bound_with_inhaler,0.26996224218733883,0.23435346666768414,30,71
701,36,False,False,False,one_hot,,,30,72
701,36,False,False,False,lower_bound,0.0846734142501077,0.09801799358531604,30,73
701,36,False,False,False,midpoint,0.0846734142501077,0.09470539461858611,30,74
701,36,False,False,False,midpoint_with_inhaler,0.0846734142501077,0.09470539461858611,30,75
701,36,False,False,False,upper_bound,0.0846734142501077,0.10063295715077655,30,76
701,36,False,False,False,upper_bound_with_inhaler,0.0846734142501077,0.10063295715077655,30,77
701,36,False,False,True,one_hot,,,30,78
701,36,False,False,True,lower_bound,0.0846734142501077,0.09801799358531604,30,79
701,36,False,False,True,midpoint,0.0846734142501077,0.09470539461858611,30,80
701,36,False,False,True,midpoint_with_inhaler,0.0846734142501077,0.09470539461858611,30,81
701,36,False,False,True,upper_bound,0.0846734142501077,0.10063295715077655,30,82
701,36,False,False,True,upper_bound_with_inhaler,0.0846734142501077,0.10063295715077655,30,83
701,36,True,False,False,one_hot,,,30,84
701,36,True,False,False,lower_bound,0.08137091284071636,0.15901027181817998,30,85
701,36,True,False,False,midpoint,0.08137091284071636,0.11525677833306279,30,86
701,36,True,False,False,midpoint_with_inhaler,0.08137091284071636,0.11525677833306279,30,87
701,36,True,False,False,upper_bound,0.08137091284071636,0.09227596882874961,30,88
701,36,True,False,False,upper_bound_with_inhaler,0.08137091284071636,0.09227596882874961,30,89
701,36,True,False,True,one_hot,,,30,90
701,36,True,False,True,lower_bound,0.08137091284071636,0.15901027181817998,30,91
701,36,True,False,True,midpoint,0.08137091284071636,0.11525677833306279,30,92
701,36,True,False,True,midpoint_with_inhaler,0.08137091284071636,0.11525677833306279,30,93
701,36,True,False,True,upper_bound,0.08137091284071636,0.09227596882874961,30,94
701,36,True,False,True,upper_bound_with_inhaler,0.08137091284071636,0.09227596882874961,30,95
701,48,False,False,False,one_hot,,,30,96
701,48,False,False,False,lower_bound,0.21808281979090574,0.31926711179466755,30,97
701,48,False,False,False,midpoint,0.21808281979090574,0.2949717888142167,30,98
701,48,False,False,False,midpoint_with_inhaler,0.21808281979090574,0.2949717888142167,30,99
701,48,False,False,False,upper_bound,0.21808281979090574,0.28290993415169313,30,100
701,48,False,False,False,upper_bound_with_inhaler,0.21808281979090574,0.28290993415169313,30,101
701,48,False,False,True,one_hot,,,30,102
701,48,False,False,True,lower_bound,0.21808281979090574,0.31926711179466755,30,103
701,48,False,False,True,midpoint,0.21808281979090574,0.2949717888142167,30,104
701,48,False,False,True,midpoint_with_inhaler,0.21808281979090574,0.2949717888142167,30,105
701,48,False,False,True,upper_bound,0.21808281979090574,0.28290993415169313,30,106
701,48,False,False,True,upper_bound_with_inhaler,0.21808281979090574,0.28290993415169313,30,107
701,48,False,True,False,one_hot,,,30,108
701,48,False,True,False,lower_bound,-0.12199856933920716,-0.15768147804312133,30,109
701,48,False,True,False,midpoint,-0.12199856933920716,-0.126696142576985,30,110
701,48,False,True,False,midpoint_with_inhaler,-0.12199856933920716,-0.126696142576985,30,111
701,48,False,True,False,upper_bound,-0.12199856933920716,-0.10652888790937964,30,112
701,48,False,True,False,upper_bound_with_inhaler,-0.12199856933920716,-0.10652888790937964,30,113
701,48,False,True,True,one_hot,,,30,114
701,48,False,True,True,lower_bound,-0.12199856933920716,-0.15768147804312133,30,115
701,48,False,True,True,midpoint,-0.12199856933920716,-0.126696142576985,30,116
701,48,False,True,True,midpoint_with_inhaler,-0.12199856933920716,-0.126696142576985,30,117
701,48,False,True,True,upper_bound,-0.12199856933920716,-0.10652888790937964,30,118
701,48,False,True,True,upper_bound_with_inhaler,-0.12199856933920716,-0.10652888790937964,30,119
701,48,True,False,False,one_hot,,,30,120
701,48,True,False,False,lower_bound,0.06432362020025084,0.05994410406300846,30,121
701,48,True,False,False,midpoint,0.06432362020025084,0.06219313290524576,30,122
701,48,True,False,False,midpoint_with_inhaler,0.06432362020025084,0.06219313290524576,30,123
701,48,True,False,False,upper_bound,0.06432362020025084,0.06204157099940501,30,124
701,48,True,False,False,upper_bound_with_inhaler,0.06432362020025084,0.06204157099940501,30,125
701,48,True,False,True,one_hot,,,30,126
701,48,True,False,True,lower_bound,0.06432362020025084,0.05994410406300846,30,127
701,48,True,False,True,midpoint,0.06432362020025084,0.06219313290524576,30,128
701,48,True,False,True,midpoint_with_inhaler,0.06432362020025084,0.06219313290524576,30,129
701,48,True,False,True,upper_bound,0.06432362020025084,0.06204157099940501,30,130
701,48,True,False,True,upper_bound_with_inhaler,0.06432362020025084,0.06204157099940501,30,131
702,12,False,False,False,one_hot,0.5806646781530775,0.5806646781530775,120,0
702,12,False,False,False,lower_bound,0.6251448986186303,1.0538684146736694,120,1
702,12,False,False,False,midpoint,0.6251448986186303,0.9972965841502753,120,2
702,12,False,False,False,midpoint_with_inhaler,0.6251448986186303,0.9972965841502753,120,3
702,12,False,False,False,upper_bound,0.6251448986186303,0.958799174234902,120,4
702,12,False,False,False,upper_bound_with_inhaler,0.6251448986186303,0.958799174234902,120,5
702,12,False,False,True,one_hot,0.5806646781530775,0.5806646781530775,120,6
702,12,False,False,True,lower_bound,0.6251448986186303,1.0538684146736694,120,7
702,12,False,False,True,midpoint,0.6251448986186303,0.9972965841502753,120,8
702,12,False,False,True,midpoint_with_inhaler,0.6251448986186303,0.9972965841502753,120,9
702,12,False,False,True,upper_bound,0.6251448986186303,0.958799174234902,120,10
702,12,False,False,True,upper_bound_with_inhaler,0.6251448986186303,0.958799174234902,120,11
702,12,False,True,False,one_hot,0.25610816302320477,0.25610816302320477,120,12
702,12,False,True,False,lower_bound,0.3648547717737655,0.443600181044924,120,13
702,12,False,True,False,midpoint,0.3648547717737655,0.44613663321821534,120,14
702,12,False,True,False,midpoint_with_inhaler,0.3648547717737655,0.44613663321821534,120,15
702,12,False,True,False,upper_bound,0.3648547717737655,0.43974834425753895,120,16
702,12,False,True,False,upper_bound_with_inhaler,0.3648547717737655,0.43974834425753895,120,17
702,12,False,True,True,one_hot,0.25610816302320477,0.25610816302320477,120,18
702,12,False,True,True,lower_bound,0.3648547717737655,0.443600181044924,120,19
702,12,False,True,True,midpoint,0.3648547717737655,0.44613663321821534,120,20
702,12,False,True,True,midpoint_with_inhaler,0.3648547717737655,0.44613663321821534,120,21
702,12,False,True,True,upper_bound,0.3648547717737655,0.43974834425753895,120,22
702,12,False,True,True,upper_bound_with_inhaler,0.3648547717737655,0.43974834425753895,120,23
702,12,True,False,False,one_hot,0.4603192992478307,0.4603192992478307,120,24
702,12,True,False,False,lower_bound,0.5650530916967643,0.9931135682870762,120,25
702,12,True,False,False,midpoint,0.5650530916967643,0.967456162179606,120,26
702,12,True,False,False,midpoint_with_inhaler,0.5650530916967643,0.967456162179606,120,27
702,12,True,False,False,upper_bound,0.5650530916967643,0.9342381950039972,120,28
702,12,True,False,False,upper_bound_with_inhaler,0.5650530916967643,0.9342381950039972,120,29
702,12,True,False,True,one_hot,0.4603192992478307,0.4603192992478307,120,30
702,12,True,False,True,lower_bound,0.5650530916967643,0.9931135682870762,120,31
702,12,True,False,True,midpoint,0.5650530916967643,0.967456162179606,120,32
702,12,True,False,True,midpoint_with_inhaler,0.5650530916967643,0.967456162179606,120,33
702,12,True,False,True,upper_bound,0.5650530916967643,0.9342381950039972,120,34
702,12,True,False,True,upper_bound_with_inhaler,0.5650530916967643,0.9342381950039972,120,35
702,24,False,False,False,one_hot,0.5246697396808291,0.5246697396808291,120,36
702,24,False,False,False,lower_bound,0.6185026940254509,1.0280114920422911,120,37
702,24,False,False,False,midpoint,0.6185026940254509,0.9851134114656147,120,38
702,24,False,False,False,midpoint_with_inhaler,0.6185026940254509,0.9851134114656147,120,39
702,24,False,False,False,upper_bound,0.6185026940254509,0.9465566255399348,120,40
702,24,False,False,False,upper_bound_with_inhaler,0.6185026940254509,0.9465566255399348,120,41
702,24,False,False,True,one_hot,0.5246697396808291,0.5246697396808291,120,42
702,24,False,False,True,lower_bound,0.6185026940254509,1.0280114920422911,120,43
702,24,False,False,True,midpoint,0.6185026940254509,0.9851134114656147,120,44
702,24,False,False,True,midpoint_with_inhaler,0.6185026940254509,0.9851134114656147,120,45
702,24,False,False,True,upper_bound,0.6185026940254509,0.9465566255399348,120,46
702,24,False,False,True,upper_bound_with_inhaler,0.6185026940254509,0.9465566255399348,120,47
702,24,False,True,False,one_hot,0.503191063262395,0.503191063262395,120,48
702,24,False,True,False,lower_bound,0.5952348408041636,1.1147640982585116,120,49
702,24,False,True,False,midpoint,0.5952348408041636,1.064810629202986,120,50
702,24,False,True,False,midpoint_with_inhaler,0.5952348408041636,1.064810629202986,120,51
702,24,False,True,False,upper_bound,0.5952348408041636,1.0146442777507507,120,52
702,24,False,True,False,upper_bound_with_inhaler,0.5952348408041636,1.0146442777507507,120,53
702,24,False,True,True,one_hot,0.503191063262395,0.503191063262395,120,54
702,24,False,True,True,lower_bound,0.5952348408041636,1.1147640982585116,120,55
702,24,False,True,True,midpoint,0.5952348408041636,1.064810629202986,120,56
702,24,False,True,True,midpoint_with_inhaler,0.5952348408041636,1.064810629202986,120,57
702,24,False,True,True,upper_bound,0.5952348408041636,1.0146442777507507,120,58
702,24,False,True,True,upper_bound_with_inhaler,0.5952348408041636,1.0146442777507507,120,59
702,24,True,False,False,one_hot,0.5246697396808291,0.5246697396808291,120,60
702,24,True,False,False,lower_bound,0.6185026940254509,1.0280114920422911,120,61
702,24,True,False,False,midpoint,0.6185026940254509,0.9851134114656147,120,62
702,24,True,False,False,midpoint_with_inhaler,0.6185026940254509,0.9851134114656147,120,63
702,24,True,False,False,upper_bound,0.6185026940254509,0.9465566255399348,120,64
702,24,True,False,False,upper_bound_with_inhaler,0.6185026940254509,0.9465566255399348,120,65
702,24,True,False,True,one_hot,0.5246697396808291,0.5246697396808291,120,66
702,24,True,False,True,lower_bound,0.6185026940254509,1.0280114920422911,120,67
702,24,True,False,True,midpoint,0.6185026940254509,0.9851134114656147,120,68
702,24,True,False,True,midpoint_with_inhaler,0.6185026940254509,0.9851134114656147,120,69
702,24,True,False,True,upper_bound,0.6185026940254509,0.9465566255399348,120,70
702,24,True,False,True,upper_bound_with_inhaler,0.6185026940254509,0.9465566255399348,120,71
702,36,False,False,False,one_hot,0.46435757647835374,0.46435757647835374,120,72
702,36,False,False,False,lower_bound,0.6284974451329356,1.3876298914144387,120,73
702,36,False,False,False,midpoint,0.6284974451329356,1.296711146292738,120,74
702,36,False,False,False,midpoint_with_inhaler,0.6284974451329356,1.296711146292738,120,75
702,36,False,False,False,upper_bound,0.6284974451329356,1.2154174392964843,120,76
702,36,False,False,False,upper_bound_with_inhaler,0.6284974451329356,1.2154174392964843,120,77
702,36,False,False,True,one_hot,0.46435757647835374,0.46435757647835374,120,78
702,36,False,False,True,lower_bound,0.6284974451329356,1.3876298914144387,120,79
702,36,False,False,True,midpoint,0.6284974451329356,1.296711146292738,120,80
702,36,False,False,True,midpoint_with_inhaler,0.6284974451329356,1.296711146292738,120,81
702,36,False,False,True,upper_bound,0.6284974451329356,1.2154174392964843,120,82
702,36,False,False,True,upper_bound_with_inhaler,0.6284974451329356,1.2154174392964843,120,83
702,36,True,False,False,one_hot,0.25610816302320477,0.25610816302320477,120,84
702,36,True,False,False,lower_bound,0.34681195622024374,0.6761646924682624,120,85
702,36,True,False,False,midpoint,0.34681195622024374,0.6173441133137471,120,86
702,36,True,False,False,midpoint_with_inhaler,0.34681195622024374,0.6173441133137471,120,87
702,36,True,False,False,upper_bound,0.34681195622024374,0.5719566193346254,120,88
702,36,True,False,False,upper_bound_with_inhaler,0.34681195622024374,0.5719566193346254,120,89
702,36,True,False,True,one_hot,0.25610816302320477,0.25610816302320477,120,90
702,36,True,False,True,lower_bound,0.34681195622024374,0.6761646924682624,120,91
702,36,True,False,True,midpoint,0.34681195622024374,0.6173441133137471,120,92
702,36,True,False,True,midpoint_with_inhaler,0.34681195622024374,0.6173441133137471,120,93
702,36,True,False,True,upper_bound,0.34681195622024374,0.5719566193346254,120,94
702,36,True,False,True,upper_bound_with_inhaler,0.34681195622024374,0.5719566193346254,120,95
702,48,False,False,False,one_hot,0.35748538200547253,0.3574853820054725,120,96
702,48,False,False,False,lower_bound,0.5577208600359841,1.239233787382017,120,97
702,48,False,False,False,midpoint,0.5577208600359841,1.1693294733040176,120,98
702,48,False,False,False,midpoint_with_inhaler,0.5577208600359841,1.1693294733040176,120,99
702,48,False,False,False,upper_bound,0.5577208600359841,1.1071776067654724,120,100
702,48,False,False,False,upper_bound_with_inhaler,0.5577208600359841,1.1071776067654724,120,101
702,48,False,False,True,one_hot,0.35748538200547253,0.3574853820054725,120,102
702,48,False,False,True,lower_bound,0.5577208600359841,1.239233787382017,120,103
702,48,False,False,True,midpoint,0.5577208600359841,1.1693294733040176,120,104
702,48,False,False,True,midpoint_with_inhaler,0.5577208600359841,1.1693294733040176,120,105
702,48,False,False,True,upper_bound,0.5577208600359841,1.1071776067654724,120,106
702,48,False,False,True,upper_bound_with_inhaler,0.5577208600359841,1.1071776067654724,120,107
702,48,False,True,False,one_hot,0.08727240759117165,0.08727240759117164,120,108
702,48,False,True,False,lower_bound,0.16967059365224496,0.45651163921434196,120,109
702,48,False,True,False,midpoint,0.16967059365224496,0.40025792674232946,120,110
702,48,False,True,False,midpoint_with_inhaler,0.16967059365224496,0.40025792674232946,120,111
702,48,False,True,False,upper_bound,0.16967059365224496,0.35872661540454415,120,112
702,48,False,True,False,upper_bound_with_inhaler,0.16967059365224496,0.35872661540454415,120,113
702,48,False,True,True,one_hot,0.08727240759117165,0.08727240759117164,120,114
702,48,False,True,True,lower_bound,0.16967059365224496,0.45651163921434196,120,115
702,48,False,True,True,midpoint,0.16967059365224496,0.40025792674232946,120,116
702,48,False,True,True,midpoint_with_inhaler,0.16967059365224496,0.40025792674232946,120,117
702,48,False,True,True,upper_bound,0.16967059365224496,0.35872661540454415,120,118
702,48,False,True,True,upper_bound_with_inhaler,0.16967059365224496,0.35872661540454415,120,119
702,48,True,False,False,one_hot,0.31344648856915774,0.31344648856915774,120,120
702,48,True,False,False,lower_bound,0.3719536006586217,0.5825099315047588,120,121
702,48,True,False,False,midpoint,0.3719536006586217,0.5520379020507353,120,122
702,48,True,False,False,midpoint_with_inhaler,0.3719536006586217,0.5520379020507353,120,123
702,48,True,False,False,upper_bound,0.3719536006586217,0.5265770873515315,120,124
702,48,True,False,False,upper_bound_with_inhaler,0.3719536006586217,0.5265770873515315,120,125
702,48,True,False,True,one_hot,0.31344648856915774,0.31344648856915774,120,126
702,48,True,False,True,lower_bound,0.3719536006586217,0.5825099315047588,120,127
702,48,True,False,True,midpoint,0.3719536006586217,0.5520379020507353,120,128
702,48,True,False,True,midpoint_with_inhaler,0.3719536006586217,0.5520379020507353,120,129
702,48,True,False,True,upper_bound,0.3719536006586217,0.5265770873515315,120,130
702,48,True,False,True,upper_bound_with_inhaler,0.3719536006586217,0.5265770873515315,120,131
917,12,False,False,False,one_hot,0.3274501502372585,0.32745015023725854,9,0
917,12,False,False,False,lower_bound,0.904862192003037,1.337613857851402,9,1
917,12,False,False,False,midpoint,0.904862192003037,1.192773319462246,9,2
917,12,False,False,False,midpoint_with_inhaler,0.904862192003037,1.192773319462246,9,3
917,12,False,False,False,upper_bound,0.904862192003037,1.0924256739874498,9,4
917,12,False,False,False,upper_bound_with_inhaler,0.904862192003037,1.0924256739874498,9,5
917,12,False,False,True,one_hot,0.3274501502372585,0.32745015023725854,9,6
917,12,False,False,True,lower_bound,0.904862192003037,1.337613857851402,9,7
917,12,False,False,True,midpoint,0.904862192003037,1.192773319462246,9,8
917,12,False,False,True,midpoint_with_inhaler,0.904862192003037,1.192773319462246,9,9
917,12,False,False,True,upper_bound,0.904862192003037,1.0924256739874498,9,10
917,12,False,False,True,upper_bound_with_inhaler,0.904862192003037,1.0924256739874498,9,11
917,12,False,True,False,one_hot,0.4180480042601457,0.4180480042601458,9,12
917,12,False,True,False,lower_bound,0.9580390108302954,1.260935823675454,9,13
917,12,False,True,False,midpoint,0.9580390108302954,1.2256250484883378,9,14
917,12,False,True,False,midpoint_with_inhaler,0.9580390108302954,1.2844533112129621,9,15
917,12,False,True,False,upper_bound,0.9580390108302954,1.1460615216319663,9,16
917,12,False,True,False,upper_bound_with_inhaler,0.9580390108302954,1.2400285182889565,9,17
917,12,False,True,True,one_hot,0.4180480042601457,0.4180480042601458,9,18
917,12,False,True,True,lower_bound,0.9580390108302954,1.260935823675454,9,19
917,12,False,True,True,midpoint,0.9580390108302954,1.2256250484883378,9,20
917,12,False,True,True,midpoint_with_inhaler,0.9580390108302954,1.2844533112129621,9,21
917,12,False,True,True,upper_bound,0.9580390108302954,1.1460615216319663,9,22
917,12,False,True,True,upper_bound_with_inhaler,0.9580390108302954,1.2400285182889565,9,23
917,12,True,False,False,one_hot,,,9,24
917,12,True,False,False,lower_bound,0.9265979431031744,1.252049664848488,9,25
917,12,True,False,False,midpoint,0.9265979431031744,1.109787140896535,9,26
917,12,True,False,False,midpoint_with_inhaler,0.9265979431031744,1.109787140896535,9,27
917,12,True,False,False,upper_bound,0.9265979431031744,1.0028059606151234,9,28
917,12,True,False,False,upper_bound_with_inhaler,0.9265979431031744,1.0028059606151234,9,29
917,12,True,False,True,one_hot,,,9,30
917,12,True,False,True,lower_bound,0.9265979431031744,1.252049664848488,9,31
917,12,True,False,True,midpoint,0.9265979431031744,1.109787140896535,9,32
917,12,True,False,True,midpoint_with_inhaler,0.9265979431031744,1.109787140896535,9,33
917,12,True,False,True,upper_bound,0.9265979431031744,1.0028059606151234,9,34
917,12,True,False,True,upper_bound_with_inhaler,0.9265979431031744,1.0028059606151234,9,35
917,24,False,False,False,one_hot,0.05983272786942109,0.05983272786942103,9,36
917,24,False,False,False,lower_bound,0.7005393843739567,1.060275425881298,9,37
917,24,False,False,False,midpoint,0.7005393843739567,0.9218210674934283,9,38
917,24,False,False,False,midpoint_with_inhaler,0.7005393843739567,1.0027135240364389,9,39
917,24,False,False,False,upper_bound,0.7005393843739567,0.7972561311087123,9,40
917,24,False,False,False,upper_bound_with_inhaler,0.7005393843739567,0.8898717810244196,9,41
917,24,False,False,True,one_hot,0.05983272786942109,0.05983272786942103,9,42
917,24,False,False,True,lower_bound,0.7005393843739567,1.060275425881298,9,43
917,24,False,False,True,midpoint,0.7005393843739567,0.9218210674934283,9,44
917,24,False,False,True,midpoint_with_inhaler,0.7005393843739567,1.0027135240364389,9,45
917,24,False,False,True,upper_bound,0.7005393843739567,0.7972561311087123,9,46
917,24,False,False,True,upper_bound_with_inhaler,0.7005393843739567,0.8898717810244196,9,47
917,24,False,True,False,one_hot,,,9,48
917,24,False,True,False,lower_bound,0.5336380768677991,0.5641274055937708,9,49
917,24,False,True,False,midpoint,0.5336380768677991,0.5171798201818336,9,50
917,24,False,True,False,midpoint_with_inhaler,0.5336380768677991,0.5171798201818336,9,51
917,24,False,True,False,upper_bound,0.5336380768677991,0.4773368576905544,9,52
917,24,False,True,False,upper_bound_with_inhaler,0.5336380768677991,0.4773368576905544,9,53
917,24,False,True,True,one_hot,,,9,54
917,24,False,True,True,lower_bound,0.5336380768677991,0.5641274055937708,9,55
917,24,False,True,True,midpoint,0.5336380768677991,0.5171798201818336,9,56
917,24,False,True,True,midpoint_with_inhaler,0.5336380768677991,0.5171798201818336,9,57
917,24,False,True,True,upper_bound,0.5336380768677991,0.4773368576905544,9,58
917,24,False,True,True,upper_bound_with_inhaler,0.5336380768677991,0.4773368576905544,9,59
917,24,True,False,False,one_hot,0.05983272786942109,0.05983272786942103,9,60
917,24,True,False,False,lower_bound,0.7005393843739567,1.060275425881298,9,61
917,24,True,False,False,midpoint,0.7005393843739567,0.9218210674934283,9,62
917,24,True,False,False,midpoint_with_inhaler,0.7005393843739567,1.0027135240364389,9,63
917,24,True,False,False,upper_bound,0.7005393843739567,0.7972561311087123,9,64
917,24,True,False,False,upper_bound_with_inhaler,0.7005393843739567,0.8898717810244196,9,65
917,24,True,False,True,one_hot,0.05983272786942109,0.05983272786942103,9,66
917,24,True,False,True,lower_bound,0.7005393843739567,1.060275425881298,9,67
917,24,True,False,True,midpoint,0.7005393843739567,0.9218210674934283,9,68
917,24,True,False,True,midpoint_with_inhaler,0.7005393843739567,1.0027135240364389,9,69
917,24,True,False,True,upper_bound,0.7005393843739567,0.7972561311087123,9,70
917,24,True,False,True,upper_bound_with_inhaler,0.7005393843739567,0.8898717810244196,9,71
917,36,False,False,False,one_hot,,,9,72
917,36,False,False,False,lower_bound,0.7919762214662607,1.002548342740902,9,73
917,36,False,False,False,midpoint,0.7919762214662607,0.8615037583627658,9,74
917,36,False,False,False,midpoint_with_inhaler,0.7919762214662607,1.0309268861713923,9,75
917,36,False,False,False,upper_bound,0.7439139612191691,0.7316202119486948,9,76
917,36,False,False,False,upper_bound_with_inhaler,0.7919762214662607,1.031881882545104,9,77
917,36,False,False,True,one_hot,,,9,78
917,36,False,False,True,lower_bound,0.7919762214662607,1.002548342740902,9,79
917,36,False,False,True,midpoint,0.7919762214662607,0.8615037583627658,9,80
917,36,False,False,True,midpoint_with_inhaler,0.7919762214662607,1.0309268861713923,9,81
917,36,False,False,True,upper_bound,0.7439139612191691,0.7316202119486948,9,82
917,36,False,False,True,upper_bound_with_inhaler,0.7919762214662607,1.031881882545104,9,83
917,36,True,False,False,one_hot,0.4180480042601457,0.4180480042601458,9,84
917,36,True,False,False,lower_bound,0.691674425445067,0.6684352866044297,9,85
917,36,True,False,False,midpoint,0.691674425445067,0.6806892323706073,9,86
917,36,True,False,False,midpoint_with_inhaler,0.691674425445067,0.6806892323706073,9,87
917,36,True,False,False,upper_bound,0.691674425445067,0.6867872660356752,9,88
917,36,True,False,False,upper_bound_with_inhaler,0.691674425445067,0.6867872660356752,9,89
917,36,True,False,True,one_hot,0.4180480042601457,0.4180480042601458,9,90
917,36,True,False,True,lower_bound,0.691674425445067,0.6684352866044297,9,91
917,36,True,False,True,midpoint,0.691674425445067,0.6806892323706073,9,92
917,36,True,False,True,midpoint_with_inhaler,0.691674425445067,0.6806892323706073,9,93
917,36,True,False,True,upper_bound,0.691674425445067,0.6867872660356752,9,94
917,36,True,False,True,upper_bound_with_inhaler,0.691674425445067,0.6867872660356752,9,95
917,48,False,False,False,one_hot,,,9,96
917,48,False,False,False,lower_bound,0.6736542095567841,0.8156142186818001,9,97
917,48,False,False,False,midpoint,0.6736542095567841,0.8048562784280386,9,98
917,48,False,False,False,midpoint_with_inhaler,0.6736542095567841,0.8010144072990405,9,99
917,48,False,False,False,upper_bound,0.7448649741840663,0.78673057841354,9,100
917,48,False,False,False,upper_bound_with_inhaler,0.6736542095567841,0.7660353118829816,9,101
917,48,False,False,True,one_hot,,,9,102
917,48,False,False,True,lower_bound,0.6736542095567841,0.8156142186818001,9,103
917,48,False,False,True,midpoint,0.6736542095567841,0.8048562784280386,9,104
917,48,False,False,True,midpoint_with_inhaler,0.6736542095567841,0.8010144072990405,9,105
917,48,False,False,True,upper_bound,0.7448649741840663,0.78673057841354,9,106
917,48,False,False,True,upper_bound_with_inhaler,0.6736542095567841,0.7660353118829816,9,107
917,48,False,True,False,one_hot,-0.32745015023725854,-0.32745015023725854,9,108
917,48,False,True,False,lower_bound,0.21530418116506272,0.3563384622853026,9,109
917,48,False,True,False,midpoint,0.21530418116506272,0.34360698861999006,9,110
917,48,False,True,False,midpoint_with_inhaler,0.21530418116506272,0.34360698861999006,9,111
917,48,False,True,False,upper_bound,0.21530418116506272,0.32861126193070306,9,112
917,48,False,True,False,upper_bound_with_inhaler,0.21530418116506272,0.32861126193070306,9,113
917,48,False,True,True,one_hot,-0.32745015023725854,-0.32745015023725854,9,114
917,48,False,True,True,lower_bound,0.21530418116506272,0.3563384622853026,9,115
917,48,False,True,True,midpoint,0.21530418116506272,0.34360698861999006,9,116
917,48,False,True,True,midpoint_with_inhaler,0.21530418116506272,0.34360698861999006,9,117
917,48,False,True,True,upper_bound,0.21530418116506272,0.32861126193070306,9,118
917,48,False,True,True,upper_bound_with_inhaler,0.21530418116506272,0.32861126193070306,9,119
917,48,True,False,False,one_hot,,,9,120
917,48,True,False,False,lower_bound,-0.06367148885643094,0.08291467063459726,9,121
917,48,True,False,False,midpoint,-0.06367148885643094,0.04186879655393378,9,122
917,48,True,False,False,midpoint_with_inhaler,-0.06367148885643094,0.04186879655393378,9,123
917,48,True,False,False,upper_bound,-0.06367148885643094,0.00965864295448714,9,124
917,48,True,False,False,upper_bound_with_inhaler,-0.06367148885643094,0.00965864295448714,9,125
917,48,True,False,True,one_hot,,,9,126
917,48,True,False,True,lower_bound,-0.06367148885643094,0.08291467063459726,9,127
917,48,True,False,True,midpoint,-0.06367148885643094,0.04186879655393378,9,128
917,48,True,False,True,midpoint_with_inhaler,-0.06367148885643094,0.04186879655393378,9,129
917,48,True,False,True,upper_bound,-0.06367148885643094,0.00965864295448714,9,130
917,48,True,False,True,upper_bound_with_inhaler,-0.06367148885643094,0.00965864295448714,9,131
939,12,False,False,False,one_hot,-0.06858784354261896,-0.06858784354261896,158,0
939,12,False,False,False,lower_bound,0.2650394564836354,0.2881762469993657,158,1
939,12,False,False,False,midpoint,0.2650394564836354,0.25686856017017806,158,2
939,12,False,False,False,midpoint_with_inhaler,0.2650394564836354,0.25686856017017806,158,3
939,12,False,False,False,upper_bound,0.2650394564836354,0.2268217474177837,158,4
939,12,False,False,False,upper_bound_with_inhaler,0.2650394564836354,0.2268217474177837,158,5
939,12,False,False,True,one_hot,-0.06858784354261896,-0.06858784354261896,158,6
939,12,False,False,True,lower_bound,0.2650394564836354,0.2881762469993657,158,7
939,12,False,False,True,midpoint,0.2650394564836354,0.25686856017017806,158,8
939,12,False,False,True,midpoint_with_inhaler,0.2650394564836354,0.25686856017017806,158,9
939,12,False,False,True,upper_bound,0.2650394564836354,0.2268217474177837,158,10
939,12,False,False,True,upper_bound_with_inhaler,0.2650394564836354,0.2268217474177837,158,11
939,12,False,True,False,one_hot,,,158,12
939,12,False,True,False,lower_bound,0.30820995928697087,0.4188759221140131,158,13
939,12,False,True,False,midpoint,0.30820995928697087,0.3933982891424983,158,14
939,12,False,True,False,midpoint_with_inhaler,0.30820995928697087,0.3933982891424983,158,15
939,12,False,True,False,upper_bound,0.30820995928697087,0.36414103878044457,158,16
939,12,False,True,False,upper_bound_with_inhaler,0.30820995928697087,0.36414103878044457,158,17
939,12,False,True,True,one_hot,,,158,18
939,12,False,True,True,lower_bound,0.30820995928697087,0.4188759221140131,158,19
939,12,False,True,True,midpoint,0.30820995928697087,0.3933982891424983,158,20
939,12,False,True,True,midpoint_with_inhaler,0.30820995928697087,0.3933982891424983,158,21
939,12,False,True,True,upper_bound,0.30820995928697087,0.36414103878044457,158,22
939,12,False,True,True,upper_bound_with_inhaler,0.30820995928697087,0.36414103878044457,158,23
939,12,True,False,False,one_hot,,,158,24
939,12,True,False,False,lower_bound,0.29395905029909536,0.397119830595139,158,25
939,12,True,False,False,midpoint,0.29395905029909536,0.3599586976398348,158,26
939,12,True,False,False,midpoint_with_inhaler,0.29395905029909536,0.3599586976398348,158,27
939,12,True,False,False,upper_bound,0.29395905029909536,0.3249999197194246,158,28
939,12,True,False,False,upper_bound_with_inhaler,0.29395905029909536,0.3249999197194246,158,29
939,12,True,False,True,one_hot,,,158,30
939,12,True,False,True,lower_bound,0.29395905029909536,0.397119830595139,158,31
939,12,True,False,True,midpoint,0.29395905029909536,0.3599586976398348,158,32
939,12,True,False,True,midpoint_with_inhaler,0.29395905029909536,0.3599586976398348,158,33
939,12,True,False,True,upper_bound,0.29395905029909536,0.3249999197194246,158,34
939,12,True,False,True,upper_bound_with_inhaler,0.29395905029909536,0.3249999197194246,158,35
939,24,False,False,False,one_hot,,,158,36
939,24,False,False,False,lower_bound,0.41678335406008926,0.4803546933758646,158,37
939,24,False,False,False,midpoint,0.41678335406008926,0.46398093893700976,158,38
939,24,False,False,False,midpoint_with_inhaler,0.41678335406008926,0.46398093893700976,158,39
939,24,False,False,False,upper_bound,0.41678335406008926,0.44586708471043174,158,40
939,24,False,False,False,upper_bound_with_inhaler,0.41678335406008926,0.44586708471043174,158,41
939,24,False,False,True,one_hot,,,158,42
939,24,False,False,True,lower_bound,0.41678335406008926,0.4803546933758646,158,43
939,24,False,False,True,midpoint,0.41678335406008926,0.46398093893700976,158,44
939,24,False,False,True,midpoint_with_inhaler,0.41678335406008926,0.46398093893700976,158,45
939,24,False,False,True,upper_bound,0.41678335406008926,0.44586708471043174,158,46
939,24,False,False,True,upper_bound_with_inhaler,0.41678335406008926,0.44586708471043174,158,47
939,24,False,True,False,one_hot,,,158,48
939,24,False,True,False,lower_bound,0.4155873896874888,0.5053189323305713,158,49
939,24,False,True,False,midpoint,0.4155873896874888,0.5210055228048852,158,50
939,24,False,True,False,midpoint_with_inhaler,0.4155873896874888,0.5210055228048852,158,51
939,24,False,True,False,upper_bound,0.4155873896874888,0.5196624895292149,158,52
939,24,False,True,False,upper_bound_with_inhaler,0.4155873896874888,0.5196624895292149,158,53
939,24,False,True,True,one_hot,,,158,54
939,24,False,True,True,lower_bound,0.4155873896874888,0.5053189323305713,158,55
939,24,False,True,True,midpoint,0.4155873896874888,0.5210055228048852,158,56
939,24,False,True,True,midpoint_with_inhaler,0.4155873896874888,0.5210055228048852,158,57
939,24,False,True,True,upper_bound,0.4155873896874888,0.5196624895292149,158,58
939,24,False,True,True,upper_bound_with_inhaler,0.4155873896874888,0.5196624895292149,158,59
939,24,True,False,False,one_hot,,,158,60
939,24,True,False,False,lower_bound,0.41678335406008926,0.4803546933758646,158,61
939,24,True,False,False,midpoint,0.41678335406008926,0.46398093893700976,158,62
939,24,True,False,False,midpoint_with_inhaler,0.41678335406008926,0.46398093893700976,158,63
939,24,True,False,False,upper_bound,0.41678335406008926,0.44586708471043174,158,64
939,24,True,False,False,upper_bound_with_inhaler,0.41678335406008926,0.44586708471043174,158,65
939,24,True,False,True,one_hot,,,158,66
939,24,True,False,True,lower_bound,0.41678335406008926,0.4803546933758646,158,67
939,24,True,False,True,midpoint,0.41678335406008926,0.46398093893700976,158,68
939,24,True,False,True,midpoint_with_inhaler,0.41678335406008926,0.46398093893700976,158,69
939,24,True,False,True,upper_bound,0.41678335406008926,0.44586708471043174,158,70
939,24,True,False,True,upper_bound_with_inhaler,0.41678335406008926,0.44586708471043174,158,71
939,36,False,False,False,one_hot,,,158,72
939,36,False,False,False,lower_bound,0.3828273316622157,0.48379403104203356,158,73
939,36,False,False,False,midpoint,0.3828273316622157,0.43898852702512886,158,74
939,36,False,False,False,midpoint_with_inhaler,0.3828273316622157,0.43898852702512886,158,75
939,36,False,False,False,upper_bound,0.3828273316622157,0.4036174687627334,158,76
939,36,False,False,False,upper_bound_with_inhaler,0.3828273316622157,0.4036174687627334,158,77
939,36,False,False,True,one_hot,,,158,78
939,36,False,False,True,lower_bound,0.3828273316622157,0.48379403104203356,158,79
939,36,False,False,True,midpoint,0.3828273316622157,0.43898852702512886,158,80
939,36,False,False,True,midpoint_with_inhaler,0.3828273316622157,0.43898852702512886,158,81
939,36,False,False,True,upper_bound,0.3828273316622157,0.4036174687627334,158,82
939,36,False,False,True,upper_bound_with_inhaler,0.3828273316622157,0.4036174687627334,158,83
939,36,True,False,False,one_hot,,,158,84
939,36,True,False,False,lower_bound,0.5040780945919682,0.6225004793303834,158,85
939,36,True,False,False,midpoint,0.5040780945919682,0.6508160519879278,158,86
939,36,True,False,False,midpoint_with_inhaler,0.5040780945919682,0.6508160519879278,158,87
939,36,True,False,False,upper_bound,0.5040780945919682,0.6543295509172079,158,88
939,36,True,False,False,upper_bound_with_inhaler,0.5040780945919682,0.6543295509172079,158,89
939,36,True,False,True,one_hot,,,158,90
939,36,True,False,True,lower_bound,0.5040780945919682,0.6225004793303834,158,91
939,36,True,False,True,midpoint,0.5040780945919682,0.6508160519879278,158,92
939,36,True,False,True,midpoint_with_inhaler,0.5040780945919682,0.6508160519879278,158,93
939,36,True,False,True,upper_bound,0.5040780945919682,0.6543295509172079,158,94
939,36,True,False,True,upper_bound_with_inhaler,0.5040780945919682,0.6543295509172079,158,95
939,48,False,False,False,one_hot,,,158,96
939,48,False,False,False,lower_bound,0.377053753408967,0.4931175031132951,158,97
939,48,False,False,False,midpoint,0.377053753408967,0.41337353820750206,158,98
939,48,False,False,False,midpoint_with_inhaler,0.377053753408967,0.43349789822888835,158,99
939,48,False,False,False,upper_bound,0.34831493473139125,0.34965440202970927,158,100
939,48,False,False,False,upper_bound_with_inhaler,0.377053753408967,0.41322480010036355,158,101
939,48,False,False,True,one_hot,,,158,102
939,48,False,False,True,lower_bound,0.377053753408967,0.4931175031132951,158,103
939,48,False,False,True,midpoint,0.377053753408967,0.41337353820750206,158,104
939,48,False,False,True,midpoint_with_inhaler,0.377053753408967,0.43349789822888835,158,105
939,48,False,False,True,upper_bound,0.34831493473139125,0.34965440202970927,158,106
939,48,False,False,True,upper_bound_with_inhaler,0.377053753408967,0.41322480010036355,158,107
939,48,False,True,False,one_hot,,,158,108
939,48,False,True,False,lower_bound,0.25107096475763674,0.35986887120192984,158,109
939,48,False,True,False,midpoint,0.25107096475763674,0.3354848286053723,158,110
939,48,False,True,False,midpoint_with_inhaler,0.25107096475763674,0.3354848286053723,158,111
939,48,False,True,False,upper_bound,0.25107096475763674,0.3102042100332565,158,112
939,48,False,True,False,upper_bound_with_inhaler,0.25107096475763674,0.3102042100332565,158,113
939,48,False,True,True,one_hot,,,158,114
939,48,False,True,True,lower_bound,0.25107096475763674,0.35986887120192984,158,115
939,48,False,True,True,midpoint,0.25107096475763674,0.3354848286053723,158,116
939,48,False,True,True,midpoint_with_inhaler,0.25107096475763674,0.3354848286053723,158,117
939,48,False,True,True,upper_bound,0.25107096475763674,0.3102042100332565,158,118
939,48,False,True,True,upper_bound_with_inhaler,0.25107096475763674,0.3102042100332565,158,119
939,48,True,False,False,one_hot,,,158,120
939,48,True,False,False,lower_bound,0.13886853488260628,0.22349617463953408,158,121
939,48,True,False,False,midpoint,0.13886853488260628,0.19254257976379607,158,122
939,48,True,False,False,midpoint_with_inhaler,0.13886853488260628,0.19254257976379607,158,123
939,48,True,False,False,upper_bound,0.13886853488260628,0.16782366254925177,158,124
939,48,True,False,False,upper_bound_with_inhaler,0.13886853488260628,0.16782366254925177,158,125
939,48,True,False,True,one_hot,,,158,126
939,48,True,False,True,lower_bound,0.13886853488260628,0.22349617463953408,158,127
939,48,True,False,True,midpoint,0.13886853488260628,0.19254257976379607,158,128
939,48,True,False,True,midpoint_with_inhaler,0.13886853488260628,0.19254257976379607,158,129
939,48,True,False,True,upper_bound,0.13886853488260628,0.16782366254925177,158,130
939,48,True,False,True,upper_bound_with_inhaler,0.13886853488260628,0.16782366254925177,158,131
