user_key,timestamp_window,use_daily_max_windows,use_calendar_days,filter_out_zero_usage_entries,categorization_method,spearman_z,pearson_z,sample_size,config_idx
113,12,False,False,False,one_hot,0.091062436310966,0.091062436310966,158,0
113,12,False,False,False,lower_bound,0.27715398382268436,0.4374203754962932,158,1
113,12,False,False,False,midpoint,0.27715398382268436,0.41898874929010227,158,2
113,12,False,False,False,midpoint_with_inhaler,0.27715398382268436,0.41898874929010227,158,3
113,12,False,False,False,upper_bound,0.2771368320026229,0.3956261720543791,158,4
113,12,False,False,False,upper_bound_with_inhaler,0.2771368320026229,0.3956261720543791,158,5
113,12,False,False,True,one_hot,0.091062436310966,0.091062436310966,158,6
113,12,False,False,True,lower_bound,0.27715398382268436,0.4374203754962932,158,7
113,12,False,False,True,midpoint,0.27715398382268436,0.41898874929010227,158,8
113,12,False,False,True,midpoint_with_inhaler,0.27715398382268436,0.41898874929010227,158,9
113,12,False,False,True,upper_bound,0.2771368320026229,0.3956261720543791,158,10
113,12,False,False,True,upper_bound_with_inhaler,0.2771368320026229,0.3956261720543791,158,11
113,12,False,True,False,one_hot,0.19893927306393794,0.19893927306393794,158,12
113,12,False,True,False,lower_bound,0.3458716753762429,0.3714994506695861,158,13
113,12,False,True,False,midpoint,0.3458716753762429,0.3770783130025979,158,14
113,12,False,True,False,midpoint_with_inhaler,0.3458716753762429,0.3770783130025979,158,15
113,12,False,True,False,upper_bound,0.3462413050593981,0.3722062246069021,158,16
113,12,False,True,False,upper_bound_with_inhaler,0.3462413050593981,0.3722062246069021,158,17
113,12,False,True,True,one_hot,0.19893927306393794,0.19893927306393794,158,18
113,12,False,True,True,lower_bound,0.3458716753762429,0.3714994506695861,158,19
113,12,False,True,True,midpoint,0.3458716753762429,0.3770783130025979,158,20
113,12,False,True,True,midpoint_with_inhaler,0.3458716753762429,0.3770783130025979,158,21
113,12,False,True,True,upper_bound,0.3462413050593981,0.3722062246069021,158,22
113,12,False,True,True,upper_bound_with_inhaler,0.3462413050593981,0.3722062246069021,158,23
113,12,True,False,False,one_hot,0.2803885310935361,0.28038853109353606,158,24
113,12,True,False,False,lower_bound,0.3909058463429179,0.39926936384241896,158,25
113,12,True,False,False,midpoint,0.3909058463429179,0.4035940478433071,158,26
113,12,True,False,False,midpoint_with_inhaler,0.3909058463429179,0.4035940478433071,158,27
113,12,True,False,False,upper_bound,0.3901208987095212,0.39948841963952814,158,28
113,12,True,False,False,upper_bound_with_inhaler,0.3901208987095212,0.39948841963952814,158,29
113,12,True,False,True,one_hot,0.2803885310935361,0.28038853109353606,158,30
113,12,True,False,True,lower_bound,0.3909058463429179,0.39926936384241896,158,31
113,12,True,False,True,midpoint,0.3909058463429179,0.4035940478433071,158,32
113,12,True,False,True,midpoint_with_inhaler,0.3909058463429179,0.4035940478433071,158,33
113,12,True,False,True,upper_bound,0.3901208987095212,0.39948841963952814,158,34
113,12,True,False,True,upper_bound_with_inhaler,0.3901208987095212,0.39948841963952814,158,35
113,24,False,False,False,one_hot,0.180516391332062,0.1805163913320619,158,36
113,24,False,False,False,lower_bound,0.43668695168441,0.49707959774461924,158,37
113,24,False,False,False,midpoint,0.43668695168441,0.48585842007639585,158,38
113,24,False,False,False,midpoint_with_inhaler,0.43668695168441,0.48585842007639585,158,39
113,24,False,False,False,upper_bound,0.4365885299089634,0.4613672651683886,158,40
113,24,False,False,False,upper_bound_with_inhaler,0.4365885299089634,0.4613672651683886,158,41
113,24,False,False,True,one_hot,0.180516391332062,0.1805163913320619,158,42
113,24,False,False,True,lower_bound,0.43668695168441,0.49707959774461924,158,43
113,24,False,False,True,midpoint,0.43668695168441,0.48585842007639585,158,44
113,24,False,False,True,midpoint_with_inhaler,0.43668695168441,0.48585842007639585,158,45
113,24,False,False,True,upper_bound,0.4365885299089634,0.4613672651683886,158,46
113,24,False,False,True,upper_bound_with_inhaler,0.4365885299089634,0.4613672651683886,158,47
113,24,False,True,False,one_hot,-0.027076228158642173,-0.027076228158642135,158,48
113,24,False,True,False,lower_bound,0.1531645916687441,0.31480321672848005,158,49
113,24,False,True,False,midpoint,0.1531645916687441,0.29267524360497643,158,50
113,24,False,True,False,midpoint_with_inhaler,0.1531645916687441,0.29267524360497643,158,51
113,24,False,True,False,upper_bound,0.15274134838792147,0.27134725273182325,158,52
113,24,False,True,False,upper_bound_with_inhaler,0.15274134838792147,0.27134725273182325,158,53
113,24,False,True,True,one_hot,-0.027076228158642173,-0.027076228158642135,158,54
113,24,False,True,True,lower_bound,0.1531645916687441,0.31480321672848005,158,55
113,24,False,True,True,midpoint,0.1531645916687441,0.29267524360497643,158,56
113,24,False,True,True,midpoint_with_inhaler,0.1531645916687441,0.29267524360497643,158,57
113,24,False,True,True,upper_bound,0.15274134838792147,0.27134725273182325,158,58
113,24,False,True,True,upper_bound_with_inhaler,0.15274134838792147,0.27134725273182325,158,59
113,24,True,False,False,one_hot,0.180516391332062,0.1805163913320619,158,60
113,24,True,False,False,lower_bound,0.43668695168441,0.49707959774461924,158,61
113,24,True,False,False,midpoint,0.43668695168441,0.48585842007639585,158,62
113,24,True,False,False,midpoint_with_inhaler,0.43668695168441,0.48585842007639585,158,63
113,24,True,False,False,upper_bound,0.4365885299089634,0.4613672651683886,158,64
113,24,True,False,False,upper_bound_with_inhaler,0.4365885299089634,0.4613672651683886,158,65
113,24,True,False,True,one_hot,0.180516391332062,0.1805163913320619,158,66
113,24,True,False,True,lower_bound,0.43668695168441,0.49707959774461924,158,67
113,24,True,False,True,midpoint,0.43668695168441,0.48585842007639585,158,68
113,24,True,False,True,midpoint_with_inhaler,0.43668695168441,0.48585842007639585,158,69
113,24,True,False,True,upper_bound,0.4365885299089634,0.4613672651683886,158,70
113,24,True,False,True,upper_bound_with_inhaler,0.4365885299089634,0.4613672651683886,158,71
113,36,False,False,False,one_hot,0.21732158752891054,0.21732158752891043,158,72
113,36,False,False,False,lower_bound,0.4464060511436262,0.4692411480305282,158,73
113,36,False,False,False,midpoint,0.4464060511436262,0.4829236053713446,158,74
113,36,False,False,False,midpoint_with_inhaler,0.4464060511436262,0.48119367664267093,158,75
113,36,False,False,False,upper_bound,0.4458989520155346,0.47465472591207597,158,76
113,36,False,False,False,upper_bound_with_inhaler,0.4464060511436262,0.4780392974889506,158,77
113,36,False,False,True,one_hot,0.21732158752891054,0.21732158752891043,158,78
113,36,False,False,True,lower_bound,0.4464060511436262,0.4692411480305282,158,79
113,36,False,False,True,midpoint,0.4464060511436262,0.4829236053713446,158,80
113,36,False,False,True,midpoint_with_inhaler,0.4464060511436262,0.48119367664267093,158,81
113,36,False,False,True,upper_bound,0.4458989520155346,0.47465472591207597,158,82
113,36,False,False,True,upper_bound_with_inhaler,0.4464060511436262,0.4780392974889506,158,83
113,36,True,False,False,one_hot,0.25928063270842666,0.2592806327084265,158,84
113,36,True,False,False,lower_bound,0.3198283587434559,0.3731362087371964,158,85
113,36,True,False,False,midpoint,0.3198283587434559,0.3602696366561083,158,86
113,36,True,False,False,midpoint_with_inhaler,0.3198283587434559,0.3602696366561083,158,87
113,36,True,False,False,upper_bound,0.31945037667477216,0.3455958954533486,158,88
113,36,True,False,False,upper_bound_with_inhaler,0.31945037667477216,0.3455958954533486,158,89
113,36,True,False,True,one_hot,0.25928063270842666,0.2592806327084265,158,90
113,36,True,False,True,lower_bound,0.3198283587434559,0.3731362087371964,158,91
113,36,True,False,True,midpoint,0.3198283587434559,0.3602696366561083,158,92
113,36,True,False,True,midpoint_with_inhaler,0.3198283587434559,0.3602696366561083,158,93
113,36,True,False,True,upper_bound,0.31945037667477216,0.3455958954533486,158,94
113,36,True,False,True,upper_bound_with_inhaler,0.31945037667477216,0.3455958954533486,158,95
113,48,False,False,False,one_hot,0.2113533087363615,0.21135330873636152,158,96
113,48,False,False,False,lower_bound,0.31781887166706463,0.36358975159503015,158,97
113,48,False,False,False,midpoint,0.31781887166706463,0.3798863609789372,158,98
113,48,False,False,False,midpoint_with_inhaler,0.31781887166706463,0.3790467902900457,158,99
113,48,False,False,False,upper_bound,0.3172287810548527,0.38133911883498534,158,100
113,48,False,False,False,upper_bound_with_inhaler,0.31781887166706463,0.3871836558685055,158,101
113,48,False,False,True,one_hot,0.2113533087363615,0.21135330873636152,158,102
113,48,False,False,True,lower_bound,0.31781887166706463,0.36358975159503015,158,103
113,48,False,False,True,midpoint,0.31781887166706463,0.3798863609789372,158,104
113,48,False,False,True,midpoint_with_inhaler,0.31781887166706463,0.3790467902900457,158,105
113,48,False,False,True,upper_bound,0.3172287810548527,0.38133911883498534,158,106
113,48,False,False,True,upper_bound_with_inhaler,0.31781887166706463,0.3871836558685055,158,107
113,48,False,True,False,one_hot,0.14219420541222472,0.14219420541222466,158,108
113,48,False,True,False,lower_bound,0.10028200212940387,0.024944038107506613,158,109
113,48,False,True,False,midpoint,0.10028200212940387,0.04698894865730481,158,110
113,48,False,True,False,midpoint_with_inhaler,0.10028200212940387,0.04698894865730481,158,111
113,48,False,True,False,upper_bound,0.10028422973127937,0.06223470167096778,158,112
113,48,False,True,False,upper_bound_with_inhaler,0.10028422973127937,0.06223470167096778,158,113
113,48,False,True,True,one_hot,0.14219420541222472,0.14219420541222466,158,114
113,48,False,True,True,lower_bound,0.10028200212940387,0.024944038107506613,158,115
113,48,False,True,True,midpoint,0.10028200212940387,0.04698894865730481,158,116
113,48,False,True,True,midpoint_with_inhaler,0.10028200212940387,0.04698894865730481,158,117
113,48,False,True,True,upper_bound,0.10028422973127937,0.06223470167096778,158,118
113,48,False,True,True,upper_bound_with_inhaler,0.10028422973127937,0.06223470167096778,158,119
113,48,True,False,False,one_hot,0.11945111699852949,0.11945111699852957,158,120
113,48,True,False,False,lower_bound,0.18071571634860908,0.14786189295853605,158,121
113,48,True,False,False,midpoint,0.18071571634860908,0.17416334046415702,158,122
113,48,True,False,False,midpoint_with_inhaler,0.18071571634860908,0.17416334046415702,158,123
113,48,True,False,False,upper_bound,0.1805756890028239,0.189835748900488,158,124
113,48,True,False,False,upper_bound_with_inhaler,0.1805756890028239,0.189835748900488,158,125
113,48,True,False,True,one_hot,0.11945111699852949,0.11945111699852957,158,126
113,48,True,False,True,lower_bound,0.18071571634860908,0.14786189295853605,158,127
113,48,True,False,True,midpoint,0.18071571634860908,0.17416334046415702,158,128
113,48,True,False,True,midpoint_with_inhaler,0.18071571634860908,0.17416334046415702,158,129
113,48,True,False,True,upper_bound,0.1805756890028239,0.189835748900488,158,130
113,48,True,False,True,upper_bound_with_inhaler,0.1805756890028239,0.189835748900488,158,131
190,12,False,False,False,one_hot,0.27327185318403485,0.273271853184035,19,0
190,12,False,False,False,lower_bound,0.27327185318403485,0.273271853184035,19,1
190,12,False,False,False,midpoint,0.27327185318403485,0.27327185318403485,19,2
190,12,False,False,False,midpoint_with_inhaler,0.27327185318403485,0.27327185318403485,19,3
190,12,False,False,False,upper_bound,0.27327185318403485,0.273271853184035,19,4
190,12,False,False,False,upper_bound_with_inhaler,0.27327185318403485,0.273271853184035,19,5
190,12,False,False,True,one_hot,0.27327185318403485,0.273271853184035,19,6
190,12,False,False,True,lower_bound,0.27327185318403485,0.273271853184035,19,7
190,12,False,False,True,midpoint,0.27327185318403485,0.27327185318403485,19,8
190,12,False,False,True,midpoint_with_inhaler,0.27327185318403485,0.27327185318403485,19,9
190,12,False,False,True,upper_bound,0.27327185318403485,0.273271853184035,19,10
190,12,False,False,True,upper_bound_with_inhaler,0.27327185318403485,0.273271853184035,19,11
190,12,False,True,False,one_hot,0.03582105708309528,0.03582105708309532,19,12
190,12,False,True,False,lower_bound,0.03582105708309528,0.03582105708309532,19,13
190,12,False,True,False,midpoint,0.03582105708309528,0.035821057083095256,19,14
190,12,False,True,False,midpoint_with_inhaler,0.03582105708309528,0.035821057083095256,19,15
190,12,False,True,False,upper_bound,0.03582105708309528,0.03582105708309532,19,16
190,12,False,True,False,upper_bound_with_inhaler,0.03582105708309528,0.03582105708309532,19,17
190,12,False,True,True,one_hot,0.03582105708309528,0.03582105708309532,19,18
190,12,False,True,True,lower_bound,0.03582105708309528,0.03582105708309532,19,19
190,12,False,True,True,midpoint,0.03582105708309528,0.035821057083095256,19,20
190,12,False,True,True,midpoint_with_inhaler,0.03582105708309528,0.035821057083095256,19,21
190,12,False,True,True,upper_bound,0.03582105708309528,0.03582105708309532,19,22
190,12,False,True,True,upper_bound_with_inhaler,0.03582105708309528,0.03582105708309532,19,23
190,12,True,False,False,one_hot,-0.12232259118600065,-0.12232259118600074,19,24
190,12,True,False,False,lower_bound,-0.12232259118600065,-0.12232259118600074,19,25
190,12,True,False,False,midpoint,-0.12232259118600065,-0.12232259118600065,19,26
190,12,True,False,False,midpoint_with_inhaler,-0.12232259118600065,-0.12232259118600065,19,27
190,12,True,False,False,upper_bound,-0.12232259118600065,-0.12232259118600074,19,28
190,12,True,False,False,upper_bound_with_inhaler,-0.12232259118600065,-0.12232259118600074,19,29
190,12,True,False,True,one_hot,-0.12232259118600065,-0.12232259118600074,19,30
190,12,True,False,True,lower_bound,-0.12232259118600065,-0.12232259118600074,19,31
190,12,True,False,True,midpoint,-0.12232259118600065,-0.12232259118600065,19,32
190,12,True,False,True,midpoint_with_inhaler,-0.12232259118600065,-0.12232259118600065,19,33
190,12,True,False,True,upper_bound,-0.12232259118600065,-0.12232259118600074,19,34
190,12,True,False,True,upper_bound_with_inhaler,-0.12232259118600065,-0.12232259118600074,19,35
190,24,False,False,False,one_hot,0.8392969986870468,0.8392969986870465,19,36
190,24,False,False,False,lower_bound,0.8392969986870468,0.8392969986870465,19,37
190,24,False,False,False,midpoint,0.8392969986870468,0.8392969986870461,19,38
190,24,False,False,False,midpoint_with_inhaler,0.8392969986870468,0.8392969986870461,19,39
190,24,False,False,False,upper_bound,0.8392969986870468,0.8392969986870465,19,40
190,24,False,False,False,upper_bound_with_inhaler,0.8392969986870468,0.8392969986870465,19,41
190,24,False,False,True,one_hot,0.8392969986870468,0.8392969986870465,19,42
190,24,False,False,True,lower_bound,0.8392969986870468,0.8392969986870465,19,43
190,24,False,False,True,midpoint,0.8392969986870468,0.8392969986870461,19,44
190,24,False,False,True,midpoint_with_inhaler,0.8392969986870468,0.8392969986870461,19,45
190,24,False,False,True,upper_bound,0.8392969986870468,0.8392969986870465,19,46
190,24,False,False,True,upper_bound_with_inhaler,0.8392969986870468,0.8392969986870465,19,47
190,24,False,True,False,one_hot,0.41246454071714395,0.41246454071714395,19,48
190,24,False,True,False,lower_bound,0.41246454071714395,0.41246454071714395,19,49
190,24,False,True,False,midpoint,0.41246454071714395,0.41246454071714395,19,50
190,24,False,True,False,midpoint_with_inhaler,0.41246454071714395,0.41246454071714395,19,51
190,24,False,True,False,upper_bound,0.41246454071714395,0.41246454071714395,19,52
190,24,False,True,False,upper_bound_with_inhaler,0.41246454071714395,0.41246454071714395,19,53
190,24,False,True,True,one_hot,0.41246454071714395,0.41246454071714395,19,54
190,24,False,True,True,lower_bound,0.41246454071714395,0.41246454071714395,19,55
190,24,False,True,True,midpoint,0.41246454071714395,0.41246454071714395,19,56
190,24,False,True,True,midpoint_with_inhaler,0.41246454071714395,0.41246454071714395,19,57
190,24,False,True,True,upper_bound,0.41246454071714395,0.41246454071714395,19,58
190,24,False,True,True,upper_bound_with_inhaler,0.41246454071714395,0.41246454071714395,19,59
190,24,True,False,False,one_hot,0.8392969986870468,0.8392969986870465,19,60
190,24,True,False,False,lower_bound,0.8392969986870468,0.8392969986870465,19,61
190,24,True,False,False,midpoint,0.8392969986870468,0.8392969986870461,19,62
190,24,True,False,False,midpoint_with_inhaler,0.8392969986870468,0.8392969986870461,19,63
190,24,True,False,False,upper_bound,0.8392969986870468,0.8392969986870465,19,64
190,24,True,False,False,upper_bound_with_inhaler,0.8392969986870468,0.8392969986870465,19,65
190,24,True,False,True,one_hot,0.8392969986870468,0.8392969986870465,19,66
190,24,True,False,True,lower_bound,0.8392969986870468,0.8392969986870465,19,67
190,24,True,False,True,midpoint,0.8392969986870468,0.8392969986870461,19,68
190,24,True,False,True,midpoint_with_inhaler,0.8392969986870468,0.8392969986870461,19,69
190,24,True,False,True,upper_bound,0.8392969986870468,0.8392969986870465,19,70
190,24,True,False,True,upper_bound_with_inhaler,0.8392969986870468,0.8392969986870465,19,71
190,36,False,False,False,one_hot,0.4927994134700757,0.4927994134700757,19,72
190,36,False,False,False,lower_bound,0.4927994134700757,0.4927994134700757,19,73
190,36,False,False,False,midpoint,0.4927994134700757,0.4927994134700757,19,74
190,36,False,False,False,midpoint_with_inhaler,0.4927994134700757,0.4927994134700757,19,75
190,36,False,False,False,upper_bound,0.4927994134700757,0.4927994134700757,19,76
190,36,False,False,False,upper_bound_with_inhaler,0.4927994134700757,0.4927994134700757,19,77
190,36,False,False,True,one_hot,0.4927994134700757,0.4927994134700757,19,78
190,36,False,False,True,lower_bound,0.4927994134700757,0.4927994134700757,19,79
190,36,False,False,True,midpoint,0.4927994134700757,0.4927994134700757,19,80
190,36,False,False,True,midpoint_with_inhaler,0.4927994134700757,0.4927994134700757,19,81
190,36,False,False,True,upper_bound,0.4927994134700757,0.4927994134700757,19,82
190,36,False,False,True,upper_bound_with_inhaler,0.4927994134700757,0.4927994134700757,19,83
190,36,True,False,False,one_hot,0.5125631881238468,0.5125631881238468,19,84
190,36,True,False,False,lower_bound,0.5125631881238468,0.5125631881238468,19,85
190,36,True,False,False,midpoint,0.5125631881238468,0.5125631881238467,19,86
190,36,True,False,False,midpoint_with_inhaler,0.5125631881238468,0.5125631881238467,19,87
190,36,True,False,False,upper_bound,0.5125631881238468,0.5125631881238468,19,88
190,36,True,False,False,upper_bound_with_inhaler,0.5125631881238468,0.5125631881238468,19,89
190,36,True,False,True,one_hot,0.5125631881238468,0.5125631881238468,19,90
190,36,True,False,True,lower_bound,0.5125631881238468,0.5125631881238468,19,91
190,36,True,False,True,midpoint,0.5125631881238468,0.5125631881238467,19,92
190,36,True,False,True,midpoint_with_inhaler,0.5125631881238468,0.5125631881238467,19,93
190,36,True,False,True,upper_bound,0.5125631881238468,0.5125631881238468,19,94
190,36,True,False,True,upper_bound_with_inhaler,0.5125631881238468,0.5125631881238468,19,95
190,48,False,False,False,one_hot,0.6102897852195368,0.6102897852195368,19,96
190,48,False,False,False,lower_bound,0.673575346712851,0.590907926626352,19,97
190,48,False,False,False,midpoint,0.673575346712851,0.6424587845013655,19,98
190,48,False,False,False,midpoint_with_inhaler,0.673575346712851,0.6424587845013655,19,99
190,48,False,False,False,upper_bound,0.673575346712851,0.6668771635237156,19,100
190,48,False,False,False,upper_bound_with_inhaler,0.673575346712851,0.6668771635237156,19,101
190,48,False,False,True,one_hot,0.6102897852195368,0.6102897852195368,19,102
190,48,False,False,True,lower_bound,0.673575346712851,0.590907926626352,19,103
190,48,False,False,True,midpoint,0.673575346712851,0.6424587845013655,19,104
190,48,False,False,True,midpoint_with_inhaler,0.673575346712851,0.6424587845013655,19,105
190,48,False,False,True,upper_bound,0.673575346712851,0.6668771635237156,19,106
190,48,False,False,True,upper_bound_with_inhaler,0.673575346712851,0.6668771635237156,19,107
190,48,False,True,False,one_hot,0.03582105708309529,0.03582105708309534,19,108
190,48,False,True,False,lower_bound,0.03582105708309529,0.03582105708309534,19,109
190,48,False,True,False,midpoint,0.03582105708309529,0.035821057083095256,19,110
190,48,False,True,False,midpoint_with_inhaler,0.03582105708309529,0.035821057083095256,19,111
190,48,False,True,False,upper_bound,0.03582105708309529,0.03582105708309534,19,112
190,48,False,True,False,upper_bound_with_inhaler,0.03582105708309529,0.03582105708309534,19,113
190,48,False,True,True,one_hot,0.03582105708309529,0.03582105708309534,19,114
190,48,False,True,True,lower_bound,0.03582105708309529,0.03582105708309534,19,115
190,48,False,True,True,midpoint,0.03582105708309529,0.035821057083095256,19,116
190,48,False,True,True,midpoint_with_inhaler,0.03582105708309529,0.035821057083095256,19,117
190,48,False,True,True,upper_bound,0.03582105708309529,0.03582105708309534,19,118
190,48,False,True,True,upper_bound_with_inhaler,0.03582105708309529,0.03582105708309534,19,119
190,48,True,False,False,one_hot,0.027223275822367915,0.027223275822367887,19,120
190,48,True,False,False,lower_bound,-0.07517213400367803,-0.15724591749037117,19,121
190,48,True,False,False,midpoint,-0.07517213400367803,-0.11845305509475179,19,122
190,48,True,False,False,midpoint_with_inhaler,-0.07517213400367803,-0.11845305509475179,19,123
190,48,True,False,False,upper_bound,-0.07517213400367803,-0.09118446186567017,19,124
190,48,True,False,False,upper_bound_with_inhaler,-0.07517213400367803,-0.09118446186567017,19,125
190,48,True,False,True,one_hot,0.027223275822367915,0.027223275822367887,19,126
190,48,True,False,True,lower_bound,-0.07517213400367803,-0.15724591749037117,19,127
190,48,True,False,True,midpoint,-0.07517213400367803,-0.11845305509475179,19,128
190,48,True,False,True,midpoint_with_inhaler,-0.07517213400367803,-0.11845305509475179,19,129
190,48,True,False,True,upper_bound,-0.07517213400367803,-0.09118446186567017,19,130
190,48,True,False,True,upper_bound_with_inhaler,-0.07517213400367803,-0.09118446186567017,19,131
294,12,False,False,False,one_hot,0.22172352335154563,0.22172352335154563,173,0
294,12,False,False,False,lower_bound,0.30901836145175404,0.32572917137859186,173,1
294,12,False,False,False,midpoint,0.30901836145175404,0.3332177169043733,173,2
294,12,False,False,False,midpoint_with_inhaler,0.30901836145175404,0.3332177169043733,173,3
294,12,False,False,False,upper_bound,0.30901836145175404,0.33410365432911865,173,4
294,12,False,False,False,upper_bound_with_inhaler,0.30901836145175404,0.33410365432911865,173,5
294,12,False,False,True,one_hot,0.22172352335154563,0.22172352335154563,173,6
294,12,False,False,True,lower_bound,0.30901836145175404,0.32572917137859186,173,7
294,12,False,False,True,midpoint,0.30901836145175404,0.3332177169043733,173,8
294,12,False,False,True,midpoint_with_inhaler,0.30901836145175404,0.3332177169043733,173,9
294,12,False,False,True,upper_bound,0.30901836145175404,0.33410365432911865,173,10
294,12,False,False,True,upper_bound_with_inhaler,0.30901836145175404,0.33410365432911865,173,11
294,12,False,True,False,one_hot,,,173,12
294,12,False,True,False,lower_bound,0.5206436597980213,0.469085704794558,173,13
294,12,False,True,False,midpoint,0.5206436597980213,0.49626219250389864,173,14
294,12,False,True,False,midpoint_with_inhaler,0.5206436597980213,0.49626219250389864,173,15
294,12,False,True,False,upper_bound,0.5206436597980213,0.5079523249919224,173,16
294,12,False,True,False,upper_bound_with_inhaler,0.5206436597980213,0.5079523249919224,173,17
294,12,False,True,True,one_hot,,,173,18
294,12,False,True,True,lower_bound,0.5206436597980213,0.469085704794558,173,19
294,12,False,True,True,midpoint,0.5206436597980213,0.49626219250389864,173,20
294,12,False,True,True,midpoint_with_inhaler,0.5206436597980213,0.49626219250389864,173,21
294,12,False,True,True,upper_bound,0.5206436597980213,0.5079523249919224,173,22
294,12,False,True,True,upper_bound_with_inhaler,0.5206436597980213,0.5079523249919224,173,23
294,12,True,False,False,one_hot,,,173,24
294,12,True,False,False,lower_bound,0.4797079826183074,0.41201166658306326,173,25
294,12,True,False,False,midpoint,0.4797079826183074,0.45262901963425134,173,26
294,12,True,False,False,midpoint_with_inhaler,0.4797079826183074,0.45227266841977043,173,27
294,12,True,False,False,upper_bound,0.47875713166533557,0.473497249840277,173,28
294,12,True,False,False,upper_bound_with_inhaler,0.4797079826183074,0.4732635574250196,173,29
294,12,True,False,True,one_hot,,,173,30
294,12,True,False,True,lower_bound,0.4797079826183074,0.41201166658306326,173,31
294,12,True,False,True,midpoint,0.4797079826183074,0.45262901963425134,173,32
294,12,True,False,True,midpoint_with_inhaler,0.4797079826183074,0.45227266841977043,173,33
294,12,True,False,True,upper_bound,0.47875713166533557,0.473497249840277,173,34
294,12,True,False,True,upper_bound_with_inhaler,0.4797079826183074,0.4732635574250196,173,35
294,24,False,False,False,one_hot,,,173,36
294,24,False,False,False,lower_bound,0.6228402207770974,0.6047685460209038,173,37
294,24,False,False,False,midpoint,0.6228402207770974,0.6106681788571604,173,38
294,24,False,False,False,midpoint_with_inhaler,0.6228402207770974,0.614435573280603,173,39
294,24,False,False,False,upper_bound,0.6189756985937785,0.5992955263646438,173,40
294,24,False,False,False,upper_bound_with_inhaler,0.6228402207770974,0.609542390336958,173,41
294,24,False,False,True,one_hot,,,173,42
294,24,False,False,True,lower_bound,0.6228402207770974,0.6047685460209038,173,43
294,24,False,False,True,midpoint,0.6228402207770974,0.6106681788571604,173,44
294,24,False,False,True,midpoint_with_inhaler,0.6228402207770974,0.614435573280603,173,45
294,24,False,False,True,upper_bound,0.6189756985937785,0.5992955263646438,173,46
294,24,False,False,True,upper_bound_with_inhaler,0.6228402207770974,0.609542390336958,173,47
294,24,False,True,False,one_hot,,,173,48
294,24,False,True,False,lower_bound,0.49293791177748336,0.4618640096510587,173,49
294,24,False,True,False,midpoint,0.49293791177748336,0.48229409246833155,173,50
294,24,False,True,False,midpoint_with_inhaler,0.49293791177748336,0.48229409246833155,173,51
294,24,False,True,False,upper_bound,0.49293791177748336,0.49159791581529066,173,52
294,24,False,True,False,upper_bound_with_inhaler,0.49293791177748336,0.49159791581529066,173,53
294,24,False,True,True,one_hot,,,173,54
294,24,False,True,True,lower_bound,0.49293791177748336,0.4618640096510587,173,55
294,24,False,True,True,midpoint,0.49293791177748336,0.48229409246833155,173,56
294,24,False,True,True,midpoint_with_inhaler,0.49293791177748336,0.48229409246833155,173,57
294,24,False,True,True,upper_bound,0.49293791177748336,0.49159791581529066,173,58
294,24,False,True,True,upper_bound_with_inhaler,0.49293791177748336,0.49159791581529066,173,59
294,24,True,False,False,one_hot,,,173,60
294,24,True,False,False,lower_bound,0.6228402207770974,0.6047685460209038,173,61
294,24,True,False,False,midpoint,0.6228402207770974,0.6106681788571604,173,62
294,24,True,False,False,midpoint_with_inhaler,0.6228402207770974,0.614435573280603,173,63
294,24,True,False,False,upper_bound,0.6189756985937785,0.5992955263646438,173,64
294,24,True,False,False,upper_bound_with_inhaler,0.6228402207770974,0.609542390336958,173,65
294,24,True,False,True,one_hot,,,173,66
294,24,True,False,True,lower_bound,0.6228402207770974,0.6047685460209038,173,67
294,24,True,False,True,midpoint,0.6228402207770974,0.6106681788571604,173,68
294,24,True,False,True,midpoint_with_inhaler,0.6228402207770974,0.614435573280603,173,69
294,24,True,False,True,upper_bound,0.6189756985937785,0.5992955263646438,173,70
294,24,True,False,True,upper_bound_with_inhaler,0.6228402207770974,0.609542390336958,173,71
294,36,False,False,False,one_hot,,,173,72
294,36,False,False,False,lower_bound,0.5027975775639439,0.499706198212838,173,73
294,36,False,False,False,midpoint,0.5027975775639439,0.5066498557196113,173,74
294,36,False,False,False,midpoint_with_inhaler,0.5027975775639439,0.5181730685266701,173,75
294,36,False,False,False,upper_bound,0.46019117694448003,0.4906358981740682,173,76
294,36,False,False,False,upper_bound_with_inhaler,0.5027975775639439,0.5097839868908751,173,77
294,36,False,False,True,one_hot,,,173,78
294,36,False,False,True,lower_bound,0.5027975775639439,0.499706198212838,173,79
294,36,False,False,True,midpoint,0.5027975775639439,0.5066498557196113,173,80
294,36,False,False,True,midpoint_with_inhaler,0.5027975775639439,0.5181730685266701,173,81
294,36,False,False,True,upper_bound,0.46019117694448003,0.4906358981740682,173,82
294,36,False,False,True,upper_bound_with_inhaler,0.5027975775639439,0.5097839868908751,173,83
294,36,True,False,False,one_hot,,,173,84
294,36,True,False,False,lower_bound,0.43242514220846834,0.41700620844541936,173,85
294,36,True,False,False,midpoint,0.43242514220846834,0.42948574190417327,173,86
294,36,True,False,False,midpoint_with_inhaler,0.43242514220846834,0.43157143737010506,173,87
294,36,True,False,False,upper_bound,0.4297575335479367,0.43571154420247904,173,88
294,36,True,False,False,upper_bound_with_inhaler,0.43242514220846834,0.4425831381248136,173,89
294,36,True,False,True,one_hot,,,173,90
294,36,True,False,True,lower_bound,0.43242514220846834,0.41700620844541936,173,91
294,36,True,False,True,midpoint,0.43242514220846834,0.42948574190417327,173,92
294,36,True,False,True,midpoint_with_inhaler,0.43242514220846834,0.43157143737010506,173,93
294,36,True,False,True,upper_bound,0.4297575335479367,0.43571154420247904,173,94
294,36,True,False,True,upper_bound_with_inhaler,0.43242514220846834,0.4425831381248136,173,95
294,48,False,False,False,one_hot,,,173,96
294,48,False,False,False,lower_bound,0.7219399709555444,0.699796339862266,173,97
294,48,False,False,False,midpoint,0.7219399709555444,0.6768697389907364,173,98
294,48,False,False,False,midpoint_with_inhaler,0.7219399709555444,0.7166725868180028,173,99
294,48,False,False,False,upper_bound,0.6303983517058281,0.5941952866510555,173,100
294,48,False,False,False,upper_bound_with_inhaler,0.7219399709555444,0.690156126169793,173,101
294,48,False,False,True,one_hot,,,173,102
294,48,False,False,True,lower_bound,0.7219399709555444,0.699796339862266,173,103
294,48,False,False,True,midpoint,0.7219399709555444,0.6768697389907364,173,104
294,48,False,False,True,midpoint_with_inhaler,0.7219399709555444,0.7166725868180028,173,105
294,48,False,False,True,upper_bound,0.6303983517058281,0.5941952866510555,173,106
294,48,False,False,True,upper_bound_with_inhaler,0.7219399709555444,0.690156126169793,173,107
294,48,False,True,False,one_hot,,,173,108
294,48,False,True,False,lower_bound,0.3488475327146832,0.35474214000619525,173,109
294,48,False,True,False,midpoint,0.3488475327146832,0.35942189378765543,173,110
294,48,False,True,False,midpoint_with_inhaler,0.3488475327146832,0.35942189378765543,173,111
294,48,False,True,False,upper_bound,0.3488475327146832,0.3568575387361839,173,112
294,48,False,True,False,upper_bound_with_inhaler,0.3488475327146832,0.3568575387361839,173,113
294,48,False,True,True,one_hot,,,173,114
294,48,False,True,True,lower_bound,0.3488475327146832,0.35474214000619525,173,115
294,48,False,True,True,midpoint,0.3488475327146832,0.35942189378765543,173,116
294,48,False,True,True,midpoint_with_inhaler,0.3488475327146832,0.35942189378765543,173,117
294,48,False,True,True,upper_bound,0.3488475327146832,0.3568575387361839,173,118
294,48,False,True,True,upper_bound_with_inhaler,0.3488475327146832,0.3568575387361839,173,119
294,48,True,False,False,one_hot,,,173,120
294,48,True,False,False,lower_bound,0.40874218225944964,0.3773429564195415,173,121
294,48,True,False,False,midpoint,0.40874218225944964,0.4047579124013149,173,122
294,48,True,False,False,midpoint_with_inhaler,0.40874218225944964,0.4022022337917899,173,123
294,48,True,False,False,upper_bound,0.4077760548429983,0.41188336215972066,173,124
294,48,True,False,False,upper_bound_with_inhaler,0.40874218225944964,0.41241164365273375,173,125
294,48,True,False,True,one_hot,,,173,126
294,48,True,False,True,lower_bound,0.40874218225944964,0.3773429564195415,173,127
294,48,True,False,True,midpoint,0.40874218225944964,0.4047579124013149,173,128
294,48,True,False,True,midpoint_with_inhaler,0.40874218225944964,0.4022022337917899,173,129
294,48,True,False,True,upper_bound,0.4077760548429983,0.41188336215972066,173,130
294,48,True,False,True,upper_bound_with_inhaler,0.40874218225944964,0.41241164365273375,173,131
328,12,False,False,False,one_hot,0.4678194397177004,0.46781943971770057,17,0
328,12,False,False,False,lower_bound,0.4071367486065829,0.10916362267706378,17,1
328,12,False,False,False,midpoint,0.4071367486065829,0.13815190612589662,17,2
328,12,False,False,False,midpoint_with_inhaler,0.4071367486065829,0.13815190612589662,17,3
328,12,False,False,False,upper_bound,0.4071367486065829,0.15566111481842884,17,4
328,12,False,False,False,upper_bound_with_inhaler,0.4071367486065829,0.15566111481842884,17,5
328,12,False,False,True,one_hot,0.4678194397177004,0.46781943971770057,17,6
328,12,False,False,True,lower_bound,0.4071367486065829,0.10916362267706378,17,7
328,12,False,False,True,midpoint,0.4071367486065829,0.13815190612589662,17,8
328,12,False,False,True,midpoint_with_inhaler,0.4071367486065829,0.13815190612589662,17,9
328,12,False,False,True,upper_bound,0.4071367486065829,0.15566111481842884,17,10
328,12,False,False,True,upper_bound_with_inhaler,0.4071367486065829,0.15566111481842884,17,11
328,12,False,True,False,one_hot,0.2053880046330666,0.2053880046330666,17,12
328,12,False,True,False,lower_bound,0.14098160902456724,0.0,17,13
328,12,False,True,False,midpoint,0.14098160902456724,0.015202496684727037,17,14
328,12,False,True,False,midpoint_with_inhaler,0.14098160902456724,0.015202496684727037,17,15
328,12,False,True,False,upper_bound,0.14098160902456724,0.02462327339873151,17,16
328,12,False,True,False,upper_bound_with_inhaler,0.14098160902456724,0.02462327339873151,17,17
328,12,False,True,True,one_hot,0.2053880046330666,0.2053880046330666,17,18
328,12,False,True,True,lower_bound,0.14098160902456724,0.0,17,19
328,12,False,True,True,midpoint,0.14098160902456724,0.015202496684727037,17,20
328,12,False,True,True,midpoint_with_inhaler,0.14098160902456724,0.015202496684727037,17,21
328,12,False,True,True,upper_bound,0.14098160902456724,0.02462327339873151,17,22
328,12,False,True,True,upper_bound_with_inhaler,0.14098160902456724,0.02462327339873151,17,23
328,12,True,False,False,one_hot,0.17066884146429792,0.17066884146429792,17,24
328,12,True,False,False,lower_bound,0.04645133122921934,-0.05610664763324888,17,25
328,12,True,False,False,midpoint,0.04645133122921934,-0.03723850545448854,17,26
328,12,True,False,False,midpoint_with_inhaler,0.04645133122921934,-0.03723850545448854,17,27
328,12,True,False,False,upper_bound,0.04645133122921934,-0.02462327339873151,17,28
328,12,True,False,False,upper_bound_with_inhaler,0.04645133122921934,-0.02462327339873151,17,29
328,12,True,False,True,one_hot,0.17066884146429792,0.17066884146429792,17,30
328,12,True,False,True,lower_bound,0.04645133122921934,-0.05610664763324888,17,31
328,12,True,False,True,midpoint,0.04645133122921934,-0.03723850545448854,17,32
328,12,True,False,True,midpoint_with_inhaler,0.04645133122921934,-0.03723850545448854,17,33
328,12,True,False,True,upper_bound,0.04645133122921934,-0.02462327339873151,17,34
328,12,True,False,True,upper_bound_with_inhaler,0.04645133122921934,-0.02462327339873151,17,35
328,24,False,False,False,one_hot,0.2053880046330666,0.2053880046330666,17,36
328,24,False,False,False,lower_bound,0.1409816090245673,3.469446951953614e-18,17,37
328,24,False,False,False,midpoint,0.1409816090245673,0.01520249668472705,17,38
328,24,False,False,False,midpoint_with_inhaler,0.1409816090245673,0.01520249668472705,17,39
328,24,False,False,False,upper_bound,0.1409816090245673,0.024623273398731518,17,40
328,24,False,False,False,upper_bound_with_inhaler,0.1409816090245673,0.024623273398731518,17,41
328,24,False,False,True,one_hot,0.2053880046330666,0.2053880046330666,17,42
328,24,False,False,True,lower_bound,0.1409816090245673,3.469446951953614e-18,17,43
328,24,False,False,True,midpoint,0.1409816090245673,0.01520249668472705,17,44
328,24,False,False,True,midpoint_with_inhaler,0.1409816090245673,0.01520249668472705,17,45
328,24,False,False,True,upper_bound,0.1409816090245673,0.024623273398731518,17,46
328,24,False,False,True,upper_bound_with_inhaler,0.1409816090245673,0.024623273398731518,17,47
328,24,False,True,False,one_hot,0.2053880046330666,0.20538800463306664,17,48
328,24,False,True,False,lower_bound,0.14098160902456724,0.06364998906580174,17,49
328,24,False,True,False,midpoint,0.14098160902456724,0.10236836385334498,17,50
328,24,False,True,False,midpoint_with_inhaler,0.14098160902456724,0.10236836385334498,17,51
328,24,False,True,False,upper_bound,0.14098160902456724,0.1263238577100874,17,52
328,24,False,True,False,upper_bound_with_inhaler,0.14098160902456724,0.1263238577100874,17,53
328,24,False,True,True,one_hot,0.2053880046330666,0.20538800463306664,17,54
328,24,False,True,True,lower_bound,0.14098160902456724,0.06364998906580174,17,55
328,24,False,True,True,midpoint,0.14098160902456724,0.10236836385334498,17,56
328,24,False,True,True,midpoint_with_inhaler,0.14098160902456724,0.10236836385334498,17,57
328,24,False,True,True,upper_bound,0.14098160902456724,0.1263238577100874,17,58
328,24,False,True,True,upper_bound_with_inhaler,0.14098160902456724,0.1263238577100874,17,59
328,24,True,False,False,one_hot,0.2053880046330666,0.2053880046330666,17,60
328,24,True,False,False,lower_bound,0.1409816090245673,3.469446951953614e-18,17,61
328,24,True,False,False,midpoint,0.1409816090245673,0.01520249668472705,17,62
328,24,True,False,False,midpoint_with_inhaler,0.1409816090245673,0.01520249668472705,17,63
328,24,True,False,False,upper_bound,0.1409816090245673,0.024623273398731518,17,64
328,24,True,False,False,upper_bound_with_inhaler,0.1409816090245673,0.024623273398731518,17,65
328,24,True,False,True,one_hot,0.2053880046330666,0.2053880046330666,17,66
328,24,True,False,True,lower_bound,0.1409816090245673,3.469446951953614e-18,17,67
328,24,True,False,True,midpoint,0.1409816090245673,0.01520249668472705,17,68
328,24,True,False,True,midpoint_with_inhaler,0.1409816090245673,0.01520249668472705,17,69
328,24,True,False,True,upper_bound,0.1409816090245673,0.024623273398731518,17,70
328,24,True,False,True,upper_bound_with_inhaler,0.1409816090245673,0.024623273398731518,17,71
328,36,False,False,False,one_hot,0.17066884146429798,0.17066884146429792,17,72
328,36,False,False,False,lower_bound,0.1009348554794364,-0.02035173257197865,17,73
328,36,False,False,False,midpoint,0.1009348554794364,-0.007860543813804593,17,74
328,36,False,False,False,midpoint_with_inhaler,0.1009348554794364,-0.007860543813804593,17,75
328,36,False,False,False,upper_bound,0.1009348554794364,6.938893903907228e-18,17,76
328,36,False,False,False,upper_bound_with_inhaler,0.1009348554794364,6.938893903907228e-18,17,77
328,36,False,False,True,one_hot,0.17066884146429798,0.17066884146429792,17,78
328,36,False,False,True,lower_bound,0.1009348554794364,-0.02035173257197865,17,79
328,36,False,False,True,midpoint,0.1009348554794364,-0.007860543813804593,17,80
328,36,False,False,True,midpoint_with_inhaler,0.1009348554794364,-0.007860543813804593,17,81
328,36,False,False,True,upper_bound,0.1009348554794364,6.938893903907228e-18,17,82
328,36,False,False,True,upper_bound_with_inhaler,0.1009348554794364,6.938893903907228e-18,17,83
328,36,True,False,False,one_hot,0.2053880046330666,0.2053880046330666,17,84
328,36,True,False,False,lower_bound,0.08825849209131824,0.0,17,85
328,36,True,False,False,midpoint,0.08825849209131824,0.04328606017348298,17,86
328,36,True,False,False,midpoint_with_inhaler,0.08825849209131824,0.04328606017348298,17,87
328,36,True,False,False,upper_bound,0.08825849209131824,0.07390537518759716,17,88
328,36,True,False,False,upper_bound_with_inhaler,0.08825849209131824,0.07390537518759716,17,89
328,36,True,False,True,one_hot,0.2053880046330666,0.2053880046330666,17,90
328,36,True,False,True,lower_bound,0.08825849209131824,0.0,17,91
328,36,True,False,True,midpoint,0.08825849209131824,0.04328606017348298,17,92
328,36,True,False,True,midpoint_with_inhaler,0.08825849209131824,0.04328606017348298,17,93
328,36,True,False,True,upper_bound,0.08825849209131824,0.07390537518759716,17,94
328,36,True,False,True,upper_bound_with_inhaler,0.08825849209131824,0.07390537518759716,17,95
328,48,False,False,False,one_hot,0.09154194364805601,0.09154194364805601,17,96
328,48,False,False,False,lower_bound,-0.14016459097773865,-0.16334351149245638,17,97
328,48,False,False,False,midpoint,-0.14016459097773865,-0.14542925351488625,17,98
328,48,False,False,False,midpoint_with_inhaler,-0.14016459097773865,-0.14542925351488625,17,99
328,48,False,False,False,upper_bound,-0.14016459097773865,-0.13115705581403655,17,100
328,48,False,False,False,upper_bound_with_inhaler,-0.14016459097773865,-0.13115705581403655,17,101
328,48,False,False,True,one_hot,0.09154194364805601,0.09154194364805601,17,102
328,48,False,False,True,lower_bound,-0.14016459097773865,-0.16334351149245638,17,103
328,48,False,False,True,midpoint,-0.14016459097773865,-0.14542925351488625,17,104
328,48,False,False,True,midpoint_with_inhaler,-0.14016459097773865,-0.14542925351488625,17,105
328,48,False,False,True,upper_bound,-0.14016459097773865,-0.13115705581403655,17,106
328,48,False,False,True,upper_bound_with_inhaler,-0.14016459097773865,-0.13115705581403655,17,107
328,48,False,True,False,one_hot,-0.16651366727733793,-0.16651366727733785,17,108
328,48,False,True,False,lower_bound,-0.20829668713657554,-0.20732790422783995,17,109
328,48,False,True,False,midpoint,-0.20829668713657554,-0.21026184136530068,17,110
328,48,False,True,False,midpoint_with_inhaler,-0.20829668713657554,-0.21026184136530068,17,111
328,48,False,True,False,upper_bound,-0.20829668713657554,-0.20959995706708806,17,112
328,48,False,True,False,upper_bound_with_inhaler,-0.20829668713657554,-0.20959995706708806,17,113
328,48,False,True,True,one_hot,-0.16651366727733793,-0.16651366727733785,17,114
328,48,False,True,True,lower_bound,-0.20829668713657554,-0.20732790422783995,17,115
328,48,False,True,True,midpoint,-0.20829668713657554,-0.21026184136530068,17,116
328,48,False,True,True,midpoint_with_inhaler,-0.20829668713657554,-0.21026184136530068,17,117
328,48,False,True,True,upper_bound,-0.20829668713657554,-0.20959995706708806,17,118
328,48,False,True,True,upper_bound_with_inhaler,-0.20829668713657554,-0.20959995706708806,17,119
328,48,True,False,False,one_hot,0.1341319932973397,0.1341319932973397,17,120
328,48,True,False,False,lower_bound,0.056167351379558826,0.0,17,121
328,48,True,False,False,midpoint,0.056167351379558826,0.030491443194983744,17,122
328,48,True,False,False,midpoint_with_inhaler,0.056167351379558826,0.030491443194983744,17,123
328,48,True,False,False,upper_bound,0.056167351379558826,0.05168575355769862,17,124
328,48,True,False,False,upper_bound_with_inhaler,0.056167351379558826,0.05168575355769862,17,125
328,48,True,False,True,one_hot,0.1341319932973397,0.1341319932973397,17,126
328,48,True,False,True,lower_bound,0.056167351379558826,0.0,17,127
328,48,True,False,True,midpoint,0.056167351379558826,0.030491443194983744,17,128
328,48,True,False,True,midpoint_with_inhaler,0.056167351379558826,0.030491443194983744,17,129
328,48,True,False,True,upper_bound,0.056167351379558826,0.05168575355769862,17,130
328,48,True,False,True,upper_bound_with_inhaler,0.056167351379558826,0.05168575355769862,17,131
343,12,False,False,False,one_hot,0.407158295890185,0.40715829589018504,93,0
343,12,False,False,False,lower_bound,0.407158295890185,0.40715829589018504,93,1
343,12,False,False,False,midpoint,0.407158295890185,0.407158295890185,93,2
343,12,False,False,False,midpoint_with_inhaler,0.407158295890185,0.407158295890185,93,3
343,12,False,False,False,upper_bound,0.407158295890185,0.40715829589018504,93,4
343,12,False,False,False,upper_bound_with_inhaler,0.407158295890185,0.40715829589018504,93,5
343,12,False,False,True,one_hot,0.407158295890185,0.40715829589018504,93,6
343,12,False,False,True,lower_bound,0.407158295890185,0.40715829589018504,93,7
343,12,False,False,True,midpoint,0.407158295890185,0.407158295890185,93,8
343,12,False,False,True,midpoint_with_inhaler,0.407158295890185,0.407158295890185,93,9
343,12,False,False,True,upper_bound,0.407158295890185,0.40715829589018504,93,10
343,12,False,False,True,upper_bound_with_inhaler,0.407158295890185,0.40715829589018504,93,11
343,12,False,True,False,one_hot,0.7069638949614253,0.7069638949614258,93,12
343,12,False,True,False,lower_bound,0.7069638949614253,0.7069638949614258,93,13
343,12,False,True,False,midpoint,0.7069638949614253,0.7069638949614253,93,14
343,12,False,True,False,midpoint_with_inhaler,0.7069638949614253,0.7069638949614253,93,15
343,12,False,True,False,upper_bound,0.7069638949614253,0.7069638949614258,93,16
343,12,False,True,False,upper_bound_with_inhaler,0.7069638949614253,0.7069638949614258,93,17
343,12,False,True,True,one_hot,0.7069638949614253,0.7069638949614258,93,18
343,12,False,True,True,lower_bound,0.7069638949614253,0.7069638949614258,93,19
343,12,False,True,True,midpoint,0.7069638949614253,0.7069638949614253,93,20
343,12,False,True,True,midpoint_with_inhaler,0.7069638949614253,0.7069638949614253,93,21
343,12,False,True,True,upper_bound,0.7069638949614253,0.7069638949614258,93,22
343,12,False,True,True,upper_bound_with_inhaler,0.7069638949614253,0.7069638949614258,93,23
343,12,True,False,False,one_hot,0.5482627788240598,0.5482627788240598,93,24
343,12,True,False,False,lower_bound,0.5482627788240598,0.5482627788240598,93,25
343,12,True,False,False,midpoint,0.5482627788240598,0.5482627788240598,93,26
343,12,True,False,False,midpoint_with_inhaler,0.5482627788240598,0.5482627788240598,93,27
343,12,True,False,False,upper_bound,0.5482627788240598,0.5482627788240598,93,28
343,12,True,False,False,upper_bound_with_inhaler,0.5482627788240598,0.5482627788240598,93,29
343,12,True,False,True,one_hot,0.5482627788240598,0.5482627788240598,93,30
343,12,True,False,True,lower_bound,0.5482627788240598,0.5482627788240598,93,31
343,12,True,False,True,midpoint,0.5482627788240598,0.5482627788240598,93,32
343,12,True,False,True,midpoint_with_inhaler,0.5482627788240598,0.5482627788240598,93,33
343,12,True,False,True,upper_bound,0.5482627788240598,0.5482627788240598,93,34
343,12,True,False,True,upper_bound_with_inhaler,0.5482627788240598,0.5482627788240598,93,35
343,24,False,False,False,one_hot,0.3665694010627596,0.3665694010627596,93,36
343,24,False,False,False,lower_bound,0.37813041893953736,0.3982172282843359,93,37
343,24,False,False,False,midpoint,0.37813041893953736,0.3951241465963605,93,38
343,24,False,False,False,midpoint_with_inhaler,0.37813041893953736,0.3951241465963605,93,39
343,24,False,False,False,upper_bound,0.37813041893953736,0.3910364622200565,93,40
343,24,False,False,False,upper_bound_with_inhaler,0.37813041893953736,0.3910364622200565,93,41
343,24,False,False,True,one_hot,0.3665694010627596,0.3665694010627596,93,42
343,24,False,False,True,lower_bound,0.37813041893953736,0.3982172282843359,93,43
343,24,False,False,True,midpoint,0.37813041893953736,0.3951241465963605,93,44
343,24,False,False,True,midpoint_with_inhaler,0.37813041893953736,0.3951241465963605,93,45
343,24,False,False,True,upper_bound,0.37813041893953736,0.3910364622200565,93,46
343,24,False,False,True,upper_bound_with_inhaler,0.37813041893953736,0.3910364622200565,93,47
343,24,False,True,False,one_hot,0.3057295903020169,0.30572959030201696,93,48
343,24,False,True,False,lower_bound,0.3057295903020169,0.30572959030201696,93,49
343,24,False,True,False,midpoint,0.3057295903020169,0.3057295903020169,93,50
343,24,False,True,False,midpoint_with_inhaler,0.3057295903020169,0.3057295903020169,93,51
343,24,False,True,False,upper_bound,0.3057295903020169,0.30572959030201696,93,52
343,24,False,True,False,upper_bound_with_inhaler,0.3057295903020169,0.30572959030201696,93,53
343,24,False,True,True,one_hot,0.3057295903020169,0.30572959030201696,93,54
343,24,False,True,True,lower_bound,0.3057295903020169,0.30572959030201696,93,55
343,24,False,True,True,midpoint,0.3057295903020169,0.3057295903020169,93,56
343,24,False,True,True,midpoint_with_inhaler,0.3057295903020169,0.3057295903020169,93,57
343,24,False,True,True,upper_bound,0.3057295903020169,0.30572959030201696,93,58
343,24,False,True,True,upper_bound_with_inhaler,0.3057295903020169,0.30572959030201696,93,59
343,24,True,False,False,one_hot,0.3665694010627596,0.3665694010627596,93,60
343,24,True,False,False,lower_bound,0.37813041893953736,0.3982172282843359,93,61
343,24,True,False,False,midpoint,0.37813041893953736,0.3951241465963605,93,62
343,24,True,False,False,midpoint_with_inhaler,0.37813041893953736,0.3951241465963605,93,63
343,24,True,False,False,upper_bound,0.37813041893953736,0.3910364622200565,93,64
343,24,True,False,False,upper_bound_with_inhaler,0.37813041893953736,0.3910364622200565,93,65
343,24,True,False,True,one_hot,0.3665694010627596,0.3665694010627596,93,66
343,24,True,False,True,lower_bound,0.37813041893953736,0.3982172282843359,93,67
343,24,True,False,True,midpoint,0.37813041893953736,0.3951241465963605,93,68
343,24,True,False,True,midpoint_with_inhaler,0.37813041893953736,0.3951241465963605,93,69
343,24,True,False,True,upper_bound,0.37813041893953736,0.3910364622200565,93,70
343,24,True,False,True,upper_bound_with_inhaler,0.37813041893953736,0.3910364622200565,93,71
343,36,False,False,False,one_hot,0.3634695387262247,0.3634695387262247,93,72
343,36,False,False,False,lower_bound,0.379307193956999,0.3998324124286838,93,73
343,36,False,False,False,midpoint,0.379307193956999,0.3950265610895311,93,74
343,36,False,False,False,midpoint_with_inhaler,0.379307193956999,0.3950265610895311,93,75
343,36,False,False,False,upper_bound,0.379307193956999,0.3900691336494906,93,76
343,36,False,False,False,upper_bound_with_inhaler,0.379307193956999,0.3900691336494906,93,77
343,36,False,False,True,one_hot,0.3634695387262247,0.3634695387262247,93,78
343,36,False,False,True,lower_bound,0.379307193956999,0.3998324124286838,93,79
343,36,False,False,True,midpoint,0.379307193956999,0.3950265610895311,93,80
343,36,False,False,True,midpoint_with_inhaler,0.379307193956999,0.3950265610895311,93,81
343,36,False,False,True,upper_bound,0.379307193956999,0.3900691336494906,93,82
343,36,False,False,True,upper_bound_with_inhaler,0.379307193956999,0.3900691336494906,93,83
343,36,True,False,False,one_hot,0.23009233267981366,0.23009233267981372,93,84
343,36,True,False,False,lower_bound,0.23009233267981366,0.23009233267981372,93,85
343,36,True,False,False,midpoint,0.23009233267981366,0.23009233267981366,93,86
343,36,True,False,False,midpoint_with_inhaler,0.23009233267981366,0.23009233267981366,93,87
343,36,True,False,False,upper_bound,0.23009233267981366,0.23009233267981372,93,88
343,36,True,False,False,upper_bound_with_inhaler,0.23009233267981366,0.23009233267981372,93,89
343,36,True,False,True,one_hot,0.23009233267981366,0.23009233267981372,93,90
343,36,True,False,True,lower_bound,0.23009233267981366,0.23009233267981372,93,91
343,36,True,False,True,midpoint,0.23009233267981366,0.23009233267981366,93,92
343,36,True,False,True,midpoint_with_inhaler,0.23009233267981366,0.23009233267981366,93,93
343,36,True,False,True,upper_bound,0.23009233267981366,0.23009233267981372,93,94
343,36,True,False,True,upper_bound_with_inhaler,0.23009233267981366,0.23009233267981372,93,95
343,48,False,False,False,one_hot,0.2149765327164126,0.21497653271641265,93,96
343,48,False,False,False,lower_bound,0.2225371328517359,0.22012497701434916,93,97
343,48,False,False,False,midpoint,0.2225371328517359,0.2243174353504485,93,98
343,48,False,False,False,midpoint_with_inhaler,0.2225371328517359,0.2243174353504485,93,99
343,48,False,False,False,upper_bound,0.2225371328517359,0.2246705623599818,93,100
343,48,False,False,False,upper_bound_with_inhaler,0.2225371328517359,0.2246705623599818,93,101
343,48,False,False,True,one_hot,0.2149765327164126,0.21497653271641265,93,102
343,48,False,False,True,lower_bound,0.2225371328517359,0.22012497701434916,93,103
343,48,False,False,True,midpoint,0.2225371328517359,0.2243174353504485,93,104
343,48,False,False,True,midpoint_with_inhaler,0.2225371328517359,0.2243174353504485,93,105
343,48,False,False,True,upper_bound,0.2225371328517359,0.2246705623599818,93,106
343,48,False,False,True,upper_bound_with_inhaler,0.2225371328517359,0.2246705623599818,93,107
343,48,False,True,False,one_hot,0.03579809731259289,0.035798097312592946,93,108
343,48,False,True,False,lower_bound,0.03579809731259289,0.035798097312592946,93,109
343,48,False,True,False,midpoint,0.03579809731259289,0.03579809731259289,93,110
343,48,False,True,False,midpoint_with_inhaler,0.03579809731259289,0.03579809731259289,93,111
343,48,False,True,False,upper_bound,0.03579809731259289,0.035798097312592946,93,112
343,48,False,True,False,upper_bound_with_inhaler,0.03579809731259289,0.035798097312592946,93,113
343,48,False,True,True,one_hot,0.03579809731259289,0.035798097312592946,93,114
343,48,False,True,True,lower_bound,0.03579809731259289,0.035798097312592946,93,115
343,48,False,True,True,midpoint,0.03579809731259289,0.03579809731259289,93,116
343,48,False,True,True,midpoint_with_inhaler,0.03579809731259289,0.03579809731259289,93,117
343,48,False,True,True,upper_bound,0.03579809731259289,0.035798097312592946,93,118
343,48,False,True,True,upper_bound_with_inhaler,0.03579809731259289,0.035798097312592946,93,119
343,48,True,False,False,one_hot,0.1301579935428358,0.13015799354283597,93,120
343,48,True,False,False,lower_bound,0.12399602811111009,0.09119551627214581,93,121
343,48,True,False,False,midpoint,0.12399602811111009,0.10463406329128712,93,122
343,48,True,False,False,midpoint_with_inhaler,0.12399602811111009,0.10463406329128712,93,123
343,48,True,False,False,upper_bound,0.12399602811111009,0.11136549760874694,93,124
343,48,True,False,False,upper_bound_with_inhaler,0.12399602811111009,0.11136549760874694,93,125
343,48,True,False,True,one_hot,0.1301579935428358,0.13015799354283597,93,126
343,48,True,False,True,lower_bound,0.12399602811111009,0.09119551627214581,93,127
343,48,True,False,True,midpoint,0.12399602811111009,0.10463406329128712,93,128
343,48,True,False,True,midpoint_with_inhaler,0.12399602811111009,0.10463406329128712,93,129
343,48,True,False,True,upper_bound,0.12399602811111009,0.11136549760874694,93,130
343,48,True,False,True,upper_bound_with_inhaler,0.12399602811111009,0.11136549760874694,93,131
398,12,False,False,False,one_hot,0.3707002608294454,0.3707002608294455,25,0
398,12,False,False,False,lower_bound,0.33622364341270056,0.19648263054981693,25,1
398,12,False,False,False,midpoint,0.33622364341270056,0.24749692975417328,25,2
398,12,False,False,False,midpoint_with_inhaler,0.33622364341270056,0.24749692975417328,25,3
398,12,False,False,False,upper_bound,0.33622364341270056,0.2768971121719473,25,4
398,12,False,False,False,upper_bound_with_inhaler,0.33622364341270056,0.2768971121719473,25,5
398,12,False,False,True,one_hot,0.3707002608294454,0.3707002608294455,25,6
398,12,False,False,True,lower_bound,0.33622364341270056,0.19648263054981693,25,7
398,12,False,False,True,midpoint,0.33622364341270056,0.24749692975417328,25,8
398,12,False,False,True,midpoint_with_inhaler,0.33622364341270056,0.24749692975417328,25,9
398,12,False,False,True,upper_bound,0.33622364341270056,0.2768971121719473,25,10
398,12,False,False,True,upper_bound_with_inhaler,0.33622364341270056,0.2768971121719473,25,11
398,12,False,True,False,one_hot,-0.017473191989172413,-0.01747319198917236,25,12
398,12,False,True,False,lower_bound,-0.03427768043780489,-0.06307760329410848,25,13
398,12,False,True,False,midpoint,-0.03427768043780489,-0.05273168386243905,25,14
398,12,False,True,False,midpoint_with_inhaler,-0.03427768043780489,-0.05273168386243905,25,15
398,12,False,True,False,upper_bound,-0.03427768043780489,-0.04586706265729717,25,16
398,12,False,True,False,upper_bound_with_inhaler,-0.03427768043780489,-0.04586706265729717,25,17
398,12,False,True,True,one_hot,-0.017473191989172413,-0.01747319198917236,25,18
398,12,False,True,True,lower_bound,-0.03427768043780489,-0.06307760329410848,25,19
398,12,False,True,True,midpoint,-0.03427768043780489,-0.05273168386243905,25,20
398,12,False,True,True,midpoint_with_inhaler,-0.03427768043780489,-0.05273168386243905,25,21
398,12,False,True,True,upper_bound,-0.03427768043780489,-0.04586706265729717,25,22
398,12,False,True,True,upper_bound_with_inhaler,-0.03427768043780489,-0.04586706265729717,25,23
398,12,True,False,False,one_hot,0.1686332463084481,0.16863324630844811,25,24
398,12,True,False,False,lower_bound,0.13834016394833087,0.07011164777228407,25,25
398,12,True,False,False,midpoint,0.13834016394833087,0.09951742853082,25,26
398,12,True,False,False,midpoint_with_inhaler,0.13834016394833087,0.09951742853082,25,27
398,12,True,False,False,upper_bound,0.13834016394833087,0.11624834486277077,25,28
398,12,True,False,False,upper_bound_with_inhaler,0.13834016394833087,0.11624834486277077,25,29
398,12,True,False,True,one_hot,0.1686332463084481,0.16863324630844811,25,30
398,12,True,False,True,lower_bound,0.13834016394833087,0.07011164777228407,25,31
398,12,True,False,True,midpoint,0.13834016394833087,0.09951742853082,25,32
398,12,True,False,True,midpoint_with_inhaler,0.13834016394833087,0.09951742853082,25,33
398,12,True,False,True,upper_bound,0.13834016394833087,0.11624834486277077,25,34
398,12,True,False,True,upper_bound_with_inhaler,0.13834016394833087,0.11624834486277077,25,35
398,24,False,False,False,one_hot,-0.010219344729000561,-0.010219344729000586,25,36
398,24,False,False,False,lower_bound,-0.03864337191911181,-0.06428247121755049,25,37
398,24,False,False,False,midpoint,-0.03864337191911181,-0.05263677605960212,25,38
398,24,False,False,False,midpoint_with_inhaler,-0.03864337191911181,-0.05263677605960212,25,39
398,24,False,False,False,upper_bound,-0.03864337191911181,-0.04457303545340155,25,40
398,24,False,False,False,upper_bound_with_inhaler,-0.03864337191911181,-0.04457303545340155,25,41
398,24,False,False,True,one_hot,-0.010219344729000561,-0.010219344729000586,25,42
398,24,False,False,True,lower_bound,-0.03864337191911181,-0.06428247121755049,25,43
398,24,False,False,True,midpoint,-0.03864337191911181,-0.05263677605960212,25,44
398,24,False,False,True,midpoint_with_inhaler,-0.03864337191911181,-0.05263677605960212,25,45
398,24,False,False,True,upper_bound,-0.03864337191911181,-0.04457303545340155,25,46
398,24,False,False,True,upper_bound_with_inhaler,-0.03864337191911181,-0.04457303545340155,25,47
398,24,False,True,False,one_hot,0.2036923847888908,0.20369238478889085,25,48
398,24,False,True,False,lower_bound,0.2036923847888908,0.20369238478889085,25,49
398,24,False,True,False,midpoint,0.2036923847888908,0.20369238478889085,25,50
398,24,False,True,False,midpoint_with_inhaler,0.2036923847888908,0.20369238478889085,25,51
398,24,False,True,False,upper_bound,0.2036923847888908,0.20369238478889085,25,52
398,24,False,True,False,upper_bound_with_inhaler,0.2036923847888908,0.20369238478889085,25,53
398,24,False,True,True,one_hot,0.2036923847888908,0.20369238478889085,25,54
398,24,False,True,True,lower_bound,0.2036923847888908,0.20369238478889085,25,55
398,24,False,True,True,midpoint,0.2036923847888908,0.20369238478889085,25,56
398,24,False,True,True,midpoint_with_inhaler,0.2036923847888908,0.20369238478889085,25,57
398,24,False,True,True,upper_bound,0.2036923847888908,0.20369238478889085,25,58
398,24,False,True,True,upper_bound_with_inhaler,0.2036923847888908,0.20369238478889085,25,59
398,24,True,False,False,one_hot,-0.010219344729000561,-0.010219344729000586,25,60
398,24,True,False,False,lower_bound,-0.03864337191911181,-0.06428247121755049,25,61
398,24,True,False,False,midpoint,-0.03864337191911181,-0.05263677605960212,25,62
398,24,True,False,False,midpoint_with_inhaler,-0.03864337191911181,-0.05263677605960212,25,63
398,24,True,False,False,upper_bound,-0.03864337191911181,-0.04457303545340155,25,64
398,24,True,False,False,upper_bound_with_inhaler,-0.03864337191911181,-0.04457303545340155,25,65
398,24,True,False,True,one_hot,-0.010219344729000561,-0.010219344729000586,25,66
398,24,True,False,True,lower_bound,-0.03864337191911181,-0.06428247121755049,25,67
398,24,True,False,True,midpoint,-0.03864337191911181,-0.05263677605960212,25,68
398,24,True,False,True,midpoint_with_inhaler,-0.03864337191911181,-0.05263677605960212,25,69
398,24,True,False,True,upper_bound,-0.03864337191911181,-0.04457303545340155,25,70
398,24,True,False,True,upper_bound_with_inhaler,-0.03864337191911181,-0.04457303545340155,25,71
398,36,False,False,False,one_hot,0.2503586145588893,0.2503586145588893,25,72
398,36,False,False,False,lower_bound,0.1955767908211115,0.11462215160529156,25,73
398,36,False,False,False,midpoint,0.1955767908211115,0.1562562719585341,25,74
398,36,False,False,False,midpoint_with_inhaler,0.1955767908211115,0.1562562719585341,25,75
398,36,False,False,False,upper_bound,0.1955767908211115,0.18009635029588386,25,76
398,36,False,False,False,upper_bound_with_inhaler,0.1955767908211115,0.18009635029588386,25,77
398,36,False,False,True,one_hot,0.2503586145588893,0.2503586145588893,25,78
398,36,False,False,True,lower_bound,0.1955767908211115,0.11462215160529156,25,79
398,36,False,False,True,midpoint,0.1955767908211115,0.1562562719585341,25,80
398,36,False,False,True,midpoint_with_inhaler,0.1955767908211115,0.1562562719585341,25,81
398,36,False,False,True,upper_bound,0.1955767908211115,0.18009635029588386,25,82
398,36,False,False,True,upper_bound_with_inhaler,0.1955767908211115,0.18009635029588386,25,83
398,36,True,False,False,one_hot,0.24039000136460484,0.2403900013646048,25,84
398,36,True,False,False,lower_bound,0.24039000136460484,0.2403900013646048,25,85
398,36,True,False,False,midpoint,0.24039000136460484,0.2403900013646048,25,86
398,36,True,False,False,midpoint_with_inhaler,0.24039000136460484,0.2403900013646048,25,87
398,36,True,False,False,upper_bound,0.24039000136460484,0.2403900013646048,25,88
398,36,True,False,False,upper_bound_with_inhaler,0.24039000136460484,0.2403900013646048,25,89
398,36,True,False,True,one_hot,0.24039000136460484,0.2403900013646048,25,90
398,36,True,False,True,lower_bound,0.24039000136460484,0.2403900013646048,25,91
398,36,True,False,True,midpoint,0.24039000136460484,0.2403900013646048,25,92
398,36,True,False,True,midpoint_with_inhaler,0.24039000136460484,0.2403900013646048,25,93
398,36,True,False,True,upper_bound,0.24039000136460484,0.2403900013646048,25,94
398,36,True,False,True,upper_bound_with_inhaler,0.24039000136460484,0.2403900013646048,25,95
398,48,False,False,False,one_hot,0.3726968021477903,0.37269680214779016,25,96
398,48,False,False,False,lower_bound,0.2782870602681584,0.1294155837493254,25,97
398,48,False,False,False,midpoint,0.2782870602681584,0.1918662439616312,25,98
398,48,False,False,False,midpoint_with_inhaler,0.2782870602681584,0.1918662439616312,25,99
398,48,False,False,False,upper_bound,0.2782870602681584,0.23131562941138692,25,100
398,48,False,False,False,upper_bound_with_inhaler,0.2782870602681584,0.23131562941138692,25,101
398,48,False,False,True,one_hot,0.3726968021477903,0.37269680214779016,25,102
398,48,False,False,True,lower_bound,0.2782870602681584,0.1294155837493254,25,103
398,48,False,False,True,midpoint,0.2782870602681584,0.1918662439616312,25,104
398,48,False,False,True,midpoint_with_inhaler,0.2782870602681584,0.1918662439616312,25,105
398,48,False,False,True,upper_bound,0.2782870602681584,0.23131562941138692,25,106
398,48,False,False,True,upper_bound_with_inhaler,0.2782870602681584,0.23131562941138692,25,107
398,48,False,True,False,one_hot,0.1003520477840469,0.10035204778404688,25,108
398,48,False,True,False,lower_bound,0.07054631996819379,0.019705310278982327,25,109
398,48,False,True,False,midpoint,0.07054631996819379,0.04262388274826738,25,110
398,48,False,True,False,midpoint_with_inhaler,0.07054631996819379,0.04262388274826738,25,111
398,48,False,True,False,upper_bound,0.07054631996819379,0.05606044678421605,25,112
398,48,False,True,False,upper_bound_with_inhaler,0.07054631996819379,0.05606044678421605,25,113
398,48,False,True,True,one_hot,0.1003520477840469,0.10035204778404688,25,114
398,48,False,True,True,lower_bound,0.07054631996819379,0.019705310278982327,25,115
398,48,False,True,True,midpoint,0.07054631996819379,0.04262388274826738,25,116
398,48,False,True,True,midpoint_with_inhaler,0.07054631996819379,0.04262388274826738,25,117
398,48,False,True,True,upper_bound,0.07054631996819379,0.05606044678421605,25,118
398,48,False,True,True,upper_bound_with_inhaler,0.07054631996819379,0.05606044678421605,25,119
398,48,True,False,False,one_hot,0.2036923847888908,0.20369238478889085,25,120
398,48,True,False,False,lower_bound,0.2036923847888908,0.20369238478889085,25,121
398,48,True,False,False,midpoint,0.2036923847888908,0.20369238478889085,25,122
398,48,True,False,False,midpoint_with_inhaler,0.2036923847888908,0.20369238478889085,25,123
398,48,True,False,False,upper_bound,0.2036923847888908,0.20369238478889085,25,124
398,48,True,False,False,upper_bound_with_inhaler,0.2036923847888908,0.20369238478889085,25,125
398,48,True,False,True,one_hot,0.2036923847888908,0.20369238478889085,25,126
398,48,True,False,True,lower_bound,0.2036923847888908,0.20369238478889085,25,127
398,48,True,False,True,midpoint,0.2036923847888908,0.20369238478889085,25,128
398,48,True,False,True,midpoint_with_inhaler,0.2036923847888908,0.20369238478889085,25,129
398,48,True,False,True,upper_bound,0.2036923847888908,0.20369238478889085,25,130
398,48,True,False,True,upper_bound_with_inhaler,0.2036923847888908,0.20369238478889085,25,131
447,12,False,False,False,one_hot,0.005113723860422339,0.005113723860422359,89,0
447,12,False,False,False,lower_bound,-0.018502012871296818,0.07153582897945512,89,1
447,12,False,False,False,midpoint,-0.018502012871296818,0.03745469652770949,89,2
447,12,False,False,False,midpoint_with_inhaler,-0.018502012871296818,0.03745469652770949,89,3
447,12,False,False,False,upper_bound,-0.018502012871296818,0.015949333897521956,89,4
447,12,False,False,False,upper_bound_with_inhaler,-0.018502012871296818,0.015949333897521956,89,5
447,12,False,False,True,one_hot,0.005113723860422339,0.005113723860422359,89,6
447,12,False,False,True,lower_bound,-0.018502012871296818,0.07153582897945512,89,7
447,12,False,False,True,midpoint,-0.018502012871296818,0.03745469652770949,89,8
447,12,False,False,True,midpoint_with_inhaler,-0.018502012871296818,0.03745469652770949,89,9
447,12,False,False,True,upper_bound,-0.018502012871296818,0.015949333897521956,89,10
447,12,False,False,True,upper_bound_with_inhaler,-0.018502012871296818,0.015949333897521956,89,11
447,12,False,True,False,one_hot,0.10641546986019933,0.10641546986019935,89,12
447,12,False,True,False,lower_bound,-0.2160765459744826,-0.17389281813433147,89,13
447,12,False,True,False,midpoint,-0.2160765459744826,-0.17622536439139774,89,14
447,12,False,True,False,midpoint_with_inhaler,-0.2160765459744826,-0.17622536439139774,89,15
447,12,False,True,False,upper_bound,-0.2160765459744826,-0.17171457138412505,89,16
447,12,False,True,False,upper_bound_with_inhaler,-0.2160765459744826,-0.17171457138412505,89,17
447,12,False,True,True,one_hot,0.10641546986019933,0.10641546986019935,89,18
447,12,False,True,True,lower_bound,-0.2160765459744826,-0.17389281813433147,89,19
447,12,False,True,True,midpoint,-0.2160765459744826,-0.17622536439139774,89,20
447,12,False,True,True,midpoint_with_inhaler,-0.2160765459744826,-0.17622536439139774,89,21
447,12,False,True,True,upper_bound,-0.2160765459744826,-0.17171457138412505,89,22
447,12,False,True,True,upper_bound_with_inhaler,-0.2160765459744826,-0.17171457138412505,89,23
447,12,True,False,False,one_hot,0.10033114099436348,0.1003311409943635,89,24
447,12,True,False,False,lower_bound,-0.11647729001094276,-0.011336885240874709,89,25
447,12,True,False,False,midpoint,-0.11647729001094276,-0.03311462257677186,89,26
447,12,True,False,False,midpoint_with_inhaler,-0.11647729001094276,-0.03311462257677186,89,27
447,12,True,False,False,upper_bound,-0.11647729001094276,-0.04781162904128954,89,28
447,12,True,False,False,upper_bound_with_inhaler,-0.11647729001094276,-0.04781162904128954,89,29
447,12,True,False,True,one_hot,0.10033114099436348,0.1003311409943635,89,30
447,12,True,False,True,lower_bound,-0.11647729001094276,-0.011336885240874709,89,31
447,12,True,False,True,midpoint,-0.11647729001094276,-0.03311462257677186,89,32
447,12,True,False,True,midpoint_with_inhaler,-0.11647729001094276,-0.03311462257677186,89,33
447,12,True,False,True,upper_bound,-0.11647729001094276,-0.04781162904128954,89,34
447,12,True,False,True,upper_bound_with_inhaler,-0.11647729001094276,-0.04781162904128954,89,35
447,24,False,False,False,one_hot,0.056399152943678775,0.05639915294367879,89,36
447,24,False,False,False,lower_bound,0.025782514837823695,0.2223665278965459,89,37
447,24,False,False,False,midpoint,0.025782514837823695,0.1698203214913122,89,38
447,24,False,False,False,midpoint_with_inhaler,0.025782514837823695,0.1698203214913122,89,39
447,24,False,False,False,upper_bound,0.025782514837823695,0.13113738297092906,89,40
447,24,False,False,False,upper_bound_with_inhaler,0.025782514837823695,0.13113738297092906,89,41
447,24,False,False,True,one_hot,0.056399152943678775,0.05639915294367879,89,42
447,24,False,False,True,lower_bound,0.025782514837823695,0.2223665278965459,89,43
447,24,False,False,True,midpoint,0.025782514837823695,0.1698203214913122,89,44
447,24,False,False,True,midpoint_with_inhaler,0.025782514837823695,0.1698203214913122,89,45
447,24,False,False,True,upper_bound,0.025782514837823695,0.13113738297092906,89,46
447,24,False,False,True,upper_bound_with_inhaler,0.025782514837823695,0.13113738297092906,89,47
447,24,False,True,False,one_hot,0.09456950669993848,0.09456950669993845,89,48
447,24,False,True,False,lower_bound,-0.056423129119771154,0.15557971563614312,89,49
447,24,False,True,False,midpoint,-0.056423129119771154,0.10162219940528681,89,50
447,24,False,True,False,midpoint_with_inhaler,-0.056423129119771154,0.10162219940528681,89,51
447,24,False,True,False,upper_bound,-0.056423129119771154,0.0650894140308705,89,52
447,24,False,True,False,upper_bound_with_inhaler,-0.056423129119771154,0.0650894140308705,89,53
447,24,False,True,True,one_hot,0.09456950669993848,0.09456950669993845,89,54
447,24,False,True,True,lower_bound,-0.056423129119771154,0.15557971563614312,89,55
447,24,False,True,True,midpoint,-0.056423129119771154,0.10162219940528681,89,56
447,24,False,True,True,midpoint_with_inhaler,-0.056423129119771154,0.10162219940528681,89,57
447,24,False,True,True,upper_bound,-0.056423129119771154,0.0650894140308705,89,58
447,24,False,True,True,upper_bound_with_inhaler,-0.056423129119771154,0.0650894140308705,89,59
447,24,True,False,False,one_hot,0.056399152943678775,0.05639915294367879,89,60
447,24,True,False,False,lower_bound,0.025782514837823695,0.2223665278965459,89,61
447,24,True,False,False,midpoint,0.025782514837823695,0.1698203214913122,89,62
447,24,True,False,False,midpoint_with_inhaler,0.025782514837823695,0.1698203214913122,89,63
447,24,True,False,False,upper_bound,0.025782514837823695,0.13113738297092906,89,64
447,24,True,False,False,upper_bound_with_inhaler,0.025782514837823695,0.13113738297092906,89,65
447,24,True,False,True,one_hot,0.056399152943678775,0.05639915294367879,89,66
447,24,True,False,True,lower_bound,0.025782514837823695,0.2223665278965459,89,67
447,24,True,False,True,midpoint,0.025782514837823695,0.1698203214913122,89,68
447,24,True,False,True,midpoint_with_inhaler,0.025782514837823695,0.1698203214913122,89,69
447,24,True,False,True,upper_bound,0.025782514837823695,0.13113738297092906,89,70
447,24,True,False,True,upper_bound_with_inhaler,0.025782514837823695,0.13113738297092906,89,71
447,36,False,False,False,one_hot,-0.056999939727934636,-0.056999939727934636,89,72
447,36,False,False,False,lower_bound,-0.055696180779411436,0.16498479685822476,89,73
447,36,False,False,False,midpoint,-0.055696180779411436,0.1229237414046215,89,74
447,36,False,False,False,midpoint_with_inhaler,-0.055696180779411436,0.1229237414046215,89,75
447,36,False,False,False,upper_bound,-0.055696180779411436,0.09271084222786923,89,76
447,36,False,False,False,upper_bound_with_inhaler,-0.055696180779411436,0.09271084222786923,89,77
447,36,False,False,True,one_hot,-0.056999939727934636,-0.056999939727934636,89,78
447,36,False,False,True,lower_bound,-0.055696180779411436,0.16498479685822476,89,79
447,36,False,False,True,midpoint,-0.055696180779411436,0.1229237414046215,89,80
447,36,False,False,True,midpoint_with_inhaler,-0.055696180779411436,0.1229237414046215,89,81
447,36,False,False,True,upper_bound,-0.055696180779411436,0.09271084222786923,89,82
447,36,False,False,True,upper_bound_with_inhaler,-0.055696180779411436,0.09271084222786923,89,83
447,36,True,False,False,one_hot,-0.09239269397682076,-0.09239269397682078,89,84
447,36,True,False,False,lower_bound,-0.1412087535802648,0.11973334574611534,89,85
447,36,True,False,False,midpoint,-0.1412087535802648,0.05998359963600226,89,86
447,36,True,False,False,midpoint_with_inhaler,-0.1412087535802648,0.05998359963600226,89,87
447,36,True,False,False,upper_bound,-0.1412087535802648,0.018450052209673374,89,88
447,36,True,False,False,upper_bound_with_inhaler,-0.1412087535802648,0.018450052209673374,89,89
447,36,True,False,True,one_hot,-0.09239269397682076,-0.09239269397682078,89,90
447,36,True,False,True,lower_bound,-0.1412087535802648,0.11973334574611534,89,91
447,36,True,False,True,midpoint,-0.1412087535802648,0.05998359963600226,89,92
447,36,True,False,True,midpoint_with_inhaler,-0.1412087535802648,0.05998359963600226,89,93
447,36,True,False,True,upper_bound,-0.1412087535802648,0.018450052209673374,89,94
447,36,True,False,True,upper_bound_with_inhaler,-0.1412087535802648,0.018450052209673374,89,95
447,48,False,False,False,one_hot,-0.032902779432017686,-0.03290277943201768,89,96
447,48,False,False,False,lower_bound,-0.06159470247819065,0.10124744117409189,89,97
447,48,False,False,False,midpoint,-0.06159470247819065,0.07928568816071034,89,98
447,48,False,False,False,midpoint_with_inhaler,-0.06159470247819065,0.07928568816071034,89,99
447,48,False,False,False,upper_bound,-0.06159470247819065,0.06411604771915314,89,100
447,48,False,False,False,upper_bound_with_inhaler,-0.06159470247819065,0.06411604771915314,89,101
447,48,False,False,True,one_hot,-0.032902779432017686,-0.03290277943201768,89,102
447,48,False,False,True,lower_bound,-0.06159470247819065,0.10124744117409189,89,103
447,48,False,False,True,midpoint,-0.06159470247819065,0.07928568816071034,89,104
447,48,False,False,True,midpoint_with_inhaler,-0.06159470247819065,0.07928568816071034,89,105
447,48,False,False,True,upper_bound,-0.06159470247819065,0.06411604771915314,89,106
447,48,False,False,True,upper_bound_with_inhaler,-0.06159470247819065,0.06411604771915314,89,107
447,48,False,True,False,one_hot,-0.08974517315044513,-0.08974517315044513,89,108
447,48,False,True,False,lower_bound,-0.21072960870135632,-0.11495390794466531,89,109
447,48,False,True,False,midpoint,-0.21072960870135632,-0.13488377417476918,89,110
447,48,False,True,False,midpoint_with_inhaler,-0.21072960870135632,-0.13488377417476918,89,111
447,48,False,True,False,upper_bound,-0.21072960870135632,-0.14679422657398533,89,112
447,48,False,True,False,upper_bound_with_inhaler,-0.21072960870135632,-0.14679422657398533,89,113
447,48,False,True,True,one_hot,-0.08974517315044513,-0.08974517315044513,89,114
447,48,False,True,True,lower_bound,-0.21072960870135632,-0.11495390794466531,89,115
447,48,False,True,True,midpoint,-0.21072960870135632,-0.13488377417476918,89,116
447,48,False,True,True,midpoint_with_inhaler,-0.21072960870135632,-0.13488377417476918,89,117
447,48,False,True,True,upper_bound,-0.21072960870135632,-0.14679422657398533,89,118
447,48,False,True,True,upper_bound_with_inhaler,-0.21072960870135632,-0.14679422657398533,89,119
447,48,True,False,False,one_hot,0.08909145765927334,0.08909145765927336,89,120
447,48,True,False,False,lower_bound,-0.05812677633981228,-0.04175255147772392,89,121
447,48,True,False,False,midpoint,-0.05812677633981228,-0.02951992061356997,89,122
447,48,True,False,False,midpoint_with_inhaler,-0.05812677633981228,-0.02951992061356997,89,123
447,48,True,False,False,upper_bound,-0.05812677633981228,-0.020337270605316208,89,124
447,48,True,False,False,upper_bound_with_inhaler,-0.05812677633981228,-0.020337270605316208,89,125
447,48,True,False,True,one_hot,0.08909145765927334,0.08909145765927336,89,126
447,48,True,False,True,lower_bound,-0.05812677633981228,-0.04175255147772392,89,127
447,48,True,False,True,midpoint,-0.05812677633981228,-0.02951992061356997,89,128
447,48,True,False,True,midpoint_with_inhaler,-0.05812677633981228,-0.02951992061356997,89,129
447,48,True,False,True,upper_bound,-0.05812677633981228,-0.020337270605316208,89,130
447,48,True,False,True,upper_bound_with_inhaler,-0.05812677633981228,-0.020337270605316208,89,131
454,12,False,False,False,one_hot,,,2,0
454,12,False,False,False,lower_bound,,,2,1
454,12,False,False,False,midpoint,,,2,2
454,12,False,False,False,midpoint_with_inhaler,,,2,3
454,12,False,False,False,upper_bound,,,2,4
454,12,False,False,False,upper_bound_with_inhaler,,,2,5
454,12,False,False,True,one_hot,,,2,6
454,12,False,False,True,lower_bound,,,2,7
454,12,False,False,True,midpoint,,,2,8
454,12,False,False,True,midpoint_with_inhaler,,,2,9
454,12,False,False,True,upper_bound,,,2,10
454,12,False,False,True,upper_bound_with_inhaler,,,2,11
454,12,False,True,False,one_hot,,,2,12
454,12,False,True,False,lower_bound,,,2,13
454,12,False,True,False,midpoint,,,2,14
454,12,False,True,False,midpoint_with_inhaler,,,2,15
454,12,False,True,False,upper_bound,,,2,16
454,12,False,True,False,upper_bound_with_inhaler,,,2,17
454,12,False,True,True,one_hot,,,2,18
454,12,False,True,True,lower_bound,,,2,19
454,12,False,True,True,midpoint,,,2,20
454,12,False,True,True,midpoint_with_inhaler,,,2,21
454,12,False,True,True,upper_bound,,,2,22
454,12,False,True,True,upper_bound_with_inhaler,,,2,23
454,12,True,False,False,one_hot,,,2,24
454,12,True,False,False,lower_bound,,,2,25
454,12,True,False,False,midpoint,,,2,26
454,12,True,False,False,midpoint_with_inhaler,,,2,27
454,12,True,False,False,upper_bound,,,2,28
454,12,True,False,False,upper_bound_with_inhaler,,,2,29
454,12,True,False,True,one_hot,,,2,30
454,12,True,False,True,lower_bound,,,2,31
454,12,True,False,True,midpoint,,,2,32
454,12,True,False,True,midpoint_with_inhaler,,,2,33
454,12,True,False,True,upper_bound,,,2,34
454,12,True,False,True,upper_bound_with_inhaler,,,2,35
454,24,False,False,False,one_hot,,,2,36
454,24,False,False,False,lower_bound,,,2,37
454,24,False,False,False,midpoint,,,2,38
454,24,False,False,False,midpoint_with_inhaler,,,2,39
454,24,False,False,False,upper_bound,,,2,40
454,24,False,False,False,upper_bound_with_inhaler,,,2,41
454,24,False,False,True,one_hot,,,2,42
454,24,False,False,True,lower_bound,,,2,43
454,24,False,False,True,midpoint,,,2,44
454,24,False,False,True,midpoint_with_inhaler,,,2,45
454,24,False,False,True,upper_bound,,,2,46
454,24,False,False,True,upper_bound_with_inhaler,,,2,47
454,24,False,True,False,one_hot,,,2,48
454,24,False,True,False,lower_bound,,,2,49
454,24,False,True,False,midpoint,,,2,50
454,24,False,True,False,midpoint_with_inhaler,,,2,51
454,24,False,True,False,upper_bound,,,2,52
454,24,False,True,False,upper_bound_with_inhaler,,,2,53
454,24,False,True,True,one_hot,,,2,54
454,24,False,True,True,lower_bound,,,2,55
454,24,False,True,True,midpoint,,,2,56
454,24,False,True,True,midpoint_with_inhaler,,,2,57
454,24,False,True,True,upper_bound,,,2,58
454,24,False,True,True,upper_bound_with_inhaler,,,2,59
454,24,True,False,False,one_hot,,,2,60
454,24,True,False,False,lower_bound,,,2,61
454,24,True,False,False,midpoint,,,2,62
454,24,True,False,False,midpoint_with_inhaler,,,2,63
454,24,True,False,False,upper_bound,,,2,64
454,24,True,False,False,upper_bound_with_inhaler,,,2,65
454,24,True,False,True,one_hot,,,2,66
454,24,True,False,True,lower_bound,,,2,67
454,24,True,False,True,midpoint,,,2,68
454,24,True,False,True,midpoint_with_inhaler,,,2,69
454,24,True,False,True,upper_bound,,,2,70
454,24,True,False,True,upper_bound_with_inhaler,,,2,71
454,36,False,False,False,one_hot,,,2,72
454,36,False,False,False,lower_bound,,,2,73
454,36,False,False,False,midpoint,,,2,74
454,36,False,False,False,midpoint_with_inhaler,,,2,75
454,36,False,False,False,upper_bound,,,2,76
454,36,False,False,False,upper_bound_with_inhaler,,,2,77
454,36,False,False,True,one_hot,,,2,78
454,36,False,False,True,lower_bound,,,2,79
454,36,False,False,True,midpoint,,,2,80
454,36,False,False,True,midpoint_with_inhaler,,,2,81
454,36,False,False,True,upper_bound,,,2,82
454,36,False,False,True,upper_bound_with_inhaler,,,2,83
454,36,True,False,False,one_hot,,,2,84
454,36,True,False,False,lower_bound,,,2,85
454,36,True,False,False,midpoint,,,2,86
454,36,True,False,False,midpoint_with_inhaler,,,2,87
454,36,True,False,False,upper_bound,,,2,88
454,36,True,False,False,upper_bound_with_inhaler,,,2,89
454,36,True,False,True,one_hot,,,2,90
454,36,True,False,True,lower_bound,,,2,91
454,36,True,False,True,midpoint,,,2,92
454,36,True,False,True,midpoint_with_inhaler,,,2,93
454,36,True,False,True,upper_bound,,,2,94
454,36,True,False,True,upper_bound_with_inhaler,,,2,95
454,48,False,False,False,one_hot,,,2,96
454,48,False,False,False,lower_bound,,,2,97
454,48,False,False,False,midpoint,,,2,98
454,48,False,False,False,midpoint_with_inhaler,,,2,99
454,48,False,False,False,upper_bound,,,2,100
454,48,False,False,False,upper_bound_with_inhaler,,,2,101
454,48,False,False,True,one_hot,,,2,102
454,48,False,False,True,lower_bound,,,2,103
454,48,False,False,True,midpoint,,,2,104
454,48,False,False,True,midpoint_with_inhaler,,,2,105
454,48,False,False,True,upper_bound,,,2,106
454,48,False,False,True,upper_bound_with_inhaler,,,2,107
454,48,False,True,False,one_hot,,,2,108
454,48,False,True,False,lower_bound,,,2,109
454,48,False,True,False,midpoint,,,2,110
454,48,False,True,False,midpoint_with_inhaler,,,2,111
454,48,False,True,False,upper_bound,,,2,112
454,48,False,True,False,upper_bound_with_inhaler,,,2,113
454,48,False,True,True,one_hot,,,2,114
454,48,False,True,True,lower_bound,,,2,115
454,48,False,True,True,midpoint,,,2,116
454,48,False,True,True,midpoint_with_inhaler,,,2,117
454,48,False,True,True,upper_bound,,,2,118
454,48,False,True,True,upper_bound_with_inhaler,,,2,119
454,48,True,False,False,one_hot,,,2,120
454,48,True,False,False,lower_bound,,,2,121
454,48,True,False,False,midpoint,,,2,122
454,48,True,False,False,midpoint_with_inhaler,,,2,123
454,48,True,False,False,upper_bound,,,2,124
454,48,True,False,False,upper_bound_with_inhaler,,,2,125
454,48,True,False,True,one_hot,,,2,126
454,48,True,False,True,lower_bound,,,2,127
454,48,True,False,True,midpoint,,,2,128
454,48,True,False,True,midpoint_with_inhaler,,,2,129
454,48,True,False,True,upper_bound,,,2,130
454,48,True,False,True,upper_bound_with_inhaler,,,2,131
473,12,False,False,False,one_hot,0.507131476063621,0.5071314760636209,69,0
473,12,False,False,False,lower_bound,0.7618408734403181,0.9690193774871163,69,1
473,12,False,False,False,midpoint,0.7618408734403181,0.9590102591554657,69,2
473,12,False,False,False,midpoint_with_inhaler,0.7618408734403181,0.9590102591554657,69,3
473,12,False,False,False,upper_bound,0.761092814380038,0.9244531741546363,69,4
473,12,False,False,False,upper_bound_with_inhaler,0.761092814380038,0.9244531741546363,69,5
473,12,False,False,True,one_hot,0.507131476063621,0.5071314760636209,69,6
473,12,False,False,True,lower_bound,0.7618408734403181,0.9690193774871163,69,7
473,12,False,False,True,midpoint,0.7618408734403181,0.9590102591554657,69,8
473,12,False,False,True,midpoint_with_inhaler,0.7618408734403181,0.9590102591554657,69,9
473,12,False,False,True,upper_bound,0.761092814380038,0.9244531741546363,69,10
473,12,False,False,True,upper_bound_with_inhaler,0.761092814380038,0.9244531741546363,69,11
473,12,False,True,False,one_hot,-0.141965118477012,-0.14196511847701193,69,12
473,12,False,True,False,lower_bound,0.5584787546782708,0.9231229462234585,69,13
473,12,False,True,False,midpoint,0.5584787546782708,0.9570983932106518,69,14
473,12,False,True,False,midpoint_with_inhaler,0.5584787546782708,0.9570983932106518,69,15
473,12,False,True,False,upper_bound,0.5579582516060243,0.9687414710590619,69,16
473,12,False,True,False,upper_bound_with_inhaler,0.5579582516060243,0.9687414710590619,69,17
473,12,False,True,True,one_hot,-0.141965118477012,-0.14196511847701193,69,18
473,12,False,True,True,lower_bound,0.5584787546782708,0.9231229462234585,69,19
473,12,False,True,True,midpoint,0.5584787546782708,0.9570983932106518,69,20
473,12,False,True,True,midpoint_with_inhaler,0.5584787546782708,0.9570983932106518,69,21
473,12,False,True,True,upper_bound,0.5579582516060243,0.9687414710590619,69,22
473,12,False,True,True,upper_bound_with_inhaler,0.5579582516060243,0.9687414710590619,69,23
473,12,True,False,False,one_hot,0.37090974957324446,0.3709097495732444,69,24
473,12,True,False,False,lower_bound,0.498975254697193,0.6696732261853396,69,25
473,12,True,False,False,midpoint,0.498975254697193,0.7626721962092148,69,26
473,12,True,False,False,midpoint_with_inhaler,0.498975254697193,0.7626721962092148,69,27
473,12,True,False,False,upper_bound,0.49920606750223545,0.8263809546716223,69,28
473,12,True,False,False,upper_bound_with_inhaler,0.49920606750223545,0.8263809546716223,69,29
473,12,True,False,True,one_hot,0.37090974957324446,0.3709097495732444,69,30
473,12,True,False,True,lower_bound,0.498975254697193,0.6696732261853396,69,31
473,12,True,False,True,midpoint,0.498975254697193,0.7626721962092148,69,32
473,12,True,False,True,midpoint_with_inhaler,0.498975254697193,0.7626721962092148,69,33
473,12,True,False,True,upper_bound,0.49920606750223545,0.8263809546716223,69,34
473,12,True,False,True,upper_bound_with_inhaler,0.49920606750223545,0.8263809546716223,69,35
473,24,False,False,False,one_hot,0.24796516352460932,0.2479651635246093,69,36
473,24,False,False,False,lower_bound,0.5272116226517697,0.9492575009869685,69,37
473,24,False,False,False,midpoint,0.5272116226517697,0.9704544932595764,69,38
473,24,False,False,False,midpoint_with_inhaler,0.5272116226517697,0.9704544932595764,69,39
473,24,False,False,False,upper_bound,0.5267679765159733,0.971272469832429,69,40
473,24,False,False,False,upper_bound_with_inhaler,0.5267679765159733,0.971272469832429,69,41
473,24,False,False,True,one_hot,0.24796516352460932,0.2479651635246093,69,42
473,24,False,False,True,lower_bound,0.5272116226517697,0.9492575009869685,69,43
473,24,False,False,True,midpoint,0.5272116226517697,0.9704544932595764,69,44
473,24,False,False,True,midpoint_with_inhaler,0.5272116226517697,0.9704544932595764,69,45
473,24,False,False,True,upper_bound,0.5267679765159733,0.971272469832429,69,46
473,24,False,False,True,upper_bound_with_inhaler,0.5267679765159733,0.971272469832429,69,47
473,24,False,True,False,one_hot,0.2579395372571863,0.25793953725718627,69,48
473,24,False,True,False,lower_bound,0.3894596870748926,0.5481068589043949,69,49
473,24,False,True,False,midpoint,0.3894596870748926,0.5301019523498816,69,50
473,24,False,True,False,midpoint_with_inhaler,0.3894596870748926,0.5301019523498816,69,51
473,24,False,True,False,upper_bound,0.38775487629603717,0.5144639569513098,69,52
473,24,False,True,False,upper_bound_with_inhaler,0.38775487629603717,0.5144639569513098,69,53
473,24,False,True,True,one_hot,0.2579395372571863,0.25793953725718627,69,54
473,24,False,True,True,lower_bound,0.3894596870748926,0.5481068589043949,69,55
473,24,False,True,True,midpoint,0.3894596870748926,0.5301019523498816,69,56
473,24,False,True,True,midpoint_with_inhaler,0.3894596870748926,0.5301019523498816,69,57
473,24,False,True,True,upper_bound,0.38775487629603717,0.5144639569513098,69,58
473,24,False,True,True,upper_bound_with_inhaler,0.38775487629603717,0.5144639569513098,69,59
473,24,True,False,False,one_hot,0.24796516352460932,0.2479651635246093,69,60
473,24,True,False,False,lower_bound,0.5272116226517697,0.9492575009869685,69,61
473,24,True,False,False,midpoint,0.5272116226517697,0.9704544932595764,69,62
473,24,True,False,False,midpoint_with_inhaler,0.5272116226517697,0.9704544932595764,69,63
473,24,True,False,False,upper_bound,0.5267679765159733,0.971272469832429,69,64
473,24,True,False,False,upper_bound_with_inhaler,0.5267679765159733,0.971272469832429,69,65
473,24,True,False,True,one_hot,0.24796516352460932,0.2479651635246093,69,66
473,24,True,False,True,lower_bound,0.5272116226517697,0.9492575009869685,69,67
473,24,True,False,True,midpoint,0.5272116226517697,0.9704544932595764,69,68
473,24,True,False,True,midpoint_with_inhaler,0.5272116226517697,0.9704544932595764,69,69
473,24,True,False,True,upper_bound,0.5267679765159733,0.971272469832429,69,70
473,24,True,False,True,upper_bound_with_inhaler,0.5267679765159733,0.971272469832429,69,71
473,36,False,False,False,one_hot,0.18543637695829962,0.18543637695829937,69,72
473,36,False,False,False,lower_bound,0.7261403030595537,0.9558006478899993,69,73
473,36,False,False,False,midpoint,0.7261403030595537,0.925153151906695,69,74
473,36,False,False,False,midpoint_with_inhaler,0.7261403030595537,0.985389539297223,69,75
473,36,False,False,False,upper_bound,0.7203381965120025,0.8854495990015822,69,76
473,36,False,False,False,upper_bound_with_inhaler,0.7261403030595537,0.998864872095076,69,77
473,36,False,False,True,one_hot,0.18543637695829962,0.18543637695829937,69,78
473,36,False,False,True,lower_bound,0.7261403030595537,0.9558006478899993,69,79
473,36,False,False,True,midpoint,0.7261403030595537,0.925153151906695,69,80
473,36,False,False,True,midpoint_with_inhaler,0.7261403030595537,0.985389539297223,69,81
473,36,False,False,True,upper_bound,0.7203381965120025,0.8854495990015822,69,82
473,36,False,False,True,upper_bound_with_inhaler,0.7261403030595537,0.998864872095076,69,83
473,36,True,False,False,one_hot,0.1975669224926018,0.19756692249260174,69,84
473,36,True,False,False,lower_bound,0.4583175398900865,0.6625746842301145,69,85
473,36,True,False,False,midpoint,0.4583175398900865,0.638995061593095,69,86
473,36,True,False,False,midpoint_with_inhaler,0.4583175398900865,0.638995061593095,69,87
473,36,True,False,False,upper_bound,0.4574028825664327,0.6146587642650762,69,88
473,36,True,False,False,upper_bound_with_inhaler,0.4574028825664327,0.6146587642650762,69,89
473,36,True,False,True,one_hot,0.1975669224926018,0.19756692249260174,69,90
473,36,True,False,True,lower_bound,0.4583175398900865,0.6625746842301145,69,91
473,36,True,False,True,midpoint,0.4583175398900865,0.638995061593095,69,92
473,36,True,False,True,midpoint_with_inhaler,0.4583175398900865,0.638995061593095,69,93
473,36,True,False,True,upper_bound,0.4574028825664327,0.6146587642650762,69,94
473,36,True,False,True,upper_bound_with_inhaler,0.4574028825664327,0.6146587642650762,69,95
473,48,False,False,False,one_hot,-0.0803838070040304,-0.08038380700403039,69,96
473,48,False,False,False,lower_bound,0.5870714482826759,0.8543243902381765,69,97
473,48,False,False,False,midpoint,0.5870714482826759,0.8025479674999119,69,98
473,48,False,False,False,midpoint_with_inhaler,0.5870714482826759,0.8518875280700273,69,99
473,48,False,False,False,upper_bound,0.5832599841698054,0.7471362168032087,69,100
473,48,False,False,False,upper_bound_with_inhaler,0.5870714482826759,0.8529926127491119,69,101
473,48,False,False,True,one_hot,-0.0803838070040304,-0.08038380700403039,69,102
473,48,False,False,True,lower_bound,0.5870714482826759,0.8543243902381765,69,103
473,48,False,False,True,midpoint,0.5870714482826759,0.8025479674999119,69,104
473,48,False,False,True,midpoint_with_inhaler,0.5870714482826759,0.8518875280700273,69,105
473,48,False,False,True,upper_bound,0.5832599841698054,0.7471362168032087,69,106
473,48,False,False,True,upper_bound_with_inhaler,0.5870714482826759,0.8529926127491119,69,107
473,48,False,True,False,one_hot,0.14312504230076822,0.1431250423007682,69,108
473,48,False,True,False,lower_bound,0.2582333828002247,0.3200896486470645,69,109
473,48,False,True,False,midpoint,0.2582333828002247,0.33767784203332685,69,110
473,48,False,True,False,midpoint_with_inhaler,0.2582333828002247,0.33767784203332685,69,111
473,48,False,True,False,upper_bound,0.2565312464107444,0.3440474338179298,69,112
473,48,False,True,False,upper_bound_with_inhaler,0.2565312464107444,0.3440474338179298,69,113
473,48,False,True,True,one_hot,0.14312504230076822,0.1431250423007682,69,114
473,48,False,True,True,lower_bound,0.2582333828002247,0.3200896486470645,69,115
473,48,False,True,True,midpoint,0.2582333828002247,0.33767784203332685,69,116
473,48,False,True,True,midpoint_with_inhaler,0.2582333828002247,0.33767784203332685,69,117
473,48,False,True,True,upper_bound,0.2565312464107444,0.3440474338179298,69,118
473,48,False,True,True,upper_bound_with_inhaler,0.2565312464107444,0.3440474338179298,69,119
473,48,True,False,False,one_hot,0.01944284436880412,0.019442844368804123,69,120
473,48,True,False,False,lower_bound,0.35025524497943306,0.5591220349972648,69,121
473,48,True,False,False,midpoint,0.35025524497943306,0.541132655840858,69,122
473,48,True,False,False,midpoint_with_inhaler,0.35025524497943306,0.541132655840858,69,123
473,48,True,False,False,upper_bound,0.3486528515900402,0.5215429847963666,69,124
473,48,True,False,False,upper_bound_with_inhaler,0.3486528515900402,0.5215429847963666,69,125
473,48,True,False,True,one_hot,0.01944284436880412,0.019442844368804123,69,126
473,48,True,False,True,lower_bound,0.35025524497943306,0.5591220349972648,69,127
473,48,True,False,True,midpoint,0.35025524497943306,0.541132655840858,69,128
473,48,True,False,True,midpoint_with_inhaler,0.35025524497943306,0.541132655840858,69,129
473,48,True,False,True,upper_bound,0.3486528515900402,0.5215429847963666,69,130
473,48,True,False,True,upper_bound_with_inhaler,0.3486528515900402,0.5215429847963666,69,131
514,12,False,False,False,one_hot,0.21652209511742335,0.21652209511742335,36,0
514,12,False,False,False,lower_bound,0.21652209511742335,0.21652209511742335,36,1
514,12,False,False,False,midpoint,0.21652209511742335,0.21652209511742332,36,2
514,12,False,False,False,midpoint_with_inhaler,0.21652209511742335,0.21652209511742332,36,3
514,12,False,False,False,upper_bound,0.21652209511742335,0.21652209511742335,36,4
514,12,False,False,False,upper_bound_with_inhaler,0.21652209511742335,0.21652209511742335,36,5
514,12,False,False,True,one_hot,0.21652209511742335,0.21652209511742335,36,6
514,12,False,False,True,lower_bound,0.21652209511742335,0.21652209511742335,36,7
514,12,False,False,True,midpoint,0.21652209511742335,0.21652209511742332,36,8
514,12,False,False,True,midpoint_with_inhaler,0.21652209511742335,0.21652209511742332,36,9
514,12,False,False,True,upper_bound,0.21652209511742335,0.21652209511742335,36,10
514,12,False,False,True,upper_bound_with_inhaler,0.21652209511742335,0.21652209511742335,36,11
514,12,False,True,False,one_hot,0.610289785219537,0.6102897852195366,36,12
514,12,False,True,False,lower_bound,0.610289785219537,0.6102897852195366,36,13
514,12,False,True,False,midpoint,0.610289785219537,0.610289785219537,36,14
514,12,False,True,False,midpoint_with_inhaler,0.610289785219537,0.610289785219537,36,15
514,12,False,True,False,upper_bound,0.610289785219537,0.6102897852195366,36,16
514,12,False,True,False,upper_bound_with_inhaler,0.610289785219537,0.6102897852195366,36,17
514,12,False,True,True,one_hot,0.610289785219537,0.6102897852195366,36,18
514,12,False,True,True,lower_bound,0.610289785219537,0.6102897852195366,36,19
514,12,False,True,True,midpoint,0.610289785219537,0.610289785219537,36,20
514,12,False,True,True,midpoint_with_inhaler,0.610289785219537,0.610289785219537,36,21
514,12,False,True,True,upper_bound,0.610289785219537,0.6102897852195366,36,22
514,12,False,True,True,upper_bound_with_inhaler,0.610289785219537,0.6102897852195366,36,23
514,12,True,False,False,one_hot,0.12565721414045306,0.125657214140453,36,24
514,12,True,False,False,lower_bound,0.12565721414045306,0.125657214140453,36,25
514,12,True,False,False,midpoint,0.12565721414045306,0.1256572141404531,36,26
514,12,True,False,False,midpoint_with_inhaler,0.12565721414045306,0.1256572141404531,36,27
514,12,True,False,False,upper_bound,0.12565721414045306,0.125657214140453,36,28
514,12,True,False,False,upper_bound_with_inhaler,0.12565721414045306,0.125657214140453,36,29
514,12,True,False,True,one_hot,0.12565721414045306,0.125657214140453,36,30
514,12,True,False,True,lower_bound,0.12565721414045306,0.125657214140453,36,31
514,12,True,False,True,midpoint,0.12565721414045306,0.1256572141404531,36,32
514,12,True,False,True,midpoint_with_inhaler,0.12565721414045306,0.1256572141404531,36,33
514,12,True,False,True,upper_bound,0.12565721414045306,0.125657214140453,36,34
514,12,True,False,True,upper_bound_with_inhaler,0.12565721414045306,0.125657214140453,36,35
514,24,False,False,False,one_hot,0.1912814998209284,0.1912814998209284,36,36
514,24,False,False,False,lower_bound,0.1912814998209284,0.1912814998209284,36,37
514,24,False,False,False,midpoint,0.1912814998209284,0.1912814998209285,36,38
514,24,False,False,False,midpoint_with_inhaler,0.1912814998209284,0.1912814998209285,36,39
514,24,False,False,False,upper_bound,0.1912814998209284,0.1912814998209284,36,40
514,24,False,False,False,upper_bound_with_inhaler,0.1912814998209284,0.1912814998209284,36,41
514,24,False,False,True,one_hot,0.1912814998209284,0.1912814998209284,36,42
514,24,False,False,True,lower_bound,0.1912814998209284,0.1912814998209284,36,43
514,24,False,False,True,midpoint,0.1912814998209284,0.1912814998209285,36,44
514,24,False,False,True,midpoint_with_inhaler,0.1912814998209284,0.1912814998209285,36,45
514,24,False,False,True,upper_bound,0.1912814998209284,0.1912814998209284,36,46
514,24,False,False,True,upper_bound_with_inhaler,0.1912814998209284,0.1912814998209284,36,47
514,24,False,True,False,one_hot,-0.04966997346338852,-0.04966997346338849,36,48
514,24,False,True,False,lower_bound,-0.04966997346338852,-0.04966997346338849,36,49
514,24,False,True,False,midpoint,-0.04966997346338852,-0.04966997346338849,36,50
514,24,False,True,False,midpoint_with_inhaler,-0.04966997346338852,-0.04966997346338849,36,51
514,24,False,True,False,upper_bound,-0.04966997346338852,-0.04966997346338849,36,52
514,24,False,True,False,upper_bound_with_inhaler,-0.04966997346338852,-0.04966997346338849,36,53
514,24,False,True,True,one_hot,-0.04966997346338852,-0.04966997346338849,36,54
514,24,False,True,True,lower_bound,-0.04966997346338852,-0.04966997346338849,36,55
514,24,False,True,True,midpoint,-0.04966997346338852,-0.04966997346338849,36,56
514,24,False,True,True,midpoint_with_inhaler,-0.04966997346338852,-0.04966997346338849,36,57
514,24,False,True,True,upper_bound,-0.04966997346338852,-0.04966997346338849,36,58
514,24,False,True,True,upper_bound_with_inhaler,-0.04966997346338852,-0.04966997346338849,36,59
514,24,True,False,False,one_hot,0.1912814998209284,0.1912814998209284,36,60
514,24,True,False,False,lower_bound,0.1912814998209284,0.1912814998209284,36,61
514,24,True,False,False,midpoint,0.1912814998209284,0.1912814998209285,36,62
514,24,True,False,False,midpoint_with_inhaler,0.1912814998209284,0.1912814998209285,36,63
514,24,True,False,False,upper_bound,0.1912814998209284,0.1912814998209284,36,64
514,24,True,False,False,upper_bound_with_inhaler,0.1912814998209284,0.1912814998209284,36,65
514,24,True,False,True,one_hot,0.1912814998209284,0.1912814998209284,36,66
514,24,True,False,True,lower_bound,0.1912814998209284,0.1912814998209284,36,67
514,24,True,False,True,midpoint,0.1912814998209284,0.1912814998209285,36,68
514,24,True,False,True,midpoint_with_inhaler,0.1912814998209284,0.1912814998209285,36,69
514,24,True,False,True,upper_bound,0.1912814998209284,0.1912814998209284,36,70
514,24,True,False,True,upper_bound_with_inhaler,0.1912814998209284,0.1912814998209284,36,71
514,36,False,False,False,one_hot,0.22288333655634518,0.22288333655634518,36,72
514,36,False,False,False,lower_bound,0.22288333655634518,0.22288333655634518,36,73
514,36,False,False,False,midpoint,0.22288333655634518,0.22288333655634526,36,74
514,36,False,False,False,midpoint_with_inhaler,0.22288333655634518,0.22288333655634526,36,75
514,36,False,False,False,upper_bound,0.22288333655634518,0.22288333655634518,36,76
514,36,False,False,False,upper_bound_with_inhaler,0.22288333655634518,0.22288333655634518,36,77
514,36,False,False,True,one_hot,0.22288333655634518,0.22288333655634518,36,78
514,36,False,False,True,lower_bound,0.22288333655634518,0.22288333655634518,36,79
514,36,False,False,True,midpoint,0.22288333655634518,0.22288333655634526,36,80
514,36,False,False,True,midpoint_with_inhaler,0.22288333655634518,0.22288333655634526,36,81
514,36,False,False,True,upper_bound,0.22288333655634518,0.22288333655634518,36,82
514,36,False,False,True,upper_bound_with_inhaler,0.22288333655634518,0.22288333655634518,36,83
514,36,True,False,False,one_hot,-0.04966997346338844,-0.049669973463388445,36,84
514,36,True,False,False,lower_bound,-0.04966997346338844,-0.049669973463388445,36,85
514,36,True,False,False,midpoint,-0.04966997346338844,-0.0496699734633885,36,86
514,36,True,False,False,midpoint_with_inhaler,-0.04966997346338844,-0.0496699734633885,36,87
514,36,True,False,False,upper_bound,-0.04966997346338844,-0.049669973463388445,36,88
514,36,True,False,False,upper_bound_with_inhaler,-0.04966997346338844,-0.049669973463388445,36,89
514,36,True,False,True,one_hot,-0.04966997346338844,-0.049669973463388445,36,90
514,36,True,False,True,lower_bound,-0.04966997346338844,-0.049669973463388445,36,91
514,36,True,False,True,midpoint,-0.04966997346338844,-0.0496699734633885,36,92
514,36,True,False,True,midpoint_with_inhaler,-0.04966997346338844,-0.0496699734633885,36,93
514,36,True,False,True,upper_bound,-0.04966997346338844,-0.049669973463388445,36,94
514,36,True,False,True,upper_bound_with_inhaler,-0.04966997346338844,-0.049669973463388445,36,95
514,48,False,False,False,one_hot,0.2437617542107562,0.24376175421075613,36,96
514,48,False,False,False,lower_bound,0.2437617542107562,0.24376175421075613,36,97
514,48,False,False,False,midpoint,0.2437617542107562,0.2437617542107562,36,98
514,48,False,False,False,midpoint_with_inhaler,0.2437617542107562,0.2437617542107562,36,99
514,48,False,False,False,upper_bound,0.2437617542107562,0.24376175421075613,36,100
514,48,False,False,False,upper_bound_with_inhaler,0.2437617542107562,0.24376175421075613,36,101
514,48,False,False,True,one_hot,0.2437617542107562,0.24376175421075613,36,102
514,48,False,False,True,lower_bound,0.2437617542107562,0.24376175421075613,36,103
514,48,False,False,True,midpoint,0.2437617542107562,0.2437617542107562,36,104
514,48,False,False,True,midpoint_with_inhaler,0.2437617542107562,0.2437617542107562,36,105
514,48,False,False,True,upper_bound,0.2437617542107562,0.24376175421075613,36,106
514,48,False,False,True,upper_bound_with_inhaler,0.2437617542107562,0.24376175421075613,36,107
514,48,False,True,False,one_hot,0.3078512105481644,0.3078512105481644,36,108
514,48,False,True,False,lower_bound,0.3078512105481644,0.3078512105481644,36,109
514,48,False,True,False,midpoint,0.3078512105481644,0.3078512105481644,36,110
514,48,False,True,False,midpoint_with_inhaler,0.3078512105481644,0.3078512105481644,36,111
514,48,False,True,False,upper_bound,0.3078512105481644,0.3078512105481644,36,112
514,48,False,True,False,upper_bound_with_inhaler,0.3078512105481644,0.3078512105481644,36,113
514,48,False,True,True,one_hot,0.3078512105481644,0.3078512105481644,36,114
514,48,False,True,True,lower_bound,0.3078512105481644,0.3078512105481644,36,115
514,48,False,True,True,midpoint,0.3078512105481644,0.3078512105481644,36,116
514,48,False,True,True,midpoint_with_inhaler,0.3078512105481644,0.3078512105481644,36,117
514,48,False,True,True,upper_bound,0.3078512105481644,0.3078512105481644,36,118
514,48,False,True,True,upper_bound_with_inhaler,0.3078512105481644,0.3078512105481644,36,119
514,48,True,False,False,one_hot,-1.734723475976807e-17,2.0816681711721685e-17,36,120
514,48,True,False,False,lower_bound,-1.734723475976807e-17,2.0816681711721685e-17,36,121
514,48,True,False,False,midpoint,-1.734723475976807e-17,-1.734723475976807e-17,36,122
514,48,True,False,False,midpoint_with_inhaler,-1.734723475976807e-17,-1.734723475976807e-17,36,123
514,48,True,False,False,upper_bound,-1.734723475976807e-17,2.0816681711721685e-17,36,124
514,48,True,False,False,upper_bound_with_inhaler,-1.734723475976807e-17,2.0816681711721685e-17,36,125
514,48,True,False,True,one_hot,-1.734723475976807e-17,2.0816681711721685e-17,36,126
514,48,True,False,True,lower_bound,-1.734723475976807e-17,2.0816681711721685e-17,36,127
514,48,True,False,True,midpoint,-1.734723475976807e-17,-1.734723475976807e-17,36,128
514,48,True,False,True,midpoint_with_inhaler,-1.734723475976807e-17,-1.734723475976807e-17,36,129
514,48,True,False,True,upper_bound,-1.734723475976807e-17,2.0816681711721685e-17,36,130
514,48,True,False,True,upper_bound_with_inhaler,-1.734723475976807e-17,2.0816681711721685e-17,36,131
625,12,False,False,False,one_hot,0.16410752159604303,0.16410752159604303,16,0
625,12,False,False,False,lower_bound,0.24642208524496698,0.2896684595735914,16,1
625,12,False,False,False,midpoint,0.24642208524496698,0.2765114838219117,16,2
625,12,False,False,False,midpoint_with_inhaler,0.24642208524496698,0.2765114838219117,16,3
625,12,False,False,False,upper_bound,0.24642208524496698,0.264177681483241,16,4
625,12,False,False,False,upper_bound_with_inhaler,0.24642208524496698,0.264177681483241,16,5
625,12,False,False,True,one_hot,0.16410752159604303,0.16410752159604303,16,6
625,12,False,False,True,lower_bound,0.24642208524496698,0.2896684595735914,16,7
625,12,False,False,True,midpoint,0.24642208524496698,0.2765114838219117,16,8
625,12,False,False,True,midpoint_with_inhaler,0.24642208524496698,0.2765114838219117,16,9
625,12,False,False,True,upper_bound,0.24642208524496698,0.264177681483241,16,10
625,12,False,False,True,upper_bound_with_inhaler,0.24642208524496698,0.264177681483241,16,11
625,12,False,True,False,one_hot,0.09790159931512978,0.09790159931512978,16,12
625,12,False,True,False,lower_bound,0.11783090637818773,0.04314062237805966,16,13
625,12,False,True,False,midpoint,0.11783090637818773,0.0834884173156368,16,14
625,12,False,True,False,midpoint_with_inhaler,0.11783090637818773,0.0834884173156368,16,15
625,12,False,True,False,upper_bound,0.11783090637818773,0.11010136339543514,16,16
625,12,False,True,False,upper_bound_with_inhaler,0.11783090637818773,0.11010136339543514,16,17
625,12,False,True,True,one_hot,0.09790159931512978,0.09790159931512978,16,18
625,12,False,True,True,lower_bound,0.11783090637818773,0.04314062237805966,16,19
625,12,False,True,True,midpoint,0.11783090637818773,0.0834884173156368,16,20
625,12,False,True,True,midpoint_with_inhaler,0.11783090637818773,0.0834884173156368,16,21
625,12,False,True,True,upper_bound,0.11783090637818773,0.11010136339543514,16,22
625,12,False,True,True,upper_bound_with_inhaler,0.11783090637818773,0.11010136339543514,16,23
625,12,True,False,False,one_hot,0.09790159931512979,0.09790159931512979,16,24
625,12,True,False,False,lower_bound,0.11783090637818776,0.04314062237805965,16,25
625,12,True,False,False,midpoint,0.11783090637818776,0.08348841731563678,16,26
625,12,True,False,False,midpoint_with_inhaler,0.11783090637818776,0.08348841731563678,16,27
625,12,True,False,False,upper_bound,0.11783090637818776,0.11010136339543514,16,28
625,12,True,False,False,upper_bound_with_inhaler,0.11783090637818776,0.11010136339543514,16,29
625,12,True,False,True,one_hot,0.09790159931512979,0.09790159931512979,16,30
625,12,True,False,True,lower_bound,0.11783090637818776,0.04314062237805965,16,31
625,12,True,False,True,midpoint,0.11783090637818776,0.08348841731563678,16,32
625,12,True,False,True,midpoint_with_inhaler,0.11783090637818776,0.08348841731563678,16,33
625,12,True,False,True,upper_bound,0.11783090637818776,0.11010136339543514,16,34
625,12,True,False,True,upper_bound_with_inhaler,0.11783090637818776,0.11010136339543514,16,35
625,24,False,False,False,one_hot,0.07286799355566978,0.07286799355566978,16,36
625,24,False,False,False,lower_bound,0.04095225238335236,-0.10313108500085476,16,37
625,24,False,False,False,midpoint,0.04095225238335236,-0.1098873481366967,16,38
625,24,False,False,False,midpoint_with_inhaler,0.04095225238335236,-0.1098873481366967,16,39
625,24,False,False,False,upper_bound,0.04095225238335236,-0.11636372026059984,16,40
625,24,False,False,False,upper_bound_with_inhaler,0.04095225238335236,-0.11636372026059984,16,41
625,24,False,False,True,one_hot,0.07286799355566978,0.07286799355566978,16,42
625,24,False,False,True,lower_bound,0.04095225238335236,-0.10313108500085476,16,43
625,24,False,False,True,midpoint,0.04095225238335236,-0.1098873481366967,16,44
625,24,False,False,True,midpoint_with_inhaler,0.04095225238335236,-0.1098873481366967,16,45
625,24,False,False,True,upper_bound,0.04095225238335236,-0.11636372026059984,16,46
625,24,False,False,True,upper_bound_with_inhaler,0.04095225238335236,-0.11636372026059984,16,47
625,24,False,True,False,one_hot,0.24275390789085047,0.24275390789085047,16,48
625,24,False,True,False,lower_bound,0.04165913768692191,-0.18184605864868109,16,49
625,24,False,True,False,midpoint,0.04165913768692191,-0.16209270732924838,16,50
625,24,False,True,False,midpoint_with_inhaler,0.04165913768692191,-0.16209270732924838,16,51
625,24,False,True,False,upper_bound,0.04165913768692191,-0.14488484548027708,16,52
625,24,False,True,False,upper_bound_with_inhaler,0.04165913768692191,-0.14488484548027708,16,53
625,24,False,True,True,one_hot,0.24275390789085047,0.24275390789085047,16,54
625,24,False,True,True,lower_bound,0.04165913768692191,-0.18184605864868109,16,55
625,24,False,True,True,midpoint,0.04165913768692191,-0.16209270732924838,16,56
625,24,False,True,True,midpoint_with_inhaler,0.04165913768692191,-0.16209270732924838,16,57
625,24,False,True,True,upper_bound,0.04165913768692191,-0.14488484548027708,16,58
625,24,False,True,True,upper_bound_with_inhaler,0.04165913768692191,-0.14488484548027708,16,59
625,24,True,False,False,one_hot,0.07286799355566978,0.07286799355566978,16,60
625,24,True,False,False,lower_bound,0.04095225238335236,-0.10313108500085476,16,61
625,24,True,False,False,midpoint,0.04095225238335236,-0.1098873481366967,16,62
625,24,True,False,False,midpoint_with_inhaler,0.04095225238335236,-0.1098873481366967,16,63
625,24,True,False,False,upper_bound,0.04095225238335236,-0.11636372026059984,16,64
625,24,True,False,False,upper_bound_with_inhaler,0.04095225238335236,-0.11636372026059984,16,65
625,24,True,False,True,one_hot,0.07286799355566978,0.07286799355566978,16,66
625,24,True,False,True,lower_bound,0.04095225238335236,-0.10313108500085476,16,67
625,24,True,False,True,midpoint,0.04095225238335236,-0.1098873481366967,16,68
625,24,True,False,True,midpoint_with_inhaler,0.04095225238335236,-0.1098873481366967,16,69
625,24,True,False,True,upper_bound,0.04095225238335236,-0.11636372026059984,16,70
625,24,True,False,True,upper_bound_with_inhaler,0.04095225238335236,-0.11636372026059984,16,71
625,36,False,False,False,one_hot,0.04765508990216245,0.04765508990216245,16,72
625,36,False,False,False,lower_bound,-0.05947282715509517,-0.15811591876168443,16,73
625,36,False,False,False,midpoint,-0.05947282715509517,-0.1700360273371789,16,74
625,36,False,False,False,midpoint_with_inhaler,-0.05947282715509517,-0.1700360273371789,16,75
625,36,False,False,False,upper_bound,-0.05947282715509517,-0.17824750408745846,16,76
625,36,False,False,False,upper_bound_with_inhaler,-0.05947282715509517,-0.17824750408745846,16,77
625,36,False,False,True,one_hot,0.04765508990216245,0.04765508990216245,16,78
625,36,False,False,True,lower_bound,-0.05947282715509517,-0.15811591876168443,16,79
625,36,False,False,True,midpoint,-0.05947282715509517,-0.1700360273371789,16,80
625,36,False,False,True,midpoint_with_inhaler,-0.05947282715509517,-0.1700360273371789,16,81
625,36,False,False,True,upper_bound,-0.05947282715509517,-0.17824750408745846,16,82
625,36,False,False,True,upper_bound_with_inhaler,-0.05947282715509517,-0.17824750408745846,16,83
625,36,True,False,False,one_hot,0.07286799355566981,0.07286799355566981,16,84
625,36,True,False,False,lower_bound,0.040952252383352344,-0.10313108500085476,16,85
625,36,True,False,False,midpoint,0.040952252383352344,-0.10988734813669672,16,86
625,36,True,False,False,midpoint_with_inhaler,0.040952252383352344,-0.10988734813669672,16,87
625,36,True,False,False,upper_bound,0.040952252383352344,-0.11636372026059984,16,88
625,36,True,False,False,upper_bound_with_inhaler,0.040952252383352344,-0.11636372026059984,16,89
625,36,True,False,True,one_hot,0.07286799355566981,0.07286799355566981,16,90
625,36,True,False,True,lower_bound,0.040952252383352344,-0.10313108500085476,16,91
625,36,True,False,True,midpoint,0.040952252383352344,-0.10988734813669672,16,92
625,36,True,False,True,midpoint_with_inhaler,0.040952252383352344,-0.10988734813669672,16,93
625,36,True,False,True,upper_bound,0.040952252383352344,-0.11636372026059984,16,94
625,36,True,False,True,upper_bound_with_inhaler,0.040952252383352344,-0.11636372026059984,16,95
625,48,False,False,False,one_hot,0.3015932993431672,0.3015932993431672,16,96
625,48,False,False,False,lower_bound,0.06659465255199999,0.1654688359132839,16,97
625,48,False,False,False,midpoint,0.06659465255199999,0.15277178467983568,16,98
625,48,False,False,False,midpoint_with_inhaler,0.06659465255199999,0.15277178467983568,16,99
625,48,False,False,False,upper_bound,0.06659465255199999,0.14061246523247575,16,100
625,48,False,False,False,upper_bound_with_inhaler,0.06659465255199999,0.14061246523247575,16,101
625,48,False,False,True,one_hot,0.3015932993431672,0.3015932993431672,16,102
625,48,False,False,True,lower_bound,0.06659465255199999,0.1654688359132839,16,103
625,48,False,False,True,midpoint,0.06659465255199999,0.15277178467983568,16,104
625,48,False,False,True,midpoint_with_inhaler,0.06659465255199999,0.15277178467983568,16,105
625,48,False,False,True,upper_bound,0.06659465255199999,0.14061246523247575,16,106
625,48,False,False,True,upper_bound_with_inhaler,0.06659465255199999,0.14061246523247575,16,107
625,48,False,True,False,one_hot,-0.2217841271925576,-0.2217841271925576,16,108
625,48,False,True,False,lower_bound,-0.09039682264010147,0.246533937242657,16,109
625,48,False,True,False,midpoint,-0.09039682264010147,0.20903993462351064,16,110
625,48,False,True,False,midpoint_with_inhaler,-0.09039682264010147,0.20903993462351064,16,111
625,48,False,True,False,upper_bound,-0.09039682264010147,0.180096350295884,16,112
625,48,False,True,False,upper_bound_with_inhaler,-0.09039682264010147,0.180096350295884,16,113
625,48,False,True,True,one_hot,-0.2217841271925576,-0.2217841271925576,16,114
625,48,False,True,True,lower_bound,-0.09039682264010147,0.246533937242657,16,115
625,48,False,True,True,midpoint,-0.09039682264010147,0.20903993462351064,16,116
625,48,False,True,True,midpoint_with_inhaler,-0.09039682264010147,0.20903993462351064,16,117
625,48,False,True,True,upper_bound,-0.09039682264010147,0.180096350295884,16,118
625,48,False,True,True,upper_bound_with_inhaler,-0.09039682264010147,0.180096350295884,16,119
625,48,True,False,False,one_hot,0.09790159931512978,0.09790159931512978,16,120
625,48,True,False,False,lower_bound,0.20115845060734602,0.4688849269223996,16,121
625,48,True,False,False,midpoint,0.20115845060734602,0.42437434589518797,16,122
625,48,True,False,False,midpoint_with_inhaler,0.20115845060734602,0.42437434589518797,16,123
625,48,True,False,False,upper_bound,0.20115845060734602,0.3917167669672687,16,124
625,48,True,False,False,upper_bound_with_inhaler,0.20115845060734602,0.3917167669672687,16,125
625,48,True,False,True,one_hot,0.09790159931512978,0.09790159931512978,16,126
625,48,True,False,True,lower_bound,0.20115845060734602,0.4688849269223996,16,127
625,48,True,False,True,midpoint,0.20115845060734602,0.42437434589518797,16,128
625,48,True,False,True,midpoint_with_inhaler,0.20115845060734602,0.42437434589518797,16,129
625,48,True,False,True,upper_bound,0.20115845060734602,0.3917167669672687,16,130
625,48,True,False,True,upper_bound_with_inhaler,0.20115845060734602,0.3917167669672687,16,131
701,12,False,False,False,one_hot,,,30,0
701,12,False,False,False,lower_bound,0.2542710907146033,0.24982304366167649,30,1
701,12,False,False,False,midpoint,0.2542710907146033,0.2593948844302535,30,2
701,12,False,False,False,midpoint_with_inhaler,0.2542710907146033,0.2593948844302535,30,3
701,12,False,False,False,upper_bound,0.2542710907146033,0.2580933307232509,30,4
701,12,False,False,False,upper_bound_with_inhaler,0.2542710907146033,0.2580933307232509,30,5
701,12,False,False,True,one_hot,,,30,6
701,12,False,False,True,lower_bound,0.2542710907146033,0.24982304366167649,30,7
701,12,False,False,True,midpoint,0.2542710907146033,0.2593948844302535,30,8
701,12,False,False,True,midpoint_with_inhaler,0.2542710907146033,0.2593948844302535,30,9
701,12,False,False,True,upper_bound,0.2542710907146033,0.2580933307232509,30,10
701,12,False,False,True,upper_bound_with_inhaler,0.2542710907146033,0.2580933307232509,30,11
701,12,False,True,False,one_hot,,,30,12
701,12,False,True,False,lower_bound,0.3853472740318273,0.39914780971036123,30,13
701,12,False,True,False,midpoint,0.3853472740318273,0.4005800490375745,30,14
701,12,False,True,False,midpoint_with_inhaler,0.3853472740318273,0.4005800490375745,30,15
701,12,False,True,False,upper_bound,0.3853472740318273,0.39571024300988344,30,16
701,12,False,True,False,upper_bound_with_inhaler,0.3853472740318273,0.39571024300988344,30,17
701,12,False,True,True,one_hot,,,30,18
701,12,False,True,True,lower_bound,0.3853472740318273,0.39914780971036123,30,19
701,12,False,True,True,midpoint,0.3853472740318273,0.4005800490375745,30,20
701,12,False,True,True,midpoint_with_inhaler,0.3853472740318273,0.4005800490375745,30,21
701,12,False,True,True,upper_bound,0.3853472740318273,0.39571024300988344,30,22
701,12,False,True,True,upper_bound_with_inhaler,0.3853472740318273,0.39571024300988344,30,23
701,12,True,False,False,one_hot,,,30,24
701,12,True,False,False,lower_bound,0.20235518962500026,0.23582659091166366,30,25
701,12,True,False,False,midpoint,0.20235518962500026,0.24193550715616816,30,26
701,12,True,False,False,midpoint_with_inhaler,0.20235518962500026,0.24193550715616816,30,27
701,12,True,False,False,upper_bound,0.20235518962500026,0.24749241140288877,30,28
701,12,True,False,False,upper_bound_with_inhaler,0.20235518962500026,0.24749241140288877,30,29
701,12,True,False,True,one_hot,,,30,30
701,12,True,False,True,lower_bound,0.20235518962500026,0.23582659091166366,30,31
701,12,True,False,True,midpoint,0.20235518962500026,0.24193550715616816,30,32
701,12,True,False,True,midpoint_with_inhaler,0.20235518962500026,0.24193550715616816,30,33
701,12,True,False,True,upper_bound,0.20235518962500026,0.24749241140288877,30,34
701,12,True,False,True,upper_bound_with_inhaler,0.20235518962500026,0.24749241140288877,30,35
701,24,False,False,False,one_hot,,,30,36
701,24,False,False,False,lower_bound,0.29954155341793387,0.32181289037244837,30,37
701,24,False,False,False,midpoint,0.29954155341793387,0.32663185815366635,30,38
701,24,False,False,False,midpoint_with_inhaler,0.29954155341793387,0.32663185815366635,30,39
701,24,False,False,False,upper_bound,0.29954155341793387,0.3270558394879105,30,40
701,24,False,False,False,upper_bound_with_inhaler,0.29954155341793387,0.3270558394879105,30,41
701,24,False,False,True,one_hot,,,30,42
701,24,False,False,True,lower_bound,0.29954155341793387,0.32181289037244837,30,43
701,24,False,False,True,midpoint,0.29954155341793387,0.32663185815366635,30,44
701,24,False,False,True,midpoint_with_inhaler,0.29954155341793387,0.32663185815366635,30,45
701,24,False,False,True,upper_bound,0.29954155341793387,0.3270558394879105,30,46
701,24,False,False,True,upper_bound_with_inhaler,0.29954155341793387,0.3270558394879105,30,47
701,24,False,True,False,one_hot,,,30,48
701,24,False,True,False,lower_bound,0.18729196785061838,0.16397672001325264,30,49
701,24,False,True,False,midpoint,0.18729196785061838,0.12004236700584721,30,50
701,24,False,True,False,midpoint_with_inhaler,0.18729196785061838,0.12004236700584721,30,51
701,24,False,True,False,upper_bound,0.18729196785061838,0.08453775463221656,30,52
701,24,False,True,False,upper_bound_with_inhaler,0.18729196785061838,0.08453775463221656,30,53
701,24,False,True,True,one_hot,,,30,54
701,24,False,True,True,lower_bound,0.18729196785061838,0.16397672001325264,30,55
701,24,False,True,True,midpoint,0.18729196785061838,0.12004236700584721,30,56
701,24,False,True,True,midpoint_with_inhaler,0.18729196785061838,0.12004236700584721,30,57
701,24,False,True,True,upper_bound,0.18729196785061838,0.08453775463221656,30,58
701,24,False,True,True,upper_bound_with_inhaler,0.18729196785061838,0.08453775463221656,30,59
701,24,True,False,False,one_hot,,,30,60
701,24,True,False,False,lower_bound,0.29954155341793387,0.32181289037244837,30,61
701,24,True,False,False,midpoint,0.29954155341793387,0.32663185815366635,30,62
701,24,True,False,False,midpoint_with_inhaler,0.29954155341793387,0.32663185815366635,30,63
701,24,True,False,False,upper_bound,0.29954155341793387,0.3270558394879105,30,64
701,24,True,False,False,upper_bound_with_inhaler,0.29954155341793387,0.3270558394879105,30,65
701,24,True,False,True,one_hot,,,30,66
701,24,True,False,True,lower_bound,0.29954155341793387,0.32181289037244837,30,67
701,24,True,False,True,midpoint,0.29954155341793387,0.32663185815366635,30,68
701,24,True,False,True,midpoint_with_inhaler,0.29954155341793387,0.32663185815366635,30,69
701,24,True,False,True,upper_bound,0.29954155341793387,0.3270558394879105,30,70
701,24,True,False,True,upper_bound_with_inhaler,0.29954155341793387,0.3270558394879105,30,71
701,36,False,False,False,one_hot,,,30,72
701,36,False,False,False,lower_bound,0.29278895335776345,0.35418547075938484,30,73
701,36,False,False,False,midpoint,0.29278895335776345,0.28714963482819145,30,74
701,36,False,False,False,midpoint_with_inhaler,0.29278895335776345,0.28714963482819145,30,75
701,36,False,False,False,upper_bound,0.29278895335776345,0.2514227089478458,30,76
701,36,False,False,False,upper_bound_with_inhaler,0.29278895335776345,0.2514227089478458,30,77
701,36,False,False,True,one_hot,,,30,78
701,36,False,False,True,lower_bound,0.29278895335776345,0.35418547075938484,30,79
701,36,False,False,True,midpoint,0.29278895335776345,0.28714963482819145,30,80
701,36,False,False,True,midpoint_with_inhaler,0.29278895335776345,0.28714963482819145,30,81
701,36,False,False,True,upper_bound,0.29278895335776345,0.2514227089478458,30,82
701,36,False,False,True,upper_bound_with_inhaler,0.29278895335776345,0.2514227089478458,30,83
701,36,True,False,False,one_hot,,,30,84
701,36,True,False,False,lower_bound,0.07741933683635085,0.1236370518080331,30,85
701,36,True,False,False,midpoint,0.07741933683635085,0.13340757208524118,30,86
701,36,True,False,False,midpoint_with_inhaler,0.07741933683635085,0.13340757208524118,30,87
701,36,True,False,False,upper_bound,0.07741933683635085,0.14591161379503223,30,88
701,36,True,False,False,upper_bound_with_inhaler,0.07741933683635085,0.14591161379503223,30,89
701,36,True,False,True,one_hot,,,30,90
701,36,True,False,True,lower_bound,0.07741933683635085,0.1236370518080331,30,91
701,36,True,False,True,midpoint,0.07741933683635085,0.13340757208524118,30,92
701,36,True,False,True,midpoint_with_inhaler,0.07741933683635085,0.13340757208524118,30,93
701,36,True,False,True,upper_bound,0.07741933683635085,0.14591161379503223,30,94
701,36,True,False,True,upper_bound_with_inhaler,0.07741933683635085,0.14591161379503223,30,95
701,48,False,False,False,one_hot,,,30,96
701,48,False,False,False,lower_bound,0.24416650013269897,0.35327522939714684,30,97
701,48,False,False,False,midpoint,0.24416650013269897,0.2822490552709522,30,98
701,48,False,False,False,midpoint_with_inhaler,0.24416650013269897,0.2822490552709522,30,99
701,48,False,False,False,upper_bound,0.24416650013269897,0.24622071194137476,30,100
701,48,False,False,False,upper_bound_with_inhaler,0.24416650013269897,0.24622071194137476,30,101
701,48,False,False,True,one_hot,,,30,102
701,48,False,False,True,lower_bound,0.24416650013269897,0.35327522939714684,30,103
701,48,False,False,True,midpoint,0.24416650013269897,0.2822490552709522,30,104
701,48,False,False,True,midpoint_with_inhaler,0.24416650013269897,0.2822490552709522,30,105
701,48,False,False,True,upper_bound,0.24416650013269897,0.24622071194137476,30,106
701,48,False,False,True,upper_bound_with_inhaler,0.24416650013269897,0.24622071194137476,30,107
701,48,False,True,False,one_hot,,,30,108
701,48,False,True,False,lower_bound,0.12562575360066633,0.12411616912544997,30,109
701,48,False,True,False,midpoint,0.12562575360066633,0.0918835609103647,30,110
701,48,False,True,False,midpoint_with_inhaler,0.12562575360066633,0.0918835609103647,30,111
701,48,False,True,False,upper_bound,0.12562575360066633,0.06813378688976403,30,112
701,48,False,True,False,upper_bound_with_inhaler,0.12562575360066633,0.06813378688976403,30,113
701,48,False,True,True,one_hot,,,30,114
701,48,False,True,True,lower_bound,0.12562575360066633,0.12411616912544997,30,115
701,48,False,True,True,midpoint,0.12562575360066633,0.0918835609103647,30,116
701,48,False,True,True,midpoint_with_inhaler,0.12562575360066633,0.0918835609103647,30,117
701,48,False,True,True,upper_bound,0.12562575360066633,0.06813378688976403,30,118
701,48,False,True,True,upper_bound_with_inhaler,0.12562575360066633,0.06813378688976403,30,119
701,48,True,False,False,one_hot,,,30,120
701,48,True,False,False,lower_bound,0.009050996040286936,0.0033614568968569976,30,121
701,48,True,False,False,midpoint,0.009050996040286936,0.0258366599226199,30,122
701,48,True,False,False,midpoint_with_inhaler,0.009050996040286936,0.0258366599226199,30,123
701,48,True,False,False,upper_bound,0.009050996040286936,0.03758263157195116,30,124
701,48,True,False,False,upper_bound_with_inhaler,0.009050996040286936,0.03758263157195116,30,125
701,48,True,False,True,one_hot,,,30,126
701,48,True,False,True,lower_bound,0.009050996040286936,0.0033614568968569976,30,127
701,48,True,False,True,midpoint,0.009050996040286936,0.0258366599226199,30,128
701,48,True,False,True,midpoint_with_inhaler,0.009050996040286936,0.0258366599226199,30,129
701,48,True,False,True,upper_bound,0.009050996040286936,0.03758263157195116,30,130
701,48,True,False,True,upper_bound_with_inhaler,0.009050996040286936,0.03758263157195116,30,131
702,12,False,False,False,one_hot,0.48253504107354295,0.48253504107354295,120,0
702,12,False,False,False,lower_bound,0.5315803888062751,0.8853917079241643,120,1
702,12,False,False,False,midpoint,0.5315803888062751,0.7863713800463428,120,2
702,12,False,False,False,midpoint_with_inhaler,0.5315803888062751,0.7863713800463428,120,3
702,12,False,False,False,upper_bound,0.5315803888062751,0.7239629755291467,120,4
702,12,False,False,False,upper_bound_with_inhaler,0.5315803888062751,0.7239629755291467,120,5
702,12,False,False,True,one_hot,0.48253504107354295,0.48253504107354295,120,6
702,12,False,False,True,lower_bound,0.5315803888062751,0.8853917079241643,120,7
702,12,False,False,True,midpoint,0.5315803888062751,0.7863713800463428,120,8
702,12,False,False,True,midpoint_with_inhaler,0.5315803888062751,0.7863713800463428,120,9
702,12,False,False,True,upper_bound,0.5315803888062751,0.7239629755291467,120,10
702,12,False,False,True,upper_bound_with_inhaler,0.5315803888062751,0.7239629755291467,120,11
702,12,False,True,False,one_hot,0.26609105426669166,0.26609105426669166,120,12
702,12,False,True,False,lower_bound,0.3519775599925003,0.5145363630646553,120,13
702,12,False,True,False,midpoint,0.3519775599925003,0.4957290180640598,120,14
702,12,False,True,False,midpoint_with_inhaler,0.3519775599925003,0.4957290180640598,120,15
702,12,False,True,False,upper_bound,0.3519775599925003,0.4770536995302994,120,16
702,12,False,True,False,upper_bound_with_inhaler,0.3519775599925003,0.4770536995302994,120,17
702,12,False,True,True,one_hot,0.26609105426669166,0.26609105426669166,120,18
702,12,False,True,True,lower_bound,0.3519775599925003,0.5145363630646553,120,19
702,12,False,True,True,midpoint,0.3519775599925003,0.4957290180640598,120,20
702,12,False,True,True,midpoint_with_inhaler,0.3519775599925003,0.4957290180640598,120,21
702,12,False,True,True,upper_bound,0.3519775599925003,0.4770536995302994,120,22
702,12,False,True,True,upper_bound_with_inhaler,0.3519775599925003,0.4770536995302994,120,23
702,12,True,False,False,one_hot,0.37219340042881416,0.37219340042881416,120,24
702,12,True,False,False,lower_bound,0.4664159769113143,0.8635511367989019,120,25
702,12,True,False,False,midpoint,0.4664159769113143,0.8250330235349084,120,26
702,12,True,False,False,midpoint_with_inhaler,0.4664159769113143,0.8250330235349084,120,27
702,12,True,False,False,upper_bound,0.4664159769113143,0.7935401127146557,120,28
702,12,True,False,False,upper_bound_with_inhaler,0.4664159769113143,0.7935401127146557,120,29
702,12,True,False,True,one_hot,0.37219340042881416,0.37219340042881416,120,30
702,12,True,False,True,lower_bound,0.4664159769113143,0.8635511367989019,120,31
702,12,True,False,True,midpoint,0.4664159769113143,0.8250330235349084,120,32
702,12,True,False,True,midpoint_with_inhaler,0.4664159769113143,0.8250330235349084,120,33
702,12,True,False,True,upper_bound,0.4664159769113143,0.7935401127146557,120,34
702,12,True,False,True,upper_bound_with_inhaler,0.4664159769113143,0.7935401127146557,120,35
702,24,False,False,False,one_hot,0.42973012655471726,0.42973012655471726,120,36
702,24,False,False,False,lower_bound,0.5407412448448269,0.9746940838485387,120,37
702,24,False,False,False,midpoint,0.5407412448448269,0.9175128823922875,120,38
702,24,False,False,False,midpoint_with_inhaler,0.5407412448448269,0.9175128823922875,120,39
702,24,False,False,False,upper_bound,0.5407412448448269,0.8717759517738138,120,40
702,24,False,False,False,upper_bound_with_inhaler,0.5407412448448269,0.8717759517738138,120,41
702,24,False,False,True,one_hot,0.42973012655471726,0.42973012655471726,120,42
702,24,False,False,True,lower_bound,0.5407412448448269,0.9746940838485387,120,43
702,24,False,False,True,midpoint,0.5407412448448269,0.9175128823922875,120,44
702,24,False,False,True,midpoint_with_inhaler,0.5407412448448269,0.9175128823922875,120,45
702,24,False,False,True,upper_bound,0.5407412448448269,0.8717759517738138,120,46
702,24,False,False,True,upper_bound_with_inhaler,0.5407412448448269,0.8717759517738138,120,47
702,24,False,True,False,one_hot,0.4603192992478307,0.4603192992478307,120,48
702,24,False,True,False,lower_bound,0.5516221904850065,0.9328130089479871,120,49
702,24,False,True,False,midpoint,0.5516221904850065,0.885677083047014,120,50
702,24,False,True,False,midpoint_with_inhaler,0.5516221904850065,0.885677083047014,120,51
702,24,False,True,False,upper_bound,0.5516221904850065,0.8486623841691437,120,52
702,24,False,True,False,upper_bound_with_inhaler,0.5516221904850065,0.8486623841691437,120,53
702,24,False,True,True,one_hot,0.4603192992478307,0.4603192992478307,120,54
702,24,False,True,True,lower_bound,0.5516221904850065,0.9328130089479871,120,55
702,24,False,True,True,midpoint,0.5516221904850065,0.885677083047014,120,56
702,24,False,True,True,midpoint_with_inhaler,0.5516221904850065,0.885677083047014,120,57
702,24,False,True,True,upper_bound,0.5516221904850065,0.8486623841691437,120,58
702,24,False,True,True,upper_bound_with_inhaler,0.5516221904850065,0.8486623841691437,120,59
702,24,True,False,False,one_hot,0.42973012655471726,0.42973012655471726,120,60
702,24,True,False,False,lower_bound,0.5407412448448269,0.9746940838485387,120,61
702,24,True,False,False,midpoint,0.5407412448448269,0.9175128823922875,120,62
702,24,True,False,False,midpoint_with_inhaler,0.5407412448448269,0.9175128823922875,120,63
702,24,True,False,False,upper_bound,0.5407412448448269,0.8717759517738138,120,64
702,24,True,False,False,upper_bound_with_inhaler,0.5407412448448269,0.8717759517738138,120,65
702,24,True,False,True,one_hot,0.42973012655471726,0.42973012655471726,120,66
702,24,True,False,True,lower_bound,0.5407412448448269,0.9746940838485387,120,67
702,24,True,False,True,midpoint,0.5407412448448269,0.9175128823922875,120,68
702,24,True,False,True,midpoint_with_inhaler,0.5407412448448269,0.9175128823922875,120,69
702,24,True,False,True,upper_bound,0.5407412448448269,0.8717759517738138,120,70
702,24,True,False,True,upper_bound_with_inhaler,0.5407412448448269,0.8717759517738138,120,71
702,36,False,False,False,one_hot,0.5025184511867968,0.5025184511867968,120,72
702,36,False,False,False,lower_bound,0.6550254239060737,1.1851818154013627,120,73
702,36,False,False,False,midpoint,0.6550254239060737,1.14077200348326,120,74
702,36,False,False,False,midpoint_with_inhaler,0.6550254239060737,1.14077200348326,120,75
702,36,False,False,False,upper_bound,0.6550254239060737,1.0938891403820465,120,76
702,36,False,False,False,upper_bound_with_inhaler,0.6550254239060737,1.0938891403820465,120,77
702,36,False,False,True,one_hot,0.5025184511867968,0.5025184511867968,120,78
702,36,False,False,True,lower_bound,0.6550254239060737,1.1851818154013627,120,79
702,36,False,False,True,midpoint,0.6550254239060737,1.14077200348326,120,80
702,36,False,False,True,midpoint_with_inhaler,0.6550254239060737,1.14077200348326,120,81
702,36,False,False,True,upper_bound,0.6550254239060737,1.0938891403820465,120,82
702,36,False,False,True,upper_bound_with_inhaler,0.6550254239060737,1.0938891403820465,120,83
702,36,True,False,False,one_hot,0.40044926572056827,0.40044926572056827,120,84
702,36,True,False,False,lower_bound,0.4645106189855556,0.7095264327669688,120,85
702,36,True,False,False,midpoint,0.4645106189855556,0.6690453416411926,120,86
702,36,True,False,False,midpoint_with_inhaler,0.4645106189855556,0.6690453416411926,120,87
702,36,True,False,False,upper_bound,0.4645106189855556,0.6346470964458363,120,88
702,36,True,False,False,upper_bound_with_inhaler,0.4645106189855556,0.6346470964458363,120,89
702,36,True,False,True,one_hot,0.40044926572056827,0.40044926572056827,120,90
702,36,True,False,True,lower_bound,0.4645106189855556,0.7095264327669688,120,91
702,36,True,False,True,midpoint,0.4645106189855556,0.6690453416411926,120,92
702,36,True,False,True,midpoint_with_inhaler,0.4645106189855556,0.6690453416411926,120,93
702,36,True,False,True,upper_bound,0.4645106189855556,0.6346470964458363,120,94
702,36,True,False,True,upper_bound_with_inhaler,0.4645106189855556,0.6346470964458363,120,95
702,48,False,False,False,one_hot,0.3445088779071499,0.34450887790715,120,96
702,48,False,False,False,lower_bound,0.5846489258798467,1.1500475338097471,120,97
702,48,False,False,False,midpoint,0.5846489258798467,1.088595122822394,120,98
702,48,False,False,False,midpoint_with_inhaler,0.5846489258798467,1.088595122822394,120,99
702,48,False,False,False,upper_bound,0.5846489258798467,1.0317253480342201,120,100
702,48,False,False,False,upper_bound_with_inhaler,0.5846489258798467,1.0317253480342201,120,101
702,48,False,False,True,one_hot,0.3445088779071499,0.34450887790715,120,102
702,48,False,False,True,lower_bound,0.5846489258798467,1.1500475338097471,120,103
702,48,False,False,True,midpoint,0.5846489258798467,1.088595122822394,120,104
702,48,False,False,True,midpoint_with_inhaler,0.5846489258798467,1.088595122822394,120,105
702,48,False,False,True,upper_bound,0.5846489258798467,1.0317253480342201,120,106
702,48,False,False,True,upper_bound_with_inhaler,0.5846489258798467,1.0317253480342201,120,107
702,48,False,True,False,one_hot,0.09439824269114451,0.09439824269114451,120,108
702,48,False,True,False,lower_bound,0.18110060361710612,0.45143846336954074,120,109
702,48,False,True,False,midpoint,0.18110060361710612,0.39770185283380677,120,110
702,48,False,True,False,midpoint_with_inhaler,0.18110060361710612,0.39770185283380677,120,111
702,48,False,True,False,upper_bound,0.18110060361710612,0.3574300298941262,120,112
702,48,False,True,False,upper_bound_with_inhaler,0.18110060361710612,0.3574300298941262,120,113
702,48,False,True,True,one_hot,0.09439824269114451,0.09439824269114451,120,114
702,48,False,True,True,lower_bound,0.18110060361710612,0.45143846336954074,120,115
702,48,False,True,True,midpoint,0.18110060361710612,0.39770185283380677,120,116
702,48,False,True,True,midpoint_with_inhaler,0.18110060361710612,0.39770185283380677,120,117
702,48,False,True,True,upper_bound,0.18110060361710612,0.3574300298941262,120,118
702,48,False,True,True,upper_bound_with_inhaler,0.18110060361710612,0.3574300298941262,120,119
702,48,True,False,False,one_hot,0.22169095321175725,0.22169095321175725,120,120
702,48,True,False,False,lower_bound,0.2850868714482397,0.521172470591774,120,121
702,48,True,False,False,midpoint,0.2850868714482397,0.49004540089440474,120,122
702,48,True,False,False,midpoint_with_inhaler,0.2850868714482397,0.49004540089440474,120,123
702,48,True,False,False,upper_bound,0.2850868714482397,0.4640088066763166,120,124
702,48,True,False,False,upper_bound_with_inhaler,0.2850868714482397,0.4640088066763166,120,125
702,48,True,False,True,one_hot,0.22169095321175725,0.22169095321175725,120,126
702,48,True,False,True,lower_bound,0.2850868714482397,0.521172470591774,120,127
702,48,True,False,True,midpoint,0.2850868714482397,0.49004540089440474,120,128
702,48,True,False,True,midpoint_with_inhaler,0.2850868714482397,0.49004540089440474,120,129
702,48,True,False,True,upper_bound,0.2850868714482397,0.4640088066763166,120,130
702,48,True,False,True,upper_bound_with_inhaler,0.2850868714482397,0.4640088066763166,120,131
917,12,False,False,False,one_hot,0.05983272786942111,0.05983272786942113,9,0
917,12,False,False,False,lower_bound,0.7664971325266411,1.198339177100973,9,1
917,12,False,False,False,midpoint,0.7664971325266411,1.16887686911146,9,2
917,12,False,False,False,midpoint_with_inhaler,0.7664971325266411,1.16887686911146,9,3
917,12,False,False,False,upper_bound,0.7664971325266411,1.1179982899167997,9,4
917,12,False,False,False,upper_bound_with_inhaler,0.7664971325266411,1.1179982899167997,9,5
917,12,False,False,True,one_hot,0.05983272786942111,0.05983272786942113,9,6
917,12,False,False,True,lower_bound,0.7664971325266411,1.198339177100973,9,7
917,12,False,False,True,midpoint,0.7664971325266411,1.16887686911146,9,8
917,12,False,False,True,midpoint_with_inhaler,0.7664971325266411,1.16887686911146,9,9
917,12,False,False,True,upper_bound,0.7664971325266411,1.1179982899167997,9,10
917,12,False,False,True,upper_bound_with_inhaler,0.7664971325266411,1.1179982899167997,9,11
917,12,False,True,False,one_hot,,,9,12
917,12,False,True,False,lower_bound,0.6180504884326659,0.703560423103582,9,13
917,12,False,True,False,midpoint,0.6180504884326659,0.7298126309912129,9,14
917,12,False,True,False,midpoint_with_inhaler,0.6180504884326659,0.7298126309912129,9,15
917,12,False,True,False,upper_bound,0.6180504884326659,0.7268943752396454,9,16
917,12,False,True,False,upper_bound_with_inhaler,0.6180504884326659,0.7268943752396454,9,17
917,12,False,True,True,one_hot,,,9,18
917,12,False,True,True,lower_bound,0.6180504884326659,0.703560423103582,9,19
917,12,False,True,True,midpoint,0.6180504884326659,0.7298126309912129,9,20
917,12,False,True,True,midpoint_with_inhaler,0.6180504884326659,0.7298126309912129,9,21
917,12,False,True,True,upper_bound,0.6180504884326659,0.7268943752396454,9,22
917,12,False,True,True,upper_bound_with_inhaler,0.6180504884326659,0.7268943752396454,9,23
917,12,True,False,False,one_hot,0.4180480042601457,0.4180480042601458,9,24
917,12,True,False,False,lower_bound,0.5244563100579188,0.7365200430813368,9,25
917,12,True,False,False,midpoint,0.5244563100579188,0.8320703619950742,9,26
917,12,True,False,False,midpoint_with_inhaler,0.5244563100579188,0.8320703619950742,9,27
917,12,True,False,False,upper_bound,0.5244563100579188,0.8813735870195429,9,28
917,12,True,False,False,upper_bound_with_inhaler,0.5244563100579188,0.8813735870195429,9,29
917,12,True,False,True,one_hot,0.4180480042601457,0.4180480042601458,9,30
917,12,True,False,True,lower_bound,0.5244563100579188,0.7365200430813368,9,31
917,12,True,False,True,midpoint,0.5244563100579188,0.8320703619950742,9,32
917,12,True,False,True,midpoint_with_inhaler,0.5244563100579188,0.8320703619950742,9,33
917,12,True,False,True,upper_bound,0.5244563100579188,0.8813735870195429,9,34
917,12,True,False,True,upper_bound_with_inhaler,0.5244563100579188,0.8813735870195429,9,35
917,24,False,False,False,one_hot,0.4180480042601458,0.4180480042601458,9,36
917,24,False,False,False,lower_bound,0.8353257263454329,0.8188078208150048,9,37
917,24,False,False,False,midpoint,0.8353257263454329,0.8188604298330857,9,38
917,24,False,False,False,midpoint_with_inhaler,0.8353257263454329,0.8188604298330857,9,39
917,24,False,False,False,upper_bound,0.8353257263454329,0.8005852655149508,9,40
917,24,False,False,False,upper_bound_with_inhaler,0.8353257263454329,0.8005852655149508,9,41
917,24,False,False,True,one_hot,0.4180480042601458,0.4180480042601458,9,42
917,24,False,False,True,lower_bound,0.8353257263454329,0.8188078208150048,9,43
917,24,False,False,True,midpoint,0.8353257263454329,0.8188604298330857,9,44
917,24,False,False,True,midpoint_with_inhaler,0.8353257263454329,0.8188604298330857,9,45
917,24,False,False,True,upper_bound,0.8353257263454329,0.8005852655149508,9,46
917,24,False,False,True,upper_bound_with_inhaler,0.8353257263454329,0.8005852655149508,9,47
917,24,False,True,False,one_hot,,,9,48
917,24,False,True,False,lower_bound,0.4566693789244279,0.7234772726861066,9,49
917,24,False,True,False,midpoint,0.4566693789244279,0.8251210691052943,9,50
917,24,False,True,False,midpoint_with_inhaler,0.4566693789244279,0.8251210691052943,9,51
917,24,False,True,False,upper_bound,0.4566693789244279,0.8772202103460801,9,52
917,24,False,True,False,upper_bound_with_inhaler,0.4566693789244279,0.8772202103460801,9,53
917,24,False,True,True,one_hot,,,9,54
917,24,False,True,True,lower_bound,0.4566693789244279,0.7234772726861066,9,55
917,24,False,True,True,midpoint,0.4566693789244279,0.8251210691052943,9,56
917,24,False,True,True,midpoint_with_inhaler,0.4566693789244279,0.8251210691052943,9,57
917,24,False,True,True,upper_bound,0.4566693789244279,0.8772202103460801,9,58
917,24,False,True,True,upper_bound_with_inhaler,0.4566693789244279,0.8772202103460801,9,59
917,24,True,False,False,one_hot,0.4180480042601458,0.4180480042601458,9,60
917,24,True,False,False,lower_bound,0.8353257263454329,0.8188078208150048,9,61
917,24,True,False,False,midpoint,0.8353257263454329,0.8188604298330857,9,62
917,24,True,False,False,midpoint_with_inhaler,0.8353257263454329,0.8188604298330857,9,63
917,24,True,False,False,upper_bound,0.8353257263454329,0.8005852655149508,9,64
917,24,True,False,False,upper_bound_with_inhaler,0.8353257263454329,0.8005852655149508,9,65
917,24,True,False,True,one_hot,0.4180480042601458,0.4180480042601458,9,66
917,24,True,False,True,lower_bound,0.8353257263454329,0.8188078208150048,9,67
917,24,True,False,True,midpoint,0.8353257263454329,0.8188604298330857,9,68
917,24,True,False,True,midpoint_with_inhaler,0.8353257263454329,0.8188604298330857,9,69
917,24,True,False,True,upper_bound,0.8353257263454329,0.8005852655149508,9,70
917,24,True,False,True,upper_bound_with_inhaler,0.8353257263454329,0.8005852655149508,9,71
917,36,False,False,False,one_hot,,,9,72
917,36,False,False,False,lower_bound,0.34494548857055973,0.6927684832154354,9,73
917,36,False,False,False,midpoint,0.34494548857055973,0.5713565408123255,9,74
917,36,False,False,False,midpoint_with_inhaler,0.34494548857055973,0.5713565408123255,9,75
917,36,False,False,False,upper_bound,0.34494548857055973,0.4843216174326717,9,76
917,36,False,False,False,upper_bound_with_inhaler,0.34494548857055973,0.4843216174326717,9,77
917,36,False,False,True,one_hot,,,9,78
917,36,False,False,True,lower_bound,0.34494548857055973,0.6927684832154354,9,79
917,36,False,False,True,midpoint,0.34494548857055973,0.5713565408123255,9,80
917,36,False,False,True,midpoint_with_inhaler,0.34494548857055973,0.5713565408123255,9,81
917,36,False,False,True,upper_bound,0.34494548857055973,0.4843216174326717,9,82
917,36,False,False,True,upper_bound_with_inhaler,0.34494548857055973,0.4843216174326717,9,83
917,36,True,False,False,one_hot,,,9,84
917,36,True,False,False,lower_bound,-0.19880788467863597,-0.15928970178076354,9,85
917,36,True,False,False,midpoint,-0.19880788467863597,-0.244104621483812,9,86
917,36,True,False,False,midpoint_with_inhaler,-0.19880788467863597,-0.244104621483812,9,87
917,36,True,False,False,upper_bound,-0.19880788467863597,-0.29928612086219875,9,88
917,36,True,False,False,upper_bound_with_inhaler,-0.19880788467863597,-0.29928612086219875,9,89
917,36,True,False,True,one_hot,,,9,90
917,36,True,False,True,lower_bound,-0.19880788467863597,-0.15928970178076354,9,91
917,36,True,False,True,midpoint,-0.19880788467863597,-0.244104621483812,9,92
917,36,True,False,True,midpoint_with_inhaler,-0.19880788467863597,-0.244104621483812,9,93
917,36,True,False,True,upper_bound,-0.19880788467863597,-0.29928612086219875,9,94
917,36,True,False,True,upper_bound_with_inhaler,-0.19880788467863597,-0.29928612086219875,9,95
917,48,False,False,False,one_hot,,,9,96
917,48,False,False,False,lower_bound,0.03257282444482031,0.43855885607440426,9,97
917,48,False,False,False,midpoint,0.03257282444482031,0.26802302706562453,9,98
917,48,False,False,False,midpoint_with_inhaler,0.03257282444482031,0.3289815647847887,9,99
917,48,False,False,False,upper_bound,-0.028045958815947698,0.11460803592898114,9,100
917,48,False,False,False,upper_bound_with_inhaler,0.03257282444482031,0.17907291600916414,9,101
917,48,False,False,True,one_hot,,,9,102
917,48,False,False,True,lower_bound,0.03257282444482031,0.43855885607440426,9,103
917,48,False,False,True,midpoint,0.03257282444482031,0.26802302706562453,9,104
917,48,False,False,True,midpoint_with_inhaler,0.03257282444482031,0.3289815647847887,9,105
917,48,False,False,True,upper_bound,-0.028045958815947698,0.11460803592898114,9,106
917,48,False,False,True,upper_bound_with_inhaler,0.03257282444482031,0.17907291600916414,9,107
917,48,False,True,False,one_hot,0.4180480042601457,0.4180480042601458,9,108
917,48,False,True,False,lower_bound,0.2604506378773662,0.18372335732250575,9,109
917,48,False,True,False,midpoint,0.2604506378773662,0.10812182112129091,9,110
917,48,False,True,False,midpoint_with_inhaler,0.2604506378773662,0.10812182112129091,9,111
917,48,False,True,False,upper_bound,0.2604506378773662,0.05834767440519431,9,112
917,48,False,True,False,upper_bound_with_inhaler,0.2604506378773662,0.05834767440519431,9,113
917,48,False,True,True,one_hot,0.4180480042601457,0.4180480042601458,9,114
917,48,False,True,True,lower_bound,0.2604506378773662,0.18372335732250575,9,115
917,48,False,True,True,midpoint,0.2604506378773662,0.10812182112129091,9,116
917,48,False,True,True,midpoint_with_inhaler,0.2604506378773662,0.10812182112129091,9,117
917,48,False,True,True,upper_bound,0.2604506378773662,0.05834767440519431,9,118
917,48,False,True,True,upper_bound_with_inhaler,0.2604506378773662,0.05834767440519431,9,119
917,48,True,False,False,one_hot,,,9,120
917,48,True,False,False,lower_bound,0.6257749905628911,0.8365353071121605,9,121
917,48,True,False,False,midpoint,0.6257749905628911,0.9371080055992829,9,122
917,48,True,False,False,midpoint_with_inhaler,0.6257749905628911,0.9371080055992829,9,123
917,48,True,False,False,upper_bound,0.6257749905628911,0.9788079903906127,9,124
917,48,True,False,False,upper_bound_with_inhaler,0.6257749905628911,0.9788079903906127,9,125
917,48,True,False,True,one_hot,,,9,126
917,48,True,False,True,lower_bound,0.6257749905628911,0.8365353071121605,9,127
917,48,True,False,True,midpoint,0.6257749905628911,0.9371080055992829,9,128
917,48,True,False,True,midpoint_with_inhaler,0.6257749905628911,0.9371080055992829,9,129
917,48,True,False,True,upper_bound,0.6257749905628911,0.9788079903906127,9,130
917,48,True,False,True,upper_bound_with_inhaler,0.6257749905628911,0.9788079903906127,9,131
939,12,False,False,False,one_hot,-0.008797838606953193,-0.008797838606953167,158,0
939,12,False,False,False,lower_bound,0.27592073528119365,0.29763010985970023,158,1
939,12,False,False,False,midpoint,0.27592073528119365,0.26554492927302015,158,2
939,12,False,False,False,midpoint_with_inhaler,0.27592073528119365,0.26554492927302015,158,3
939,12,False,False,False,upper_bound,0.27592073528119365,0.23499056287915268,158,4
939,12,False,False,False,upper_bound_with_inhaler,0.27592073528119365,0.23499056287915268,158,5
939,12,False,False,True,one_hot,-0.008797838606953193,-0.008797838606953167,158,6
939,12,False,False,True,lower_bound,0.27592073528119365,0.29763010985970023,158,7
939,12,False,False,True,midpoint,0.27592073528119365,0.26554492927302015,158,8
939,12,False,False,True,midpoint_with_inhaler,0.27592073528119365,0.26554492927302015,158,9
939,12,False,False,True,upper_bound,0.27592073528119365,0.23499056287915268,158,10
939,12,False,False,True,upper_bound_with_inhaler,0.27592073528119365,0.23499056287915268,158,11
939,12,False,True,False,one_hot,,,158,12
939,12,False,True,False,lower_bound,0.31064678241475263,0.41536070024199007,158,13
939,12,False,True,False,midpoint,0.31064678241475263,0.39081256437060036,158,14
939,12,False,True,False,midpoint_with_inhaler,0.31064678241475263,0.39081256437060036,158,15
939,12,False,True,False,upper_bound,0.31064678241475263,0.3627143343758761,158,16
939,12,False,True,False,upper_bound_with_inhaler,0.31064678241475263,0.3627143343758761,158,17
939,12,False,True,True,one_hot,,,158,18
939,12,False,True,True,lower_bound,0.31064678241475263,0.41536070024199007,158,19
939,12,False,True,True,midpoint,0.31064678241475263,0.39081256437060036,158,20
939,12,False,True,True,midpoint_with_inhaler,0.31064678241475263,0.39081256437060036,158,21
939,12,False,True,True,upper_bound,0.31064678241475263,0.3627143343758761,158,22
939,12,False,True,True,upper_bound_with_inhaler,0.31064678241475263,0.3627143343758761,158,23
939,12,True,False,False,one_hot,,,158,24
939,12,True,False,False,lower_bound,0.27851396549637675,0.39577649552493005,158,25
939,12,True,False,False,midpoint,0.27851396549637675,0.35664976882257565,158,26
939,12,True,False,False,midpoint_with_inhaler,0.27851396549637675,0.35664976882257565,158,27
939,12,True,False,False,upper_bound,0.27851396549637675,0.3205813823506077,158,28
939,12,True,False,False,upper_bound_with_inhaler,0.27851396549637675,0.3205813823506077,158,29
939,12,True,False,True,one_hot,,,158,30
939,12,True,False,True,lower_bound,0.27851396549637675,0.39577649552493005,158,31
939,12,True,False,True,midpoint,0.27851396549637675,0.35664976882257565,158,32
939,12,True,False,True,midpoint_with_inhaler,0.27851396549637675,0.35664976882257565,158,33
939,12,True,False,True,upper_bound,0.27851396549637675,0.3205813823506077,158,34
939,12,True,False,True,upper_bound_with_inhaler,0.27851396549637675,0.3205813823506077,158,35
939,24,False,False,False,one_hot,,,158,36
939,24,False,False,False,lower_bound,0.44505520723851166,0.5055783715849643,158,37
939,24,False,False,False,midpoint,0.44505520723851166,0.4927532139751356,158,38
939,24,False,False,False,midpoint_with_inhaler,0.44505520723851166,0.4927532139751356,158,39
939,24,False,False,False,upper_bound,0.44505520723851166,0.47608941216176315,158,40
939,24,False,False,False,upper_bound_with_inhaler,0.44505520723851166,0.47608941216176315,158,41
939,24,False,False,True,one_hot,,,158,42
939,24,False,False,True,lower_bound,0.44505520723851166,0.5055783715849643,158,43
939,24,False,False,True,midpoint,0.44505520723851166,0.4927532139751356,158,44
939,24,False,False,True,midpoint_with_inhaler,0.44505520723851166,0.4927532139751356,158,45
939,24,False,False,True,upper_bound,0.44505520723851166,0.47608941216176315,158,46
939,24,False,False,True,upper_bound_with_inhaler,0.44505520723851166,0.47608941216176315,158,47
939,24,False,True,False,one_hot,,,158,48
939,24,False,True,False,lower_bound,0.4443554916019748,0.5189221783087428,158,49
939,24,False,True,False,midpoint,0.4443554916019748,0.5352532416349185,158,50
939,24,False,True,False,midpoint_with_inhaler,0.4443554916019748,0.5352532416349185,158,51
939,24,False,True,False,upper_bound,0.4443554916019748,0.5330513112365803,158,52
939,24,False,True,False,upper_bound_with_inhaler,0.4443554916019748,0.5330513112365803,158,53
939,24,False,True,True,one_hot,,,158,54
939,24,False,True,True,lower_bound,0.4443554916019748,0.5189221783087428,158,55
939,24,False,True,True,midpoint,0.4443554916019748,0.5352532416349185,158,56
939,24,False,True,True,midpoint_with_inhaler,0.4443554916019748,0.5352532416349185,158,57
939,24,False,True,True,upper_bound,0.4443554916019748,0.5330513112365803,158,58
939,24,False,True,True,upper_bound_with_inhaler,0.4443554916019748,0.5330513112365803,158,59
939,24,True,False,False,one_hot,,,158,60
939,24,True,False,False,lower_bound,0.44505520723851166,0.5055783715849643,158,61
939,24,True,False,False,midpoint,0.44505520723851166,0.4927532139751356,158,62
939,24,True,False,False,midpoint_with_inhaler,0.44505520723851166,0.4927532139751356,158,63
939,24,True,False,False,upper_bound,0.44505520723851166,0.47608941216176315,158,64
939,24,True,False,False,upper_bound_with_inhaler,0.44505520723851166,0.47608941216176315,158,65
939,24,True,False,True,one_hot,,,158,66
939,24,True,False,True,lower_bound,0.44505520723851166,0.5055783715849643,158,67
939,24,True,False,True,midpoint,0.44505520723851166,0.4927532139751356,158,68
939,24,True,False,True,midpoint_with_inhaler,0.44505520723851166,0.4927532139751356,158,69
939,24,True,False,True,upper_bound,0.44505520723851166,0.47608941216176315,158,70
939,24,True,False,True,upper_bound_with_inhaler,0.44505520723851166,0.47608941216176315,158,71
939,36,False,False,False,one_hot,,,158,72
939,36,False,False,False,lower_bound,0.3929830219356128,0.49548386206168193,158,73
939,36,False,False,False,midpoint,0.3929830219356128,0.44886310512563626,158,74
939,36,False,False,False,midpoint_with_inhaler,0.3929830219356128,0.44886310512563626,158,75
939,36,False,False,False,upper_bound,0.3929830219356128,0.4124948642583383,158,76
939,36,False,False,False,upper_bound_with_inhaler,0.3929830219356128,0.4124948642583383,158,77
939,36,False,False,True,one_hot,,,158,78
939,36,False,False,True,lower_bound,0.3929830219356128,0.49548386206168193,158,79
939,36,False,False,True,midpoint,0.3929830219356128,0.44886310512563626,158,80
939,36,False,False,True,midpoint_with_inhaler,0.3929830219356128,0.44886310512563626,158,81
939,36,False,False,True,upper_bound,0.3929830219356128,0.4124948642583383,158,82
939,36,False,False,True,upper_bound_with_inhaler,0.3929830219356128,0.4124948642583383,158,83
939,36,True,False,False,one_hot,,,158,84
939,36,True,False,False,lower_bound,0.49232229807009076,0.6273722366047528,158,85
939,36,True,False,False,midpoint,0.49232229807009076,0.6532170874364175,158,86
939,36,True,False,False,midpoint_with_inhaler,0.49232229807009076,0.6532170874364175,158,87
939,36,True,False,False,upper_bound,0.49232229807009076,0.655239363634488,158,88
939,36,True,False,False,upper_bound_with_inhaler,0.49232229807009076,0.655239363634488,158,89
939,36,True,False,True,one_hot,,,158,90
939,36,True,False,True,lower_bound,0.49232229807009076,0.6273722366047528,158,91
939,36,True,False,True,midpoint,0.49232229807009076,0.6532170874364175,158,92
939,36,True,False,True,midpoint_with_inhaler,0.49232229807009076,0.6532170874364175,158,93
939,36,True,False,True,upper_bound,0.49232229807009076,0.655239363634488,158,94
939,36,True,False,True,upper_bound_with_inhaler,0.49232229807009076,0.655239363634488,158,95
939,48,False,False,False,one_hot,,,158,96
939,48,False,False,False,lower_bound,0.40907412928007536,0.5224300942197808,158,97
939,48,False,False,False,midpoint,0.40907412928007536,0.4421131407819767,158,98
939,48,False,False,False,midpoint_with_inhaler,0.40907412928007536,0.46192096735686705,158,99
939,48,False,False,False,upper_bound,0.3827166564294419,0.37664141499315956,158,100
939,48,False,False,False,upper_bound_with_inhaler,0.40907412928007536,0.4394538008437099,158,101
939,48,False,False,True,one_hot,,,158,102
939,48,False,False,True,lower_bound,0.40907412928007536,0.5224300942197808,158,103
939,48,False,False,True,midpoint,0.40907412928007536,0.4421131407819767,158,104
939,48,False,False,True,midpoint_with_inhaler,0.40907412928007536,0.46192096735686705,158,105
939,48,False,False,True,upper_bound,0.3827166564294419,0.37664141499315956,158,106
939,48,False,False,True,upper_bound_with_inhaler,0.40907412928007536,0.4394538008437099,158,107
939,48,False,True,False,one_hot,,,158,108
939,48,False,True,False,lower_bound,0.2921708809304644,0.3840524654355397,158,109
939,48,False,True,False,midpoint,0.2921708809304644,0.3627241351729366,158,110
939,48,False,True,False,midpoint_with_inhaler,0.2921708809304644,0.3627241351729366,158,111
939,48,False,True,False,upper_bound,0.2921708809304644,0.33865636016330586,158,112
939,48,False,True,False,upper_bound_with_inhaler,0.2921708809304644,0.33865636016330586,158,113
939,48,False,True,True,one_hot,,,158,114
939,48,False,True,True,lower_bound,0.2921708809304644,0.3840524654355397,158,115
939,48,False,True,True,midpoint,0.2921708809304644,0.3627241351729366,158,116
939,48,False,True,True,midpoint_with_inhaler,0.2921708809304644,0.3627241351729366,158,117
939,48,False,True,True,upper_bound,0.2921708809304644,0.33865636016330586,158,118
939,48,False,True,True,upper_bound_with_inhaler,0.2921708809304644,0.33865636016330586,158,119
939,48,True,False,False,one_hot,-0.06858784354261895,-0.06858784354261897,158,120
939,48,True,False,False,lower_bound,0.1329017119158032,0.2377541460854191,158,121
939,48,True,False,False,midpoint,0.1329017119158032,0.1986201645642495,158,122
939,48,True,False,False,midpoint_with_inhaler,0.1329017119158032,0.1986201645642495,158,123
939,48,True,False,False,upper_bound,0.1329017119158032,0.16786862222571305,158,124
939,48,True,False,False,upper_bound_with_inhaler,0.1329017119158032,0.16786862222571305,158,125
939,48,True,False,True,one_hot,-0.06858784354261895,-0.06858784354261897,158,126
939,48,True,False,True,lower_bound,0.1329017119158032,0.2377541460854191,158,127
939,48,True,False,True,midpoint,0.1329017119158032,0.1986201645642495,158,128
939,48,True,False,True,midpoint_with_inhaler,0.1329017119158032,0.1986201645642495,158,129
939,48,True,False,True,upper_bound,0.1329017119158032,0.16786862222571305,158,130
939,48,True,False,True,upper_bound_with_inhaler,0.1329017119158032,0.16786862222571305,158,131
