user_key,timestamp_window,use_daily_max_windows,use_calendar_days,filter_out_zero_usage_entries,categorization_method,spearman_z,pearson_z,sample_size,config_idx
113,12,False,False,False,one_hot,0.22382537228477103,0.223825372284771,163,0
113,12,False,False,False,lower_bound,0.3672344132240599,0.44014689330580636,163,1
113,12,False,False,False,midpoint,0.3672344132240599,0.444336303996722,163,2
113,12,False,False,False,midpoint_with_inhaler,0.3672344132240599,0.444336303996722,163,3
113,12,False,False,False,upper_bound,0.36764292924152914,0.43481711772332415,163,4
113,12,False,False,False,upper_bound_with_inhaler,0.36764292924152914,0.43481711772332415,163,5
113,12,False,False,True,one_hot,0.22382537228477103,0.223825372284771,163,6
113,12,False,False,True,lower_bound,0.3672344132240599,0.44014689330580636,163,7
113,12,False,False,True,midpoint,0.3672344132240599,0.444336303996722,163,8
113,12,False,False,True,midpoint_with_inhaler,0.3672344132240599,0.444336303996722,163,9
113,12,False,False,True,upper_bound,0.36764292924152914,0.43481711772332415,163,10
113,12,False,False,True,upper_bound_with_inhaler,0.36764292924152914,0.43481711772332415,163,11
113,12,False,True,False,one_hot,0.045681532376584254,0.04568153237658426,163,12
113,12,False,True,False,lower_bound,0.34130065395166215,0.43442864730492053,163,13
113,12,False,True,False,midpoint,0.34130065395166215,0.4267529093034407,163,14
113,12,False,True,False,midpoint_with_inhaler,0.34130065395166215,0.4267529093034407,163,15
113,12,False,True,False,upper_bound,0.3415482843925701,0.4079481468519552,163,16
113,12,False,True,False,upper_bound_with_inhaler,0.3415482843925701,0.4079481468519552,163,17
113,12,False,True,True,one_hot,0.045681532376584254,0.04568153237658426,163,18
113,12,False,True,True,lower_bound,0.34130065395166215,0.43442864730492053,163,19
113,12,False,True,True,midpoint,0.34130065395166215,0.4267529093034407,163,20
113,12,False,True,True,midpoint_with_inhaler,0.34130065395166215,0.4267529093034407,163,21
113,12,False,True,True,upper_bound,0.3415482843925701,0.4079481468519552,163,22
113,12,False,True,True,upper_bound_with_inhaler,0.3415482843925701,0.4079481468519552,163,23
113,12,True,False,False,one_hot,0.07654651893171666,0.0765465189317167,163,24
113,12,True,False,False,lower_bound,0.2020827292032864,0.2745004696126543,163,25
113,12,True,False,False,midpoint,0.2020827292032864,0.27788030176705636,163,26
113,12,True,False,False,midpoint_with_inhaler,0.2020827292032864,0.27788030176705636,163,27
113,12,True,False,False,upper_bound,0.20167521157814186,0.27135952615974174,163,28
113,12,True,False,False,upper_bound_with_inhaler,0.20167521157814186,0.27135952615974174,163,29
113,12,True,False,True,one_hot,0.07654651893171666,0.0765465189317167,163,30
113,12,True,False,True,lower_bound,0.2020827292032864,0.2745004696126543,163,31
113,12,True,False,True,midpoint,0.2020827292032864,0.27788030176705636,163,32
113,12,True,False,True,midpoint_with_inhaler,0.2020827292032864,0.27788030176705636,163,33
113,12,True,False,True,upper_bound,0.20167521157814186,0.27135952615974174,163,34
113,12,True,False,True,upper_bound_with_inhaler,0.20167521157814186,0.27135952615974174,163,35
113,24,False,False,False,one_hot,0.2532554565405931,0.25325545654059317,163,36
113,24,False,False,False,lower_bound,0.4652269105099544,0.4646707040477697,163,37
113,24,False,False,False,midpoint,0.4652269105099544,0.46681397715593026,163,38
113,24,False,False,False,midpoint_with_inhaler,0.4652269105099544,0.46681397715593026,163,39
113,24,False,False,False,upper_bound,0.46480192666240294,0.4529967108322907,163,40
113,24,False,False,False,upper_bound_with_inhaler,0.46480192666240294,0.4529967108322907,163,41
113,24,False,False,True,one_hot,0.2532554565405931,0.25325545654059317,163,42
113,24,False,False,True,lower_bound,0.4652269105099544,0.4646707040477697,163,43
113,24,False,False,True,midpoint,0.4652269105099544,0.46681397715593026,163,44
113,24,False,False,True,midpoint_with_inhaler,0.4652269105099544,0.46681397715593026,163,45
113,24,False,False,True,upper_bound,0.46480192666240294,0.4529967108322907,163,46
113,24,False,False,True,upper_bound_with_inhaler,0.46480192666240294,0.4529967108322907,163,47
113,24,False,True,False,one_hot,0.11811747326678408,0.11811747326678412,163,48
113,24,False,True,False,lower_bound,0.22918997862997087,0.31421001614493793,163,49
113,24,False,True,False,midpoint,0.22918997862997087,0.30758033447294564,163,50
113,24,False,True,False,midpoint_with_inhaler,0.22918997862997087,0.30758033447294564,163,51
113,24,False,True,False,upper_bound,0.22811371204661565,0.29848423758212306,163,52
113,24,False,True,False,upper_bound_with_inhaler,0.22811371204661565,0.29848423758212306,163,53
113,24,False,True,True,one_hot,0.11811747326678408,0.11811747326678412,163,54
113,24,False,True,True,lower_bound,0.22918997862997087,0.31421001614493793,163,55
113,24,False,True,True,midpoint,0.22918997862997087,0.30758033447294564,163,56
113,24,False,True,True,midpoint_with_inhaler,0.22918997862997087,0.30758033447294564,163,57
113,24,False,True,True,upper_bound,0.22811371204661565,0.29848423758212306,163,58
113,24,False,True,True,upper_bound_with_inhaler,0.22811371204661565,0.29848423758212306,163,59
113,24,True,False,False,one_hot,0.2532554565405931,0.25325545654059317,163,60
113,24,True,False,False,lower_bound,0.4652269105099544,0.4646707040477697,163,61
113,24,True,False,False,midpoint,0.4652269105099544,0.46681397715593026,163,62
113,24,True,False,False,midpoint_with_inhaler,0.4652269105099544,0.46681397715593026,163,63
113,24,True,False,False,upper_bound,0.46480192666240294,0.4529967108322907,163,64
113,24,True,False,False,upper_bound_with_inhaler,0.46480192666240294,0.4529967108322907,163,65
113,24,True,False,True,one_hot,0.2532554565405931,0.25325545654059317,163,66
113,24,True,False,True,lower_bound,0.4652269105099544,0.4646707040477697,163,67
113,24,True,False,True,midpoint,0.4652269105099544,0.46681397715593026,163,68
113,24,True,False,True,midpoint_with_inhaler,0.4652269105099544,0.46681397715593026,163,69
113,24,True,False,True,upper_bound,0.46480192666240294,0.4529967108322907,163,70
113,24,True,False,True,upper_bound_with_inhaler,0.46480192666240294,0.4529967108322907,163,71
113,36,False,False,False,one_hot,0.2381045674250098,0.23810456742500982,163,72
113,36,False,False,False,lower_bound,0.3566242885654882,0.41064923215758864,163,73
113,36,False,False,False,midpoint,0.3566242885654882,0.4261013580538421,163,74
113,36,False,False,False,midpoint_with_inhaler,0.3566242885654882,0.4261434822563731,163,75
113,36,False,False,False,upper_bound,0.3560715612176751,0.42240126279722184,163,76
113,36,False,False,False,upper_bound_with_inhaler,0.3566242885654882,0.42674622033843296,163,77
113,36,False,False,True,one_hot,0.2381045674250098,0.23810456742500982,163,78
113,36,False,False,True,lower_bound,0.3566242885654882,0.41064923215758864,163,79
113,36,False,False,True,midpoint,0.3566242885654882,0.4261013580538421,163,80
113,36,False,False,True,midpoint_with_inhaler,0.3566242885654882,0.4261434822563731,163,81
113,36,False,False,True,upper_bound,0.3560715612176751,0.42240126279722184,163,82
113,36,False,False,True,upper_bound_with_inhaler,0.3566242885654882,0.42674622033843296,163,83
113,36,True,False,False,one_hot,0.16164862232074864,0.16164862232074864,163,84
113,36,True,False,False,lower_bound,0.31070511308067095,0.36034923348350967,163,85
113,36,True,False,False,midpoint,0.31070511308067095,0.3583742677747473,163,86
113,36,True,False,False,midpoint_with_inhaler,0.31070511308067095,0.3583742677747473,163,87
113,36,True,False,False,upper_bound,0.3103803797707978,0.3500465086386216,163,88
113,36,True,False,False,upper_bound_with_inhaler,0.3103803797707978,0.3500465086386216,163,89
113,36,True,False,True,one_hot,0.16164862232074864,0.16164862232074864,163,90
113,36,True,False,True,lower_bound,0.31070511308067095,0.36034923348350967,163,91
113,36,True,False,True,midpoint,0.31070511308067095,0.3583742677747473,163,92
113,36,True,False,True,midpoint_with_inhaler,0.31070511308067095,0.3583742677747473,163,93
113,36,True,False,True,upper_bound,0.3103803797707978,0.3500465086386216,163,94
113,36,True,False,True,upper_bound_with_inhaler,0.3103803797707978,0.3500465086386216,163,95
113,48,False,False,False,one_hot,0.015735485515177613,0.01573548551517763,163,96
113,48,False,False,False,lower_bound,0.29063286644072406,0.3505146262951492,163,97
113,48,False,False,False,midpoint,0.29063286644072406,0.3590910741842507,163,98
113,48,False,False,False,midpoint_with_inhaler,0.29063286644072406,0.3588562450881325,163,99
113,48,False,False,False,upper_bound,0.2900334922037678,0.3537124213809819,163,100
113,48,False,False,False,upper_bound_with_inhaler,0.29063286644072406,0.360028454814306,163,101
113,48,False,False,True,one_hot,0.015735485515177613,0.01573548551517763,163,102
113,48,False,False,True,lower_bound,0.29063286644072406,0.3505146262951492,163,103
113,48,False,False,True,midpoint,0.29063286644072406,0.3590910741842507,163,104
113,48,False,False,True,midpoint_with_inhaler,0.29063286644072406,0.3588562450881325,163,105
113,48,False,False,True,upper_bound,0.2900334922037678,0.3537124213809819,163,106
113,48,False,False,True,upper_bound_with_inhaler,0.29063286644072406,0.360028454814306,163,107
113,48,False,True,False,one_hot,0.20209480984667166,0.20209480984667172,163,108
113,48,False,True,False,lower_bound,0.11826695103336746,0.01900999490765505,163,109
113,48,False,True,False,midpoint,0.11826695103336746,0.04710026675168588,163,110
113,48,False,True,False,midpoint_with_inhaler,0.11826695103336746,0.04710026675168588,163,111
113,48,False,True,False,upper_bound,0.11826935061417153,0.06719643200804154,163,112
113,48,False,True,False,upper_bound_with_inhaler,0.11826935061417153,0.06719643200804154,163,113
113,48,False,True,True,one_hot,0.20209480984667166,0.20209480984667172,163,114
113,48,False,True,True,lower_bound,0.11826695103336746,0.01900999490765505,163,115
113,48,False,True,True,midpoint,0.11826695103336746,0.04710026675168588,163,116
113,48,False,True,True,midpoint_with_inhaler,0.11826695103336746,0.04710026675168588,163,117
113,48,False,True,True,upper_bound,0.11826935061417153,0.06719643200804154,163,118
113,48,False,True,True,upper_bound_with_inhaler,0.11826935061417153,0.06719643200804154,163,119
113,48,True,False,False,one_hot,0.1531742013229611,0.15317420132296122,163,120
113,48,True,False,False,lower_bound,0.18606886985876533,0.14834470724683305,163,121
113,48,True,False,False,midpoint,0.18606886985876533,0.17673314175474455,163,122
113,48,True,False,False,midpoint_with_inhaler,0.18606886985876533,0.17673314175474455,163,123
113,48,True,False,False,upper_bound,0.18595607898066513,0.19451556499413486,163,124
113,48,True,False,False,upper_bound_with_inhaler,0.18595607898066513,0.19451556499413486,163,125
113,48,True,False,True,one_hot,0.1531742013229611,0.15317420132296122,163,126
113,48,True,False,True,lower_bound,0.18606886985876533,0.14834470724683305,163,127
113,48,True,False,True,midpoint,0.18606886985876533,0.17673314175474455,163,128
113,48,True,False,True,midpoint_with_inhaler,0.18606886985876533,0.17673314175474455,163,129
113,48,True,False,True,upper_bound,0.18595607898066513,0.19451556499413486,163,130
113,48,True,False,True,upper_bound_with_inhaler,0.18595607898066513,0.19451556499413486,163,131
190,12,False,False,False,one_hot,0.02318032918517854,0.023180329185178553,163,0
190,12,False,False,False,lower_bound,0.02318032918517854,0.023180329185178553,163,1
190,12,False,False,False,midpoint,0.02318032918517854,0.023180329185178566,163,2
190,12,False,False,False,midpoint_with_inhaler,0.02318032918517854,0.023180329185178566,163,3
190,12,False,False,False,upper_bound,0.02318032918517854,0.023180329185178553,163,4
190,12,False,False,False,upper_bound_with_inhaler,0.02318032918517854,0.023180329185178553,163,5
190,12,False,False,True,one_hot,0.02318032918517854,0.023180329185178553,163,6
190,12,False,False,True,lower_bound,0.02318032918517854,0.023180329185178553,163,7
190,12,False,False,True,midpoint,0.02318032918517854,0.023180329185178566,163,8
190,12,False,False,True,midpoint_with_inhaler,0.02318032918517854,0.023180329185178566,163,9
190,12,False,False,True,upper_bound,0.02318032918517854,0.023180329185178553,163,10
190,12,False,False,True,upper_bound_with_inhaler,0.02318032918517854,0.023180329185178553,163,11
190,12,False,True,False,one_hot,0.05961680630159265,0.05961680630159268,163,12
190,12,False,True,False,lower_bound,0.045212695674009526,0.007945193973086632,163,13
190,12,False,True,False,midpoint,0.045212695674009526,0.022437004600408837,163,14
190,12,False,True,False,midpoint_with_inhaler,0.045212695674009526,0.022437004600408837,163,15
190,12,False,True,False,upper_bound,0.045212695674009526,0.030923335978069805,163,16
190,12,False,True,False,upper_bound_with_inhaler,0.045212695674009526,0.030923335978069805,163,17
190,12,False,True,True,one_hot,0.05961680630159265,0.05961680630159268,163,18
190,12,False,True,True,lower_bound,0.045212695674009526,0.007945193973086632,163,19
190,12,False,True,True,midpoint,0.045212695674009526,0.022437004600408837,163,20
190,12,False,True,True,midpoint_with_inhaler,0.045212695674009526,0.022437004600408837,163,21
190,12,False,True,True,upper_bound,0.045212695674009526,0.030923335978069805,163,22
190,12,False,True,True,upper_bound_with_inhaler,0.045212695674009526,0.030923335978069805,163,23
190,12,True,False,False,one_hot,0.2378702712155253,0.23787027121552534,163,24
190,12,True,False,False,lower_bound,0.23803078250418708,0.2137757387523204,163,25
190,12,True,False,False,midpoint,0.23803078250418708,0.2273663458312298,163,26
190,12,True,False,False,midpoint_with_inhaler,0.23803078250418708,0.2273663458312298,163,27
190,12,True,False,False,upper_bound,0.23803078250418708,0.23296976701993788,163,28
190,12,True,False,False,upper_bound_with_inhaler,0.23803078250418708,0.23296976701993788,163,29
190,12,True,False,True,one_hot,0.2378702712155253,0.23787027121552534,163,30
190,12,True,False,True,lower_bound,0.23803078250418708,0.2137757387523204,163,31
190,12,True,False,True,midpoint,0.23803078250418708,0.2273663458312298,163,32
190,12,True,False,True,midpoint_with_inhaler,0.23803078250418708,0.2273663458312298,163,33
190,12,True,False,True,upper_bound,0.23803078250418708,0.23296976701993788,163,34
190,12,True,False,True,upper_bound_with_inhaler,0.23803078250418708,0.23296976701993788,163,35
190,24,False,False,False,one_hot,0.13054856994843106,0.13054856994843106,163,36
190,24,False,False,False,lower_bound,0.10571734393345733,0.04441207133705953,163,37
190,24,False,False,False,midpoint,0.10571734393345733,0.06861975449893157,163,38
190,24,False,False,False,midpoint_with_inhaler,0.10571734393345733,0.06861975449893157,163,39
190,24,False,False,False,upper_bound,0.10571734393345733,0.082918828376386,163,40
190,24,False,False,False,upper_bound_with_inhaler,0.10571734393345733,0.082918828376386,163,41
190,24,False,False,True,one_hot,0.13054856994843106,0.13054856994843106,163,42
190,24,False,False,True,lower_bound,0.10571734393345733,0.04441207133705953,163,43
190,24,False,False,True,midpoint,0.10571734393345733,0.06861975449893157,163,44
190,24,False,False,True,midpoint_with_inhaler,0.10571734393345733,0.06861975449893157,163,45
190,24,False,False,True,upper_bound,0.10571734393345733,0.082918828376386,163,46
190,24,False,False,True,upper_bound_with_inhaler,0.10571734393345733,0.082918828376386,163,47
190,24,False,True,False,one_hot,0.13889977529202885,0.13889977529202888,163,48
190,24,False,True,False,lower_bound,0.1262028505612964,0.08397303848758465,163,49
190,24,False,True,False,midpoint,0.1262028505612964,0.10216187425760638,163,50
190,24,False,True,False,midpoint_with_inhaler,0.1262028505612964,0.10216187425760638,163,51
190,24,False,True,False,upper_bound,0.1262028505612964,0.11172592158657138,163,52
190,24,False,True,False,upper_bound_with_inhaler,0.1262028505612964,0.11172592158657138,163,53
190,24,False,True,True,one_hot,0.13889977529202885,0.13889977529202888,163,54
190,24,False,True,True,lower_bound,0.1262028505612964,0.08397303848758465,163,55
190,24,False,True,True,midpoint,0.1262028505612964,0.10216187425760638,163,56
190,24,False,True,True,midpoint_with_inhaler,0.1262028505612964,0.10216187425760638,163,57
190,24,False,True,True,upper_bound,0.1262028505612964,0.11172592158657138,163,58
190,24,False,True,True,upper_bound_with_inhaler,0.1262028505612964,0.11172592158657138,163,59
190,24,True,False,False,one_hot,0.13054856994843106,0.13054856994843106,163,60
190,24,True,False,False,lower_bound,0.10571734393345733,0.04441207133705953,163,61
190,24,True,False,False,midpoint,0.10571734393345733,0.06861975449893157,163,62
190,24,True,False,False,midpoint_with_inhaler,0.10571734393345733,0.06861975449893157,163,63
190,24,True,False,False,upper_bound,0.10571734393345733,0.082918828376386,163,64
190,24,True,False,False,upper_bound_with_inhaler,0.10571734393345733,0.082918828376386,163,65
190,24,True,False,True,one_hot,0.13054856994843106,0.13054856994843106,163,66
190,24,True,False,True,lower_bound,0.10571734393345733,0.04441207133705953,163,67
190,24,True,False,True,midpoint,0.10571734393345733,0.06861975449893157,163,68
190,24,True,False,True,midpoint_with_inhaler,0.10571734393345733,0.06861975449893157,163,69
190,24,True,False,True,upper_bound,0.10571734393345733,0.082918828376386,163,70
190,24,True,False,True,upper_bound_with_inhaler,0.10571734393345733,0.082918828376386,163,71
190,36,False,False,False,one_hot,0.08489909107757482,0.08489909107757482,163,72
190,36,False,False,False,lower_bound,0.05428072879945745,0.006282257573643725,163,73
190,36,False,False,False,midpoint,0.05428072879945745,0.027022650486861755,163,74
190,36,False,False,False,midpoint_with_inhaler,0.05428072879945745,0.027022650486861755,163,75
190,36,False,False,False,upper_bound,0.05428072879945745,0.03979914421321417,163,76
190,36,False,False,False,upper_bound_with_inhaler,0.05428072879945745,0.03979914421321417,163,77
190,36,False,False,True,one_hot,0.08489909107757482,0.08489909107757482,163,78
190,36,False,False,True,lower_bound,0.05428072879945745,0.006282257573643725,163,79
190,36,False,False,True,midpoint,0.05428072879945745,0.027022650486861755,163,80
190,36,False,False,True,midpoint_with_inhaler,0.05428072879945745,0.027022650486861755,163,81
190,36,False,False,True,upper_bound,0.05428072879945745,0.03979914421321417,163,82
190,36,False,False,True,upper_bound_with_inhaler,0.05428072879945745,0.03979914421321417,163,83
190,36,True,False,False,one_hot,0.17845618192145715,0.17845618192145726,163,84
190,36,True,False,False,lower_bound,0.14734036764344688,0.07689083229910362,163,85
190,36,True,False,False,midpoint,0.14734036764344688,0.10657565083990182,163,86
190,36,True,False,False,midpoint_with_inhaler,0.14734036764344688,0.10657565083990182,163,87
190,36,True,False,False,upper_bound,0.14734036764344688,0.1237977505787113,163,88
190,36,True,False,False,upper_bound_with_inhaler,0.14734036764344688,0.1237977505787113,163,89
190,36,True,False,True,one_hot,0.17845618192145715,0.17845618192145726,163,90
190,36,True,False,True,lower_bound,0.14734036764344688,0.07689083229910362,163,91
190,36,True,False,True,midpoint,0.14734036764344688,0.10657565083990182,163,92
190,36,True,False,True,midpoint_with_inhaler,0.14734036764344688,0.10657565083990182,163,93
190,36,True,False,True,upper_bound,0.14734036764344688,0.1237977505787113,163,94
190,36,True,False,True,upper_bound_with_inhaler,0.14734036764344688,0.1237977505787113,163,95
190,48,False,False,False,one_hot,0.06134289206812681,0.06134289206812681,163,96
190,48,False,False,False,lower_bound,0.0825311675594796,0.08654364386293437,163,97
190,48,False,False,False,midpoint,0.0825311675594796,0.08594239867898693,163,98
190,48,False,False,False,midpoint_with_inhaler,0.0825311675594796,0.08594239867898693,163,99
190,48,False,False,False,upper_bound,0.0825311675594796,0.08418544545395784,163,100
190,48,False,False,False,upper_bound_with_inhaler,0.0825311675594796,0.08418544545395784,163,101
190,48,False,False,True,one_hot,0.06134289206812681,0.06134289206812681,163,102
190,48,False,False,True,lower_bound,0.0825311675594796,0.08654364386293437,163,103
190,48,False,False,True,midpoint,0.0825311675594796,0.08594239867898693,163,104
190,48,False,False,True,midpoint_with_inhaler,0.0825311675594796,0.08594239867898693,163,105
190,48,False,False,True,upper_bound,0.0825311675594796,0.08418544545395784,163,106
190,48,False,False,True,upper_bound_with_inhaler,0.0825311675594796,0.08418544545395784,163,107
190,48,False,True,False,one_hot,0.11414448054280785,0.11414448054280785,163,108
190,48,False,True,False,lower_bound,0.10469954110927643,0.07480175372263494,163,109
190,48,False,True,False,midpoint,0.10469954110927643,0.08831928827403596,163,110
190,48,False,True,False,midpoint_with_inhaler,0.10469954110927643,0.08831928827403596,163,111
190,48,False,True,False,upper_bound,0.10469954110927643,0.09519495423961064,163,112
190,48,False,True,False,upper_bound_with_inhaler,0.10469954110927643,0.09519495423961064,163,113
190,48,False,True,True,one_hot,0.11414448054280785,0.11414448054280785,163,114
190,48,False,True,True,lower_bound,0.10469954110927643,0.07480175372263494,163,115
190,48,False,True,True,midpoint,0.10469954110927643,0.08831928827403596,163,116
190,48,False,True,True,midpoint_with_inhaler,0.10469954110927643,0.08831928827403596,163,117
190,48,False,True,True,upper_bound,0.10469954110927643,0.09519495423961064,163,118
190,48,False,True,True,upper_bound_with_inhaler,0.10469954110927643,0.09519495423961064,163,119
190,48,True,False,False,one_hot,0.15209029469405536,0.15209029469405536,163,120
190,48,True,False,False,lower_bound,0.1379055444963274,0.09480913749762379,163,121
190,48,True,False,False,midpoint,0.1379055444963274,0.11408626973933772,163,122
190,48,True,False,False,midpoint_with_inhaler,0.1379055444963274,0.11408626973933772,163,123
190,48,True,False,False,upper_bound,0.1379055444963274,0.12413008817033826,163,124
190,48,True,False,False,upper_bound_with_inhaler,0.1379055444963274,0.12413008817033826,163,125
190,48,True,False,True,one_hot,0.15209029469405536,0.15209029469405536,163,126
190,48,True,False,True,lower_bound,0.1379055444963274,0.09480913749762379,163,127
190,48,True,False,True,midpoint,0.1379055444963274,0.11408626973933772,163,128
190,48,True,False,True,midpoint_with_inhaler,0.1379055444963274,0.11408626973933772,163,129
190,48,True,False,True,upper_bound,0.1379055444963274,0.12413008817033826,163,130
190,48,True,False,True,upper_bound_with_inhaler,0.1379055444963274,0.12413008817033826,163,131
294,12,False,False,False,one_hot,0.22172352335154563,0.22172352335154563,173,0
294,12,False,False,False,lower_bound,0.3081169371012022,0.3025640776848354,173,1
294,12,False,False,False,midpoint,0.3081169371012022,0.3201961088418885,173,2
294,12,False,False,False,midpoint_with_inhaler,0.3081169371012022,0.3201961088418885,173,3
294,12,False,False,False,upper_bound,0.3081169371012022,0.32719539969424843,173,4
294,12,False,False,False,upper_bound_with_inhaler,0.3081169371012022,0.32719539969424843,173,5
294,12,False,False,True,one_hot,0.22172352335154563,0.22172352335154563,173,6
294,12,False,False,True,lower_bound,0.3081169371012022,0.3025640776848354,173,7
294,12,False,False,True,midpoint,0.3081169371012022,0.3201961088418885,173,8
294,12,False,False,True,midpoint_with_inhaler,0.3081169371012022,0.3201961088418885,173,9
294,12,False,False,True,upper_bound,0.3081169371012022,0.32719539969424843,173,10
294,12,False,False,True,upper_bound_with_inhaler,0.3081169371012022,0.32719539969424843,173,11
294,12,False,True,False,one_hot,,,173,12
294,12,False,True,False,lower_bound,0.5176506201786459,0.4696721673735595,173,13
294,12,False,True,False,midpoint,0.5176506201786459,0.4948727987067713,173,14
294,12,False,True,False,midpoint_with_inhaler,0.5176506201786459,0.4948727987067713,173,15
294,12,False,True,False,upper_bound,0.5176506201786459,0.505018660650503,173,16
294,12,False,True,False,upper_bound_with_inhaler,0.5176506201786459,0.505018660650503,173,17
294,12,False,True,True,one_hot,,,173,18
294,12,False,True,True,lower_bound,0.5176506201786459,0.4696721673735595,173,19
294,12,False,True,True,midpoint,0.5176506201786459,0.4948727987067713,173,20
294,12,False,True,True,midpoint_with_inhaler,0.5176506201786459,0.4948727987067713,173,21
294,12,False,True,True,upper_bound,0.5176506201786459,0.505018660650503,173,22
294,12,False,True,True,upper_bound_with_inhaler,0.5176506201786459,0.505018660650503,173,23
294,12,True,False,False,one_hot,,,173,24
294,12,True,False,False,lower_bound,0.49552672121196506,0.46042590450521925,173,25
294,12,True,False,False,midpoint,0.49552672121196506,0.48446456336289023,173,26
294,12,True,False,False,midpoint_with_inhaler,0.49552672121196506,0.483665623358457,173,27
294,12,True,False,False,upper_bound,0.49503779584366964,0.49182246739397834,173,28
294,12,True,False,False,upper_bound_with_inhaler,0.49552672121196506,0.49121756803602684,173,29
294,12,True,False,True,one_hot,,,173,30
294,12,True,False,True,lower_bound,0.49552672121196506,0.46042590450521925,173,31
294,12,True,False,True,midpoint,0.49552672121196506,0.48446456336289023,173,32
294,12,True,False,True,midpoint_with_inhaler,0.49552672121196506,0.483665623358457,173,33
294,12,True,False,True,upper_bound,0.49503779584366964,0.49182246739397834,173,34
294,12,True,False,True,upper_bound_with_inhaler,0.49552672121196506,0.49121756803602684,173,35
294,24,False,False,False,one_hot,,,173,36
294,24,False,False,False,lower_bound,0.6342678273127725,0.6207575690296478,173,37
294,24,False,False,False,midpoint,0.6342678273127725,0.6270503326810496,173,38
294,24,False,False,False,midpoint_with_inhaler,0.6342678273127725,0.6300217225276179,173,39
294,24,False,False,False,upper_bound,0.6303586557800477,0.6156521841627682,173,40
294,24,False,False,False,upper_bound_with_inhaler,0.6342678273127725,0.6255298385156194,173,41
294,24,False,False,True,one_hot,,,173,42
294,24,False,False,True,lower_bound,0.6342678273127725,0.6207575690296478,173,43
294,24,False,False,True,midpoint,0.6342678273127725,0.6270503326810496,173,44
294,24,False,False,True,midpoint_with_inhaler,0.6342678273127725,0.6300217225276179,173,45
294,24,False,False,True,upper_bound,0.6303586557800477,0.6156521841627682,173,46
294,24,False,False,True,upper_bound_with_inhaler,0.6342678273127725,0.6255298385156194,173,47
294,24,False,True,False,one_hot,,,173,48
294,24,False,True,False,lower_bound,0.46785813337908605,0.41867635531276104,173,49
294,24,False,True,False,midpoint,0.46785813337908605,0.44832241280484375,173,50
294,24,False,True,False,midpoint_with_inhaler,0.46785813337908605,0.44832241280484375,173,51
294,24,False,True,False,upper_bound,0.46785813337908605,0.4649528087317568,173,52
294,24,False,True,False,upper_bound_with_inhaler,0.46785813337908605,0.4649528087317568,173,53
294,24,False,True,True,one_hot,,,173,54
294,24,False,True,True,lower_bound,0.46785813337908605,0.41867635531276104,173,55
294,24,False,True,True,midpoint,0.46785813337908605,0.44832241280484375,173,56
294,24,False,True,True,midpoint_with_inhaler,0.46785813337908605,0.44832241280484375,173,57
294,24,False,True,True,upper_bound,0.46785813337908605,0.4649528087317568,173,58
294,24,False,True,True,upper_bound_with_inhaler,0.46785813337908605,0.4649528087317568,173,59
294,24,True,False,False,one_hot,,,173,60
294,24,True,False,False,lower_bound,0.6342678273127725,0.6207575690296478,173,61
294,24,True,False,False,midpoint,0.6342678273127725,0.6270503326810496,173,62
294,24,True,False,False,midpoint_with_inhaler,0.6342678273127725,0.6300217225276179,173,63
294,24,True,False,False,upper_bound,0.6303586557800477,0.6156521841627682,173,64
294,24,True,False,False,upper_bound_with_inhaler,0.6342678273127725,0.6255298385156194,173,65
294,24,True,False,True,one_hot,,,173,66
294,24,True,False,True,lower_bound,0.6342678273127725,0.6207575690296478,173,67
294,24,True,False,True,midpoint,0.6342678273127725,0.6270503326810496,173,68
294,24,True,False,True,midpoint_with_inhaler,0.6342678273127725,0.6300217225276179,173,69
294,24,True,False,True,upper_bound,0.6303586557800477,0.6156521841627682,173,70
294,24,True,False,True,upper_bound_with_inhaler,0.6342678273127725,0.6255298385156194,173,71
294,36,False,False,False,one_hot,,,173,72
294,36,False,False,False,lower_bound,0.5027975775639439,0.499706198212838,173,73
294,36,False,False,False,midpoint,0.5027975775639439,0.5066498557196113,173,74
294,36,False,False,False,midpoint_with_inhaler,0.5027975775639439,0.518119566729838,173,75
294,36,False,False,False,upper_bound,0.46019117694448003,0.4906358981740682,173,76
294,36,False,False,False,upper_bound_with_inhaler,0.5027975775639439,0.5097839868908751,173,77
294,36,False,False,True,one_hot,,,173,78
294,36,False,False,True,lower_bound,0.5027975775639439,0.499706198212838,173,79
294,36,False,False,True,midpoint,0.5027975775639439,0.5066498557196113,173,80
294,36,False,False,True,midpoint_with_inhaler,0.5027975775639439,0.518119566729838,173,81
294,36,False,False,True,upper_bound,0.46019117694448003,0.4906358981740682,173,82
294,36,False,False,True,upper_bound_with_inhaler,0.5027975775639439,0.5097839868908751,173,83
294,36,True,False,False,one_hot,,,173,84
294,36,True,False,False,lower_bound,0.4377350814909273,0.4315404699911964,173,85
294,36,True,False,False,midpoint,0.4377350814909273,0.4403127695374823,173,86
294,36,True,False,False,midpoint_with_inhaler,0.4377350814909273,0.4424024865322074,173,87
294,36,True,False,False,upper_bound,0.4354407257559966,0.4433323612509625,173,88
294,36,True,False,False,upper_bound_with_inhaler,0.4377350814909273,0.45025037436737336,173,89
294,36,True,False,True,one_hot,,,173,90
294,36,True,False,True,lower_bound,0.4377350814909273,0.4315404699911964,173,91
294,36,True,False,True,midpoint,0.4377350814909273,0.4403127695374823,173,92
294,36,True,False,True,midpoint_with_inhaler,0.4377350814909273,0.4424024865322074,173,93
294,36,True,False,True,upper_bound,0.4354407257559966,0.4433323612509625,173,94
294,36,True,False,True,upper_bound_with_inhaler,0.4377350814909273,0.45025037436737336,173,95
294,48,False,False,False,one_hot,,,173,96
294,48,False,False,False,lower_bound,0.7134717271158622,0.7050304452351795,173,97
294,48,False,False,False,midpoint,0.7134717271158622,0.6971021516658352,173,98
294,48,False,False,False,midpoint_with_inhaler,0.7134717271158622,0.7177003701982615,173,99
294,48,False,False,False,upper_bound,0.6608137017866524,0.6292862746020345,173,100
294,48,False,False,False,upper_bound_with_inhaler,0.7134717271158622,0.673532188064201,173,101
294,48,False,False,True,one_hot,,,173,102
294,48,False,False,True,lower_bound,0.7134717271158622,0.7050304452351795,173,103
294,48,False,False,True,midpoint,0.7134717271158622,0.6971021516658352,173,104
294,48,False,False,True,midpoint_with_inhaler,0.7134717271158622,0.7177003701982615,173,105
294,48,False,False,True,upper_bound,0.6608137017866524,0.6292862746020345,173,106
294,48,False,False,True,upper_bound_with_inhaler,0.7134717271158622,0.673532188064201,173,107
294,48,False,True,False,one_hot,,,173,108
294,48,False,True,False,lower_bound,0.32816473265009743,0.3140911095271248,173,109
294,48,False,True,False,midpoint,0.32816473265009743,0.33410787765355004,173,110
294,48,False,True,False,midpoint_with_inhaler,0.32816473265009743,0.3322502864366501,173,111
294,48,False,True,False,upper_bound,0.33183266657276644,0.341638952772677,173,112
294,48,False,True,False,upper_bound_with_inhaler,0.32816473265009743,0.3356547082720738,173,113
294,48,False,True,True,one_hot,,,173,114
294,48,False,True,True,lower_bound,0.32816473265009743,0.3140911095271248,173,115
294,48,False,True,True,midpoint,0.32816473265009743,0.33410787765355004,173,116
294,48,False,True,True,midpoint_with_inhaler,0.32816473265009743,0.3322502864366501,173,117
294,48,False,True,True,upper_bound,0.33183266657276644,0.341638952772677,173,118
294,48,False,True,True,upper_bound_with_inhaler,0.32816473265009743,0.3356547082720738,173,119
294,48,True,False,False,one_hot,,,173,120
294,48,True,False,False,lower_bound,0.40295768157441003,0.37349695108217945,173,121
294,48,True,False,False,midpoint,0.40295768157441003,0.3998146915155518,173,122
294,48,True,False,False,midpoint_with_inhaler,0.40295768157441003,0.3973919333395376,173,123
294,48,True,False,False,upper_bound,0.4019980727584299,0.4063671833861853,173,124
294,48,True,False,False,upper_bound_with_inhaler,0.40295768157441003,0.4070003766562439,173,125
294,48,True,False,True,one_hot,,,173,126
294,48,True,False,True,lower_bound,0.40295768157441003,0.37349695108217945,173,127
294,48,True,False,True,midpoint,0.40295768157441003,0.3998146915155518,173,128
294,48,True,False,True,midpoint_with_inhaler,0.40295768157441003,0.3973919333395376,173,129
294,48,True,False,True,upper_bound,0.4019980727584299,0.4063671833861853,173,130
294,48,True,False,True,upper_bound_with_inhaler,0.40295768157441003,0.4070003766562439,173,131
328,12,False,False,False,one_hot,0.4678194397177004,0.46781943971770057,17,0
328,12,False,False,False,lower_bound,0.4071367486065829,0.10916362267706377,17,1
328,12,False,False,False,midpoint,0.4071367486065829,0.13815190612589662,17,2
328,12,False,False,False,midpoint_with_inhaler,0.4071367486065829,0.13815190612589662,17,3
328,12,False,False,False,upper_bound,0.4071367486065829,0.15566111481842884,17,4
328,12,False,False,False,upper_bound_with_inhaler,0.4071367486065829,0.15566111481842884,17,5
328,12,False,False,True,one_hot,0.4678194397177004,0.46781943971770057,17,6
328,12,False,False,True,lower_bound,0.4071367486065829,0.10916362267706377,17,7
328,12,False,False,True,midpoint,0.4071367486065829,0.13815190612589662,17,8
328,12,False,False,True,midpoint_with_inhaler,0.4071367486065829,0.13815190612589662,17,9
328,12,False,False,True,upper_bound,0.4071367486065829,0.15566111481842884,17,10
328,12,False,False,True,upper_bound_with_inhaler,0.4071367486065829,0.15566111481842884,17,11
328,12,False,True,False,one_hot,0.240218647289261,0.24021864728926107,17,12
328,12,False,True,False,lower_bound,0.08213571259635626,-0.04983417230491328,17,13
328,12,False,True,False,midpoint,0.08213571259635626,-0.020002667306849572,17,14
328,12,False,True,False,midpoint_with_inhaler,0.08213571259635626,-0.020002667306849572,17,15
328,12,False,True,False,upper_bound,0.08213571259635626,0.0,17,16
328,12,False,True,False,upper_bound_with_inhaler,0.08213571259635626,0.0,17,17
328,12,False,True,True,one_hot,0.240218647289261,0.24021864728926107,17,18
328,12,False,True,True,lower_bound,0.08213571259635626,-0.04983417230491328,17,19
328,12,False,True,True,midpoint,0.08213571259635626,-0.020002667306849572,17,20
328,12,False,True,True,midpoint_with_inhaler,0.08213571259635626,-0.020002667306849572,17,21
328,12,False,True,True,upper_bound,0.08213571259635626,0.0,17,22
328,12,False,True,True,upper_bound_with_inhaler,0.08213571259635626,0.0,17,23
328,12,True,False,False,one_hot,0.2053880046330666,0.2053880046330666,17,24
328,12,True,False,False,lower_bound,0.1409816090245673,0.0,17,25
328,12,True,False,False,midpoint,0.1409816090245673,0.015202496684727037,17,26
328,12,True,False,False,midpoint_with_inhaler,0.1409816090245673,0.015202496684727037,17,27
328,12,True,False,False,upper_bound,0.1409816090245673,0.0246232733987315,17,28
328,12,True,False,False,upper_bound_with_inhaler,0.1409816090245673,0.0246232733987315,17,29
328,12,True,False,True,one_hot,0.2053880046330666,0.2053880046330666,17,30
328,12,True,False,True,lower_bound,0.1409816090245673,0.0,17,31
328,12,True,False,True,midpoint,0.1409816090245673,0.015202496684727037,17,32
328,12,True,False,True,midpoint_with_inhaler,0.1409816090245673,0.015202496684727037,17,33
328,12,True,False,True,upper_bound,0.1409816090245673,0.0246232733987315,17,34
328,12,True,False,True,upper_bound_with_inhaler,0.1409816090245673,0.0246232733987315,17,35
328,24,False,False,False,one_hot,0.2765186331416562,0.27651863314165614,17,36
328,24,False,False,False,lower_bound,0.12165518260938446,-0.032477063920917947,17,37
328,24,False,False,False,midpoint,0.12165518260938446,3.469446951953614e-18,17,38
328,24,False,False,False,midpoint_with_inhaler,0.12165518260938446,3.469446951953614e-18,17,39
328,24,False,False,False,upper_bound,0.12165518260938446,0.02151989552722468,17,40
328,24,False,False,False,upper_bound_with_inhaler,0.12165518260938446,0.02151989552722468,17,41
328,24,False,False,True,one_hot,0.2765186331416562,0.27651863314165614,17,42
328,24,False,False,True,lower_bound,0.12165518260938446,-0.032477063920917947,17,43
328,24,False,False,True,midpoint,0.12165518260938446,3.469446951953614e-18,17,44
328,24,False,False,True,midpoint_with_inhaler,0.12165518260938446,3.469446951953614e-18,17,45
328,24,False,False,True,upper_bound,0.12165518260938446,0.02151989552722468,17,46
328,24,False,False,True,upper_bound_with_inhaler,0.12165518260938446,0.02151989552722468,17,47
328,24,False,True,False,one_hot,0.240218647289261,0.24021864728926104,17,48
328,24,False,True,False,lower_bound,0.17932811819187108,0.091541943648056,17,49
328,24,False,True,False,midpoint,0.17932811819187108,0.13350074972165246,17,50
328,24,False,True,False,midpoint_with_inhaler,0.17932811819187108,0.13350074972165246,17,51
328,24,False,True,False,upper_bound,0.17932811819187108,0.1588219041461093,17,52
328,24,False,True,False,upper_bound_with_inhaler,0.17932811819187108,0.1588219041461093,17,53
328,24,False,True,True,one_hot,0.240218647289261,0.24021864728926104,17,54
328,24,False,True,True,lower_bound,0.17932811819187108,0.091541943648056,17,55
328,24,False,True,True,midpoint,0.17932811819187108,0.13350074972165246,17,56
328,24,False,True,True,midpoint_with_inhaler,0.17932811819187108,0.13350074972165246,17,57
328,24,False,True,True,upper_bound,0.17932811819187108,0.1588219041461093,17,58
328,24,False,True,True,upper_bound_with_inhaler,0.17932811819187108,0.1588219041461093,17,59
328,24,True,False,False,one_hot,0.2765186331416562,0.27651863314165614,17,60
328,24,True,False,False,lower_bound,0.12165518260938446,-0.032477063920917947,17,61
328,24,True,False,False,midpoint,0.12165518260938446,3.469446951953614e-18,17,62
328,24,True,False,False,midpoint_with_inhaler,0.12165518260938446,3.469446951953614e-18,17,63
328,24,True,False,False,upper_bound,0.12165518260938446,0.02151989552722468,17,64
328,24,True,False,False,upper_bound_with_inhaler,0.12165518260938446,0.02151989552722468,17,65
328,24,True,False,True,one_hot,0.2765186331416562,0.27651863314165614,17,66
328,24,True,False,True,lower_bound,0.12165518260938446,-0.032477063920917947,17,67
328,24,True,False,True,midpoint,0.12165518260938446,3.469446951953614e-18,17,68
328,24,True,False,True,midpoint_with_inhaler,0.12165518260938446,3.469446951953614e-18,17,69
328,24,True,False,True,upper_bound,0.12165518260938446,0.02151989552722468,17,70
328,24,True,False,True,upper_bound_with_inhaler,0.12165518260938446,0.02151989552722468,17,71
328,36,False,False,False,one_hot,0.17066884146429798,0.17066884146429798,17,72
328,36,False,False,False,lower_bound,-6.938893903907228e-18,-0.10352154806268091,17,73
328,36,False,False,False,midpoint,-6.938893903907228e-18,-0.0878638220371333,17,74
328,36,False,False,False,midpoint_with_inhaler,-6.938893903907228e-18,-0.0878638220371333,17,75
328,36,False,False,False,upper_bound,-6.938893903907228e-18,-0.07734865037354614,17,76
328,36,False,False,False,upper_bound_with_inhaler,-6.938893903907228e-18,-0.07734865037354614,17,77
328,36,False,False,True,one_hot,0.17066884146429798,0.17066884146429798,17,78
328,36,False,False,True,lower_bound,-6.938893903907228e-18,-0.10352154806268091,17,79
328,36,False,False,True,midpoint,-6.938893903907228e-18,-0.0878638220371333,17,80
328,36,False,False,True,midpoint_with_inhaler,-6.938893903907228e-18,-0.0878638220371333,17,81
328,36,False,False,True,upper_bound,-6.938893903907228e-18,-0.07734865037354614,17,82
328,36,False,False,True,upper_bound_with_inhaler,-6.938893903907228e-18,-0.07734865037354614,17,83
328,36,True,False,False,one_hot,0.3155801787685052,0.3155801787685052,17,84
328,36,True,False,False,lower_bound,0.3155801787685052,0.3155801787685052,17,85
328,36,True,False,False,midpoint,0.3155801787685052,0.315580178768505,17,86
328,36,True,False,False,midpoint_with_inhaler,0.3155801787685052,0.315580178768505,17,87
328,36,True,False,False,upper_bound,0.3155801787685052,0.3155801787685052,17,88
328,36,True,False,False,upper_bound_with_inhaler,0.3155801787685052,0.3155801787685052,17,89
328,36,True,False,True,one_hot,0.3155801787685052,0.3155801787685052,17,90
328,36,True,False,True,lower_bound,0.3155801787685052,0.3155801787685052,17,91
328,36,True,False,True,midpoint,0.3155801787685052,0.315580178768505,17,92
328,36,True,False,True,midpoint_with_inhaler,0.3155801787685052,0.315580178768505,17,93
328,36,True,False,True,upper_bound,0.3155801787685052,0.3155801787685052,17,94
328,36,True,False,True,upper_bound_with_inhaler,0.3155801787685052,0.3155801787685052,17,95
328,48,False,False,False,one_hot,0.1341319932973397,0.1341319932973397,17,96
328,48,False,False,False,lower_bound,-6.938893903907228e-18,-0.07734865037354616,17,97
328,48,False,False,False,midpoint,-6.938893903907228e-18,-0.0621626388809024,17,98
328,48,False,False,False,midpoint_with_inhaler,-6.938893903907228e-18,-0.0621626388809024,17,99
328,48,False,False,False,upper_bound,-6.938893903907228e-18,-0.051685753557698604,17,100
328,48,False,False,False,upper_bound_with_inhaler,-6.938893903907228e-18,-0.051685753557698604,17,101
328,48,False,False,True,one_hot,0.1341319932973397,0.1341319932973397,17,102
328,48,False,False,True,lower_bound,-6.938893903907228e-18,-0.07734865037354616,17,103
328,48,False,False,True,midpoint,-6.938893903907228e-18,-0.0621626388809024,17,104
328,48,False,False,True,midpoint_with_inhaler,-6.938893903907228e-18,-0.0621626388809024,17,105
328,48,False,False,True,upper_bound,-6.938893903907228e-18,-0.051685753557698604,17,106
328,48,False,False,True,upper_bound_with_inhaler,-6.938893903907228e-18,-0.051685753557698604,17,107
328,48,False,True,False,one_hot,-0.641154939730282,-0.641154939730282,17,108
328,48,False,True,False,lower_bound,-0.5933359942271806,-0.32015293561643415,17,109
328,48,False,True,False,midpoint,-0.5933359942271806,-0.3541397760341144,17,110
328,48,False,True,False,midpoint_with_inhaler,-0.5933359942271806,-0.3541397760341144,17,111
328,48,False,True,False,upper_bound,-0.5933359942271806,-0.37465588430053165,17,112
328,48,False,True,False,upper_bound_with_inhaler,-0.5933359942271806,-0.37465588430053165,17,113
328,48,False,True,True,one_hot,-0.641154939730282,-0.641154939730282,17,114
328,48,False,True,True,lower_bound,-0.5933359942271806,-0.32015293561643415,17,115
328,48,False,True,True,midpoint,-0.5933359942271806,-0.3541397760341144,17,116
328,48,False,True,True,midpoint_with_inhaler,-0.5933359942271806,-0.3541397760341144,17,117
328,48,False,True,True,upper_bound,-0.5933359942271806,-0.37465588430053165,17,118
328,48,False,True,True,upper_bound_with_inhaler,-0.5933359942271806,-0.37465588430053165,17,119
328,48,True,False,False,one_hot,0.2053880046330666,0.2053880046330666,17,120
328,48,True,False,False,lower_bound,0.042205288712953294,-0.04463960108094663,17,121
328,48,True,False,False,midpoint,0.042205288712953294,6.938893903907228e-18,17,122
328,48,True,False,False,midpoint_with_inhaler,0.042205288712953294,6.938893903907228e-18,17,123
328,48,True,False,False,upper_bound,0.042205288712953294,0.033627301741666574,17,124
328,48,True,False,False,upper_bound_with_inhaler,0.042205288712953294,0.033627301741666574,17,125
328,48,True,False,True,one_hot,0.2053880046330666,0.2053880046330666,17,126
328,48,True,False,True,lower_bound,0.042205288712953294,-0.04463960108094663,17,127
328,48,True,False,True,midpoint,0.042205288712953294,6.938893903907228e-18,17,128
328,48,True,False,True,midpoint_with_inhaler,0.042205288712953294,6.938893903907228e-18,17,129
328,48,True,False,True,upper_bound,0.042205288712953294,0.033627301741666574,17,130
328,48,True,False,True,upper_bound_with_inhaler,0.042205288712953294,0.033627301741666574,17,131
343,12,False,False,False,one_hot,0.272285318244058,0.2722853182440581,173,0
343,12,False,False,False,lower_bound,0.272285318244058,0.2722853182440581,173,1
343,12,False,False,False,midpoint,0.272285318244058,0.2722853182440581,173,2
343,12,False,False,False,midpoint_with_inhaler,0.272285318244058,0.2722853182440581,173,3
343,12,False,False,False,upper_bound,0.272285318244058,0.2722853182440581,173,4
343,12,False,False,False,upper_bound_with_inhaler,0.272285318244058,0.2722853182440581,173,5
343,12,False,False,True,one_hot,0.272285318244058,0.2722853182440581,173,6
343,12,False,False,True,lower_bound,0.272285318244058,0.2722853182440581,173,7
343,12,False,False,True,midpoint,0.272285318244058,0.2722853182440581,173,8
343,12,False,False,True,midpoint_with_inhaler,0.272285318244058,0.2722853182440581,173,9
343,12,False,False,True,upper_bound,0.272285318244058,0.2722853182440581,173,10
343,12,False,False,True,upper_bound_with_inhaler,0.272285318244058,0.2722853182440581,173,11
343,12,False,True,False,one_hot,0.41122122930382005,0.41122122930382005,173,12
343,12,False,True,False,lower_bound,0.41122122930382005,0.41122122930382005,173,13
343,12,False,True,False,midpoint,0.41122122930382005,0.41122122930382005,173,14
343,12,False,True,False,midpoint_with_inhaler,0.41122122930382005,0.41122122930382005,173,15
343,12,False,True,False,upper_bound,0.41122122930382005,0.41122122930382005,173,16
343,12,False,True,False,upper_bound_with_inhaler,0.41122122930382005,0.41122122930382005,173,17
343,12,False,True,True,one_hot,0.41122122930382005,0.41122122930382005,173,18
343,12,False,True,True,lower_bound,0.41122122930382005,0.41122122930382005,173,19
343,12,False,True,True,midpoint,0.41122122930382005,0.41122122930382005,173,20
343,12,False,True,True,midpoint_with_inhaler,0.41122122930382005,0.41122122930382005,173,21
343,12,False,True,True,upper_bound,0.41122122930382005,0.41122122930382005,173,22
343,12,False,True,True,upper_bound_with_inhaler,0.41122122930382005,0.41122122930382005,173,23
343,12,True,False,False,one_hot,0.3568387316137357,0.3568387316137357,173,24
343,12,True,False,False,lower_bound,0.3568387316137357,0.3568387316137357,173,25
343,12,True,False,False,midpoint,0.3568387316137357,0.3568387316137357,173,26
343,12,True,False,False,midpoint_with_inhaler,0.3568387316137357,0.3568387316137357,173,27
343,12,True,False,False,upper_bound,0.3568387316137357,0.3568387316137357,173,28
343,12,True,False,False,upper_bound_with_inhaler,0.3568387316137357,0.3568387316137357,173,29
343,12,True,False,True,one_hot,0.3568387316137357,0.3568387316137357,173,30
343,12,True,False,True,lower_bound,0.3568387316137357,0.3568387316137357,173,31
343,12,True,False,True,midpoint,0.3568387316137357,0.3568387316137357,173,32
343,12,True,False,True,midpoint_with_inhaler,0.3568387316137357,0.3568387316137357,173,33
343,12,True,False,True,upper_bound,0.3568387316137357,0.3568387316137357,173,34
343,12,True,False,True,upper_bound_with_inhaler,0.3568387316137357,0.3568387316137357,173,35
343,24,False,False,False,one_hot,0.30533087054064295,0.30533087054064284,173,36
343,24,False,False,False,lower_bound,0.31202477546741136,0.3401392220162914,173,37
343,24,False,False,False,midpoint,0.31202477546741136,0.33313908515645113,173,38
343,24,False,False,False,midpoint_with_inhaler,0.31202477546741136,0.33313908515645113,173,39
343,24,False,False,False,upper_bound,0.31202477546741136,0.327992686040291,173,40
343,24,False,False,False,upper_bound_with_inhaler,0.31202477546741136,0.327992686040291,173,41
343,24,False,False,True,one_hot,0.30533087054064295,0.30533087054064284,173,42
343,24,False,False,True,lower_bound,0.31202477546741136,0.3401392220162914,173,43
343,24,False,False,True,midpoint,0.31202477546741136,0.33313908515645113,173,44
343,24,False,False,True,midpoint_with_inhaler,0.31202477546741136,0.33313908515645113,173,45
343,24,False,False,True,upper_bound,0.31202477546741136,0.327992686040291,173,46
343,24,False,False,True,upper_bound_with_inhaler,0.31202477546741136,0.327992686040291,173,47
343,24,False,True,False,one_hot,0.15032564075581842,0.15032564075581845,173,48
343,24,False,True,False,lower_bound,0.15032564075581842,0.15032564075581845,173,49
343,24,False,True,False,midpoint,0.15032564075581842,0.15032564075581845,173,50
343,24,False,True,False,midpoint_with_inhaler,0.15032564075581842,0.15032564075581845,173,51
343,24,False,True,False,upper_bound,0.15032564075581842,0.15032564075581845,173,52
343,24,False,True,False,upper_bound_with_inhaler,0.15032564075581842,0.15032564075581845,173,53
343,24,False,True,True,one_hot,0.15032564075581842,0.15032564075581845,173,54
343,24,False,True,True,lower_bound,0.15032564075581842,0.15032564075581845,173,55
343,24,False,True,True,midpoint,0.15032564075581842,0.15032564075581845,173,56
343,24,False,True,True,midpoint_with_inhaler,0.15032564075581842,0.15032564075581845,173,57
343,24,False,True,True,upper_bound,0.15032564075581842,0.15032564075581845,173,58
343,24,False,True,True,upper_bound_with_inhaler,0.15032564075581842,0.15032564075581845,173,59
343,24,True,False,False,one_hot,0.30533087054064295,0.30533087054064284,173,60
343,24,True,False,False,lower_bound,0.31202477546741136,0.3401392220162914,173,61
343,24,True,False,False,midpoint,0.31202477546741136,0.33313908515645113,173,62
343,24,True,False,False,midpoint_with_inhaler,0.31202477546741136,0.33313908515645113,173,63
343,24,True,False,False,upper_bound,0.31202477546741136,0.327992686040291,173,64
343,24,True,False,False,upper_bound_with_inhaler,0.31202477546741136,0.327992686040291,173,65
343,24,True,False,True,one_hot,0.30533087054064295,0.30533087054064284,173,66
343,24,True,False,True,lower_bound,0.31202477546741136,0.3401392220162914,173,67
343,24,True,False,True,midpoint,0.31202477546741136,0.33313908515645113,173,68
343,24,True,False,True,midpoint_with_inhaler,0.31202477546741136,0.33313908515645113,173,69
343,24,True,False,True,upper_bound,0.31202477546741136,0.327992686040291,173,70
343,24,True,False,True,upper_bound_with_inhaler,0.31202477546741136,0.327992686040291,173,71
343,36,False,False,False,one_hot,0.3959221640489498,0.39592216404895,173,72
343,36,False,False,False,lower_bound,0.40427668973198283,0.4267856820476879,173,73
343,36,False,False,False,midpoint,0.40427668973198283,0.4215538547267782,173,74
343,36,False,False,False,midpoint_with_inhaler,0.40427668973198283,0.4215538547267782,173,75
343,36,False,False,False,upper_bound,0.40427668973198283,0.41712197724944255,173,76
343,36,False,False,False,upper_bound_with_inhaler,0.40427668973198283,0.41712197724944255,173,77
343,36,False,False,True,one_hot,0.3959221640489498,0.39592216404895,173,78
343,36,False,False,True,lower_bound,0.40427668973198283,0.4267856820476879,173,79
343,36,False,False,True,midpoint,0.40427668973198283,0.4215538547267782,173,80
343,36,False,False,True,midpoint_with_inhaler,0.40427668973198283,0.4215538547267782,173,81
343,36,False,False,True,upper_bound,0.40427668973198283,0.41712197724944255,173,82
343,36,False,False,True,upper_bound_with_inhaler,0.40427668973198283,0.41712197724944255,173,83
343,36,True,False,False,one_hot,0.2722752330098175,0.2722752330098176,173,84
343,36,True,False,False,lower_bound,0.2722752330098175,0.2722752330098176,173,85
343,36,True,False,False,midpoint,0.2722752330098175,0.2722752330098176,173,86
343,36,True,False,False,midpoint_with_inhaler,0.2722752330098175,0.2722752330098176,173,87
343,36,True,False,False,upper_bound,0.2722752330098175,0.2722752330098176,173,88
343,36,True,False,False,upper_bound_with_inhaler,0.2722752330098175,0.2722752330098176,173,89
343,36,True,False,True,one_hot,0.2722752330098175,0.2722752330098176,173,90
343,36,True,False,True,lower_bound,0.2722752330098175,0.2722752330098176,173,91
343,36,True,False,True,midpoint,0.2722752330098175,0.2722752330098176,173,92
343,36,True,False,True,midpoint_with_inhaler,0.2722752330098175,0.2722752330098176,173,93
343,36,True,False,True,upper_bound,0.2722752330098175,0.2722752330098176,173,94
343,36,True,False,True,upper_bound_with_inhaler,0.2722752330098175,0.2722752330098176,173,95
343,48,False,False,False,one_hot,0.20733573560121632,0.20733573560121632,173,96
343,48,False,False,False,lower_bound,0.21076465418109064,0.20464799695398025,173,97
343,48,False,False,False,midpoint,0.21076465418109064,0.20993630511797415,173,98
343,48,False,False,False,midpoint_with_inhaler,0.21076465418109064,0.20993630511797415,173,99
343,48,False,False,False,upper_bound,0.21076465418109064,0.2112862605623796,173,100
343,48,False,False,False,upper_bound_with_inhaler,0.21076465418109064,0.2112862605623796,173,101
343,48,False,False,True,one_hot,0.20733573560121632,0.20733573560121632,173,102
343,48,False,False,True,lower_bound,0.21076465418109064,0.20464799695398025,173,103
343,48,False,False,True,midpoint,0.21076465418109064,0.20993630511797415,173,104
343,48,False,False,True,midpoint_with_inhaler,0.21076465418109064,0.20993630511797415,173,105
343,48,False,False,True,upper_bound,0.21076465418109064,0.2112862605623796,173,106
343,48,False,False,True,upper_bound_with_inhaler,0.21076465418109064,0.2112862605623796,173,107
343,48,False,True,False,one_hot,0.041589479462671795,0.041589479462671816,173,108
343,48,False,True,False,lower_bound,0.041589479462671795,0.041589479462671816,173,109
343,48,False,True,False,midpoint,0.041589479462671795,0.04158947946267188,173,110
343,48,False,True,False,midpoint_with_inhaler,0.041589479462671795,0.04158947946267188,173,111
343,48,False,True,False,upper_bound,0.041589479462671795,0.041589479462671816,173,112
343,48,False,True,False,upper_bound_with_inhaler,0.041589479462671795,0.041589479462671816,173,113
343,48,False,True,True,one_hot,0.041589479462671795,0.041589479462671816,173,114
343,48,False,True,True,lower_bound,0.041589479462671795,0.041589479462671816,173,115
343,48,False,True,True,midpoint,0.041589479462671795,0.04158947946267188,173,116
343,48,False,True,True,midpoint_with_inhaler,0.041589479462671795,0.04158947946267188,173,117
343,48,False,True,True,upper_bound,0.041589479462671795,0.041589479462671816,173,118
343,48,False,True,True,upper_bound_with_inhaler,0.041589479462671795,0.041589479462671816,173,119
343,48,True,False,False,one_hot,0.07416183975997374,0.07416183975997376,173,120
343,48,True,False,False,lower_bound,0.07231361050087308,0.057042360966002605,173,121
343,48,True,False,False,midpoint,0.07231361050087308,0.0630770492892878,173,122
343,48,True,False,False,midpoint_with_inhaler,0.07231361050087308,0.0630770492892878,173,123
343,48,True,False,False,upper_bound,0.07231361050087308,0.06602998500373201,173,124
343,48,True,False,False,upper_bound_with_inhaler,0.07231361050087308,0.06602998500373201,173,125
343,48,True,False,True,one_hot,0.07416183975997374,0.07416183975997376,173,126
343,48,True,False,True,lower_bound,0.07231361050087308,0.057042360966002605,173,127
343,48,True,False,True,midpoint,0.07231361050087308,0.0630770492892878,173,128
343,48,True,False,True,midpoint_with_inhaler,0.07231361050087308,0.0630770492892878,173,129
343,48,True,False,True,upper_bound,0.07231361050087308,0.06602998500373201,173,130
343,48,True,False,True,upper_bound_with_inhaler,0.07231361050087308,0.06602998500373201,173,131
398,12,False,False,False,one_hot,0.3225433099800497,0.32254330998004965,25,0
398,12,False,False,False,lower_bound,0.3225433099800497,0.32254330998004965,25,1
398,12,False,False,False,midpoint,0.3225433099800497,0.3225433099800497,25,2
398,12,False,False,False,midpoint_with_inhaler,0.3225433099800497,0.3225433099800497,25,3
398,12,False,False,False,upper_bound,0.3225433099800497,0.32254330998004965,25,4
398,12,False,False,False,upper_bound_with_inhaler,0.3225433099800497,0.32254330998004965,25,5
398,12,False,False,True,one_hot,0.3225433099800497,0.32254330998004965,25,6
398,12,False,False,True,lower_bound,0.3225433099800497,0.32254330998004965,25,7
398,12,False,False,True,midpoint,0.3225433099800497,0.3225433099800497,25,8
398,12,False,False,True,midpoint_with_inhaler,0.3225433099800497,0.3225433099800497,25,9
398,12,False,False,True,upper_bound,0.3225433099800497,0.32254330998004965,25,10
398,12,False,False,True,upper_bound_with_inhaler,0.3225433099800497,0.32254330998004965,25,11
398,12,False,True,False,one_hot,0.2403900013646048,0.2403900013646048,25,12
398,12,False,True,False,lower_bound,0.20919570072169077,0.11946380396539259,25,13
398,12,False,True,False,midpoint,0.20919570072169077,0.15601555073103374,25,14
398,12,False,True,False,midpoint_with_inhaler,0.20919570072169077,0.15601555073103374,25,15
398,12,False,True,False,upper_bound,0.20919570072169077,0.17666069479053798,25,16
398,12,False,True,False,upper_bound_with_inhaler,0.20919570072169077,0.17666069479053798,25,17
398,12,False,True,True,one_hot,0.2403900013646048,0.2403900013646048,25,18
398,12,False,True,True,lower_bound,0.20919570072169077,0.11946380396539259,25,19
398,12,False,True,True,midpoint,0.20919570072169077,0.15601555073103374,25,20
398,12,False,True,True,midpoint_with_inhaler,0.20919570072169077,0.15601555073103374,25,21
398,12,False,True,True,upper_bound,0.20919570072169077,0.17666069479053798,25,22
398,12,False,True,True,upper_bound_with_inhaler,0.20919570072169077,0.17666069479053798,25,23
398,12,True,False,False,one_hot,0.12798807561661013,0.1279880756166101,25,24
398,12,True,False,False,lower_bound,0.12798807561661013,0.1279880756166101,25,25
398,12,True,False,False,midpoint,0.12798807561661013,0.12798807561661013,25,26
398,12,True,False,False,midpoint_with_inhaler,0.12798807561661013,0.12798807561661013,25,27
398,12,True,False,False,upper_bound,0.12798807561661013,0.1279880756166101,25,28
398,12,True,False,False,upper_bound_with_inhaler,0.12798807561661013,0.1279880756166101,25,29
398,12,True,False,True,one_hot,0.12798807561661013,0.1279880756166101,25,30
398,12,True,False,True,lower_bound,0.12798807561661013,0.1279880756166101,25,31
398,12,True,False,True,midpoint,0.12798807561661013,0.12798807561661013,25,32
398,12,True,False,True,midpoint_with_inhaler,0.12798807561661013,0.12798807561661013,25,33
398,12,True,False,True,upper_bound,0.12798807561661013,0.1279880756166101,25,34
398,12,True,False,True,upper_bound_with_inhaler,0.12798807561661013,0.1279880756166101,25,35
398,24,False,False,False,one_hot,0.5964553654965247,0.5964553654965243,25,36
398,24,False,False,False,lower_bound,0.5964553654965247,0.5964553654965243,25,37
398,24,False,False,False,midpoint,0.5964553654965247,0.5964553654965247,25,38
398,24,False,False,False,midpoint_with_inhaler,0.5964553654965247,0.5964553654965247,25,39
398,24,False,False,False,upper_bound,0.5964553654965247,0.5964553654965243,25,40
398,24,False,False,False,upper_bound_with_inhaler,0.5964553654965247,0.5964553654965243,25,41
398,24,False,False,True,one_hot,0.5964553654965247,0.5964553654965243,25,42
398,24,False,False,True,lower_bound,0.5964553654965247,0.5964553654965243,25,43
398,24,False,False,True,midpoint,0.5964553654965247,0.5964553654965247,25,44
398,24,False,False,True,midpoint_with_inhaler,0.5964553654965247,0.5964553654965247,25,45
398,24,False,False,True,upper_bound,0.5964553654965247,0.5964553654965243,25,46
398,24,False,False,True,upper_bound_with_inhaler,0.5964553654965247,0.5964553654965243,25,47
398,24,False,True,False,one_hot,0.06558598230331567,0.0655859823033157,25,48
398,24,False,True,False,lower_bound,0.036026896771315826,-0.00671529230743044,25,49
398,24,False,True,False,midpoint,0.036026896771315826,0.012859321264935318,25,50
398,24,False,True,False,midpoint_with_inhaler,0.036026896771315826,0.012859321264935318,25,51
398,24,False,True,False,upper_bound,0.036026896771315826,0.024678197125237313,25,52
398,24,False,True,False,upper_bound_with_inhaler,0.036026896771315826,0.024678197125237313,25,53
398,24,False,True,True,one_hot,0.06558598230331567,0.0655859823033157,25,54
398,24,False,True,True,lower_bound,0.036026896771315826,-0.00671529230743044,25,55
398,24,False,True,True,midpoint,0.036026896771315826,0.012859321264935318,25,56
398,24,False,True,True,midpoint_with_inhaler,0.036026896771315826,0.012859321264935318,25,57
398,24,False,True,True,upper_bound,0.036026896771315826,0.024678197125237313,25,58
398,24,False,True,True,upper_bound_with_inhaler,0.036026896771315826,0.024678197125237313,25,59
398,24,True,False,False,one_hot,0.5964553654965247,0.5964553654965243,25,60
398,24,True,False,False,lower_bound,0.5964553654965247,0.5964553654965243,25,61
398,24,True,False,False,midpoint,0.5964553654965247,0.5964553654965247,25,62
398,24,True,False,False,midpoint_with_inhaler,0.5964553654965247,0.5964553654965247,25,63
398,24,True,False,False,upper_bound,0.5964553654965247,0.5964553654965243,25,64
398,24,True,False,False,upper_bound_with_inhaler,0.5964553654965247,0.5964553654965243,25,65
398,24,True,False,True,one_hot,0.5964553654965247,0.5964553654965243,25,66
398,24,True,False,True,lower_bound,0.5964553654965247,0.5964553654965243,25,67
398,24,True,False,True,midpoint,0.5964553654965247,0.5964553654965247,25,68
398,24,True,False,True,midpoint_with_inhaler,0.5964553654965247,0.5964553654965247,25,69
398,24,True,False,True,upper_bound,0.5964553654965247,0.5964553654965243,25,70
398,24,True,False,True,upper_bound_with_inhaler,0.5964553654965247,0.5964553654965243,25,71
398,36,False,False,False,one_hot,0.3088521283659884,0.30885212836598835,25,72
398,36,False,False,False,lower_bound,0.2576318867930884,0.16258211496158248,25,73
398,36,False,False,False,midpoint,0.2576318867930884,0.20871665358704067,25,74
398,36,False,False,False,midpoint_with_inhaler,0.2576318867930884,0.20871665358704067,25,75
398,36,False,False,False,upper_bound,0.2576318867930884,0.23448839264665167,25,76
398,36,False,False,False,upper_bound_with_inhaler,0.2576318867930884,0.23448839264665167,25,77
398,36,False,False,True,one_hot,0.3088521283659884,0.30885212836598835,25,78
398,36,False,False,True,lower_bound,0.2576318867930884,0.16258211496158248,25,79
398,36,False,False,True,midpoint,0.2576318867930884,0.20871665358704067,25,80
398,36,False,False,True,midpoint_with_inhaler,0.2576318867930884,0.20871665358704067,25,81
398,36,False,False,True,upper_bound,0.2576318867930884,0.23448839264665167,25,82
398,36,False,False,True,upper_bound_with_inhaler,0.2576318867930884,0.23448839264665167,25,83
398,36,True,False,False,one_hot,0.3726968021477903,0.37269680214779016,25,84
398,36,True,False,False,lower_bound,0.3726968021477903,0.37269680214779016,25,85
398,36,True,False,False,midpoint,0.3726968021477903,0.3726968021477903,25,86
398,36,True,False,False,midpoint_with_inhaler,0.3726968021477903,0.3726968021477903,25,87
398,36,True,False,False,upper_bound,0.3726968021477903,0.37269680214779016,25,88
398,36,True,False,False,upper_bound_with_inhaler,0.3726968021477903,0.37269680214779016,25,89
398,36,True,False,True,one_hot,0.3726968021477903,0.37269680214779016,25,90
398,36,True,False,True,lower_bound,0.3726968021477903,0.37269680214779016,25,91
398,36,True,False,True,midpoint,0.3726968021477903,0.3726968021477903,25,92
398,36,True,False,True,midpoint_with_inhaler,0.3726968021477903,0.3726968021477903,25,93
398,36,True,False,True,upper_bound,0.3726968021477903,0.37269680214779016,25,94
398,36,True,False,True,upper_bound_with_inhaler,0.3726968021477903,0.37269680214779016,25,95
398,48,False,False,False,one_hot,0.30885212836598835,0.30885212836598835,25,96
398,48,False,False,False,lower_bound,0.21253192211344563,0.08932388943290374,25,97
398,48,False,False,False,midpoint,0.21253192211344563,0.14524478521881562,25,98
398,48,False,False,False,midpoint_with_inhaler,0.21253192211344563,0.14524478521881562,25,99
398,48,False,False,False,upper_bound,0.21253192211344563,0.1809543694646014,25,100
398,48,False,False,False,upper_bound_with_inhaler,0.21253192211344563,0.1809543694646014,25,101
398,48,False,False,True,one_hot,0.30885212836598835,0.30885212836598835,25,102
398,48,False,False,True,lower_bound,0.21253192211344563,0.08932388943290374,25,103
398,48,False,False,True,midpoint,0.21253192211344563,0.14524478521881562,25,104
398,48,False,False,True,midpoint_with_inhaler,0.21253192211344563,0.14524478521881562,25,105
398,48,False,False,True,upper_bound,0.21253192211344563,0.1809543694646014,25,106
398,48,False,False,True,upper_bound_with_inhaler,0.21253192211344563,0.1809543694646014,25,107
398,48,False,True,False,one_hot,0.1686332463084481,0.16863324630844811,25,108
398,48,False,True,False,lower_bound,0.1686332463084481,0.16863324630844811,25,109
398,48,False,True,False,midpoint,0.1686332463084481,0.16863324630844811,25,110
398,48,False,True,False,midpoint_with_inhaler,0.1686332463084481,0.16863324630844811,25,111
398,48,False,True,False,upper_bound,0.1686332463084481,0.16863324630844811,25,112
398,48,False,True,False,upper_bound_with_inhaler,0.1686332463084481,0.16863324630844811,25,113
398,48,False,True,True,one_hot,0.1686332463084481,0.16863324630844811,25,114
398,48,False,True,True,lower_bound,0.1686332463084481,0.16863324630844811,25,115
398,48,False,True,True,midpoint,0.1686332463084481,0.16863324630844811,25,116
398,48,False,True,True,midpoint_with_inhaler,0.1686332463084481,0.16863324630844811,25,117
398,48,False,True,True,upper_bound,0.1686332463084481,0.16863324630844811,25,118
398,48,False,True,True,upper_bound_with_inhaler,0.1686332463084481,0.16863324630844811,25,119
398,48,True,False,False,one_hot,0.06558598230331564,0.06558598230331569,25,120
398,48,True,False,False,lower_bound,0.19136154252124762,0.34175622510486975,25,121
398,48,True,False,False,midpoint,0.19136154252124762,0.2768971121719474,25,122
398,48,True,False,False,midpoint_with_inhaler,0.19136154252124762,0.2768971121719474,25,123
398,48,True,False,False,upper_bound,0.19136154252124762,0.23448839264665175,25,124
398,48,True,False,False,upper_bound_with_inhaler,0.19136154252124762,0.23448839264665175,25,125
398,48,True,False,True,one_hot,0.06558598230331564,0.06558598230331569,25,126
398,48,True,False,True,lower_bound,0.19136154252124762,0.34175622510486975,25,127
398,48,True,False,True,midpoint,0.19136154252124762,0.2768971121719474,25,128
398,48,True,False,True,midpoint_with_inhaler,0.19136154252124762,0.2768971121719474,25,129
398,48,True,False,True,upper_bound,0.19136154252124762,0.23448839264665175,25,130
398,48,True,False,True,upper_bound_with_inhaler,0.19136154252124762,0.23448839264665175,25,131
447,12,False,False,False,one_hot,0.02551236115355482,0.02551236115355484,99,0
447,12,False,False,False,lower_bound,0.057484196966971816,0.12966707261431468,99,1
447,12,False,False,False,midpoint,0.057484196966971816,0.10383155679058048,99,2
447,12,False,False,False,midpoint_with_inhaler,0.057484196966971816,0.10383155679058048,99,3
447,12,False,False,False,upper_bound,0.057484196966971816,0.08656975508167325,99,4
447,12,False,False,False,upper_bound_with_inhaler,0.057484196966971816,0.08656975508167325,99,5
447,12,False,False,True,one_hot,0.02551236115355482,0.02551236115355484,99,6
447,12,False,False,True,lower_bound,0.057484196966971816,0.12966707261431468,99,7
447,12,False,False,True,midpoint,0.057484196966971816,0.10383155679058048,99,8
447,12,False,False,True,midpoint_with_inhaler,0.057484196966971816,0.10383155679058048,99,9
447,12,False,False,True,upper_bound,0.057484196966971816,0.08656975508167325,99,10
447,12,False,False,True,upper_bound_with_inhaler,0.057484196966971816,0.08656975508167325,99,11
447,12,False,True,False,one_hot,0.08950096438687935,0.08950096438687938,99,12
447,12,False,True,False,lower_bound,-0.12403045592268208,-0.07287334703550033,99,13
447,12,False,True,False,midpoint,-0.12403045592268208,-0.08037934986825869,99,14
447,12,False,True,False,midpoint_with_inhaler,-0.12403045592268208,-0.08037934986825869,99,15
447,12,False,True,False,upper_bound,-0.12403045592268208,-0.0867701566901702,99,16
447,12,False,True,False,upper_bound_with_inhaler,-0.12403045592268208,-0.0867701566901702,99,17
447,12,False,True,True,one_hot,0.08950096438687935,0.08950096438687938,99,18
447,12,False,True,True,lower_bound,-0.12403045592268208,-0.07287334703550033,99,19
447,12,False,True,True,midpoint,-0.12403045592268208,-0.08037934986825869,99,20
447,12,False,True,True,midpoint_with_inhaler,-0.12403045592268208,-0.08037934986825869,99,21
447,12,False,True,True,upper_bound,-0.12403045592268208,-0.0867701566901702,99,22
447,12,False,True,True,upper_bound_with_inhaler,-0.12403045592268208,-0.0867701566901702,99,23
447,12,True,False,False,one_hot,-0.052706593353436096,-0.05270659335343609,99,24
447,12,True,False,False,lower_bound,-0.07272292236811403,0.04630156518281188,99,25
447,12,True,False,False,midpoint,-0.07272292236811403,0.020155493435763616,99,26
447,12,True,False,False,midpoint_with_inhaler,-0.07272292236811403,0.020155493435763616,99,27
447,12,True,False,False,upper_bound,-0.07272292236811403,0.0002628099988202331,99,28
447,12,True,False,False,upper_bound_with_inhaler,-0.07272292236811403,0.0002628099988202331,99,29
447,12,True,False,True,one_hot,-0.052706593353436096,-0.05270659335343609,99,30
447,12,True,False,True,lower_bound,-0.07272292236811403,0.04630156518281188,99,31
447,12,True,False,True,midpoint,-0.07272292236811403,0.020155493435763616,99,32
447,12,True,False,True,midpoint_with_inhaler,-0.07272292236811403,0.020155493435763616,99,33
447,12,True,False,True,upper_bound,-0.07272292236811403,0.0002628099988202331,99,34
447,12,True,False,True,upper_bound_with_inhaler,-0.07272292236811403,0.0002628099988202331,99,35
447,24,False,False,False,one_hot,0.3563197548537877,0.3563197548537876,99,36
447,24,False,False,False,lower_bound,0.041683433630361574,0.16748133219859326,99,37
447,24,False,False,False,midpoint,0.041683433630361574,0.1468465603525947,99,38
447,24,False,False,False,midpoint_with_inhaler,0.041683433630361574,0.1468465603525947,99,39
447,24,False,False,False,upper_bound,0.041683433630361574,0.1305944734218992,99,40
447,24,False,False,False,upper_bound_with_inhaler,0.041683433630361574,0.1305944734218992,99,41
447,24,False,False,True,one_hot,0.3563197548537877,0.3563197548537876,99,42
447,24,False,False,True,lower_bound,0.041683433630361574,0.16748133219859326,99,43
447,24,False,False,True,midpoint,0.041683433630361574,0.1468465603525947,99,44
447,24,False,False,True,midpoint_with_inhaler,0.041683433630361574,0.1468465603525947,99,45
447,24,False,False,True,upper_bound,0.041683433630361574,0.1305944734218992,99,46
447,24,False,False,True,upper_bound_with_inhaler,0.041683433630361574,0.1305944734218992,99,47
447,24,False,True,False,one_hot,0.12889050498086585,0.1288905049808659,99,48
447,24,False,True,False,lower_bound,0.09338683821731193,0.1983624493433302,99,49
447,24,False,True,False,midpoint,0.09338683821731193,0.1804585335540615,99,50
447,24,False,True,False,midpoint_with_inhaler,0.09338683821731193,0.1804585335540615,99,51
447,24,False,True,False,upper_bound,0.09338683821731193,0.16696936795241452,99,52
447,24,False,True,False,upper_bound_with_inhaler,0.09338683821731193,0.16696936795241452,99,53
447,24,False,True,True,one_hot,0.12889050498086585,0.1288905049808659,99,54
447,24,False,True,True,lower_bound,0.09338683821731193,0.1983624493433302,99,55
447,24,False,True,True,midpoint,0.09338683821731193,0.1804585335540615,99,56
447,24,False,True,True,midpoint_with_inhaler,0.09338683821731193,0.1804585335540615,99,57
447,24,False,True,True,upper_bound,0.09338683821731193,0.16696936795241452,99,58
447,24,False,True,True,upper_bound_with_inhaler,0.09338683821731193,0.16696936795241452,99,59
447,24,True,False,False,one_hot,0.3563197548537877,0.3563197548537876,99,60
447,24,True,False,False,lower_bound,0.041683433630361574,0.16748133219859326,99,61
447,24,True,False,False,midpoint,0.041683433630361574,0.1468465603525947,99,62
447,24,True,False,False,midpoint_with_inhaler,0.041683433630361574,0.1468465603525947,99,63
447,24,True,False,False,upper_bound,0.041683433630361574,0.1305944734218992,99,64
447,24,True,False,False,upper_bound_with_inhaler,0.041683433630361574,0.1305944734218992,99,65
447,24,True,False,True,one_hot,0.3563197548537877,0.3563197548537876,99,66
447,24,True,False,True,lower_bound,0.041683433630361574,0.16748133219859326,99,67
447,24,True,False,True,midpoint,0.041683433630361574,0.1468465603525947,99,68
447,24,True,False,True,midpoint_with_inhaler,0.041683433630361574,0.1468465603525947,99,69
447,24,True,False,True,upper_bound,0.041683433630361574,0.1305944734218992,99,70
447,24,True,False,True,upper_bound_with_inhaler,0.041683433630361574,0.1305944734218992,99,71
447,36,False,False,False,one_hot,0.11473167803607802,0.11473167803607795,99,72
447,36,False,False,False,lower_bound,0.035746514302772404,0.20850454151265935,99,73
447,36,False,False,False,midpoint,0.035746514302772404,0.1779876701846899,99,74
447,36,False,False,False,midpoint_with_inhaler,0.035746514302772404,0.1779876701846899,99,75
447,36,False,False,False,upper_bound,0.035746514302772404,0.15549810238420916,99,76
447,36,False,False,False,upper_bound_with_inhaler,0.035746514302772404,0.15549810238420916,99,77
447,36,False,False,True,one_hot,0.11473167803607802,0.11473167803607795,99,78
447,36,False,False,True,lower_bound,0.035746514302772404,0.20850454151265935,99,79
447,36,False,False,True,midpoint,0.035746514302772404,0.1779876701846899,99,80
447,36,False,False,True,midpoint_with_inhaler,0.035746514302772404,0.1779876701846899,99,81
447,36,False,False,True,upper_bound,0.035746514302772404,0.15549810238420916,99,82
447,36,False,False,True,upper_bound_with_inhaler,0.035746514302772404,0.15549810238420916,99,83
447,36,True,False,False,one_hot,-0.15292530908971258,-0.15292530908971258,99,84
447,36,True,False,False,lower_bound,-0.10319926975846173,0.09941915724165315,99,85
447,36,True,False,False,midpoint,-0.10319926975846173,0.05459129221072613,99,86
447,36,True,False,False,midpoint_with_inhaler,-0.10319926975846173,0.05459129221072613,99,87
447,36,True,False,False,upper_bound,-0.10319926975846173,0.02585827313696096,99,88
447,36,True,False,False,upper_bound_with_inhaler,-0.10319926975846173,0.02585827313696096,99,89
447,36,True,False,True,one_hot,-0.15292530908971258,-0.15292530908971258,99,90
447,36,True,False,True,lower_bound,-0.10319926975846173,0.09941915724165315,99,91
447,36,True,False,True,midpoint,-0.10319926975846173,0.05459129221072613,99,92
447,36,True,False,True,midpoint_with_inhaler,-0.10319926975846173,0.05459129221072613,99,93
447,36,True,False,True,upper_bound,-0.10319926975846173,0.02585827313696096,99,94
447,36,True,False,True,upper_bound_with_inhaler,-0.10319926975846173,0.02585827313696096,99,95
447,48,False,False,False,one_hot,-0.08196917208216573,-0.08196917208216573,99,96
447,48,False,False,False,lower_bound,-0.06947738101290442,0.0925872046875859,99,97
447,48,False,False,False,midpoint,-0.06947738101290442,0.06792918552740015,99,98
447,48,False,False,False,midpoint_with_inhaler,-0.06947738101290442,0.06792918552740015,99,99
447,48,False,False,False,upper_bound,-0.06947738101290442,0.050985560900547434,99,100
447,48,False,False,False,upper_bound_with_inhaler,-0.06947738101290442,0.050985560900547434,99,101
447,48,False,False,True,one_hot,-0.08196917208216573,-0.08196917208216573,99,102
447,48,False,False,True,lower_bound,-0.06947738101290442,0.0925872046875859,99,103
447,48,False,False,True,midpoint,-0.06947738101290442,0.06792918552740015,99,104
447,48,False,False,True,midpoint_with_inhaler,-0.06947738101290442,0.06792918552740015,99,105
447,48,False,False,True,upper_bound,-0.06947738101290442,0.050985560900547434,99,106
447,48,False,False,True,upper_bound_with_inhaler,-0.06947738101290442,0.050985560900547434,99,107
447,48,False,True,False,one_hot,-0.03437836638455327,-0.03437836638455327,99,108
447,48,False,True,False,lower_bound,-0.15116910040619266,-0.06814746334768078,99,109
447,48,False,True,False,midpoint,-0.15116910040619266,-0.07781006978952892,99,110
447,48,False,True,False,midpoint_with_inhaler,-0.15116910040619266,-0.07781006978952892,99,111
447,48,False,True,False,upper_bound,-0.15116910040619266,-0.08238212964984952,99,112
447,48,False,True,False,upper_bound_with_inhaler,-0.15116910040619266,-0.08238212964984952,99,113
447,48,False,True,True,one_hot,-0.03437836638455327,-0.03437836638455327,99,114
447,48,False,True,True,lower_bound,-0.15116910040619266,-0.06814746334768078,99,115
447,48,False,True,True,midpoint,-0.15116910040619266,-0.07781006978952892,99,116
447,48,False,True,True,midpoint_with_inhaler,-0.15116910040619266,-0.07781006978952892,99,117
447,48,False,True,True,upper_bound,-0.15116910040619266,-0.08238212964984952,99,118
447,48,False,True,True,upper_bound_with_inhaler,-0.15116910040619266,-0.08238212964984952,99,119
447,48,True,False,False,one_hot,0.10439519300472275,0.10439519300472276,99,120
447,48,True,False,False,lower_bound,-0.11562063444199308,-0.08652077145160754,99,121
447,48,True,False,False,midpoint,-0.11562063444199308,-0.07697592922875147,99,122
447,48,True,False,False,midpoint_with_inhaler,-0.11562063444199308,-0.07697592922875147,99,123
447,48,True,False,False,upper_bound,-0.11562063444199308,-0.06922941536360422,99,124
447,48,True,False,False,upper_bound_with_inhaler,-0.11562063444199308,-0.06922941536360422,99,125
447,48,True,False,True,one_hot,0.10439519300472275,0.10439519300472276,99,126
447,48,True,False,True,lower_bound,-0.11562063444199308,-0.08652077145160754,99,127
447,48,True,False,True,midpoint,-0.11562063444199308,-0.07697592922875147,99,128
447,48,True,False,True,midpoint_with_inhaler,-0.11562063444199308,-0.07697592922875147,99,129
447,48,True,False,True,upper_bound,-0.11562063444199308,-0.06922941536360422,99,130
447,48,True,False,True,upper_bound_with_inhaler,-0.11562063444199308,-0.06922941536360422,99,131
454,12,False,False,False,one_hot,-0.3465735902799726,-0.34657359027997264,10,0
454,12,False,False,False,lower_bound,-0.07985119160830406,-0.08827366139212144,10,1
454,12,False,False,False,midpoint,-0.07985119160830406,-0.12217034941141369,10,2
454,12,False,False,False,midpoint_with_inhaler,-0.07985119160830406,-0.12217034941141369,10,3
454,12,False,False,False,upper_bound,-0.07985119160830406,-0.15019039049512609,10,4
454,12,False,False,False,upper_bound_with_inhaler,-0.07985119160830406,-0.15019039049512609,10,5
454,12,False,False,True,one_hot,-0.3465735902799726,-0.34657359027997264,10,6
454,12,False,False,True,lower_bound,-0.07985119160830406,-0.08827366139212144,10,7
454,12,False,False,True,midpoint,-0.07985119160830406,-0.12217034941141369,10,8
454,12,False,False,True,midpoint_with_inhaler,-0.07985119160830406,-0.12217034941141369,10,9
454,12,False,False,True,upper_bound,-0.07985119160830406,-0.15019039049512609,10,10
454,12,False,False,True,upper_bound_with_inhaler,-0.07985119160830406,-0.15019039049512609,10,11
454,12,False,True,False,one_hot,-0.22178412719255758,-0.22178412719255758,10,12
454,12,False,True,False,lower_bound,-0.5785909256771158,-0.574629893269218,10,13
454,12,False,True,False,midpoint,-0.5785909256771158,-0.5546942780179246,10,14
454,12,False,True,False,midpoint_with_inhaler,-0.5785909256771158,-0.5546942780179246,10,15
454,12,False,True,False,upper_bound,-0.5785909256771158,-0.5333662159507178,10,16
454,12,False,True,False,upper_bound_with_inhaler,-0.5785909256771158,-0.5333662159507178,10,17
454,12,False,True,True,one_hot,-0.22178412719255758,-0.22178412719255758,10,18
454,12,False,True,True,lower_bound,-0.5785909256771158,-0.574629893269218,10,19
454,12,False,True,True,midpoint,-0.5785909256771158,-0.5546942780179246,10,20
454,12,False,True,True,midpoint_with_inhaler,-0.5785909256771158,-0.5546942780179246,10,21
454,12,False,True,True,upper_bound,-0.5785909256771158,-0.5333662159507178,10,22
454,12,False,True,True,upper_bound_with_inhaler,-0.5785909256771158,-0.5333662159507178,10,23
454,12,True,False,False,one_hot,-0.43350736324528255,-0.4335073632452825,10,24
454,12,True,False,False,lower_bound,-0.7088218999302821,-0.7105991098813442,10,25
454,12,True,False,False,midpoint,-0.7088218999302821,-0.7122615862384676,10,26
454,12,True,False,False,midpoint_with_inhaler,-0.7088218999302821,-0.7122615862384676,10,27
454,12,True,False,False,upper_bound,-0.7088218999302821,-0.7066639483041322,10,28
454,12,True,False,False,upper_bound_with_inhaler,-0.7088218999302821,-0.7066639483041322,10,29
454,12,True,False,True,one_hot,-0.43350736324528255,-0.4335073632452825,10,30
454,12,True,False,True,lower_bound,-0.7088218999302821,-0.7105991098813442,10,31
454,12,True,False,True,midpoint,-0.7088218999302821,-0.7122615862384676,10,32
454,12,True,False,True,midpoint_with_inhaler,-0.7088218999302821,-0.7122615862384676,10,33
454,12,True,False,True,upper_bound,-0.7088218999302821,-0.7066639483041322,10,34
454,12,True,False,True,upper_bound_with_inhaler,-0.7088218999302821,-0.7066639483041322,10,35
454,24,False,False,False,one_hot,-0.11157177565710484,-0.11157177565710488,10,36
454,24,False,False,False,lower_bound,-0.5428788439694794,-0.5244487884914525,10,37
454,24,False,False,False,midpoint,-0.5428788439694794,-0.44572869789698294,10,38
454,24,False,False,False,midpoint_with_inhaler,-0.5428788439694794,-0.44572869789698294,10,39
454,24,False,False,False,upper_bound,-0.5428788439694794,-0.381139309015924,10,40
454,24,False,False,False,upper_bound_with_inhaler,-0.5428788439694794,-0.381139309015924,10,41
454,24,False,False,True,one_hot,-0.11157177565710484,-0.11157177565710488,10,42
454,24,False,False,True,lower_bound,-0.5428788439694794,-0.5244487884914525,10,43
454,24,False,False,True,midpoint,-0.5428788439694794,-0.44572869789698294,10,44
454,24,False,False,True,midpoint_with_inhaler,-0.5428788439694794,-0.44572869789698294,10,45
454,24,False,False,True,upper_bound,-0.5428788439694794,-0.381139309015924,10,46
454,24,False,False,True,upper_bound_with_inhaler,-0.5428788439694794,-0.381139309015924,10,47
454,24,False,True,False,one_hot,,,10,48
454,24,False,True,False,lower_bound,0.4217569518556307,0.4191367104346762,10,49
454,24,False,True,False,midpoint,0.4217569518556307,0.4058689425452066,10,50
454,24,False,True,False,midpoint_with_inhaler,0.4217569518556307,0.4058689425452066,10,51
454,24,False,True,False,upper_bound,0.4217569518556307,0.39152944059213657,10,52
454,24,False,True,False,upper_bound_with_inhaler,0.4217569518556307,0.39152944059213657,10,53
454,24,False,True,True,one_hot,,,10,54
454,24,False,True,True,lower_bound,0.4217569518556307,0.4191367104346762,10,55
454,24,False,True,True,midpoint,0.4217569518556307,0.4058689425452066,10,56
454,24,False,True,True,midpoint_with_inhaler,0.4217569518556307,0.4058689425452066,10,57
454,24,False,True,True,upper_bound,0.4217569518556307,0.39152944059213657,10,58
454,24,False,True,True,upper_bound_with_inhaler,0.4217569518556307,0.39152944059213657,10,59
454,24,True,False,False,one_hot,-0.11157177565710484,-0.11157177565710488,10,60
454,24,True,False,False,lower_bound,-0.5428788439694794,-0.5244487884914525,10,61
454,24,True,False,False,midpoint,-0.5428788439694794,-0.44572869789698294,10,62
454,24,True,False,False,midpoint_with_inhaler,-0.5428788439694794,-0.44572869789698294,10,63
454,24,True,False,False,upper_bound,-0.5428788439694794,-0.381139309015924,10,64
454,24,True,False,False,upper_bound_with_inhaler,-0.5428788439694794,-0.381139309015924,10,65
454,24,True,False,True,one_hot,-0.11157177565710484,-0.11157177565710488,10,66
454,24,True,False,True,lower_bound,-0.5428788439694794,-0.5244487884914525,10,67
454,24,True,False,True,midpoint,-0.5428788439694794,-0.44572869789698294,10,68
454,24,True,False,True,midpoint_with_inhaler,-0.5428788439694794,-0.44572869789698294,10,69
454,24,True,False,True,upper_bound,-0.5428788439694794,-0.381139309015924,10,70
454,24,True,False,True,upper_bound_with_inhaler,-0.5428788439694794,-0.381139309015924,10,71
454,36,False,False,False,one_hot,-0.11157177565710485,-0.11157177565710485,10,72
454,36,False,False,False,lower_bound,-0.0076675453618006,0.007752093267982641,10,73
454,36,False,False,False,midpoint,-0.0076675453618006,0.004958826713885941,10,74
454,36,False,False,False,midpoint_with_inhaler,-0.0076675453618006,0.004958826713885941,10,75
454,36,False,False,False,upper_bound,-0.0076675453618006,0.0,10,76
454,36,False,False,False,upper_bound_with_inhaler,-0.0076675453618006,0.0,10,77
454,36,False,False,True,one_hot,-0.11157177565710485,-0.11157177565710485,10,78
454,36,False,False,True,lower_bound,-0.0076675453618006,0.007752093267982641,10,79
454,36,False,False,True,midpoint,-0.0076675453618006,0.004958826713885941,10,80
454,36,False,False,True,midpoint_with_inhaler,-0.0076675453618006,0.004958826713885941,10,81
454,36,False,False,True,upper_bound,-0.0076675453618006,0.0,10,82
454,36,False,False,True,upper_bound_with_inhaler,-0.0076675453618006,0.0,10,83
454,36,True,False,False,one_hot,-0.11157177565710485,-0.11157177565710485,10,84
454,36,True,False,False,lower_bound,0.0,0.11368811755259964,10,85
454,36,True,False,False,midpoint,0.0,0.0488303983903825,10,86
454,36,True,False,False,midpoint_with_inhaler,0.0,0.0488303983903825,10,87
454,36,True,False,False,upper_bound,0.0,0.0,10,88
454,36,True,False,False,upper_bound_with_inhaler,0.0,0.0,10,89
454,36,True,False,True,one_hot,-0.11157177565710485,-0.11157177565710485,10,90
454,36,True,False,True,lower_bound,0.0,0.11368811755259964,10,91
454,36,True,False,True,midpoint,0.0,0.0488303983903825,10,92
454,36,True,False,True,midpoint_with_inhaler,0.0,0.0488303983903825,10,93
454,36,True,False,True,upper_bound,0.0,0.0,10,94
454,36,True,False,True,upper_bound_with_inhaler,0.0,0.0,10,95
454,48,False,False,False,one_hot,,,10,96
454,48,False,False,False,lower_bound,0.22182200942460434,0.17794486481525137,10,97
454,48,False,False,False,midpoint,0.22182200942460434,0.12352729021694486,10,98
454,48,False,False,False,midpoint_with_inhaler,0.22182200942460434,0.12352729021694486,10,99
454,48,False,False,False,upper_bound,0.22182200942460434,0.08997230924130947,10,100
454,48,False,False,False,upper_bound_with_inhaler,0.22182200942460434,0.08997230924130947,10,101
454,48,False,False,True,one_hot,,,10,102
454,48,False,False,True,lower_bound,0.22182200942460434,0.17794486481525137,10,103
454,48,False,False,True,midpoint,0.22182200942460434,0.12352729021694486,10,104
454,48,False,False,True,midpoint_with_inhaler,0.22182200942460434,0.12352729021694486,10,105
454,48,False,False,True,upper_bound,0.22182200942460434,0.08997230924130947,10,106
454,48,False,False,True,upper_bound_with_inhaler,0.22182200942460434,0.08997230924130947,10,107
454,48,False,True,False,one_hot,0.5616154912936479,0.5616154912936479,10,108
454,48,False,True,False,lower_bound,0.10323407462592221,0.12672451299962395,10,109
454,48,False,True,False,midpoint,0.10323407462592221,0.16064966596236022,10,110
454,48,False,True,False,midpoint_with_inhaler,0.10323407462592221,0.16064966596236022,10,111
454,48,False,True,False,upper_bound,0.10323407462592221,0.19488025341990603,10,112
454,48,False,True,False,upper_bound_with_inhaler,0.10323407462592221,0.19488025341990603,10,113
454,48,False,True,True,one_hot,0.5616154912936479,0.5616154912936479,10,114
454,48,False,True,True,lower_bound,0.10323407462592221,0.12672451299962395,10,115
454,48,False,True,True,midpoint,0.10323407462592221,0.16064966596236022,10,116
454,48,False,True,True,midpoint_with_inhaler,0.10323407462592221,0.16064966596236022,10,117
454,48,False,True,True,upper_bound,0.10323407462592221,0.19488025341990603,10,118
454,48,False,True,True,upper_bound_with_inhaler,0.10323407462592221,0.19488025341990603,10,119
454,48,True,False,False,one_hot,-0.22178412719255758,-0.22178412719255758,10,120
454,48,True,False,False,lower_bound,-0.6437689413359888,-0.5754763595931751,10,121
454,48,True,False,False,midpoint,-0.6437689413359888,-0.5674131257618931,10,122
454,48,True,False,False,midpoint_with_inhaler,-0.6437689413359888,-0.5674131257618931,10,123
454,48,True,False,False,upper_bound,-0.6437689413359888,-0.5451866170339786,10,124
454,48,True,False,False,upper_bound_with_inhaler,-0.6437689413359888,-0.5451866170339786,10,125
454,48,True,False,True,one_hot,-0.22178412719255758,-0.22178412719255758,10,126
454,48,True,False,True,lower_bound,-0.6437689413359888,-0.5754763595931751,10,127
454,48,True,False,True,midpoint,-0.6437689413359888,-0.5674131257618931,10,128
454,48,True,False,True,midpoint_with_inhaler,-0.6437689413359888,-0.5674131257618931,10,129
454,48,True,False,True,upper_bound,-0.6437689413359888,-0.5451866170339786,10,130
454,48,True,False,True,upper_bound_with_inhaler,-0.6437689413359888,-0.5451866170339786,10,131
473,12,False,False,False,one_hot,0.5286290732655049,0.5286290732655049,69,0
473,12,False,False,False,lower_bound,0.753084443279346,0.9629222880618723,69,1
473,12,False,False,False,midpoint,0.753084443279346,0.9552468579670659,69,2
473,12,False,False,False,midpoint_with_inhaler,0.753084443279346,0.9552468579670659,69,3
473,12,False,False,False,upper_bound,0.7523477180123349,0.9237322488677554,69,4
473,12,False,False,False,upper_bound_with_inhaler,0.7523477180123349,0.9237322488677554,69,5
473,12,False,False,True,one_hot,0.5286290732655049,0.5286290732655049,69,6
473,12,False,False,True,lower_bound,0.753084443279346,0.9629222880618723,69,7
473,12,False,False,True,midpoint,0.753084443279346,0.9552468579670659,69,8
473,12,False,False,True,midpoint_with_inhaler,0.753084443279346,0.9552468579670659,69,9
473,12,False,False,True,upper_bound,0.7523477180123349,0.9237322488677554,69,10
473,12,False,False,True,upper_bound_with_inhaler,0.7523477180123349,0.9237322488677554,69,11
473,12,False,True,False,one_hot,0.05816987680498361,0.05816987680498361,69,12
473,12,False,True,False,lower_bound,0.6553193316962043,0.9624450952725949,69,13
473,12,False,True,False,midpoint,0.6553193316962043,1.0000874136009197,69,14
473,12,False,True,False,midpoint_with_inhaler,0.6553193316962043,1.0000874136009197,69,15
473,12,False,True,False,upper_bound,0.6547626408004862,1.0129668763017419,69,16
473,12,False,True,False,upper_bound_with_inhaler,0.6547626408004862,1.0129668763017419,69,17
473,12,False,True,True,one_hot,0.05816987680498361,0.05816987680498361,69,18
473,12,False,True,True,lower_bound,0.6553193316962043,0.9624450952725949,69,19
473,12,False,True,True,midpoint,0.6553193316962043,1.0000874136009197,69,20
473,12,False,True,True,midpoint_with_inhaler,0.6553193316962043,1.0000874136009197,69,21
473,12,False,True,True,upper_bound,0.6547626408004862,1.0129668763017419,69,22
473,12,False,True,True,upper_bound_with_inhaler,0.6547626408004862,1.0129668763017419,69,23
473,12,True,False,False,one_hot,0.30881364617414214,0.30881364617414214,69,24
473,12,True,False,False,lower_bound,0.4845957108360151,0.6243685531617289,69,25
473,12,True,False,False,midpoint,0.4845957108360151,0.6954958367845132,69,26
473,12,True,False,False,midpoint_with_inhaler,0.4845957108360151,0.6954958367845132,69,27
473,12,True,False,False,upper_bound,0.48484431587511895,0.7402567377963286,69,28
473,12,True,False,False,upper_bound_with_inhaler,0.48484431587511895,0.7402567377963286,69,29
473,12,True,False,True,one_hot,0.30881364617414214,0.30881364617414214,69,30
473,12,True,False,True,lower_bound,0.4845957108360151,0.6243685531617289,69,31
473,12,True,False,True,midpoint,0.4845957108360151,0.6954958367845132,69,32
473,12,True,False,True,midpoint_with_inhaler,0.4845957108360151,0.6954958367845132,69,33
473,12,True,False,True,upper_bound,0.48484431587511895,0.7402567377963286,69,34
473,12,True,False,True,upper_bound_with_inhaler,0.48484431587511895,0.7402567377963286,69,35
473,24,False,False,False,one_hot,0.3088136461741421,0.30881364617414203,69,36
473,24,False,False,False,lower_bound,0.7700252457578295,1.0585057322801008,69,37
473,24,False,False,False,midpoint,0.7700252457578295,1.057497808906724,69,38
473,24,False,False,False,midpoint_with_inhaler,0.7700252457578295,1.057497808906724,69,39
473,24,False,False,False,upper_bound,0.7694090237978386,1.039222746536786,69,40
473,24,False,False,False,upper_bound_with_inhaler,0.7694090237978386,1.039222746536786,69,41
473,24,False,False,True,one_hot,0.3088136461741421,0.30881364617414203,69,42
473,24,False,False,True,lower_bound,0.7700252457578295,1.0585057322801008,69,43
473,24,False,False,True,midpoint,0.7700252457578295,1.057497808906724,69,44
473,24,False,False,True,midpoint_with_inhaler,0.7700252457578295,1.057497808906724,69,45
473,24,False,False,True,upper_bound,0.7694090237978386,1.039222746536786,69,46
473,24,False,False,True,upper_bound_with_inhaler,0.7694090237978386,1.039222746536786,69,47
473,24,False,True,False,one_hot,0.21468350869221572,0.21468350869221572,69,48
473,24,False,True,False,lower_bound,0.4217764817903775,0.5546486034843319,69,49
473,24,False,True,False,midpoint,0.4217764817903775,0.5402158679336332,69,50
473,24,False,True,False,midpoint_with_inhaler,0.4217764817903775,0.5402158679336332,69,51
473,24,False,True,False,upper_bound,0.42004812618741955,0.525706512251547,69,52
473,24,False,True,False,upper_bound_with_inhaler,0.42004812618741955,0.525706512251547,69,53
473,24,False,True,True,one_hot,0.21468350869221572,0.21468350869221572,69,54
473,24,False,True,True,lower_bound,0.4217764817903775,0.5546486034843319,69,55
473,24,False,True,True,midpoint,0.4217764817903775,0.5402158679336332,69,56
473,24,False,True,True,midpoint_with_inhaler,0.4217764817903775,0.5402158679336332,69,57
473,24,False,True,True,upper_bound,0.42004812618741955,0.525706512251547,69,58
473,24,False,True,True,upper_bound_with_inhaler,0.42004812618741955,0.525706512251547,69,59
473,24,True,False,False,one_hot,0.3088136461741421,0.30881364617414203,69,60
473,24,True,False,False,lower_bound,0.7700252457578295,1.0585057322801008,69,61
473,24,True,False,False,midpoint,0.7700252457578295,1.057497808906724,69,62
473,24,True,False,False,midpoint_with_inhaler,0.7700252457578295,1.057497808906724,69,63
473,24,True,False,False,upper_bound,0.7694090237978386,1.039222746536786,69,64
473,24,True,False,False,upper_bound_with_inhaler,0.7694090237978386,1.039222746536786,69,65
473,24,True,False,True,one_hot,0.3088136461741421,0.30881364617414203,69,66
473,24,True,False,True,lower_bound,0.7700252457578295,1.0585057322801008,69,67
473,24,True,False,True,midpoint,0.7700252457578295,1.057497808906724,69,68
473,24,True,False,True,midpoint_with_inhaler,0.7700252457578295,1.057497808906724,69,69
473,24,True,False,True,upper_bound,0.7694090237978386,1.039222746536786,69,70
473,24,True,False,True,upper_bound_with_inhaler,0.7694090237978386,1.039222746536786,69,71
473,36,False,False,False,one_hot,,,69,72
473,36,False,False,False,lower_bound,0.6046906277155821,0.9058876310114377,69,73
473,36,False,False,False,midpoint,0.6046906277155821,0.8637779217989605,69,74
473,36,False,False,False,midpoint_with_inhaler,0.6046906277155821,0.9276942589457492,69,75
473,36,False,False,False,upper_bound,0.599612199579578,0.8170430844234369,69,76
473,36,False,False,False,upper_bound_with_inhaler,0.6046906277155821,0.9362930841625258,69,77
473,36,False,False,True,one_hot,,,69,78
473,36,False,False,True,lower_bound,0.6046906277155821,0.9058876310114377,69,79
473,36,False,False,True,midpoint,0.6046906277155821,0.8637779217989605,69,80
473,36,False,False,True,midpoint_with_inhaler,0.6046906277155821,0.9276942589457492,69,81
473,36,False,False,True,upper_bound,0.599612199579578,0.8170430844234369,69,82
473,36,False,False,True,upper_bound_with_inhaler,0.6046906277155821,0.9362930841625258,69,83
473,36,True,False,False,one_hot,0.18156444715279227,0.18156444715279224,69,84
473,36,True,False,False,lower_bound,0.5387708044413996,0.7254464339117662,69,85
473,36,True,False,False,midpoint,0.5387708044413996,0.70391357669345,69,86
473,36,True,False,False,midpoint_with_inhaler,0.5387708044413996,0.70391357669345,69,87
473,36,True,False,False,upper_bound,0.5378853003829812,0.6802546145409907,69,88
473,36,True,False,False,upper_bound_with_inhaler,0.5378853003829812,0.6802546145409907,69,89
473,36,True,False,True,one_hot,0.18156444715279227,0.18156444715279224,69,90
473,36,True,False,True,lower_bound,0.5387708044413996,0.7254464339117662,69,91
473,36,True,False,True,midpoint,0.5387708044413996,0.70391357669345,69,92
473,36,True,False,True,midpoint_with_inhaler,0.5387708044413996,0.70391357669345,69,93
473,36,True,False,True,upper_bound,0.5378853003829812,0.6802546145409907,69,94
473,36,True,False,True,upper_bound_with_inhaler,0.5378853003829812,0.6802546145409907,69,95
473,48,False,False,False,one_hot,-0.14196511847701204,-0.141965118477012,69,96
473,48,False,False,False,lower_bound,0.5457341129958876,0.856781323977133,69,97
473,48,False,False,False,midpoint,0.5457341129958876,0.8128634505503236,69,98
473,48,False,False,False,midpoint_with_inhaler,0.5457341129958876,0.8596252302162142,69,99
473,48,False,False,False,upper_bound,0.5420867130822573,0.7638474501472928,69,100
473,48,False,False,False,upper_bound_with_inhaler,0.5457341129958876,0.8627295163508463,69,101
473,48,False,False,True,one_hot,-0.14196511847701204,-0.141965118477012,69,102
473,48,False,False,True,lower_bound,0.5457341129958876,0.856781323977133,69,103
473,48,False,False,True,midpoint,0.5457341129958876,0.8128634505503236,69,104
473,48,False,False,True,midpoint_with_inhaler,0.5457341129958876,0.8596252302162142,69,105
473,48,False,False,True,upper_bound,0.5420867130822573,0.7638474501472928,69,106
473,48,False,False,True,upper_bound_with_inhaler,0.5457341129958876,0.8627295163508463,69,107
473,48,False,True,False,one_hot,-0.029936453287456827,-0.029936453287456765,69,108
473,48,False,True,False,lower_bound,0.2441001467226655,0.34128841653261005,69,109
473,48,False,True,False,midpoint,0.2441001467226655,0.3579156767301065,69,110
473,48,False,True,False,midpoint_with_inhaler,0.2441001467226655,0.3579156767301065,69,111
473,48,False,True,False,upper_bound,0.2424855003681088,0.36282684204536375,69,112
473,48,False,True,False,upper_bound_with_inhaler,0.2424855003681088,0.36282684204536375,69,113
473,48,False,True,True,one_hot,-0.029936453287456827,-0.029936453287456765,69,114
473,48,False,True,True,lower_bound,0.2441001467226655,0.34128841653261005,69,115
473,48,False,True,True,midpoint,0.2441001467226655,0.3579156767301065,69,116
473,48,False,True,True,midpoint_with_inhaler,0.2441001467226655,0.3579156767301065,69,117
473,48,False,True,True,upper_bound,0.2424855003681088,0.36282684204536375,69,118
473,48,False,True,True,upper_bound_with_inhaler,0.2424855003681088,0.36282684204536375,69,119
473,48,True,False,False,one_hot,-0.09260569335962143,-0.09260569335962142,69,120
473,48,True,False,False,lower_bound,0.373685880656337,0.5849284543727773,69,121
473,48,True,False,False,midpoint,0.373685880656337,0.564701365895518,69,122
473,48,True,False,False,midpoint_with_inhaler,0.373685880656337,0.564701365895518,69,123
473,48,True,False,False,upper_bound,0.3720779532218899,0.5417296142556117,69,124
473,48,True,False,False,upper_bound_with_inhaler,0.3720779532218899,0.5417296142556117,69,125
473,48,True,False,True,one_hot,-0.09260569335962143,-0.09260569335962142,69,126
473,48,True,False,True,lower_bound,0.373685880656337,0.5849284543727773,69,127
473,48,True,False,True,midpoint,0.373685880656337,0.564701365895518,69,128
473,48,True,False,True,midpoint_with_inhaler,0.373685880656337,0.564701365895518,69,129
473,48,True,False,True,upper_bound,0.3720779532218899,0.5417296142556117,69,130
473,48,True,False,True,upper_bound_with_inhaler,0.3720779532218899,0.5417296142556117,69,131
514,12,False,False,False,one_hot,0.1129303831613425,0.11293038316134257,54,0
514,12,False,False,False,lower_bound,0.10497377572545841,0.07311455630732219,54,1
514,12,False,False,False,midpoint,0.10497377572545841,0.08659580487533654,54,2
514,12,False,False,False,midpoint_with_inhaler,0.10497377572545841,0.08659580487533654,54,3
514,12,False,False,False,upper_bound,0.10497377572545841,0.09352219110677326,54,4
514,12,False,False,False,upper_bound_with_inhaler,0.10497377572545841,0.09352219110677326,54,5
514,12,False,False,True,one_hot,0.1129303831613425,0.11293038316134257,54,6
514,12,False,False,True,lower_bound,0.10497377572545841,0.07311455630732219,54,7
514,12,False,False,True,midpoint,0.10497377572545841,0.08659580487533654,54,8
514,12,False,False,True,midpoint_with_inhaler,0.10497377572545841,0.08659580487533654,54,9
514,12,False,False,True,upper_bound,0.10497377572545841,0.09352219110677326,54,10
514,12,False,False,True,upper_bound_with_inhaler,0.10497377572545841,0.09352219110677326,54,11
514,12,False,True,False,one_hot,0.21866554174606084,0.21866554174606084,54,12
514,12,False,True,False,lower_bound,0.2046810830423724,0.14727982427645206,54,13
514,12,False,True,False,midpoint,0.2046810830423724,0.1717309102725088,54,14
514,12,False,True,False,midpoint_with_inhaler,0.2046810830423724,0.1717309102725088,54,15
514,12,False,True,False,upper_bound,0.2046810830423724,0.18421856130062716,54,16
514,12,False,True,False,upper_bound_with_inhaler,0.2046810830423724,0.18421856130062716,54,17
514,12,False,True,True,one_hot,0.21866554174606084,0.21866554174606084,54,18
514,12,False,True,True,lower_bound,0.2046810830423724,0.14727982427645206,54,19
514,12,False,True,True,midpoint,0.2046810830423724,0.1717309102725088,54,20
514,12,False,True,True,midpoint_with_inhaler,0.2046810830423724,0.1717309102725088,54,21
514,12,False,True,True,upper_bound,0.2046810830423724,0.18421856130062716,54,22
514,12,False,True,True,upper_bound_with_inhaler,0.2046810830423724,0.18421856130062716,54,23
514,12,True,False,False,one_hot,0.2706560266692494,0.2706560266692494,54,24
514,12,True,False,False,lower_bound,0.2555189411936654,0.19068450950093663,54,25
514,12,True,False,False,midpoint,0.2555189411936654,0.21862979071070232,54,26
514,12,True,False,False,midpoint_with_inhaler,0.2555189411936654,0.21862979071070232,54,27
514,12,True,False,False,upper_bound,0.2555189411936654,0.2327458496767916,54,28
514,12,True,False,False,upper_bound_with_inhaler,0.2555189411936654,0.2327458496767916,54,29
514,12,True,False,True,one_hot,0.2706560266692494,0.2706560266692494,54,30
514,12,True,False,True,lower_bound,0.2555189411936654,0.19068450950093663,54,31
514,12,True,False,True,midpoint,0.2555189411936654,0.21862979071070232,54,32
514,12,True,False,True,midpoint_with_inhaler,0.2555189411936654,0.21862979071070232,54,33
514,12,True,False,True,upper_bound,0.2555189411936654,0.2327458496767916,54,34
514,12,True,False,True,upper_bound_with_inhaler,0.2555189411936654,0.2327458496767916,54,35
514,24,False,False,False,one_hot,0.11405053140673697,0.11405053140673697,54,36
514,24,False,False,False,lower_bound,0.1049987591344916,0.06990444152611465,54,37
514,24,False,False,False,midpoint,0.1049987591344916,0.08459950803870699,54,38
514,24,False,False,False,midpoint_with_inhaler,0.1049987591344916,0.08459950803870699,54,39
514,24,False,False,False,upper_bound,0.1049987591344916,0.09222677437739257,54,40
514,24,False,False,False,upper_bound_with_inhaler,0.1049987591344916,0.09222677437739257,54,41
514,24,False,False,True,one_hot,0.11405053140673697,0.11405053140673697,54,42
514,24,False,False,True,lower_bound,0.1049987591344916,0.06990444152611465,54,43
514,24,False,False,True,midpoint,0.1049987591344916,0.08459950803870699,54,44
514,24,False,False,True,midpoint_with_inhaler,0.1049987591344916,0.08459950803870699,54,45
514,24,False,False,True,upper_bound,0.1049987591344916,0.09222677437739257,54,46
514,24,False,False,True,upper_bound_with_inhaler,0.1049987591344916,0.09222677437739257,54,47
514,24,False,True,False,one_hot,-0.08393798059619574,-0.08393798059619575,54,48
514,24,False,True,False,lower_bound,-0.08897699632098711,-0.0969579058404924,54,49
514,24,False,True,False,midpoint,-0.08897699632098711,-0.09523347084136821,54,50
514,24,False,True,False,midpoint_with_inhaler,-0.08897699632098711,-0.09523347084136821,54,51
514,24,False,True,False,upper_bound,-0.08897699632098711,-0.09352219110677329,54,52
514,24,False,True,False,upper_bound_with_inhaler,-0.08897699632098711,-0.09352219110677329,54,53
514,24,False,True,True,one_hot,-0.08393798059619574,-0.08393798059619575,54,54
514,24,False,True,True,lower_bound,-0.08897699632098711,-0.0969579058404924,54,55
514,24,False,True,True,midpoint,-0.08897699632098711,-0.09523347084136821,54,56
514,24,False,True,True,midpoint_with_inhaler,-0.08897699632098711,-0.09523347084136821,54,57
514,24,False,True,True,upper_bound,-0.08897699632098711,-0.09352219110677329,54,58
514,24,False,True,True,upper_bound_with_inhaler,-0.08897699632098711,-0.09352219110677329,54,59
514,24,True,False,False,one_hot,0.11405053140673697,0.11405053140673697,54,60
514,24,True,False,False,lower_bound,0.1049987591344916,0.06990444152611465,54,61
514,24,True,False,False,midpoint,0.1049987591344916,0.08459950803870699,54,62
514,24,True,False,False,midpoint_with_inhaler,0.1049987591344916,0.08459950803870699,54,63
514,24,True,False,False,upper_bound,0.1049987591344916,0.09222677437739257,54,64
514,24,True,False,False,upper_bound_with_inhaler,0.1049987591344916,0.09222677437739257,54,65
514,24,True,False,True,one_hot,0.11405053140673697,0.11405053140673697,54,66
514,24,True,False,True,lower_bound,0.1049987591344916,0.06990444152611465,54,67
514,24,True,False,True,midpoint,0.1049987591344916,0.08459950803870699,54,68
514,24,True,False,True,midpoint_with_inhaler,0.1049987591344916,0.08459950803870699,54,69
514,24,True,False,True,upper_bound,0.1049987591344916,0.09222677437739257,54,70
514,24,True,False,True,upper_bound_with_inhaler,0.1049987591344916,0.09222677437739257,54,71
514,36,False,False,False,one_hot,0.22126943275917954,0.22126943275917962,54,72
514,36,False,False,False,lower_bound,0.20817396641437277,0.15307119408942924,54,73
514,36,False,False,False,midpoint,0.20817396641437277,0.17671856013452694,54,74
514,36,False,False,False,midpoint_with_inhaler,0.20817396641437277,0.17671856013452694,54,75
514,36,False,False,False,upper_bound,0.20817396641437277,0.18870957091022472,54,76
514,36,False,False,False,upper_bound_with_inhaler,0.20817396641437277,0.18870957091022472,54,77
514,36,False,False,True,one_hot,0.22126943275917954,0.22126943275917962,54,78
514,36,False,False,True,lower_bound,0.20817396641437277,0.15307119408942924,54,79
514,36,False,False,True,midpoint,0.20817396641437277,0.17671856013452694,54,80
514,36,False,False,True,midpoint_with_inhaler,0.20817396641437277,0.17671856013452694,54,81
514,36,False,False,True,upper_bound,0.20817396641437277,0.18870957091022472,54,82
514,36,False,False,True,upper_bound_with_inhaler,0.20817396641437277,0.18870957091022472,54,83
514,36,True,False,False,one_hot,0.07153668951098018,0.07153668951098016,54,84
514,36,True,False,False,lower_bound,0.10324307578309914,0.19068450950093666,54,85
514,36,True,False,False,midpoint,0.10324307578309914,0.15900650248720277,54,86
514,36,True,False,False,midpoint_with_inhaler,0.10324307578309914,0.15900650248720277,54,87
514,36,True,False,False,upper_bound,0.10324307578309914,0.14007651848653796,54,88
514,36,True,False,False,upper_bound_with_inhaler,0.10324307578309914,0.14007651848653796,54,89
514,36,True,False,True,one_hot,0.07153668951098018,0.07153668951098016,54,90
514,36,True,False,True,lower_bound,0.10324307578309914,0.19068450950093666,54,91
514,36,True,False,True,midpoint,0.10324307578309914,0.15900650248720277,54,92
514,36,True,False,True,midpoint_with_inhaler,0.10324307578309914,0.15900650248720277,54,93
514,36,True,False,True,upper_bound,0.10324307578309914,0.14007651848653796,54,94
514,36,True,False,True,upper_bound_with_inhaler,0.10324307578309914,0.14007651848653796,54,95
514,48,False,False,False,one_hot,0.037357352522281055,0.037357352522281055,54,96
514,48,False,False,False,lower_bound,0.057134413698650494,0.1117605616727064,54,97
514,48,False,False,False,midpoint,0.057134413698650494,0.09195851408448118,54,98
514,48,False,False,False,midpoint_with_inhaler,0.057134413698650494,0.09195851408448118,54,99
514,48,False,False,False,upper_bound,0.057134413698650494,0.08013270561773721,54,100
514,48,False,False,False,upper_bound_with_inhaler,0.057134413698650494,0.08013270561773721,54,101
514,48,False,False,True,one_hot,0.037357352522281055,0.037357352522281055,54,102
514,48,False,False,True,lower_bound,0.057134413698650494,0.1117605616727064,54,103
514,48,False,False,True,midpoint,0.057134413698650494,0.09195851408448118,54,104
514,48,False,False,True,midpoint_with_inhaler,0.057134413698650494,0.09195851408448118,54,105
514,48,False,False,True,upper_bound,0.057134413698650494,0.08013270561773721,54,106
514,48,False,False,True,upper_bound_with_inhaler,0.057134413698650494,0.08013270561773721,54,107
514,48,False,True,False,one_hot,-0.03252742805915181,-0.03252742805915187,54,108
514,48,False,True,False,lower_bound,-0.04155811000088873,-0.06519573863909014,54,109
514,48,False,True,False,midpoint,-0.04155811000088873,-0.05688609748578899,54,110
514,48,False,True,False,midpoint_with_inhaler,-0.04155811000088873,-0.05688609748578899,54,111
514,48,False,True,False,upper_bound,-0.04155811000088873,-0.05177226670686676,54,112
514,48,False,True,False,upper_bound_with_inhaler,-0.04155811000088873,-0.05177226670686676,54,113
514,48,False,True,True,one_hot,-0.03252742805915181,-0.03252742805915187,54,114
514,48,False,True,True,lower_bound,-0.04155811000088873,-0.06519573863909014,54,115
514,48,False,True,True,midpoint,-0.04155811000088873,-0.05688609748578899,54,116
514,48,False,True,True,midpoint_with_inhaler,-0.04155811000088873,-0.05688609748578899,54,117
514,48,False,True,True,upper_bound,-0.04155811000088873,-0.05177226670686676,54,118
514,48,False,True,True,upper_bound_with_inhaler,-0.04155811000088873,-0.05177226670686676,54,119
514,48,True,False,False,one_hot,0.2656156125775094,0.2656156125775094,54,120
514,48,True,False,False,lower_bound,0.24870529043423514,0.17934059209318462,54,121
514,48,True,False,False,midpoint,0.24870529043423514,0.2088597817389464,54,122
514,48,True,False,False,midpoint_with_inhaler,0.24870529043423514,0.2088597817389464,54,123
514,48,True,False,False,upper_bound,0.24870529043423514,0.22395410593627607,54,124
514,48,True,False,False,upper_bound_with_inhaler,0.24870529043423514,0.22395410593627607,54,125
514,48,True,False,True,one_hot,0.2656156125775094,0.2656156125775094,54,126
514,48,True,False,True,lower_bound,0.24870529043423514,0.17934059209318462,54,127
514,48,True,False,True,midpoint,0.24870529043423514,0.2088597817389464,54,128
514,48,True,False,True,midpoint_with_inhaler,0.24870529043423514,0.2088597817389464,54,129
514,48,True,False,True,upper_bound,0.24870529043423514,0.22395410593627607,54,130
514,48,True,False,True,upper_bound_with_inhaler,0.24870529043423514,0.22395410593627607,54,131
625,12,False,False,False,one_hot,0.17006898637317913,0.17006898637317913,62,0
625,12,False,False,False,lower_bound,0.08118083934770517,-0.055458693723190226,62,1
625,12,False,False,False,midpoint,0.08118083934770517,-0.035163627124322853,62,2
625,12,False,False,False,midpoint_with_inhaler,0.08118083934770517,-0.035163627124322853,62,3
625,12,False,False,False,upper_bound,0.08118083934770517,-0.019351175531216198,62,4
625,12,False,False,False,upper_bound_with_inhaler,0.08118083934770517,-0.019351175531216198,62,5
625,12,False,False,True,one_hot,0.17006898637317913,0.17006898637317913,62,6
625,12,False,False,True,lower_bound,0.08118083934770517,-0.055458693723190226,62,7
625,12,False,False,True,midpoint,0.08118083934770517,-0.035163627124322853,62,8
625,12,False,False,True,midpoint_with_inhaler,0.08118083934770517,-0.035163627124322853,62,9
625,12,False,False,True,upper_bound,0.08118083934770517,-0.019351175531216198,62,10
625,12,False,False,True,upper_bound_with_inhaler,0.08118083934770517,-0.019351175531216198,62,11
625,12,False,True,False,one_hot,0.023113358747616712,0.02311335874761674,62,12
625,12,False,True,False,lower_bound,0.04054153099543862,0.015168353764727426,62,13
625,12,False,True,False,midpoint,0.04054153099543862,0.002117450372085583,62,14
625,12,False,True,False,midpoint_with_inhaler,0.04054153099543862,0.002117450372085583,62,15
625,12,False,True,False,upper_bound,0.04054153099543862,-0.004889474406057034,62,16
625,12,False,True,False,upper_bound_with_inhaler,0.04054153099543862,-0.004889474406057034,62,17
625,12,False,True,True,one_hot,0.023113358747616712,0.02311335874761674,62,18
625,12,False,True,True,lower_bound,0.04054153099543862,0.015168353764727426,62,19
625,12,False,True,True,midpoint,0.04054153099543862,0.002117450372085583,62,20
625,12,False,True,True,midpoint_with_inhaler,0.04054153099543862,0.002117450372085583,62,21
625,12,False,True,True,upper_bound,0.04054153099543862,-0.004889474406057034,62,22
625,12,False,True,True,upper_bound_with_inhaler,0.04054153099543862,-0.004889474406057034,62,23
625,12,True,False,False,one_hot,0.10755568980847277,0.10755568980847277,62,24
625,12,True,False,False,lower_bound,0.12986539358440197,0.10373063900566565,62,25
625,12,True,False,False,midpoint,0.12986539358440197,0.12660764417556095,62,26
625,12,True,False,False,midpoint_with_inhaler,0.12986539358440197,0.12660764417556095,62,27
625,12,True,False,False,upper_bound,0.12986539358440197,0.14016732781460506,62,28
625,12,True,False,False,upper_bound_with_inhaler,0.12986539358440197,0.14016732781460506,62,29
625,12,True,False,True,one_hot,0.10755568980847277,0.10755568980847277,62,30
625,12,True,False,True,lower_bound,0.12986539358440197,0.10373063900566565,62,31
625,12,True,False,True,midpoint,0.12986539358440197,0.12660764417556095,62,32
625,12,True,False,True,midpoint_with_inhaler,0.12986539358440197,0.12660764417556095,62,33
625,12,True,False,True,upper_bound,0.12986539358440197,0.14016732781460506,62,34
625,12,True,False,True,upper_bound_with_inhaler,0.12986539358440197,0.14016732781460506,62,35
625,24,False,False,False,one_hot,0.06491138674891558,0.06491138674891558,62,36
625,24,False,False,False,lower_bound,0.04183066182233907,-0.06583647392050201,62,37
625,24,False,False,False,midpoint,0.04183066182233907,-0.05363173674421442,62,38
625,24,False,False,False,midpoint_with_inhaler,0.04183066182233907,-0.05363173674421442,62,39
625,24,False,False,False,upper_bound,0.04183066182233907,-0.04491911085793563,62,40
625,24,False,False,False,upper_bound_with_inhaler,0.04183066182233907,-0.04491911085793563,62,41
625,24,False,False,True,one_hot,0.06491138674891558,0.06491138674891558,62,42
625,24,False,False,True,lower_bound,0.04183066182233907,-0.06583647392050201,62,43
625,24,False,False,True,midpoint,0.04183066182233907,-0.05363173674421442,62,44
625,24,False,False,True,midpoint_with_inhaler,0.04183066182233907,-0.05363173674421442,62,45
625,24,False,False,True,upper_bound,0.04183066182233907,-0.04491911085793563,62,46
625,24,False,False,True,upper_bound_with_inhaler,0.04183066182233907,-0.04491911085793563,62,47
625,24,False,True,False,one_hot,0.019183879441439494,0.019183879441439483,62,48
625,24,False,True,False,lower_bound,0.05862566363392656,0.0101082204584987,62,49
625,24,False,True,False,midpoint,0.05862566363392656,-0.006927924897825716,62,50
625,24,False,True,False,midpoint_with_inhaler,0.05862566363392656,-0.006927924897825716,62,51
625,24,False,True,False,upper_bound,0.05862566363392656,-0.016879531214827437,62,52
625,24,False,True,False,upper_bound_with_inhaler,0.05862566363392656,-0.016879531214827437,62,53
625,24,False,True,True,one_hot,0.019183879441439494,0.019183879441439483,62,54
625,24,False,True,True,lower_bound,0.05862566363392656,0.0101082204584987,62,55
625,24,False,True,True,midpoint,0.05862566363392656,-0.006927924897825716,62,56
625,24,False,True,True,midpoint_with_inhaler,0.05862566363392656,-0.006927924897825716,62,57
625,24,False,True,True,upper_bound,0.05862566363392656,-0.016879531214827437,62,58
625,24,False,True,True,upper_bound_with_inhaler,0.05862566363392656,-0.016879531214827437,62,59
625,24,True,False,False,one_hot,0.06491138674891558,0.06491138674891558,62,60
625,24,True,False,False,lower_bound,0.04183066182233907,-0.06583647392050201,62,61
625,24,True,False,False,midpoint,0.04183066182233907,-0.05363173674421442,62,62
625,24,True,False,False,midpoint_with_inhaler,0.04183066182233907,-0.05363173674421442,62,63
625,24,True,False,False,upper_bound,0.04183066182233907,-0.04491911085793563,62,64
625,24,True,False,False,upper_bound_with_inhaler,0.04183066182233907,-0.04491911085793563,62,65
625,24,True,False,True,one_hot,0.06491138674891558,0.06491138674891558,62,66
625,24,True,False,True,lower_bound,0.04183066182233907,-0.06583647392050201,62,67
625,24,True,False,True,midpoint,0.04183066182233907,-0.05363173674421442,62,68
625,24,True,False,True,midpoint_with_inhaler,0.04183066182233907,-0.05363173674421442,62,69
625,24,True,False,True,upper_bound,0.04183066182233907,-0.04491911085793563,62,70
625,24,True,False,True,upper_bound_with_inhaler,0.04183066182233907,-0.04491911085793563,62,71
625,36,False,False,False,one_hot,-0.1343942461824662,-0.13439424618246623,62,72
625,36,False,False,False,lower_bound,-0.16453739840427917,-0.17878102619381492,62,73
625,36,False,False,False,midpoint,-0.16453739840427917,-0.18544394548358656,62,74
625,36,False,False,False,midpoint_with_inhaler,-0.16453739840427917,-0.18544394548358656,62,75
625,36,False,False,False,upper_bound,-0.16453739840427917,-0.18744257193915548,62,76
625,36,False,False,False,upper_bound_with_inhaler,-0.16453739840427917,-0.18744257193915548,62,77
625,36,False,False,True,one_hot,-0.1343942461824662,-0.13439424618246623,62,78
625,36,False,False,True,lower_bound,-0.16453739840427917,-0.17878102619381492,62,79
625,36,False,False,True,midpoint,-0.16453739840427917,-0.18544394548358656,62,80
625,36,False,False,True,midpoint_with_inhaler,-0.16453739840427917,-0.18544394548358656,62,81
625,36,False,False,True,upper_bound,-0.16453739840427917,-0.18744257193915548,62,82
625,36,False,False,True,upper_bound_with_inhaler,-0.16453739840427917,-0.18744257193915548,62,83
625,36,True,False,False,one_hot,0.16680339884724002,0.16680339884724002,62,84
625,36,True,False,False,lower_bound,0.19197035070678173,0.06993776330497947,62,85
625,36,True,False,False,midpoint,0.19197035070678173,0.06504460884007288,62,86
625,36,True,False,False,midpoint_with_inhaler,0.19197035070678173,0.06504460884007288,62,87
625,36,True,False,False,upper_bound,0.19197035070678173,0.06265970893979662,62,88
625,36,True,False,False,upper_bound_with_inhaler,0.19197035070678173,0.06265970893979662,62,89
625,36,True,False,True,one_hot,0.16680339884724002,0.16680339884724002,62,90
625,36,True,False,True,lower_bound,0.19197035070678173,0.06993776330497947,62,91
625,36,True,False,True,midpoint,0.19197035070678173,0.06504460884007288,62,92
625,36,True,False,True,midpoint_with_inhaler,0.19197035070678173,0.06504460884007288,62,93
625,36,True,False,True,upper_bound,0.19197035070678173,0.06265970893979662,62,94
625,36,True,False,True,upper_bound_with_inhaler,0.19197035070678173,0.06265970893979662,62,95
625,48,False,False,False,one_hot,0.05932425755114776,0.05932425755114772,62,96
625,48,False,False,False,lower_bound,0.0629636124578469,0.01931770068040718,62,97
625,48,False,False,False,midpoint,0.0629636124578469,0.013656048842471548,62,98
625,48,False,False,False,midpoint_with_inhaler,0.0629636124578469,0.013656048842471548,62,99
625,48,False,False,False,upper_bound,0.0629636124578469,0.0076396225943212255,62,100
625,48,False,False,False,upper_bound_with_inhaler,0.0629636124578469,0.0076396225943212255,62,101
625,48,False,False,True,one_hot,0.05932425755114776,0.05932425755114772,62,102
625,48,False,False,True,lower_bound,0.0629636124578469,0.01931770068040718,62,103
625,48,False,False,True,midpoint,0.0629636124578469,0.013656048842471548,62,104
625,48,False,False,True,midpoint_with_inhaler,0.0629636124578469,0.013656048842471548,62,105
625,48,False,False,True,upper_bound,0.0629636124578469,0.0076396225943212255,62,106
625,48,False,False,True,upper_bound_with_inhaler,0.0629636124578469,0.0076396225943212255,62,107
625,48,False,True,False,one_hot,0.13037443629724263,0.13037443629724263,62,108
625,48,False,True,False,lower_bound,0.13650772659364308,0.1281405485934237,62,109
625,48,False,True,False,midpoint,0.13650772659364308,0.12237335099975707,62,110
625,48,False,True,False,midpoint_with_inhaler,0.13650772659364308,0.12237335099975707,62,111
625,48,False,True,False,upper_bound,0.13650772659364308,0.12022791139977192,62,112
625,48,False,True,False,upper_bound_with_inhaler,0.13650772659364308,0.12022791139977192,62,113
625,48,False,True,True,one_hot,0.13037443629724263,0.13037443629724263,62,114
625,48,False,True,True,lower_bound,0.13650772659364308,0.1281405485934237,62,115
625,48,False,True,True,midpoint,0.13650772659364308,0.12237335099975707,62,116
625,48,False,True,True,midpoint_with_inhaler,0.13650772659364308,0.12237335099975707,62,117
625,48,False,True,True,upper_bound,0.13650772659364308,0.12022791139977192,62,118
625,48,False,True,True,upper_bound_with_inhaler,0.13650772659364308,0.12022791139977192,62,119
625,48,True,False,False,one_hot,-0.08281891873396383,-0.0828189187339639,62,120
625,48,True,False,False,lower_bound,-0.060988584324972284,0.04594658730217169,62,121
625,48,True,False,False,midpoint,-0.060988584324972284,0.038961564802396154,62,122
625,48,True,False,False,midpoint_with_inhaler,-0.060988584324972284,0.038961564802396154,62,123
625,48,True,False,False,upper_bound,-0.060988584324972284,0.031747393751092166,62,124
625,48,True,False,False,upper_bound_with_inhaler,-0.060988584324972284,0.031747393751092166,62,125
625,48,True,False,True,one_hot,-0.08281891873396383,-0.0828189187339639,62,126
625,48,True,False,True,lower_bound,-0.060988584324972284,0.04594658730217169,62,127
625,48,True,False,True,midpoint,-0.060988584324972284,0.038961564802396154,62,128
625,48,True,False,True,midpoint_with_inhaler,-0.060988584324972284,0.038961564802396154,62,129
625,48,True,False,True,upper_bound,-0.060988584324972284,0.031747393751092166,62,130
625,48,True,False,True,upper_bound_with_inhaler,-0.060988584324972284,0.031747393751092166,62,131
701,12,False,False,False,one_hot,,,127,0
701,12,False,False,False,lower_bound,0.15965162198728125,0.22364698783224893,127,1
701,12,False,False,False,midpoint,0.15965162198728125,0.19481171961789406,127,2
701,12,False,False,False,midpoint_with_inhaler,0.15965162198728125,0.19481171961789406,127,3
701,12,False,False,False,upper_bound,0.15965162198728125,0.1741603444597636,127,4
701,12,False,False,False,upper_bound_with_inhaler,0.15965162198728125,0.1741603444597636,127,5
701,12,False,False,True,one_hot,,,127,6
701,12,False,False,True,lower_bound,0.15965162198728125,0.22364698783224893,127,7
701,12,False,False,True,midpoint,0.15965162198728125,0.19481171961789406,127,8
701,12,False,False,True,midpoint_with_inhaler,0.15965162198728125,0.19481171961789406,127,9
701,12,False,False,True,upper_bound,0.15965162198728125,0.1741603444597636,127,10
701,12,False,False,True,upper_bound_with_inhaler,0.15965162198728125,0.1741603444597636,127,11
701,12,False,True,False,one_hot,,,127,12
701,12,False,True,False,lower_bound,-0.031453642566388954,-0.060441427359200904,127,13
701,12,False,True,False,midpoint,-0.031453642566388954,-0.08236725262088435,127,14
701,12,False,True,False,midpoint_with_inhaler,-0.031453642566388954,-0.08236725262088435,127,15
701,12,False,True,False,upper_bound,-0.031453642566388954,-0.10041652958650296,127,16
701,12,False,True,False,upper_bound_with_inhaler,-0.031453642566388954,-0.10041652958650296,127,17
701,12,False,True,True,one_hot,,,127,18
701,12,False,True,True,lower_bound,-0.031453642566388954,-0.060441427359200904,127,19
701,12,False,True,True,midpoint,-0.031453642566388954,-0.08236725262088435,127,20
701,12,False,True,True,midpoint_with_inhaler,-0.031453642566388954,-0.08236725262088435,127,21
701,12,False,True,True,upper_bound,-0.031453642566388954,-0.10041652958650296,127,22
701,12,False,True,True,upper_bound_with_inhaler,-0.031453642566388954,-0.10041652958650296,127,23
701,12,True,False,False,one_hot,,,127,24
701,12,True,False,False,lower_bound,0.13308170489542454,0.0977910581876576,127,25
701,12,True,False,False,midpoint,0.13308170489542454,0.07764417582450049,127,26
701,12,True,False,False,midpoint_with_inhaler,0.13308170489542454,0.07764417582450049,127,27
701,12,True,False,False,upper_bound,0.13308170489542454,0.06120111124232588,127,28
701,12,True,False,False,upper_bound_with_inhaler,0.13308170489542454,0.06120111124232588,127,29
701,12,True,False,True,one_hot,,,127,30
701,12,True,False,True,lower_bound,0.13308170489542454,0.0977910581876576,127,31
701,12,True,False,True,midpoint,0.13308170489542454,0.07764417582450049,127,32
701,12,True,False,True,midpoint_with_inhaler,0.13308170489542454,0.07764417582450049,127,33
701,12,True,False,True,upper_bound,0.13308170489542454,0.06120111124232588,127,34
701,12,True,False,True,upper_bound_with_inhaler,0.13308170489542454,0.06120111124232588,127,35
701,24,False,False,False,one_hot,,,127,36
701,24,False,False,False,lower_bound,0.15983220575551893,0.1485154240282333,127,37
701,24,False,False,False,midpoint,0.15983220575551893,0.146227275545937,127,38
701,24,False,False,False,midpoint_with_inhaler,0.15983220575551893,0.146227275545937,127,39
701,24,False,False,False,upper_bound,0.15983220575551893,0.14471010381313032,127,40
701,24,False,False,False,upper_bound_with_inhaler,0.15983220575551893,0.14471010381313032,127,41
701,24,False,False,True,one_hot,,,127,42
701,24,False,False,True,lower_bound,0.15983220575551893,0.1485154240282333,127,43
701,24,False,False,True,midpoint,0.15983220575551893,0.146227275545937,127,44
701,24,False,False,True,midpoint_with_inhaler,0.15983220575551893,0.146227275545937,127,45
701,24,False,False,True,upper_bound,0.15983220575551893,0.14471010381313032,127,46
701,24,False,False,True,upper_bound_with_inhaler,0.15983220575551893,0.14471010381313032,127,47
701,24,False,True,False,one_hot,,,127,48
701,24,False,True,False,lower_bound,0.0681412942578217,0.06869878150693312,127,49
701,24,False,True,False,midpoint,0.0681412942578217,0.04430763039524073,127,50
701,24,False,True,False,midpoint_with_inhaler,0.0681412942578217,0.04430763039524073,127,51
701,24,False,True,False,upper_bound,0.0681412942578217,0.028073798680109462,127,52
701,24,False,True,False,upper_bound_with_inhaler,0.0681412942578217,0.028073798680109462,127,53
701,24,False,True,True,one_hot,,,127,54
701,24,False,True,True,lower_bound,0.0681412942578217,0.06869878150693312,127,55
701,24,False,True,True,midpoint,0.0681412942578217,0.04430763039524073,127,56
701,24,False,True,True,midpoint_with_inhaler,0.0681412942578217,0.04430763039524073,127,57
701,24,False,True,True,upper_bound,0.0681412942578217,0.028073798680109462,127,58
701,24,False,True,True,upper_bound_with_inhaler,0.0681412942578217,0.028073798680109462,127,59
701,24,True,False,False,one_hot,,,127,60
701,24,True,False,False,lower_bound,0.15983220575551893,0.1485154240282333,127,61
701,24,True,False,False,midpoint,0.15983220575551893,0.146227275545937,127,62
701,24,True,False,False,midpoint_with_inhaler,0.15983220575551893,0.146227275545937,127,63
701,24,True,False,False,upper_bound,0.15983220575551893,0.14471010381313032,127,64
701,24,True,False,False,upper_bound_with_inhaler,0.15983220575551893,0.14471010381313032,127,65
701,24,True,False,True,one_hot,,,127,66
701,24,True,False,True,lower_bound,0.15983220575551893,0.1485154240282333,127,67
701,24,True,False,True,midpoint,0.15983220575551893,0.146227275545937,127,68
701,24,True,False,True,midpoint_with_inhaler,0.15983220575551893,0.146227275545937,127,69
701,24,True,False,True,upper_bound,0.15983220575551893,0.14471010381313032,127,70
701,24,True,False,True,upper_bound_with_inhaler,0.15983220575551893,0.14471010381313032,127,71
701,36,False,False,False,one_hot,,,127,72
701,36,False,False,False,lower_bound,0.22087703835967654,0.19011933137926218,127,73
701,36,False,False,False,midpoint,0.22087703835967654,0.20160471554510045,127,74
701,36,False,False,False,midpoint_with_inhaler,0.22087703835967654,0.20160471554510045,127,75
701,36,False,False,False,upper_bound,0.22087703835967654,0.20686174057923729,127,76
701,36,False,False,False,upper_bound_with_inhaler,0.22087703835967654,0.20686174057923729,127,77
701,36,False,False,True,one_hot,,,127,78
701,36,False,False,True,lower_bound,0.22087703835967654,0.19011933137926218,127,79
701,36,False,False,True,midpoint,0.22087703835967654,0.20160471554510045,127,80
701,36,False,False,True,midpoint_with_inhaler,0.22087703835967654,0.20160471554510045,127,81
701,36,False,False,True,upper_bound,0.22087703835967654,0.20686174057923729,127,82
701,36,False,False,True,upper_bound_with_inhaler,0.22087703835967654,0.20686174057923729,127,83
701,36,True,False,False,one_hot,,,127,84
701,36,True,False,False,lower_bound,-0.039311762558160386,0.07943061534393892,127,85
701,36,True,False,False,midpoint,-0.039311762558160386,0.077199805690975,127,86
701,36,True,False,False,midpoint_with_inhaler,-0.039311762558160386,0.077199805690975,127,87
701,36,True,False,False,upper_bound,-0.039311762558160386,0.07854273920803942,127,88
701,36,True,False,False,upper_bound_with_inhaler,-0.039311762558160386,0.07854273920803942,127,89
701,36,True,False,True,one_hot,,,127,90
701,36,True,False,True,lower_bound,-0.039311762558160386,0.07943061534393892,127,91
701,36,True,False,True,midpoint,-0.039311762558160386,0.077199805690975,127,92
701,36,True,False,True,midpoint_with_inhaler,-0.039311762558160386,0.077199805690975,127,93
701,36,True,False,True,upper_bound,-0.039311762558160386,0.07854273920803942,127,94
701,36,True,False,True,upper_bound_with_inhaler,-0.039311762558160386,0.07854273920803942,127,95
701,48,False,False,False,one_hot,,,127,96
701,48,False,False,False,lower_bound,0.016730719336352742,-0.046211386841981714,127,97
701,48,False,False,False,midpoint,0.016730719336352742,-0.031286303784047564,127,98
701,48,False,False,False,midpoint_with_inhaler,0.016730719336352742,-0.031286303784047564,127,99
701,48,False,False,False,upper_bound,0.016730719336352742,-0.018972815312412506,127,100
701,48,False,False,False,upper_bound_with_inhaler,0.016730719336352742,-0.018972815312412506,127,101
701,48,False,False,True,one_hot,,,127,102
701,48,False,False,True,lower_bound,0.016730719336352742,-0.046211386841981714,127,103
701,48,False,False,True,midpoint,0.016730719336352742,-0.031286303784047564,127,104
701,48,False,False,True,midpoint_with_inhaler,0.016730719336352742,-0.031286303784047564,127,105
701,48,False,False,True,upper_bound,0.016730719336352742,-0.018972815312412506,127,106
701,48,False,False,True,upper_bound_with_inhaler,0.016730719336352742,-0.018972815312412506,127,107
701,48,False,True,False,one_hot,,,127,108
701,48,False,True,False,lower_bound,0.032463752270411914,0.07019922534603347,127,109
701,48,False,True,False,midpoint,0.032463752270411914,0.04671202400302352,127,110
701,48,False,True,False,midpoint_with_inhaler,0.032463752270411914,0.04671202400302352,127,111
701,48,False,True,False,upper_bound,0.032463752270411914,0.03168653546362601,127,112
701,48,False,True,False,upper_bound_with_inhaler,0.032463752270411914,0.03168653546362601,127,113
701,48,False,True,True,one_hot,,,127,114
701,48,False,True,True,lower_bound,0.032463752270411914,0.07019922534603347,127,115
701,48,False,True,True,midpoint,0.032463752270411914,0.04671202400302352,127,116
701,48,False,True,True,midpoint_with_inhaler,0.032463752270411914,0.04671202400302352,127,117
701,48,False,True,True,upper_bound,0.032463752270411914,0.03168653546362601,127,118
701,48,False,True,True,upper_bound_with_inhaler,0.032463752270411914,0.03168653546362601,127,119
701,48,True,False,False,one_hot,,,127,120
701,48,True,False,False,lower_bound,-0.08334457503985865,-0.04510156098413208,127,121
701,48,True,False,False,midpoint,-0.08334457503985865,-0.05103512154101292,127,122
701,48,True,False,False,midpoint_with_inhaler,-0.08334457503985865,-0.05103512154101292,127,123
701,48,True,False,False,upper_bound,-0.08334457503985865,-0.05377785817633024,127,124
701,48,True,False,False,upper_bound_with_inhaler,-0.08334457503985865,-0.05377785817633024,127,125
701,48,True,False,True,one_hot,,,127,126
701,48,True,False,True,lower_bound,-0.08334457503985865,-0.04510156098413208,127,127
701,48,True,False,True,midpoint,-0.08334457503985865,-0.05103512154101292,127,128
701,48,True,False,True,midpoint_with_inhaler,-0.08334457503985865,-0.05103512154101292,127,129
701,48,True,False,True,upper_bound,-0.08334457503985865,-0.05377785817633024,127,130
701,48,True,False,True,upper_bound_with_inhaler,-0.08334457503985865,-0.05377785817633024,127,131
702,12,False,False,False,one_hot,0.4538024638006533,0.45380246380065337,124,0
702,12,False,False,False,lower_bound,0.5033268843963918,0.8647960819551446,124,1
702,12,False,False,False,midpoint,0.5033268843963918,0.7639864747032064,124,2
702,12,False,False,False,midpoint_with_inhaler,0.5033268843963918,0.7639864747032064,124,3
702,12,False,False,False,upper_bound,0.5033268843963918,0.7010997208820393,124,4
702,12,False,False,False,upper_bound_with_inhaler,0.5033268843963918,0.7010997208820393,124,5
702,12,False,False,True,one_hot,0.4538024638006533,0.45380246380065337,124,6
702,12,False,False,True,lower_bound,0.5033268843963918,0.8647960819551446,124,7
702,12,False,False,True,midpoint,0.5033268843963918,0.7639864747032064,124,8
702,12,False,False,True,midpoint_with_inhaler,0.5033268843963918,0.7639864747032064,124,9
702,12,False,False,True,upper_bound,0.5033268843963918,0.7010997208820393,124,10
702,12,False,False,True,upper_bound_with_inhaler,0.5033268843963918,0.7010997208820393,124,11
702,12,False,True,False,one_hot,0.2371829762317497,0.23718297623174955,124,12
702,12,False,True,False,lower_bound,0.32662528203062274,0.5033258630732542,124,13
702,12,False,True,False,midpoint,0.32662528203062274,0.48078300741122715,124,14
702,12,False,True,False,midpoint_with_inhaler,0.32662528203062274,0.48078300741122715,124,15
702,12,False,True,False,upper_bound,0.32662528203062274,0.4599279148440439,124,16
702,12,False,True,False,upper_bound_with_inhaler,0.32662528203062274,0.4599279148440439,124,17
702,12,False,True,True,one_hot,0.2371829762317497,0.23718297623174955,124,18
702,12,False,True,True,lower_bound,0.32662528203062274,0.5033258630732542,124,19
702,12,False,True,True,midpoint,0.32662528203062274,0.48078300741122715,124,20
702,12,False,True,True,midpoint_with_inhaler,0.32662528203062274,0.48078300741122715,124,21
702,12,False,True,True,upper_bound,0.32662528203062274,0.4599279148440439,124,22
702,12,False,True,True,upper_bound_with_inhaler,0.32662528203062274,0.4599279148440439,124,23
702,12,True,False,False,one_hot,0.5320965886823232,0.5320965886823231,124,24
702,12,True,False,False,lower_bound,0.6064970953343097,0.8237508590945543,124,25
702,12,True,False,False,midpoint,0.6064970953343097,0.8290023069518214,124,26
702,12,True,False,False,midpoint_with_inhaler,0.6064970953343097,0.8290023069518214,124,27
702,12,True,False,False,upper_bound,0.6064970953343097,0.8245519247361414,124,28
702,12,True,False,False,upper_bound_with_inhaler,0.6064970953343097,0.8245519247361414,124,29
702,12,True,False,True,one_hot,0.5320965886823232,0.5320965886823231,124,30
702,12,True,False,True,lower_bound,0.6064970953343097,0.8237508590945543,124,31
702,12,True,False,True,midpoint,0.6064970953343097,0.8290023069518214,124,32
702,12,True,False,True,midpoint_with_inhaler,0.6064970953343097,0.8290023069518214,124,33
702,12,True,False,True,upper_bound,0.6064970953343097,0.8245519247361414,124,34
702,12,True,False,True,upper_bound_with_inhaler,0.6064970953343097,0.8245519247361414,124,35
702,24,False,False,False,one_hot,0.5084302696895199,0.5084302696895199,124,36
702,24,False,False,False,lower_bound,0.619468208294678,1.0803625670713315,124,37
702,24,False,False,False,midpoint,0.619468208294678,1.008695463931019,124,38
702,24,False,False,False,midpoint_with_inhaler,0.619468208294678,1.008695463931019,124,39
702,24,False,False,False,upper_bound,0.619468208294678,0.9549929757634338,124,40
702,24,False,False,False,upper_bound_with_inhaler,0.619468208294678,0.9549929757634338,124,41
702,24,False,False,True,one_hot,0.5084302696895199,0.5084302696895199,124,42
702,24,False,False,True,lower_bound,0.619468208294678,1.0803625670713315,124,43
702,24,False,False,True,midpoint,0.619468208294678,1.008695463931019,124,44
702,24,False,False,True,midpoint_with_inhaler,0.619468208294678,1.008695463931019,124,45
702,24,False,False,True,upper_bound,0.619468208294678,0.9549929757634338,124,46
702,24,False,False,True,upper_bound_with_inhaler,0.619468208294678,0.9549929757634338,124,47
702,24,False,True,False,one_hot,0.46746933684882136,0.4674693368488212,124,48
702,24,False,True,False,lower_bound,0.5473378410880592,0.9433663528931379,124,49
702,24,False,True,False,midpoint,0.5473378410880592,0.8979077161658212,124,50
702,24,False,True,False,midpoint_with_inhaler,0.5473378410880592,0.8979077161658212,124,51
702,24,False,True,False,upper_bound,0.5473378410880592,0.8614863137723271,124,52
702,24,False,True,False,upper_bound_with_inhaler,0.5473378410880592,0.8614863137723271,124,53
702,24,False,True,True,one_hot,0.46746933684882136,0.4674693368488212,124,54
702,24,False,True,True,lower_bound,0.5473378410880592,0.9433663528931379,124,55
702,24,False,True,True,midpoint,0.5473378410880592,0.8979077161658212,124,56
702,24,False,True,True,midpoint_with_inhaler,0.5473378410880592,0.8979077161658212,124,57
702,24,False,True,True,upper_bound,0.5473378410880592,0.8614863137723271,124,58
702,24,False,True,True,upper_bound_with_inhaler,0.5473378410880592,0.8614863137723271,124,59
702,24,True,False,False,one_hot,0.5084302696895199,0.5084302696895199,124,60
702,24,True,False,False,lower_bound,0.619468208294678,1.0803625670713315,124,61
702,24,True,False,False,midpoint,0.619468208294678,1.008695463931019,124,62
702,24,True,False,False,midpoint_with_inhaler,0.619468208294678,1.008695463931019,124,63
702,24,True,False,False,upper_bound,0.619468208294678,0.9549929757634338,124,64
702,24,True,False,False,upper_bound_with_inhaler,0.619468208294678,0.9549929757634338,124,65
702,24,True,False,True,one_hot,0.5084302696895199,0.5084302696895199,124,66
702,24,True,False,True,lower_bound,0.619468208294678,1.0803625670713315,124,67
702,24,True,False,True,midpoint,0.619468208294678,1.008695463931019,124,68
702,24,True,False,True,midpoint_with_inhaler,0.619468208294678,1.008695463931019,124,69
702,24,True,False,True,upper_bound,0.619468208294678,0.9549929757634338,124,70
702,24,True,False,True,upper_bound_with_inhaler,0.619468208294678,0.9549929757634338,124,71
702,36,False,False,False,one_hot,0.49793869926788104,0.49793869926788076,124,72
702,36,False,False,False,lower_bound,0.6469983304798435,1.1827532953763107,124,73
702,36,False,False,False,midpoint,0.6469983304798435,1.1371298197183235,124,74
702,36,False,False,False,midpoint_with_inhaler,0.6469983304798435,1.1371298197183235,124,75
702,36,False,False,False,upper_bound,0.6469983304798435,1.0897073101933898,124,76
702,36,False,False,False,upper_bound_with_inhaler,0.6469983304798435,1.0897073101933898,124,77
702,36,False,False,True,one_hot,0.49793869926788104,0.49793869926788076,124,78
702,36,False,False,True,lower_bound,0.6469983304798435,1.1827532953763107,124,79
702,36,False,False,True,midpoint,0.6469983304798435,1.1371298197183235,124,80
702,36,False,False,True,midpoint_with_inhaler,0.6469983304798435,1.1371298197183235,124,81
702,36,False,False,True,upper_bound,0.6469983304798435,1.0897073101933898,124,82
702,36,False,False,True,upper_bound_with_inhaler,0.6469983304798435,1.0897073101933898,124,83
702,36,True,False,False,one_hot,0.43898582450581713,0.43898582450581713,124,84
702,36,True,False,False,lower_bound,0.5022845292678816,0.7662727470553639,124,85
702,36,True,False,False,midpoint,0.5022845292678816,0.7173400465877824,124,86
702,36,True,False,False,midpoint_with_inhaler,0.5022845292678816,0.7173400465877824,124,87
702,36,True,False,False,upper_bound,0.5022845292678816,0.6778931357389469,124,88
702,36,True,False,False,upper_bound_with_inhaler,0.5022845292678816,0.6778931357389469,124,89
702,36,True,False,True,one_hot,0.43898582450581713,0.43898582450581713,124,90
702,36,True,False,True,lower_bound,0.5022845292678816,0.7662727470553639,124,91
702,36,True,False,True,midpoint,0.5022845292678816,0.7173400465877824,124,92
702,36,True,False,True,midpoint_with_inhaler,0.5022845292678816,0.7173400465877824,124,93
702,36,True,False,True,upper_bound,0.5022845292678816,0.6778931357389469,124,94
702,36,True,False,True,upper_bound_with_inhaler,0.5022845292678816,0.6778931357389469,124,95
702,48,False,False,False,one_hot,0.3646362573986116,0.3646362573986116,124,96
702,48,False,False,False,lower_bound,0.5487768140619282,0.9802236429580616,124,97
702,48,False,False,False,midpoint,0.5487768140619282,0.9436487610169042,124,98
702,48,False,False,False,midpoint_with_inhaler,0.5487768140619282,0.9436487610169042,124,99
702,48,False,False,False,upper_bound,0.5487768140619282,0.9067944905626902,124,100
702,48,False,False,False,upper_bound_with_inhaler,0.5487768140619282,0.9067944905626902,124,101
702,48,False,False,True,one_hot,0.3646362573986116,0.3646362573986116,124,102
702,48,False,False,True,lower_bound,0.5487768140619282,0.9802236429580616,124,103
702,48,False,False,True,midpoint,0.5487768140619282,0.9436487610169042,124,104
702,48,False,False,True,midpoint_with_inhaler,0.5487768140619282,0.9436487610169042,124,105
702,48,False,False,True,upper_bound,0.5487768140619282,0.9067944905626902,124,106
702,48,False,False,True,upper_bound_with_inhaler,0.5487768140619282,0.9067944905626902,124,107
702,48,False,True,False,one_hot,0.13945662001808207,0.13945662001808207,124,108
702,48,False,True,False,lower_bound,0.2143500938846145,0.4782214774576701,124,109
702,48,False,True,False,midpoint,0.2143500938846145,0.44607735573452484,124,110
702,48,False,True,False,midpoint_with_inhaler,0.2143500938846145,0.44607735573452484,124,111
702,48,False,True,False,upper_bound,0.2143500938846145,0.41887551976888754,124,112
702,48,False,True,False,upper_bound_with_inhaler,0.2143500938846145,0.41887551976888754,124,113
702,48,False,True,True,one_hot,0.13945662001808207,0.13945662001808207,124,114
702,48,False,True,True,lower_bound,0.2143500938846145,0.4782214774576701,124,115
702,48,False,True,True,midpoint,0.2143500938846145,0.44607735573452484,124,116
702,48,False,True,True,midpoint_with_inhaler,0.2143500938846145,0.44607735573452484,124,117
702,48,False,True,True,upper_bound,0.2143500938846145,0.41887551976888754,124,118
702,48,False,True,True,upper_bound_with_inhaler,0.2143500938846145,0.41887551976888754,124,119
702,48,True,False,False,one_hot,0.3478785101428636,0.3478785101428635,124,120
702,48,True,False,False,lower_bound,0.39820863909664334,0.5592125927110001,124,121
702,48,True,False,False,midpoint,0.39820863909664334,0.5405602634394865,124,122
702,48,True,False,False,midpoint_with_inhaler,0.39820863909664334,0.5405602634394865,124,123
702,48,True,False,False,upper_bound,0.39820863909664334,0.5225047306768147,124,124
702,48,True,False,False,upper_bound_with_inhaler,0.39820863909664334,0.5225047306768147,124,125
702,48,True,False,True,one_hot,0.3478785101428636,0.3478785101428635,124,126
702,48,True,False,True,lower_bound,0.39820863909664334,0.5592125927110001,124,127
702,48,True,False,True,midpoint,0.39820863909664334,0.5405602634394865,124,128
702,48,True,False,True,midpoint_with_inhaler,0.39820863909664334,0.5405602634394865,124,129
702,48,True,False,True,upper_bound,0.39820863909664334,0.5225047306768147,124,130
702,48,True,False,True,upper_bound_with_inhaler,0.39820863909664334,0.5225047306768147,124,131
917,12,False,False,False,one_hot,0.3274501502372585,0.32745015023725854,9,0
917,12,False,False,False,lower_bound,0.8685699774594375,1.2717888221464269,9,1
917,12,False,False,False,midpoint,0.8685699774594375,1.2622951299831697,9,2
917,12,False,False,False,midpoint_with_inhaler,0.8685699774594375,1.2622951299831697,9,3
917,12,False,False,False,upper_bound,0.8685699774594375,1.2216592544207694,9,4
917,12,False,False,False,upper_bound_with_inhaler,0.8685699774594375,1.2216592544207694,9,5
917,12,False,False,True,one_hot,0.3274501502372585,0.32745015023725854,9,6
917,12,False,False,True,lower_bound,0.8685699774594375,1.2717888221464269,9,7
917,12,False,False,True,midpoint,0.8685699774594375,1.2622951299831697,9,8
917,12,False,False,True,midpoint_with_inhaler,0.8685699774594375,1.2622951299831697,9,9
917,12,False,False,True,upper_bound,0.8685699774594375,1.2216592544207694,9,10
917,12,False,False,True,upper_bound_with_inhaler,0.8685699774594375,1.2216592544207694,9,11
917,12,False,True,False,one_hot,,,9,12
917,12,False,True,False,lower_bound,0.807581527321419,0.8573950133068088,9,13
917,12,False,True,False,midpoint,0.807581527321419,0.8515301877222653,9,14
917,12,False,True,False,midpoint_with_inhaler,0.807581527321419,0.8515301877222653,9,15
917,12,False,True,False,upper_bound,0.807581527321419,0.8249814744299925,9,16
917,12,False,True,False,upper_bound_with_inhaler,0.807581527321419,0.8249814744299925,9,17
917,12,False,True,True,one_hot,,,9,18
917,12,False,True,True,lower_bound,0.807581527321419,0.8573950133068088,9,19
917,12,False,True,True,midpoint,0.807581527321419,0.8515301877222653,9,20
917,12,False,True,True,midpoint_with_inhaler,0.807581527321419,0.8515301877222653,9,21
917,12,False,True,True,upper_bound,0.807581527321419,0.8249814744299925,9,22
917,12,False,True,True,upper_bound_with_inhaler,0.807581527321419,0.8249814744299925,9,23
917,12,True,False,False,one_hot,,,9,24
917,12,True,False,False,lower_bound,1.1138452163502364,1.4280583307605077,9,25
917,12,True,False,False,midpoint,1.1138452163502364,1.4488960338486638,9,26
917,12,True,False,False,midpoint_with_inhaler,1.1138452163502364,1.4488960338486638,9,27
917,12,True,False,False,upper_bound,1.1138452163502364,1.392811524359453,9,28
917,12,True,False,False,upper_bound_with_inhaler,1.1138452163502364,1.392811524359453,9,29
917,12,True,False,True,one_hot,,,9,30
917,12,True,False,True,lower_bound,1.1138452163502364,1.4280583307605077,9,31
917,12,True,False,True,midpoint,1.1138452163502364,1.4488960338486638,9,32
917,12,True,False,True,midpoint_with_inhaler,1.1138452163502364,1.4488960338486638,9,33
917,12,True,False,True,upper_bound,1.1138452163502364,1.392811524359453,9,34
917,12,True,False,True,upper_bound_with_inhaler,1.1138452163502364,1.392811524359453,9,35
917,24,False,False,False,one_hot,,,9,36
917,24,False,False,False,lower_bound,0.6180504884326661,0.7035604231035818,9,37
917,24,False,False,False,midpoint,0.6180504884326661,0.7298126309912129,9,38
917,24,False,False,False,midpoint_with_inhaler,0.6180504884326661,0.7298126309912129,9,39
917,24,False,False,False,upper_bound,0.6180504884326661,0.7268943752396454,9,40
917,24,False,False,False,upper_bound_with_inhaler,0.6180504884326661,0.7268943752396454,9,41
917,24,False,False,True,one_hot,,,9,42
917,24,False,False,True,lower_bound,0.6180504884326661,0.7035604231035818,9,43
917,24,False,False,True,midpoint,0.6180504884326661,0.7298126309912129,9,44
917,24,False,False,True,midpoint_with_inhaler,0.6180504884326661,0.7298126309912129,9,45
917,24,False,False,True,upper_bound,0.6180504884326661,0.7268943752396454,9,46
917,24,False,False,True,upper_bound_with_inhaler,0.6180504884326661,0.7268943752396454,9,47
917,24,False,True,False,one_hot,-0.32745015023725854,-0.32745015023725854,9,48
917,24,False,True,False,lower_bound,-0.19777473029693626,0.10308687162431406,9,49
917,24,False,True,False,midpoint,-0.19777473029693626,0.16084444459493255,9,50
917,24,False,True,False,midpoint_with_inhaler,-0.19777473029693626,0.16084444459493255,9,51
917,24,False,True,False,upper_bound,-0.19777473029693626,0.19534452788361928,9,52
917,24,False,True,False,upper_bound_with_inhaler,-0.19777473029693626,0.19534452788361928,9,53
917,24,False,True,True,one_hot,-0.32745015023725854,-0.32745015023725854,9,54
917,24,False,True,True,lower_bound,-0.19777473029693626,0.10308687162431406,9,55
917,24,False,True,True,midpoint,-0.19777473029693626,0.16084444459493255,9,56
917,24,False,True,True,midpoint_with_inhaler,-0.19777473029693626,0.16084444459493255,9,57
917,24,False,True,True,upper_bound,-0.19777473029693626,0.19534452788361928,9,58
917,24,False,True,True,upper_bound_with_inhaler,-0.19777473029693626,0.19534452788361928,9,59
917,24,True,False,False,one_hot,,,9,60
917,24,True,False,False,lower_bound,0.6180504884326661,0.7035604231035818,9,61
917,24,True,False,False,midpoint,0.6180504884326661,0.7298126309912129,9,62
917,24,True,False,False,midpoint_with_inhaler,0.6180504884326661,0.7298126309912129,9,63
917,24,True,False,False,upper_bound,0.6180504884326661,0.7268943752396454,9,64
917,24,True,False,False,upper_bound_with_inhaler,0.6180504884326661,0.7268943752396454,9,65
917,24,True,False,True,one_hot,,,9,66
917,24,True,False,True,lower_bound,0.6180504884326661,0.7035604231035818,9,67
917,24,True,False,True,midpoint,0.6180504884326661,0.7298126309912129,9,68
917,24,True,False,True,midpoint_with_inhaler,0.6180504884326661,0.7298126309912129,9,69
917,24,True,False,True,upper_bound,0.6180504884326661,0.7268943752396454,9,70
917,24,True,False,True,upper_bound_with_inhaler,0.6180504884326661,0.7268943752396454,9,71
917,36,False,False,False,one_hot,,,9,72
917,36,False,False,False,lower_bound,0.10317275439268318,0.5128970465231268,9,73
917,36,False,False,False,midpoint,0.10317275439268318,0.38663197616910816,9,74
917,36,False,False,False,midpoint_with_inhaler,0.10317275439268318,0.38663197616910816,9,75
917,36,False,False,False,upper_bound,0.10317275439268318,0.2966231932774774,9,76
917,36,False,False,False,upper_bound_with_inhaler,0.10317275439268318,0.2966231932774774,9,77
917,36,False,False,True,one_hot,,,9,78
917,36,False,False,True,lower_bound,0.10317275439268318,0.5128970465231268,9,79
917,36,False,False,True,midpoint,0.10317275439268318,0.38663197616910816,9,80
917,36,False,False,True,midpoint_with_inhaler,0.10317275439268318,0.38663197616910816,9,81
917,36,False,False,True,upper_bound,0.10317275439268318,0.2966231932774774,9,82
917,36,False,False,True,upper_bound_with_inhaler,0.10317275439268318,0.2966231932774774,9,83
917,36,True,False,False,one_hot,0.4180480042601458,0.4180480042601458,9,84
917,36,True,False,False,lower_bound,0.36198362676400386,0.4325103130508752,9,85
917,36,True,False,False,midpoint,0.36198362676400386,0.42486872939813625,9,86
917,36,True,False,False,midpoint_with_inhaler,0.36198362676400386,0.42486872939813625,9,87
917,36,True,False,False,upper_bound,0.36198362676400386,0.4180480042601457,9,88
917,36,True,False,False,upper_bound_with_inhaler,0.36198362676400386,0.4180480042601457,9,89
917,36,True,False,True,one_hot,0.4180480042601458,0.4180480042601458,9,90
917,36,True,False,True,lower_bound,0.36198362676400386,0.4325103130508752,9,91
917,36,True,False,True,midpoint,0.36198362676400386,0.42486872939813625,9,92
917,36,True,False,True,midpoint_with_inhaler,0.36198362676400386,0.42486872939813625,9,93
917,36,True,False,True,upper_bound,0.36198362676400386,0.4180480042601457,9,94
917,36,True,False,True,upper_bound_with_inhaler,0.36198362676400386,0.4180480042601457,9,95
917,48,False,False,False,one_hot,,,9,96
917,48,False,False,False,lower_bound,0.2716312811141871,0.5676308520541565,9,97
917,48,False,False,False,midpoint,0.2716312811141871,0.45204697741459476,9,98
917,48,False,False,False,midpoint_with_inhaler,0.2716312811141871,0.5043563015102625,9,99
917,48,False,False,False,upper_bound,0.2085899501939058,0.346960915122395,9,100
917,48,False,False,False,upper_bound_with_inhaler,0.2716312811141871,0.4011387771144284,9,101
917,48,False,False,True,one_hot,,,9,102
917,48,False,False,True,lower_bound,0.2716312811141871,0.5676308520541565,9,103
917,48,False,False,True,midpoint,0.2716312811141871,0.45204697741459476,9,104
917,48,False,False,True,midpoint_with_inhaler,0.2716312811141871,0.5043563015102625,9,105
917,48,False,False,True,upper_bound,0.2085899501939058,0.346960915122395,9,106
917,48,False,False,True,upper_bound_with_inhaler,0.2716312811141871,0.4011387771144284,9,107
917,48,False,True,False,one_hot,,,9,108
917,48,False,True,False,lower_bound,0.4043418968387789,0.27776807920191626,9,109
917,48,False,True,False,midpoint,0.4043418968387789,0.17288741778140188,9,110
917,48,False,True,False,midpoint_with_inhaler,0.4043418968387789,0.17288741778140188,9,111
917,48,False,True,False,upper_bound,0.4043418968387789,0.09519357912288993,9,112
917,48,False,True,False,upper_bound_with_inhaler,0.4043418968387789,0.09519357912288993,9,113
917,48,False,True,True,one_hot,,,9,114
917,48,False,True,True,lower_bound,0.4043418968387789,0.27776807920191626,9,115
917,48,False,True,True,midpoint,0.4043418968387789,0.17288741778140188,9,116
917,48,False,True,True,midpoint_with_inhaler,0.4043418968387789,0.17288741778140188,9,117
917,48,False,True,True,upper_bound,0.4043418968387789,0.09519357912288993,9,118
917,48,False,True,True,upper_bound_with_inhaler,0.4043418968387789,0.09519357912288993,9,119
917,48,True,False,False,one_hot,,,9,120
917,48,True,False,False,lower_bound,0.46750150883587294,0.7479595278380026,9,121
917,48,True,False,False,midpoint,0.46750150883587294,0.7939050421912031,9,122
917,48,True,False,False,midpoint_with_inhaler,0.46750150883587294,0.7939050421912031,9,123
917,48,True,False,False,upper_bound,0.46750150883587294,0.8143519233488112,9,124
917,48,True,False,False,upper_bound_with_inhaler,0.46750150883587294,0.8143519233488112,9,125
917,48,True,False,True,one_hot,,,9,126
917,48,True,False,True,lower_bound,0.46750150883587294,0.7479595278380026,9,127
917,48,True,False,True,midpoint,0.46750150883587294,0.7939050421912031,9,128
917,48,True,False,True,midpoint_with_inhaler,0.46750150883587294,0.7939050421912031,9,129
917,48,True,False,True,upper_bound,0.46750150883587294,0.8143519233488112,9,130
917,48,True,False,True,upper_bound_with_inhaler,0.46750150883587294,0.8143519233488112,9,131
939,12,False,False,False,one_hot,-0.02554337746084084,-0.025543377460840837,158,0
939,12,False,False,False,lower_bound,0.2614115160127997,0.2693213110289524,158,1
939,12,False,False,False,midpoint,0.2614115160127997,0.233362825697724,158,2
939,12,False,False,False,midpoint_with_inhaler,0.2614115160127997,0.233362825697724,158,3
939,12,False,False,False,upper_bound,0.2614115160127997,0.200951627920972,158,4
939,12,False,False,False,upper_bound_with_inhaler,0.2614115160127997,0.200951627920972,158,5
939,12,False,False,True,one_hot,-0.02554337746084084,-0.025543377460840837,158,6
939,12,False,False,True,lower_bound,0.2614115160127997,0.2693213110289524,158,7
939,12,False,False,True,midpoint,0.2614115160127997,0.233362825697724,158,8
939,12,False,False,True,midpoint_with_inhaler,0.2614115160127997,0.233362825697724,158,9
939,12,False,False,True,upper_bound,0.2614115160127997,0.200951627920972,158,10
939,12,False,False,True,upper_bound_with_inhaler,0.2614115160127997,0.200951627920972,158,11
939,12,False,True,False,one_hot,,,158,12
939,12,False,True,False,lower_bound,0.30820995928697087,0.4188759221140131,158,13
939,12,False,True,False,midpoint,0.30820995928697087,0.3933982891424983,158,14
939,12,False,True,False,midpoint_with_inhaler,0.30820995928697087,0.3933982891424983,158,15
939,12,False,True,False,upper_bound,0.30820995928697087,0.36414103878044457,158,16
939,12,False,True,False,upper_bound_with_inhaler,0.30820995928697087,0.36414103878044457,158,17
939,12,False,True,True,one_hot,,,158,18
939,12,False,True,True,lower_bound,0.30820995928697087,0.4188759221140131,158,19
939,12,False,True,True,midpoint,0.30820995928697087,0.3933982891424983,158,20
939,12,False,True,True,midpoint_with_inhaler,0.30820995928697087,0.3933982891424983,158,21
939,12,False,True,True,upper_bound,0.30820995928697087,0.36414103878044457,158,22
939,12,False,True,True,upper_bound_with_inhaler,0.30820995928697087,0.36414103878044457,158,23
939,12,True,False,False,one_hot,,,158,24
939,12,True,False,False,lower_bound,0.2918176393302506,0.4001861916832476,158,25
939,12,True,False,False,midpoint,0.2918176393302506,0.3618829823657248,158,26
939,12,True,False,False,midpoint_with_inhaler,0.2918176393302506,0.3618829823657248,158,27
939,12,True,False,False,upper_bound,0.2918176393302506,0.3256899468485335,158,28
939,12,True,False,False,upper_bound_with_inhaler,0.2918176393302506,0.3256899468485335,158,29
939,12,True,False,True,one_hot,,,158,30
939,12,True,False,True,lower_bound,0.2918176393302506,0.4001861916832476,158,31
939,12,True,False,True,midpoint,0.2918176393302506,0.3618829823657248,158,32
939,12,True,False,True,midpoint_with_inhaler,0.2918176393302506,0.3618829823657248,158,33
939,12,True,False,True,upper_bound,0.2918176393302506,0.3256899468485335,158,34
939,12,True,False,True,upper_bound_with_inhaler,0.2918176393302506,0.3256899468485335,158,35
939,24,False,False,False,one_hot,0.09328043244581061,0.09328043244581061,158,36
939,24,False,False,False,lower_bound,0.44731623640106843,0.5060176868357327,158,37
939,24,False,False,False,midpoint,0.44731623640106843,0.4937717628483879,158,38
939,24,False,False,False,midpoint_with_inhaler,0.44731623640106843,0.4937717628483879,158,39
939,24,False,False,False,upper_bound,0.44731623640106843,0.4776205841769347,158,40
939,24,False,False,False,upper_bound_with_inhaler,0.44731623640106843,0.4776205841769347,158,41
939,24,False,False,True,one_hot,0.09328043244581061,0.09328043244581061,158,42
939,24,False,False,True,lower_bound,0.44731623640106843,0.5060176868357327,158,43
939,24,False,False,True,midpoint,0.44731623640106843,0.4937717628483879,158,44
939,24,False,False,True,midpoint_with_inhaler,0.44731623640106843,0.4937717628483879,158,45
939,24,False,False,True,upper_bound,0.44731623640106843,0.4776205841769347,158,46
939,24,False,False,True,upper_bound_with_inhaler,0.44731623640106843,0.4776205841769347,158,47
939,24,False,True,False,one_hot,,,158,48
939,24,False,True,False,lower_bound,0.43459700725247136,0.5153482384080148,158,49
939,24,False,True,False,midpoint,0.43459700725247136,0.5310632809429037,158,50
939,24,False,True,False,midpoint_with_inhaler,0.43459700725247136,0.5310632809429037,158,51
939,24,False,True,False,upper_bound,0.43459700725247136,0.5289564427246847,158,52
939,24,False,True,False,upper_bound_with_inhaler,0.43459700725247136,0.5289564427246847,158,53
939,24,False,True,True,one_hot,,,158,54
939,24,False,True,True,lower_bound,0.43459700725247136,0.5153482384080148,158,55
939,24,False,True,True,midpoint,0.43459700725247136,0.5310632809429037,158,56
939,24,False,True,True,midpoint_with_inhaler,0.43459700725247136,0.5310632809429037,158,57
939,24,False,True,True,upper_bound,0.43459700725247136,0.5289564427246847,158,58
939,24,False,True,True,upper_bound_with_inhaler,0.43459700725247136,0.5289564427246847,158,59
939,24,True,False,False,one_hot,0.09328043244581061,0.09328043244581061,158,60
939,24,True,False,False,lower_bound,0.44731623640106843,0.5060176868357327,158,61
939,24,True,False,False,midpoint,0.44731623640106843,0.4937717628483879,158,62
939,24,True,False,False,midpoint_with_inhaler,0.44731623640106843,0.4937717628483879,158,63
939,24,True,False,False,upper_bound,0.44731623640106843,0.4776205841769347,158,64
939,24,True,False,False,upper_bound_with_inhaler,0.44731623640106843,0.4776205841769347,158,65
939,24,True,False,True,one_hot,0.09328043244581061,0.09328043244581061,158,66
939,24,True,False,True,lower_bound,0.44731623640106843,0.5060176868357327,158,67
939,24,True,False,True,midpoint,0.44731623640106843,0.4937717628483879,158,68
939,24,True,False,True,midpoint_with_inhaler,0.44731623640106843,0.4937717628483879,158,69
939,24,True,False,True,upper_bound,0.44731623640106843,0.4776205841769347,158,70
939,24,True,False,True,upper_bound_with_inhaler,0.44731623640106843,0.4776205841769347,158,71
939,36,False,False,False,one_hot,-0.06858784354261895,-0.06858784354261897,158,72
939,36,False,False,False,lower_bound,0.37965544678425467,0.4865281538861036,158,73
939,36,False,False,False,midpoint,0.37965544678425467,0.4377453742721781,158,74
939,36,False,False,False,midpoint_with_inhaler,0.37965544678425467,0.4377453742721781,158,75
939,36,False,False,False,upper_bound,0.37965544678425467,0.4001199441776305,158,76
939,36,False,False,False,upper_bound_with_inhaler,0.37965544678425467,0.4001199441776305,158,77
939,36,False,False,True,one_hot,-0.06858784354261895,-0.06858784354261897,158,78
939,36,False,False,True,lower_bound,0.37965544678425467,0.4865281538861036,158,79
939,36,False,False,True,midpoint,0.37965544678425467,0.4377453742721781,158,80
939,36,False,False,True,midpoint_with_inhaler,0.37965544678425467,0.4377453742721781,158,81
939,36,False,False,True,upper_bound,0.37965544678425467,0.4001199441776305,158,82
939,36,False,False,True,upper_bound_with_inhaler,0.37965544678425467,0.4001199441776305,158,83
939,36,True,False,False,one_hot,,,158,84
939,36,True,False,False,lower_bound,0.5116248435744309,0.6347583232071132,158,85
939,36,True,False,False,midpoint,0.5116248435744309,0.662298580701914,158,86
939,36,True,False,False,midpoint_with_inhaler,0.5116248435744309,0.662298580701914,158,87
939,36,True,False,False,upper_bound,0.5116248435744309,0.6643036367865102,158,88
939,36,True,False,False,upper_bound_with_inhaler,0.5116248435744309,0.6643036367865102,158,89
939,36,True,False,True,one_hot,,,158,90
939,36,True,False,True,lower_bound,0.5116248435744309,0.6347583232071132,158,91
939,36,True,False,True,midpoint,0.5116248435744309,0.662298580701914,158,92
939,36,True,False,True,midpoint_with_inhaler,0.5116248435744309,0.662298580701914,158,93
939,36,True,False,True,upper_bound,0.5116248435744309,0.6643036367865102,158,94
939,36,True,False,True,upper_bound_with_inhaler,0.5116248435744309,0.6643036367865102,158,95
939,48,False,False,False,one_hot,,,158,96
939,48,False,False,False,lower_bound,0.4051629650640719,0.524527076184236,158,97
939,48,False,False,False,midpoint,0.4051629650640719,0.4428060422150537,158,98
939,48,False,False,False,midpoint_with_inhaler,0.4051629650640719,0.4625538809108332,158,99
939,48,False,False,False,upper_bound,0.3793508508501612,0.376485783744812,158,100
939,48,False,False,False,upper_bound_with_inhaler,0.4051629650640719,0.4392144575116327,158,101
939,48,False,False,True,one_hot,,,158,102
939,48,False,False,True,lower_bound,0.4051629650640719,0.524527076184236,158,103
939,48,False,False,True,midpoint,0.4051629650640719,0.4428060422150537,158,104
939,48,False,False,True,midpoint_with_inhaler,0.4051629650640719,0.4625538809108332,158,105
939,48,False,False,True,upper_bound,0.3793508508501612,0.376485783744812,158,106
939,48,False,False,True,upper_bound_with_inhaler,0.4051629650640719,0.4392144575116327,158,107
939,48,False,True,False,one_hot,,,158,108
939,48,False,True,False,lower_bound,0.28947959030196174,0.3871128791277645,158,109
939,48,False,True,False,midpoint,0.28947959030196174,0.3648117358082155,158,110
939,48,False,True,False,midpoint_with_inhaler,0.28947959030196174,0.3648117358082155,158,111
939,48,False,True,False,upper_bound,0.28947959030196174,0.3396144408070523,158,112
939,48,False,True,False,upper_bound_with_inhaler,0.28947959030196174,0.3396144408070523,158,113
939,48,False,True,True,one_hot,,,158,114
939,48,False,True,True,lower_bound,0.28947959030196174,0.3871128791277645,158,115
939,48,False,True,True,midpoint,0.28947959030196174,0.3648117358082155,158,116
939,48,False,True,True,midpoint_with_inhaler,0.28947959030196174,0.3648117358082155,158,117
939,48,False,True,True,upper_bound,0.28947959030196174,0.3396144408070523,158,118
939,48,False,True,True,upper_bound_with_inhaler,0.28947959030196174,0.3396144408070523,158,119
939,48,True,False,False,one_hot,0.09328043244581061,0.09328043244581062,158,120
939,48,True,False,False,lower_bound,0.1829716308878086,0.26512091293002193,158,121
939,48,True,False,False,midpoint,0.1829716308878086,0.23062107835731807,158,122
939,48,True,False,False,midpoint_with_inhaler,0.1829716308878086,0.23062107835731807,158,123
939,48,True,False,False,upper_bound,0.1829716308878086,0.2021636130208669,158,124
939,48,True,False,False,upper_bound_with_inhaler,0.1829716308878086,0.2021636130208669,158,125
939,48,True,False,True,one_hot,0.09328043244581061,0.09328043244581062,158,126
939,48,True,False,True,lower_bound,0.1829716308878086,0.26512091293002193,158,127
939,48,True,False,True,midpoint,0.1829716308878086,0.23062107835731807,158,128
939,48,True,False,True,midpoint_with_inhaler,0.1829716308878086,0.23062107835731807,158,129
939,48,True,False,True,upper_bound,0.1829716308878086,0.2021636130208669,158,130
939,48,True,False,True,upper_bound_with_inhaler,0.1829716308878086,0.2021636130208669,158,131
