user_key,timestamp_window,use_daily_max_windows,use_calendar_days,filter_out_zero_usage_entries,categorization_method,spearman_z,pearson_z,sample_size,config_idx
113,12,False,False,False,one_hot,0.21251460359132865,0.2125146035913287,158,0
113,12,False,False,False,lower_bound,0.3752888948845853,0.45814312289678805,158,1
113,12,False,False,False,midpoint,0.3752888948845853,0.4559402080578368,158,2
113,12,False,False,False,midpoint_with_inhaler,0.3752888948845853,0.4559402080578368,158,3
113,12,False,False,False,upper_bound,0.3752888948845853,0.4468293637951877,158,4
113,12,False,False,False,upper_bound_with_inhaler,0.3752888948845853,0.4468293637951877,158,5
113,12,False,False,True,one_hot,0.21251460359132865,0.2125146035913287,158,6
113,12,False,False,True,lower_bound,0.3752888948845853,0.45814312289678805,158,7
113,12,False,False,True,midpoint,0.3752888948845853,0.4559402080578368,158,8
113,12,False,False,True,midpoint_with_inhaler,0.3752888948845853,0.4559402080578368,158,9
113,12,False,False,True,upper_bound,0.3752888948845853,0.4468293637951877,158,10
113,12,False,False,True,upper_bound_with_inhaler,0.3752888948845853,0.4468293637951877,158,11
113,12,False,True,False,one_hot,0.11834493609154723,0.11834493609154716,158,12
113,12,False,True,False,lower_bound,0.28422323708428354,0.3384259304751906,158,13
113,12,False,True,False,midpoint,0.28422323708428354,0.33556713848963843,158,14
113,12,False,True,False,midpoint_with_inhaler,0.28422323708428354,0.33556713848963843,158,15
113,12,False,True,False,upper_bound,0.28422323708428354,0.3274192065938958,158,16
113,12,False,True,False,upper_bound_with_inhaler,0.28422323708428354,0.3274192065938958,158,17
113,12,False,True,True,one_hot,0.11834493609154723,0.11834493609154716,158,18
113,12,False,True,True,lower_bound,0.28422323708428354,0.3384259304751906,158,19
113,12,False,True,True,midpoint,0.28422323708428354,0.33556713848963843,158,20
113,12,False,True,True,midpoint_with_inhaler,0.28422323708428354,0.33556713848963843,158,21
113,12,False,True,True,upper_bound,0.28422323708428354,0.3274192065938958,158,22
113,12,False,True,True,upper_bound_with_inhaler,0.28422323708428354,0.3274192065938958,158,23
113,12,True,False,False,one_hot,0.19404475679978128,0.19404475679978125,158,24
113,12,True,False,False,lower_bound,0.2905778309115144,0.33389246536714007,158,25
113,12,True,False,False,midpoint,0.2905778309115144,0.3325243827962525,158,26
113,12,True,False,False,midpoint_with_inhaler,0.2905778309115144,0.3325243827962525,158,27
113,12,True,False,False,upper_bound,0.2905778309115144,0.3280050120550819,158,28
113,12,True,False,False,upper_bound_with_inhaler,0.2905778309115144,0.3280050120550819,158,29
113,12,True,False,True,one_hot,0.19404475679978128,0.19404475679978125,158,30
113,12,True,False,True,lower_bound,0.2905778309115144,0.33389246536714007,158,31
113,12,True,False,True,midpoint,0.2905778309115144,0.3325243827962525,158,32
113,12,True,False,True,midpoint_with_inhaler,0.2905778309115144,0.3325243827962525,158,33
113,12,True,False,True,upper_bound,0.2905778309115144,0.3280050120550819,158,34
113,12,True,False,True,upper_bound_with_inhaler,0.2905778309115144,0.3280050120550819,158,35
113,24,False,False,False,one_hot,0.18963892595078824,0.1896389259507882,158,36
113,24,False,False,False,lower_bound,0.3867270149840705,0.41606394540465247,158,37
113,24,False,False,False,midpoint,0.3867270149840705,0.4212173219887612,158,38
113,24,False,False,False,midpoint_with_inhaler,0.3867270149840705,0.4212173219887612,158,39
113,24,False,False,False,upper_bound,0.3867270149840705,0.41660842501532175,158,40
113,24,False,False,False,upper_bound_with_inhaler,0.3867270149840705,0.41660842501532175,158,41
113,24,False,False,True,one_hot,0.18963892595078824,0.1896389259507882,158,42
113,24,False,False,True,lower_bound,0.3867270149840705,0.41606394540465247,158,43
113,24,False,False,True,midpoint,0.3867270149840705,0.4212173219887612,158,44
113,24,False,False,True,midpoint_with_inhaler,0.3867270149840705,0.4212173219887612,158,45
113,24,False,False,True,upper_bound,0.3867270149840705,0.41660842501532175,158,46
113,24,False,False,True,upper_bound_with_inhaler,0.3867270149840705,0.41660842501532175,158,47
113,24,False,True,False,one_hot,0.09918143819986501,0.099181438199865,158,48
113,24,False,True,False,lower_bound,0.277890239980859,0.35067200495863166,158,49
113,24,False,True,False,midpoint,0.277890239980859,0.3451294926612508,158,50
113,24,False,True,False,midpoint_with_inhaler,0.277890239980859,0.3451294926612508,158,51
113,24,False,True,False,upper_bound,0.277890239980859,0.336537421133983,158,52
113,24,False,True,False,upper_bound_with_inhaler,0.277890239980859,0.336537421133983,158,53
113,24,False,True,True,one_hot,0.09918143819986501,0.099181438199865,158,54
113,24,False,True,True,lower_bound,0.277890239980859,0.35067200495863166,158,55
113,24,False,True,True,midpoint,0.277890239980859,0.3451294926612508,158,56
113,24,False,True,True,midpoint_with_inhaler,0.277890239980859,0.3451294926612508,158,57
113,24,False,True,True,upper_bound,0.277890239980859,0.336537421133983,158,58
113,24,False,True,True,upper_bound_with_inhaler,0.277890239980859,0.336537421133983,158,59
113,24,True,False,False,one_hot,0.20407883233718369,0.20407883233718366,158,60
113,24,True,False,False,lower_bound,0.40736134955108305,0.44039648710623436,158,61
113,24,True,False,False,midpoint,0.40736134955108305,0.4390366893873829,158,62
113,24,True,False,False,midpoint_with_inhaler,0.40736134955108305,0.4390366893873829,158,63
113,24,True,False,False,upper_bound,0.40736134955108305,0.4307102793529132,158,64
113,24,True,False,False,upper_bound_with_inhaler,0.40736134955108305,0.4307102793529132,158,65
113,24,True,False,True,one_hot,0.20407883233718369,0.20407883233718366,158,66
113,24,True,False,True,lower_bound,0.40736134955108305,0.44039648710623436,158,67
113,24,True,False,True,midpoint,0.40736134955108305,0.4390366893873829,158,68
113,24,True,False,True,midpoint_with_inhaler,0.40736134955108305,0.4390366893873829,158,69
113,24,True,False,True,upper_bound,0.40736134955108305,0.4307102793529132,158,70
113,24,True,False,True,upper_bound_with_inhaler,0.40736134955108305,0.4307102793529132,158,71
113,36,False,False,False,one_hot,0.13606729097977957,0.13606729097977951,158,72
113,36,False,False,False,lower_bound,0.33676101688944315,0.40744023546957714,158,73
113,36,False,False,False,midpoint,0.33676101688944315,0.425750578928581,158,74
113,36,False,False,False,midpoint_with_inhaler,0.33676101688944315,0.4226052819709044,158,75
113,36,False,False,False,upper_bound,0.3367614056385694,0.43099257103675503,158,76
113,36,False,False,False,upper_bound_with_inhaler,0.33676101688944315,0.42975936688656086,158,77
113,36,False,False,True,one_hot,0.13606729097977957,0.13606729097977951,158,78
113,36,False,False,True,lower_bound,0.33676101688944315,0.40744023546957714,158,79
113,36,False,False,True,midpoint,0.33676101688944315,0.425750578928581,158,80
113,36,False,False,True,midpoint_with_inhaler,0.33676101688944315,0.4226052819709044,158,81
113,36,False,False,True,upper_bound,0.3367614056385694,0.43099257103675503,158,82
113,36,False,False,True,upper_bound_with_inhaler,0.33676101688944315,0.42975936688656086,158,83
113,36,True,False,False,one_hot,0.16488250229221738,0.16488250229221735,158,84
113,36,True,False,False,lower_bound,0.2974258762365889,0.3247458993654755,158,85
113,36,True,False,False,midpoint,0.2974258762365889,0.32330976051151405,158,86
113,36,True,False,False,midpoint_with_inhaler,0.2974258762365889,0.32330976051151405,158,87
113,36,True,False,False,upper_bound,0.2974258762365889,0.31942660805188156,158,88
113,36,True,False,False,upper_bound_with_inhaler,0.2974258762365889,0.31942660805188156,158,89
113,36,True,False,True,one_hot,0.16488250229221738,0.16488250229221735,158,90
113,36,True,False,True,lower_bound,0.2974258762365889,0.3247458993654755,158,91
113,36,True,False,True,midpoint,0.2974258762365889,0.32330976051151405,158,92
113,36,True,False,True,midpoint_with_inhaler,0.2974258762365889,0.32330976051151405,158,93
113,36,True,False,True,upper_bound,0.2974258762365889,0.31942660805188156,158,94
113,36,True,False,True,upper_bound_with_inhaler,0.2974258762365889,0.31942660805188156,158,95
113,48,False,False,False,one_hot,0.27435594981411376,0.27435594981411376,158,96
113,48,False,False,False,lower_bound,0.3778448006985356,0.3855708358401976,158,97
113,48,False,False,False,midpoint,0.3778448006985356,0.3979928459676443,158,98
113,48,False,False,False,midpoint_with_inhaler,0.3778448006985356,0.39521258577551704,158,99
113,48,False,False,False,upper_bound,0.3778460208748034,0.40040545404237343,158,100
113,48,False,False,False,upper_bound_with_inhaler,0.3778448006985356,0.4003889076124786,158,101
113,48,False,False,True,one_hot,0.27435594981411376,0.27435594981411376,158,102
113,48,False,False,True,lower_bound,0.3778448006985356,0.3855708358401976,158,103
113,48,False,False,True,midpoint,0.3778448006985356,0.3979928459676443,158,104
113,48,False,False,True,midpoint_with_inhaler,0.3778448006985356,0.39521258577551704,158,105
113,48,False,False,True,upper_bound,0.3778460208748034,0.40040545404237343,158,106
113,48,False,False,True,upper_bound_with_inhaler,0.3778448006985356,0.4003889076124786,158,107
113,48,False,True,False,one_hot,0.0978105500924278,0.09781055009242785,158,108
113,48,False,True,False,lower_bound,0.08450414739685291,0.030825926513526537,158,109
113,48,False,True,False,midpoint,0.08450414739685291,0.03979547221584168,158,110
113,48,False,True,False,midpoint_with_inhaler,0.08450414739685291,0.03979547221584168,158,111
113,48,False,True,False,upper_bound,0.08450414739685291,0.04589353333099549,158,112
113,48,False,True,False,upper_bound_with_inhaler,0.08450414739685291,0.04589353333099549,158,113
113,48,False,True,True,one_hot,0.0978105500924278,0.09781055009242785,158,114
113,48,False,True,True,lower_bound,0.08450414739685291,0.030825926513526537,158,115
113,48,False,True,True,midpoint,0.08450414739685291,0.03979547221584168,158,116
113,48,False,True,True,midpoint_with_inhaler,0.08450414739685291,0.03979547221584168,158,117
113,48,False,True,True,upper_bound,0.08450414739685291,0.04589353333099549,158,118
113,48,False,True,True,upper_bound_with_inhaler,0.08450414739685291,0.04589353333099549,158,119
113,48,True,False,False,one_hot,0.1455760256209846,0.14557602562098465,158,120
113,48,True,False,False,lower_bound,0.18063579795755053,0.17028131937858904,158,121
113,48,True,False,False,midpoint,0.18063579795755053,0.18537909598743427,158,122
113,48,True,False,False,midpoint_with_inhaler,0.18063579795755053,0.18537909598743427,158,123
113,48,True,False,False,upper_bound,0.18063579795755053,0.19488910213740535,158,124
113,48,True,False,False,upper_bound_with_inhaler,0.18063579795755053,0.19488910213740535,158,125
113,48,True,False,True,one_hot,0.1455760256209846,0.14557602562098465,158,126
113,48,True,False,True,lower_bound,0.18063579795755053,0.17028131937858904,158,127
113,48,True,False,True,midpoint,0.18063579795755053,0.18537909598743427,158,128
113,48,True,False,True,midpoint_with_inhaler,0.18063579795755053,0.18537909598743427,158,129
113,48,True,False,True,upper_bound,0.18063579795755053,0.19488910213740535,158,130
113,48,True,False,True,upper_bound_with_inhaler,0.18063579795755053,0.19488910213740535,158,131
190,12,False,False,False,one_hot,-0.027223275822367946,-0.027223275822367887,19,0
190,12,False,False,False,lower_bound,2.0816681711721685e-17,0.12232259118600064,19,1
190,12,False,False,False,midpoint,2.0816681711721685e-17,0.09200571542547958,19,2
190,12,False,False,False,midpoint_with_inhaler,2.0816681711721685e-17,0.09200571542547958,19,3
190,12,False,False,False,upper_bound,2.0816681711721685e-17,0.07112074351892099,19,4
190,12,False,False,False,upper_bound_with_inhaler,2.0816681711721685e-17,0.07112074351892099,19,5
190,12,False,False,True,one_hot,-0.027223275822367946,-0.027223275822367887,19,6
190,12,False,False,True,lower_bound,2.0816681711721685e-17,0.12232259118600064,19,7
190,12,False,False,True,midpoint,2.0816681711721685e-17,0.09200571542547958,19,8
190,12,False,False,True,midpoint_with_inhaler,2.0816681711721685e-17,0.09200571542547958,19,9
190,12,False,False,True,upper_bound,2.0816681711721685e-17,0.07112074351892099,19,10
190,12,False,False,True,upper_bound_with_inhaler,2.0816681711721685e-17,0.07112074351892099,19,11
190,12,False,True,False,one_hot,-0.06911640417333659,-0.0691164041733366,19,12
190,12,False,True,False,lower_bound,-0.06911640417333659,-0.0691164041733366,19,13
190,12,False,True,False,midpoint,-0.06911640417333659,-0.0691164041733366,19,14
190,12,False,True,False,midpoint_with_inhaler,-0.06911640417333659,-0.0691164041733366,19,15
190,12,False,True,False,upper_bound,-0.06911640417333659,-0.0691164041733366,19,16
190,12,False,True,False,upper_bound_with_inhaler,-0.06911640417333659,-0.0691164041733366,19,17
190,12,False,True,True,one_hot,-0.06911640417333659,-0.0691164041733366,19,18
190,12,False,True,True,lower_bound,-0.06911640417333659,-0.0691164041733366,19,19
190,12,False,True,True,midpoint,-0.06911640417333659,-0.0691164041733366,19,20
190,12,False,True,True,midpoint_with_inhaler,-0.06911640417333659,-0.0691164041733366,19,21
190,12,False,True,True,upper_bound,-0.06911640417333659,-0.0691164041733366,19,22
190,12,False,True,True,upper_bound_with_inhaler,-0.06911640417333659,-0.0691164041733366,19,23
190,12,True,False,False,one_hot,0.2688725760190977,0.26887257601909775,19,24
190,12,True,False,False,lower_bound,0.2688725760190977,0.26887257601909775,19,25
190,12,True,False,False,midpoint,0.2688725760190977,0.2688725760190976,19,26
190,12,True,False,False,midpoint_with_inhaler,0.2688725760190977,0.2688725760190976,19,27
190,12,True,False,False,upper_bound,0.2688725760190977,0.26887257601909775,19,28
190,12,True,False,False,upper_bound_with_inhaler,0.2688725760190977,0.26887257601909775,19,29
190,12,True,False,True,one_hot,0.2688725760190977,0.26887257601909775,19,30
190,12,True,False,True,lower_bound,0.2688725760190977,0.26887257601909775,19,31
190,12,True,False,True,midpoint,0.2688725760190977,0.2688725760190976,19,32
190,12,True,False,True,midpoint_with_inhaler,0.2688725760190977,0.2688725760190976,19,33
190,12,True,False,True,upper_bound,0.2688725760190977,0.26887257601909775,19,34
190,12,True,False,True,upper_bound_with_inhaler,0.2688725760190977,0.26887257601909775,19,35
190,24,False,False,False,one_hot,0.41246454071714395,0.41246454071714395,19,36
190,24,False,False,False,lower_bound,0.41246454071714395,0.41246454071714395,19,37
190,24,False,False,False,midpoint,0.41246454071714395,0.41246454071714395,19,38
190,24,False,False,False,midpoint_with_inhaler,0.41246454071714395,0.41246454071714395,19,39
190,24,False,False,False,upper_bound,0.41246454071714395,0.41246454071714395,19,40
190,24,False,False,False,upper_bound_with_inhaler,0.41246454071714395,0.41246454071714395,19,41
190,24,False,False,True,one_hot,0.41246454071714395,0.41246454071714395,19,42
190,24,False,False,True,lower_bound,0.41246454071714395,0.41246454071714395,19,43
190,24,False,False,True,midpoint,0.41246454071714395,0.41246454071714395,19,44
190,24,False,False,True,midpoint_with_inhaler,0.41246454071714395,0.41246454071714395,19,45
190,24,False,False,True,upper_bound,0.41246454071714395,0.41246454071714395,19,46
190,24,False,False,True,upper_bound_with_inhaler,0.41246454071714395,0.41246454071714395,19,47
190,24,False,True,False,one_hot,0.027223275822367887,0.027223275822367932,19,48
190,24,False,True,False,lower_bound,-0.07517213400367803,-0.1572459174903711,19,49
190,24,False,True,False,midpoint,-0.07517213400367803,-0.11845305509475179,19,50
190,24,False,True,False,midpoint_with_inhaler,-0.07517213400367803,-0.11845305509475179,19,51
190,24,False,True,False,upper_bound,-0.07517213400367803,-0.0911844618656702,19,52
190,24,False,True,False,upper_bound_with_inhaler,-0.07517213400367803,-0.0911844618656702,19,53
190,24,False,True,True,one_hot,0.027223275822367887,0.027223275822367932,19,54
190,24,False,True,True,lower_bound,-0.07517213400367803,-0.1572459174903711,19,55
190,24,False,True,True,midpoint,-0.07517213400367803,-0.11845305509475179,19,56
190,24,False,True,True,midpoint_with_inhaler,-0.07517213400367803,-0.11845305509475179,19,57
190,24,False,True,True,upper_bound,-0.07517213400367803,-0.0911844618656702,19,58
190,24,False,True,True,upper_bound_with_inhaler,-0.07517213400367803,-0.0911844618656702,19,59
190,24,True,False,False,one_hot,0.6591204489374373,0.6591204489374373,19,60
190,24,True,False,False,lower_bound,0.6591204489374373,0.6591204489374373,19,61
190,24,True,False,False,midpoint,0.6591204489374373,0.6591204489374373,19,62
190,24,True,False,False,midpoint_with_inhaler,0.6591204489374373,0.6591204489374373,19,63
190,24,True,False,False,upper_bound,0.6591204489374373,0.6591204489374373,19,64
190,24,True,False,False,upper_bound_with_inhaler,0.6591204489374373,0.6591204489374373,19,65
190,24,True,False,True,one_hot,0.6591204489374373,0.6591204489374373,19,66
190,24,True,False,True,lower_bound,0.6591204489374373,0.6591204489374373,19,67
190,24,True,False,True,midpoint,0.6591204489374373,0.6591204489374373,19,68
190,24,True,False,True,midpoint_with_inhaler,0.6591204489374373,0.6591204489374373,19,69
190,24,True,False,True,upper_bound,0.6591204489374373,0.6591204489374373,19,70
190,24,True,False,True,upper_bound_with_inhaler,0.6591204489374373,0.6591204489374373,19,71
190,36,False,False,False,one_hot,0.41246454071714395,0.41246454071714395,19,72
190,36,False,False,False,lower_bound,0.45424846537700075,0.4305788268577446,19,73
190,36,False,False,False,midpoint,0.45424846537700075,0.4501906517772231,19,74
190,36,False,False,False,midpoint_with_inhaler,0.45424846537700075,0.4501906517772231,19,75
190,36,False,False,False,upper_bound,0.45424846537700075,0.4548990720115827,19,76
190,36,False,False,False,upper_bound_with_inhaler,0.45424846537700075,0.4548990720115827,19,77
190,36,False,False,True,one_hot,0.41246454071714395,0.41246454071714395,19,78
190,36,False,False,True,lower_bound,0.45424846537700075,0.4305788268577446,19,79
190,36,False,False,True,midpoint,0.45424846537700075,0.4501906517772231,19,80
190,36,False,False,True,midpoint_with_inhaler,0.45424846537700075,0.4501906517772231,19,81
190,36,False,False,True,upper_bound,0.45424846537700075,0.4548990720115827,19,82
190,36,False,False,True,upper_bound_with_inhaler,0.45424846537700075,0.4548990720115827,19,83
190,36,True,False,False,one_hot,0.8458380053355355,0.8458380053355362,19,84
190,36,True,False,False,lower_bound,0.8458380053355355,0.8458380053355362,19,85
190,36,True,False,False,midpoint,0.8458380053355355,0.8458380053355355,19,86
190,36,True,False,False,midpoint_with_inhaler,0.8458380053355355,0.8458380053355355,19,87
190,36,True,False,False,upper_bound,0.8458380053355355,0.8458380053355362,19,88
190,36,True,False,False,upper_bound_with_inhaler,0.8458380053355355,0.8458380053355362,19,89
190,36,True,False,True,one_hot,0.8458380053355355,0.8458380053355362,19,90
190,36,True,False,True,lower_bound,0.8458380053355355,0.8458380053355362,19,91
190,36,True,False,True,midpoint,0.8458380053355355,0.8458380053355355,19,92
190,36,True,False,True,midpoint_with_inhaler,0.8458380053355355,0.8458380053355355,19,93
190,36,True,False,True,upper_bound,0.8458380053355355,0.8458380053355362,19,94
190,36,True,False,True,upper_bound_with_inhaler,0.8458380053355355,0.8458380053355362,19,95
190,48,False,False,False,one_hot,0.3786687136573606,0.3786687136573606,19,96
190,48,False,False,False,lower_bound,0.2806398741667598,0.07897097336350611,19,97
190,48,False,False,False,midpoint,0.2806398741667598,0.06493436898435097,19,98
190,48,False,False,False,midpoint_with_inhaler,0.2806398741667598,0.06493436898435097,19,99
190,48,False,False,False,upper_bound,0.2806398741667598,0.05471587542489431,19,100
190,48,False,False,False,upper_bound_with_inhaler,0.2806398741667598,0.05471587542489431,19,101
190,48,False,False,True,one_hot,0.3786687136573606,0.3786687136573606,19,102
190,48,False,False,True,lower_bound,0.2806398741667598,0.07897097336350611,19,103
190,48,False,False,True,midpoint,0.2806398741667598,0.06493436898435097,19,104
190,48,False,False,True,midpoint_with_inhaler,0.2806398741667598,0.06493436898435097,19,105
190,48,False,False,True,upper_bound,0.2806398741667598,0.05471587542489431,19,106
190,48,False,False,True,upper_bound_with_inhaler,0.2806398741667598,0.05471587542489431,19,107
190,48,False,True,False,one_hot,0.3861482943883967,0.38614829438839676,19,108
190,48,False,True,False,lower_bound,0.42116474466294995,0.41008360983588565,19,109
190,48,False,True,False,midpoint,0.42116474466294995,0.42325593330933664,19,110
190,48,False,True,False,midpoint_with_inhaler,0.42116474466294995,0.42325593330933664,19,111
190,48,False,True,False,upper_bound,0.42116474466294995,0.42515835403958624,19,112
190,48,False,True,False,upper_bound_with_inhaler,0.42116474466294995,0.42515835403958624,19,113
190,48,False,True,True,one_hot,0.3861482943883967,0.38614829438839676,19,114
190,48,False,True,True,lower_bound,0.42116474466294995,0.41008360983588565,19,115
190,48,False,True,True,midpoint,0.42116474466294995,0.42325593330933664,19,116
190,48,False,True,True,midpoint_with_inhaler,0.42116474466294995,0.42325593330933664,19,117
190,48,False,True,True,upper_bound,0.42116474466294995,0.42515835403958624,19,118
190,48,False,True,True,upper_bound_with_inhaler,0.42116474466294995,0.42515835403958624,19,119
190,48,True,False,False,one_hot,0.3845665437689337,0.3845665437689337,19,120
190,48,True,False,False,lower_bound,0.3845665437689337,0.3845665437689337,19,121
190,48,True,False,False,midpoint,0.3845665437689337,0.3845665437689337,19,122
190,48,True,False,False,midpoint_with_inhaler,0.3845665437689337,0.3845665437689337,19,123
190,48,True,False,False,upper_bound,0.3845665437689337,0.3845665437689337,19,124
190,48,True,False,False,upper_bound_with_inhaler,0.3845665437689337,0.3845665437689337,19,125
190,48,True,False,True,one_hot,0.3845665437689337,0.3845665437689337,19,126
190,48,True,False,True,lower_bound,0.3845665437689337,0.3845665437689337,19,127
190,48,True,False,True,midpoint,0.3845665437689337,0.3845665437689337,19,128
190,48,True,False,True,midpoint_with_inhaler,0.3845665437689337,0.3845665437689337,19,129
190,48,True,False,True,upper_bound,0.3845665437689337,0.3845665437689337,19,130
190,48,True,False,True,upper_bound_with_inhaler,0.3845665437689337,0.3845665437689337,19,131
294,12,False,False,False,one_hot,0.3209274614902826,0.3209274614902826,173,0
294,12,False,False,False,lower_bound,0.3157614000408963,0.3140376088945448,173,1
294,12,False,False,False,midpoint,0.3157614000408963,0.32512589788734664,173,2
294,12,False,False,False,midpoint_with_inhaler,0.3157614000408963,0.32512589788734664,173,3
294,12,False,False,False,upper_bound,0.3157614000408963,0.3273644136039604,173,4
294,12,False,False,False,upper_bound_with_inhaler,0.3157614000408963,0.3273644136039604,173,5
294,12,False,False,True,one_hot,0.3209274614902826,0.3209274614902826,173,6
294,12,False,False,True,lower_bound,0.3157614000408963,0.3140376088945448,173,7
294,12,False,False,True,midpoint,0.3157614000408963,0.32512589788734664,173,8
294,12,False,False,True,midpoint_with_inhaler,0.3157614000408963,0.32512589788734664,173,9
294,12,False,False,True,upper_bound,0.3157614000408963,0.3273644136039604,173,10
294,12,False,False,True,upper_bound_with_inhaler,0.3157614000408963,0.3273644136039604,173,11
294,12,False,True,False,one_hot,,,173,12
294,12,False,True,False,lower_bound,0.5175192815110489,0.4551053632978047,173,13
294,12,False,True,False,midpoint,0.5175192815110489,0.4859961582470282,173,14
294,12,False,True,False,midpoint_with_inhaler,0.5175192815110489,0.4859961582470282,173,15
294,12,False,True,False,upper_bound,0.5175192815110489,0.5008990965250963,173,16
294,12,False,True,False,upper_bound_with_inhaler,0.5175192815110489,0.5008990965250963,173,17
294,12,False,True,True,one_hot,,,173,18
294,12,False,True,True,lower_bound,0.5175192815110489,0.4551053632978047,173,19
294,12,False,True,True,midpoint,0.5175192815110489,0.4859961582470282,173,20
294,12,False,True,True,midpoint_with_inhaler,0.5175192815110489,0.4859961582470282,173,21
294,12,False,True,True,upper_bound,0.5175192815110489,0.5008990965250963,173,22
294,12,False,True,True,upper_bound_with_inhaler,0.5175192815110489,0.5008990965250963,173,23
294,12,True,False,False,one_hot,,,173,24
294,12,True,False,False,lower_bound,0.5474934683103184,0.4956667049877681,173,25
294,12,True,False,False,midpoint,0.5474934683103184,0.530580786321016,173,26
294,12,True,False,False,midpoint_with_inhaler,0.5474934683103184,0.529437611323626,173,27
294,12,True,False,False,upper_bound,0.547103391675805,0.5448232011252426,173,28
294,12,True,False,False,upper_bound_with_inhaler,0.5474934683103184,0.5434106939255686,173,29
294,12,True,False,True,one_hot,,,173,30
294,12,True,False,True,lower_bound,0.5474934683103184,0.4956667049877681,173,31
294,12,True,False,True,midpoint,0.5474934683103184,0.530580786321016,173,32
294,12,True,False,True,midpoint_with_inhaler,0.5474934683103184,0.529437611323626,173,33
294,12,True,False,True,upper_bound,0.547103391675805,0.5448232011252426,173,34
294,12,True,False,True,upper_bound_with_inhaler,0.5474934683103184,0.5434106939255686,173,35
294,24,False,False,False,one_hot,,,173,36
294,24,False,False,False,lower_bound,0.6938252506694631,0.6856509288435289,173,37
294,24,False,False,False,midpoint,0.6938252506694631,0.6925313488426711,173,38
294,24,False,False,False,midpoint_with_inhaler,0.6938252506694631,0.6939136492548861,173,39
294,24,False,False,False,upper_bound,0.6908692337360699,0.6780794368974896,173,40
294,24,False,False,False,upper_bound_with_inhaler,0.6938252506694631,0.6862700272257007,173,41
294,24,False,False,True,one_hot,,,173,42
294,24,False,False,True,lower_bound,0.6938252506694631,0.6856509288435289,173,43
294,24,False,False,True,midpoint,0.6938252506694631,0.6925313488426711,173,44
294,24,False,False,True,midpoint_with_inhaler,0.6938252506694631,0.6939136492548861,173,45
294,24,False,False,True,upper_bound,0.6908692337360699,0.6780794368974896,173,46
294,24,False,False,True,upper_bound_with_inhaler,0.6938252506694631,0.6862700272257007,173,47
294,24,False,True,False,one_hot,,,173,48
294,24,False,True,False,lower_bound,0.5104209519490552,0.4618795699162872,173,49
294,24,False,True,False,midpoint,0.5104209519490552,0.4909654856156401,173,50
294,24,False,True,False,midpoint_with_inhaler,0.5104209519490552,0.4909654856156401,173,51
294,24,False,True,False,upper_bound,0.5104209519490552,0.5068461653963874,173,52
294,24,False,True,False,upper_bound_with_inhaler,0.5104209519490552,0.5068461653963874,173,53
294,24,False,True,True,one_hot,,,173,54
294,24,False,True,True,lower_bound,0.5104209519490552,0.4618795699162872,173,55
294,24,False,True,True,midpoint,0.5104209519490552,0.4909654856156401,173,56
294,24,False,True,True,midpoint_with_inhaler,0.5104209519490552,0.4909654856156401,173,57
294,24,False,True,True,upper_bound,0.5104209519490552,0.5068461653963874,173,58
294,24,False,True,True,upper_bound_with_inhaler,0.5104209519490552,0.5068461653963874,173,59
294,24,True,False,False,one_hot,,,173,60
294,24,True,False,False,lower_bound,0.6955792006599019,0.6841529845119383,173,61
294,24,True,False,False,midpoint,0.6955792006599019,0.6955465229028601,173,62
294,24,True,False,False,midpoint_with_inhaler,0.6955792006599019,0.6967343647950427,173,63
294,24,True,False,False,upper_bound,0.6926166034818763,0.6841574861832481,173,64
294,24,True,False,False,upper_bound_with_inhaler,0.6955792006599019,0.6921376516621492,173,65
294,24,True,False,True,one_hot,,,173,66
294,24,True,False,True,lower_bound,0.6955792006599019,0.6841529845119383,173,67
294,24,True,False,True,midpoint,0.6955792006599019,0.6955465229028601,173,68
294,24,True,False,True,midpoint_with_inhaler,0.6955792006599019,0.6967343647950427,173,69
294,24,True,False,True,upper_bound,0.6926166034818763,0.6841574861832481,173,70
294,24,True,False,True,upper_bound_with_inhaler,0.6955792006599019,0.6921376516621492,173,71
294,36,False,False,False,one_hot,,,173,72
294,36,False,False,False,lower_bound,0.5256323444463713,0.5282506766689481,173,73
294,36,False,False,False,midpoint,0.5256323444463713,0.5374036475637091,173,74
294,36,False,False,False,midpoint_with_inhaler,0.5256323444463713,0.5458130048400184,173,75
294,36,False,False,False,upper_bound,0.48508903683179905,0.5224484702927346,173,76
294,36,False,False,False,upper_bound_with_inhaler,0.5256323444463713,0.5309772967679448,173,77
294,36,False,False,True,one_hot,,,173,78
294,36,False,False,True,lower_bound,0.5256323444463713,0.5282506766689481,173,79
294,36,False,False,True,midpoint,0.5256323444463713,0.5374036475637091,173,80
294,36,False,False,True,midpoint_with_inhaler,0.5256323444463713,0.5458130048400184,173,81
294,36,False,False,True,upper_bound,0.48508903683179905,0.5224484702927346,173,82
294,36,False,False,True,upper_bound_with_inhaler,0.5256323444463713,0.5309772967679448,173,83
294,36,True,False,False,one_hot,,,173,84
294,36,True,False,False,lower_bound,0.47292650034252376,0.4495306666254937,173,85
294,36,True,False,False,midpoint,0.47292650034252376,0.46805599563575756,173,86
294,36,True,False,False,midpoint_with_inhaler,0.47292650034252376,0.47010521059626964,173,87
294,36,True,False,False,upper_bound,0.47040857006007825,0.4783590165461829,173,88
294,36,True,False,False,upper_bound_with_inhaler,0.47292650034252376,0.4851596722385472,173,89
294,36,True,False,True,one_hot,,,173,90
294,36,True,False,True,lower_bound,0.47292650034252376,0.4495306666254937,173,91
294,36,True,False,True,midpoint,0.47292650034252376,0.46805599563575756,173,92
294,36,True,False,True,midpoint_with_inhaler,0.47292650034252376,0.47010521059626964,173,93
294,36,True,False,True,upper_bound,0.47040857006007825,0.4783590165461829,173,94
294,36,True,False,True,upper_bound_with_inhaler,0.47292650034252376,0.4851596722385472,173,95
294,48,False,False,False,one_hot,,,173,96
294,48,False,False,False,lower_bound,0.7352684505229314,0.7182935034525553,173,97
294,48,False,False,False,midpoint,0.7352684505229314,0.698231527753305,173,98
294,48,False,False,False,midpoint_with_inhaler,0.7352684505229314,0.7325555011275549,173,99
294,48,False,False,False,upper_bound,0.6568846743776591,0.616404702358109,173,100
294,48,False,False,False,upper_bound_with_inhaler,0.7352684505229314,0.6982693284852624,173,101
294,48,False,False,True,one_hot,,,173,102
294,48,False,False,True,lower_bound,0.7352684505229314,0.7182935034525553,173,103
294,48,False,False,True,midpoint,0.7352684505229314,0.698231527753305,173,104
294,48,False,False,True,midpoint_with_inhaler,0.7352684505229314,0.7325555011275549,173,105
294,48,False,False,True,upper_bound,0.6568846743776591,0.616404702358109,173,106
294,48,False,False,True,upper_bound_with_inhaler,0.7352684505229314,0.6982693284852624,173,107
294,48,False,True,False,one_hot,,,173,108
294,48,False,True,False,lower_bound,0.34356376794897353,0.3553669830251339,173,109
294,48,False,True,False,midpoint,0.34356376794897353,0.3577860649726973,173,110
294,48,False,True,False,midpoint_with_inhaler,0.34356376794897353,0.3577860649726973,173,111
294,48,False,True,False,upper_bound,0.34356376794897353,0.35286463050519434,173,112
294,48,False,True,False,upper_bound_with_inhaler,0.34356376794897353,0.35286463050519434,173,113
294,48,False,True,True,one_hot,,,173,114
294,48,False,True,True,lower_bound,0.34356376794897353,0.3553669830251339,173,115
294,48,False,True,True,midpoint,0.34356376794897353,0.3577860649726973,173,116
294,48,False,True,True,midpoint_with_inhaler,0.34356376794897353,0.3577860649726973,173,117
294,48,False,True,True,upper_bound,0.34356376794897353,0.35286463050519434,173,118
294,48,False,True,True,upper_bound_with_inhaler,0.34356376794897353,0.35286463050519434,173,119
294,48,True,False,False,one_hot,,,173,120
294,48,True,False,False,lower_bound,0.4265099795985619,0.3898185859269766,173,121
294,48,True,False,False,midpoint,0.4265099795985619,0.4191458231895489,173,122
294,48,True,False,False,midpoint_with_inhaler,0.4265099795985619,0.4163802739865154,173,123
294,48,True,False,False,upper_bound,0.4255568015223029,0.4271040986330317,173,124
294,48,True,False,False,upper_bound_with_inhaler,0.4265099795985619,0.4273765916567237,173,125
294,48,True,False,True,one_hot,,,173,126
294,48,True,False,True,lower_bound,0.4265099795985619,0.3898185859269766,173,127
294,48,True,False,True,midpoint,0.4265099795985619,0.4191458231895489,173,128
294,48,True,False,True,midpoint_with_inhaler,0.4265099795985619,0.4163802739865154,173,129
294,48,True,False,True,upper_bound,0.4255568015223029,0.4271040986330317,173,130
294,48,True,False,True,upper_bound_with_inhaler,0.4265099795985619,0.4273765916567237,173,131
328,12,False,False,False,one_hot,0.2765186331416562,0.27651863314165603,17,0
328,12,False,False,False,lower_bound,0.21784802012063623,0.037984577698886426,17,1
328,12,False,False,False,midpoint,0.21784802012063623,0.05786730990049289,17,2
328,12,False,False,False,midpoint_with_inhaler,0.21784802012063623,0.05786730990049289,17,3
328,12,False,False,False,upper_bound,0.21784802012063623,0.06995692902927211,17,4
328,12,False,False,False,upper_bound_with_inhaler,0.21784802012063623,0.06995692902927211,17,5
328,12,False,False,True,one_hot,0.2765186331416562,0.27651863314165603,17,6
328,12,False,False,True,lower_bound,0.21784802012063623,0.037984577698886426,17,7
328,12,False,False,True,midpoint,0.21784802012063623,0.05786730990049289,17,8
328,12,False,False,True,midpoint_with_inhaler,0.21784802012063623,0.05786730990049289,17,9
328,12,False,False,True,upper_bound,0.21784802012063623,0.06995692902927211,17,10
328,12,False,False,True,upper_bound_with_inhaler,0.21784802012063623,0.06995692902927211,17,11
328,12,False,True,False,one_hot,0.24021864728926093,0.24021864728926107,17,12
328,12,False,True,False,lower_bound,0.17932811819187108,0.019355241619010248,17,13
328,12,False,True,False,midpoint,0.17932811819187108,0.03697790844258096,17,14
328,12,False,True,False,midpoint_with_inhaler,0.17932811819187108,0.03697790844258096,17,15
328,12,False,True,False,upper_bound,0.17932811819187108,0.04777731174310718,17,16
328,12,False,True,False,upper_bound_with_inhaler,0.17932811819187108,0.04777731174310718,17,17
328,12,False,True,True,one_hot,0.24021864728926093,0.24021864728926107,17,18
328,12,False,True,True,lower_bound,0.17932811819187108,0.019355241619010248,17,19
328,12,False,True,True,midpoint,0.17932811819187108,0.03697790844258096,17,20
328,12,False,True,True,midpoint_with_inhaler,0.17932811819187108,0.03697790844258096,17,21
328,12,False,True,True,upper_bound,0.17932811819187108,0.04777731174310718,17,22
328,12,False,True,True,upper_bound_with_inhaler,0.17932811819187108,0.04777731174310718,17,23
328,12,True,False,False,one_hot,0.2053880046330666,0.2053880046330666,17,24
328,12,True,False,False,lower_bound,0.0881827627174145,-0.03634962204373327,17,25
328,12,True,False,False,midpoint,0.0881827627174145,-0.014378693928357729,17,26
328,12,True,False,False,midpoint_with_inhaler,0.0881827627174145,-0.014378693928357729,17,27
328,12,True,False,False,upper_bound,0.0881827627174145,6.938893903907228e-18,17,28
328,12,True,False,False,upper_bound_with_inhaler,0.0881827627174145,6.938893903907228e-18,17,29
328,12,True,False,True,one_hot,0.2053880046330666,0.2053880046330666,17,30
328,12,True,False,True,lower_bound,0.0881827627174145,-0.03634962204373327,17,31
328,12,True,False,True,midpoint,0.0881827627174145,-0.014378693928357729,17,32
328,12,True,False,True,midpoint_with_inhaler,0.0881827627174145,-0.014378693928357729,17,33
328,12,True,False,True,upper_bound,0.0881827627174145,6.938893903907228e-18,17,34
328,12,True,False,True,upper_bound_with_inhaler,0.0881827627174145,6.938893903907228e-18,17,35
328,24,False,False,False,one_hot,0.2053880046330666,0.20538800463306664,17,36
328,24,False,False,False,lower_bound,0.1409816090245673,0.0,17,37
328,24,False,False,False,midpoint,0.1409816090245673,0.015202496684727049,17,38
328,24,False,False,False,midpoint_with_inhaler,0.1409816090245673,0.015202496684727049,17,39
328,24,False,False,False,upper_bound,0.1409816090245673,0.024623273398731493,17,40
328,24,False,False,False,upper_bound_with_inhaler,0.1409816090245673,0.024623273398731493,17,41
328,24,False,False,True,one_hot,0.2053880046330666,0.20538800463306664,17,42
328,24,False,False,True,lower_bound,0.1409816090245673,0.0,17,43
328,24,False,False,True,midpoint,0.1409816090245673,0.015202496684727049,17,44
328,24,False,False,True,midpoint_with_inhaler,0.1409816090245673,0.015202496684727049,17,45
328,24,False,False,True,upper_bound,0.1409816090245673,0.024623273398731493,17,46
328,24,False,False,True,upper_bound_with_inhaler,0.1409816090245673,0.024623273398731493,17,47
328,24,False,True,False,one_hot,0.27651863314165614,0.27651863314165614,17,48
328,24,False,True,False,lower_bound,0.48517514947637824,0.721624230766392,17,49
328,24,False,True,False,midpoint,0.48517514947637824,0.6269182573317016,17,50
328,24,False,True,False,midpoint_with_inhaler,0.48517514947637824,0.6269182573317016,17,51
328,24,False,True,False,upper_bound,0.48517514947637824,0.5606228483704053,17,52
328,24,False,True,False,upper_bound_with_inhaler,0.48517514947637824,0.5606228483704053,17,53
328,24,False,True,True,one_hot,0.27651863314165614,0.27651863314165614,17,54
328,24,False,True,True,lower_bound,0.48517514947637824,0.721624230766392,17,55
328,24,False,True,True,midpoint,0.48517514947637824,0.6269182573317016,17,56
328,24,False,True,True,midpoint_with_inhaler,0.48517514947637824,0.6269182573317016,17,57
328,24,False,True,True,upper_bound,0.48517514947637824,0.5606228483704053,17,58
328,24,False,True,True,upper_bound_with_inhaler,0.48517514947637824,0.5606228483704053,17,59
328,24,True,False,False,one_hot,0.2765186331416562,0.27651863314165614,17,60
328,24,True,False,False,lower_bound,0.21784802012063625,0.037984577698886426,17,61
328,24,True,False,False,midpoint,0.21784802012063625,0.05786730990049289,17,62
328,24,True,False,False,midpoint_with_inhaler,0.21784802012063625,0.05786730990049289,17,63
328,24,True,False,False,upper_bound,0.21784802012063625,0.06995692902927211,17,64
328,24,True,False,False,upper_bound_with_inhaler,0.21784802012063625,0.06995692902927211,17,65
328,24,True,False,True,one_hot,0.2765186331416562,0.27651863314165614,17,66
328,24,True,False,True,lower_bound,0.21784802012063625,0.037984577698886426,17,67
328,24,True,False,True,midpoint,0.21784802012063625,0.05786730990049289,17,68
328,24,True,False,True,midpoint_with_inhaler,0.21784802012063625,0.05786730990049289,17,69
328,24,True,False,True,upper_bound,0.21784802012063625,0.06995692902927211,17,70
328,24,True,False,True,upper_bound_with_inhaler,0.21784802012063625,0.06995692902927211,17,71
328,36,False,False,False,one_hot,0.17066884146429792,0.17066884146429792,17,72
328,36,False,False,False,lower_bound,6.938893903907228e-18,-0.08786382203713332,17,73
328,36,False,False,False,midpoint,6.938893903907228e-18,-0.06426771903896422,17,74
328,36,False,False,False,midpoint_with_inhaler,6.938893903907228e-18,-0.06426771903896422,17,75
328,36,False,False,False,upper_bound,6.938893903907228e-18,-0.047777311743107176,17,76
328,36,False,False,False,upper_bound_with_inhaler,6.938893903907228e-18,-0.047777311743107176,17,77
328,36,False,False,True,one_hot,0.17066884146429792,0.17066884146429792,17,78
328,36,False,False,True,lower_bound,6.938893903907228e-18,-0.08786382203713332,17,79
328,36,False,False,True,midpoint,6.938893903907228e-18,-0.06426771903896422,17,80
328,36,False,False,True,midpoint_with_inhaler,6.938893903907228e-18,-0.06426771903896422,17,81
328,36,False,False,True,upper_bound,6.938893903907228e-18,-0.047777311743107176,17,82
328,36,False,False,True,upper_bound_with_inhaler,6.938893903907228e-18,-0.047777311743107176,17,83
328,36,True,False,False,one_hot,-0.11284318271571434,-0.11284318271571434,17,84
328,36,True,False,False,lower_bound,-0.12939699363334925,-0.133192294012242,17,85
328,36,True,False,False,midpoint,-0.12939699363334925,-0.13398681709561402,17,86
328,36,True,False,False,midpoint_with_inhaler,-0.12939699363334925,-0.13398681709561402,17,87
328,36,True,False,False,upper_bound,-0.12939699363334925,-0.13258916856431113,17,88
328,36,True,False,False,upper_bound_with_inhaler,-0.12939699363334925,-0.13258916856431113,17,89
328,36,True,False,True,one_hot,-0.11284318271571434,-0.11284318271571434,17,90
328,36,True,False,True,lower_bound,-0.12939699363334925,-0.133192294012242,17,91
328,36,True,False,True,midpoint,-0.12939699363334925,-0.13398681709561402,17,92
328,36,True,False,True,midpoint_with_inhaler,-0.12939699363334925,-0.13398681709561402,17,93
328,36,True,False,True,upper_bound,-0.12939699363334925,-0.13258916856431113,17,94
328,36,True,False,True,upper_bound_with_inhaler,-0.12939699363334925,-0.13258916856431113,17,95
328,48,False,False,False,one_hot,0.1341319932973397,0.1341319932973397,17,96
328,48,False,False,False,lower_bound,-0.16539484113301836,-0.19812056359778238,17,97
328,48,False,False,False,midpoint,-0.16539484113301836,-0.16746026882438445,17,98
328,48,False,False,False,midpoint_with_inhaler,-0.16539484113301836,-0.16746026882438445,17,99
328,48,False,False,False,upper_bound,-0.16539484113301836,-0.14359365999580548,17,100
328,48,False,False,False,upper_bound_with_inhaler,-0.16539484113301836,-0.14359365999580548,17,101
328,48,False,False,True,one_hot,0.1341319932973397,0.1341319932973397,17,102
328,48,False,False,True,lower_bound,-0.16539484113301836,-0.19812056359778238,17,103
328,48,False,False,True,midpoint,-0.16539484113301836,-0.16746026882438445,17,104
328,48,False,False,True,midpoint_with_inhaler,-0.16539484113301836,-0.16746026882438445,17,105
328,48,False,False,True,upper_bound,-0.16539484113301836,-0.14359365999580548,17,106
328,48,False,False,True,upper_bound_with_inhaler,-0.16539484113301836,-0.14359365999580548,17,107
328,48,False,True,False,one_hot,-0.46781943971770057,-0.46781943971770057,17,108
328,48,False,True,False,lower_bound,-0.46781943971770057,-0.46781943971770057,17,109
328,48,False,True,False,midpoint,-0.46781943971770057,-0.4678194397177004,17,110
328,48,False,True,False,midpoint_with_inhaler,-0.46781943971770057,-0.4678194397177004,17,111
328,48,False,True,False,upper_bound,-0.46781943971770057,-0.46781943971770057,17,112
328,48,False,True,False,upper_bound_with_inhaler,-0.46781943971770057,-0.46781943971770057,17,113
328,48,False,True,True,one_hot,-0.46781943971770057,-0.46781943971770057,17,114
328,48,False,True,True,lower_bound,-0.46781943971770057,-0.46781943971770057,17,115
328,48,False,True,True,midpoint,-0.46781943971770057,-0.4678194397177004,17,116
328,48,False,True,True,midpoint_with_inhaler,-0.46781943971770057,-0.4678194397177004,17,117
328,48,False,True,True,upper_bound,-0.46781943971770057,-0.46781943971770057,17,118
328,48,False,True,True,upper_bound_with_inhaler,-0.46781943971770057,-0.46781943971770057,17,119
328,48,True,False,False,one_hot,-0.1665136672773379,-0.1665136672773379,17,120
328,48,True,False,False,lower_bound,-0.19323233473913243,-0.1867793771517939,17,121
328,48,True,False,False,midpoint,-0.19323233473913243,-0.1926561686998819,17,122
328,48,True,False,False,midpoint_with_inhaler,-0.19323233473913243,-0.1926561686998819,17,123
328,48,True,False,False,upper_bound,-0.19323233473913243,-0.1938786753791783,17,124
328,48,True,False,False,upper_bound_with_inhaler,-0.19323233473913243,-0.1938786753791783,17,125
328,48,True,False,True,one_hot,-0.1665136672773379,-0.1665136672773379,17,126
328,48,True,False,True,lower_bound,-0.19323233473913243,-0.1867793771517939,17,127
328,48,True,False,True,midpoint,-0.19323233473913243,-0.1926561686998819,17,128
328,48,True,False,True,midpoint_with_inhaler,-0.19323233473913243,-0.1926561686998819,17,129
328,48,True,False,True,upper_bound,-0.19323233473913243,-0.1938786753791783,17,130
328,48,True,False,True,upper_bound_with_inhaler,-0.19323233473913243,-0.1938786753791783,17,131
343,12,False,False,False,one_hot,0.33825501458719065,0.33825501458719076,93,0
343,12,False,False,False,lower_bound,0.33825501458719065,0.33825501458719076,93,1
343,12,False,False,False,midpoint,0.33825501458719065,0.33825501458719065,93,2
343,12,False,False,False,midpoint_with_inhaler,0.33825501458719065,0.33825501458719065,93,3
343,12,False,False,False,upper_bound,0.33825501458719065,0.33825501458719076,93,4
343,12,False,False,False,upper_bound_with_inhaler,0.33825501458719065,0.33825501458719076,93,5
343,12,False,False,True,one_hot,0.33825501458719065,0.33825501458719076,93,6
343,12,False,False,True,lower_bound,0.33825501458719065,0.33825501458719076,93,7
343,12,False,False,True,midpoint,0.33825501458719065,0.33825501458719065,93,8
343,12,False,False,True,midpoint_with_inhaler,0.33825501458719065,0.33825501458719065,93,9
343,12,False,False,True,upper_bound,0.33825501458719065,0.33825501458719076,93,10
343,12,False,False,True,upper_bound_with_inhaler,0.33825501458719065,0.33825501458719076,93,11
343,12,False,True,False,one_hot,0.7069638949614255,0.7069638949614259,93,12
343,12,False,True,False,lower_bound,0.7069638949614255,0.7069638949614259,93,13
343,12,False,True,False,midpoint,0.7069638949614255,0.7069638949614255,93,14
343,12,False,True,False,midpoint_with_inhaler,0.7069638949614255,0.7069638949614255,93,15
343,12,False,True,False,upper_bound,0.7069638949614255,0.7069638949614259,93,16
343,12,False,True,False,upper_bound_with_inhaler,0.7069638949614255,0.7069638949614259,93,17
343,12,False,True,True,one_hot,0.7069638949614255,0.7069638949614259,93,18
343,12,False,True,True,lower_bound,0.7069638949614255,0.7069638949614259,93,19
343,12,False,True,True,midpoint,0.7069638949614255,0.7069638949614255,93,20
343,12,False,True,True,midpoint_with_inhaler,0.7069638949614255,0.7069638949614255,93,21
343,12,False,True,True,upper_bound,0.7069638949614255,0.7069638949614259,93,22
343,12,False,True,True,upper_bound_with_inhaler,0.7069638949614255,0.7069638949614259,93,23
343,12,True,False,False,one_hot,0.5482627788240598,0.5482627788240598,93,24
343,12,True,False,False,lower_bound,0.5343141780794608,0.43502708244629185,93,25
343,12,True,False,False,midpoint,0.5343141780794608,0.4768192022627549,93,26
343,12,True,False,False,midpoint_with_inhaler,0.5343141780794608,0.4768192022627549,93,27
343,12,True,False,False,upper_bound,0.5343141780794608,0.4970672792611835,93,28
343,12,True,False,False,upper_bound_with_inhaler,0.5343141780794608,0.4970672792611835,93,29
343,12,True,False,True,one_hot,0.5482627788240598,0.5482627788240598,93,30
343,12,True,False,True,lower_bound,0.5343141780794608,0.43502708244629185,93,31
343,12,True,False,True,midpoint,0.5343141780794608,0.4768192022627549,93,32
343,12,True,False,True,midpoint_with_inhaler,0.5343141780794608,0.4768192022627549,93,33
343,12,True,False,True,upper_bound,0.5343141780794608,0.4970672792611835,93,34
343,12,True,False,True,upper_bound_with_inhaler,0.5343141780794608,0.4970672792611835,93,35
343,24,False,False,False,one_hot,0.3238353925016117,0.3238353925016117,93,36
343,24,False,False,False,lower_bound,0.3353263882598451,0.3594230106456994,93,37
343,24,False,False,False,midpoint,0.3353263882598451,0.3543709007019714,93,38
343,24,False,False,False,midpoint_with_inhaler,0.3353263882598451,0.3543709007019714,93,39
343,24,False,False,False,upper_bound,0.3353263882598451,0.34950278318594535,93,40
343,24,False,False,False,upper_bound_with_inhaler,0.3353263882598451,0.34950278318594535,93,41
343,24,False,False,True,one_hot,0.3238353925016117,0.3238353925016117,93,42
343,24,False,False,True,lower_bound,0.3353263882598451,0.3594230106456994,93,43
343,24,False,False,True,midpoint,0.3353263882598451,0.3543709007019714,93,44
343,24,False,False,True,midpoint_with_inhaler,0.3353263882598451,0.3543709007019714,93,45
343,24,False,False,True,upper_bound,0.3353263882598451,0.34950278318594535,93,46
343,24,False,False,True,upper_bound_with_inhaler,0.3353263882598451,0.34950278318594535,93,47
343,24,False,True,False,one_hot,0.13183231836052417,0.13183231836052414,93,48
343,24,False,True,False,lower_bound,0.13183231836052417,0.13183231836052414,93,49
343,24,False,True,False,midpoint,0.13183231836052417,0.13183231836052417,93,50
343,24,False,True,False,midpoint_with_inhaler,0.13183231836052417,0.13183231836052417,93,51
343,24,False,True,False,upper_bound,0.13183231836052417,0.13183231836052414,93,52
343,24,False,True,False,upper_bound_with_inhaler,0.13183231836052417,0.13183231836052414,93,53
343,24,False,True,True,one_hot,0.13183231836052417,0.13183231836052414,93,54
343,24,False,True,True,lower_bound,0.13183231836052417,0.13183231836052414,93,55
343,24,False,True,True,midpoint,0.13183231836052417,0.13183231836052417,93,56
343,24,False,True,True,midpoint_with_inhaler,0.13183231836052417,0.13183231836052417,93,57
343,24,False,True,True,upper_bound,0.13183231836052417,0.13183231836052414,93,58
343,24,False,True,True,upper_bound_with_inhaler,0.13183231836052417,0.13183231836052414,93,59
343,24,True,False,False,one_hot,0.3140906357325347,0.31409063573253476,93,60
343,24,True,False,False,lower_bound,0.324674378135625,0.34957705296357416,93,61
343,24,True,False,False,midpoint,0.324674378135625,0.34456096403706843,93,62
343,24,True,False,False,midpoint_with_inhaler,0.324674378135625,0.34456096403706843,93,63
343,24,True,False,False,upper_bound,0.324674378135625,0.3397260399761308,93,64
343,24,True,False,False,upper_bound_with_inhaler,0.324674378135625,0.3397260399761308,93,65
343,24,True,False,True,one_hot,0.3140906357325347,0.31409063573253476,93,66
343,24,True,False,True,lower_bound,0.324674378135625,0.34957705296357416,93,67
343,24,True,False,True,midpoint,0.324674378135625,0.34456096403706843,93,68
343,24,True,False,True,midpoint_with_inhaler,0.324674378135625,0.34456096403706843,93,69
343,24,True,False,True,upper_bound,0.324674378135625,0.3397260399761308,93,70
343,24,True,False,True,upper_bound_with_inhaler,0.324674378135625,0.3397260399761308,93,71
343,36,False,False,False,one_hot,0.27703088031561657,0.27703088031561657,93,72
343,36,False,False,False,lower_bound,0.29119405344178484,0.31916460895854143,93,73
343,36,False,False,False,midpoint,0.29119405344178484,0.3110337281843287,93,74
343,36,False,False,False,midpoint_with_inhaler,0.29119405344178484,0.3110337281843287,93,75
343,36,False,False,False,upper_bound,0.29119405344178484,0.30487245311433053,93,76
343,36,False,False,False,upper_bound_with_inhaler,0.29119405344178484,0.30487245311433053,93,77
343,36,False,False,True,one_hot,0.27703088031561657,0.27703088031561657,93,78
343,36,False,False,True,lower_bound,0.29119405344178484,0.31916460895854143,93,79
343,36,False,False,True,midpoint,0.29119405344178484,0.3110337281843287,93,80
343,36,False,False,True,midpoint_with_inhaler,0.29119405344178484,0.3110337281843287,93,81
343,36,False,False,True,upper_bound,0.29119405344178484,0.30487245311433053,93,82
343,36,False,False,True,upper_bound_with_inhaler,0.29119405344178484,0.30487245311433053,93,83
343,36,True,False,False,one_hot,0.10338207094277559,0.10338207094277568,93,84
343,36,True,False,False,lower_bound,0.10338207094277559,0.10338207094277568,93,85
343,36,True,False,False,midpoint,0.10338207094277559,0.10338207094277568,93,86
343,36,True,False,False,midpoint_with_inhaler,0.10338207094277559,0.10338207094277568,93,87
343,36,True,False,False,upper_bound,0.10338207094277559,0.10338207094277568,93,88
343,36,True,False,False,upper_bound_with_inhaler,0.10338207094277559,0.10338207094277568,93,89
343,36,True,False,True,one_hot,0.10338207094277559,0.10338207094277568,93,90
343,36,True,False,True,lower_bound,0.10338207094277559,0.10338207094277568,93,91
343,36,True,False,True,midpoint,0.10338207094277559,0.10338207094277568,93,92
343,36,True,False,True,midpoint_with_inhaler,0.10338207094277559,0.10338207094277568,93,93
343,36,True,False,True,upper_bound,0.10338207094277559,0.10338207094277568,93,94
343,36,True,False,True,upper_bound_with_inhaler,0.10338207094277559,0.10338207094277568,93,95
343,48,False,False,False,one_hot,0.1866970957355821,0.18669709573558213,93,96
343,48,False,False,False,lower_bound,0.19467826039370364,0.19650475005792134,93,97
343,48,False,False,False,midpoint,0.19467826039370364,0.19860446145254482,93,98
343,48,False,False,False,midpoint_with_inhaler,0.19467826039370364,0.19860446145254482,93,99
343,48,False,False,False,upper_bound,0.19467826039370364,0.19803626238316857,93,100
343,48,False,False,False,upper_bound_with_inhaler,0.19467826039370364,0.19803626238316857,93,101
343,48,False,False,True,one_hot,0.1866970957355821,0.18669709573558213,93,102
343,48,False,False,True,lower_bound,0.19467826039370364,0.19650475005792134,93,103
343,48,False,False,True,midpoint,0.19467826039370364,0.19860446145254482,93,104
343,48,False,False,True,midpoint_with_inhaler,0.19467826039370364,0.19860446145254482,93,105
343,48,False,False,True,upper_bound,0.19467826039370364,0.19803626238316857,93,106
343,48,False,False,True,upper_bound_with_inhaler,0.19467826039370364,0.19803626238316857,93,107
343,48,False,True,False,one_hot,0.05032113022731379,0.05032113022731372,93,108
343,48,False,True,False,lower_bound,0.05032113022731379,0.05032113022731372,93,109
343,48,False,True,False,midpoint,0.05032113022731379,0.050321130227313736,93,110
343,48,False,True,False,midpoint_with_inhaler,0.05032113022731379,0.050321130227313736,93,111
343,48,False,True,False,upper_bound,0.05032113022731379,0.05032113022731372,93,112
343,48,False,True,False,upper_bound_with_inhaler,0.05032113022731379,0.05032113022731372,93,113
343,48,False,True,True,one_hot,0.05032113022731379,0.05032113022731372,93,114
343,48,False,True,True,lower_bound,0.05032113022731379,0.05032113022731372,93,115
343,48,False,True,True,midpoint,0.05032113022731379,0.050321130227313736,93,116
343,48,False,True,True,midpoint_with_inhaler,0.05032113022731379,0.050321130227313736,93,117
343,48,False,True,True,upper_bound,0.05032113022731379,0.05032113022731372,93,118
343,48,False,True,True,upper_bound_with_inhaler,0.05032113022731379,0.05032113022731372,93,119
343,48,True,False,False,one_hot,0.03417822875587793,0.034178228755877955,93,120
343,48,True,False,False,lower_bound,0.02991488170135525,0.0066948475662510385,93,121
343,48,True,False,False,midpoint,0.02991488170135525,0.015199264051645732,93,122
343,48,True,False,False,midpoint_with_inhaler,0.02991488170135525,0.015199264051645732,93,123
343,48,True,False,False,upper_bound,0.02991488170135525,0.019775099211040106,93,124
343,48,True,False,False,upper_bound_with_inhaler,0.02991488170135525,0.019775099211040106,93,125
343,48,True,False,True,one_hot,0.03417822875587793,0.034178228755877955,93,126
343,48,True,False,True,lower_bound,0.02991488170135525,0.0066948475662510385,93,127
343,48,True,False,True,midpoint,0.02991488170135525,0.015199264051645732,93,128
343,48,True,False,True,midpoint_with_inhaler,0.02991488170135525,0.015199264051645732,93,129
343,48,True,False,True,upper_bound,0.02991488170135525,0.019775099211040106,93,130
343,48,True,False,True,upper_bound_with_inhaler,0.02991488170135525,0.019775099211040106,93,131
398,12,False,False,False,one_hot,0.1279880756166101,0.1279880756166101,25,0
398,12,False,False,False,lower_bound,0.1279880756166101,0.1279880756166101,25,1
398,12,False,False,False,midpoint,0.1279880756166101,0.1279880756166101,25,2
398,12,False,False,False,midpoint_with_inhaler,0.1279880756166101,0.1279880756166101,25,3
398,12,False,False,False,upper_bound,0.1279880756166101,0.1279880756166101,25,4
398,12,False,False,False,upper_bound_with_inhaler,0.1279880756166101,0.1279880756166101,25,5
398,12,False,False,True,one_hot,0.1279880756166101,0.1279880756166101,25,6
398,12,False,False,True,lower_bound,0.1279880756166101,0.1279880756166101,25,7
398,12,False,False,True,midpoint,0.1279880756166101,0.1279880756166101,25,8
398,12,False,False,True,midpoint_with_inhaler,0.1279880756166101,0.1279880756166101,25,9
398,12,False,False,True,upper_bound,0.1279880756166101,0.1279880756166101,25,10
398,12,False,False,True,upper_bound_with_inhaler,0.1279880756166101,0.1279880756166101,25,11
398,12,False,True,False,one_hot,-0.1279880756166101,-0.1279880756166101,25,12
398,12,False,True,False,lower_bound,-0.1279880756166101,-0.1279880756166101,25,13
398,12,False,True,False,midpoint,-0.1279880756166101,-0.12798807561661013,25,14
398,12,False,True,False,midpoint_with_inhaler,-0.1279880756166101,-0.12798807561661013,25,15
398,12,False,True,False,upper_bound,-0.1279880756166101,-0.1279880756166101,25,16
398,12,False,True,False,upper_bound_with_inhaler,-0.1279880756166101,-0.1279880756166101,25,17
398,12,False,True,True,one_hot,-0.1279880756166101,-0.1279880756166101,25,18
398,12,False,True,True,lower_bound,-0.1279880756166101,-0.1279880756166101,25,19
398,12,False,True,True,midpoint,-0.1279880756166101,-0.12798807561661013,25,20
398,12,False,True,True,midpoint_with_inhaler,-0.1279880756166101,-0.12798807561661013,25,21
398,12,False,True,True,upper_bound,-0.1279880756166101,-0.1279880756166101,25,22
398,12,False,True,True,upper_bound_with_inhaler,-0.1279880756166101,-0.1279880756166101,25,23
398,12,True,False,False,one_hot,0.12798807561661013,0.1279880756166101,25,24
398,12,True,False,False,lower_bound,0.08961264287840495,-0.010219344729000587,25,25
398,12,True,False,False,midpoint,0.08961264287840495,0.02062257550311367,25,26
398,12,True,False,False,midpoint_with_inhaler,0.08961264287840495,0.02062257550311367,25,27
398,12,True,False,False,upper_bound,0.08961264287840495,0.041099750734372026,25,28
398,12,True,False,False,upper_bound_with_inhaler,0.08961264287840495,0.041099750734372026,25,29
398,12,True,False,True,one_hot,0.12798807561661013,0.1279880756166101,25,30
398,12,True,False,True,lower_bound,0.08961264287840495,-0.010219344729000587,25,31
398,12,True,False,True,midpoint,0.08961264287840495,0.02062257550311367,25,32
398,12,True,False,True,midpoint_with_inhaler,0.08961264287840495,0.02062257550311367,25,33
398,12,True,False,True,upper_bound,0.08961264287840495,0.041099750734372026,25,34
398,12,True,False,True,upper_bound_with_inhaler,0.08961264287840495,0.041099750734372026,25,35
398,24,False,False,False,one_hot,0.16863324630844803,0.1686332463084481,25,36
398,24,False,False,False,lower_bound,0.13834016394833087,0.07011164777228411,25,37
398,24,False,False,False,midpoint,0.13834016394833087,0.09951742853082005,25,38
398,24,False,False,False,midpoint_with_inhaler,0.13834016394833087,0.09951742853082005,25,39
398,24,False,False,False,upper_bound,0.13834016394833087,0.11624834486277082,25,40
398,24,False,False,False,upper_bound_with_inhaler,0.13834016394833087,0.11624834486277082,25,41
398,24,False,False,True,one_hot,0.16863324630844803,0.1686332463084481,25,42
398,24,False,False,True,lower_bound,0.13834016394833087,0.07011164777228411,25,43
398,24,False,False,True,midpoint,0.13834016394833087,0.09951742853082005,25,44
398,24,False,False,True,midpoint_with_inhaler,0.13834016394833087,0.09951742853082005,25,45
398,24,False,False,True,upper_bound,0.13834016394833087,0.11624834486277082,25,46
398,24,False,False,True,upper_bound_with_inhaler,0.13834016394833087,0.11624834486277082,25,47
398,24,False,True,False,one_hot,0.13443467391583064,0.1344346739158306,25,48
398,24,False,True,False,lower_bound,0.13443467391583064,0.1344346739158306,25,49
398,24,False,True,False,midpoint,0.13443467391583064,0.13443467391583067,25,50
398,24,False,True,False,midpoint_with_inhaler,0.13443467391583064,0.13443467391583067,25,51
398,24,False,True,False,upper_bound,0.13443467391583064,0.1344346739158306,25,52
398,24,False,True,False,upper_bound_with_inhaler,0.13443467391583064,0.1344346739158306,25,53
398,24,False,True,True,one_hot,0.13443467391583064,0.1344346739158306,25,54
398,24,False,True,True,lower_bound,0.13443467391583064,0.1344346739158306,25,55
398,24,False,True,True,midpoint,0.13443467391583064,0.13443467391583067,25,56
398,24,False,True,True,midpoint_with_inhaler,0.13443467391583064,0.13443467391583067,25,57
398,24,False,True,True,upper_bound,0.13443467391583064,0.1344346739158306,25,58
398,24,False,True,True,upper_bound_with_inhaler,0.13443467391583064,0.1344346739158306,25,59
398,24,True,False,False,one_hot,0.3726968021477903,0.37269680214779005,25,60
398,24,True,False,False,lower_bound,0.47487899887020707,0.5888156396602411,25,61
398,24,True,False,False,midpoint,0.47487899887020707,0.5506083709440579,25,62
398,24,True,False,False,midpoint_with_inhaler,0.47487899887020707,0.5506083709440579,25,63
398,24,True,False,False,upper_bound,0.47487899887020707,0.5201911252534069,25,64
398,24,True,False,False,upper_bound_with_inhaler,0.47487899887020707,0.5201911252534069,25,65
398,24,True,False,True,one_hot,0.3726968021477903,0.37269680214779005,25,66
398,24,True,False,True,lower_bound,0.47487899887020707,0.5888156396602411,25,67
398,24,True,False,True,midpoint,0.47487899887020707,0.5506083709440579,25,68
398,24,True,False,True,midpoint_with_inhaler,0.47487899887020707,0.5506083709440579,25,69
398,24,True,False,True,upper_bound,0.47487899887020707,0.5201911252534069,25,70
398,24,True,False,True,upper_bound_with_inhaler,0.47487899887020707,0.5201911252534069,25,71
398,36,False,False,False,one_hot,0.2217841271925576,0.2217841271925576,25,72
398,36,False,False,False,lower_bound,0.16410752159604317,0.0893238894329038,25,73
398,36,False,False,False,midpoint,0.16410752159604317,0.1288317688628141,25,74
398,36,False,False,False,midpoint_with_inhaler,0.16410752159604317,0.1288317688628141,25,75
398,36,False,False,False,upper_bound,0.16410752159604317,0.151968402080128,25,76
398,36,False,False,False,upper_bound_with_inhaler,0.16410752159604317,0.151968402080128,25,77
398,36,False,False,True,one_hot,0.2217841271925576,0.2217841271925576,25,78
398,36,False,False,True,lower_bound,0.16410752159604317,0.0893238894329038,25,79
398,36,False,False,True,midpoint,0.16410752159604317,0.1288317688628141,25,80
398,36,False,False,True,midpoint_with_inhaler,0.16410752159604317,0.1288317688628141,25,81
398,36,False,False,True,upper_bound,0.16410752159604317,0.151968402080128,25,82
398,36,False,False,True,upper_bound_with_inhaler,0.16410752159604317,0.151968402080128,25,83
398,36,True,False,False,one_hot,0.05280251446166784,0.05280251446166784,25,84
398,36,True,False,False,lower_bound,0.03469100889578105,-0.012475333630944526,25,85
398,36,True,False,False,midpoint,0.03469100889578105,0.004755152423466447,25,86
398,36,True,False,False,midpoint_with_inhaler,0.03469100889578105,0.004755152423466447,25,87
398,36,True,False,False,upper_bound,0.03469100889578105,0.015205132524178516,25,88
398,36,True,False,False,upper_bound_with_inhaler,0.03469100889578105,0.015205132524178516,25,89
398,36,True,False,True,one_hot,0.05280251446166784,0.05280251446166784,25,90
398,36,True,False,True,lower_bound,0.03469100889578105,-0.012475333630944526,25,91
398,36,True,False,True,midpoint,0.03469100889578105,0.004755152423466447,25,92
398,36,True,False,True,midpoint_with_inhaler,0.03469100889578105,0.004755152423466447,25,93
398,36,True,False,True,upper_bound,0.03469100889578105,0.015205132524178516,25,94
398,36,True,False,True,upper_bound_with_inhaler,0.03469100889578105,0.015205132524178516,25,95
398,48,False,False,False,one_hot,0.19283124040599242,0.19283124040599237,25,96
398,48,False,False,False,lower_bound,-0.035414414205231275,-0.12134771512048197,25,97
398,48,False,False,False,midpoint,-0.035414414205231275,-0.08838441717712422,25,98
398,48,False,False,False,midpoint_with_inhaler,-0.035414414205231275,-0.08838441717712422,25,99
398,48,False,False,False,upper_bound,-0.035414414205231275,-0.06428247121755047,25,100
398,48,False,False,False,upper_bound_with_inhaler,-0.035414414205231275,-0.06428247121755047,25,101
398,48,False,False,True,one_hot,0.19283124040599242,0.19283124040599237,25,102
398,48,False,False,True,lower_bound,-0.035414414205231275,-0.12134771512048197,25,103
398,48,False,False,True,midpoint,-0.035414414205231275,-0.08838441717712422,25,104
398,48,False,False,True,midpoint_with_inhaler,-0.035414414205231275,-0.08838441717712422,25,105
398,48,False,False,True,upper_bound,-0.035414414205231275,-0.06428247121755047,25,106
398,48,False,False,True,upper_bound_with_inhaler,-0.035414414205231275,-0.06428247121755047,25,107
398,48,False,True,False,one_hot,0.052802514461667935,0.05280251446166791,25,108
398,48,False,True,False,lower_bound,0.034691008895781035,-0.012475333630944517,25,109
398,48,False,True,False,midpoint,0.034691008895781035,0.004755152423466477,25,110
398,48,False,True,False,midpoint_with_inhaler,0.034691008895781035,0.004755152423466477,25,111
398,48,False,True,False,upper_bound,0.034691008895781035,0.015205132524178521,25,112
398,48,False,True,False,upper_bound_with_inhaler,0.034691008895781035,0.015205132524178521,25,113
398,48,False,True,True,one_hot,0.052802514461667935,0.05280251446166791,25,114
398,48,False,True,True,lower_bound,0.034691008895781035,-0.012475333630944517,25,115
398,48,False,True,True,midpoint,0.034691008895781035,0.004755152423466477,25,116
398,48,False,True,True,midpoint_with_inhaler,0.034691008895781035,0.004755152423466477,25,117
398,48,False,True,True,upper_bound,0.034691008895781035,0.015205132524178521,25,118
398,48,False,True,True,upper_bound_with_inhaler,0.034691008895781035,0.015205132524178521,25,119
398,48,True,False,False,one_hot,0.17002801599931888,0.17002801599931888,25,120
398,48,True,False,False,lower_bound,0.14958424327199524,0.06307760329410848,25,121
398,48,True,False,False,midpoint,0.14958424327199524,0.09260569335962138,25,122
398,48,True,False,False,midpoint_with_inhaler,0.14958424327199524,0.09260569335962138,25,123
398,48,True,False,False,upper_bound,0.14958424327199524,0.11011280542948493,25,124
398,48,True,False,False,upper_bound_with_inhaler,0.14958424327199524,0.11011280542948493,25,125
398,48,True,False,True,one_hot,0.17002801599931888,0.17002801599931888,25,126
398,48,True,False,True,lower_bound,0.14958424327199524,0.06307760329410848,25,127
398,48,True,False,True,midpoint,0.14958424327199524,0.09260569335962138,25,128
398,48,True,False,True,midpoint_with_inhaler,0.14958424327199524,0.09260569335962138,25,129
398,48,True,False,True,upper_bound,0.14958424327199524,0.11011280542948493,25,130
398,48,True,False,True,upper_bound_with_inhaler,0.14958424327199524,0.11011280542948493,25,131
447,12,False,False,False,one_hot,0.16178786567861164,0.16178786567861161,89,0
447,12,False,False,False,lower_bound,0.023305373711885784,0.10301903449459793,89,1
447,12,False,False,False,midpoint,0.023305373711885784,0.08272227366514909,89,2
447,12,False,False,False,midpoint_with_inhaler,0.023305373711885784,0.08272227366514909,89,3
447,12,False,False,False,upper_bound,0.023305373711885784,0.06979747517036766,89,4
447,12,False,False,False,upper_bound_with_inhaler,0.023305373711885784,0.06979747517036766,89,5
447,12,False,False,True,one_hot,0.16178786567861164,0.16178786567861161,89,6
447,12,False,False,True,lower_bound,0.023305373711885784,0.10301903449459793,89,7
447,12,False,False,True,midpoint,0.023305373711885784,0.08272227366514909,89,8
447,12,False,False,True,midpoint_with_inhaler,0.023305373711885784,0.08272227366514909,89,9
447,12,False,False,True,upper_bound,0.023305373711885784,0.06979747517036766,89,10
447,12,False,False,True,upper_bound_with_inhaler,0.023305373711885784,0.06979747517036766,89,11
447,12,False,True,False,one_hot,-0.07649063881005001,-0.07649063881005001,89,12
447,12,False,True,False,lower_bound,-0.1648969459463966,-0.1342036326775352,89,13
447,12,False,True,False,midpoint,-0.1648969459463966,-0.12135171461114141,89,14
447,12,False,True,False,midpoint_with_inhaler,-0.1648969459463966,-0.12135171461114141,89,15
447,12,False,True,False,upper_bound,-0.1648969459463966,-0.11074373963464625,89,16
447,12,False,True,False,upper_bound_with_inhaler,-0.1648969459463966,-0.11074373963464625,89,17
447,12,False,True,True,one_hot,-0.07649063881005001,-0.07649063881005001,89,18
447,12,False,True,True,lower_bound,-0.1648969459463966,-0.1342036326775352,89,19
447,12,False,True,True,midpoint,-0.1648969459463966,-0.12135171461114141,89,20
447,12,False,True,True,midpoint_with_inhaler,-0.1648969459463966,-0.12135171461114141,89,21
447,12,False,True,True,upper_bound,-0.1648969459463966,-0.11074373963464625,89,22
447,12,False,True,True,upper_bound_with_inhaler,-0.1648969459463966,-0.11074373963464625,89,23
447,12,True,False,False,one_hot,-0.08181128935292646,-0.08181128935292648,89,24
447,12,True,False,False,lower_bound,-0.11703319136224456,-0.0065993094969589525,89,25
447,12,True,False,False,midpoint,-0.11703319136224456,-0.027116060435918868,89,26
447,12,True,False,False,midpoint_with_inhaler,-0.11703319136224456,-0.027116060435918868,89,27
447,12,True,False,False,upper_bound,-0.11703319136224456,-0.0406773422397275,89,28
447,12,True,False,False,upper_bound_with_inhaler,-0.11703319136224456,-0.0406773422397275,89,29
447,12,True,False,True,one_hot,-0.08181128935292646,-0.08181128935292648,89,30
447,12,True,False,True,lower_bound,-0.11703319136224456,-0.0065993094969589525,89,31
447,12,True,False,True,midpoint,-0.11703319136224456,-0.027116060435918868,89,32
447,12,True,False,True,midpoint_with_inhaler,-0.11703319136224456,-0.027116060435918868,89,33
447,12,True,False,True,upper_bound,-0.11703319136224456,-0.0406773422397275,89,34
447,12,True,False,True,upper_bound_with_inhaler,-0.11703319136224456,-0.0406773422397275,89,35
447,24,False,False,False,one_hot,0.09456950669993847,0.09456950669993845,89,36
447,24,False,False,False,lower_bound,-0.05468060723849129,0.06784543721944403,89,37
447,24,False,False,False,midpoint,-0.05468060723849129,0.03839489453434636,89,38
447,24,False,False,False,midpoint_with_inhaler,-0.05468060723849129,0.03839489453434636,89,39
447,24,False,False,False,upper_bound,-0.05468060723849129,0.01993773743385969,89,40
447,24,False,False,False,upper_bound_with_inhaler,-0.05468060723849129,0.01993773743385969,89,41
447,24,False,False,True,one_hot,0.09456950669993847,0.09456950669993845,89,42
447,24,False,False,True,lower_bound,-0.05468060723849129,0.06784543721944403,89,43
447,24,False,False,True,midpoint,-0.05468060723849129,0.03839489453434636,89,44
447,24,False,False,True,midpoint_with_inhaler,-0.05468060723849129,0.03839489453434636,89,45
447,24,False,False,True,upper_bound,-0.05468060723849129,0.01993773743385969,89,46
447,24,False,False,True,upper_bound_with_inhaler,-0.05468060723849129,0.01993773743385969,89,47
447,24,False,True,False,one_hot,0.07885801885707978,0.0788580188570798,89,48
447,24,False,True,False,lower_bound,0.10514696406481339,0.23577493288301446,89,49
447,24,False,True,False,midpoint,0.10514696406481339,0.20763141307398641,89,50
447,24,False,True,False,midpoint_with_inhaler,0.10514696406481339,0.20763141307398641,89,51
447,24,False,True,False,upper_bound,0.10514696406481339,0.18827683850890717,89,52
447,24,False,True,False,upper_bound_with_inhaler,0.10514696406481339,0.18827683850890717,89,53
447,24,False,True,True,one_hot,0.07885801885707978,0.0788580188570798,89,54
447,24,False,True,True,lower_bound,0.10514696406481339,0.23577493288301446,89,55
447,24,False,True,True,midpoint,0.10514696406481339,0.20763141307398641,89,56
447,24,False,True,True,midpoint_with_inhaler,0.10514696406481339,0.20763141307398641,89,57
447,24,False,True,True,upper_bound,0.10514696406481339,0.18827683850890717,89,58
447,24,False,True,True,upper_bound_with_inhaler,0.10514696406481339,0.18827683850890717,89,59
447,24,True,False,False,one_hot,-0.0627899987698322,-0.06278999876983221,89,60
447,24,True,False,False,lower_bound,0.02527601376878006,0.12278926471384975,89,61
447,24,True,False,False,midpoint,0.02527601376878006,0.07697168416079245,89,62
447,24,True,False,False,midpoint_with_inhaler,0.02527601376878006,0.07697168416079245,89,63
447,24,True,False,False,upper_bound,0.02527601376878006,0.04522781677614988,89,64
447,24,True,False,False,upper_bound_with_inhaler,0.02527601376878006,0.04522781677614988,89,65
447,24,True,False,True,one_hot,-0.0627899987698322,-0.06278999876983221,89,66
447,24,True,False,True,lower_bound,0.02527601376878006,0.12278926471384975,89,67
447,24,True,False,True,midpoint,0.02527601376878006,0.07697168416079245,89,68
447,24,True,False,True,midpoint_with_inhaler,0.02527601376878006,0.07697168416079245,89,69
447,24,True,False,True,upper_bound,0.02527601376878006,0.04522781677614988,89,70
447,24,True,False,True,upper_bound_with_inhaler,0.02527601376878006,0.04522781677614988,89,71
447,36,False,False,False,one_hot,-0.05399625188656497,-0.05399625188656496,89,72
447,36,False,False,False,lower_bound,-0.0008986979167319565,0.19258374405839124,89,73
447,36,False,False,False,midpoint,-0.0008986979167319565,0.15807280762268278,89,74
447,36,False,False,False,midpoint_with_inhaler,-0.0008986979167319565,0.15807280762268278,89,75
447,36,False,False,False,upper_bound,-0.0008986979167319565,0.13355252625016958,89,76
447,36,False,False,False,upper_bound_with_inhaler,-0.0008986979167319565,0.13355252625016958,89,77
447,36,False,False,True,one_hot,-0.05399625188656497,-0.05399625188656496,89,78
447,36,False,False,True,lower_bound,-0.0008986979167319565,0.19258374405839124,89,79
447,36,False,False,True,midpoint,-0.0008986979167319565,0.15807280762268278,89,80
447,36,False,False,True,midpoint_with_inhaler,-0.0008986979167319565,0.15807280762268278,89,81
447,36,False,False,True,upper_bound,-0.0008986979167319565,0.13355252625016958,89,82
447,36,False,False,True,upper_bound_with_inhaler,-0.0008986979167319565,0.13355252625016958,89,83
447,36,True,False,False,one_hot,0.08386377902434156,0.08386377902434161,89,84
447,36,True,False,False,lower_bound,-0.015283770329093367,0.19545536997373564,89,85
447,36,True,False,False,midpoint,-0.015283770329093367,0.15043246569702448,89,86
447,36,True,False,False,midpoint_with_inhaler,-0.015283770329093367,0.15043246569702448,89,87
447,36,True,False,False,upper_bound,-0.015283770329093367,0.12082909918369276,89,88
447,36,True,False,False,upper_bound_with_inhaler,-0.015283770329093367,0.12082909918369276,89,89
447,36,True,False,True,one_hot,0.08386377902434156,0.08386377902434161,89,90
447,36,True,False,True,lower_bound,-0.015283770329093367,0.19545536997373564,89,91
447,36,True,False,True,midpoint,-0.015283770329093367,0.15043246569702448,89,92
447,36,True,False,True,midpoint_with_inhaler,-0.015283770329093367,0.15043246569702448,89,93
447,36,True,False,True,upper_bound,-0.015283770329093367,0.12082909918369276,89,94
447,36,True,False,True,upper_bound_with_inhaler,-0.015283770329093367,0.12082909918369276,89,95
447,48,False,False,False,one_hot,-0.04768555740733141,-0.047685557407331394,89,96
447,48,False,False,False,lower_bound,-0.06406038608217479,0.10181515523547265,89,97
447,48,False,False,False,midpoint,-0.06406038608217479,0.0771906006414109,89,98
447,48,False,False,False,midpoint_with_inhaler,-0.06406038608217479,0.0771906006414109,89,99
447,48,False,False,False,upper_bound,-0.06406038608217479,0.059396084646133405,89,100
447,48,False,False,False,upper_bound_with_inhaler,-0.06406038608217479,0.059396084646133405,89,101
447,48,False,False,True,one_hot,-0.04768555740733141,-0.047685557407331394,89,102
447,48,False,False,True,lower_bound,-0.06406038608217479,0.10181515523547265,89,103
447,48,False,False,True,midpoint,-0.06406038608217479,0.0771906006414109,89,104
447,48,False,False,True,midpoint_with_inhaler,-0.06406038608217479,0.0771906006414109,89,105
447,48,False,False,True,upper_bound,-0.06406038608217479,0.059396084646133405,89,106
447,48,False,False,True,upper_bound_with_inhaler,-0.06406038608217479,0.059396084646133405,89,107
447,48,False,True,False,one_hot,0.10033114099436345,0.10033114099436351,89,108
447,48,False,True,False,lower_bound,-0.01174043753832376,0.02297881242947299,89,109
447,48,False,True,False,midpoint,-0.01174043753832376,0.023992508774447505,89,110
447,48,False,True,False,midpoint_with_inhaler,-0.01174043753832376,0.023992508774447505,89,111
447,48,False,True,False,upper_bound,-0.01174043753832376,0.02157062405754808,89,112
447,48,False,True,False,upper_bound_with_inhaler,-0.01174043753832376,0.02157062405754808,89,113
447,48,False,True,True,one_hot,0.10033114099436345,0.10033114099436351,89,114
447,48,False,True,True,lower_bound,-0.01174043753832376,0.02297881242947299,89,115
447,48,False,True,True,midpoint,-0.01174043753832376,0.023992508774447505,89,116
447,48,False,True,True,midpoint_with_inhaler,-0.01174043753832376,0.023992508774447505,89,117
447,48,False,True,True,upper_bound,-0.01174043753832376,0.02157062405754808,89,118
447,48,False,True,True,upper_bound_with_inhaler,-0.01174043753832376,0.02157062405754808,89,119
447,48,True,False,False,one_hot,-0.09239269397682075,-0.09239269397682076,89,120
447,48,True,False,False,lower_bound,-0.1990184042655513,-0.1361467716149967,89,121
447,48,True,False,False,midpoint,-0.1990184042655513,-0.13786947758505053,89,122
447,48,True,False,False,midpoint_with_inhaler,-0.1990184042655513,-0.13786947758505053,89,123
447,48,True,False,False,upper_bound,-0.1990184042655513,-0.13684982183224378,89,124
447,48,True,False,False,upper_bound_with_inhaler,-0.1990184042655513,-0.13684982183224378,89,125
447,48,True,False,True,one_hot,-0.09239269397682075,-0.09239269397682076,89,126
447,48,True,False,True,lower_bound,-0.1990184042655513,-0.1361467716149967,89,127
447,48,True,False,True,midpoint,-0.1990184042655513,-0.13786947758505053,89,128
447,48,True,False,True,midpoint_with_inhaler,-0.1990184042655513,-0.13786947758505053,89,129
447,48,True,False,True,upper_bound,-0.1990184042655513,-0.13684982183224378,89,130
447,48,True,False,True,upper_bound_with_inhaler,-0.1990184042655513,-0.13684982183224378,89,131
454,12,False,False,False,one_hot,,,2,0
454,12,False,False,False,lower_bound,,,2,1
454,12,False,False,False,midpoint,,,2,2
454,12,False,False,False,midpoint_with_inhaler,,,2,3
454,12,False,False,False,upper_bound,,,2,4
454,12,False,False,False,upper_bound_with_inhaler,,,2,5
454,12,False,False,True,one_hot,,,2,6
454,12,False,False,True,lower_bound,,,2,7
454,12,False,False,True,midpoint,,,2,8
454,12,False,False,True,midpoint_with_inhaler,,,2,9
454,12,False,False,True,upper_bound,,,2,10
454,12,False,False,True,upper_bound_with_inhaler,,,2,11
454,12,False,True,False,one_hot,,,2,12
454,12,False,True,False,lower_bound,,,2,13
454,12,False,True,False,midpoint,,,2,14
454,12,False,True,False,midpoint_with_inhaler,,,2,15
454,12,False,True,False,upper_bound,,,2,16
454,12,False,True,False,upper_bound_with_inhaler,,,2,17
454,12,False,True,True,one_hot,,,2,18
454,12,False,True,True,lower_bound,,,2,19
454,12,False,True,True,midpoint,,,2,20
454,12,False,True,True,midpoint_with_inhaler,,,2,21
454,12,False,True,True,upper_bound,,,2,22
454,12,False,True,True,upper_bound_with_inhaler,,,2,23
454,12,True,False,False,one_hot,,,2,24
454,12,True,False,False,lower_bound,,,2,25
454,12,True,False,False,midpoint,,,2,26
454,12,True,False,False,midpoint_with_inhaler,,,2,27
454,12,True,False,False,upper_bound,,,2,28
454,12,True,False,False,upper_bound_with_inhaler,,,2,29
454,12,True,False,True,one_hot,,,2,30
454,12,True,False,True,lower_bound,,,2,31
454,12,True,False,True,midpoint,,,2,32
454,12,True,False,True,midpoint_with_inhaler,,,2,33
454,12,True,False,True,upper_bound,,,2,34
454,12,True,False,True,upper_bound_with_inhaler,,,2,35
454,24,False,False,False,one_hot,,,2,36
454,24,False,False,False,lower_bound,,,2,37
454,24,False,False,False,midpoint,,,2,38
454,24,False,False,False,midpoint_with_inhaler,,,2,39
454,24,False,False,False,upper_bound,,,2,40
454,24,False,False,False,upper_bound_with_inhaler,,,2,41
454,24,False,False,True,one_hot,,,2,42
454,24,False,False,True,lower_bound,,,2,43
454,24,False,False,True,midpoint,,,2,44
454,24,False,False,True,midpoint_with_inhaler,,,2,45
454,24,False,False,True,upper_bound,,,2,46
454,24,False,False,True,upper_bound_with_inhaler,,,2,47
454,24,False,True,False,one_hot,,,2,48
454,24,False,True,False,lower_bound,,,2,49
454,24,False,True,False,midpoint,,,2,50
454,24,False,True,False,midpoint_with_inhaler,,,2,51
454,24,False,True,False,upper_bound,,,2,52
454,24,False,True,False,upper_bound_with_inhaler,,,2,53
454,24,False,True,True,one_hot,,,2,54
454,24,False,True,True,lower_bound,,,2,55
454,24,False,True,True,midpoint,,,2,56
454,24,False,True,True,midpoint_with_inhaler,,,2,57
454,24,False,True,True,upper_bound,,,2,58
454,24,False,True,True,upper_bound_with_inhaler,,,2,59
454,24,True,False,False,one_hot,,,2,60
454,24,True,False,False,lower_bound,,,2,61
454,24,True,False,False,midpoint,,,2,62
454,24,True,False,False,midpoint_with_inhaler,,,2,63
454,24,True,False,False,upper_bound,,,2,64
454,24,True,False,False,upper_bound_with_inhaler,,,2,65
454,24,True,False,True,one_hot,,,2,66
454,24,True,False,True,lower_bound,,,2,67
454,24,True,False,True,midpoint,,,2,68
454,24,True,False,True,midpoint_with_inhaler,,,2,69
454,24,True,False,True,upper_bound,,,2,70
454,24,True,False,True,upper_bound_with_inhaler,,,2,71
454,36,False,False,False,one_hot,,,2,72
454,36,False,False,False,lower_bound,,,2,73
454,36,False,False,False,midpoint,,,2,74
454,36,False,False,False,midpoint_with_inhaler,,,2,75
454,36,False,False,False,upper_bound,,,2,76
454,36,False,False,False,upper_bound_with_inhaler,,,2,77
454,36,False,False,True,one_hot,,,2,78
454,36,False,False,True,lower_bound,,,2,79
454,36,False,False,True,midpoint,,,2,80
454,36,False,False,True,midpoint_with_inhaler,,,2,81
454,36,False,False,True,upper_bound,,,2,82
454,36,False,False,True,upper_bound_with_inhaler,,,2,83
454,36,True,False,False,one_hot,,,2,84
454,36,True,False,False,lower_bound,,,2,85
454,36,True,False,False,midpoint,,,2,86
454,36,True,False,False,midpoint_with_inhaler,,,2,87
454,36,True,False,False,upper_bound,,,2,88
454,36,True,False,False,upper_bound_with_inhaler,,,2,89
454,36,True,False,True,one_hot,,,2,90
454,36,True,False,True,lower_bound,,,2,91
454,36,True,False,True,midpoint,,,2,92
454,36,True,False,True,midpoint_with_inhaler,,,2,93
454,36,True,False,True,upper_bound,,,2,94
454,36,True,False,True,upper_bound_with_inhaler,,,2,95
454,48,False,False,False,one_hot,,,2,96
454,48,False,False,False,lower_bound,,,2,97
454,48,False,False,False,midpoint,,,2,98
454,48,False,False,False,midpoint_with_inhaler,,,2,99
454,48,False,False,False,upper_bound,,,2,100
454,48,False,False,False,upper_bound_with_inhaler,,,2,101
454,48,False,False,True,one_hot,,,2,102
454,48,False,False,True,lower_bound,,,2,103
454,48,False,False,True,midpoint,,,2,104
454,48,False,False,True,midpoint_with_inhaler,,,2,105
454,48,False,False,True,upper_bound,,,2,106
454,48,False,False,True,upper_bound_with_inhaler,,,2,107
454,48,False,True,False,one_hot,,,2,108
454,48,False,True,False,lower_bound,,,2,109
454,48,False,True,False,midpoint,,,2,110
454,48,False,True,False,midpoint_with_inhaler,,,2,111
454,48,False,True,False,upper_bound,,,2,112
454,48,False,True,False,upper_bound_with_inhaler,,,2,113
454,48,False,True,True,one_hot,,,2,114
454,48,False,True,True,lower_bound,,,2,115
454,48,False,True,True,midpoint,,,2,116
454,48,False,True,True,midpoint_with_inhaler,,,2,117
454,48,False,True,True,upper_bound,,,2,118
454,48,False,True,True,upper_bound_with_inhaler,,,2,119
454,48,True,False,False,one_hot,,,2,120
454,48,True,False,False,lower_bound,,,2,121
454,48,True,False,False,midpoint,,,2,122
454,48,True,False,False,midpoint_with_inhaler,,,2,123
454,48,True,False,False,upper_bound,,,2,124
454,48,True,False,False,upper_bound_with_inhaler,,,2,125
454,48,True,False,True,one_hot,,,2,126
454,48,True,False,True,lower_bound,,,2,127
454,48,True,False,True,midpoint,,,2,128
454,48,True,False,True,midpoint_with_inhaler,,,2,129
454,48,True,False,True,upper_bound,,,2,130
454,48,True,False,True,upper_bound_with_inhaler,,,2,131
473,12,False,False,False,one_hot,0.18289535829948958,0.1828953582994896,69,0
473,12,False,False,False,lower_bound,0.5455184499464933,0.8616622955203835,69,1
473,12,False,False,False,midpoint,0.5455184499464933,0.8365484163990837,69,2
473,12,False,False,False,midpoint_with_inhaler,0.5455184499464933,0.8365484163990837,69,3
473,12,False,False,False,upper_bound,0.5455184499464933,0.8047691162395761,69,4
473,12,False,False,False,upper_bound_with_inhaler,0.5455184499464933,0.8047691162395761,69,5
473,12,False,False,True,one_hot,0.18289535829948958,0.1828953582994896,69,6
473,12,False,False,True,lower_bound,0.5455184499464933,0.8616622955203835,69,7
473,12,False,False,True,midpoint,0.5455184499464933,0.8365484163990837,69,8
473,12,False,False,True,midpoint_with_inhaler,0.5455184499464933,0.8365484163990837,69,9
473,12,False,False,True,upper_bound,0.5455184499464933,0.8047691162395761,69,10
473,12,False,False,True,upper_bound_with_inhaler,0.5455184499464933,0.8047691162395761,69,11
473,12,False,True,False,one_hot,0.36629617886395877,0.36629617886395877,69,12
473,12,False,True,False,lower_bound,0.6646907835886817,0.9009233933782982,69,13
473,12,False,True,False,midpoint,0.6646907835886817,0.9685718775505351,69,14
473,12,False,True,False,midpoint_with_inhaler,0.6646907835886817,0.9685718775505351,69,15
473,12,False,True,False,upper_bound,0.6646907835886817,1.010654168490726,69,16
473,12,False,True,False,upper_bound_with_inhaler,0.6646907835886817,1.010654168490726,69,17
473,12,False,True,True,one_hot,0.36629617886395877,0.36629617886395877,69,18
473,12,False,True,True,lower_bound,0.6646907835886817,0.9009233933782982,69,19
473,12,False,True,True,midpoint,0.6646907835886817,0.9685718775505351,69,20
473,12,False,True,True,midpoint_with_inhaler,0.6646907835886817,0.9685718775505351,69,21
473,12,False,True,True,upper_bound,0.6646907835886817,1.010654168490726,69,22
473,12,False,True,True,upper_bound_with_inhaler,0.6646907835886817,1.010654168490726,69,23
473,12,True,False,False,one_hot,0.1975669224926018,0.19756692249260174,69,24
473,12,True,False,False,lower_bound,0.5073233850899976,0.6948427419437825,69,25
473,12,True,False,False,midpoint,0.5073233850899976,0.772544541373051,69,26
473,12,True,False,False,midpoint_with_inhaler,0.5073233850899976,0.772544541373051,69,27
473,12,True,False,False,upper_bound,0.5073233850899976,0.8257826741034309,69,28
473,12,True,False,False,upper_bound_with_inhaler,0.5073233850899976,0.8257826741034309,69,29
473,12,True,False,True,one_hot,0.1975669224926018,0.19756692249260174,69,30
473,12,True,False,True,lower_bound,0.5073233850899976,0.6948427419437825,69,31
473,12,True,False,True,midpoint,0.5073233850899976,0.772544541373051,69,32
473,12,True,False,True,midpoint_with_inhaler,0.5073233850899976,0.772544541373051,69,33
473,12,True,False,True,upper_bound,0.5073233850899976,0.8257826741034309,69,34
473,12,True,False,True,upper_bound_with_inhaler,0.5073233850899976,0.8257826741034309,69,35
473,24,False,False,False,one_hot,0.30881364617414214,0.3088136461741421,69,36
473,24,False,False,False,lower_bound,0.7738025449626672,1.0791882828424295,69,37
473,24,False,False,False,midpoint,0.7738025449626672,1.1069960986930891,69,38
473,24,False,False,False,midpoint_with_inhaler,0.7738025449626672,1.1069960986930891,69,39
473,24,False,False,False,upper_bound,0.7738025449626672,1.111387932788233,69,40
473,24,False,False,False,upper_bound_with_inhaler,0.7738025449626672,1.111387932788233,69,41
473,24,False,False,True,one_hot,0.30881364617414214,0.3088136461741421,69,42
473,24,False,False,True,lower_bound,0.7738025449626672,1.0791882828424295,69,43
473,24,False,False,True,midpoint,0.7738025449626672,1.1069960986930891,69,44
473,24,False,False,True,midpoint_with_inhaler,0.7738025449626672,1.1069960986930891,69,45
473,24,False,False,True,upper_bound,0.7738025449626672,1.111387932788233,69,46
473,24,False,False,True,upper_bound_with_inhaler,0.7738025449626672,1.111387932788233,69,47
473,24,False,True,False,one_hot,-0.013607996367304913,-0.013607996367304934,69,48
473,24,False,True,False,lower_bound,0.37530587909414176,0.5233448048879238,69,49
473,24,False,True,False,midpoint,0.37530587909414176,0.517784538971967,69,50
473,24,False,True,False,midpoint_with_inhaler,0.37530587909414176,0.517784538971967,69,51
473,24,False,True,False,upper_bound,0.37530587909414176,0.510461960889984,69,52
473,24,False,True,False,upper_bound_with_inhaler,0.37530587909414176,0.510461960889984,69,53
473,24,False,True,True,one_hot,-0.013607996367304913,-0.013607996367304934,69,54
473,24,False,True,True,lower_bound,0.37530587909414176,0.5233448048879238,69,55
473,24,False,True,True,midpoint,0.37530587909414176,0.517784538971967,69,56
473,24,False,True,True,midpoint_with_inhaler,0.37530587909414176,0.517784538971967,69,57
473,24,False,True,True,upper_bound,0.37530587909414176,0.510461960889984,69,58
473,24,False,True,True,upper_bound_with_inhaler,0.37530587909414176,0.510461960889984,69,59
473,24,True,False,False,one_hot,0.25793953725718627,0.25793953725718627,69,60
473,24,True,False,False,lower_bound,0.6077171706583593,0.9414620992137905,69,61
473,24,True,False,False,midpoint,0.6077171706583593,0.9857008196434813,69,62
473,24,True,False,False,midpoint_with_inhaler,0.6077171706583593,0.9857008196434813,69,63
473,24,True,False,False,upper_bound,0.6077171706583593,1.0050471769506335,69,64
473,24,True,False,False,upper_bound_with_inhaler,0.6077171706583593,1.0050471769506335,69,65
473,24,True,False,True,one_hot,0.25793953725718627,0.25793953725718627,69,66
473,24,True,False,True,lower_bound,0.6077171706583593,0.9414620992137905,69,67
473,24,True,False,True,midpoint,0.6077171706583593,0.9857008196434813,69,68
473,24,True,False,True,midpoint_with_inhaler,0.6077171706583593,0.9857008196434813,69,69
473,24,True,False,True,upper_bound,0.6077171706583593,1.0050471769506335,69,70
473,24,True,False,True,upper_bound_with_inhaler,0.6077171706583593,1.0050471769506335,69,71
473,36,False,False,False,one_hot,-0.08038380700403039,-0.08038380700403036,69,72
473,36,False,False,False,lower_bound,0.6443727422611694,0.9014661765701634,69,73
473,36,False,False,False,midpoint,0.6443727422611694,0.8709572901718529,69,74
473,36,False,False,False,midpoint_with_inhaler,0.6443727422611694,0.9134128207602532,69,75
473,36,False,False,False,upper_bound,0.6398094862680658,0.8276127074582451,69,76
473,36,False,False,False,upper_bound_with_inhaler,0.6443727422611694,0.9145635331522434,69,77
473,36,False,False,True,one_hot,-0.08038380700403039,-0.08038380700403036,69,78
473,36,False,False,True,lower_bound,0.6443727422611694,0.9014661765701634,69,79
473,36,False,False,True,midpoint,0.6443727422611694,0.8709572901718529,69,80
473,36,False,False,True,midpoint_with_inhaler,0.6443727422611694,0.9134128207602532,69,81
473,36,False,False,True,upper_bound,0.6398094862680658,0.8276127074582451,69,82
473,36,False,False,True,upper_bound_with_inhaler,0.6443727422611694,0.9145635331522434,69,83
473,36,True,False,False,one_hot,0.17687799610674987,0.1768779961067498,69,84
473,36,True,False,False,lower_bound,0.508249100645429,0.6841423108641098,69,85
473,36,True,False,False,midpoint,0.508249100645429,0.6786052340894451,69,86
473,36,True,False,False,midpoint_with_inhaler,0.508249100645429,0.6786052340894451,69,87
473,36,True,False,False,upper_bound,0.508249100645429,0.6701085075981711,69,88
473,36,True,False,False,upper_bound_with_inhaler,0.508249100645429,0.6701085075981711,69,89
473,36,True,False,True,one_hot,0.17687799610674987,0.1768779961067498,69,90
473,36,True,False,True,lower_bound,0.508249100645429,0.6841423108641098,69,91
473,36,True,False,True,midpoint,0.508249100645429,0.6786052340894451,69,92
473,36,True,False,True,midpoint_with_inhaler,0.508249100645429,0.6786052340894451,69,93
473,36,True,False,True,upper_bound,0.508249100645429,0.6701085075981711,69,94
473,36,True,False,True,upper_bound_with_inhaler,0.508249100645429,0.6701085075981711,69,95
473,48,False,False,False,one_hot,-0.0803838070040304,-0.08038380700403039,69,96
473,48,False,False,False,lower_bound,0.5449949620426691,0.8449398533471278,69,97
473,48,False,False,False,midpoint,0.5449949620426691,0.8166184303827163,69,98
473,48,False,False,False,midpoint_with_inhaler,0.5449949620426691,0.8435966444735055,69,99
473,48,False,False,False,upper_bound,0.5418503105226798,0.7763226901929147,69,100
473,48,False,False,False,upper_bound_with_inhaler,0.5449949620426691,0.8333020778082485,69,101
473,48,False,False,True,one_hot,-0.0803838070040304,-0.08038380700403039,69,102
473,48,False,False,True,lower_bound,0.5449949620426691,0.8449398533471278,69,103
473,48,False,False,True,midpoint,0.5449949620426691,0.8166184303827163,69,104
473,48,False,False,True,midpoint_with_inhaler,0.5449949620426691,0.8435966444735055,69,105
473,48,False,False,True,upper_bound,0.5418503105226798,0.7763226901929147,69,106
473,48,False,False,True,upper_bound_with_inhaler,0.5449949620426691,0.8333020778082485,69,107
473,48,False,True,False,one_hot,0.024402344327468014,0.024402344327468035,69,108
473,48,False,True,False,lower_bound,0.28812270989156186,0.3132604852365467,69,109
473,48,False,True,False,midpoint,0.28812270989156186,0.3318520884365762,69,110
473,48,False,True,False,midpoint_with_inhaler,0.28812270989156186,0.3318520884365762,69,111
473,48,False,True,False,upper_bound,0.28812270989156186,0.34130618195788454,69,112
473,48,False,True,False,upper_bound_with_inhaler,0.28812270989156186,0.34130618195788454,69,113
473,48,False,True,True,one_hot,0.024402344327468014,0.024402344327468035,69,114
473,48,False,True,True,lower_bound,0.28812270989156186,0.3132604852365467,69,115
473,48,False,True,True,midpoint,0.28812270989156186,0.3318520884365762,69,116
473,48,False,True,True,midpoint_with_inhaler,0.28812270989156186,0.3318520884365762,69,117
473,48,False,True,True,upper_bound,0.28812270989156186,0.34130618195788454,69,118
473,48,False,True,True,upper_bound_with_inhaler,0.28812270989156186,0.34130618195788454,69,119
473,48,True,False,False,one_hot,0.09096444479772584,0.09096444479772584,69,120
473,48,True,False,False,lower_bound,0.3959052357235541,0.5380210640952386,69,121
473,48,True,False,False,midpoint,0.3959052357235541,0.5347454682869293,69,122
473,48,True,False,False,midpoint_with_inhaler,0.3959052357235541,0.5347454682869293,69,123
473,48,True,False,False,upper_bound,0.3959052357235541,0.5274086069615004,69,124
473,48,True,False,False,upper_bound_with_inhaler,0.3959052357235541,0.5274086069615004,69,125
473,48,True,False,True,one_hot,0.09096444479772584,0.09096444479772584,69,126
473,48,True,False,True,lower_bound,0.3959052357235541,0.5380210640952386,69,127
473,48,True,False,True,midpoint,0.3959052357235541,0.5347454682869293,69,128
473,48,True,False,True,midpoint_with_inhaler,0.3959052357235541,0.5347454682869293,69,129
473,48,True,False,True,upper_bound,0.3959052357235541,0.5274086069615004,69,130
473,48,True,False,True,upper_bound_with_inhaler,0.3959052357235541,0.5274086069615004,69,131
514,12,False,False,False,one_hot,0.21652209511742332,0.21652209511742332,36,0
514,12,False,False,False,lower_bound,0.21652209511742332,0.21652209511742332,36,1
514,12,False,False,False,midpoint,0.21652209511742332,0.21652209511742332,36,2
514,12,False,False,False,midpoint_with_inhaler,0.21652209511742332,0.21652209511742332,36,3
514,12,False,False,False,upper_bound,0.21652209511742332,0.21652209511742332,36,4
514,12,False,False,False,upper_bound_with_inhaler,0.21652209511742332,0.21652209511742332,36,5
514,12,False,False,True,one_hot,0.21652209511742332,0.21652209511742332,36,6
514,12,False,False,True,lower_bound,0.21652209511742332,0.21652209511742332,36,7
514,12,False,False,True,midpoint,0.21652209511742332,0.21652209511742332,36,8
514,12,False,False,True,midpoint_with_inhaler,0.21652209511742332,0.21652209511742332,36,9
514,12,False,False,True,upper_bound,0.21652209511742332,0.21652209511742332,36,10
514,12,False,False,True,upper_bound_with_inhaler,0.21652209511742332,0.21652209511742332,36,11
514,12,False,True,False,one_hot,0.45549013972194474,0.45549013972194474,36,12
514,12,False,True,False,lower_bound,0.45549013972194474,0.45549013972194474,36,13
514,12,False,True,False,midpoint,0.45549013972194474,0.45549013972194474,36,14
514,12,False,True,False,midpoint_with_inhaler,0.45549013972194474,0.45549013972194474,36,15
514,12,False,True,False,upper_bound,0.45549013972194474,0.45549013972194474,36,16
514,12,False,True,False,upper_bound_with_inhaler,0.45549013972194474,0.45549013972194474,36,17
514,12,False,True,True,one_hot,0.45549013972194474,0.45549013972194474,36,18
514,12,False,True,True,lower_bound,0.45549013972194474,0.45549013972194474,36,19
514,12,False,True,True,midpoint,0.45549013972194474,0.45549013972194474,36,20
514,12,False,True,True,midpoint_with_inhaler,0.45549013972194474,0.45549013972194474,36,21
514,12,False,True,True,upper_bound,0.45549013972194474,0.45549013972194474,36,22
514,12,False,True,True,upper_bound_with_inhaler,0.45549013972194474,0.45549013972194474,36,23
514,12,True,False,False,one_hot,0.20738817379102845,0.20738817379102845,36,24
514,12,True,False,False,lower_bound,0.20738817379102845,0.20738817379102845,36,25
514,12,True,False,False,midpoint,0.20738817379102845,0.20738817379102856,36,26
514,12,True,False,False,midpoint_with_inhaler,0.20738817379102845,0.20738817379102856,36,27
514,12,True,False,False,upper_bound,0.20738817379102845,0.20738817379102845,36,28
514,12,True,False,False,upper_bound_with_inhaler,0.20738817379102845,0.20738817379102845,36,29
514,12,True,False,True,one_hot,0.20738817379102845,0.20738817379102845,36,30
514,12,True,False,True,lower_bound,0.20738817379102845,0.20738817379102845,36,31
514,12,True,False,True,midpoint,0.20738817379102845,0.20738817379102856,36,32
514,12,True,False,True,midpoint_with_inhaler,0.20738817379102845,0.20738817379102856,36,33
514,12,True,False,True,upper_bound,0.20738817379102845,0.20738817379102845,36,34
514,12,True,False,True,upper_bound_with_inhaler,0.20738817379102845,0.20738817379102845,36,35
514,24,False,False,False,one_hot,0.1722439759948226,0.1722439759948226,36,36
514,24,False,False,False,lower_bound,0.1722439759948226,0.1722439759948226,36,37
514,24,False,False,False,midpoint,0.1722439759948226,0.1722439759948226,36,38
514,24,False,False,False,midpoint_with_inhaler,0.1722439759948226,0.1722439759948226,36,39
514,24,False,False,False,upper_bound,0.1722439759948226,0.1722439759948226,36,40
514,24,False,False,False,upper_bound_with_inhaler,0.1722439759948226,0.1722439759948226,36,41
514,24,False,False,True,one_hot,0.1722439759948226,0.1722439759948226,36,42
514,24,False,False,True,lower_bound,0.1722439759948226,0.1722439759948226,36,43
514,24,False,False,True,midpoint,0.1722439759948226,0.1722439759948226,36,44
514,24,False,False,True,midpoint_with_inhaler,0.1722439759948226,0.1722439759948226,36,45
514,24,False,False,True,upper_bound,0.1722439759948226,0.1722439759948226,36,46
514,24,False,False,True,upper_bound_with_inhaler,0.1722439759948226,0.1722439759948226,36,47
514,24,False,True,False,one_hot,0.09958624552579487,0.09958624552579484,36,48
514,24,False,True,False,lower_bound,0.09958624552579487,0.09958624552579484,36,49
514,24,False,True,False,midpoint,0.09958624552579487,0.09958624552579487,36,50
514,24,False,True,False,midpoint_with_inhaler,0.09958624552579487,0.09958624552579487,36,51
514,24,False,True,False,upper_bound,0.09958624552579487,0.09958624552579484,36,52
514,24,False,True,False,upper_bound_with_inhaler,0.09958624552579487,0.09958624552579484,36,53
514,24,False,True,True,one_hot,0.09958624552579487,0.09958624552579484,36,54
514,24,False,True,True,lower_bound,0.09958624552579487,0.09958624552579484,36,55
514,24,False,True,True,midpoint,0.09958624552579487,0.09958624552579487,36,56
514,24,False,True,True,midpoint_with_inhaler,0.09958624552579487,0.09958624552579487,36,57
514,24,False,True,True,upper_bound,0.09958624552579487,0.09958624552579484,36,58
514,24,False,True,True,upper_bound_with_inhaler,0.09958624552579487,0.09958624552579484,36,59
514,24,True,False,False,one_hot,0.1912814998209284,0.19128149982092846,36,60
514,24,True,False,False,lower_bound,0.1912814998209284,0.19128149982092846,36,61
514,24,True,False,False,midpoint,0.1912814998209284,0.1912814998209285,36,62
514,24,True,False,False,midpoint_with_inhaler,0.1912814998209284,0.1912814998209285,36,63
514,24,True,False,False,upper_bound,0.1912814998209284,0.19128149982092846,36,64
514,24,True,False,False,upper_bound_with_inhaler,0.1912814998209284,0.19128149982092846,36,65
514,24,True,False,True,one_hot,0.1912814998209284,0.19128149982092846,36,66
514,24,True,False,True,lower_bound,0.1912814998209284,0.19128149982092846,36,67
514,24,True,False,True,midpoint,0.1912814998209284,0.1912814998209285,36,68
514,24,True,False,True,midpoint_with_inhaler,0.1912814998209284,0.1912814998209285,36,69
514,24,True,False,True,upper_bound,0.1912814998209284,0.19128149982092846,36,70
514,24,True,False,True,upper_bound_with_inhaler,0.1912814998209284,0.19128149982092846,36,71
514,36,False,False,False,one_hot,0.0426660140106904,0.0426660140106904,36,72
514,36,False,False,False,lower_bound,0.0426660140106904,0.0426660140106904,36,73
514,36,False,False,False,midpoint,0.0426660140106904,0.042666014010690374,36,74
514,36,False,False,False,midpoint_with_inhaler,0.0426660140106904,0.042666014010690374,36,75
514,36,False,False,False,upper_bound,0.0426660140106904,0.0426660140106904,36,76
514,36,False,False,False,upper_bound_with_inhaler,0.0426660140106904,0.0426660140106904,36,77
514,36,False,False,True,one_hot,0.0426660140106904,0.0426660140106904,36,78
514,36,False,False,True,lower_bound,0.0426660140106904,0.0426660140106904,36,79
514,36,False,False,True,midpoint,0.0426660140106904,0.042666014010690374,36,80
514,36,False,False,True,midpoint_with_inhaler,0.0426660140106904,0.042666014010690374,36,81
514,36,False,False,True,upper_bound,0.0426660140106904,0.0426660140106904,36,82
514,36,False,False,True,upper_bound_with_inhaler,0.0426660140106904,0.0426660140106904,36,83
514,36,True,False,False,one_hot,0.09958624552579488,0.09958624552579484,36,84
514,36,True,False,False,lower_bound,0.09958624552579488,0.09958624552579484,36,85
514,36,True,False,False,midpoint,0.09958624552579488,0.09958624552579487,36,86
514,36,True,False,False,midpoint_with_inhaler,0.09958624552579488,0.09958624552579487,36,87
514,36,True,False,False,upper_bound,0.09958624552579488,0.09958624552579484,36,88
514,36,True,False,False,upper_bound_with_inhaler,0.09958624552579488,0.09958624552579484,36,89
514,36,True,False,True,one_hot,0.09958624552579488,0.09958624552579484,36,90
514,36,True,False,True,lower_bound,0.09958624552579488,0.09958624552579484,36,91
514,36,True,False,True,midpoint,0.09958624552579488,0.09958624552579487,36,92
514,36,True,False,True,midpoint_with_inhaler,0.09958624552579488,0.09958624552579487,36,93
514,36,True,False,True,upper_bound,0.09958624552579488,0.09958624552579484,36,94
514,36,True,False,True,upper_bound_with_inhaler,0.09958624552579488,0.09958624552579484,36,95
514,48,False,False,False,one_hot,0.3752423217587649,0.37524232175876476,36,96
514,48,False,False,False,lower_bound,0.3752423217587649,0.37524232175876476,36,97
514,48,False,False,False,midpoint,0.3752423217587649,0.3752423217587649,36,98
514,48,False,False,False,midpoint_with_inhaler,0.3752423217587649,0.3752423217587649,36,99
514,48,False,False,False,upper_bound,0.3752423217587649,0.37524232175876476,36,100
514,48,False,False,False,upper_bound_with_inhaler,0.3752423217587649,0.37524232175876476,36,101
514,48,False,False,True,one_hot,0.3752423217587649,0.37524232175876476,36,102
514,48,False,False,True,lower_bound,0.3752423217587649,0.37524232175876476,36,103
514,48,False,False,True,midpoint,0.3752423217587649,0.3752423217587649,36,104
514,48,False,False,True,midpoint_with_inhaler,0.3752423217587649,0.3752423217587649,36,105
514,48,False,False,True,upper_bound,0.3752423217587649,0.37524232175876476,36,106
514,48,False,False,True,upper_bound_with_inhaler,0.3752423217587649,0.37524232175876476,36,107
514,48,False,True,False,one_hot,0.1722439759948226,0.1722439759948226,36,108
514,48,False,True,False,lower_bound,0.1722439759948226,0.1722439759948226,36,109
514,48,False,True,False,midpoint,0.1722439759948226,0.1722439759948226,36,110
514,48,False,True,False,midpoint_with_inhaler,0.1722439759948226,0.1722439759948226,36,111
514,48,False,True,False,upper_bound,0.1722439759948226,0.1722439759948226,36,112
514,48,False,True,False,upper_bound_with_inhaler,0.1722439759948226,0.1722439759948226,36,113
514,48,False,True,True,one_hot,0.1722439759948226,0.1722439759948226,36,114
514,48,False,True,True,lower_bound,0.1722439759948226,0.1722439759948226,36,115
514,48,False,True,True,midpoint,0.1722439759948226,0.1722439759948226,36,116
514,48,False,True,True,midpoint_with_inhaler,0.1722439759948226,0.1722439759948226,36,117
514,48,False,True,True,upper_bound,0.1722439759948226,0.1722439759948226,36,118
514,48,False,True,True,upper_bound_with_inhaler,0.1722439759948226,0.1722439759948226,36,119
514,48,True,False,False,one_hot,0.0879317322780996,0.08793173227809964,36,120
514,48,True,False,False,lower_bound,0.0879317322780996,0.08793173227809964,36,121
514,48,True,False,False,midpoint,0.0879317322780996,0.08793173227809961,36,122
514,48,True,False,False,midpoint_with_inhaler,0.0879317322780996,0.08793173227809961,36,123
514,48,True,False,False,upper_bound,0.0879317322780996,0.08793173227809964,36,124
514,48,True,False,False,upper_bound_with_inhaler,0.0879317322780996,0.08793173227809964,36,125
514,48,True,False,True,one_hot,0.0879317322780996,0.08793173227809964,36,126
514,48,True,False,True,lower_bound,0.0879317322780996,0.08793173227809964,36,127
514,48,True,False,True,midpoint,0.0879317322780996,0.08793173227809961,36,128
514,48,True,False,True,midpoint_with_inhaler,0.0879317322780996,0.08793173227809961,36,129
514,48,True,False,True,upper_bound,0.0879317322780996,0.08793173227809964,36,130
514,48,True,False,True,upper_bound_with_inhaler,0.0879317322780996,0.08793173227809964,36,131
625,12,False,False,False,one_hot,0.24275390789085044,0.24275390789085044,16,0
625,12,False,False,False,lower_bound,0.22470495166439292,0.18296029334909988,16,1
625,12,False,False,False,midpoint,0.22470495166439292,0.20159816399794525,16,2
625,12,False,False,False,midpoint_with_inhaler,0.22470495166439292,0.20159816399794525,16,3
625,12,False,False,False,upper_bound,0.22470495166439292,0.21315069886999852,16,4
625,12,False,False,False,upper_bound_with_inhaler,0.22470495166439292,0.21315069886999852,16,5
625,12,False,False,True,one_hot,0.24275390789085044,0.24275390789085044,16,6
625,12,False,False,True,lower_bound,0.22470495166439292,0.18296029334909988,16,7
625,12,False,False,True,midpoint,0.22470495166439292,0.20159816399794525,16,8
625,12,False,False,True,midpoint_with_inhaler,0.22470495166439292,0.20159816399794525,16,9
625,12,False,False,True,upper_bound,0.22470495166439292,0.21315069886999852,16,10
625,12,False,False,True,upper_bound_with_inhaler,0.22470495166439292,0.21315069886999852,16,11
625,12,False,True,False,one_hot,0.5395654417108194,0.5395654417108194,16,12
625,12,False,True,False,lower_bound,0.6283139327605345,0.38959017461329865,16,13
625,12,False,True,False,midpoint,0.6283139327605345,0.41645129186244,16,14
625,12,False,True,False,midpoint_with_inhaler,0.6283139327605345,0.41645129186244,16,15
625,12,False,True,False,upper_bound,0.6283139327605345,0.4352137370045932,16,16
625,12,False,True,False,upper_bound_with_inhaler,0.6283139327605345,0.4352137370045932,16,17
625,12,False,True,True,one_hot,0.5395654417108194,0.5395654417108194,16,18
625,12,False,True,True,lower_bound,0.6283139327605345,0.38959017461329865,16,19
625,12,False,True,True,midpoint,0.6283139327605345,0.41645129186244,16,20
625,12,False,True,True,midpoint_with_inhaler,0.6283139327605345,0.41645129186244,16,21
625,12,False,True,True,upper_bound,0.6283139327605345,0.4352137370045932,16,22
625,12,False,True,True,upper_bound_with_inhaler,0.6283139327605345,0.4352137370045932,16,23
625,12,True,False,False,one_hot,0.22454648570222732,0.22454648570222732,16,24
625,12,True,False,False,lower_bound,0.18224790491150353,0.04711603561363174,16,25
625,12,True,False,False,midpoint,0.18224790491150353,0.09919265658969685,16,26
625,12,True,False,False,midpoint_with_inhaler,0.18224790491150353,0.09919265658969685,16,27
625,12,True,False,False,upper_bound,0.18224790491150353,0.13566621692841307,16,28
625,12,True,False,False,upper_bound_with_inhaler,0.18224790491150353,0.13566621692841307,16,29
625,12,True,False,True,one_hot,0.22454648570222732,0.22454648570222732,16,30
625,12,True,False,True,lower_bound,0.18224790491150353,0.04711603561363174,16,31
625,12,True,False,True,midpoint,0.18224790491150353,0.09919265658969685,16,32
625,12,True,False,True,midpoint_with_inhaler,0.18224790491150353,0.09919265658969685,16,33
625,12,True,False,True,upper_bound,0.18224790491150353,0.13566621692841307,16,34
625,12,True,False,True,upper_bound_with_inhaler,0.18224790491150353,0.13566621692841307,16,35
625,24,False,False,False,one_hot,0.24275390789085044,0.24275390789085044,16,36
625,24,False,False,False,lower_bound,0.2534922796977994,-0.009096298304133162,16,37
625,24,False,False,False,midpoint,0.2534922796977994,-0.0014611635165828903,16,38
625,24,False,False,False,midpoint_with_inhaler,0.2534922796977994,-0.0014611635165828903,16,39
625,24,False,False,False,upper_bound,0.2534922796977994,0.0,16,40
625,24,False,False,False,upper_bound_with_inhaler,0.2534922796977994,0.0,16,41
625,24,False,False,True,one_hot,0.24275390789085044,0.24275390789085044,16,42
625,24,False,False,True,lower_bound,0.2534922796977994,-0.009096298304133162,16,43
625,24,False,False,True,midpoint,0.2534922796977994,-0.0014611635165828903,16,44
625,24,False,False,True,midpoint_with_inhaler,0.2534922796977994,-0.0014611635165828903,16,45
625,24,False,False,True,upper_bound,0.2534922796977994,0.0,16,46
625,24,False,False,True,upper_bound_with_inhaler,0.2534922796977994,0.0,16,47
625,24,False,True,False,one_hot,-0.1641075215960431,-0.1641075215960431,16,48
625,24,False,True,False,lower_bound,-0.1414554750818307,-0.18225682509304952,16,49
625,24,False,True,False,midpoint,-0.1414554750818307,-0.19875952112453718,16,50
625,24,False,True,False,midpoint_with_inhaler,-0.1414554750818307,-0.19875952112453718,16,51
625,24,False,True,False,upper_bound,-0.1414554750818307,-0.21315069886999852,16,52
625,24,False,True,False,upper_bound_with_inhaler,-0.1414554750818307,-0.21315069886999852,16,53
625,24,False,True,True,one_hot,-0.1641075215960431,-0.1641075215960431,16,54
625,24,False,True,True,lower_bound,-0.1414554750818307,-0.18225682509304952,16,55
625,24,False,True,True,midpoint,-0.1414554750818307,-0.19875952112453718,16,56
625,24,False,True,True,midpoint_with_inhaler,-0.1414554750818307,-0.19875952112453718,16,57
625,24,False,True,True,upper_bound,-0.1414554750818307,-0.21315069886999852,16,58
625,24,False,True,True,upper_bound_with_inhaler,-0.1414554750818307,-0.21315069886999852,16,59
625,24,True,False,False,one_hot,0.09790159931512976,0.09790159931512976,16,60
625,24,True,False,False,lower_bound,0.12240741626801839,-0.05548901098926866,16,61
625,24,True,False,False,midpoint,0.12240741626801839,-0.05956676346677616,16,62
625,24,True,False,False,midpoint_with_inhaler,0.12240741626801839,-0.05956676346677616,16,63
625,24,True,False,False,upper_bound,0.12240741626801839,-0.06589035938957395,16,64
625,24,True,False,False,upper_bound_with_inhaler,0.12240741626801839,-0.06589035938957395,16,65
625,24,True,False,True,one_hot,0.09790159931512976,0.09790159931512976,16,66
625,24,True,False,True,lower_bound,0.12240741626801839,-0.05548901098926866,16,67
625,24,True,False,True,midpoint,0.12240741626801839,-0.05956676346677616,16,68
625,24,True,False,True,midpoint_with_inhaler,0.12240741626801839,-0.05956676346677616,16,69
625,24,True,False,True,upper_bound,0.12240741626801839,-0.06589035938957395,16,70
625,24,True,False,True,upper_bound_with_inhaler,0.12240741626801839,-0.06589035938957395,16,71
625,36,False,False,False,one_hot,0.381139309015924,0.381139309015924,16,72
625,36,False,False,False,lower_bound,0.23520185752167566,-0.051428793329875,16,73
625,36,False,False,False,midpoint,0.23520185752167566,-0.034411257821979645,16,74
625,36,False,False,False,midpoint_with_inhaler,0.23520185752167566,-0.034411257821979645,16,75
625,36,False,False,False,upper_bound,0.23520185752167566,-0.02317241489750117,16,76
625,36,False,False,False,upper_bound_with_inhaler,0.23520185752167566,-0.02317241489750117,16,77
625,36,False,False,True,one_hot,0.381139309015924,0.381139309015924,16,78
625,36,False,False,True,lower_bound,0.23520185752167566,-0.051428793329875,16,79
625,36,False,False,True,midpoint,0.23520185752167566,-0.034411257821979645,16,80
625,36,False,False,True,midpoint_with_inhaler,0.23520185752167566,-0.034411257821979645,16,81
625,36,False,False,True,upper_bound,0.23520185752167566,-0.02317241489750117,16,82
625,36,False,False,True,upper_bound_with_inhaler,0.23520185752167566,-0.02317241489750117,16,83
625,36,True,False,False,one_hot,0.22454648570222732,0.22454648570222732,16,84
625,36,True,False,False,lower_bound,0.0605668094457022,-0.13600547257237755,16,85
625,36,True,False,False,midpoint,0.0605668094457022,-0.11975539383796885,16,86
625,36,True,False,False,midpoint_with_inhaler,0.0605668094457022,-0.11975539383796885,16,87
625,36,True,False,False,upper_bound,0.0605668094457022,-0.10822830660396134,16,88
625,36,True,False,False,upper_bound_with_inhaler,0.0605668094457022,-0.10822830660396134,16,89
625,36,True,False,True,one_hot,0.22454648570222732,0.22454648570222732,16,90
625,36,True,False,True,lower_bound,0.0605668094457022,-0.13600547257237755,16,91
625,36,True,False,True,midpoint,0.0605668094457022,-0.11975539383796885,16,92
625,36,True,False,True,midpoint_with_inhaler,0.0605668094457022,-0.11975539383796885,16,93
625,36,True,False,True,upper_bound,0.0605668094457022,-0.10822830660396134,16,94
625,36,True,False,True,upper_bound_with_inhaler,0.0605668094457022,-0.10822830660396134,16,95
625,48,False,False,False,one_hot,0.3015932993431673,0.3015932993431673,16,96
625,48,False,False,False,lower_bound,0.22390725371153014,0.31557127031941884,16,97
625,48,False,False,False,midpoint,0.22390725371153014,0.2590395138237434,16,98
625,48,False,False,False,midpoint_with_inhaler,0.22390725371153014,0.2590395138237434,16,99
625,48,False,False,False,upper_bound,0.22390725371153014,0.21991441782347662,16,100
625,48,False,False,False,upper_bound_with_inhaler,0.22390725371153014,0.21991441782347662,16,101
625,48,False,False,True,one_hot,0.3015932993431673,0.3015932993431673,16,102
625,48,False,False,True,lower_bound,0.22390725371153014,0.31557127031941884,16,103
625,48,False,False,True,midpoint,0.22390725371153014,0.2590395138237434,16,104
625,48,False,False,True,midpoint_with_inhaler,0.22390725371153014,0.2590395138237434,16,105
625,48,False,False,True,upper_bound,0.22390725371153014,0.21991441782347662,16,106
625,48,False,False,True,upper_bound_with_inhaler,0.22390725371153014,0.21991441782347662,16,107
625,48,False,True,False,one_hot,-0.051008913336260994,-0.051008913336260994,16,108
625,48,False,True,False,lower_bound,0.09131038927240395,0.42200815264193886,16,109
625,48,False,True,False,midpoint,0.09131038927240395,0.3658424214842413,16,110
625,48,False,True,False,midpoint_with_inhaler,0.09131038927240395,0.3658424214842413,16,111
625,48,False,True,False,upper_bound,0.09131038927240395,0.3256720780973734,16,112
625,48,False,True,False,upper_bound_with_inhaler,0.09131038927240395,0.3256720780973734,16,113
625,48,False,True,True,one_hot,-0.051008913336260994,-0.051008913336260994,16,114
625,48,False,True,True,lower_bound,0.09131038927240395,0.42200815264193886,16,115
625,48,False,True,True,midpoint,0.09131038927240395,0.3658424214842413,16,116
625,48,False,True,True,midpoint_with_inhaler,0.09131038927240395,0.3658424214842413,16,117
625,48,False,True,True,upper_bound,0.09131038927240395,0.3256720780973734,16,118
625,48,False,True,True,upper_bound_with_inhaler,0.09131038927240395,0.3256720780973734,16,119
625,48,True,False,False,one_hot,0.37439505569712894,0.37439505569712894,16,120
625,48,True,False,False,lower_bound,0.39355542312198105,0.5315577224679272,16,121
625,48,True,False,False,midpoint,0.39355542312198105,0.512646769130008,16,122
625,48,True,False,False,midpoint_with_inhaler,0.39355542312198105,0.512646769130008,16,123
625,48,True,False,False,upper_bound,0.39355542312198105,0.49802967122147845,16,124
625,48,True,False,False,upper_bound_with_inhaler,0.39355542312198105,0.49802967122147845,16,125
625,48,True,False,True,one_hot,0.37439505569712894,0.37439505569712894,16,126
625,48,True,False,True,lower_bound,0.39355542312198105,0.5315577224679272,16,127
625,48,True,False,True,midpoint,0.39355542312198105,0.512646769130008,16,128
625,48,True,False,True,midpoint_with_inhaler,0.39355542312198105,0.512646769130008,16,129
625,48,True,False,True,upper_bound,0.39355542312198105,0.49802967122147845,16,130
625,48,True,False,True,upper_bound_with_inhaler,0.39355542312198105,0.49802967122147845,16,131
701,12,False,False,False,one_hot,,,30,0
701,12,False,False,False,lower_bound,0.2542710907146033,0.24982304366167649,30,1
701,12,False,False,False,midpoint,0.2542710907146033,0.2593948844302535,30,2
701,12,False,False,False,midpoint_with_inhaler,0.2542710907146033,0.2593948844302535,30,3
701,12,False,False,False,upper_bound,0.2542710907146033,0.2580933307232509,30,4
701,12,False,False,False,upper_bound_with_inhaler,0.2542710907146033,0.2580933307232509,30,5
701,12,False,False,True,one_hot,,,30,6
701,12,False,False,True,lower_bound,0.2542710907146033,0.24982304366167649,30,7
701,12,False,False,True,midpoint,0.2542710907146033,0.2593948844302535,30,8
701,12,False,False,True,midpoint_with_inhaler,0.2542710907146033,0.2593948844302535,30,9
701,12,False,False,True,upper_bound,0.2542710907146033,0.2580933307232509,30,10
701,12,False,False,True,upper_bound_with_inhaler,0.2542710907146033,0.2580933307232509,30,11
701,12,False,True,False,one_hot,,,30,12
701,12,False,True,False,lower_bound,0.3853472740318273,0.39914780971036123,30,13
701,12,False,True,False,midpoint,0.3853472740318273,0.4005800490375745,30,14
701,12,False,True,False,midpoint_with_inhaler,0.3853472740318273,0.4005800490375745,30,15
701,12,False,True,False,upper_bound,0.3853472740318273,0.39571024300988344,30,16
701,12,False,True,False,upper_bound_with_inhaler,0.3853472740318273,0.39571024300988344,30,17
701,12,False,True,True,one_hot,,,30,18
701,12,False,True,True,lower_bound,0.3853472740318273,0.39914780971036123,30,19
701,12,False,True,True,midpoint,0.3853472740318273,0.4005800490375745,30,20
701,12,False,True,True,midpoint_with_inhaler,0.3853472740318273,0.4005800490375745,30,21
701,12,False,True,True,upper_bound,0.3853472740318273,0.39571024300988344,30,22
701,12,False,True,True,upper_bound_with_inhaler,0.3853472740318273,0.39571024300988344,30,23
701,12,True,False,False,one_hot,,,30,24
701,12,True,False,False,lower_bound,0.20235518962500026,0.23582659091166366,30,25
701,12,True,False,False,midpoint,0.20235518962500026,0.24193550715616816,30,26
701,12,True,False,False,midpoint_with_inhaler,0.20235518962500026,0.24193550715616816,30,27
701,12,True,False,False,upper_bound,0.20235518962500026,0.24749241140288877,30,28
701,12,True,False,False,upper_bound_with_inhaler,0.20235518962500026,0.24749241140288877,30,29
701,12,True,False,True,one_hot,,,30,30
701,12,True,False,True,lower_bound,0.20235518962500026,0.23582659091166366,30,31
701,12,True,False,True,midpoint,0.20235518962500026,0.24193550715616816,30,32
701,12,True,False,True,midpoint_with_inhaler,0.20235518962500026,0.24193550715616816,30,33
701,12,True,False,True,upper_bound,0.20235518962500026,0.24749241140288877,30,34
701,12,True,False,True,upper_bound_with_inhaler,0.20235518962500026,0.24749241140288877,30,35
701,24,False,False,False,one_hot,,,30,36
701,24,False,False,False,lower_bound,0.29954155341793387,0.32181289037244837,30,37
701,24,False,False,False,midpoint,0.29954155341793387,0.32663185815366635,30,38
701,24,False,False,False,midpoint_with_inhaler,0.29954155341793387,0.32663185815366635,30,39
701,24,False,False,False,upper_bound,0.29954155341793387,0.3270558394879105,30,40
701,24,False,False,False,upper_bound_with_inhaler,0.29954155341793387,0.3270558394879105,30,41
701,24,False,False,True,one_hot,,,30,42
701,24,False,False,True,lower_bound,0.29954155341793387,0.32181289037244837,30,43
701,24,False,False,True,midpoint,0.29954155341793387,0.32663185815366635,30,44
701,24,False,False,True,midpoint_with_inhaler,0.29954155341793387,0.32663185815366635,30,45
701,24,False,False,True,upper_bound,0.29954155341793387,0.3270558394879105,30,46
701,24,False,False,True,upper_bound_with_inhaler,0.29954155341793387,0.3270558394879105,30,47
701,24,False,True,False,one_hot,,,30,48
701,24,False,True,False,lower_bound,-0.005746570490084212,-0.1227786981470301,30,49
701,24,False,True,False,midpoint,-0.005746570490084212,-0.1346989979576296,30,50
701,24,False,True,False,midpoint_with_inhaler,-0.005746570490084212,-0.1346989979576296,30,51
701,24,False,True,False,upper_bound,-0.005746570490084212,-0.1472846144002745,30,52
701,24,False,True,False,upper_bound_with_inhaler,-0.005746570490084212,-0.1472846144002745,30,53
701,24,False,True,True,one_hot,,,30,54
701,24,False,True,True,lower_bound,-0.005746570490084212,-0.1227786981470301,30,55
701,24,False,True,True,midpoint,-0.005746570490084212,-0.1346989979576296,30,56
701,24,False,True,True,midpoint_with_inhaler,-0.005746570490084212,-0.1346989979576296,30,57
701,24,False,True,True,upper_bound,-0.005746570490084212,-0.1472846144002745,30,58
701,24,False,True,True,upper_bound_with_inhaler,-0.005746570490084212,-0.1472846144002745,30,59
701,24,True,False,False,one_hot,,,30,60
701,24,True,False,False,lower_bound,0.29954155341793387,0.32181289037244837,30,61
701,24,True,False,False,midpoint,0.29954155341793387,0.32663185815366635,30,62
701,24,True,False,False,midpoint_with_inhaler,0.29954155341793387,0.32663185815366635,30,63
701,24,True,False,False,upper_bound,0.29954155341793387,0.3270558394879105,30,64
701,24,True,False,False,upper_bound_with_inhaler,0.29954155341793387,0.3270558394879105,30,65
701,24,True,False,True,one_hot,,,30,66
701,24,True,False,True,lower_bound,0.29954155341793387,0.32181289037244837,30,67
701,24,True,False,True,midpoint,0.29954155341793387,0.32663185815366635,30,68
701,24,True,False,True,midpoint_with_inhaler,0.29954155341793387,0.32663185815366635,30,69
701,24,True,False,True,upper_bound,0.29954155341793387,0.3270558394879105,30,70
701,24,True,False,True,upper_bound_with_inhaler,0.29954155341793387,0.3270558394879105,30,71
701,36,False,False,False,one_hot,,,30,72
701,36,False,False,False,lower_bound,0.29278895335776345,0.35418547075938484,30,73
701,36,False,False,False,midpoint,0.29278895335776345,0.28714963482819145,30,74
701,36,False,False,False,midpoint_with_inhaler,0.29278895335776345,0.28714963482819145,30,75
701,36,False,False,False,upper_bound,0.29278895335776345,0.2514227089478458,30,76
701,36,False,False,False,upper_bound_with_inhaler,0.29278895335776345,0.2514227089478458,30,77
701,36,False,False,True,one_hot,,,30,78
701,36,False,False,True,lower_bound,0.29278895335776345,0.35418547075938484,30,79
701,36,False,False,True,midpoint,0.29278895335776345,0.28714963482819145,30,80
701,36,False,False,True,midpoint_with_inhaler,0.29278895335776345,0.28714963482819145,30,81
701,36,False,False,True,upper_bound,0.29278895335776345,0.2514227089478458,30,82
701,36,False,False,True,upper_bound_with_inhaler,0.29278895335776345,0.2514227089478458,30,83
701,36,True,False,False,one_hot,,,30,84
701,36,True,False,False,lower_bound,-0.04251408617640795,-0.025466109910571032,30,85
701,36,True,False,False,midpoint,-0.04251408617640795,0.023411303277049666,30,86
701,36,True,False,False,midpoint_with_inhaler,-0.04251408617640795,0.023411303277049666,30,87
701,36,True,False,False,upper_bound,-0.04251408617640795,0.059042445542572854,30,88
701,36,True,False,False,upper_bound_with_inhaler,-0.04251408617640795,0.059042445542572854,30,89
701,36,True,False,True,one_hot,,,30,90
701,36,True,False,True,lower_bound,-0.04251408617640795,-0.025466109910571032,30,91
701,36,True,False,True,midpoint,-0.04251408617640795,0.023411303277049666,30,92
701,36,True,False,True,midpoint_with_inhaler,-0.04251408617640795,0.023411303277049666,30,93
701,36,True,False,True,upper_bound,-0.04251408617640795,0.059042445542572854,30,94
701,36,True,False,True,upper_bound_with_inhaler,-0.04251408617640795,0.059042445542572854,30,95
701,48,False,False,False,one_hot,,,30,96
701,48,False,False,False,lower_bound,0.24416650013269897,0.35327522939714684,30,97
701,48,False,False,False,midpoint,0.24416650013269897,0.2822490552709522,30,98
701,48,False,False,False,midpoint_with_inhaler,0.24416650013269897,0.2822490552709522,30,99
701,48,False,False,False,upper_bound,0.24416650013269897,0.24622071194137476,30,100
701,48,False,False,False,upper_bound_with_inhaler,0.24416650013269897,0.24622071194137476,30,101
701,48,False,False,True,one_hot,,,30,102
701,48,False,False,True,lower_bound,0.24416650013269897,0.35327522939714684,30,103
701,48,False,False,True,midpoint,0.24416650013269897,0.2822490552709522,30,104
701,48,False,False,True,midpoint_with_inhaler,0.24416650013269897,0.2822490552709522,30,105
701,48,False,False,True,upper_bound,0.24416650013269897,0.24622071194137476,30,106
701,48,False,False,True,upper_bound_with_inhaler,0.24416650013269897,0.24622071194137476,30,107
701,48,False,True,False,one_hot,,,30,108
701,48,False,True,False,lower_bound,0.013969727531477646,0.014472881388239118,30,109
701,48,False,True,False,midpoint,0.013969727531477646,-0.02443517930563487,30,110
701,48,False,True,False,midpoint_with_inhaler,0.013969727531477646,-0.02443517930563487,30,111
701,48,False,True,False,upper_bound,0.013969727531477646,-0.05050842030212745,30,112
701,48,False,True,False,upper_bound_with_inhaler,0.013969727531477646,-0.05050842030212745,30,113
701,48,False,True,True,one_hot,,,30,114
701,48,False,True,True,lower_bound,0.013969727531477646,0.014472881388239118,30,115
701,48,False,True,True,midpoint,0.013969727531477646,-0.02443517930563487,30,116
701,48,False,True,True,midpoint_with_inhaler,0.013969727531477646,-0.02443517930563487,30,117
701,48,False,True,True,upper_bound,0.013969727531477646,-0.05050842030212745,30,118
701,48,False,True,True,upper_bound_with_inhaler,0.013969727531477646,-0.05050842030212745,30,119
701,48,True,False,False,one_hot,,,30,120
701,48,True,False,False,lower_bound,0.009050996040286936,0.0033614568968569976,30,121
701,48,True,False,False,midpoint,0.009050996040286936,0.0258366599226199,30,122
701,48,True,False,False,midpoint_with_inhaler,0.009050996040286936,0.0258366599226199,30,123
701,48,True,False,False,upper_bound,0.009050996040286936,0.03758263157195116,30,124
701,48,True,False,False,upper_bound_with_inhaler,0.009050996040286936,0.03758263157195116,30,125
701,48,True,False,True,one_hot,,,30,126
701,48,True,False,True,lower_bound,0.009050996040286936,0.0033614568968569976,30,127
701,48,True,False,True,midpoint,0.009050996040286936,0.0258366599226199,30,128
701,48,True,False,True,midpoint_with_inhaler,0.009050996040286936,0.0258366599226199,30,129
701,48,True,False,True,upper_bound,0.009050996040286936,0.03758263157195116,30,130
701,48,True,False,True,upper_bound_with_inhaler,0.009050996040286936,0.03758263157195116,30,131
702,12,False,False,False,one_hot,0.40541111602791496,0.40541111602791485,120,0
702,12,False,False,False,lower_bound,0.46046609240344843,0.831083736552585,120,1
702,12,False,False,False,midpoint,0.46046609240344843,0.727187233163614,120,2
702,12,False,False,False,midpoint_with_inhaler,0.46046609240344843,0.727187233163614,120,3
702,12,False,False,False,upper_bound,0.46046609240344843,0.663181300879703,120,4
702,12,False,False,False,upper_bound_with_inhaler,0.46046609240344843,0.663181300879703,120,5
702,12,False,False,True,one_hot,0.40541111602791496,0.40541111602791485,120,6
702,12,False,False,True,lower_bound,0.46046609240344843,0.831083736552585,120,7
702,12,False,False,True,midpoint,0.46046609240344843,0.727187233163614,120,8
702,12,False,False,True,midpoint_with_inhaler,0.46046609240344843,0.727187233163614,120,9
702,12,False,False,True,upper_bound,0.46046609240344843,0.663181300879703,120,10
702,12,False,False,True,upper_bound_with_inhaler,0.46046609240344843,0.663181300879703,120,11
702,12,False,True,False,one_hot,0.2581337052498308,0.2581337052498308,120,12
702,12,False,True,False,lower_bound,0.33989447685250357,0.51931282619858,120,13
702,12,False,True,False,midpoint,0.33989447685250357,0.5005546559344078,120,14
702,12,False,True,False,midpoint_with_inhaler,0.33989447685250357,0.5005546559344078,120,15
702,12,False,True,False,upper_bound,0.33989447685250357,0.48153445721140564,120,16
702,12,False,True,False,upper_bound_with_inhaler,0.33989447685250357,0.48153445721140564,120,17
702,12,False,True,True,one_hot,0.2581337052498308,0.2581337052498308,120,18
702,12,False,True,True,lower_bound,0.33989447685250357,0.51931282619858,120,19
702,12,False,True,True,midpoint,0.33989447685250357,0.5005546559344078,120,20
702,12,False,True,True,midpoint_with_inhaler,0.33989447685250357,0.5005546559344078,120,21
702,12,False,True,True,upper_bound,0.33989447685250357,0.48153445721140564,120,22
702,12,False,True,True,upper_bound_with_inhaler,0.33989447685250357,0.48153445721140564,120,23
702,12,True,False,False,one_hot,0.3344581175238082,0.3344581175238082,120,24
702,12,True,False,False,lower_bound,0.43247775557445084,0.7546458885292582,120,25
702,12,True,False,False,midpoint,0.43247775557445084,0.7362980850157889,120,26
702,12,True,False,False,midpoint_with_inhaler,0.43247775557445084,0.7362980850157889,120,27
702,12,True,False,False,upper_bound,0.43247775557445084,0.7170198412567671,120,28
702,12,True,False,False,upper_bound_with_inhaler,0.43247775557445084,0.7170198412567671,120,29
702,12,True,False,True,one_hot,0.3344581175238082,0.3344581175238082,120,30
702,12,True,False,True,lower_bound,0.43247775557445084,0.7546458885292582,120,31
702,12,True,False,True,midpoint,0.43247775557445084,0.7362980850157889,120,32
702,12,True,False,True,midpoint_with_inhaler,0.43247775557445084,0.7362980850157889,120,33
702,12,True,False,True,upper_bound,0.43247775557445084,0.7170198412567671,120,34
702,12,True,False,True,upper_bound_with_inhaler,0.43247775557445084,0.7170198412567671,120,35
702,24,False,False,False,one_hot,0.3822345228981692,0.3822345228981692,120,36
702,24,False,False,False,lower_bound,0.5042066966651009,0.9475503540241237,120,37
702,24,False,False,False,midpoint,0.5042066966651009,0.8835835993947255,120,38
702,24,False,False,False,midpoint_with_inhaler,0.5042066966651009,0.8835835993947255,120,39
702,24,False,False,False,upper_bound,0.5042066966651009,0.8344752832465717,120,40
702,24,False,False,False,upper_bound_with_inhaler,0.5042066966651009,0.8344752832465717,120,41
702,24,False,False,True,one_hot,0.3822345228981692,0.3822345228981692,120,42
702,24,False,False,True,lower_bound,0.5042066966651009,0.9475503540241237,120,43
702,24,False,False,True,midpoint,0.5042066966651009,0.8835835993947255,120,44
702,24,False,False,True,midpoint_with_inhaler,0.5042066966651009,0.8835835993947255,120,45
702,24,False,False,True,upper_bound,0.5042066966651009,0.8344752832465717,120,46
702,24,False,False,True,upper_bound_with_inhaler,0.5042066966651009,0.8344752832465717,120,47
702,24,False,True,False,one_hot,0.4408768103443864,0.4408768103443864,120,48
702,24,False,True,False,lower_bound,0.5361391032602858,0.9228009029237207,120,49
702,24,False,True,False,midpoint,0.5361391032602858,0.8729511896223968,120,50
702,24,False,True,False,midpoint_with_inhaler,0.5361391032602858,0.8729511896223968,120,51
702,24,False,True,False,upper_bound,0.5361391032602858,0.8344752832465714,120,52
702,24,False,True,False,upper_bound_with_inhaler,0.5361391032602858,0.8344752832465714,120,53
702,24,False,True,True,one_hot,0.4408768103443864,0.4408768103443864,120,54
702,24,False,True,True,lower_bound,0.5361391032602858,0.9228009029237207,120,55
702,24,False,True,True,midpoint,0.5361391032602858,0.8729511896223968,120,56
702,24,False,True,True,midpoint_with_inhaler,0.5361391032602858,0.8729511896223968,120,57
702,24,False,True,True,upper_bound,0.5361391032602858,0.8344752832465714,120,58
702,24,False,True,True,upper_bound_with_inhaler,0.5361391032602858,0.8344752832465714,120,59
702,24,True,False,False,one_hot,0.6121654635622804,0.6121654635622802,120,60
702,24,True,False,False,lower_bound,0.7113696462650498,1.1491226457945556,120,61
702,24,True,False,False,midpoint,0.7113696462650498,1.0922365918548067,120,62
702,24,True,False,False,midpoint_with_inhaler,0.7113696462650498,1.0922365918548067,120,63
702,24,True,False,False,upper_bound,0.7113696462650498,1.0448833429421929,120,64
702,24,True,False,False,upper_bound_with_inhaler,0.7113696462650498,1.0448833429421929,120,65
702,24,True,False,True,one_hot,0.6121654635622804,0.6121654635622802,120,66
702,24,True,False,True,lower_bound,0.7113696462650498,1.1491226457945556,120,67
702,24,True,False,True,midpoint,0.7113696462650498,1.0922365918548067,120,68
702,24,True,False,True,midpoint_with_inhaler,0.7113696462650498,1.0922365918548067,120,69
702,24,True,False,True,upper_bound,0.7113696462650498,1.0448833429421929,120,70
702,24,True,False,True,upper_bound_with_inhaler,0.7113696462650498,1.0448833429421929,120,71
702,36,False,False,False,one_hot,0.46435757647835374,0.46435757647835374,120,72
702,36,False,False,False,lower_bound,0.6078468886574625,1.0660714300847893,120,73
702,36,False,False,False,midpoint,0.6078468886574625,1.0449245083626622,120,74
702,36,False,False,False,midpoint_with_inhaler,0.6078468886574625,1.0449245083626622,120,75
702,36,False,False,False,upper_bound,0.6078468886574625,1.0144621304995038,120,76
702,36,False,False,False,upper_bound_with_inhaler,0.6078468886574625,1.0144621304995038,120,77
702,36,False,False,True,one_hot,0.46435757647835374,0.46435757647835374,120,78
702,36,False,False,True,lower_bound,0.6078468886574625,1.0660714300847893,120,79
702,36,False,False,True,midpoint,0.6078468886574625,1.0449245083626622,120,80
702,36,False,False,True,midpoint_with_inhaler,0.6078468886574625,1.0449245083626622,120,81
702,36,False,False,True,upper_bound,0.6078468886574625,1.0144621304995038,120,82
702,36,False,False,True,upper_bound_with_inhaler,0.6078468886574625,1.0144621304995038,120,83
702,36,True,False,False,one_hot,0.3227702506521414,0.3227702506521414,120,84
702,36,True,False,False,lower_bound,0.4004985146148174,0.7196363831228457,120,85
702,36,True,False,False,midpoint,0.4004985146148174,0.6588848659351723,120,86
702,36,True,False,False,midpoint_with_inhaler,0.4004985146148174,0.6588848659351723,120,87
702,36,True,False,False,upper_bound,0.4004985146148174,0.6129060490145102,120,88
702,36,True,False,False,upper_bound_with_inhaler,0.4004985146148174,0.6129060490145102,120,89
702,36,True,False,True,one_hot,0.3227702506521414,0.3227702506521414,120,90
702,36,True,False,True,lower_bound,0.4004985146148174,0.7196363831228457,120,91
702,36,True,False,True,midpoint,0.4004985146148174,0.6588848659351723,120,92
702,36,True,False,True,midpoint_with_inhaler,0.4004985146148174,0.6588848659351723,120,93
702,36,True,False,True,upper_bound,0.4004985146148174,0.6129060490145102,120,94
702,36,True,False,True,upper_bound_with_inhaler,0.4004985146148174,0.6129060490145102,120,95
702,48,False,False,False,one_hot,0.34450887790714985,0.34450887790714985,120,96
702,48,False,False,False,lower_bound,0.5846489258798467,1.1500475338097471,120,97
702,48,False,False,False,midpoint,0.5846489258798467,1.088595122822394,120,98
702,48,False,False,False,midpoint_with_inhaler,0.5846489258798467,1.088595122822394,120,99
702,48,False,False,False,upper_bound,0.5846489258798467,1.0317253480342197,120,100
702,48,False,False,False,upper_bound_with_inhaler,0.5846489258798467,1.0317253480342197,120,101
702,48,False,False,True,one_hot,0.34450887790714985,0.34450887790714985,120,102
702,48,False,False,True,lower_bound,0.5846489258798467,1.1500475338097471,120,103
702,48,False,False,True,midpoint,0.5846489258798467,1.088595122822394,120,104
702,48,False,False,True,midpoint_with_inhaler,0.5846489258798467,1.088595122822394,120,105
702,48,False,False,True,upper_bound,0.5846489258798467,1.0317253480342197,120,106
702,48,False,False,True,upper_bound_with_inhaler,0.5846489258798467,1.0317253480342197,120,107
702,48,False,True,False,one_hot,0.07207951955804591,0.07207951955804591,120,108
702,48,False,True,False,lower_bound,0.15127750794866116,0.422827472954701,120,109
702,48,False,True,False,midpoint,0.15127750794866116,0.37052594247489207,120,110
702,48,False,True,False,midpoint_with_inhaler,0.15127750794866116,0.37052594247489207,120,111
702,48,False,True,False,upper_bound,0.15127750794866116,0.33209496641174036,120,112
702,48,False,True,False,upper_bound_with_inhaler,0.15127750794866116,0.33209496641174036,120,113
702,48,False,True,True,one_hot,0.07207951955804591,0.07207951955804591,120,114
702,48,False,True,True,lower_bound,0.15127750794866116,0.422827472954701,120,115
702,48,False,True,True,midpoint,0.15127750794866116,0.37052594247489207,120,116
702,48,False,True,True,midpoint_with_inhaler,0.15127750794866116,0.37052594247489207,120,117
702,48,False,True,True,upper_bound,0.15127750794866116,0.33209496641174036,120,118
702,48,False,True,True,upper_bound_with_inhaler,0.15127750794866116,0.33209496641174036,120,119
702,48,True,False,False,one_hot,0.4620206915806937,0.4620206915806938,120,120
702,48,True,False,False,lower_bound,0.5114496891669003,0.6201877440062328,120,121
702,48,True,False,False,midpoint,0.5114496891669003,0.6041662400676677,120,122
702,48,True,False,False,midpoint_with_inhaler,0.5114496891669003,0.6041662400676677,120,123
702,48,True,False,False,upper_bound,0.5114496891669003,0.5881767047769136,120,124
702,48,True,False,False,upper_bound_with_inhaler,0.5114496891669003,0.5881767047769136,120,125
702,48,True,False,True,one_hot,0.4620206915806937,0.4620206915806938,120,126
702,48,True,False,True,lower_bound,0.5114496891669003,0.6201877440062328,120,127
702,48,True,False,True,midpoint,0.5114496891669003,0.6041662400676677,120,128
702,48,True,False,True,midpoint_with_inhaler,0.5114496891669003,0.6041662400676677,120,129
702,48,True,False,True,upper_bound,0.5114496891669003,0.5881767047769136,120,130
702,48,True,False,True,upper_bound_with_inhaler,0.5114496891669003,0.5881767047769136,120,131
917,12,False,False,False,one_hot,0.3274501502372585,0.32745015023725854,9,0
917,12,False,False,False,lower_bound,0.6706524145565069,0.8959936420632644,9,1
917,12,False,False,False,midpoint,0.6706524145565069,0.9487862339137854,9,2
917,12,False,False,False,midpoint_with_inhaler,0.6706524145565069,0.9487862339137854,9,3
917,12,False,False,False,upper_bound,0.6706524145565069,0.9661733671251896,9,4
917,12,False,False,False,upper_bound_with_inhaler,0.6706524145565069,0.9661733671251896,9,5
917,12,False,False,True,one_hot,0.3274501502372585,0.32745015023725854,9,6
917,12,False,False,True,lower_bound,0.6706524145565069,0.8959936420632644,9,7
917,12,False,False,True,midpoint,0.6706524145565069,0.9487862339137854,9,8
917,12,False,False,True,midpoint_with_inhaler,0.6706524145565069,0.9487862339137854,9,9
917,12,False,False,True,upper_bound,0.6706524145565069,0.9661733671251896,9,10
917,12,False,False,True,upper_bound_with_inhaler,0.6706524145565069,0.9661733671251896,9,11
917,12,False,True,False,one_hot,,,9,12
917,12,False,True,False,lower_bound,0.38206781605715007,0.4555876566053349,9,13
917,12,False,True,False,midpoint,0.38206781605715007,0.43385783751003576,9,14
917,12,False,True,False,midpoint_with_inhaler,0.38206781605715007,0.43385783751003576,9,15
917,12,False,True,False,upper_bound,0.38206781605715007,0.4099724623297489,9,16
917,12,False,True,False,upper_bound_with_inhaler,0.38206781605715007,0.4099724623297489,9,17
917,12,False,True,True,one_hot,,,9,18
917,12,False,True,True,lower_bound,0.38206781605715007,0.4555876566053349,9,19
917,12,False,True,True,midpoint,0.38206781605715007,0.43385783751003576,9,20
917,12,False,True,True,midpoint_with_inhaler,0.38206781605715007,0.43385783751003576,9,21
917,12,False,True,True,upper_bound,0.38206781605715007,0.4099724623297489,9,22
917,12,False,True,True,upper_bound_with_inhaler,0.38206781605715007,0.4099724623297489,9,23
917,12,True,False,False,one_hot,,,9,24
917,12,True,False,False,lower_bound,0.2850451854495445,0.5483702959552624,9,25
917,12,True,False,False,midpoint,0.2850451854495445,0.6644232961678522,9,26
917,12,True,False,False,midpoint_with_inhaler,0.2850451854495445,0.6644232961678522,9,27
917,12,True,False,False,upper_bound,0.2850451854495445,0.7327715337009659,9,28
917,12,True,False,False,upper_bound_with_inhaler,0.2850451854495445,0.7327715337009659,9,29
917,12,True,False,True,one_hot,,,9,30
917,12,True,False,True,lower_bound,0.2850451854495445,0.5483702959552624,9,31
917,12,True,False,True,midpoint,0.2850451854495445,0.6644232961678522,9,32
917,12,True,False,True,midpoint_with_inhaler,0.2850451854495445,0.6644232961678522,9,33
917,12,True,False,True,upper_bound,0.2850451854495445,0.7327715337009659,9,34
917,12,True,False,True,upper_bound_with_inhaler,0.2850451854495445,0.7327715337009659,9,35
917,24,False,False,False,one_hot,,,9,36
917,24,False,False,False,lower_bound,0.36198362676400386,0.4526332497708993,9,37
917,24,False,False,False,midpoint,0.36198362676400386,0.4206413488880333,9,38
917,24,False,False,False,midpoint_with_inhaler,0.36198362676400386,0.4206413488880333,9,39
917,24,False,False,False,upper_bound,0.36198362676400386,0.39190566669752636,9,40
917,24,False,False,False,upper_bound_with_inhaler,0.36198362676400386,0.39190566669752636,9,41
917,24,False,False,True,one_hot,,,9,42
917,24,False,False,True,lower_bound,0.36198362676400386,0.4526332497708993,9,43
917,24,False,False,True,midpoint,0.36198362676400386,0.4206413488880333,9,44
917,24,False,False,True,midpoint_with_inhaler,0.36198362676400386,0.4206413488880333,9,45
917,24,False,False,True,upper_bound,0.36198362676400386,0.39190566669752636,9,46
917,24,False,False,True,upper_bound_with_inhaler,0.36198362676400386,0.39190566669752636,9,47
917,24,False,True,False,one_hot,,,9,48
917,24,False,True,False,lower_bound,-0.2516278617447744,0.029172833484657573,9,49
917,24,False,True,False,midpoint,-0.2516278617447744,0.08026559122005927,9,50
917,24,False,True,False,midpoint_with_inhaler,-0.2516278617447744,0.08026559122005927,9,51
917,24,False,True,False,upper_bound,-0.2516278617447744,0.11342237717716151,9,52
917,24,False,True,False,upper_bound_with_inhaler,-0.2516278617447744,0.11342237717716151,9,53
917,24,False,True,True,one_hot,,,9,54
917,24,False,True,True,lower_bound,-0.2516278617447744,0.029172833484657573,9,55
917,24,False,True,True,midpoint,-0.2516278617447744,0.08026559122005927,9,56
917,24,False,True,True,midpoint_with_inhaler,-0.2516278617447744,0.08026559122005927,9,57
917,24,False,True,True,upper_bound,-0.2516278617447744,0.11342237717716151,9,58
917,24,False,True,True,upper_bound_with_inhaler,-0.2516278617447744,0.11342237717716151,9,59
917,24,True,False,False,one_hot,0.4180480042601457,0.4180480042601458,9,60
917,24,True,False,False,lower_bound,0.7079056822245796,0.7020788520337319,9,61
917,24,True,False,False,midpoint,0.7079056822245796,0.7187921354960177,9,62
917,24,True,False,False,midpoint_with_inhaler,0.7079056822245796,0.7187921354960177,9,63
917,24,True,False,False,upper_bound,0.7079056822245796,0.71522142246197,9,64
917,24,True,False,False,upper_bound_with_inhaler,0.7079056822245796,0.71522142246197,9,65
917,24,True,False,True,one_hot,0.4180480042601457,0.4180480042601458,9,66
917,24,True,False,True,lower_bound,0.7079056822245796,0.7020788520337319,9,67
917,24,True,False,True,midpoint,0.7079056822245796,0.7187921354960177,9,68
917,24,True,False,True,midpoint_with_inhaler,0.7079056822245796,0.7187921354960177,9,69
917,24,True,False,True,upper_bound,0.7079056822245796,0.71522142246197,9,70
917,24,True,False,True,upper_bound_with_inhaler,0.7079056822245796,0.71522142246197,9,71
917,36,False,False,False,one_hot,,,9,72
917,36,False,False,False,lower_bound,0.35009894671249836,0.7715196385962452,9,73
917,36,False,False,False,midpoint,0.35009894671249836,0.6838096647418369,9,74
917,36,False,False,False,midpoint_with_inhaler,0.35009894671249836,0.6838096647418369,9,75
917,36,False,False,False,upper_bound,0.35009894671249836,0.6158629215047733,9,76
917,36,False,False,False,upper_bound_with_inhaler,0.35009894671249836,0.6158629215047733,9,77
917,36,False,False,True,one_hot,,,9,78
917,36,False,False,True,lower_bound,0.35009894671249836,0.7715196385962452,9,79
917,36,False,False,True,midpoint,0.35009894671249836,0.6838096647418369,9,80
917,36,False,False,True,midpoint_with_inhaler,0.35009894671249836,0.6838096647418369,9,81
917,36,False,False,True,upper_bound,0.35009894671249836,0.6158629215047733,9,82
917,36,False,False,True,upper_bound_with_inhaler,0.35009894671249836,0.6158629215047733,9,83
917,36,True,False,False,one_hot,,,9,84
917,36,True,False,False,lower_bound,5.551115123125783e-17,0.13932017064563437,9,85
917,36,True,False,False,midpoint,5.551115123125783e-17,0.11678800676163965,9,86
917,36,True,False,False,midpoint_with_inhaler,5.551115123125783e-17,0.11678800676163965,9,87
917,36,True,False,False,upper_bound,5.551115123125783e-17,0.10033534773107558,9,88
917,36,True,False,False,upper_bound_with_inhaler,5.551115123125783e-17,0.10033534773107558,9,89
917,36,True,False,True,one_hot,,,9,90
917,36,True,False,True,lower_bound,5.551115123125783e-17,0.13932017064563437,9,91
917,36,True,False,True,midpoint,5.551115123125783e-17,0.11678800676163965,9,92
917,36,True,False,True,midpoint_with_inhaler,5.551115123125783e-17,0.11678800676163965,9,93
917,36,True,False,True,upper_bound,5.551115123125783e-17,0.10033534773107558,9,94
917,36,True,False,True,upper_bound_with_inhaler,5.551115123125783e-17,0.10033534773107558,9,95
917,48,False,False,False,one_hot,,,9,96
917,48,False,False,False,lower_bound,0.10286002792355005,0.6810003420175771,9,97
917,48,False,False,False,midpoint,0.10286002792355005,0.46968131694962134,9,98
917,48,False,False,False,midpoint_with_inhaler,0.10286002792355005,0.5249690044150408,9,99
917,48,False,False,False,upper_bound,0.10286002792355005,0.27755615322693894,9,100
917,48,False,False,False,upper_bound_with_inhaler,0.10286002792355005,0.34211724914710623,9,101
917,48,False,False,True,one_hot,,,9,102
917,48,False,False,True,lower_bound,0.10286002792355005,0.6810003420175771,9,103
917,48,False,False,True,midpoint,0.10286002792355005,0.46968131694962134,9,104
917,48,False,False,True,midpoint_with_inhaler,0.10286002792355005,0.5249690044150408,9,105
917,48,False,False,True,upper_bound,0.10286002792355005,0.27755615322693894,9,106
917,48,False,False,True,upper_bound_with_inhaler,0.10286002792355005,0.34211724914710623,9,107
917,48,False,True,False,one_hot,0.4180480042601457,0.4180480042601458,9,108
917,48,False,True,False,lower_bound,0.43040578977696325,0.3228269200162487,9,109
917,48,False,True,False,midpoint,0.43040578977696325,0.23908127644534533,9,110
917,48,False,True,False,midpoint_with_inhaler,0.43040578977696325,0.23908127644534533,9,111
917,48,False,True,False,upper_bound,0.43040578977696325,0.1786534358133981,9,112
917,48,False,True,False,upper_bound_with_inhaler,0.43040578977696325,0.1786534358133981,9,113
917,48,False,True,True,one_hot,0.4180480042601457,0.4180480042601458,9,114
917,48,False,True,True,lower_bound,0.43040578977696325,0.3228269200162487,9,115
917,48,False,True,True,midpoint,0.43040578977696325,0.23908127644534533,9,116
917,48,False,True,True,midpoint_with_inhaler,0.43040578977696325,0.23908127644534533,9,117
917,48,False,True,True,upper_bound,0.43040578977696325,0.1786534358133981,9,118
917,48,False,True,True,upper_bound_with_inhaler,0.43040578977696325,0.1786534358133981,9,119
917,48,True,False,False,one_hot,,,9,120
917,48,True,False,False,lower_bound,0.36625861841453966,0.4836152036939449,9,121
917,48,True,False,False,midpoint,0.36625861841453966,0.46736211834145686,9,122
917,48,True,False,False,midpoint_with_inhaler,0.36625861841453966,0.46736211834145686,9,123
917,48,True,False,False,upper_bound,0.36625861841453966,0.44511153090140854,9,124
917,48,True,False,False,upper_bound_with_inhaler,0.36625861841453966,0.44511153090140854,9,125
917,48,True,False,True,one_hot,,,9,126
917,48,True,False,True,lower_bound,0.36625861841453966,0.4836152036939449,9,127
917,48,True,False,True,midpoint,0.36625861841453966,0.46736211834145686,9,128
917,48,True,False,True,midpoint_with_inhaler,0.36625861841453966,0.46736211834145686,9,129
917,48,True,False,True,upper_bound,0.36625861841453966,0.44511153090140854,9,130
917,48,True,False,True,upper_bound_with_inhaler,0.36625861841453966,0.44511153090140854,9,131
939,12,False,False,False,one_hot,-0.06858784354261896,-0.06858784354261896,158,0
939,12,False,False,False,lower_bound,0.262820225888212,0.2690375176650046,158,1
939,12,False,False,False,midpoint,0.262820225888212,0.2329845375875999,158,2
939,12,False,False,False,midpoint_with_inhaler,0.262820225888212,0.2329845375875999,158,3
939,12,False,False,False,upper_bound,0.262820225888212,0.20024384416758184,158,4
939,12,False,False,False,upper_bound_with_inhaler,0.262820225888212,0.20024384416758184,158,5
939,12,False,False,True,one_hot,-0.06858784354261896,-0.06858784354261896,158,6
939,12,False,False,True,lower_bound,0.262820225888212,0.2690375176650046,158,7
939,12,False,False,True,midpoint,0.262820225888212,0.2329845375875999,158,8
939,12,False,False,True,midpoint_with_inhaler,0.262820225888212,0.2329845375875999,158,9
939,12,False,False,True,upper_bound,0.262820225888212,0.20024384416758184,158,10
939,12,False,False,True,upper_bound_with_inhaler,0.262820225888212,0.20024384416758184,158,11
939,12,False,True,False,one_hot,,,158,12
939,12,False,True,False,lower_bound,0.3006060499201927,0.4161298220845091,158,13
939,12,False,True,False,midpoint,0.3006060499201927,0.390272399938436,158,14
939,12,False,True,False,midpoint_with_inhaler,0.3006060499201927,0.390272399938436,158,15
939,12,False,True,False,upper_bound,0.3006060499201927,0.36114402353076835,158,16
939,12,False,True,False,upper_bound_with_inhaler,0.3006060499201927,0.36114402353076835,158,17
939,12,False,True,True,one_hot,,,158,18
939,12,False,True,True,lower_bound,0.3006060499201927,0.4161298220845091,158,19
939,12,False,True,True,midpoint,0.3006060499201927,0.390272399938436,158,20
939,12,False,True,True,midpoint_with_inhaler,0.3006060499201927,0.390272399938436,158,21
939,12,False,True,True,upper_bound,0.3006060499201927,0.36114402353076835,158,22
939,12,False,True,True,upper_bound_with_inhaler,0.3006060499201927,0.36114402353076835,158,23
939,12,True,False,False,one_hot,,,158,24
939,12,True,False,False,lower_bound,0.2918176393302506,0.4001861916832476,158,25
939,12,True,False,False,midpoint,0.2918176393302506,0.3618829823657248,158,26
939,12,True,False,False,midpoint_with_inhaler,0.2918176393302506,0.3618829823657248,158,27
939,12,True,False,False,upper_bound,0.2918176393302506,0.3256899468485335,158,28
939,12,True,False,False,upper_bound_with_inhaler,0.2918176393302506,0.3256899468485335,158,29
939,12,True,False,True,one_hot,,,158,30
939,12,True,False,True,lower_bound,0.2918176393302506,0.4001861916832476,158,31
939,12,True,False,True,midpoint,0.2918176393302506,0.3618829823657248,158,32
939,12,True,False,True,midpoint_with_inhaler,0.2918176393302506,0.3618829823657248,158,33
939,12,True,False,True,upper_bound,0.2918176393302506,0.3256899468485335,158,34
939,12,True,False,True,upper_bound_with_inhaler,0.2918176393302506,0.3256899468485335,158,35
939,24,False,False,False,one_hot,,,158,36
939,24,False,False,False,lower_bound,0.44505520723851166,0.5055783715849643,158,37
939,24,False,False,False,midpoint,0.44505520723851166,0.4927532139751356,158,38
939,24,False,False,False,midpoint_with_inhaler,0.44505520723851166,0.4927532139751356,158,39
939,24,False,False,False,upper_bound,0.44505520723851166,0.47608941216176315,158,40
939,24,False,False,False,upper_bound_with_inhaler,0.44505520723851166,0.47608941216176315,158,41
939,24,False,False,True,one_hot,,,158,42
939,24,False,False,True,lower_bound,0.44505520723851166,0.5055783715849643,158,43
939,24,False,False,True,midpoint,0.44505520723851166,0.4927532139751356,158,44
939,24,False,False,True,midpoint_with_inhaler,0.44505520723851166,0.4927532139751356,158,45
939,24,False,False,True,upper_bound,0.44505520723851166,0.47608941216176315,158,46
939,24,False,False,True,upper_bound_with_inhaler,0.44505520723851166,0.47608941216176315,158,47
939,24,False,True,False,one_hot,,,158,48
939,24,False,True,False,lower_bound,0.4443554916019748,0.5189221783087428,158,49
939,24,False,True,False,midpoint,0.4443554916019748,0.5352532416349185,158,50
939,24,False,True,False,midpoint_with_inhaler,0.4443554916019748,0.5352532416349185,158,51
939,24,False,True,False,upper_bound,0.4443554916019748,0.5330513112365803,158,52
939,24,False,True,False,upper_bound_with_inhaler,0.4443554916019748,0.5330513112365803,158,53
939,24,False,True,True,one_hot,,,158,54
939,24,False,True,True,lower_bound,0.4443554916019748,0.5189221783087428,158,55
939,24,False,True,True,midpoint,0.4443554916019748,0.5352532416349185,158,56
939,24,False,True,True,midpoint_with_inhaler,0.4443554916019748,0.5352532416349185,158,57
939,24,False,True,True,upper_bound,0.4443554916019748,0.5330513112365803,158,58
939,24,False,True,True,upper_bound_with_inhaler,0.4443554916019748,0.5330513112365803,158,59
939,24,True,False,False,one_hot,0.09328043244581061,0.09328043244581061,158,60
939,24,True,False,False,lower_bound,0.45057501871531197,0.5042219165649305,158,61
939,24,True,False,False,midpoint,0.45057501871531197,0.49295535571771243,158,62
939,24,True,False,False,midpoint_with_inhaler,0.45057501871531197,0.49295535571771243,158,63
939,24,True,False,False,upper_bound,0.45057501871531197,0.47776406152192846,158,64
939,24,True,False,False,upper_bound_with_inhaler,0.45057501871531197,0.47776406152192846,158,65
939,24,True,False,True,one_hot,0.09328043244581061,0.09328043244581061,158,66
939,24,True,False,True,lower_bound,0.45057501871531197,0.5042219165649305,158,67
939,24,True,False,True,midpoint,0.45057501871531197,0.49295535571771243,158,68
939,24,True,False,True,midpoint_with_inhaler,0.45057501871531197,0.49295535571771243,158,69
939,24,True,False,True,upper_bound,0.45057501871531197,0.47776406152192846,158,70
939,24,True,False,True,upper_bound_with_inhaler,0.45057501871531197,0.47776406152192846,158,71
939,36,False,False,False,one_hot,,,158,72
939,36,False,False,False,lower_bound,0.3948008028955969,0.4894087081115317,158,73
939,36,False,False,False,midpoint,0.3948008028955969,0.4457529129131567,158,74
939,36,False,False,False,midpoint_with_inhaler,0.3948008028955969,0.4457529129131567,158,75
939,36,False,False,False,upper_bound,0.3948008028955969,0.41101742309519734,158,76
939,36,False,False,False,upper_bound_with_inhaler,0.3948008028955969,0.41101742309519734,158,77
939,36,False,False,True,one_hot,,,158,78
939,36,False,False,True,lower_bound,0.3948008028955969,0.4894087081115317,158,79
939,36,False,False,True,midpoint,0.3948008028955969,0.4457529129131567,158,80
939,36,False,False,True,midpoint_with_inhaler,0.3948008028955969,0.4457529129131567,158,81
939,36,False,False,True,upper_bound,0.3948008028955969,0.41101742309519734,158,82
939,36,False,False,True,upper_bound_with_inhaler,0.3948008028955969,0.41101742309519734,158,83
939,36,True,False,False,one_hot,,,158,84
939,36,True,False,False,lower_bound,0.513404850537897,0.629122770516242,158,85
939,36,True,False,False,midpoint,0.513404850537897,0.6567622817709867,158,86
939,36,True,False,False,midpoint_with_inhaler,0.513404850537897,0.6567622817709867,158,87
939,36,True,False,False,upper_bound,0.513404850537897,0.6595353693374377,158,88
939,36,True,False,False,upper_bound_with_inhaler,0.513404850537897,0.6595353693374377,158,89
939,36,True,False,True,one_hot,,,158,90
939,36,True,False,True,lower_bound,0.513404850537897,0.629122770516242,158,91
939,36,True,False,True,midpoint,0.513404850537897,0.6567622817709867,158,92
939,36,True,False,True,midpoint_with_inhaler,0.513404850537897,0.6567622817709867,158,93
939,36,True,False,True,upper_bound,0.513404850537897,0.6595353693374377,158,94
939,36,True,False,True,upper_bound_with_inhaler,0.513404850537897,0.6595353693374377,158,95
939,48,False,False,False,one_hot,,,158,96
939,48,False,False,False,lower_bound,0.3977845363912683,0.5224755549633724,158,97
939,48,False,False,False,midpoint,0.3977845363912683,0.4395185127185301,158,98
939,48,False,False,False,midpoint_with_inhaler,0.3977845363912683,0.45924235528947166,158,99
939,48,False,False,False,upper_bound,0.3721028293172119,0.3723118358145318,158,100
939,48,False,False,False,upper_bound_with_inhaler,0.3977845363912683,0.43494702708985916,158,101
939,48,False,False,True,one_hot,,,158,102
939,48,False,False,True,lower_bound,0.3977845363912683,0.5224755549633724,158,103
939,48,False,False,True,midpoint,0.3977845363912683,0.4395185127185301,158,104
939,48,False,False,True,midpoint_with_inhaler,0.3977845363912683,0.45924235528947166,158,105
939,48,False,False,True,upper_bound,0.3721028293172119,0.3723118358145318,158,106
939,48,False,False,True,upper_bound_with_inhaler,0.3977845363912683,0.43494702708985916,158,107
939,48,False,True,False,one_hot,,,158,108
939,48,False,True,False,lower_bound,0.2966440745925188,0.3967332432547453,158,109
939,48,False,True,False,midpoint,0.2966440745925188,0.3728411611334107,158,110
939,48,False,True,False,midpoint_with_inhaler,0.2966440745925188,0.3728411611334107,158,111
939,48,False,True,False,upper_bound,0.2966440745925188,0.34581350717524556,158,112
939,48,False,True,False,upper_bound_with_inhaler,0.2966440745925188,0.34581350717524556,158,113
939,48,False,True,True,one_hot,,,158,114
939,48,False,True,True,lower_bound,0.2966440745925188,0.3967332432547453,158,115
939,48,False,True,True,midpoint,0.2966440745925188,0.3728411611334107,158,116
939,48,False,True,True,midpoint_with_inhaler,0.2966440745925188,0.3728411611334107,158,117
939,48,False,True,True,upper_bound,0.2966440745925188,0.34581350717524556,158,118
939,48,False,True,True,upper_bound_with_inhaler,0.2966440745925188,0.34581350717524556,158,119
939,48,True,False,False,one_hot,0.09328043244581061,0.09328043244581062,158,120
939,48,True,False,False,lower_bound,0.1424546740690486,0.24019561067460166,158,121
939,48,True,False,False,midpoint,0.1424546740690486,0.2040854755300874,158,122
939,48,True,False,False,midpoint_with_inhaler,0.1424546740690486,0.2040854755300874,158,123
939,48,True,False,False,upper_bound,0.1424546740690486,0.17573800355474428,158,124
939,48,True,False,False,upper_bound_with_inhaler,0.1424546740690486,0.17573800355474428,158,125
939,48,True,False,True,one_hot,0.09328043244581061,0.09328043244581062,158,126
939,48,True,False,True,lower_bound,0.1424546740690486,0.24019561067460166,158,127
939,48,True,False,True,midpoint,0.1424546740690486,0.2040854755300874,158,128
939,48,True,False,True,midpoint_with_inhaler,0.1424546740690486,0.2040854755300874,158,129
939,48,True,False,True,upper_bound,0.1424546740690486,0.17573800355474428,158,130
939,48,True,False,True,upper_bound_with_inhaler,0.1424546740690486,0.17573800355474428,158,131
