user_key,timestamp_window,use_daily_max_windows,use_calendar_days,filter_out_zero_usage_entries,categorization_method,spearman_z,pearson_z,sample_size,config_idx
113,12,False,False,False,one_hot,0.11101047561298781,0.1110104756129879,163,0
113,12,False,False,False,lower_bound,0.22596034295510944,0.39034008710754753,163,1
113,12,False,False,False,midpoint,0.22596034295510944,0.37023525373740973,163,2
113,12,False,False,False,midpoint_with_inhaler,0.22596034295510944,0.37023525373740973,163,3
113,12,False,False,False,upper_bound,0.22596034295510944,0.35318670296434607,163,4
113,12,False,False,False,upper_bound_with_inhaler,0.22596034295510944,0.35318670296434607,163,5
113,12,False,False,True,one_hot,0.11101047561298781,0.1110104756129879,163,6
113,12,False,False,True,lower_bound,0.22596034295510944,0.39034008710754753,163,7
113,12,False,False,True,midpoint,0.22596034295510944,0.37023525373740973,163,8
113,12,False,False,True,midpoint_with_inhaler,0.22596034295510944,0.37023525373740973,163,9
113,12,False,False,True,upper_bound,0.22596034295510944,0.35318670296434607,163,10
113,12,False,False,True,upper_bound_with_inhaler,0.22596034295510944,0.35318670296434607,163,11
113,12,False,True,False,one_hot,0.18448714944934944,0.18448714944934955,163,12
113,12,False,True,False,lower_bound,0.39777968294380606,0.4311673378891071,163,13
113,12,False,True,False,midpoint,0.39777968294380606,0.4238296515758862,163,14
113,12,False,True,False,midpoint_with_inhaler,0.39777968294380606,0.4238296515758862,163,15
113,12,False,True,False,upper_bound,0.39777968294380606,0.41190877194750847,163,16
113,12,False,True,False,upper_bound_with_inhaler,0.39777968294380606,0.41190877194750847,163,17
113,12,False,True,True,one_hot,0.18448714944934944,0.18448714944934955,163,18
113,12,False,True,True,lower_bound,0.39777968294380606,0.4311673378891071,163,19
113,12,False,True,True,midpoint,0.39777968294380606,0.4238296515758862,163,20
113,12,False,True,True,midpoint_with_inhaler,0.39777968294380606,0.4238296515758862,163,21
113,12,False,True,True,upper_bound,0.39777968294380606,0.41190877194750847,163,22
113,12,False,True,True,upper_bound_with_inhaler,0.39777968294380606,0.41190877194750847,163,23
113,12,True,False,False,one_hot,0.25756572637105135,0.2575657263710514,163,24
113,12,True,False,False,lower_bound,0.3528960674164961,0.35376604288608005,163,25
113,12,True,False,False,midpoint,0.3528960674164961,0.36577091586013655,163,26
113,12,True,False,False,midpoint_with_inhaler,0.3528960674164961,0.36577091586013655,163,27
113,12,True,False,False,upper_bound,0.3528960674164961,0.3702405258001516,163,28
113,12,True,False,False,upper_bound_with_inhaler,0.3528960674164961,0.3702405258001516,163,29
113,12,True,False,True,one_hot,0.25756572637105135,0.2575657263710514,163,30
113,12,True,False,True,lower_bound,0.3528960674164961,0.35376604288608005,163,31
113,12,True,False,True,midpoint,0.3528960674164961,0.36577091586013655,163,32
113,12,True,False,True,midpoint_with_inhaler,0.3528960674164961,0.36577091586013655,163,33
113,12,True,False,True,upper_bound,0.3528960674164961,0.3702405258001516,163,34
113,12,True,False,True,upper_bound_with_inhaler,0.3528960674164961,0.3702405258001516,163,35
113,24,False,False,False,one_hot,0.06788060316138154,0.06788060316138157,163,36
113,24,False,False,False,lower_bound,0.2721641207490923,0.39324166654941584,163,37
113,24,False,False,False,midpoint,0.2721641207490923,0.37935907930014257,163,38
113,24,False,False,False,midpoint_with_inhaler,0.2721641207490923,0.37935907930014257,163,39
113,24,False,False,False,upper_bound,0.2721641207490923,0.3629173389263683,163,40
113,24,False,False,False,upper_bound_with_inhaler,0.2721641207490923,0.3629173389263683,163,41
113,24,False,False,True,one_hot,0.06788060316138154,0.06788060316138157,163,42
113,24,False,False,True,lower_bound,0.2721641207490923,0.39324166654941584,163,43
113,24,False,False,True,midpoint,0.2721641207490923,0.37935907930014257,163,44
113,24,False,False,True,midpoint_with_inhaler,0.2721641207490923,0.37935907930014257,163,45
113,24,False,False,True,upper_bound,0.2721641207490923,0.3629173389263683,163,46
113,24,False,False,True,upper_bound_with_inhaler,0.2721641207490923,0.3629173389263683,163,47
113,24,False,True,False,one_hot,0.1158332132028311,0.11583321320283115,163,48
113,24,False,True,False,lower_bound,0.20607553350520127,0.2832444702148312,163,49
113,24,False,True,False,midpoint,0.20607553350520127,0.2809600202009629,163,50
113,24,False,True,False,midpoint_with_inhaler,0.20607553350520127,0.2809600202009629,163,51
113,24,False,True,False,upper_bound,0.20607553350520127,0.2776364458431982,163,52
113,24,False,True,False,upper_bound_with_inhaler,0.20607553350520127,0.2776364458431982,163,53
113,24,False,True,True,one_hot,0.1158332132028311,0.11583321320283115,163,54
113,24,False,True,True,lower_bound,0.20607553350520127,0.2832444702148312,163,55
113,24,False,True,True,midpoint,0.20607553350520127,0.2809600202009629,163,56
113,24,False,True,True,midpoint_with_inhaler,0.20607553350520127,0.2809600202009629,163,57
113,24,False,True,True,upper_bound,0.20607553350520127,0.2776364458431982,163,58
113,24,False,True,True,upper_bound_with_inhaler,0.20607553350520127,0.2776364458431982,163,59
113,24,True,False,False,one_hot,-0.07542949477844278,-0.07542949477844282,163,60
113,24,True,False,False,lower_bound,0.17776294691813732,0.3154709057234054,163,61
113,24,True,False,False,midpoint,0.17776294691813732,0.31613011928553203,163,62
113,24,True,False,False,midpoint_with_inhaler,0.17776294691813732,0.31613011928553203,163,63
113,24,True,False,False,upper_bound,0.17776294691813732,0.309969050245937,163,64
113,24,True,False,False,upper_bound_with_inhaler,0.17776294691813732,0.309969050245937,163,65
113,24,True,False,True,one_hot,-0.07542949477844278,-0.07542949477844282,163,66
113,24,True,False,True,lower_bound,0.17776294691813732,0.3154709057234054,163,67
113,24,True,False,True,midpoint,0.17776294691813732,0.31613011928553203,163,68
113,24,True,False,True,midpoint_with_inhaler,0.17776294691813732,0.31613011928553203,163,69
113,24,True,False,True,upper_bound,0.17776294691813732,0.309969050245937,163,70
113,24,True,False,True,upper_bound_with_inhaler,0.17776294691813732,0.309969050245937,163,71
113,36,False,False,False,one_hot,0.04269265039062694,0.042692650390626925,163,72
113,36,False,False,False,lower_bound,0.32467030878893155,0.41444187444855635,163,73
113,36,False,False,False,midpoint,0.32467030878893155,0.4246558593086388,163,74
113,36,False,False,False,midpoint_with_inhaler,0.32467030878893155,0.4215829208406607,163,75
113,36,False,False,False,upper_bound,0.3246706407883244,0.4218296195373965,163,76
113,36,False,False,False,upper_bound_with_inhaler,0.32467030878893155,0.4207668752689966,163,77
113,36,False,False,True,one_hot,0.04269265039062694,0.042692650390626925,163,78
113,36,False,False,True,lower_bound,0.32467030878893155,0.41444187444855635,163,79
113,36,False,False,True,midpoint,0.32467030878893155,0.4246558593086388,163,80
113,36,False,False,True,midpoint_with_inhaler,0.32467030878893155,0.4215829208406607,163,81
113,36,False,False,True,upper_bound,0.3246706407883244,0.4218296195373965,163,82
113,36,False,False,True,upper_bound_with_inhaler,0.32467030878893155,0.4207668752689966,163,83
113,36,True,False,False,one_hot,0.2670131858736689,0.2670131858736689,163,84
113,36,True,False,False,lower_bound,0.3501523404509248,0.3498374841414072,163,85
113,36,True,False,False,midpoint,0.3501523404509248,0.3686551697449684,163,86
113,36,True,False,False,midpoint_with_inhaler,0.3501523404509248,0.3686551697449684,163,87
113,36,True,False,False,upper_bound,0.3501523404509248,0.3788240380760295,163,88
113,36,True,False,False,upper_bound_with_inhaler,0.3501523404509248,0.3788240380760295,163,89
113,36,True,False,True,one_hot,0.2670131858736689,0.2670131858736689,163,90
113,36,True,False,True,lower_bound,0.3501523404509248,0.3498374841414072,163,91
113,36,True,False,True,midpoint,0.3501523404509248,0.3686551697449684,163,92
113,36,True,False,True,midpoint_with_inhaler,0.3501523404509248,0.3686551697449684,163,93
113,36,True,False,True,upper_bound,0.3501523404509248,0.3788240380760295,163,94
113,36,True,False,True,upper_bound_with_inhaler,0.3501523404509248,0.3788240380760295,163,95
113,48,False,False,False,one_hot,-0.03976793340524698,-0.039767933405246945,163,96
113,48,False,False,False,lower_bound,0.2583586402977248,0.32980299255969364,163,97
113,48,False,False,False,midpoint,0.2583586402977248,0.3334836657816059,163,98
113,48,False,False,False,midpoint_with_inhaler,0.2583586402977248,0.3325365766610863,163,99
113,48,False,False,False,upper_bound,0.2583594054286124,0.33009417183046,163,100
113,48,False,False,False,upper_bound_with_inhaler,0.2583586402977248,0.33144178934667495,163,101
113,48,False,False,True,one_hot,-0.03976793340524698,-0.039767933405246945,163,102
113,48,False,False,True,lower_bound,0.2583586402977248,0.32980299255969364,163,103
113,48,False,False,True,midpoint,0.2583586402977248,0.3334836657816059,163,104
113,48,False,False,True,midpoint_with_inhaler,0.2583586402977248,0.3325365766610863,163,105
113,48,False,False,True,upper_bound,0.2583594054286124,0.33009417183046,163,106
113,48,False,False,True,upper_bound_with_inhaler,0.2583586402977248,0.33144178934667495,163,107
113,48,False,True,False,one_hot,-0.03186621056110229,-0.03186621056110234,163,108
113,48,False,True,False,lower_bound,0.05000261439274441,0.03108083853842398,163,109
113,48,False,True,False,midpoint,0.05000261439274441,0.041034142429741224,163,110
113,48,False,True,False,midpoint_with_inhaler,0.05000261439274441,0.041034142429741224,163,111
113,48,False,True,False,upper_bound,0.05000261439274441,0.04723804307455256,163,112
113,48,False,True,False,upper_bound_with_inhaler,0.05000261439274441,0.04723804307455256,163,113
113,48,False,True,True,one_hot,-0.03186621056110229,-0.03186621056110234,163,114
113,48,False,True,True,lower_bound,0.05000261439274441,0.03108083853842398,163,115
113,48,False,True,True,midpoint,0.05000261439274441,0.041034142429741224,163,116
113,48,False,True,True,midpoint_with_inhaler,0.05000261439274441,0.041034142429741224,163,117
113,48,False,True,True,upper_bound,0.05000261439274441,0.04723804307455256,163,118
113,48,False,True,True,upper_bound_with_inhaler,0.05000261439274441,0.04723804307455256,163,119
113,48,True,False,False,one_hot,0.015169504289913253,0.015169504289913248,163,120
113,48,True,False,False,lower_bound,0.07227509068061895,0.11175005140269553,163,121
113,48,True,False,False,midpoint,0.07227509068061895,0.12063918464545492,163,122
113,48,True,False,False,midpoint_with_inhaler,0.07227509068061895,0.12063918464545492,163,123
113,48,True,False,False,upper_bound,0.07227509068061895,0.1263773892846748,163,124
113,48,True,False,False,upper_bound_with_inhaler,0.07227509068061895,0.1263773892846748,163,125
113,48,True,False,True,one_hot,0.015169504289913253,0.015169504289913248,163,126
113,48,True,False,True,lower_bound,0.07227509068061895,0.11175005140269553,163,127
113,48,True,False,True,midpoint,0.07227509068061895,0.12063918464545492,163,128
113,48,True,False,True,midpoint_with_inhaler,0.07227509068061895,0.12063918464545492,163,129
113,48,True,False,True,upper_bound,0.07227509068061895,0.1263773892846748,163,130
113,48,True,False,True,upper_bound_with_inhaler,0.07227509068061895,0.1263773892846748,163,131
190,12,False,False,False,one_hot,-0.02187610274754951,-0.02187610274754951,163,0
190,12,False,False,False,lower_bound,-0.02187610274754951,-0.02187610274754951,163,1
190,12,False,False,False,midpoint,-0.02187610274754951,-0.021876102747549496,163,2
190,12,False,False,False,midpoint_with_inhaler,-0.02187610274754951,-0.021876102747549496,163,3
190,12,False,False,False,upper_bound,-0.02187610274754951,-0.02187610274754951,163,4
190,12,False,False,False,upper_bound_with_inhaler,-0.02187610274754951,-0.02187610274754951,163,5
190,12,False,False,True,one_hot,-0.02187610274754951,-0.02187610274754951,163,6
190,12,False,False,True,lower_bound,-0.02187610274754951,-0.02187610274754951,163,7
190,12,False,False,True,midpoint,-0.02187610274754951,-0.021876102747549496,163,8
190,12,False,False,True,midpoint_with_inhaler,-0.02187610274754951,-0.021876102747549496,163,9
190,12,False,False,True,upper_bound,-0.02187610274754951,-0.02187610274754951,163,10
190,12,False,False,True,upper_bound_with_inhaler,-0.02187610274754951,-0.02187610274754951,163,11
190,12,False,True,False,one_hot,0.10605885444917199,0.10605885444917199,163,12
190,12,False,True,False,lower_bound,0.09357424311722919,0.04719585529400693,163,13
190,12,False,True,False,midpoint,0.09357424311722919,0.06072903514018674,163,14
190,12,False,True,False,midpoint_with_inhaler,0.09357424311722919,0.06072903514018674,163,15
190,12,False,True,False,upper_bound,0.09357424311722919,0.06813565930491362,163,16
190,12,False,True,False,upper_bound_with_inhaler,0.09357424311722919,0.06813565930491362,163,17
190,12,False,True,True,one_hot,0.10605885444917199,0.10605885444917199,163,18
190,12,False,True,True,lower_bound,0.09357424311722919,0.04719585529400693,163,19
190,12,False,True,True,midpoint,0.09357424311722919,0.06072903514018674,163,20
190,12,False,True,True,midpoint_with_inhaler,0.09357424311722919,0.06072903514018674,163,21
190,12,False,True,True,upper_bound,0.09357424311722919,0.06813565930491362,163,22
190,12,False,True,True,upper_bound_with_inhaler,0.09357424311722919,0.06813565930491362,163,23
190,12,True,False,False,one_hot,0.14737337502291742,0.14737337502291736,163,24
190,12,True,False,False,lower_bound,0.13149506826929927,0.08031086664270139,163,25
190,12,True,False,False,midpoint,0.13149506826929927,0.10158749919411604,163,26
190,12,True,False,False,midpoint_with_inhaler,0.13149506826929927,0.10158749919411604,163,27
190,12,True,False,False,upper_bound,0.13149506826929927,0.1131567808540024,163,28
190,12,True,False,False,upper_bound_with_inhaler,0.13149506826929927,0.1131567808540024,163,29
190,12,True,False,True,one_hot,0.14737337502291742,0.14737337502291736,163,30
190,12,True,False,True,lower_bound,0.13149506826929927,0.08031086664270139,163,31
190,12,True,False,True,midpoint,0.13149506826929927,0.10158749919411604,163,32
190,12,True,False,True,midpoint_with_inhaler,0.13149506826929927,0.10158749919411604,163,33
190,12,True,False,True,upper_bound,0.13149506826929927,0.1131567808540024,163,34
190,12,True,False,True,upper_bound_with_inhaler,0.13149506826929927,0.1131567808540024,163,35
190,24,False,False,False,one_hot,0.1480372982522324,0.1480372982522324,163,36
190,24,False,False,False,lower_bound,0.15230105961802629,0.1455833571366202,163,37
190,24,False,False,False,midpoint,0.15230105961802629,0.15080855179794275,163,38
190,24,False,False,False,midpoint_with_inhaler,0.15230105961802629,0.15080855179794275,163,39
190,24,False,False,False,upper_bound,0.15230105961802629,0.15230179316607717,163,40
190,24,False,False,False,upper_bound_with_inhaler,0.15230105961802629,0.15230179316607717,163,41
190,24,False,False,True,one_hot,0.1480372982522324,0.1480372982522324,163,42
190,24,False,False,True,lower_bound,0.15230105961802629,0.1455833571366202,163,43
190,24,False,False,True,midpoint,0.15230105961802629,0.15080855179794275,163,44
190,24,False,False,True,midpoint_with_inhaler,0.15230105961802629,0.15080855179794275,163,45
190,24,False,False,True,upper_bound,0.15230105961802629,0.15230179316607717,163,46
190,24,False,False,True,upper_bound_with_inhaler,0.15230105961802629,0.15230179316607717,163,47
190,24,False,True,False,one_hot,0.1644015734017493,0.1644015734017493,163,48
190,24,False,True,False,lower_bound,0.13648119474953344,0.0672534785101705,163,49
190,24,False,True,False,midpoint,0.13648119474953344,0.09519822353418007,163,50
190,24,False,True,False,midpoint_with_inhaler,0.13648119474953344,0.09519822353418007,163,51
190,24,False,True,False,upper_bound,0.13648119474953344,0.11151985690914488,163,52
190,24,False,True,False,upper_bound_with_inhaler,0.13648119474953344,0.11151985690914488,163,53
190,24,False,True,True,one_hot,0.1644015734017493,0.1644015734017493,163,54
190,24,False,True,True,lower_bound,0.13648119474953344,0.0672534785101705,163,55
190,24,False,True,True,midpoint,0.13648119474953344,0.09519822353418007,163,56
190,24,False,True,True,midpoint_with_inhaler,0.13648119474953344,0.09519822353418007,163,57
190,24,False,True,True,upper_bound,0.13648119474953344,0.11151985690914488,163,58
190,24,False,True,True,upper_bound_with_inhaler,0.13648119474953344,0.11151985690914488,163,59
190,24,True,False,False,one_hot,0.0929086908927341,0.09290869089273411,163,60
190,24,True,False,False,lower_bound,0.0929086908927341,0.09290869089273411,163,61
190,24,True,False,False,midpoint,0.0929086908927341,0.0929086908927341,163,62
190,24,True,False,False,midpoint_with_inhaler,0.0929086908927341,0.0929086908927341,163,63
190,24,True,False,False,upper_bound,0.0929086908927341,0.09290869089273411,163,64
190,24,True,False,False,upper_bound_with_inhaler,0.0929086908927341,0.09290869089273411,163,65
190,24,True,False,True,one_hot,0.0929086908927341,0.09290869089273411,163,66
190,24,True,False,True,lower_bound,0.0929086908927341,0.09290869089273411,163,67
190,24,True,False,True,midpoint,0.0929086908927341,0.0929086908927341,163,68
190,24,True,False,True,midpoint_with_inhaler,0.0929086908927341,0.0929086908927341,163,69
190,24,True,False,True,upper_bound,0.0929086908927341,0.09290869089273411,163,70
190,24,True,False,True,upper_bound_with_inhaler,0.0929086908927341,0.09290869089273411,163,71
190,36,False,False,False,one_hot,0.11952931805833016,0.11952931805833017,163,72
190,36,False,False,False,lower_bound,0.07092619335036113,0.012801778562697553,163,73
190,36,False,False,False,midpoint,0.07092619335036113,0.03986759373376723,163,74
190,36,False,False,False,midpoint_with_inhaler,0.07092619335036113,0.03986759373376723,163,75
190,36,False,False,False,upper_bound,0.07092619335036113,0.057134931392065796,163,76
190,36,False,False,False,upper_bound_with_inhaler,0.07092619335036113,0.057134931392065796,163,77
190,36,False,False,True,one_hot,0.11952931805833016,0.11952931805833017,163,78
190,36,False,False,True,lower_bound,0.07092619335036113,0.012801778562697553,163,79
190,36,False,False,True,midpoint,0.07092619335036113,0.03986759373376723,163,80
190,36,False,False,True,midpoint_with_inhaler,0.07092619335036113,0.03986759373376723,163,81
190,36,False,False,True,upper_bound,0.07092619335036113,0.057134931392065796,163,82
190,36,False,False,True,upper_bound_with_inhaler,0.07092619335036113,0.057134931392065796,163,83
190,36,True,False,False,one_hot,0.006868616207379706,0.006868616207379723,163,84
190,36,True,False,False,lower_bound,-0.0022571125263494175,-0.020541161222603826,163,85
190,36,True,False,False,midpoint,-0.0022571125263494175,-0.013062971610168991,163,86
190,36,True,False,False,midpoint_with_inhaler,-0.0022571125263494175,-0.013062971610168991,163,87
190,36,True,False,False,upper_bound,-0.0022571125263494175,-0.008644206905636116,163,88
190,36,True,False,False,upper_bound_with_inhaler,-0.0022571125263494175,-0.008644206905636116,163,89
190,36,True,False,True,one_hot,0.006868616207379706,0.006868616207379723,163,90
190,36,True,False,True,lower_bound,-0.0022571125263494175,-0.020541161222603826,163,91
190,36,True,False,True,midpoint,-0.0022571125263494175,-0.013062971610168991,163,92
190,36,True,False,True,midpoint_with_inhaler,-0.0022571125263494175,-0.013062971610168991,163,93
190,36,True,False,True,upper_bound,-0.0022571125263494175,-0.008644206905636116,163,94
190,36,True,False,True,upper_bound_with_inhaler,-0.0022571125263494175,-0.008644206905636116,163,95
190,48,False,False,False,one_hot,0.08859078397333284,0.0885907839733328,163,96
190,48,False,False,False,lower_bound,0.03778887299525297,0.0028021296064120052,163,97
190,48,False,False,False,midpoint,0.03778887299525297,0.016850449530441323,163,98
190,48,False,False,False,midpoint_with_inhaler,0.03778887299525297,0.016850449530441323,163,99
190,48,False,False,False,upper_bound,0.03778887299525297,0.026950578004743306,163,100
190,48,False,False,False,upper_bound_with_inhaler,0.03778887299525297,0.026950578004743306,163,101
190,48,False,False,True,one_hot,0.08859078397333284,0.0885907839733328,163,102
190,48,False,False,True,lower_bound,0.03778887299525297,0.0028021296064120052,163,103
190,48,False,False,True,midpoint,0.03778887299525297,0.016850449530441323,163,104
190,48,False,False,True,midpoint_with_inhaler,0.03778887299525297,0.016850449530441323,163,105
190,48,False,False,True,upper_bound,0.03778887299525297,0.026950578004743306,163,106
190,48,False,False,True,upper_bound_with_inhaler,0.03778887299525297,0.026950578004743306,163,107
190,48,False,True,False,one_hot,0.07202894772239808,0.07202894772239804,163,108
190,48,False,True,False,lower_bound,0.06955536914235401,0.059476561458884344,163,109
190,48,False,True,False,midpoint,0.06955536914235401,0.06406899220253412,163,110
190,48,False,True,False,midpoint_with_inhaler,0.06955536914235401,0.06406899220253412,163,111
190,48,False,True,False,upper_bound,0.06955536914235401,0.06625003188679594,163,112
190,48,False,True,False,upper_bound_with_inhaler,0.06955536914235401,0.06625003188679594,163,113
190,48,False,True,True,one_hot,0.07202894772239808,0.07202894772239804,163,114
190,48,False,True,True,lower_bound,0.06955536914235401,0.059476561458884344,163,115
190,48,False,True,True,midpoint,0.06955536914235401,0.06406899220253412,163,116
190,48,False,True,True,midpoint_with_inhaler,0.06955536914235401,0.06406899220253412,163,117
190,48,False,True,True,upper_bound,0.06955536914235401,0.06625003188679594,163,118
190,48,False,True,True,upper_bound_with_inhaler,0.06955536914235401,0.06625003188679594,163,119
190,48,True,False,False,one_hot,0.09802980965704529,0.09802980965704529,163,120
190,48,True,False,False,lower_bound,0.08559185806282192,0.041414086497297685,163,121
190,48,True,False,False,midpoint,0.08559185806282192,0.05436546727589383,163,122
190,48,True,False,False,midpoint_with_inhaler,0.08559185806282192,0.05436546727589383,163,123
190,48,True,False,False,upper_bound,0.08559185806282192,0.061475256150218746,163,124
190,48,True,False,False,upper_bound_with_inhaler,0.08559185806282192,0.061475256150218746,163,125
190,48,True,False,True,one_hot,0.09802980965704529,0.09802980965704529,163,126
190,48,True,False,True,lower_bound,0.08559185806282192,0.041414086497297685,163,127
190,48,True,False,True,midpoint,0.08559185806282192,0.05436546727589383,163,128
190,48,True,False,True,midpoint_with_inhaler,0.08559185806282192,0.05436546727589383,163,129
190,48,True,False,True,upper_bound,0.08559185806282192,0.061475256150218746,163,130
190,48,True,False,True,upper_bound_with_inhaler,0.08559185806282192,0.061475256150218746,163,131
294,12,False,False,False,one_hot,0.16989285149605585,0.16989285149605582,173,0
294,12,False,False,False,lower_bound,0.2719813605241117,0.29590876244570685,173,1
294,12,False,False,False,midpoint,0.2719813605241117,0.3053272724443914,173,2
294,12,False,False,False,midpoint_with_inhaler,0.2719813605241117,0.3053272724443914,173,3
294,12,False,False,False,upper_bound,0.2719813605241117,0.3073739393621932,173,4
294,12,False,False,False,upper_bound_with_inhaler,0.2719813605241117,0.3073739393621932,173,5
294,12,False,False,True,one_hot,0.16989285149605585,0.16989285149605582,173,6
294,12,False,False,True,lower_bound,0.2719813605241117,0.29590876244570685,173,7
294,12,False,False,True,midpoint,0.2719813605241117,0.3053272724443914,173,8
294,12,False,False,True,midpoint_with_inhaler,0.2719813605241117,0.3053272724443914,173,9
294,12,False,False,True,upper_bound,0.2719813605241117,0.3073739393621932,173,10
294,12,False,False,True,upper_bound_with_inhaler,0.2719813605241117,0.3073739393621932,173,11
294,12,False,True,False,one_hot,,,173,12
294,12,False,True,False,lower_bound,0.5204855370906983,0.4665217672441524,173,13
294,12,False,True,False,midpoint,0.5204855370906983,0.4929739901323248,173,14
294,12,False,True,False,midpoint_with_inhaler,0.5204855370906983,0.4929739901323248,173,15
294,12,False,True,False,upper_bound,0.5204855370906983,0.5042194013078745,173,16
294,12,False,True,False,upper_bound_with_inhaler,0.5204855370906983,0.5042194013078745,173,17
294,12,False,True,True,one_hot,,,173,18
294,12,False,True,True,lower_bound,0.5204855370906983,0.4665217672441524,173,19
294,12,False,True,True,midpoint,0.5204855370906983,0.4929739901323248,173,20
294,12,False,True,True,midpoint_with_inhaler,0.5204855370906983,0.4929739901323248,173,21
294,12,False,True,True,upper_bound,0.5204855370906983,0.5042194013078745,173,22
294,12,False,True,True,upper_bound_with_inhaler,0.5204855370906983,0.5042194013078745,173,23
294,12,True,False,False,one_hot,,,173,24
294,12,True,False,False,lower_bound,0.5120413105383923,0.47236919327327304,173,25
294,12,True,False,False,midpoint,0.5120413105383923,0.49769352847427106,173,26
294,12,True,False,False,midpoint_with_inhaler,0.5120413105383923,0.49676125743746946,173,27
294,12,True,False,False,upper_bound,0.51165398199769,0.5050415339752937,173,28
294,12,True,False,False,upper_bound_with_inhaler,0.5120413105383923,0.5041813152677621,173,29
294,12,True,False,True,one_hot,,,173,30
294,12,True,False,True,lower_bound,0.5120413105383923,0.47236919327327304,173,31
294,12,True,False,True,midpoint,0.5120413105383923,0.49769352847427106,173,32
294,12,True,False,True,midpoint_with_inhaler,0.5120413105383923,0.49676125743746946,173,33
294,12,True,False,True,upper_bound,0.51165398199769,0.5050415339752937,173,34
294,12,True,False,True,upper_bound_with_inhaler,0.5120413105383923,0.5041813152677621,173,35
294,24,False,False,False,one_hot,,,173,36
294,24,False,False,False,lower_bound,0.6024127029146662,0.5709656779911464,173,37
294,24,False,False,False,midpoint,0.6024127029146662,0.5828312548568799,173,38
294,24,False,False,False,midpoint_with_inhaler,0.6024127029146662,0.5869304327173579,173,39
294,24,False,False,False,upper_bound,0.5975524475997155,0.5778488120949065,173,40
294,24,False,False,False,upper_bound_with_inhaler,0.6024127029146662,0.5888029518018358,173,41
294,24,False,False,True,one_hot,,,173,42
294,24,False,False,True,lower_bound,0.6024127029146662,0.5709656779911464,173,43
294,24,False,False,True,midpoint,0.6024127029146662,0.5828312548568799,173,44
294,24,False,False,True,midpoint_with_inhaler,0.6024127029146662,0.5869304327173579,173,45
294,24,False,False,True,upper_bound,0.5975524475997155,0.5778488120949065,173,46
294,24,False,False,True,upper_bound_with_inhaler,0.6024127029146662,0.5888029518018358,173,47
294,24,False,True,False,one_hot,,,173,48
294,24,False,True,False,lower_bound,0.5126811408211538,0.47539045028158844,173,49
294,24,False,True,False,midpoint,0.5126811408211538,0.49778924355655996,173,50
294,24,False,True,False,midpoint_with_inhaler,0.5126811408211538,0.49778924355655996,173,51
294,24,False,True,False,upper_bound,0.5126811408211538,0.5083884718469585,173,52
294,24,False,True,False,upper_bound_with_inhaler,0.5126811408211538,0.5083884718469585,173,53
294,24,False,True,True,one_hot,,,173,54
294,24,False,True,True,lower_bound,0.5126811408211538,0.47539045028158844,173,55
294,24,False,True,True,midpoint,0.5126811408211538,0.49778924355655996,173,56
294,24,False,True,True,midpoint_with_inhaler,0.5126811408211538,0.49778924355655996,173,57
294,24,False,True,True,upper_bound,0.5126811408211538,0.5083884718469585,173,58
294,24,False,True,True,upper_bound_with_inhaler,0.5126811408211538,0.5083884718469585,173,59
294,24,True,False,False,one_hot,,,173,60
294,24,True,False,False,lower_bound,0.6241757174815299,0.6098015567009752,173,61
294,24,True,False,False,midpoint,0.6241757174815299,0.6159644022309204,173,62
294,24,True,False,False,midpoint_with_inhaler,0.6241757174815299,0.6195320155561942,173,63
294,24,True,False,False,upper_bound,0.6202947073737952,0.6044934682295134,173,64
294,24,True,False,False,upper_bound_with_inhaler,0.6241757174815299,0.6146431862029766,173,65
294,24,True,False,True,one_hot,,,173,66
294,24,True,False,True,lower_bound,0.6241757174815299,0.6098015567009752,173,67
294,24,True,False,True,midpoint,0.6241757174815299,0.6159644022309204,173,68
294,24,True,False,True,midpoint_with_inhaler,0.6241757174815299,0.6195320155561942,173,69
294,24,True,False,True,upper_bound,0.6202947073737952,0.6044934682295134,173,70
294,24,True,False,True,upper_bound_with_inhaler,0.6241757174815299,0.6146431862029766,173,71
294,36,False,False,False,one_hot,,,173,72
294,36,False,False,False,lower_bound,0.5263688350080961,0.5276664390739452,173,73
294,36,False,False,False,midpoint,0.5263688350080961,0.5373859318235849,173,74
294,36,False,False,False,midpoint_with_inhaler,0.5263688350080961,0.539973514658796,173,75
294,36,False,False,False,upper_bound,0.4959347079542853,0.5231012596160123,173,76
294,36,False,False,False,upper_bound_with_inhaler,0.5263688350080961,0.5147057608063127,173,77
294,36,False,False,True,one_hot,,,173,78
294,36,False,False,True,lower_bound,0.5263688350080961,0.5276664390739452,173,79
294,36,False,False,True,midpoint,0.5263688350080961,0.5373859318235849,173,80
294,36,False,False,True,midpoint_with_inhaler,0.5263688350080961,0.539973514658796,173,81
294,36,False,False,True,upper_bound,0.4959347079542853,0.5231012596160123,173,82
294,36,False,False,True,upper_bound_with_inhaler,0.5263688350080961,0.5147057608063127,173,83
294,36,True,False,False,one_hot,,,173,84
294,36,True,False,False,lower_bound,0.4064028579284822,0.40988971721605383,173,85
294,36,True,False,False,midpoint,0.4064028579284822,0.41295256511566775,173,86
294,36,True,False,False,midpoint_with_inhaler,0.4064028579284822,0.4150826669476615,173,87
294,36,True,False,False,upper_bound,0.40414404487387234,0.41213752088589284,173,88
294,36,True,False,False,upper_bound_with_inhaler,0.4064028579284822,0.4191743000005229,173,89
294,36,True,False,True,one_hot,,,173,90
294,36,True,False,True,lower_bound,0.4064028579284822,0.40988971721605383,173,91
294,36,True,False,True,midpoint,0.4064028579284822,0.41295256511566775,173,92
294,36,True,False,True,midpoint_with_inhaler,0.4064028579284822,0.4150826669476615,173,93
294,36,True,False,True,upper_bound,0.40414404487387234,0.41213752088589284,173,94
294,36,True,False,True,upper_bound_with_inhaler,0.4064028579284822,0.4191743000005229,173,95
294,48,False,False,False,one_hot,,,173,96
294,48,False,False,False,lower_bound,0.7352684505229314,0.7182935034525553,173,97
294,48,False,False,False,midpoint,0.7352684505229314,0.698231527753305,173,98
294,48,False,False,False,midpoint_with_inhaler,0.7352684505229314,0.7325799515591948,173,99
294,48,False,False,False,upper_bound,0.6568846743776591,0.6164047023581092,173,100
294,48,False,False,False,upper_bound_with_inhaler,0.7352684505229314,0.6982693284852624,173,101
294,48,False,False,True,one_hot,,,173,102
294,48,False,False,True,lower_bound,0.7352684505229314,0.7182935034525553,173,103
294,48,False,False,True,midpoint,0.7352684505229314,0.698231527753305,173,104
294,48,False,False,True,midpoint_with_inhaler,0.7352684505229314,0.7325799515591948,173,105
294,48,False,False,True,upper_bound,0.6568846743776591,0.6164047023581092,173,106
294,48,False,False,True,upper_bound_with_inhaler,0.7352684505229314,0.6982693284852624,173,107
294,48,False,True,False,one_hot,,,173,108
294,48,False,True,False,lower_bound,0.341977098327405,0.3312667460998384,173,109
294,48,False,True,False,midpoint,0.341977098327405,0.3438322905509828,173,110
294,48,False,True,False,midpoint_with_inhaler,0.341977098327405,0.3438322905509828,173,111
294,48,False,True,False,upper_bound,0.341977098327405,0.3475178420994884,173,112
294,48,False,True,False,upper_bound_with_inhaler,0.341977098327405,0.3475178420994884,173,113
294,48,False,True,True,one_hot,,,173,114
294,48,False,True,True,lower_bound,0.341977098327405,0.3312667460998384,173,115
294,48,False,True,True,midpoint,0.341977098327405,0.3438322905509828,173,116
294,48,False,True,True,midpoint_with_inhaler,0.341977098327405,0.3438322905509828,173,117
294,48,False,True,True,upper_bound,0.341977098327405,0.3475178420994884,173,118
294,48,False,True,True,upper_bound_with_inhaler,0.341977098327405,0.3475178420994884,173,119
294,48,True,False,False,one_hot,,,173,120
294,48,True,False,False,lower_bound,0.4341604405625713,0.39318553499354303,173,121
294,48,True,False,False,midpoint,0.4341604405625713,0.425356155799946,173,122
294,48,True,False,False,midpoint_with_inhaler,0.4341604405625713,0.42221657454541606,173,123
294,48,True,False,False,upper_bound,0.4331893400860483,0.43540836224644275,173,124
294,48,True,False,False,upper_bound_with_inhaler,0.4341604405625713,0.4352481836053168,173,125
294,48,True,False,True,one_hot,,,173,126
294,48,True,False,True,lower_bound,0.4341604405625713,0.39318553499354303,173,127
294,48,True,False,True,midpoint,0.4341604405625713,0.425356155799946,173,128
294,48,True,False,True,midpoint_with_inhaler,0.4341604405625713,0.42221657454541606,173,129
294,48,True,False,True,upper_bound,0.4331893400860483,0.43540836224644275,173,130
294,48,True,False,True,upper_bound_with_inhaler,0.4341604405625713,0.4352481836053168,173,131
328,12,False,False,False,one_hot,0.3155801787685052,0.3155801787685052,17,0
328,12,False,False,False,lower_bound,0.2580680445335959,0.05610664763324886,17,1
328,12,False,False,False,midpoint,0.2580680445335959,0.07818488214664564,17,2
328,12,False,False,False,midpoint_with_inhaler,0.2580680445335959,0.07818488214664564,17,3
328,12,False,False,False,upper_bound,0.2580680445335959,0.09154194364805598,17,4
328,12,False,False,False,upper_bound_with_inhaler,0.2580680445335959,0.09154194364805598,17,5
328,12,False,False,True,one_hot,0.3155801787685052,0.3155801787685052,17,6
328,12,False,False,True,lower_bound,0.2580680445335959,0.05610664763324886,17,7
328,12,False,False,True,midpoint,0.2580680445335959,0.07818488214664564,17,8
328,12,False,False,True,midpoint_with_inhaler,0.2580680445335959,0.07818488214664564,17,9
328,12,False,False,True,upper_bound,0.2580680445335959,0.09154194364805598,17,10
328,12,False,False,True,upper_bound_with_inhaler,0.2580680445335959,0.09154194364805598,17,11
328,12,False,True,False,one_hot,0.2053880046330666,0.20538800463306664,17,12
328,12,False,True,False,lower_bound,0.04210613664093587,-0.06820609254699675,17,13
328,12,False,True,False,midpoint,0.04210613664093587,-0.041280281927401914,17,14
328,12,False,True,False,midpoint_with_inhaler,0.04210613664093587,-0.041280281927401914,17,15
328,12,False,True,False,upper_bound,0.04210613664093587,-0.022915456819288856,17,16
328,12,False,True,False,upper_bound_with_inhaler,0.04210613664093587,-0.022915456819288856,17,17
328,12,False,True,True,one_hot,0.2053880046330666,0.20538800463306664,17,18
328,12,False,True,True,lower_bound,0.04210613664093587,-0.06820609254699675,17,19
328,12,False,True,True,midpoint,0.04210613664093587,-0.041280281927401914,17,20
328,12,False,True,True,midpoint_with_inhaler,0.04210613664093587,-0.041280281927401914,17,21
328,12,False,True,True,upper_bound,0.04210613664093587,-0.022915456819288856,17,22
328,12,False,True,True,upper_bound_with_inhaler,0.04210613664093587,-0.022915456819288856,17,23
328,12,True,False,False,one_hot,0.091541943648056,0.091541943648056,17,24
328,12,True,False,False,lower_bound,-0.05608933982469519,-0.10053798012967904,17,25
328,12,True,False,False,midpoint,-0.05608933982469519,-0.08996689239627705,17,26
328,12,True,False,False,midpoint_with_inhaler,-0.05608933982469519,-0.08996689239627705,17,27
328,12,True,False,False,upper_bound,-0.05608933982469519,-0.08229234297049816,17,28
328,12,True,False,False,upper_bound_with_inhaler,-0.05608933982469519,-0.08229234297049816,17,29
328,12,True,False,True,one_hot,0.091541943648056,0.091541943648056,17,30
328,12,True,False,True,lower_bound,-0.05608933982469519,-0.10053798012967904,17,31
328,12,True,False,True,midpoint,-0.05608933982469519,-0.08996689239627705,17,32
328,12,True,False,True,midpoint_with_inhaler,-0.05608933982469519,-0.08996689239627705,17,33
328,12,True,False,True,upper_bound,-0.05608933982469519,-0.08229234297049816,17,34
328,12,True,False,True,upper_bound_with_inhaler,-0.05608933982469519,-0.08229234297049816,17,35
328,24,False,False,False,one_hot,0.240218647289261,0.24021864728926104,17,36
328,24,False,False,False,lower_bound,0.1278327286988282,-0.01773503172721667,17,37
328,24,False,False,False,midpoint,0.1278327286988282,0.006981011874754349,17,38
328,24,False,False,False,midpoint_with_inhaler,0.1278327286988282,0.006981011874754349,17,39
328,24,False,False,False,upper_bound,0.1278327286988282,0.022915456819288856,17,40
328,24,False,False,False,upper_bound_with_inhaler,0.1278327286988282,0.022915456819288856,17,41
328,24,False,False,True,one_hot,0.240218647289261,0.24021864728926104,17,42
328,24,False,False,True,lower_bound,0.1278327286988282,-0.01773503172721667,17,43
328,24,False,False,True,midpoint,0.1278327286988282,0.006981011874754349,17,44
328,24,False,False,True,midpoint_with_inhaler,0.1278327286988282,0.006981011874754349,17,45
328,24,False,False,True,upper_bound,0.1278327286988282,0.022915456819288856,17,46
328,24,False,False,True,upper_bound_with_inhaler,0.1278327286988282,0.022915456819288856,17,47
328,24,False,True,False,one_hot,0.2053880046330666,0.2053880046330666,17,48
328,24,False,True,False,lower_bound,0.32758802723152114,0.34797089458429237,17,49
328,24,False,True,False,midpoint,0.32758802723152114,0.3411872614717974,17,50
328,24,False,True,False,midpoint_with_inhaler,0.32758802723152114,0.3411872614717974,17,51
328,24,False,True,False,upper_bound,0.32758802723152114,0.3309108812050751,17,52
328,24,False,True,False,upper_bound_with_inhaler,0.32758802723152114,0.3309108812050751,17,53
328,24,False,True,True,one_hot,0.2053880046330666,0.2053880046330666,17,54
328,24,False,True,True,lower_bound,0.32758802723152114,0.34797089458429237,17,55
328,24,False,True,True,midpoint,0.32758802723152114,0.3411872614717974,17,56
328,24,False,True,True,midpoint_with_inhaler,0.32758802723152114,0.3411872614717974,17,57
328,24,False,True,True,upper_bound,0.32758802723152114,0.3309108812050751,17,58
328,24,False,True,True,upper_bound_with_inhaler,0.32758802723152114,0.3309108812050751,17,59
328,24,True,False,False,one_hot,0.17066884146429792,0.17066884146429798,17,60
328,24,True,False,False,lower_bound,0.04645133122921934,-0.056106647633248866,17,61
328,24,True,False,False,midpoint,0.04645133122921934,-0.03723850545448855,17,62
328,24,True,False,False,midpoint_with_inhaler,0.04645133122921934,-0.03723850545448855,17,63
328,24,True,False,False,upper_bound,0.04645133122921934,-0.0246232733987315,17,64
328,24,True,False,False,upper_bound_with_inhaler,0.04645133122921934,-0.0246232733987315,17,65
328,24,True,False,True,one_hot,0.17066884146429792,0.17066884146429798,17,66
328,24,True,False,True,lower_bound,0.04645133122921934,-0.056106647633248866,17,67
328,24,True,False,True,midpoint,0.04645133122921934,-0.03723850545448855,17,68
328,24,True,False,True,midpoint_with_inhaler,0.04645133122921934,-0.03723850545448855,17,69
328,24,True,False,True,upper_bound,0.04645133122921934,-0.0246232733987315,17,70
328,24,True,False,True,upper_bound_with_inhaler,0.04645133122921934,-0.0246232733987315,17,71
328,36,False,False,False,one_hot,0.091541943648056,0.091541943648056,17,72
328,36,False,False,False,lower_bound,-0.05608933982469519,-0.1005379801296791,17,73
328,36,False,False,False,midpoint,-0.05608933982469519,-0.08996689239627706,17,74
328,36,False,False,False,midpoint_with_inhaler,-0.05608933982469519,-0.08996689239627706,17,75
328,36,False,False,False,upper_bound,-0.05608933982469519,-0.08229234297049817,17,76
328,36,False,False,False,upper_bound_with_inhaler,-0.05608933982469519,-0.08229234297049817,17,77
328,36,False,False,True,one_hot,0.091541943648056,0.091541943648056,17,78
328,36,False,False,True,lower_bound,-0.05608933982469519,-0.1005379801296791,17,79
328,36,False,False,True,midpoint,-0.05608933982469519,-0.08996689239627706,17,80
328,36,False,False,True,midpoint_with_inhaler,-0.05608933982469519,-0.08996689239627706,17,81
328,36,False,False,True,upper_bound,-0.05608933982469519,-0.08229234297049817,17,82
328,36,False,False,True,upper_bound_with_inhaler,-0.05608933982469519,-0.08229234297049817,17,83
328,36,True,False,False,one_hot,0.240218647289261,0.240218647289261,17,84
328,36,True,False,False,lower_bound,0.240218647289261,0.240218647289261,17,85
328,36,True,False,False,midpoint,0.240218647289261,0.24021864728926093,17,86
328,36,True,False,False,midpoint_with_inhaler,0.240218647289261,0.24021864728926093,17,87
328,36,True,False,False,upper_bound,0.240218647289261,0.240218647289261,17,88
328,36,True,False,False,upper_bound_with_inhaler,0.240218647289261,0.240218647289261,17,89
328,36,True,False,True,one_hot,0.240218647289261,0.240218647289261,17,90
328,36,True,False,True,lower_bound,0.240218647289261,0.240218647289261,17,91
328,36,True,False,True,midpoint,0.240218647289261,0.24021864728926093,17,92
328,36,True,False,True,midpoint_with_inhaler,0.240218647289261,0.24021864728926093,17,93
328,36,True,False,True,upper_bound,0.240218647289261,0.240218647289261,17,94
328,36,True,False,True,upper_bound_with_inhaler,0.240218647289261,0.240218647289261,17,95
328,48,False,False,False,one_hot,0.1341319932973397,0.1341319932973397,17,96
328,48,False,False,False,lower_bound,-0.1269209691889348,-0.16859440253725688,17,97
328,48,False,False,False,midpoint,-0.1269209691889348,-0.14164178059517962,17,98
328,48,False,False,False,midpoint_with_inhaler,-0.1269209691889348,-0.14164178059517962,17,99
328,48,False,False,False,upper_bound,-0.1269209691889348,-0.12097253737077825,17,100
328,48,False,False,False,upper_bound_with_inhaler,-0.1269209691889348,-0.12097253737077825,17,101
328,48,False,False,True,one_hot,0.1341319932973397,0.1341319932973397,17,102
328,48,False,False,True,lower_bound,-0.1269209691889348,-0.16859440253725688,17,103
328,48,False,False,True,midpoint,-0.1269209691889348,-0.14164178059517962,17,104
328,48,False,False,True,midpoint_with_inhaler,-0.1269209691889348,-0.14164178059517962,17,105
328,48,False,False,True,upper_bound,-0.1269209691889348,-0.12097253737077825,17,106
328,48,False,False,True,upper_bound_with_inhaler,-0.1269209691889348,-0.12097253737077825,17,107
328,48,False,True,False,one_hot,-0.1665136672773379,-0.16651366727733785,17,108
328,48,False,True,False,lower_bound,-0.1665136672773379,-0.16651366727733785,17,109
328,48,False,True,False,midpoint,-0.1665136672773379,-0.16651366727733785,17,110
328,48,False,True,False,midpoint_with_inhaler,-0.1665136672773379,-0.16651366727733785,17,111
328,48,False,True,False,upper_bound,-0.1665136672773379,-0.16651366727733785,17,112
328,48,False,True,False,upper_bound_with_inhaler,-0.1665136672773379,-0.16651366727733785,17,113
328,48,False,True,True,one_hot,-0.1665136672773379,-0.16651366727733785,17,114
328,48,False,True,True,lower_bound,-0.1665136672773379,-0.16651366727733785,17,115
328,48,False,True,True,midpoint,-0.1665136672773379,-0.16651366727733785,17,116
328,48,False,True,True,midpoint_with_inhaler,-0.1665136672773379,-0.16651366727733785,17,117
328,48,False,True,True,upper_bound,-0.1665136672773379,-0.16651366727733785,17,118
328,48,False,True,True,upper_bound_with_inhaler,-0.1665136672773379,-0.16651366727733785,17,119
328,48,True,False,False,one_hot,0.24021864728926093,0.24021864728926107,17,120
328,48,True,False,False,lower_bound,0.24021864728926093,0.24021864728926107,17,121
328,48,True,False,False,midpoint,0.24021864728926093,0.240218647289261,17,122
328,48,True,False,False,midpoint_with_inhaler,0.24021864728926093,0.240218647289261,17,123
328,48,True,False,False,upper_bound,0.24021864728926093,0.24021864728926107,17,124
328,48,True,False,False,upper_bound_with_inhaler,0.24021864728926093,0.24021864728926107,17,125
328,48,True,False,True,one_hot,0.24021864728926093,0.24021864728926107,17,126
328,48,True,False,True,lower_bound,0.24021864728926093,0.24021864728926107,17,127
328,48,True,False,True,midpoint,0.24021864728926093,0.240218647289261,17,128
328,48,True,False,True,midpoint_with_inhaler,0.24021864728926093,0.240218647289261,17,129
328,48,True,False,True,upper_bound,0.24021864728926093,0.24021864728926107,17,130
328,48,True,False,True,upper_bound_with_inhaler,0.24021864728926093,0.24021864728926107,17,131
343,12,False,False,False,one_hot,0.26147330922955053,0.26147330922955064,173,0
343,12,False,False,False,lower_bound,0.26147330922955053,0.26147330922955064,173,1
343,12,False,False,False,midpoint,0.26147330922955053,0.2614733092295506,173,2
343,12,False,False,False,midpoint_with_inhaler,0.26147330922955053,0.2614733092295506,173,3
343,12,False,False,False,upper_bound,0.26147330922955053,0.26147330922955064,173,4
343,12,False,False,False,upper_bound_with_inhaler,0.26147330922955053,0.26147330922955064,173,5
343,12,False,False,True,one_hot,0.26147330922955053,0.26147330922955064,173,6
343,12,False,False,True,lower_bound,0.26147330922955053,0.26147330922955064,173,7
343,12,False,False,True,midpoint,0.26147330922955053,0.2614733092295506,173,8
343,12,False,False,True,midpoint_with_inhaler,0.26147330922955053,0.2614733092295506,173,9
343,12,False,False,True,upper_bound,0.26147330922955053,0.26147330922955064,173,10
343,12,False,False,True,upper_bound_with_inhaler,0.26147330922955053,0.26147330922955064,173,11
343,12,False,True,False,one_hot,0.36318244320134574,0.36318244320134574,173,12
343,12,False,True,False,lower_bound,0.36318244320134574,0.36318244320134574,173,13
343,12,False,True,False,midpoint,0.36318244320134574,0.36318244320134574,173,14
343,12,False,True,False,midpoint_with_inhaler,0.36318244320134574,0.36318244320134574,173,15
343,12,False,True,False,upper_bound,0.36318244320134574,0.36318244320134574,173,16
343,12,False,True,False,upper_bound_with_inhaler,0.36318244320134574,0.36318244320134574,173,17
343,12,False,True,True,one_hot,0.36318244320134574,0.36318244320134574,173,18
343,12,False,True,True,lower_bound,0.36318244320134574,0.36318244320134574,173,19
343,12,False,True,True,midpoint,0.36318244320134574,0.36318244320134574,173,20
343,12,False,True,True,midpoint_with_inhaler,0.36318244320134574,0.36318244320134574,173,21
343,12,False,True,True,upper_bound,0.36318244320134574,0.36318244320134574,173,22
343,12,False,True,True,upper_bound_with_inhaler,0.36318244320134574,0.36318244320134574,173,23
343,12,True,False,False,one_hot,0.49350677833075074,0.49350677833075074,173,24
343,12,True,False,False,lower_bound,0.49350677833075074,0.49350677833075074,173,25
343,12,True,False,False,midpoint,0.49350677833075074,0.49350677833075074,173,26
343,12,True,False,False,midpoint_with_inhaler,0.49350677833075074,0.49350677833075074,173,27
343,12,True,False,False,upper_bound,0.49350677833075074,0.49350677833075074,173,28
343,12,True,False,False,upper_bound_with_inhaler,0.49350677833075074,0.49350677833075074,173,29
343,12,True,False,True,one_hot,0.49350677833075074,0.49350677833075074,173,30
343,12,True,False,True,lower_bound,0.49350677833075074,0.49350677833075074,173,31
343,12,True,False,True,midpoint,0.49350677833075074,0.49350677833075074,173,32
343,12,True,False,True,midpoint_with_inhaler,0.49350677833075074,0.49350677833075074,173,33
343,12,True,False,True,upper_bound,0.49350677833075074,0.49350677833075074,173,34
343,12,True,False,True,upper_bound_with_inhaler,0.49350677833075074,0.49350677833075074,173,35
343,24,False,False,False,one_hot,0.33221649114997476,0.33221649114997487,173,36
343,24,False,False,False,lower_bound,0.33845232473015574,0.36458656893763963,173,37
343,24,False,False,False,midpoint,0.33845232473015574,0.35890119572648665,173,38
343,24,False,False,False,midpoint_with_inhaler,0.33845232473015574,0.35890119572648665,173,39
343,24,False,False,False,upper_bound,0.33845232473015574,0.3542554891114965,173,40
343,24,False,False,False,upper_bound_with_inhaler,0.33845232473015574,0.3542554891114965,173,41
343,24,False,False,True,one_hot,0.33221649114997476,0.33221649114997487,173,42
343,24,False,False,True,lower_bound,0.33845232473015574,0.36458656893763963,173,43
343,24,False,False,True,midpoint,0.33845232473015574,0.35890119572648665,173,44
343,24,False,False,True,midpoint_with_inhaler,0.33845232473015574,0.35890119572648665,173,45
343,24,False,False,True,upper_bound,0.33845232473015574,0.3542554891114965,173,46
343,24,False,False,True,upper_bound_with_inhaler,0.33845232473015574,0.3542554891114965,173,47
343,24,False,True,False,one_hot,0.1814469316846708,0.1814469316846708,173,48
343,24,False,True,False,lower_bound,0.1814469316846708,0.1814469316846708,173,49
343,24,False,True,False,midpoint,0.1814469316846708,0.18144693168467077,173,50
343,24,False,True,False,midpoint_with_inhaler,0.1814469316846708,0.18144693168467077,173,51
343,24,False,True,False,upper_bound,0.1814469316846708,0.1814469316846708,173,52
343,24,False,True,False,upper_bound_with_inhaler,0.1814469316846708,0.1814469316846708,173,53
343,24,False,True,True,one_hot,0.1814469316846708,0.1814469316846708,173,54
343,24,False,True,True,lower_bound,0.1814469316846708,0.1814469316846708,173,55
343,24,False,True,True,midpoint,0.1814469316846708,0.18144693168467077,173,56
343,24,False,True,True,midpoint_with_inhaler,0.1814469316846708,0.18144693168467077,173,57
343,24,False,True,True,upper_bound,0.1814469316846708,0.1814469316846708,173,58
343,24,False,True,True,upper_bound_with_inhaler,0.1814469316846708,0.1814469316846708,173,59
343,24,True,False,False,one_hot,0.25082175447666827,0.2508217544766683,173,60
343,24,True,False,False,lower_bound,0.2585584641908659,0.28972947752430095,173,61
343,24,True,False,False,midpoint,0.2585584641908659,0.2804491109927123,173,62
343,24,True,False,False,midpoint_with_inhaler,0.2585584641908659,0.2804491109927123,173,63
343,24,True,False,False,upper_bound,0.2585584641908659,0.27445642829673683,173,64
343,24,True,False,False,upper_bound_with_inhaler,0.2585584641908659,0.27445642829673683,173,65
343,24,True,False,True,one_hot,0.25082175447666827,0.2508217544766683,173,66
343,24,True,False,True,lower_bound,0.2585584641908659,0.28972947752430095,173,67
343,24,True,False,True,midpoint,0.2585584641908659,0.2804491109927123,173,68
343,24,True,False,True,midpoint_with_inhaler,0.2585584641908659,0.2804491109927123,173,69
343,24,True,False,True,upper_bound,0.2585584641908659,0.27445642829673683,173,70
343,24,True,False,True,upper_bound_with_inhaler,0.2585584641908659,0.27445642829673683,173,71
343,36,False,False,False,one_hot,0.23011756305575173,0.23011756305575176,173,72
343,36,False,False,False,lower_bound,0.234957613901715,0.24145843430613292,173,73
343,36,False,False,False,midpoint,0.234957613901715,0.2423058347847156,173,74
343,36,False,False,False,midpoint_with_inhaler,0.234957613901715,0.2423058347847156,173,75
343,36,False,False,False,upper_bound,0.234957613901715,0.2412395528369746,173,76
343,36,False,False,False,upper_bound_with_inhaler,0.234957613901715,0.2412395528369746,173,77
343,36,False,False,True,one_hot,0.23011756305575173,0.23011756305575176,173,78
343,36,False,False,True,lower_bound,0.234957613901715,0.24145843430613292,173,79
343,36,False,False,True,midpoint,0.234957613901715,0.2423058347847156,173,80
343,36,False,False,True,midpoint_with_inhaler,0.234957613901715,0.2423058347847156,173,81
343,36,False,False,True,upper_bound,0.234957613901715,0.2412395528369746,173,82
343,36,False,False,True,upper_bound_with_inhaler,0.234957613901715,0.2412395528369746,173,83
343,36,True,False,False,one_hot,0.13834933046213857,0.13834933046213857,173,84
343,36,True,False,False,lower_bound,0.13834933046213857,0.13834933046213857,173,85
343,36,True,False,False,midpoint,0.13834933046213857,0.13834933046213857,173,86
343,36,True,False,False,midpoint_with_inhaler,0.13834933046213857,0.13834933046213857,173,87
343,36,True,False,False,upper_bound,0.13834933046213857,0.13834933046213857,173,88
343,36,True,False,False,upper_bound_with_inhaler,0.13834933046213857,0.13834933046213857,173,89
343,36,True,False,True,one_hot,0.13834933046213857,0.13834933046213857,173,90
343,36,True,False,True,lower_bound,0.13834933046213857,0.13834933046213857,173,91
343,36,True,False,True,midpoint,0.13834933046213857,0.13834933046213857,173,92
343,36,True,False,True,midpoint_with_inhaler,0.13834933046213857,0.13834933046213857,173,93
343,36,True,False,True,upper_bound,0.13834933046213857,0.13834933046213857,173,94
343,36,True,False,True,upper_bound_with_inhaler,0.13834933046213857,0.13834933046213857,173,95
343,48,False,False,False,one_hot,0.18131139393098444,0.1813113939309844,173,96
343,48,False,False,False,lower_bound,0.18944669456271285,0.2023839827945817,173,97
343,48,False,False,False,midpoint,0.18944669456271285,0.1991214802814383,173,98
343,48,False,False,False,midpoint_with_inhaler,0.18944669456271285,0.1991214802814383,173,99
343,48,False,False,False,upper_bound,0.18944669456271285,0.19619051436659732,173,100
343,48,False,False,False,upper_bound_with_inhaler,0.18944669456271285,0.19619051436659732,173,101
343,48,False,False,True,one_hot,0.18131139393098444,0.1813113939309844,173,102
343,48,False,False,True,lower_bound,0.18944669456271285,0.2023839827945817,173,103
343,48,False,False,True,midpoint,0.18944669456271285,0.1991214802814383,173,104
343,48,False,False,True,midpoint_with_inhaler,0.18944669456271285,0.1991214802814383,173,105
343,48,False,False,True,upper_bound,0.18944669456271285,0.19619051436659732,173,106
343,48,False,False,True,upper_bound_with_inhaler,0.18944669456271285,0.19619051436659732,173,107
343,48,False,True,False,one_hot,-0.04102552339991901,-0.041025523399918995,173,108
343,48,False,True,False,lower_bound,-0.04209750938812769,-0.047184402967897436,173,109
343,48,False,True,False,midpoint,-0.04209750938812769,-0.045775582592797466,173,110
343,48,False,True,False,midpoint_with_inhaler,-0.04209750938812769,-0.045775582592797466,173,111
343,48,False,True,False,upper_bound,-0.04209750938812769,-0.04483967061572172,173,112
343,48,False,True,False,upper_bound_with_inhaler,-0.04209750938812769,-0.04483967061572172,173,113
343,48,False,True,True,one_hot,-0.04102552339991901,-0.041025523399918995,173,114
343,48,False,True,True,lower_bound,-0.04209750938812769,-0.047184402967897436,173,115
343,48,False,True,True,midpoint,-0.04209750938812769,-0.045775582592797466,173,116
343,48,False,True,True,midpoint_with_inhaler,-0.04209750938812769,-0.045775582592797466,173,117
343,48,False,True,True,upper_bound,-0.04209750938812769,-0.04483967061572172,173,118
343,48,False,True,True,upper_bound_with_inhaler,-0.04209750938812769,-0.04483967061572172,173,119
343,48,True,False,False,one_hot,-0.01884770910670986,-0.018847709106709885,173,120
343,48,True,False,False,lower_bound,-0.020127899066785547,-0.027003535479717573,173,121
343,48,True,False,False,midpoint,-0.020127899066785547,-0.02471965498543306,173,122
343,48,True,False,False,midpoint_with_inhaler,-0.020127899066785547,-0.02471965498543306,173,123
343,48,True,False,False,upper_bound,-0.020127899066785547,-0.02341107414682613,173,124
343,48,True,False,False,upper_bound_with_inhaler,-0.020127899066785547,-0.02341107414682613,173,125
343,48,True,False,True,one_hot,-0.01884770910670986,-0.018847709106709885,173,126
343,48,True,False,True,lower_bound,-0.020127899066785547,-0.027003535479717573,173,127
343,48,True,False,True,midpoint,-0.020127899066785547,-0.02471965498543306,173,128
343,48,True,False,True,midpoint_with_inhaler,-0.020127899066785547,-0.02471965498543306,173,129
343,48,True,False,True,upper_bound,-0.020127899066785547,-0.02341107414682613,173,130
343,48,True,False,True,upper_bound_with_inhaler,-0.020127899066785547,-0.02341107414682613,173,131
398,12,False,False,False,one_hot,0.8210922455030241,0.8210922455030241,25,0
398,12,False,False,False,lower_bound,0.8210922455030241,0.8210922455030241,25,1
398,12,False,False,False,midpoint,0.8210922455030241,0.8210922455030241,25,2
398,12,False,False,False,midpoint_with_inhaler,0.8210922455030241,0.8210922455030241,25,3
398,12,False,False,False,upper_bound,0.8210922455030241,0.8210922455030241,25,4
398,12,False,False,False,upper_bound_with_inhaler,0.8210922455030241,0.8210922455030241,25,5
398,12,False,False,True,one_hot,0.8210922455030241,0.8210922455030241,25,6
398,12,False,False,True,lower_bound,0.8210922455030241,0.8210922455030241,25,7
398,12,False,False,True,midpoint,0.8210922455030241,0.8210922455030241,25,8
398,12,False,False,True,midpoint_with_inhaler,0.8210922455030241,0.8210922455030241,25,9
398,12,False,False,True,upper_bound,0.8210922455030241,0.8210922455030241,25,10
398,12,False,False,True,upper_bound_with_inhaler,0.8210922455030241,0.8210922455030241,25,11
398,12,False,True,False,one_hot,0.27920110829002376,0.27920110829002376,25,12
398,12,False,True,False,lower_bound,0.18068810539319966,0.06854574419795603,25,13
398,12,False,True,False,midpoint,0.18068810539319966,0.12139110581303421,25,14
398,12,False,True,False,midpoint_with_inhaler,0.18068810539319966,0.12139110581303421,25,15
398,12,False,True,False,upper_bound,0.18068810539319966,0.1555457775830123,25,16
398,12,False,True,False,upper_bound_with_inhaler,0.18068810539319966,0.1555457775830123,25,17
398,12,False,True,True,one_hot,0.27920110829002376,0.27920110829002376,25,18
398,12,False,True,True,lower_bound,0.18068810539319966,0.06854574419795603,25,19
398,12,False,True,True,midpoint,0.18068810539319966,0.12139110581303421,25,20
398,12,False,True,True,midpoint_with_inhaler,0.18068810539319966,0.12139110581303421,25,21
398,12,False,True,True,upper_bound,0.18068810539319966,0.1555457775830123,25,22
398,12,False,True,True,upper_bound_with_inhaler,0.18068810539319966,0.1555457775830123,25,23
398,12,True,False,False,one_hot,0.06558598230331564,0.06558598230331569,25,24
398,12,True,False,False,lower_bound,0.06558598230331564,0.06558598230331569,25,25
398,12,True,False,False,midpoint,0.06558598230331564,0.06558598230331569,25,26
398,12,True,False,False,midpoint_with_inhaler,0.06558598230331564,0.06558598230331569,25,27
398,12,True,False,False,upper_bound,0.06558598230331564,0.06558598230331569,25,28
398,12,True,False,False,upper_bound_with_inhaler,0.06558598230331564,0.06558598230331569,25,29
398,12,True,False,True,one_hot,0.06558598230331564,0.06558598230331569,25,30
398,12,True,False,True,lower_bound,0.06558598230331564,0.06558598230331569,25,31
398,12,True,False,True,midpoint,0.06558598230331564,0.06558598230331569,25,32
398,12,True,False,True,midpoint_with_inhaler,0.06558598230331564,0.06558598230331569,25,33
398,12,True,False,True,upper_bound,0.06558598230331564,0.06558598230331569,25,34
398,12,True,False,True,upper_bound_with_inhaler,0.06558598230331564,0.06558598230331569,25,35
398,24,False,False,False,one_hot,0.40810088220577584,0.40810088220577595,25,36
398,24,False,False,False,lower_bound,0.35823777439632365,0.23321942054714592,25,37
398,24,False,False,False,midpoint,0.35823777439632365,0.2883719525964945,25,38
398,24,False,False,False,midpoint_with_inhaler,0.35823777439632365,0.2883719525964945,25,39
398,24,False,False,False,upper_bound,0.35823777439632365,0.31900471263649544,25,40
398,24,False,False,False,upper_bound_with_inhaler,0.35823777439632365,0.31900471263649544,25,41
398,24,False,False,True,one_hot,0.40810088220577584,0.40810088220577595,25,42
398,24,False,False,True,lower_bound,0.35823777439632365,0.23321942054714592,25,43
398,24,False,False,True,midpoint,0.35823777439632365,0.2883719525964945,25,44
398,24,False,False,True,midpoint_with_inhaler,0.35823777439632365,0.2883719525964945,25,45
398,24,False,False,True,upper_bound,0.35823777439632365,0.31900471263649544,25,46
398,24,False,False,True,upper_bound_with_inhaler,0.35823777439632365,0.31900471263649544,25,47
398,24,False,True,False,one_hot,0.40810088220577584,0.40810088220577595,25,48
398,24,False,True,False,lower_bound,0.35823777439632365,0.23321942054714592,25,49
398,24,False,True,False,midpoint,0.35823777439632365,0.2883719525964945,25,50
398,24,False,True,False,midpoint_with_inhaler,0.35823777439632365,0.2883719525964945,25,51
398,24,False,True,False,upper_bound,0.35823777439632365,0.31900471263649544,25,52
398,24,False,True,False,upper_bound_with_inhaler,0.35823777439632365,0.31900471263649544,25,53
398,24,False,True,True,one_hot,0.40810088220577584,0.40810088220577595,25,54
398,24,False,True,True,lower_bound,0.35823777439632365,0.23321942054714592,25,55
398,24,False,True,True,midpoint,0.35823777439632365,0.2883719525964945,25,56
398,24,False,True,True,midpoint_with_inhaler,0.35823777439632365,0.2883719525964945,25,57
398,24,False,True,True,upper_bound,0.35823777439632365,0.31900471263649544,25,58
398,24,False,True,True,upper_bound_with_inhaler,0.35823777439632365,0.31900471263649544,25,59
398,24,True,False,False,one_hot,0.24039000136460484,0.2403900013646048,25,60
398,24,True,False,False,lower_bound,0.20919570072169077,0.11946380396539263,25,61
398,24,True,False,False,midpoint,0.20919570072169077,0.15601555073103376,25,62
398,24,True,False,False,midpoint_with_inhaler,0.20919570072169077,0.15601555073103376,25,63
398,24,True,False,False,upper_bound,0.20919570072169077,0.17666069479053795,25,64
398,24,True,False,False,upper_bound_with_inhaler,0.20919570072169077,0.17666069479053795,25,65
398,24,True,False,True,one_hot,0.24039000136460484,0.2403900013646048,25,66
398,24,True,False,True,lower_bound,0.20919570072169077,0.11946380396539263,25,67
398,24,True,False,True,midpoint,0.20919570072169077,0.15601555073103376,25,68
398,24,True,False,True,midpoint_with_inhaler,0.20919570072169077,0.15601555073103376,25,69
398,24,True,False,True,upper_bound,0.20919570072169077,0.17666069479053795,25,70
398,24,True,False,True,upper_bound_with_inhaler,0.20919570072169077,0.17666069479053795,25,71
398,36,False,False,False,one_hot,0.3398313641010903,0.33983136410109044,25,72
398,36,False,False,False,lower_bound,0.16638152994897695,-0.014358669776099037,25,73
398,36,False,False,False,midpoint,0.16638152994897695,0.02891171860606853,25,74
398,36,False,False,False,midpoint_with_inhaler,0.16638152994897695,0.02891171860606853,25,75
398,36,False,False,False,upper_bound,0.16638152994897695,0.05770299992128473,25,76
398,36,False,False,False,upper_bound_with_inhaler,0.16638152994897695,0.05770299992128473,25,77
398,36,False,False,True,one_hot,0.3398313641010903,0.33983136410109044,25,78
398,36,False,False,True,lower_bound,0.16638152994897695,-0.014358669776099037,25,79
398,36,False,False,True,midpoint,0.16638152994897695,0.02891171860606853,25,80
398,36,False,False,True,midpoint_with_inhaler,0.16638152994897695,0.02891171860606853,25,81
398,36,False,False,True,upper_bound,0.16638152994897695,0.05770299992128473,25,82
398,36,False,False,True,upper_bound_with_inhaler,0.16638152994897695,0.05770299992128473,25,83
398,36,True,False,False,one_hot,0.24039000136460484,0.2403900013646048,25,84
398,36,True,False,False,lower_bound,0.20919570072169086,0.11946380396539259,25,85
398,36,True,False,False,midpoint,0.20919570072169086,0.15601555073103374,25,86
398,36,True,False,False,midpoint_with_inhaler,0.20919570072169086,0.15601555073103374,25,87
398,36,True,False,False,upper_bound,0.20919570072169086,0.17666069479053798,25,88
398,36,True,False,False,upper_bound_with_inhaler,0.20919570072169086,0.17666069479053798,25,89
398,36,True,False,True,one_hot,0.24039000136460484,0.2403900013646048,25,90
398,36,True,False,True,lower_bound,0.20919570072169086,0.11946380396539259,25,91
398,36,True,False,True,midpoint,0.20919570072169086,0.15601555073103374,25,92
398,36,True,False,True,midpoint_with_inhaler,0.20919570072169086,0.15601555073103374,25,93
398,36,True,False,True,upper_bound,0.20919570072169086,0.17666069479053798,25,94
398,36,True,False,True,upper_bound_with_inhaler,0.20919570072169086,0.17666069479053798,25,95
398,48,False,False,False,one_hot,0.19283124040599237,0.19283124040599237,25,96
398,48,False,False,False,lower_bound,0.03839137263230831,-0.04389160996832093,25,97
398,48,False,False,False,midpoint,0.03839137263230831,0.0,25,98
398,48,False,False,False,midpoint_with_inhaler,0.03839137263230831,0.0,25,99
398,48,False,False,False,upper_bound,0.03839137263230831,0.03309819208823922,25,100
398,48,False,False,False,upper_bound_with_inhaler,0.03839137263230831,0.03309819208823922,25,101
398,48,False,False,True,one_hot,0.19283124040599237,0.19283124040599237,25,102
398,48,False,False,True,lower_bound,0.03839137263230831,-0.04389160996832093,25,103
398,48,False,False,True,midpoint,0.03839137263230831,0.0,25,104
398,48,False,False,True,midpoint_with_inhaler,0.03839137263230831,0.0,25,105
398,48,False,False,True,upper_bound,0.03839137263230831,0.03309819208823922,25,106
398,48,False,False,True,upper_bound_with_inhaler,0.03839137263230831,0.03309819208823922,25,107
398,48,False,True,False,one_hot,0.01747319198917242,0.017473191989172358,25,108
398,48,False,True,False,lower_bound,2.0816681711721685e-17,-0.03756462226338941,25,109
398,48,False,True,False,midpoint,2.0816681711721685e-17,-0.023814024494627287,25,110
398,48,False,True,False,midpoint_with_inhaler,2.0816681711721685e-17,-0.023814024494627287,25,111
398,48,False,True,False,upper_bound,2.0816681711721685e-17,-0.015205132524178487,25,112
398,48,False,True,False,upper_bound_with_inhaler,2.0816681711721685e-17,-0.015205132524178487,25,113
398,48,False,True,True,one_hot,0.01747319198917242,0.017473191989172358,25,114
398,48,False,True,True,lower_bound,2.0816681711721685e-17,-0.03756462226338941,25,115
398,48,False,True,True,midpoint,2.0816681711721685e-17,-0.023814024494627287,25,116
398,48,False,True,True,midpoint_with_inhaler,2.0816681711721685e-17,-0.023814024494627287,25,117
398,48,False,True,True,upper_bound,2.0816681711721685e-17,-0.015205132524178487,25,118
398,48,False,True,True,upper_bound_with_inhaler,2.0816681711721685e-17,-0.015205132524178487,25,119
398,48,True,False,False,one_hot,-0.1003520477840469,-0.10035204778404692,25,120
398,48,True,False,False,lower_bound,-0.1003520477840469,-0.10035204778404692,25,121
398,48,True,False,False,midpoint,-0.1003520477840469,-0.10035204778404688,25,122
398,48,True,False,False,midpoint_with_inhaler,-0.1003520477840469,-0.10035204778404688,25,123
398,48,True,False,False,upper_bound,-0.1003520477840469,-0.10035204778404692,25,124
398,48,True,False,False,upper_bound_with_inhaler,-0.1003520477840469,-0.10035204778404692,25,125
398,48,True,False,True,one_hot,-0.1003520477840469,-0.10035204778404692,25,126
398,48,True,False,True,lower_bound,-0.1003520477840469,-0.10035204778404692,25,127
398,48,True,False,True,midpoint,-0.1003520477840469,-0.10035204778404688,25,128
398,48,True,False,True,midpoint_with_inhaler,-0.1003520477840469,-0.10035204778404688,25,129
398,48,True,False,True,upper_bound,-0.1003520477840469,-0.10035204778404692,25,130
398,48,True,False,True,upper_bound_with_inhaler,-0.1003520477840469,-0.10035204778404692,25,131
447,12,False,False,False,one_hot,-0.059125877865880264,-0.05912587786588025,99,0
447,12,False,False,False,lower_bound,-0.049804584415141566,-0.02013234218127465,99,1
447,12,False,False,False,midpoint,-0.049804584415141566,-0.031103358982868843,99,2
447,12,False,False,False,midpoint_with_inhaler,-0.049804584415141566,-0.031103358982868843,99,3
447,12,False,False,False,upper_bound,-0.049804584415141566,-0.037609642228981895,99,4
447,12,False,False,False,upper_bound_with_inhaler,-0.049804584415141566,-0.037609642228981895,99,5
447,12,False,False,True,one_hot,-0.059125877865880264,-0.05912587786588025,99,6
447,12,False,False,True,lower_bound,-0.049804584415141566,-0.02013234218127465,99,7
447,12,False,False,True,midpoint,-0.049804584415141566,-0.031103358982868843,99,8
447,12,False,False,True,midpoint_with_inhaler,-0.049804584415141566,-0.031103358982868843,99,9
447,12,False,False,True,upper_bound,-0.049804584415141566,-0.037609642228981895,99,10
447,12,False,False,True,upper_bound_with_inhaler,-0.049804584415141566,-0.037609642228981895,99,11
447,12,False,True,False,one_hot,0.18715830166191605,0.18715830166191605,99,12
447,12,False,True,False,lower_bound,-0.06747011989871005,-0.05091719823430515,99,13
447,12,False,True,False,midpoint,-0.06747011989871005,-0.047798896882064124,99,14
447,12,False,True,False,midpoint_with_inhaler,-0.06747011989871005,-0.047798896882064124,99,15
447,12,False,True,False,upper_bound,-0.06747011989871005,-0.04489394454109503,99,16
447,12,False,True,False,upper_bound_with_inhaler,-0.06747011989871005,-0.04489394454109503,99,17
447,12,False,True,True,one_hot,0.18715830166191605,0.18715830166191605,99,18
447,12,False,True,True,lower_bound,-0.06747011989871005,-0.05091719823430515,99,19
447,12,False,True,True,midpoint,-0.06747011989871005,-0.047798896882064124,99,20
447,12,False,True,True,midpoint_with_inhaler,-0.06747011989871005,-0.047798896882064124,99,21
447,12,False,True,True,upper_bound,-0.06747011989871005,-0.04489394454109503,99,22
447,12,False,True,True,upper_bound_with_inhaler,-0.06747011989871005,-0.04489394454109503,99,23
447,12,True,False,False,one_hot,0.034887047807288366,0.034887047807288296,99,24
447,12,True,False,False,lower_bound,-0.055233841214802744,0.02287302868590478,99,25
447,12,True,False,False,midpoint,-0.055233841214802744,0.01673971586944511,99,26
447,12,True,False,False,midpoint_with_inhaler,-0.055233841214802744,0.01673971586944511,99,27
447,12,True,False,False,upper_bound,-0.055233841214802744,0.01342679931863448,99,28
447,12,True,False,False,upper_bound_with_inhaler,-0.055233841214802744,0.01342679931863448,99,29
447,12,True,False,True,one_hot,0.034887047807288366,0.034887047807288296,99,30
447,12,True,False,True,lower_bound,-0.055233841214802744,0.02287302868590478,99,31
447,12,True,False,True,midpoint,-0.055233841214802744,0.01673971586944511,99,32
447,12,True,False,True,midpoint_with_inhaler,-0.055233841214802744,0.01673971586944511,99,33
447,12,True,False,True,upper_bound,-0.055233841214802744,0.01342679931863448,99,34
447,12,True,False,True,upper_bound_with_inhaler,-0.055233841214802744,0.01342679931863448,99,35
447,24,False,False,False,one_hot,0.12889050498086585,0.12889050498086593,99,36
447,24,False,False,False,lower_bound,0.06809537329889312,0.21665710733079524,99,37
447,24,False,False,False,midpoint,0.06809537329889312,0.18216460309405344,99,38
447,24,False,False,False,midpoint_with_inhaler,0.06809537329889312,0.18216460309405344,99,39
447,24,False,False,False,upper_bound,0.06809537329889312,0.15633595725445865,99,40
447,24,False,False,False,upper_bound_with_inhaler,0.06809537329889312,0.15633595725445865,99,41
447,24,False,False,True,one_hot,0.12889050498086585,0.12889050498086593,99,42
447,24,False,False,True,lower_bound,0.06809537329889312,0.21665710733079524,99,43
447,24,False,False,True,midpoint,0.06809537329889312,0.18216460309405344,99,44
447,24,False,False,True,midpoint_with_inhaler,0.06809537329889312,0.18216460309405344,99,45
447,24,False,False,True,upper_bound,0.06809537329889312,0.15633595725445865,99,46
447,24,False,False,True,upper_bound_with_inhaler,0.06809537329889312,0.15633595725445865,99,47
447,24,False,True,False,one_hot,0.08950096438687936,0.08950096438687939,99,48
447,24,False,True,False,lower_bound,0.1038620604239835,0.2564030069017817,99,49
447,24,False,True,False,midpoint,0.1038620604239835,0.21544902616497558,99,50
447,24,False,True,False,midpoint_with_inhaler,0.1038620604239835,0.21544902616497558,99,51
447,24,False,True,False,upper_bound,0.1038620604239835,0.1854961445270756,99,52
447,24,False,True,False,upper_bound_with_inhaler,0.1038620604239835,0.1854961445270756,99,53
447,24,False,True,True,one_hot,0.08950096438687936,0.08950096438687939,99,54
447,24,False,True,True,lower_bound,0.1038620604239835,0.2564030069017817,99,55
447,24,False,True,True,midpoint,0.1038620604239835,0.21544902616497558,99,56
447,24,False,True,True,midpoint_with_inhaler,0.1038620604239835,0.21544902616497558,99,57
447,24,False,True,True,upper_bound,0.1038620604239835,0.1854961445270756,99,58
447,24,False,True,True,upper_bound_with_inhaler,0.1038620604239835,0.1854961445270756,99,59
447,24,True,False,False,one_hot,0.23597935369982523,0.23597935369982534,99,60
447,24,True,False,False,lower_bound,0.055814399145102896,0.14594911980533762,99,61
447,24,True,False,False,midpoint,0.055814399145102896,0.14036184107787705,99,62
447,24,True,False,False,midpoint_with_inhaler,0.055814399145102896,0.14036184107787705,99,63
447,24,True,False,False,upper_bound,0.055814399145102896,0.13529495662649396,99,64
447,24,True,False,False,upper_bound_with_inhaler,0.055814399145102896,0.13529495662649396,99,65
447,24,True,False,True,one_hot,0.23597935369982523,0.23597935369982534,99,66
447,24,True,False,True,lower_bound,0.055814399145102896,0.14594911980533762,99,67
447,24,True,False,True,midpoint,0.055814399145102896,0.14036184107787705,99,68
447,24,True,False,True,midpoint_with_inhaler,0.055814399145102896,0.14036184107787705,99,69
447,24,True,False,True,upper_bound,0.055814399145102896,0.13529495662649396,99,70
447,24,True,False,True,upper_bound_with_inhaler,0.055814399145102896,0.13529495662649396,99,71
447,36,False,False,False,one_hot,-0.10765914571905436,-0.10765914571905433,99,72
447,36,False,False,False,lower_bound,-0.07427460728771067,0.1249548072096005,99,73
447,36,False,False,False,midpoint,-0.07427460728771067,0.09041959581818647,99,74
447,36,False,False,False,midpoint_with_inhaler,-0.07427460728771067,0.09041959581818647,99,75
447,36,False,False,False,upper_bound,-0.07427460728771067,0.06712441340446117,99,76
447,36,False,False,False,upper_bound_with_inhaler,-0.07427460728771067,0.06712441340446117,99,77
447,36,False,False,True,one_hot,-0.10765914571905436,-0.10765914571905433,99,78
447,36,False,False,True,lower_bound,-0.07427460728771067,0.1249548072096005,99,79
447,36,False,False,True,midpoint,-0.07427460728771067,0.09041959581818647,99,80
447,36,False,False,True,midpoint_with_inhaler,-0.07427460728771067,0.09041959581818647,99,81
447,36,False,False,True,upper_bound,-0.07427460728771067,0.06712441340446117,99,82
447,36,False,False,True,upper_bound_with_inhaler,-0.07427460728771067,0.06712441340446117,99,83
447,36,True,False,False,one_hot,0.196036406640934,0.196036406640934,99,84
447,36,True,False,False,lower_bound,0.09105671671362713,0.2419728888538794,99,85
447,36,True,False,False,midpoint,0.09105671671362713,0.21382262907698654,99,86
447,36,True,False,False,midpoint_with_inhaler,0.09105671671362713,0.21382262907698654,99,87
447,36,True,False,False,upper_bound,0.09105671671362713,0.19627116542118048,99,88
447,36,True,False,False,upper_bound_with_inhaler,0.09105671671362713,0.19627116542118048,99,89
447,36,True,False,True,one_hot,0.196036406640934,0.196036406640934,99,90
447,36,True,False,True,lower_bound,0.09105671671362713,0.2419728888538794,99,91
447,36,True,False,True,midpoint,0.09105671671362713,0.21382262907698654,99,92
447,36,True,False,True,midpoint_with_inhaler,0.09105671671362713,0.21382262907698654,99,93
447,36,True,False,True,upper_bound,0.09105671671362713,0.19627116542118048,99,94
447,36,True,False,True,upper_bound_with_inhaler,0.09105671671362713,0.19627116542118048,99,95
447,48,False,False,False,one_hot,0.11685807212076642,0.11685807212076642,99,96
447,48,False,False,False,lower_bound,0.031706327365848094,0.15449984069357342,99,97
447,48,False,False,False,midpoint,0.031706327365848094,0.14367443643885355,99,98
447,48,False,False,False,midpoint_with_inhaler,0.031706327365848094,0.14367443643885355,99,99
447,48,False,False,False,upper_bound,0.031706327365848094,0.13560028703361043,99,100
447,48,False,False,False,upper_bound_with_inhaler,0.031706327365848094,0.13560028703361043,99,101
447,48,False,False,True,one_hot,0.11685807212076642,0.11685807212076642,99,102
447,48,False,False,True,lower_bound,0.031706327365848094,0.15449984069357342,99,103
447,48,False,False,True,midpoint,0.031706327365848094,0.14367443643885355,99,104
447,48,False,False,True,midpoint_with_inhaler,0.031706327365848094,0.14367443643885355,99,105
447,48,False,False,True,upper_bound,0.031706327365848094,0.13560028703361043,99,106
447,48,False,False,True,upper_bound_with_inhaler,0.031706327365848094,0.13560028703361043,99,107
447,48,False,True,False,one_hot,0.09682486690228716,0.09682486690228713,99,108
447,48,False,True,False,lower_bound,0.020022769643306355,0.04347884568984058,99,109
447,48,False,True,False,midpoint,0.020022769643306355,0.05413404146401845,99,110
447,48,False,True,False,midpoint_with_inhaler,0.020022769643306355,0.05413404146401845,99,111
447,48,False,True,False,upper_bound,0.020022769643306355,0.06107895249519846,99,112
447,48,False,True,False,upper_bound_with_inhaler,0.020022769643306355,0.06107895249519846,99,113
447,48,False,True,True,one_hot,0.09682486690228716,0.09682486690228713,99,114
447,48,False,True,True,lower_bound,0.020022769643306355,0.04347884568984058,99,115
447,48,False,True,True,midpoint,0.020022769643306355,0.05413404146401845,99,116
447,48,False,True,True,midpoint_with_inhaler,0.020022769643306355,0.05413404146401845,99,117
447,48,False,True,True,upper_bound,0.020022769643306355,0.06107895249519846,99,118
447,48,False,True,True,upper_bound_with_inhaler,0.020022769643306355,0.06107895249519846,99,119
447,48,True,False,False,one_hot,0.01447302349432803,0.014473023494328045,99,120
447,48,True,False,False,lower_bound,-0.12359446709930558,-0.07176196404947253,99,121
447,48,True,False,False,midpoint,-0.12359446709930558,-0.0687350488846083,99,122
447,48,True,False,False,midpoint_with_inhaler,-0.12359446709930558,-0.0687350488846083,99,123
447,48,True,False,False,upper_bound,-0.12359446709930558,-0.06555031296724499,99,124
447,48,True,False,False,upper_bound_with_inhaler,-0.12359446709930558,-0.06555031296724499,99,125
447,48,True,False,True,one_hot,0.01447302349432803,0.014473023494328045,99,126
447,48,True,False,True,lower_bound,-0.12359446709930558,-0.07176196404947253,99,127
447,48,True,False,True,midpoint,-0.12359446709930558,-0.0687350488846083,99,128
447,48,True,False,True,midpoint_with_inhaler,-0.12359446709930558,-0.0687350488846083,99,129
447,48,True,False,True,upper_bound,-0.12359446709930558,-0.06555031296724499,99,130
447,48,True,False,True,upper_bound_with_inhaler,-0.12359446709930558,-0.06555031296724499,99,131
454,12,False,False,False,one_hot,-0.3465735902799726,-0.34657359027997264,10,0
454,12,False,False,False,lower_bound,0.007667545361800614,0.1278686144097324,10,1
454,12,False,False,False,midpoint,0.007667545361800614,0.05686779991773831,10,2
454,12,False,False,False,midpoint_with_inhaler,0.007667545361800614,0.05686779991773831,10,3
454,12,False,False,False,upper_bound,0.007667545361800614,0.0,10,4
454,12,False,False,False,upper_bound_with_inhaler,0.007667545361800614,0.0,10,5
454,12,False,False,True,one_hot,-0.3465735902799726,-0.34657359027997264,10,6
454,12,False,False,True,lower_bound,0.007667545361800614,0.1278686144097324,10,7
454,12,False,False,True,midpoint,0.007667545361800614,0.05686779991773831,10,8
454,12,False,False,True,midpoint_with_inhaler,0.007667545361800614,0.05686779991773831,10,9
454,12,False,False,True,upper_bound,0.007667545361800614,0.0,10,10
454,12,False,False,True,upper_bound_with_inhaler,0.007667545361800614,0.0,10,11
454,12,False,True,False,one_hot,-0.11157177565710485,-0.11157177565710488,10,12
454,12,False,True,False,lower_bound,-0.16242884190479057,-0.13691891463948658,10,13
454,12,False,True,False,midpoint,-0.16242884190479057,-0.12554696465482468,10,14
454,12,False,True,False,midpoint_with_inhaler,-0.16242884190479057,-0.12554696465482468,10,15
454,12,False,True,False,upper_bound,-0.16242884190479057,-0.11693513370842917,10,16
454,12,False,True,False,upper_bound_with_inhaler,-0.16242884190479057,-0.11693513370842917,10,17
454,12,False,True,True,one_hot,-0.11157177565710485,-0.11157177565710488,10,18
454,12,False,True,True,lower_bound,-0.16242884190479057,-0.13691891463948658,10,19
454,12,False,True,True,midpoint,-0.16242884190479057,-0.12554696465482468,10,20
454,12,False,True,True,midpoint_with_inhaler,-0.16242884190479057,-0.12554696465482468,10,21
454,12,False,True,True,upper_bound,-0.16242884190479057,-0.11693513370842917,10,22
454,12,False,True,True,upper_bound_with_inhaler,-0.16242884190479057,-0.11693513370842917,10,23
454,12,True,False,False,one_hot,-0.1682361183106065,-0.1682361183106064,10,24
454,12,True,False,False,lower_bound,0.29145490281530606,0.35575612185172567,10,25
454,12,True,False,False,midpoint,0.29145490281530606,0.29581703387260994,10,26
454,12,True,False,False,midpoint_with_inhaler,0.29145490281530606,0.29581703387260994,10,27
454,12,True,False,False,upper_bound,0.29145490281530606,0.24021864728926093,10,28
454,12,True,False,False,upper_bound_with_inhaler,0.29145490281530606,0.24021864728926093,10,29
454,12,True,False,True,one_hot,-0.1682361183106065,-0.1682361183106064,10,30
454,12,True,False,True,lower_bound,0.29145490281530606,0.35575612185172567,10,31
454,12,True,False,True,midpoint,0.29145490281530606,0.29581703387260994,10,32
454,12,True,False,True,midpoint_with_inhaler,0.29145490281530606,0.29581703387260994,10,33
454,12,True,False,True,upper_bound,0.29145490281530606,0.24021864728926093,10,34
454,12,True,False,True,upper_bound_with_inhaler,0.29145490281530606,0.24021864728926093,10,35
454,24,False,False,False,one_hot,-0.1682361183106065,-0.16823611831060645,10,36
454,24,False,False,False,lower_bound,-0.37849892644027894,-0.35224378864407474,10,37
454,24,False,False,False,midpoint,-0.37849892644027894,-0.32021819443556687,10,38
454,24,False,False,False,midpoint_with_inhaler,-0.37849892644027894,-0.32021819443556687,10,39
454,24,False,False,False,upper_bound,-0.37849892644027894,-0.29453031934953444,10,40
454,24,False,False,False,upper_bound_with_inhaler,-0.37849892644027894,-0.29453031934953444,10,41
454,24,False,False,True,one_hot,-0.1682361183106065,-0.16823611831060645,10,42
454,24,False,False,True,lower_bound,-0.37849892644027894,-0.35224378864407474,10,43
454,24,False,False,True,midpoint,-0.37849892644027894,-0.32021819443556687,10,44
454,24,False,False,True,midpoint_with_inhaler,-0.37849892644027894,-0.32021819443556687,10,45
454,24,False,False,True,upper_bound,-0.37849892644027894,-0.29453031934953444,10,46
454,24,False,False,True,upper_bound_with_inhaler,-0.37849892644027894,-0.29453031934953444,10,47
454,24,False,True,False,one_hot,-0.22178412719255758,-0.22178412719255758,10,48
454,24,False,True,False,lower_bound,-0.4091556007116609,-0.26764151195193897,10,49
454,24,False,True,False,midpoint,-0.4091556007116609,-0.30828164306912115,10,50
454,24,False,True,False,midpoint_with_inhaler,-0.4091556007116609,-0.30828164306912115,10,51
454,24,False,True,False,upper_bound,-0.4091556007116609,-0.3310214345644773,10,52
454,24,False,True,False,upper_bound_with_inhaler,-0.4091556007116609,-0.3310214345644773,10,53
454,24,False,True,True,one_hot,-0.22178412719255758,-0.22178412719255758,10,54
454,24,False,True,True,lower_bound,-0.4091556007116609,-0.26764151195193897,10,55
454,24,False,True,True,midpoint,-0.4091556007116609,-0.30828164306912115,10,56
454,24,False,True,True,midpoint_with_inhaler,-0.4091556007116609,-0.30828164306912115,10,57
454,24,False,True,True,upper_bound,-0.4091556007116609,-0.3310214345644773,10,58
454,24,False,True,True,upper_bound_with_inhaler,-0.4091556007116609,-0.3310214345644773,10,59
454,24,True,False,False,one_hot,-0.1682361183106065,-0.1682361183106064,10,60
454,24,True,False,False,lower_bound,0.03531122940692582,0.0989519317207468,10,61
454,24,True,False,False,midpoint,0.03531122940692582,0.12774308516713226,10,62
454,24,True,False,False,midpoint_with_inhaler,0.03531122940692582,0.12774308516713226,10,63
454,24,True,False,False,upper_bound,0.03531122940692582,0.13930327192495381,10,64
454,24,True,False,False,upper_bound_with_inhaler,0.03531122940692582,0.13930327192495381,10,65
454,24,True,False,True,one_hot,-0.1682361183106065,-0.1682361183106064,10,66
454,24,True,False,True,lower_bound,0.03531122940692582,0.0989519317207468,10,67
454,24,True,False,True,midpoint,0.03531122940692582,0.12774308516713226,10,68
454,24,True,False,True,midpoint_with_inhaler,0.03531122940692582,0.12774308516713226,10,69
454,24,True,False,True,upper_bound,0.03531122940692582,0.13930327192495381,10,70
454,24,True,False,True,upper_bound_with_inhaler,0.03531122940692582,0.13930327192495381,10,71
454,36,False,False,False,one_hot,,,10,72
454,36,False,False,False,lower_bound,-0.026842327732726812,-0.07980879626513068,10,73
454,36,False,False,False,midpoint,-0.026842327732726812,-0.08635239176866559,10,74
454,36,False,False,False,midpoint_with_inhaler,-0.026842327732726812,-0.08635239176866559,10,75
454,36,False,False,False,upper_bound,-0.026842327732726812,-0.08300745555255347,10,76
454,36,False,False,False,upper_bound_with_inhaler,-0.026842327732726812,-0.08300745555255347,10,77
454,36,False,False,True,one_hot,,,10,78
454,36,False,False,True,lower_bound,-0.026842327732726812,-0.07980879626513068,10,79
454,36,False,False,True,midpoint,-0.026842327732726812,-0.08635239176866559,10,80
454,36,False,False,True,midpoint_with_inhaler,-0.026842327732726812,-0.08635239176866559,10,81
454,36,False,False,True,upper_bound,-0.026842327732726812,-0.08300745555255347,10,82
454,36,False,False,True,upper_bound_with_inhaler,-0.026842327732726812,-0.08300745555255347,10,83
454,36,True,False,False,one_hot,-0.1682361183106065,-0.1682361183106064,10,84
454,36,True,False,False,lower_bound,0.29145490281530606,0.3557561218517256,10,85
454,36,True,False,False,midpoint,0.29145490281530606,0.29581703387260994,10,86
454,36,True,False,False,midpoint_with_inhaler,0.29145490281530606,0.29581703387260994,10,87
454,36,True,False,False,upper_bound,0.29145490281530606,0.24021864728926093,10,88
454,36,True,False,False,upper_bound_with_inhaler,0.29145490281530606,0.24021864728926093,10,89
454,36,True,False,True,one_hot,-0.1682361183106065,-0.1682361183106064,10,90
454,36,True,False,True,lower_bound,0.29145490281530606,0.3557561218517256,10,91
454,36,True,False,True,midpoint,0.29145490281530606,0.29581703387260994,10,92
454,36,True,False,True,midpoint_with_inhaler,0.29145490281530606,0.29581703387260994,10,93
454,36,True,False,True,upper_bound,0.29145490281530606,0.24021864728926093,10,94
454,36,True,False,True,upper_bound_with_inhaler,0.29145490281530606,0.24021864728926093,10,95
454,48,False,False,False,one_hot,,,10,96
454,48,False,False,False,lower_bound,0.041434474395911844,0.03383195822247161,10,97
454,48,False,False,False,midpoint,0.041434474395911844,0.05101859363661815,10,98
454,48,False,False,False,midpoint_with_inhaler,0.041434474395911844,0.05101859363661815,10,99
454,48,False,False,False,upper_bound,0.041434474395911844,0.06571938758240257,10,100
454,48,False,False,False,upper_bound_with_inhaler,0.041434474395911844,0.06571938758240257,10,101
454,48,False,False,True,one_hot,,,10,102
454,48,False,False,True,lower_bound,0.041434474395911844,0.03383195822247161,10,103
454,48,False,False,True,midpoint,0.041434474395911844,0.05101859363661815,10,104
454,48,False,False,True,midpoint_with_inhaler,0.041434474395911844,0.05101859363661815,10,105
454,48,False,False,True,upper_bound,0.041434474395911844,0.06571938758240257,10,106
454,48,False,False,True,upper_bound_with_inhaler,0.041434474395911844,0.06571938758240257,10,107
454,48,False,True,False,one_hot,-0.1682361183106065,-0.1682361183106064,10,108
454,48,False,True,False,lower_bound,-0.17315830691917639,0.0,10,109
454,48,False,True,False,midpoint,-0.17315830691917639,-0.08420347837399483,10,110
454,48,False,True,False,midpoint_with_inhaler,-0.17315830691917639,-0.08420347837399483,10,111
454,48,False,True,False,upper_bound,-0.17315830691917639,-0.1393032719249538,10,112
454,48,False,True,False,upper_bound_with_inhaler,-0.17315830691917639,-0.1393032719249538,10,113
454,48,False,True,True,one_hot,-0.1682361183106065,-0.1682361183106064,10,114
454,48,False,True,True,lower_bound,-0.17315830691917639,0.0,10,115
454,48,False,True,True,midpoint,-0.17315830691917639,-0.08420347837399483,10,116
454,48,False,True,True,midpoint_with_inhaler,-0.17315830691917639,-0.08420347837399483,10,117
454,48,False,True,True,upper_bound,-0.17315830691917639,-0.1393032719249538,10,118
454,48,False,True,True,upper_bound_with_inhaler,-0.17315830691917639,-0.1393032719249538,10,119
454,48,True,False,False,one_hot,0.8047189562170504,0.8047189562170497,10,120
454,48,True,False,False,lower_bound,0.02143430274075775,-0.11415906978672669,10,121
454,48,True,False,False,midpoint,0.02143430274075775,0.026534130908280017,10,122
454,48,True,False,False,midpoint_with_inhaler,0.02143430274075775,0.026534130908280017,10,123
454,48,True,False,False,upper_bound,0.02143430274075775,0.13930327192495387,10,124
454,48,True,False,False,upper_bound_with_inhaler,0.02143430274075775,0.13930327192495387,10,125
454,48,True,False,True,one_hot,0.8047189562170504,0.8047189562170497,10,126
454,48,True,False,True,lower_bound,0.02143430274075775,-0.11415906978672669,10,127
454,48,True,False,True,midpoint,0.02143430274075775,0.026534130908280017,10,128
454,48,True,False,True,midpoint_with_inhaler,0.02143430274075775,0.026534130908280017,10,129
454,48,True,False,True,upper_bound,0.02143430274075775,0.13930327192495387,10,130
454,48,True,False,True,upper_bound_with_inhaler,0.02143430274075775,0.13930327192495387,10,131
473,12,False,False,False,one_hot,0.4941729978244651,0.4941729978244651,69,0
473,12,False,False,False,lower_bound,0.7037850341729134,0.9077085358583336,69,1
473,12,False,False,False,midpoint,0.7037850341729134,0.9019641003481066,69,2
473,12,False,False,False,midpoint_with_inhaler,0.7037850341729134,0.9019641003481066,69,3
473,12,False,False,False,upper_bound,0.7037850341729134,0.8829191572002498,69,4
473,12,False,False,False,upper_bound_with_inhaler,0.7037850341729134,0.8829191572002498,69,5
473,12,False,False,True,one_hot,0.4941729978244651,0.4941729978244651,69,6
473,12,False,False,True,lower_bound,0.7037850341729134,0.9077085358583336,69,7
473,12,False,False,True,midpoint,0.7037850341729134,0.9019641003481066,69,8
473,12,False,False,True,midpoint_with_inhaler,0.7037850341729134,0.9019641003481066,69,9
473,12,False,False,True,upper_bound,0.7037850341729134,0.8829191572002498,69,10
473,12,False,False,True,upper_bound_with_inhaler,0.7037850341729134,0.8829191572002498,69,11
473,12,False,True,False,one_hot,0.1975669224926018,0.1975669224926018,69,12
473,12,False,True,False,lower_bound,0.6294246366170725,0.8811898748477327,69,13
473,12,False,True,False,midpoint,0.6294246366170725,0.9496746898175888,69,14
473,12,False,True,False,midpoint_with_inhaler,0.6294246366170725,0.9496746898175888,69,15
473,12,False,True,False,upper_bound,0.6294246366170725,0.9907128799178924,69,16
473,12,False,True,False,upper_bound_with_inhaler,0.6294246366170725,0.9907128799178924,69,17
473,12,False,True,True,one_hot,0.1975669224926018,0.1975669224926018,69,18
473,12,False,True,True,lower_bound,0.6294246366170725,0.8811898748477327,69,19
473,12,False,True,True,midpoint,0.6294246366170725,0.9496746898175888,69,20
473,12,False,True,True,midpoint_with_inhaler,0.6294246366170725,0.9496746898175888,69,21
473,12,False,True,True,upper_bound,0.6294246366170725,0.9907128799178924,69,22
473,12,False,True,True,upper_bound_with_inhaler,0.6294246366170725,0.9907128799178924,69,23
473,12,True,False,False,one_hot,0.4218556081972976,0.4218556081972976,69,24
473,12,True,False,False,lower_bound,0.6244127956075495,0.7202877760207477,69,25
473,12,True,False,False,midpoint,0.6244127956075495,0.7944896700023797,69,26
473,12,True,False,False,midpoint_with_inhaler,0.6244127956075495,0.7944896700023797,69,27
473,12,True,False,False,upper_bound,0.6244127956075495,0.8450687980848489,69,28
473,12,True,False,False,upper_bound_with_inhaler,0.6244127956075495,0.8450687980848489,69,29
473,12,True,False,True,one_hot,0.4218556081972976,0.4218556081972976,69,30
473,12,True,False,True,lower_bound,0.6244127956075495,0.7202877760207477,69,31
473,12,True,False,True,midpoint,0.6244127956075495,0.7944896700023797,69,32
473,12,True,False,True,midpoint_with_inhaler,0.6244127956075495,0.7944896700023797,69,33
473,12,True,False,True,upper_bound,0.6244127956075495,0.8450687980848489,69,34
473,12,True,False,True,upper_bound_with_inhaler,0.6244127956075495,0.8450687980848489,69,35
473,24,False,False,False,one_hot,-0.029308841229142426,-0.029308841229142405,69,36
473,24,False,False,False,lower_bound,0.581545279784091,0.9822045482223545,69,37
473,24,False,False,False,midpoint,0.581545279784091,1.005250973517057,69,38
473,24,False,False,False,midpoint_with_inhaler,0.581545279784091,1.005250973517057,69,39
473,24,False,False,False,upper_bound,0.581545279784091,1.0085744374778607,69,40
473,24,False,False,False,upper_bound_with_inhaler,0.581545279784091,1.0085744374778607,69,41
473,24,False,False,True,one_hot,-0.029308841229142426,-0.029308841229142405,69,42
473,24,False,False,True,lower_bound,0.581545279784091,0.9822045482223545,69,43
473,24,False,False,True,midpoint,0.581545279784091,1.005250973517057,69,44
473,24,False,False,True,midpoint_with_inhaler,0.581545279784091,1.005250973517057,69,45
473,24,False,False,True,upper_bound,0.581545279784091,1.0085744374778607,69,46
473,24,False,False,True,upper_bound_with_inhaler,0.581545279784091,1.0085744374778607,69,47
473,24,False,True,False,one_hot,0.366296178863959,0.3662961788639589,69,48
473,24,False,True,False,lower_bound,0.3641032860975744,0.4516043192371484,69,49
473,24,False,True,False,midpoint,0.3641032860975744,0.4792262648784146,69,50
473,24,False,True,False,midpoint_with_inhaler,0.3641032860975744,0.4792262648784146,69,51
473,24,False,True,False,upper_bound,0.3641032860975744,0.49596872171500694,69,52
473,24,False,True,False,upper_bound_with_inhaler,0.3641032860975744,0.49596872171500694,69,53
473,24,False,True,True,one_hot,0.366296178863959,0.3662961788639589,69,54
473,24,False,True,True,lower_bound,0.3641032860975744,0.4516043192371484,69,55
473,24,False,True,True,midpoint,0.3641032860975744,0.4792262648784146,69,56
473,24,False,True,True,midpoint_with_inhaler,0.3641032860975744,0.4792262648784146,69,57
473,24,False,True,True,upper_bound,0.3641032860975744,0.49596872171500694,69,58
473,24,False,True,True,upper_bound_with_inhaler,0.3641032860975744,0.49596872171500694,69,59
473,24,True,False,False,one_hot,0.24796516352460932,0.24796516352460926,69,60
473,24,True,False,False,lower_bound,0.7184291417212271,1.0418342955584639,69,61
473,24,True,False,False,midpoint,0.7184291417212271,1.0714931034576693,69,62
473,24,True,False,False,midpoint_with_inhaler,0.7184291417212271,1.0714931034576693,69,63
473,24,True,False,False,upper_bound,0.7184291417212271,1.0782604227961508,69,64
473,24,True,False,False,upper_bound_with_inhaler,0.7184291417212271,1.0782604227961508,69,65
473,24,True,False,True,one_hot,0.24796516352460932,0.24796516352460926,69,66
473,24,True,False,True,lower_bound,0.7184291417212271,1.0418342955584639,69,67
473,24,True,False,True,midpoint,0.7184291417212271,1.0714931034576693,69,68
473,24,True,False,True,midpoint_with_inhaler,0.7184291417212271,1.0714931034576693,69,69
473,24,True,False,True,upper_bound,0.7184291417212271,1.0782604227961508,69,70
473,24,True,False,True,upper_bound_with_inhaler,0.7184291417212271,1.0782604227961508,69,71
473,36,False,False,False,one_hot,0.2674057770588057,0.2674057770588057,69,72
473,36,False,False,False,lower_bound,0.5711288651158297,0.8452659390714201,69,73
473,36,False,False,False,midpoint,0.5711288651158297,0.8225827894254246,69,74
473,36,False,False,False,midpoint_with_inhaler,0.5711288651158297,0.8679177422905345,69,75
473,36,False,False,False,upper_bound,0.5669572993672627,0.7871972934622176,69,76
473,36,False,False,False,upper_bound_with_inhaler,0.5711288651158297,0.8781062376728174,69,77
473,36,False,False,True,one_hot,0.2674057770588057,0.2674057770588057,69,78
473,36,False,False,True,lower_bound,0.5711288651158297,0.8452659390714201,69,79
473,36,False,False,True,midpoint,0.5711288651158297,0.8225827894254246,69,80
473,36,False,False,True,midpoint_with_inhaler,0.5711288651158297,0.8679177422905345,69,81
473,36,False,False,True,upper_bound,0.5669572993672627,0.7871972934622176,69,82
473,36,False,False,True,upper_bound_with_inhaler,0.5711288651158297,0.8781062376728174,69,83
473,36,True,False,False,one_hot,0.3088136461741421,0.30881364617414203,69,84
473,36,True,False,False,lower_bound,0.6026598540797873,0.7137114269470025,69,85
473,36,True,False,False,midpoint,0.6026598540797873,0.7047889625819119,69,86
473,36,True,False,False,midpoint_with_inhaler,0.6026598540797873,0.7047889625819119,69,87
473,36,True,False,False,upper_bound,0.6026598540797873,0.6936313909918133,69,88
473,36,True,False,False,upper_bound_with_inhaler,0.6026598540797873,0.6936313909918133,69,89
473,36,True,False,True,one_hot,0.3088136461741421,0.30881364617414203,69,90
473,36,True,False,True,lower_bound,0.6026598540797873,0.7137114269470025,69,91
473,36,True,False,True,midpoint,0.6026598540797873,0.7047889625819119,69,92
473,36,True,False,True,midpoint_with_inhaler,0.6026598540797873,0.7047889625819119,69,93
473,36,True,False,True,upper_bound,0.6026598540797873,0.6936313909918133,69,94
473,36,True,False,True,upper_bound_with_inhaler,0.6026598540797873,0.6936313909918133,69,95
473,48,False,False,False,one_hot,,,69,96
473,48,False,False,False,lower_bound,0.6649148872554264,0.8730129346205341,69,97
473,48,False,False,False,midpoint,0.6649148872554264,0.8412854348080504,69,98
473,48,False,False,False,midpoint_with_inhaler,0.6649148872554264,0.8676037965575147,69,99
473,48,False,False,False,upper_bound,0.6614413157421832,0.7970489226311175,69,100
473,48,False,False,False,upper_bound_with_inhaler,0.6649148872554264,0.8536991318196863,69,101
473,48,False,False,True,one_hot,,,69,102
473,48,False,False,True,lower_bound,0.6649148872554264,0.8730129346205341,69,103
473,48,False,False,True,midpoint,0.6649148872554264,0.8412854348080504,69,104
473,48,False,False,True,midpoint_with_inhaler,0.6649148872554264,0.8676037965575147,69,105
473,48,False,False,True,upper_bound,0.6614413157421832,0.7970489226311175,69,106
473,48,False,False,True,upper_bound_with_inhaler,0.6649148872554264,0.8536991318196863,69,107
473,48,False,True,False,one_hot,0.0581698768049836,0.0581698768049836,69,108
473,48,False,True,False,lower_bound,0.3857432064771959,0.3747316876439152,69,109
473,48,False,True,False,midpoint,0.3857432064771959,0.395262000226119,69,110
473,48,False,True,False,midpoint_with_inhaler,0.3857432064771959,0.395262000226119,69,111
473,48,False,True,False,upper_bound,0.3857432064771959,0.40630904599407613,69,112
473,48,False,True,False,upper_bound_with_inhaler,0.3857432064771959,0.40630904599407613,69,113
473,48,False,True,True,one_hot,0.0581698768049836,0.0581698768049836,69,114
473,48,False,True,True,lower_bound,0.3857432064771959,0.3747316876439152,69,115
473,48,False,True,True,midpoint,0.3857432064771959,0.395262000226119,69,116
473,48,False,True,True,midpoint_with_inhaler,0.3857432064771959,0.395262000226119,69,117
473,48,False,True,True,upper_bound,0.3857432064771959,0.40630904599407613,69,118
473,48,False,True,True,upper_bound_with_inhaler,0.3857432064771959,0.40630904599407613,69,119
473,48,True,False,False,one_hot,0.24796516352460926,0.24796516352460918,69,120
473,48,True,False,False,lower_bound,0.40275743579807954,0.5271342994335108,69,121
473,48,True,False,False,midpoint,0.40275743579807954,0.5364172491963308,69,122
473,48,True,False,False,midpoint_with_inhaler,0.40275743579807954,0.5364172491963308,69,123
473,48,True,False,False,upper_bound,0.40275743579807954,0.5395054201212346,69,124
473,48,True,False,False,upper_bound_with_inhaler,0.40275743579807954,0.5395054201212346,69,125
473,48,True,False,True,one_hot,0.24796516352460926,0.24796516352460918,69,126
473,48,True,False,True,lower_bound,0.40275743579807954,0.5271342994335108,69,127
473,48,True,False,True,midpoint,0.40275743579807954,0.5364172491963308,69,128
473,48,True,False,True,midpoint_with_inhaler,0.40275743579807954,0.5364172491963308,69,129
473,48,True,False,True,upper_bound,0.40275743579807954,0.5395054201212346,69,130
473,48,True,False,True,upper_bound_with_inhaler,0.40275743579807954,0.5395054201212346,69,131
514,12,False,False,False,one_hot,0.18753759100167675,0.18753759100167675,54,0
514,12,False,False,False,lower_bound,0.17813104630977114,0.1361954685573232,54,1
514,12,False,False,False,midpoint,0.17813104630977114,0.1545020080800023,54,2
514,12,False,False,False,midpoint_with_inhaler,0.17813104630977114,0.1545020080800023,54,3
514,12,False,False,False,upper_bound,0.17813104630977114,0.16363109319226388,54,4
514,12,False,False,False,upper_bound_with_inhaler,0.17813104630977114,0.16363109319226388,54,5
514,12,False,False,True,one_hot,0.18753759100167675,0.18753759100167675,54,6
514,12,False,False,True,lower_bound,0.17813104630977114,0.1361954685573232,54,7
514,12,False,False,True,midpoint,0.17813104630977114,0.1545020080800023,54,8
514,12,False,False,True,midpoint_with_inhaler,0.17813104630977114,0.1545020080800023,54,9
514,12,False,False,True,upper_bound,0.17813104630977114,0.16363109319226388,54,10
514,12,False,False,True,upper_bound_with_inhaler,0.17813104630977114,0.16363109319226388,54,11
514,12,False,True,False,one_hot,0.21866554174606084,0.21866554174606084,54,12
514,12,False,True,False,lower_bound,0.20468108304237237,0.14727982427645206,54,13
514,12,False,True,False,midpoint,0.20468108304237237,0.17173091027250886,54,14
514,12,False,True,False,midpoint_with_inhaler,0.20468108304237237,0.17173091027250886,54,15
514,12,False,True,False,upper_bound,0.20468108304237237,0.18421856130062716,54,16
514,12,False,True,False,upper_bound_with_inhaler,0.20468108304237237,0.18421856130062716,54,17
514,12,False,True,True,one_hot,0.21866554174606084,0.21866554174606084,54,18
514,12,False,True,True,lower_bound,0.20468108304237237,0.14727982427645206,54,19
514,12,False,True,True,midpoint,0.20468108304237237,0.17173091027250886,54,20
514,12,False,True,True,midpoint_with_inhaler,0.20468108304237237,0.17173091027250886,54,21
514,12,False,True,True,upper_bound,0.20468108304237237,0.18421856130062716,54,22
514,12,False,True,True,upper_bound_with_inhaler,0.20468108304237237,0.18421856130062716,54,23
514,12,True,False,False,one_hot,0.1288585389881421,0.12885853898814215,54,24
514,12,True,False,False,lower_bound,0.11655999690089856,0.07099919207618144,54,25
514,12,True,False,False,midpoint,0.11655999690089856,0.08978084294815931,54,26
514,12,True,False,False,midpoint_with_inhaler,0.11655999690089856,0.08978084294815931,54,27
514,12,True,False,False,upper_bound,0.11655999690089856,0.09967819923753142,54,28
514,12,True,False,False,upper_bound_with_inhaler,0.11655999690089856,0.09967819923753142,54,29
514,12,True,False,True,one_hot,0.1288585389881421,0.12885853898814215,54,30
514,12,True,False,True,lower_bound,0.11655999690089856,0.07099919207618144,54,31
514,12,True,False,True,midpoint,0.11655999690089856,0.08978084294815931,54,32
514,12,True,False,True,midpoint_with_inhaler,0.11655999690089856,0.08978084294815931,54,33
514,12,True,False,True,upper_bound,0.11655999690089856,0.09967819923753142,54,34
514,12,True,False,True,upper_bound_with_inhaler,0.11655999690089856,0.09967819923753142,54,35
514,24,False,False,False,one_hot,0.016749847027813076,0.01674984702781306,54,36
514,24,False,False,False,lower_bound,0.00924431853369494,-0.013808765565281291,54,37
514,24,False,False,False,midpoint,0.00924431853369494,-0.004997231467900489,54,38
514,24,False,False,False,midpoint_with_inhaler,0.00924431853369494,-0.004997231467900489,54,39
514,24,False,False,False,upper_bound,0.00924431853369494,-3.122502256758253e-17,54,40
514,24,False,False,False,upper_bound_with_inhaler,0.00924431853369494,-3.122502256758253e-17,54,41
514,24,False,False,True,one_hot,0.016749847027813076,0.01674984702781306,54,42
514,24,False,False,True,lower_bound,0.00924431853369494,-0.013808765565281291,54,43
514,24,False,False,True,midpoint,0.00924431853369494,-0.004997231467900489,54,44
514,24,False,False,True,midpoint_with_inhaler,0.00924431853369494,-0.004997231467900489,54,45
514,24,False,False,True,upper_bound,0.00924431853369494,-3.122502256758253e-17,54,46
514,24,False,False,True,upper_bound_with_inhaler,0.00924431853369494,-3.122502256758253e-17,54,47
514,24,False,True,False,one_hot,-0.12200715162568178,-0.12200715162568185,54,48
514,24,False,True,False,lower_bound,-0.085346875886968,0.02944702448503286,54,49
514,24,False,True,False,midpoint,-0.085346875886968,-0.014916768721365183,54,50
514,24,False,True,False,midpoint_with_inhaler,-0.085346875886968,-0.014916768721365183,54,51
514,24,False,True,False,upper_bound,-0.085346875886968,-0.03978311353889522,54,52
514,24,False,True,False,upper_bound_with_inhaler,-0.085346875886968,-0.03978311353889522,54,53
514,24,False,True,True,one_hot,-0.12200715162568178,-0.12200715162568185,54,54
514,24,False,True,True,lower_bound,-0.085346875886968,0.02944702448503286,54,55
514,24,False,True,True,midpoint,-0.085346875886968,-0.014916768721365183,54,56
514,24,False,True,True,midpoint_with_inhaler,-0.085346875886968,-0.014916768721365183,54,57
514,24,False,True,True,upper_bound,-0.085346875886968,-0.03978311353889522,54,58
514,24,False,True,True,upper_bound_with_inhaler,-0.085346875886968,-0.03978311353889522,54,59
514,24,True,False,False,one_hot,0.21866554174606087,0.21866554174606087,54,60
514,24,True,False,False,lower_bound,0.20468108304237237,0.14727982427645211,54,61
514,24,True,False,False,midpoint,0.20468108304237237,0.1717309102725088,54,62
514,24,True,False,False,midpoint_with_inhaler,0.20468108304237237,0.1717309102725088,54,63
514,24,True,False,False,upper_bound,0.20468108304237237,0.18421856130062716,54,64
514,24,True,False,False,upper_bound_with_inhaler,0.20468108304237237,0.18421856130062716,54,65
514,24,True,False,True,one_hot,0.21866554174606087,0.21866554174606087,54,66
514,24,True,False,True,lower_bound,0.20468108304237237,0.14727982427645211,54,67
514,24,True,False,True,midpoint,0.20468108304237237,0.1717309102725088,54,68
514,24,True,False,True,midpoint_with_inhaler,0.20468108304237237,0.1717309102725088,54,69
514,24,True,False,True,upper_bound,0.20468108304237237,0.18421856130062716,54,70
514,24,True,False,True,upper_bound_with_inhaler,0.20468108304237237,0.18421856130062716,54,71
514,36,False,False,False,one_hot,0.05114104875997716,0.05114104875997712,54,72
514,36,False,False,False,lower_bound,0.040017245330786023,0.003829637796162669,54,73
514,36,False,False,False,midpoint,0.040017245330786023,0.018019574408212054,54,74
514,36,False,False,False,midpoint_with_inhaler,0.040017245330786023,0.018019574408212054,54,75
514,36,False,False,False,upper_bound,0.040017245330786023,0.02586879888291325,54,76
514,36,False,False,False,upper_bound_with_inhaler,0.040017245330786023,0.02586879888291325,54,77
514,36,False,False,True,one_hot,0.05114104875997716,0.05114104875997712,54,78
514,36,False,False,True,lower_bound,0.040017245330786023,0.003829637796162669,54,79
514,36,False,False,True,midpoint,0.040017245330786023,0.018019574408212054,54,80
514,36,False,False,True,midpoint_with_inhaler,0.040017245330786023,0.018019574408212054,54,81
514,36,False,False,True,upper_bound,0.040017245330786023,0.02586879888291325,54,82
514,36,False,False,True,upper_bound_with_inhaler,0.040017245330786023,0.02586879888291325,54,83
514,36,True,False,False,one_hot,0.029281794337833816,0.029281794337833816,54,84
514,36,True,False,False,lower_bound,0.05994836361553609,0.14727982427645214,54,85
514,36,True,False,False,midpoint,0.05994836361553609,0.11507908299418244,54,86
514,36,True,False,False,midpoint_with_inhaler,0.05994836361553609,0.11507908299418244,54,87
514,36,True,False,False,upper_bound,0.05994836361553609,0.0961704223742089,54,88
514,36,True,False,False,upper_bound_with_inhaler,0.05994836361553609,0.0961704223742089,54,89
514,36,True,False,True,one_hot,0.029281794337833816,0.029281794337833816,54,90
514,36,True,False,True,lower_bound,0.05994836361553609,0.14727982427645214,54,91
514,36,True,False,True,midpoint,0.05994836361553609,0.11507908299418244,54,92
514,36,True,False,True,midpoint_with_inhaler,0.05994836361553609,0.11507908299418244,54,93
514,36,True,False,True,upper_bound,0.05994836361553609,0.0961704223742089,54,94
514,36,True,False,True,upper_bound_with_inhaler,0.05994836361553609,0.0961704223742089,54,95
514,48,False,False,False,one_hot,0.21249512662957779,0.21249512662957779,54,96
514,48,False,False,False,lower_bound,0.22560874173322273,0.24651299654046002,54,97
514,48,False,False,False,midpoint,0.22560874173322273,0.2419815373464316,54,98
514,48,False,False,False,midpoint_with_inhaler,0.22560874173322273,0.2419815373464316,54,99
514,48,False,False,False,upper_bound,0.22560874173322273,0.23749280179946625,54,100
514,48,False,False,False,upper_bound_with_inhaler,0.22560874173322273,0.23749280179946625,54,101
514,48,False,False,True,one_hot,0.21249512662957779,0.21249512662957779,54,102
514,48,False,False,True,lower_bound,0.22560874173322273,0.24651299654046002,54,103
514,48,False,False,True,midpoint,0.22560874173322273,0.2419815373464316,54,104
514,48,False,False,True,midpoint_with_inhaler,0.22560874173322273,0.2419815373464316,54,105
514,48,False,False,True,upper_bound,0.22560874173322273,0.23749280179946625,54,106
514,48,False,False,True,upper_bound_with_inhaler,0.22560874173322273,0.23749280179946625,54,107
514,48,False,True,False,one_hot,0.09751173312717028,0.09751173312717028,54,108
514,48,False,True,False,lower_bound,0.08470189809727814,0.04009064394513893,54,109
514,48,False,True,False,midpoint,0.08470189809727814,0.05807066852051607,54,110
514,48,False,True,False,midpoint_with_inhaler,0.08470189809727814,0.05807066852051607,54,111
514,48,False,True,False,upper_bound,0.08470189809727814,0.06775449868078083,54,112
514,48,False,True,False,upper_bound_with_inhaler,0.08470189809727814,0.06775449868078083,54,113
514,48,False,True,True,one_hot,0.09751173312717028,0.09751173312717028,54,114
514,48,False,True,True,lower_bound,0.08470189809727814,0.04009064394513893,54,115
514,48,False,True,True,midpoint,0.08470189809727814,0.05807066852051607,54,116
514,48,False,True,True,midpoint_with_inhaler,0.08470189809727814,0.05807066852051607,54,117
514,48,False,True,True,upper_bound,0.08470189809727814,0.06775449868078083,54,118
514,48,False,True,True,upper_bound_with_inhaler,0.08470189809727814,0.06775449868078083,54,119
514,48,True,False,False,one_hot,0.14282112113953088,0.14282112113953088,54,120
514,48,True,False,False,lower_bound,0.12828218758034268,0.07523763890256546,54,121
514,48,True,False,False,midpoint,0.12828218758034268,0.09698486169367311,54,122
514,48,True,False,False,midpoint_with_inhaler,0.12828218758034268,0.09698486169367311,54,123
514,48,True,False,False,upper_bound,0.12828218758034268,0.10850602195511551,54,124
514,48,True,False,False,upper_bound_with_inhaler,0.12828218758034268,0.10850602195511551,54,125
514,48,True,False,True,one_hot,0.14282112113953088,0.14282112113953088,54,126
514,48,True,False,True,lower_bound,0.12828218758034268,0.07523763890256546,54,127
514,48,True,False,True,midpoint,0.12828218758034268,0.09698486169367311,54,128
514,48,True,False,True,midpoint_with_inhaler,0.12828218758034268,0.09698486169367311,54,129
514,48,True,False,True,upper_bound,0.12828218758034268,0.10850602195511551,54,130
514,48,True,False,True,upper_bound_with_inhaler,0.12828218758034268,0.10850602195511551,54,131
625,12,False,False,False,one_hot,0.0884653540795391,0.08846535407953908,62,0
625,12,False,False,False,lower_bound,0.15193128820641344,0.20743639330768396,62,1
625,12,False,False,False,midpoint,0.15193128820641344,0.18731254753288365,62,2
625,12,False,False,False,midpoint_with_inhaler,0.15193128820641344,0.18731254753288365,62,3
625,12,False,False,False,upper_bound,0.15193128820641344,0.1720274359850973,62,4
625,12,False,False,False,upper_bound_with_inhaler,0.15193128820641344,0.1720274359850973,62,5
625,12,False,False,True,one_hot,0.0884653540795391,0.08846535407953908,62,6
625,12,False,False,True,lower_bound,0.15193128820641344,0.20743639330768396,62,7
625,12,False,False,True,midpoint,0.15193128820641344,0.18731254753288365,62,8
625,12,False,False,True,midpoint_with_inhaler,0.15193128820641344,0.18731254753288365,62,9
625,12,False,False,True,upper_bound,0.15193128820641344,0.1720274359850973,62,10
625,12,False,False,True,upper_bound_with_inhaler,0.15193128820641344,0.1720274359850973,62,11
625,12,False,True,False,one_hot,-0.0587371172442673,-0.05873711724426724,62,12
625,12,False,True,False,lower_bound,-0.08091663114744865,-0.10113423855285812,62,13
625,12,False,True,False,midpoint,-0.08091663114744865,-0.08754567224648606,62,14
625,12,False,True,False,midpoint_with_inhaler,-0.08091663114744865,-0.08754567224648606,62,15
625,12,False,True,False,upper_bound,-0.08091663114744865,-0.07611598335596768,62,16
625,12,False,True,False,upper_bound_with_inhaler,-0.08091663114744865,-0.07611598335596768,62,17
625,12,False,True,True,one_hot,-0.0587371172442673,-0.05873711724426724,62,18
625,12,False,True,True,lower_bound,-0.08091663114744865,-0.10113423855285812,62,19
625,12,False,True,True,midpoint,-0.08091663114744865,-0.08754567224648606,62,20
625,12,False,True,True,midpoint_with_inhaler,-0.08091663114744865,-0.08754567224648606,62,21
625,12,False,True,True,upper_bound,-0.08091663114744865,-0.07611598335596768,62,22
625,12,False,True,True,upper_bound_with_inhaler,-0.08091663114744865,-0.07611598335596768,62,23
625,12,True,False,False,one_hot,0.029297338730725073,0.029297338730725073,62,24
625,12,True,False,False,lower_bound,0.06271555511039532,0.02961571078064151,62,25
625,12,True,False,False,midpoint,0.06271555511039532,0.015441129973453491,62,26
625,12,True,False,False,midpoint_with_inhaler,0.06271555511039532,0.015441129973453491,62,27
625,12,True,False,False,upper_bound,0.06271555511039532,0.007000356736161872,62,28
625,12,True,False,False,upper_bound_with_inhaler,0.06271555511039532,0.007000356736161872,62,29
625,12,True,False,True,one_hot,0.029297338730725073,0.029297338730725073,62,30
625,12,True,False,True,lower_bound,0.06271555511039532,0.02961571078064151,62,31
625,12,True,False,True,midpoint,0.06271555511039532,0.015441129973453491,62,32
625,12,True,False,True,midpoint_with_inhaler,0.06271555511039532,0.015441129973453491,62,33
625,12,True,False,True,upper_bound,0.06271555511039532,0.007000356736161872,62,34
625,12,True,False,True,upper_bound_with_inhaler,0.06271555511039532,0.007000356736161872,62,35
625,24,False,False,False,one_hot,0.07817733114803958,0.07817733114803958,62,36
625,24,False,False,False,lower_bound,0.061367593390256006,-0.05877224401317737,62,37
625,24,False,False,False,midpoint,0.061367593390256006,-0.045299986844859357,62,38
625,24,False,False,False,midpoint_with_inhaler,0.061367593390256006,-0.045299986844859357,62,39
625,24,False,False,False,upper_bound,0.061367593390256006,-0.036621491483795364,62,40
625,24,False,False,False,upper_bound_with_inhaler,0.061367593390256006,-0.036621491483795364,62,41
625,24,False,False,True,one_hot,0.07817733114803958,0.07817733114803958,62,42
625,24,False,False,True,lower_bound,0.061367593390256006,-0.05877224401317737,62,43
625,24,False,False,True,midpoint,0.061367593390256006,-0.045299986844859357,62,44
625,24,False,False,True,midpoint_with_inhaler,0.061367593390256006,-0.045299986844859357,62,45
625,24,False,False,True,upper_bound,0.061367593390256006,-0.036621491483795364,62,46
625,24,False,False,True,upper_bound_with_inhaler,0.061367593390256006,-0.036621491483795364,62,47
625,24,False,True,False,one_hot,0.33622364341270056,0.33622364341270056,62,48
625,24,False,True,False,lower_bound,0.3733573665105621,0.25109810232708957,62,49
625,24,False,True,False,midpoint,0.3733573665105621,0.2708774189618809,62,50
625,24,False,True,False,midpoint_with_inhaler,0.3733573665105621,0.2708774189618809,62,51
625,24,False,True,False,upper_bound,0.3733573665105621,0.2783464016467955,62,52
625,24,False,True,False,upper_bound_with_inhaler,0.3733573665105621,0.2783464016467955,62,53
625,24,False,True,True,one_hot,0.33622364341270056,0.33622364341270056,62,54
625,24,False,True,True,lower_bound,0.3733573665105621,0.25109810232708957,62,55
625,24,False,True,True,midpoint,0.3733573665105621,0.2708774189618809,62,56
625,24,False,True,True,midpoint_with_inhaler,0.3733573665105621,0.2708774189618809,62,57
625,24,False,True,True,upper_bound,0.3733573665105621,0.2783464016467955,62,58
625,24,False,True,True,upper_bound_with_inhaler,0.3733573665105621,0.2783464016467955,62,59
625,24,True,False,False,one_hot,0.1443802047195365,0.14438020471953655,62,60
625,24,True,False,False,lower_bound,0.176665731742923,0.10500456177791984,62,61
625,24,True,False,False,midpoint,0.176665731742923,0.11813904697391177,62,62
625,24,True,False,False,midpoint_with_inhaler,0.176665731742923,0.11813904697391177,62,63
625,24,True,False,False,upper_bound,0.176665731742923,0.12392045672208057,62,64
625,24,True,False,False,upper_bound_with_inhaler,0.176665731742923,0.12392045672208057,62,65
625,24,True,False,True,one_hot,0.1443802047195365,0.14438020471953655,62,66
625,24,True,False,True,lower_bound,0.176665731742923,0.10500456177791984,62,67
625,24,True,False,True,midpoint,0.176665731742923,0.11813904697391177,62,68
625,24,True,False,True,midpoint_with_inhaler,0.176665731742923,0.11813904697391177,62,69
625,24,True,False,True,upper_bound,0.176665731742923,0.12392045672208057,62,70
625,24,True,False,True,upper_bound_with_inhaler,0.176665731742923,0.12392045672208057,62,71
625,36,False,False,False,one_hot,-0.029489656457947155,-0.029489656457947138,62,72
625,36,False,False,False,lower_bound,0.05677650443007743,-0.005208406019911034,62,73
625,36,False,False,False,midpoint,0.05677650443007743,-0.017264719974948904,62,74
625,36,False,False,False,midpoint_with_inhaler,0.05677650443007743,-0.017264719974948904,62,75
625,36,False,False,False,upper_bound,0.05677650443007743,-0.02785557702810015,62,76
625,36,False,False,False,upper_bound_with_inhaler,0.05677650443007743,-0.02785557702810015,62,77
625,36,False,False,True,one_hot,-0.029489656457947155,-0.029489656457947138,62,78
625,36,False,False,True,lower_bound,0.05677650443007743,-0.005208406019911034,62,79
625,36,False,False,True,midpoint,0.05677650443007743,-0.017264719974948904,62,80
625,36,False,False,True,midpoint_with_inhaler,0.05677650443007743,-0.017264719974948904,62,81
625,36,False,False,True,upper_bound,0.05677650443007743,-0.02785557702810015,62,82
625,36,False,False,True,upper_bound_with_inhaler,0.05677650443007743,-0.02785557702810015,62,83
625,36,True,False,False,one_hot,0.04876919148642589,0.048769191486425834,62,84
625,36,True,False,False,lower_bound,-0.029970185805258263,-0.14962989729552736,62,85
625,36,True,False,False,midpoint,-0.029970185805258263,-0.14914348111894468,62,86
625,36,True,False,False,midpoint_with_inhaler,-0.029970185805258263,-0.14914348111894468,62,87
625,36,True,False,False,upper_bound,-0.029970185805258263,-0.14637993924451498,62,88
625,36,True,False,False,upper_bound_with_inhaler,-0.029970185805258263,-0.14637993924451498,62,89
625,36,True,False,True,one_hot,0.04876919148642589,0.048769191486425834,62,90
625,36,True,False,True,lower_bound,-0.029970185805258263,-0.14962989729552736,62,91
625,36,True,False,True,midpoint,-0.029970185805258263,-0.14914348111894468,62,92
625,36,True,False,True,midpoint_with_inhaler,-0.029970185805258263,-0.14914348111894468,62,93
625,36,True,False,True,upper_bound,-0.029970185805258263,-0.14637993924451498,62,94
625,36,True,False,True,upper_bound_with_inhaler,-0.029970185805258263,-0.14637993924451498,62,95
625,48,False,False,False,one_hot,0.1028819674056478,0.10288196740564785,62,96
625,48,False,False,False,lower_bound,0.028000373294219897,0.016320057074397664,62,97
625,48,False,False,False,midpoint,0.028000373294219897,0.013565784203322979,62,98
625,48,False,False,False,midpoint_with_inhaler,0.028000373294219897,0.013565784203322979,62,99
625,48,False,False,False,upper_bound,0.028000373294219897,0.013837799533806648,62,100
625,48,False,False,False,upper_bound_with_inhaler,0.028000373294219897,0.013837799533806648,62,101
625,48,False,False,True,one_hot,0.1028819674056478,0.10288196740564785,62,102
625,48,False,False,True,lower_bound,0.028000373294219897,0.016320057074397664,62,103
625,48,False,False,True,midpoint,0.028000373294219897,0.013565784203322979,62,104
625,48,False,False,True,midpoint_with_inhaler,0.028000373294219897,0.013565784203322979,62,105
625,48,False,False,True,upper_bound,0.028000373294219897,0.013837799533806648,62,106
625,48,False,False,True,upper_bound_with_inhaler,0.028000373294219897,0.013837799533806648,62,107
625,48,False,True,False,one_hot,0.34402333898979504,0.34402333898979504,62,108
625,48,False,True,False,lower_bound,0.3665659504578037,0.2663705130894898,62,109
625,48,False,True,False,midpoint,0.3665659504578037,0.29468862561959974,62,110
625,48,False,True,False,midpoint_with_inhaler,0.3665659504578037,0.29468862561959974,62,111
625,48,False,True,False,upper_bound,0.3665659504578037,0.31056729709080794,62,112
625,48,False,True,False,upper_bound_with_inhaler,0.3665659504578037,0.31056729709080794,62,113
625,48,False,True,True,one_hot,0.34402333898979504,0.34402333898979504,62,114
625,48,False,True,True,lower_bound,0.3665659504578037,0.2663705130894898,62,115
625,48,False,True,True,midpoint,0.3665659504578037,0.29468862561959974,62,116
625,48,False,True,True,midpoint_with_inhaler,0.3665659504578037,0.29468862561959974,62,117
625,48,False,True,True,upper_bound,0.3665659504578037,0.31056729709080794,62,118
625,48,False,True,True,upper_bound_with_inhaler,0.3665659504578037,0.31056729709080794,62,119
625,48,True,False,False,one_hot,-0.06491138674891558,-0.06491138674891558,62,120
625,48,True,False,False,lower_bound,-0.11730380303982767,-0.08887093537987183,62,121
625,48,True,False,False,midpoint,-0.11730380303982767,-0.10090898251293165,62,122
625,48,True,False,False,midpoint_with_inhaler,-0.11730380303982767,-0.10090898251293165,62,123
625,48,True,False,False,upper_bound,-0.11730380303982767,-0.10709545464884115,62,124
625,48,True,False,False,upper_bound_with_inhaler,-0.11730380303982767,-0.10709545464884115,62,125
625,48,True,False,True,one_hot,-0.06491138674891558,-0.06491138674891558,62,126
625,48,True,False,True,lower_bound,-0.11730380303982767,-0.08887093537987183,62,127
625,48,True,False,True,midpoint,-0.11730380303982767,-0.10090898251293165,62,128
625,48,True,False,True,midpoint_with_inhaler,-0.11730380303982767,-0.10090898251293165,62,129
625,48,True,False,True,upper_bound,-0.11730380303982767,-0.10709545464884115,62,130
625,48,True,False,True,upper_bound_with_inhaler,-0.11730380303982767,-0.10709545464884115,62,131
701,12,False,False,False,one_hot,,,127,0
701,12,False,False,False,lower_bound,-0.05700966960669987,0.015266771154997697,127,1
701,12,False,False,False,midpoint,-0.05700966960669987,-0.0007635596733937553,127,2
701,12,False,False,False,midpoint_with_inhaler,-0.05700966960669987,-0.0007635596733937553,127,3
701,12,False,False,False,upper_bound,-0.05700966960669987,-0.008623356105120604,127,4
701,12,False,False,False,upper_bound_with_inhaler,-0.05700966960669987,-0.008623356105120604,127,5
701,12,False,False,True,one_hot,,,127,6
701,12,False,False,True,lower_bound,-0.05700966960669987,0.015266771154997697,127,7
701,12,False,False,True,midpoint,-0.05700966960669987,-0.0007635596733937553,127,8
701,12,False,False,True,midpoint_with_inhaler,-0.05700966960669987,-0.0007635596733937553,127,9
701,12,False,False,True,upper_bound,-0.05700966960669987,-0.008623356105120604,127,10
701,12,False,False,True,upper_bound_with_inhaler,-0.05700966960669987,-0.008623356105120604,127,11
701,12,False,True,False,one_hot,,,127,12
701,12,False,True,False,lower_bound,0.1027823773775428,0.08312799597678536,127,13
701,12,False,True,False,midpoint,0.1027823773775428,0.09474774989184358,127,14
701,12,False,True,False,midpoint_with_inhaler,0.1027823773775428,0.09474774989184358,127,15
701,12,False,True,False,upper_bound,0.1027823773775428,0.1020089997194749,127,16
701,12,False,True,False,upper_bound_with_inhaler,0.1027823773775428,0.1020089997194749,127,17
701,12,False,True,True,one_hot,,,127,18
701,12,False,True,True,lower_bound,0.1027823773775428,0.08312799597678536,127,19
701,12,False,True,True,midpoint,0.1027823773775428,0.09474774989184358,127,20
701,12,False,True,True,midpoint_with_inhaler,0.1027823773775428,0.09474774989184358,127,21
701,12,False,True,True,upper_bound,0.1027823773775428,0.1020089997194749,127,22
701,12,False,True,True,upper_bound_with_inhaler,0.1027823773775428,0.1020089997194749,127,23
701,12,True,False,False,one_hot,,,127,24
701,12,True,False,False,lower_bound,-0.0729900445069243,-0.09487219658245792,127,25
701,12,True,False,False,midpoint,-0.0729900445069243,-0.08164897707482197,127,26
701,12,True,False,False,midpoint_with_inhaler,-0.0729900445069243,-0.08164897707482197,127,27
701,12,True,False,False,upper_bound,-0.0729900445069243,-0.07175461470813896,127,28
701,12,True,False,False,upper_bound_with_inhaler,-0.0729900445069243,-0.07175461470813896,127,29
701,12,True,False,True,one_hot,,,127,30
701,12,True,False,True,lower_bound,-0.0729900445069243,-0.09487219658245792,127,31
701,12,True,False,True,midpoint,-0.0729900445069243,-0.08164897707482197,127,32
701,12,True,False,True,midpoint_with_inhaler,-0.0729900445069243,-0.08164897707482197,127,33
701,12,True,False,True,upper_bound,-0.0729900445069243,-0.07175461470813896,127,34
701,12,True,False,True,upper_bound_with_inhaler,-0.0729900445069243,-0.07175461470813896,127,35
701,24,False,False,False,one_hot,,,127,36
701,24,False,False,False,lower_bound,-0.010185195392981643,-0.021532172190709485,127,37
701,24,False,False,False,midpoint,-0.010185195392981643,-0.033956925451215016,127,38
701,24,False,False,False,midpoint_with_inhaler,-0.010185195392981643,-0.033956925451215016,127,39
701,24,False,False,False,upper_bound,-0.010185195392981643,-0.04124965087029557,127,40
701,24,False,False,False,upper_bound_with_inhaler,-0.010185195392981643,-0.04124965087029557,127,41
701,24,False,False,True,one_hot,,,127,42
701,24,False,False,True,lower_bound,-0.010185195392981643,-0.021532172190709485,127,43
701,24,False,False,True,midpoint,-0.010185195392981643,-0.033956925451215016,127,44
701,24,False,False,True,midpoint_with_inhaler,-0.010185195392981643,-0.033956925451215016,127,45
701,24,False,False,True,upper_bound,-0.010185195392981643,-0.04124965087029557,127,46
701,24,False,False,True,upper_bound_with_inhaler,-0.010185195392981643,-0.04124965087029557,127,47
701,24,False,True,False,one_hot,,,127,48
701,24,False,True,False,lower_bound,-0.01965755329629383,-0.004149924597548762,127,49
701,24,False,True,False,midpoint,-0.01965755329629383,0.008522376710304796,127,50
701,24,False,True,False,midpoint_with_inhaler,-0.01965755329629383,0.008522376710304796,127,51
701,24,False,True,False,upper_bound,-0.01965755329629383,0.017377296162097634,127,52
701,24,False,True,False,upper_bound_with_inhaler,-0.01965755329629383,0.017377296162097634,127,53
701,24,False,True,True,one_hot,,,127,54
701,24,False,True,True,lower_bound,-0.01965755329629383,-0.004149924597548762,127,55
701,24,False,True,True,midpoint,-0.01965755329629383,0.008522376710304796,127,56
701,24,False,True,True,midpoint_with_inhaler,-0.01965755329629383,0.008522376710304796,127,57
701,24,False,True,True,upper_bound,-0.01965755329629383,0.017377296162097634,127,58
701,24,False,True,True,upper_bound_with_inhaler,-0.01965755329629383,0.017377296162097634,127,59
701,24,True,False,False,one_hot,,,127,60
701,24,True,False,False,lower_bound,0.041214242865809395,0.032783361082709656,127,61
701,24,True,False,False,midpoint,0.041214242865809395,0.03600098118827282,127,62
701,24,True,False,False,midpoint_with_inhaler,0.041214242865809395,0.03600098118827282,127,63
701,24,True,False,False,upper_bound,0.041214242865809395,0.03886111252466429,127,64
701,24,True,False,False,upper_bound_with_inhaler,0.041214242865809395,0.03886111252466429,127,65
701,24,True,False,True,one_hot,,,127,66
701,24,True,False,True,lower_bound,0.041214242865809395,0.032783361082709656,127,67
701,24,True,False,True,midpoint,0.041214242865809395,0.03600098118827282,127,68
701,24,True,False,True,midpoint_with_inhaler,0.041214242865809395,0.03600098118827282,127,69
701,24,True,False,True,upper_bound,0.041214242865809395,0.03886111252466429,127,70
701,24,True,False,True,upper_bound_with_inhaler,0.041214242865809395,0.03886111252466429,127,71
701,36,False,False,False,one_hot,,,127,72
701,36,False,False,False,lower_bound,-0.0466558488074602,0.005943054282852266,127,73
701,36,False,False,False,midpoint,-0.0466558488074602,-0.030747337996164824,127,74
701,36,False,False,False,midpoint_with_inhaler,-0.0466558488074602,-0.030747337996164824,127,75
701,36,False,False,False,upper_bound,-0.0466558488074602,-0.050651191344115644,127,76
701,36,False,False,False,upper_bound_with_inhaler,-0.0466558488074602,-0.050651191344115644,127,77
701,36,False,False,True,one_hot,,,127,78
701,36,False,False,True,lower_bound,-0.0466558488074602,0.005943054282852266,127,79
701,36,False,False,True,midpoint,-0.0466558488074602,-0.030747337996164824,127,80
701,36,False,False,True,midpoint_with_inhaler,-0.0466558488074602,-0.030747337996164824,127,81
701,36,False,False,True,upper_bound,-0.0466558488074602,-0.050651191344115644,127,82
701,36,False,False,True,upper_bound_with_inhaler,-0.0466558488074602,-0.050651191344115644,127,83
701,36,True,False,False,one_hot,,,127,84
701,36,True,False,False,lower_bound,0.023322815506226918,0.02339550934146172,127,85
701,36,True,False,False,midpoint,0.023322815506226918,0.04374780084275762,127,86
701,36,True,False,False,midpoint_with_inhaler,0.023322815506226918,0.04374780084275762,127,87
701,36,True,False,False,upper_bound,0.023322815506226918,0.0539387930766216,127,88
701,36,True,False,False,upper_bound_with_inhaler,0.023322815506226918,0.0539387930766216,127,89
701,36,True,False,True,one_hot,,,127,90
701,36,True,False,True,lower_bound,0.023322815506226918,0.02339550934146172,127,91
701,36,True,False,True,midpoint,0.023322815506226918,0.04374780084275762,127,92
701,36,True,False,True,midpoint_with_inhaler,0.023322815506226918,0.04374780084275762,127,93
701,36,True,False,True,upper_bound,0.023322815506226918,0.0539387930766216,127,94
701,36,True,False,True,upper_bound_with_inhaler,0.023322815506226918,0.0539387930766216,127,95
701,48,False,False,False,one_hot,,,127,96
701,48,False,False,False,lower_bound,0.03600049297807963,0.0154885808579611,127,97
701,48,False,False,False,midpoint,0.03600049297807963,0.015219848492668185,127,98
701,48,False,False,False,midpoint_with_inhaler,0.03600049297807963,0.015219848492668185,127,99
701,48,False,False,False,upper_bound,0.03600049297807963,0.018395298700525135,127,100
701,48,False,False,False,upper_bound_with_inhaler,0.03600049297807963,0.018395298700525135,127,101
701,48,False,False,True,one_hot,,,127,102
701,48,False,False,True,lower_bound,0.03600049297807963,0.0154885808579611,127,103
701,48,False,False,True,midpoint,0.03600049297807963,0.015219848492668185,127,104
701,48,False,False,True,midpoint_with_inhaler,0.03600049297807963,0.015219848492668185,127,105
701,48,False,False,True,upper_bound,0.03600049297807963,0.018395298700525135,127,106
701,48,False,False,True,upper_bound_with_inhaler,0.03600049297807963,0.018395298700525135,127,107
701,48,False,True,False,one_hot,,,127,108
701,48,False,True,False,lower_bound,-0.14833884165041342,-0.1478280711796892,127,109
701,48,False,True,False,midpoint,-0.14833884165041342,-0.16214137871088827,127,110
701,48,False,True,False,midpoint_with_inhaler,-0.14833884165041342,-0.16214137871088827,127,111
701,48,False,True,False,upper_bound,-0.14833884165041342,-0.17019156578142858,127,112
701,48,False,True,False,upper_bound_with_inhaler,-0.14833884165041342,-0.17019156578142858,127,113
701,48,False,True,True,one_hot,,,127,114
701,48,False,True,True,lower_bound,-0.14833884165041342,-0.1478280711796892,127,115
701,48,False,True,True,midpoint,-0.14833884165041342,-0.16214137871088827,127,116
701,48,False,True,True,midpoint_with_inhaler,-0.14833884165041342,-0.16214137871088827,127,117
701,48,False,True,True,upper_bound,-0.14833884165041342,-0.17019156578142858,127,118
701,48,False,True,True,upper_bound_with_inhaler,-0.14833884165041342,-0.17019156578142858,127,119
701,48,True,False,False,one_hot,,,127,120
701,48,True,False,False,lower_bound,-0.03570707769801096,-6.938893903907228e-18,127,121
701,48,True,False,False,midpoint,-0.03570707769801096,-0.01251095529405753,127,122
701,48,True,False,False,midpoint_with_inhaler,-0.03570707769801096,-0.01251095529405753,127,123
701,48,True,False,False,upper_bound,-0.03570707769801096,-0.02068267810048893,127,124
701,48,True,False,False,upper_bound_with_inhaler,-0.03570707769801096,-0.02068267810048893,127,125
701,48,True,False,True,one_hot,,,127,126
701,48,True,False,True,lower_bound,-0.03570707769801096,-6.938893903907228e-18,127,127
701,48,True,False,True,midpoint,-0.03570707769801096,-0.01251095529405753,127,128
701,48,True,False,True,midpoint_with_inhaler,-0.03570707769801096,-0.01251095529405753,127,129
701,48,True,False,True,upper_bound,-0.03570707769801096,-0.02068267810048893,127,130
701,48,True,False,True,upper_bound_with_inhaler,-0.03570707769801096,-0.02068267810048893,127,131
702,12,False,False,False,one_hot,0.4698808855428797,0.4698808855428797,124,0
702,12,False,False,False,lower_bound,0.5182608013094868,0.8760253917794869,124,1
702,12,False,False,False,midpoint,0.5182608013094868,0.7762394592519237,124,2
702,12,False,False,False,midpoint_with_inhaler,0.5182608013094868,0.7762394592519237,124,3
702,12,False,False,False,upper_bound,0.5182608013094868,0.7136853087656834,124,4
702,12,False,False,False,upper_bound_with_inhaler,0.5182608013094868,0.7136853087656834,124,5
702,12,False,False,True,one_hot,0.4698808855428797,0.4698808855428797,124,6
702,12,False,False,True,lower_bound,0.5182608013094868,0.8760253917794869,124,7
702,12,False,False,True,midpoint,0.5182608013094868,0.7762394592519237,124,8
702,12,False,False,True,midpoint_with_inhaler,0.5182608013094868,0.7762394592519237,124,9
702,12,False,False,True,upper_bound,0.5182608013094868,0.7136853087656834,124,10
702,12,False,False,True,upper_bound_with_inhaler,0.5182608013094868,0.7136853087656834,124,11
702,12,False,True,False,one_hot,0.32039371456442756,0.3203937145644275,124,12
702,12,False,True,False,lower_bound,0.4260572940024451,0.5519917898365729,124,13
702,12,False,True,False,midpoint,0.4260572940024451,0.5350997060071246,124,14
702,12,False,True,False,midpoint_with_inhaler,0.4260572940024451,0.5350997060071246,124,15
702,12,False,True,False,upper_bound,0.4260572940024451,0.516563301816234,124,16
702,12,False,True,False,upper_bound_with_inhaler,0.4260572940024451,0.516563301816234,124,17
702,12,False,True,True,one_hot,0.32039371456442756,0.3203937145644275,124,18
702,12,False,True,True,lower_bound,0.4260572940024451,0.5519917898365729,124,19
702,12,False,True,True,midpoint,0.4260572940024451,0.5350997060071246,124,20
702,12,False,True,True,midpoint_with_inhaler,0.4260572940024451,0.5350997060071246,124,21
702,12,False,True,True,upper_bound,0.4260572940024451,0.516563301816234,124,22
702,12,False,True,True,upper_bound_with_inhaler,0.4260572940024451,0.516563301816234,124,23
702,12,True,False,False,one_hot,0.3032834058244024,0.3032834058244024,124,24
702,12,True,False,False,lower_bound,0.40727869252196364,0.8237899171774781,124,25
702,12,True,False,False,midpoint,0.40727869252196364,0.7766780975334789,124,26
702,12,True,False,False,midpoint_with_inhaler,0.40727869252196364,0.7766780975334789,124,27
702,12,True,False,False,upper_bound,0.40727869252196364,0.7408967895409895,124,28
702,12,True,False,False,upper_bound_with_inhaler,0.40727869252196364,0.7408967895409895,124,29
702,12,True,False,True,one_hot,0.3032834058244024,0.3032834058244024,124,30
702,12,True,False,True,lower_bound,0.40727869252196364,0.8237899171774781,124,31
702,12,True,False,True,midpoint,0.40727869252196364,0.7766780975334789,124,32
702,12,True,False,True,midpoint_with_inhaler,0.40727869252196364,0.7766780975334789,124,33
702,12,True,False,True,upper_bound,0.40727869252196364,0.7408967895409895,124,34
702,12,True,False,True,upper_bound_with_inhaler,0.40727869252196364,0.7408967895409895,124,35
702,24,False,False,False,one_hot,0.4159176221940216,0.4159176221940218,124,36
702,24,False,False,False,lower_bound,0.5338245252622097,1.0289255745567734,124,37
702,24,False,False,False,midpoint,0.5338245252622097,0.9462069803008207,124,38
702,24,False,False,False,midpoint_with_inhaler,0.5338245252622097,0.9462069803008207,124,39
702,24,False,False,False,upper_bound,0.5338245252622097,0.887172175689868,124,40
702,24,False,False,False,upper_bound_with_inhaler,0.5338245252622097,0.887172175689868,124,41
702,24,False,False,True,one_hot,0.4159176221940216,0.4159176221940218,124,42
702,24,False,False,True,lower_bound,0.5338245252622097,1.0289255745567734,124,43
702,24,False,False,True,midpoint,0.5338245252622097,0.9462069803008207,124,44
702,24,False,False,True,midpoint_with_inhaler,0.5338245252622097,0.9462069803008207,124,45
702,24,False,False,True,upper_bound,0.5338245252622097,0.887172175689868,124,46
702,24,False,False,True,upper_bound_with_inhaler,0.5338245252622097,0.887172175689868,124,47
702,24,False,True,False,one_hot,0.5714482952013606,0.5714482952013608,124,48
702,24,False,True,False,lower_bound,0.650885877774456,1.0579991462208667,124,49
702,24,False,True,False,midpoint,0.650885877774456,1.0046483306138068,124,50
702,24,False,True,False,midpoint_with_inhaler,0.650885877774456,1.0046483306138068,124,51
702,24,False,True,False,upper_bound,0.650885877774456,0.9635284908557671,124,52
702,24,False,True,False,upper_bound_with_inhaler,0.650885877774456,0.9635284908557671,124,53
702,24,False,True,True,one_hot,0.5714482952013606,0.5714482952013608,124,54
702,24,False,True,True,lower_bound,0.650885877774456,1.0579991462208667,124,55
702,24,False,True,True,midpoint,0.650885877774456,1.0046483306138068,124,56
702,24,False,True,True,midpoint_with_inhaler,0.650885877774456,1.0046483306138068,124,57
702,24,False,True,True,upper_bound,0.650885877774456,0.9635284908557671,124,58
702,24,False,True,True,upper_bound_with_inhaler,0.650885877774456,0.9635284908557671,124,59
702,24,True,False,False,one_hot,0.37162146903424526,0.37162146903424526,124,60
702,24,True,False,False,lower_bound,0.4997958930618945,0.9986656504294186,124,61
702,24,True,False,False,midpoint,0.4997958930618945,0.9105648542735634,124,62
702,24,True,False,False,midpoint_with_inhaler,0.4997958930618945,0.9105648542735634,124,63
702,24,True,False,False,upper_bound,0.4997958930618945,0.8492290399301851,124,64
702,24,True,False,False,upper_bound_with_inhaler,0.4997958930618945,0.8492290399301851,124,65
702,24,True,False,True,one_hot,0.37162146903424526,0.37162146903424526,124,66
702,24,True,False,True,lower_bound,0.4997958930618945,0.9986656504294186,124,67
702,24,True,False,True,midpoint,0.4997958930618945,0.9105648542735634,124,68
702,24,True,False,True,midpoint_with_inhaler,0.4997958930618945,0.9105648542735634,124,69
702,24,True,False,True,upper_bound,0.4997958930618945,0.8492290399301851,124,70
702,24,True,False,True,upper_bound_with_inhaler,0.4997958930618945,0.8492290399301851,124,71
702,36,False,False,False,one_hot,0.4284170916949723,0.4284170916949724,124,72
702,36,False,False,False,lower_bound,0.5930232223226589,1.121254243760843,124,73
702,36,False,False,False,midpoint,0.5930232223226589,1.077937179380579,124,74
702,36,False,False,False,midpoint_with_inhaler,0.5930232223226589,1.077937179380579,124,75
702,36,False,False,False,upper_bound,0.5930232223226589,1.0327675968437378,124,76
702,36,False,False,False,upper_bound_with_inhaler,0.5930232223226589,1.0327675968437378,124,77
702,36,False,False,True,one_hot,0.4284170916949723,0.4284170916949724,124,78
702,36,False,False,True,lower_bound,0.5930232223226589,1.121254243760843,124,79
702,36,False,False,True,midpoint,0.5930232223226589,1.077937179380579,124,80
702,36,False,False,True,midpoint_with_inhaler,0.5930232223226589,1.077937179380579,124,81
702,36,False,False,True,upper_bound,0.5930232223226589,1.0327675968437378,124,82
702,36,False,False,True,upper_bound_with_inhaler,0.5930232223226589,1.0327675968437378,124,83
702,36,True,False,False,one_hot,0.37676276821552196,0.37676276821552196,124,84
702,36,True,False,False,lower_bound,0.4491165979964276,0.7367912579199913,124,85
702,36,True,False,False,midpoint,0.4491165979964276,0.6810969723055978,124,86
702,36,True,False,False,midpoint_with_inhaler,0.4491165979964276,0.6810969723055978,124,87
702,36,True,False,False,upper_bound,0.4491165979964276,0.6382607767516951,124,88
702,36,True,False,False,upper_bound_with_inhaler,0.4491165979964276,0.6382607767516951,124,89
702,36,True,False,True,one_hot,0.37676276821552196,0.37676276821552196,124,90
702,36,True,False,True,lower_bound,0.4491165979964276,0.7367912579199913,124,91
702,36,True,False,True,midpoint,0.4491165979964276,0.6810969723055978,124,92
702,36,True,False,True,midpoint_with_inhaler,0.4491165979964276,0.6810969723055978,124,93
702,36,True,False,True,upper_bound,0.4491165979964276,0.6382607767516951,124,94
702,36,True,False,True,upper_bound_with_inhaler,0.4491165979964276,0.6382607767516951,124,95
702,48,False,False,False,one_hot,0.32177511971028655,0.32177511971028655,124,96
702,48,False,False,False,lower_bound,0.5619722188453954,1.1153910717986786,124,97
702,48,False,False,False,midpoint,0.5619722188453954,1.0589702935982115,124,98
702,48,False,False,False,midpoint_with_inhaler,0.5619722188453954,1.0589702935982115,124,99
702,48,False,False,False,upper_bound,0.5619722188453954,1.0055419048557013,124,100
702,48,False,False,False,upper_bound_with_inhaler,0.5619722188453954,1.0055419048557013,124,101
702,48,False,False,True,one_hot,0.32177511971028655,0.32177511971028655,124,102
702,48,False,False,True,lower_bound,0.5619722188453954,1.1153910717986786,124,103
702,48,False,False,True,midpoint,0.5619722188453954,1.0589702935982115,124,104
702,48,False,False,True,midpoint_with_inhaler,0.5619722188453954,1.0589702935982115,124,105
702,48,False,False,True,upper_bound,0.5619722188453954,1.0055419048557013,124,106
702,48,False,False,True,upper_bound_with_inhaler,0.5619722188453954,1.0055419048557013,124,107
702,48,False,True,False,one_hot,0.24979814028786743,0.24979814028786743,124,108
702,48,False,True,False,lower_bound,0.32325711674940727,0.5252026995774077,124,109
702,48,False,True,False,midpoint,0.32325711674940727,0.4962168642869775,124,110
702,48,False,True,False,midpoint_with_inhaler,0.32325711674940727,0.4962168642869775,124,111
702,48,False,True,False,upper_bound,0.32325711674940727,0.47185656666565917,124,112
702,48,False,True,False,upper_bound_with_inhaler,0.32325711674940727,0.47185656666565917,124,113
702,48,False,True,True,one_hot,0.24979814028786743,0.24979814028786743,124,114
702,48,False,True,True,lower_bound,0.32325711674940727,0.5252026995774077,124,115
702,48,False,True,True,midpoint,0.32325711674940727,0.4962168642869775,124,116
702,48,False,True,True,midpoint_with_inhaler,0.32325711674940727,0.4962168642869775,124,117
702,48,False,True,True,upper_bound,0.32325711674940727,0.47185656666565917,124,118
702,48,False,True,True,upper_bound_with_inhaler,0.32325711674940727,0.47185656666565917,124,119
702,48,True,False,False,one_hot,0.2419974744441951,0.24199747444419503,124,120
702,48,True,False,False,lower_bound,0.2954012343721409,0.47585389755995183,124,121
702,48,True,False,False,midpoint,0.2954012343721409,0.45910275078049184,124,122
702,48,True,False,False,midpoint_with_inhaler,0.2954012343721409,0.45910275078049184,124,123
702,48,True,False,False,upper_bound,0.2954012343721409,0.44223301403871607,124,124
702,48,True,False,False,upper_bound_with_inhaler,0.2954012343721409,0.44223301403871607,124,125
702,48,True,False,True,one_hot,0.2419974744441951,0.24199747444419503,124,126
702,48,True,False,True,lower_bound,0.2954012343721409,0.47585389755995183,124,127
702,48,True,False,True,midpoint,0.2954012343721409,0.45910275078049184,124,128
702,48,True,False,True,midpoint_with_inhaler,0.2954012343721409,0.45910275078049184,124,129
702,48,True,False,True,upper_bound,0.2954012343721409,0.44223301403871607,124,130
702,48,True,False,True,upper_bound_with_inhaler,0.2954012343721409,0.44223301403871607,124,131
917,12,False,False,False,one_hot,0.4180480042601457,0.4180480042601458,9,0
917,12,False,False,False,lower_bound,0.5247131456073121,0.5876891879783757,9,1
917,12,False,False,False,midpoint,0.5247131456073121,0.5636325010597834,9,2
917,12,False,False,False,midpoint_with_inhaler,0.5247131456073121,0.5636325010597834,9,3
917,12,False,False,False,upper_bound,0.5247131456073121,0.537843464942505,9,4
917,12,False,False,False,upper_bound_with_inhaler,0.5247131456073121,0.537843464942505,9,5
917,12,False,False,True,one_hot,0.4180480042601457,0.4180480042601458,9,6
917,12,False,False,True,lower_bound,0.5247131456073121,0.5876891879783757,9,7
917,12,False,False,True,midpoint,0.5247131456073121,0.5636325010597834,9,8
917,12,False,False,True,midpoint_with_inhaler,0.5247131456073121,0.5636325010597834,9,9
917,12,False,False,True,upper_bound,0.5247131456073121,0.537843464942505,9,10
917,12,False,False,True,upper_bound_with_inhaler,0.5247131456073121,0.537843464942505,9,11
917,12,False,True,False,one_hot,0.4180480042601457,0.4180480042601458,9,12
917,12,False,True,False,lower_bound,0.8332341464454481,0.8627010130355793,9,13
917,12,False,True,False,midpoint,0.8332341464454481,0.8607380939578321,9,14
917,12,False,True,False,midpoint_with_inhaler,0.8332341464454481,0.8607380939578321,9,15
917,12,False,True,False,upper_bound,0.8332341464454481,0.839874013566124,9,16
917,12,False,True,False,upper_bound_with_inhaler,0.8332341464454481,0.839874013566124,9,17
917,12,False,True,True,one_hot,0.4180480042601457,0.4180480042601458,9,18
917,12,False,True,True,lower_bound,0.8332341464454481,0.8627010130355793,9,19
917,12,False,True,True,midpoint,0.8332341464454481,0.8607380939578321,9,20
917,12,False,True,True,midpoint_with_inhaler,0.8332341464454481,0.8607380939578321,9,21
917,12,False,True,True,upper_bound,0.8332341464454481,0.839874013566124,9,22
917,12,False,True,True,upper_bound_with_inhaler,0.8332341464454481,0.839874013566124,9,23
917,12,True,False,False,one_hot,0.4180480042601458,0.4180480042601458,9,24
917,12,True,False,False,lower_bound,0.7448649741840664,0.9791317192731284,9,25
917,12,True,False,False,midpoint,0.7448649741840664,1.0555991737057728,9,26
917,12,True,False,False,midpoint_with_inhaler,0.7448649741840664,1.0555991737057728,9,27
917,12,True,False,False,upper_bound,0.7448649741840664,1.0784647724540606,9,28
917,12,True,False,False,upper_bound_with_inhaler,0.7448649741840664,1.0784647724540606,9,29
917,12,True,False,True,one_hot,0.4180480042601458,0.4180480042601458,9,30
917,12,True,False,True,lower_bound,0.7448649741840664,0.9791317192731284,9,31
917,12,True,False,True,midpoint,0.7448649741840664,1.0555991737057728,9,32
917,12,True,False,True,midpoint_with_inhaler,0.7448649741840664,1.0555991737057728,9,33
917,12,True,False,True,upper_bound,0.7448649741840664,1.0784647724540606,9,34
917,12,True,False,True,upper_bound_with_inhaler,0.7448649741840664,1.0784647724540606,9,35
917,24,False,False,False,one_hot,,,9,36
917,24,False,False,False,lower_bound,1.0504964803398442,1.0060215624546427,9,37
917,24,False,False,False,midpoint,1.0504964803398442,0.967357691385958,9,38
917,24,False,False,False,midpoint_with_inhaler,1.0504964803398442,0.967357691385958,9,39
917,24,False,False,False,upper_bound,1.0504964803398442,0.9134966818603683,9,40
917,24,False,False,False,upper_bound_with_inhaler,1.0504964803398442,0.9134966818603683,9,41
917,24,False,False,True,one_hot,,,9,42
917,24,False,False,True,lower_bound,1.0504964803398442,1.0060215624546427,9,43
917,24,False,False,True,midpoint,1.0504964803398442,0.967357691385958,9,44
917,24,False,False,True,midpoint_with_inhaler,1.0504964803398442,0.967357691385958,9,45
917,24,False,False,True,upper_bound,1.0504964803398442,0.9134966818603683,9,46
917,24,False,False,True,upper_bound_with_inhaler,1.0504964803398442,0.9134966818603683,9,47
917,24,False,True,False,one_hot,,,9,48
917,24,False,True,False,lower_bound,-0.15996082712778306,0.1939057250933431,9,49
917,24,False,True,False,midpoint,-0.15996082712778306,0.30723109359236045,9,50
917,24,False,True,False,midpoint_with_inhaler,-0.15996082712778306,0.30723109359236045,9,51
917,24,False,True,False,upper_bound,-0.15996082712778306,0.3874678031663369,9,52
917,24,False,True,False,upper_bound_with_inhaler,-0.15996082712778306,0.3874678031663369,9,53
917,24,False,True,True,one_hot,,,9,54
917,24,False,True,True,lower_bound,-0.15996082712778306,0.1939057250933431,9,55
917,24,False,True,True,midpoint,-0.15996082712778306,0.30723109359236045,9,56
917,24,False,True,True,midpoint_with_inhaler,-0.15996082712778306,0.30723109359236045,9,57
917,24,False,True,True,upper_bound,-0.15996082712778306,0.3874678031663369,9,58
917,24,False,True,True,upper_bound_with_inhaler,-0.15996082712778306,0.3874678031663369,9,59
917,24,True,False,False,one_hot,0.4180480042601457,0.4180480042601458,9,60
917,24,True,False,False,lower_bound,0.8353257263454328,0.8188078208150048,9,61
917,24,True,False,False,midpoint,0.8353257263454328,0.8188604298330855,9,62
917,24,True,False,False,midpoint_with_inhaler,0.8353257263454328,0.8188604298330855,9,63
917,24,True,False,False,upper_bound,0.8353257263454328,0.8005852655149508,9,64
917,24,True,False,False,upper_bound_with_inhaler,0.8353257263454328,0.8005852655149508,9,65
917,24,True,False,True,one_hot,0.4180480042601457,0.4180480042601458,9,66
917,24,True,False,True,lower_bound,0.8353257263454328,0.8188078208150048,9,67
917,24,True,False,True,midpoint,0.8353257263454328,0.8188604298330855,9,68
917,24,True,False,True,midpoint_with_inhaler,0.8353257263454328,0.8188604298330855,9,69
917,24,True,False,True,upper_bound,0.8353257263454328,0.8005852655149508,9,70
917,24,True,False,True,upper_bound_with_inhaler,0.8353257263454328,0.8005852655149508,9,71
917,36,False,False,False,one_hot,,,9,72
917,36,False,False,False,lower_bound,0.22013568258417995,0.6285423367618629,9,73
917,36,False,False,False,midpoint,0.22013568258417995,0.5188624928306398,9,74
917,36,False,False,False,midpoint_with_inhaler,0.22013568258417995,0.5188624928306398,9,75
917,36,False,False,False,upper_bound,0.22013568258417995,0.439047651451851,9,76
917,36,False,False,False,upper_bound_with_inhaler,0.22013568258417995,0.439047651451851,9,77
917,36,False,False,True,one_hot,,,9,78
917,36,False,False,True,lower_bound,0.22013568258417995,0.6285423367618629,9,79
917,36,False,False,True,midpoint,0.22013568258417995,0.5188624928306398,9,80
917,36,False,False,True,midpoint_with_inhaler,0.22013568258417995,0.5188624928306398,9,81
917,36,False,False,True,upper_bound,0.22013568258417995,0.439047651451851,9,82
917,36,False,False,True,upper_bound_with_inhaler,0.22013568258417995,0.439047651451851,9,83
917,36,True,False,False,one_hot,,,9,84
917,36,True,False,False,lower_bound,8.326672684688674e-17,0.13932017064563437,9,85
917,36,True,False,False,midpoint,8.326672684688674e-17,0.11678800676163965,9,86
917,36,True,False,False,midpoint_with_inhaler,8.326672684688674e-17,0.11678800676163965,9,87
917,36,True,False,False,upper_bound,8.326672684688674e-17,0.10033534773107558,9,88
917,36,True,False,False,upper_bound_with_inhaler,8.326672684688674e-17,0.10033534773107558,9,89
917,36,True,False,True,one_hot,,,9,90
917,36,True,False,True,lower_bound,8.326672684688674e-17,0.13932017064563437,9,91
917,36,True,False,True,midpoint,8.326672684688674e-17,0.11678800676163965,9,92
917,36,True,False,True,midpoint_with_inhaler,8.326672684688674e-17,0.11678800676163965,9,93
917,36,True,False,True,upper_bound,8.326672684688674e-17,0.10033534773107558,9,94
917,36,True,False,True,upper_bound_with_inhaler,8.326672684688674e-17,0.10033534773107558,9,95
917,48,False,False,False,one_hot,,,9,96
917,48,False,False,False,lower_bound,0.3085072544636765,0.8148242656190806,9,97
917,48,False,False,False,midpoint,0.3085072544636765,0.6261549885654346,9,98
917,48,False,False,False,midpoint_with_inhaler,0.3085072544636765,0.673042297864113,9,99
917,48,False,False,False,upper_bound,0.3085072544636765,0.4579772180318272,9,100
917,48,False,False,False,upper_bound_with_inhaler,0.3085072544636765,0.5118928268612342,9,101
917,48,False,False,True,one_hot,,,9,102
917,48,False,False,True,lower_bound,0.3085072544636765,0.8148242656190806,9,103
917,48,False,False,True,midpoint,0.3085072544636765,0.6261549885654346,9,104
917,48,False,False,True,midpoint_with_inhaler,0.3085072544636765,0.673042297864113,9,105
917,48,False,False,True,upper_bound,0.3085072544636765,0.4579772180318272,9,106
917,48,False,False,True,upper_bound_with_inhaler,0.3085072544636765,0.5118928268612342,9,107
917,48,False,True,False,one_hot,,,9,108
917,48,False,True,False,lower_bound,0.33444031484312586,0.3907644775517598,9,109
917,48,False,True,False,midpoint,0.33444031484312586,0.35992346480258364,9,110
917,48,False,True,False,midpoint_with_inhaler,0.33444031484312586,0.35992346480258364,9,111
917,48,False,True,False,upper_bound,0.33444031484312586,0.33722752377389636,9,112
917,48,False,True,False,upper_bound_with_inhaler,0.33444031484312586,0.33722752377389636,9,113
917,48,False,True,True,one_hot,,,9,114
917,48,False,True,True,lower_bound,0.33444031484312586,0.3907644775517598,9,115
917,48,False,True,True,midpoint,0.33444031484312586,0.35992346480258364,9,116
917,48,False,True,True,midpoint_with_inhaler,0.33444031484312586,0.35992346480258364,9,117
917,48,False,True,True,upper_bound,0.33444031484312586,0.33722752377389636,9,118
917,48,False,True,True,upper_bound_with_inhaler,0.33444031484312586,0.33722752377389636,9,119
917,48,True,False,False,one_hot,0.4180480042601457,0.4180480042601458,9,120
917,48,True,False,False,lower_bound,0.22013568258417995,0.34841727194492733,9,121
917,48,True,False,False,midpoint,0.22013568258417995,0.35224713744125347,9,122
917,48,True,False,False,midpoint_with_inhaler,0.22013568258417995,0.35224713744125347,9,123
917,48,True,False,False,upper_bound,0.22013568258417995,0.3518802507314305,9,124
917,48,True,False,False,upper_bound_with_inhaler,0.22013568258417995,0.3518802507314305,9,125
917,48,True,False,True,one_hot,0.4180480042601457,0.4180480042601458,9,126
917,48,True,False,True,lower_bound,0.22013568258417995,0.34841727194492733,9,127
917,48,True,False,True,midpoint,0.22013568258417995,0.35224713744125347,9,128
917,48,True,False,True,midpoint_with_inhaler,0.22013568258417995,0.35224713744125347,9,129
917,48,True,False,True,upper_bound,0.22013568258417995,0.3518802507314305,9,130
917,48,True,False,True,upper_bound_with_inhaler,0.22013568258417995,0.3518802507314305,9,131
939,12,False,False,False,one_hot,-0.06858784354261895,-0.06858784354261897,158,0
939,12,False,False,False,lower_bound,0.2716453417472238,0.28887672401080006,158,1
939,12,False,False,False,midpoint,0.2716453417472238,0.2587956779071059,158,2
939,12,False,False,False,midpoint_with_inhaler,0.2716453417472238,0.2587956779071059,158,3
939,12,False,False,False,upper_bound,0.2716453417472238,0.22931965906832436,158,4
939,12,False,False,False,upper_bound_with_inhaler,0.2716453417472238,0.22931965906832436,158,5
939,12,False,False,True,one_hot,-0.06858784354261895,-0.06858784354261897,158,6
939,12,False,False,True,lower_bound,0.2716453417472238,0.28887672401080006,158,7
939,12,False,False,True,midpoint,0.2716453417472238,0.2587956779071059,158,8
939,12,False,False,True,midpoint_with_inhaler,0.2716453417472238,0.2587956779071059,158,9
939,12,False,False,True,upper_bound,0.2716453417472238,0.22931965906832436,158,10
939,12,False,False,True,upper_bound_with_inhaler,0.2716453417472238,0.22931965906832436,158,11
939,12,False,True,False,one_hot,,,158,12
939,12,False,True,False,lower_bound,0.3030723408517137,0.41264203475317757,158,13
939,12,False,True,False,midpoint,0.3030723408517137,0.3877183358368758,158,14
939,12,False,True,False,midpoint_with_inhaler,0.3030723408517137,0.3877183358368758,158,15
939,12,False,True,False,upper_bound,0.3030723408517137,0.35974565690056126,158,16
939,12,False,True,False,upper_bound_with_inhaler,0.3030723408517137,0.35974565690056126,158,17
939,12,False,True,True,one_hot,,,158,18
939,12,False,True,True,lower_bound,0.3030723408517137,0.41264203475317757,158,19
939,12,False,True,True,midpoint,0.3030723408517137,0.3877183358368758,158,20
939,12,False,True,True,midpoint_with_inhaler,0.3030723408517137,0.3877183358368758,158,21
939,12,False,True,True,upper_bound,0.3030723408517137,0.35974565690056126,158,22
939,12,False,True,True,upper_bound_with_inhaler,0.3030723408517137,0.35974565690056126,158,23
939,12,True,False,False,one_hot,-0.06858784354261897,-0.06858784354261896,158,24
939,12,True,False,False,lower_bound,0.2808101002974333,0.3948920881207026,158,25
939,12,True,False,False,midpoint,0.2808101002974333,0.3552724277688484,158,26
939,12,True,False,False,midpoint_with_inhaler,0.2808101002974333,0.3552724277688484,158,27
939,12,True,False,False,upper_bound,0.2808101002974333,0.31868213018409297,158,28
939,12,True,False,False,upper_bound_with_inhaler,0.2808101002974333,0.31868213018409297,158,29
939,12,True,False,True,one_hot,-0.06858784354261897,-0.06858784354261896,158,30
939,12,True,False,True,lower_bound,0.2808101002974333,0.3948920881207026,158,31
939,12,True,False,True,midpoint,0.2808101002974333,0.3552724277688484,158,32
939,12,True,False,True,midpoint_with_inhaler,0.2808101002974333,0.3552724277688484,158,33
939,12,True,False,True,upper_bound,0.2808101002974333,0.31868213018409297,158,34
939,12,True,False,True,upper_bound_with_inhaler,0.2808101002974333,0.31868213018409297,158,35
939,24,False,False,False,one_hot,,,158,36
939,24,False,False,False,lower_bound,0.42876014280128205,0.4896675875481585,158,37
939,24,False,False,False,midpoint,0.42876014280128205,0.4757505149971582,158,38
939,24,False,False,False,midpoint_with_inhaler,0.42876014280128205,0.4757505149971582,158,39
939,24,False,False,False,upper_bound,0.42876014280128205,0.45906084290920407,158,40
939,24,False,False,False,upper_bound_with_inhaler,0.42876014280128205,0.45906084290920407,158,41
939,24,False,False,True,one_hot,,,158,42
939,24,False,False,True,lower_bound,0.42876014280128205,0.4896675875481585,158,43
939,24,False,False,True,midpoint,0.42876014280128205,0.4757505149971582,158,44
939,24,False,False,True,midpoint_with_inhaler,0.42876014280128205,0.4757505149971582,158,45
939,24,False,False,True,upper_bound,0.42876014280128205,0.45906084290920407,158,46
939,24,False,False,True,upper_bound_with_inhaler,0.42876014280128205,0.45906084290920407,158,47
939,24,False,True,False,one_hot,,,158,48
939,24,False,True,False,lower_bound,0.43676979427152784,0.5106623069892609,158,49
939,24,False,True,False,midpoint,0.43676979427152784,0.5265775462696183,158,50
939,24,False,True,False,midpoint_with_inhaler,0.43676979427152784,0.5265775462696183,158,51
939,24,False,True,False,upper_bound,0.43676979427152784,0.5251884667638069,158,52
939,24,False,True,False,upper_bound_with_inhaler,0.43676979427152784,0.5251884667638069,158,53
939,24,False,True,True,one_hot,,,158,54
939,24,False,True,True,lower_bound,0.43676979427152784,0.5106623069892609,158,55
939,24,False,True,True,midpoint,0.43676979427152784,0.5265775462696183,158,56
939,24,False,True,True,midpoint_with_inhaler,0.43676979427152784,0.5265775462696183,158,57
939,24,False,True,True,upper_bound,0.43676979427152784,0.5251884667638069,158,58
939,24,False,True,True,upper_bound_with_inhaler,0.43676979427152784,0.5251884667638069,158,59
939,24,True,False,False,one_hot,-0.09746338736332173,-0.09746338736332172,158,60
939,24,True,False,False,lower_bound,0.428460429510456,0.49562870980422163,158,61
939,24,True,False,False,midpoint,0.428460429510456,0.4801844421702652,158,62
939,24,True,False,False,midpoint_with_inhaler,0.428460429510456,0.4801844421702652,158,63
939,24,True,False,False,upper_bound,0.428460429510456,0.46227769332257873,158,64
939,24,True,False,False,upper_bound_with_inhaler,0.428460429510456,0.46227769332257873,158,65
939,24,True,False,True,one_hot,-0.09746338736332173,-0.09746338736332172,158,66
939,24,True,False,True,lower_bound,0.428460429510456,0.49562870980422163,158,67
939,24,True,False,True,midpoint,0.428460429510456,0.4801844421702652,158,68
939,24,True,False,True,midpoint_with_inhaler,0.428460429510456,0.4801844421702652,158,69
939,24,True,False,True,upper_bound,0.428460429510456,0.46227769332257873,158,70
939,24,True,False,True,upper_bound_with_inhaler,0.428460429510456,0.46227769332257873,158,71
939,36,False,False,False,one_hot,,,158,72
939,36,False,False,False,lower_bound,0.3929830219356128,0.49548386206168193,158,73
939,36,False,False,False,midpoint,0.3929830219356128,0.44886310512563626,158,74
939,36,False,False,False,midpoint_with_inhaler,0.3929830219356128,0.44886310512563626,158,75
939,36,False,False,False,upper_bound,0.3929830219356128,0.4124948642583383,158,76
939,36,False,False,False,upper_bound_with_inhaler,0.3929830219356128,0.4124948642583383,158,77
939,36,False,False,True,one_hot,,,158,78
939,36,False,False,True,lower_bound,0.3929830219356128,0.49548386206168193,158,79
939,36,False,False,True,midpoint,0.3929830219356128,0.44886310512563626,158,80
939,36,False,False,True,midpoint_with_inhaler,0.3929830219356128,0.44886310512563626,158,81
939,36,False,False,True,upper_bound,0.3929830219356128,0.4124948642583383,158,82
939,36,False,False,True,upper_bound_with_inhaler,0.3929830219356128,0.4124948642583383,158,83
939,36,True,False,False,one_hot,,,158,84
939,36,True,False,False,lower_bound,0.5116248435744309,0.6347583232071132,158,85
939,36,True,False,False,midpoint,0.5116248435744309,0.662298580701914,158,86
939,36,True,False,False,midpoint_with_inhaler,0.5116248435744309,0.662298580701914,158,87
939,36,True,False,False,upper_bound,0.5116248435744309,0.6643036367865102,158,88
939,36,True,False,False,upper_bound_with_inhaler,0.5116248435744309,0.6643036367865102,158,89
939,36,True,False,True,one_hot,,,158,90
939,36,True,False,True,lower_bound,0.5116248435744309,0.6347583232071132,158,91
939,36,True,False,True,midpoint,0.5116248435744309,0.662298580701914,158,92
939,36,True,False,True,midpoint_with_inhaler,0.5116248435744309,0.662298580701914,158,93
939,36,True,False,True,upper_bound,0.5116248435744309,0.6643036367865102,158,94
939,36,True,False,True,upper_bound_with_inhaler,0.5116248435744309,0.6643036367865102,158,95
939,48,False,False,False,one_hot,,,158,96
939,48,False,False,False,lower_bound,0.4051629650640719,0.524527076184236,158,97
939,48,False,False,False,midpoint,0.4051629650640719,0.4428060422150537,158,98
939,48,False,False,False,midpoint_with_inhaler,0.4051629650640719,0.4625538809108332,158,99
939,48,False,False,False,upper_bound,0.3793508508501612,0.376485783744812,158,100
939,48,False,False,False,upper_bound_with_inhaler,0.4051629650640719,0.4392144575116327,158,101
939,48,False,False,True,one_hot,,,158,102
939,48,False,False,True,lower_bound,0.4051629650640719,0.524527076184236,158,103
939,48,False,False,True,midpoint,0.4051629650640719,0.4428060422150537,158,104
939,48,False,False,True,midpoint_with_inhaler,0.4051629650640719,0.4625538809108332,158,105
939,48,False,False,True,upper_bound,0.3793508508501612,0.376485783744812,158,106
939,48,False,False,True,upper_bound_with_inhaler,0.4051629650640719,0.4392144575116327,158,107
939,48,False,True,False,one_hot,0.09328043244581061,0.09328043244581062,158,108
939,48,False,True,False,lower_bound,0.29938165304604203,0.39768002399105207,158,109
939,48,False,True,False,midpoint,0.29938165304604203,0.37472541276497545,158,110
939,48,False,True,False,midpoint_with_inhaler,0.29938165304604203,0.37472541276497545,158,111
939,48,False,True,False,upper_bound,0.29938165304604203,0.3485198890504654,158,112
939,48,False,True,False,upper_bound_with_inhaler,0.29938165304604203,0.3485198890504654,158,113
939,48,False,True,True,one_hot,0.09328043244581061,0.09328043244581062,158,114
939,48,False,True,True,lower_bound,0.29938165304604203,0.39768002399105207,158,115
939,48,False,True,True,midpoint,0.29938165304604203,0.37472541276497545,158,116
939,48,False,True,True,midpoint_with_inhaler,0.29938165304604203,0.37472541276497545,158,117
939,48,False,True,True,upper_bound,0.29938165304604203,0.3485198890504654,158,118
939,48,False,True,True,upper_bound_with_inhaler,0.29938165304604203,0.3485198890504654,158,119
939,48,True,False,False,one_hot,,,158,120
939,48,True,False,False,lower_bound,0.15003558747206114,0.2413807597728128,158,121
939,48,True,False,False,midpoint,0.15003558747206114,0.2050031861318318,158,122
939,48,True,False,False,midpoint_with_inhaler,0.15003558747206114,0.2050031861318318,158,123
939,48,True,False,False,upper_bound,0.15003558747206114,0.1758754842187343,158,124
939,48,True,False,False,upper_bound_with_inhaler,0.15003558747206114,0.1758754842187343,158,125
939,48,True,False,True,one_hot,,,158,126
939,48,True,False,True,lower_bound,0.15003558747206114,0.2413807597728128,158,127
939,48,True,False,True,midpoint,0.15003558747206114,0.2050031861318318,158,128
939,48,True,False,True,midpoint_with_inhaler,0.15003558747206114,0.2050031861318318,158,129
939,48,True,False,True,upper_bound,0.15003558747206114,0.1758754842187343,158,130
939,48,True,False,True,upper_bound_with_inhaler,0.15003558747206114,0.1758754842187343,158,131
