user_key,timestamp_window,use_daily_max_windows,use_calendar_days,filter_out_zero_usage_entries,categorization_method,spearman_z,pearson_z,sample_size,config_idx
113,12,False,False,False,one_hot,0.23321269370164152,0.23321269370164155,158,0
113,12,False,False,False,lower_bound,0.328630870166427,0.45708358576039043,158,1
113,12,False,False,False,midpoint,0.328630870166427,0.4526957947092832,158,2
113,12,False,False,False,midpoint_with_inhaler,0.328630870166427,0.4526957947092832,158,3
113,12,False,False,False,upper_bound,0.32907056213256963,0.4413878808940581,158,4
113,12,False,False,False,upper_bound_with_inhaler,0.32907056213256963,0.4413878808940581,158,5
113,12,False,False,True,one_hot,0.23321269370164152,0.23321269370164155,158,6
113,12,False,False,True,lower_bound,0.328630870166427,0.45708358576039043,158,7
113,12,False,False,True,midpoint,0.328630870166427,0.4526957947092832,158,8
113,12,False,False,True,midpoint_with_inhaler,0.328630870166427,0.4526957947092832,158,9
113,12,False,False,True,upper_bound,0.32907056213256963,0.4413878808940581,158,10
113,12,False,False,True,upper_bound_with_inhaler,0.32907056213256963,0.4413878808940581,158,11
113,12,False,True,False,one_hot,0.16488250229221738,0.1648825022922173,158,12
113,12,False,True,False,lower_bound,0.3181591340111812,0.3524115795554335,158,13
113,12,False,True,False,midpoint,0.3181591340111812,0.3528848488663,158,14
113,12,False,True,False,midpoint_with_inhaler,0.3181591340111812,0.3528848488663,158,15
113,12,False,True,False,upper_bound,0.3176922708578514,0.3412371804831973,158,16
113,12,False,True,False,upper_bound_with_inhaler,0.3176922708578514,0.3412371804831973,158,17
113,12,False,True,True,one_hot,0.16488250229221738,0.1648825022922173,158,18
113,12,False,True,True,lower_bound,0.3181591340111812,0.3524115795554335,158,19
113,12,False,True,True,midpoint,0.3181591340111812,0.3528848488663,158,20
113,12,False,True,True,midpoint_with_inhaler,0.3181591340111812,0.3528848488663,158,21
113,12,False,True,True,upper_bound,0.3176922708578514,0.3412371804831973,158,22
113,12,False,True,True,upper_bound_with_inhaler,0.3176922708578514,0.3412371804831973,158,23
113,12,True,False,False,one_hot,0.19893927306393797,0.19893927306393788,158,24
113,12,True,False,False,lower_bound,0.30930873171514783,0.31369694383905533,158,25
113,12,True,False,False,midpoint,0.30930873171514783,0.3134973629253938,158,26
113,12,True,False,False,midpoint_with_inhaler,0.30930873171514783,0.3134973629253938,158,27
113,12,True,False,False,upper_bound,0.3088454092654713,0.3061575550191812,158,28
113,12,True,False,False,upper_bound_with_inhaler,0.3088454092654713,0.3061575550191812,158,29
113,12,True,False,True,one_hot,0.19893927306393797,0.19893927306393788,158,30
113,12,True,False,True,lower_bound,0.30930873171514783,0.31369694383905533,158,31
113,12,True,False,True,midpoint,0.30930873171514783,0.3134973629253938,158,32
113,12,True,False,True,midpoint_with_inhaler,0.30930873171514783,0.3134973629253938,158,33
113,12,True,False,True,upper_bound,0.3088454092654713,0.3061575550191812,158,34
113,12,True,False,True,upper_bound_with_inhaler,0.3088454092654713,0.3061575550191812,158,35
113,24,False,False,False,one_hot,0.26080930332902064,0.2608093033290206,158,36
113,24,False,False,False,lower_bound,0.42730155458051217,0.45046652411044086,158,37
113,24,False,False,False,midpoint,0.42730155458051217,0.44159295706549667,158,38
113,24,False,False,False,midpoint_with_inhaler,0.42730155458051217,0.44159295706549667,158,39
113,24,False,False,False,upper_bound,0.4264455369980009,0.42182745283453194,158,40
113,24,False,False,False,upper_bound_with_inhaler,0.4264455369980009,0.42182745283453194,158,41
113,24,False,False,True,one_hot,0.26080930332902064,0.2608093033290206,158,42
113,24,False,False,True,lower_bound,0.42730155458051217,0.45046652411044086,158,43
113,24,False,False,True,midpoint,0.42730155458051217,0.44159295706549667,158,44
113,24,False,False,True,midpoint_with_inhaler,0.42730155458051217,0.44159295706549667,158,45
113,24,False,False,True,upper_bound,0.4264455369980009,0.42182745283453194,158,46
113,24,False,False,True,upper_bound_with_inhaler,0.4264455369980009,0.42182745283453194,158,47
113,24,False,True,False,one_hot,0.2529693765659465,0.25296937656594654,158,48
113,24,False,True,False,lower_bound,0.3474127148720256,0.38484124240569634,158,49
113,24,False,True,False,midpoint,0.3474127148720256,0.3833479887331663,158,50
113,24,False,True,False,midpoint_with_inhaler,0.3474127148720256,0.3833479887331663,158,51
113,24,False,True,False,upper_bound,0.3470905433428479,0.37506913290129246,158,52
113,24,False,True,False,upper_bound_with_inhaler,0.3470905433428479,0.37506913290129246,158,53
113,24,False,True,True,one_hot,0.2529693765659465,0.25296937656594654,158,54
113,24,False,True,True,lower_bound,0.3474127148720256,0.38484124240569634,158,55
113,24,False,True,True,midpoint,0.3474127148720256,0.3833479887331663,158,56
113,24,False,True,True,midpoint_with_inhaler,0.3474127148720256,0.3833479887331663,158,57
113,24,False,True,True,upper_bound,0.3470905433428479,0.37506913290129246,158,58
113,24,False,True,True,upper_bound_with_inhaler,0.3470905433428479,0.37506913290129246,158,59
113,24,True,False,False,one_hot,0.26080930332902064,0.2608093033290206,158,60
113,24,True,False,False,lower_bound,0.42730155458051217,0.45046652411044086,158,61
113,24,True,False,False,midpoint,0.42730155458051217,0.44159295706549667,158,62
113,24,True,False,False,midpoint_with_inhaler,0.42730155458051217,0.44159295706549667,158,63
113,24,True,False,False,upper_bound,0.4264455369980009,0.42182745283453194,158,64
113,24,True,False,False,upper_bound_with_inhaler,0.4264455369980009,0.42182745283453194,158,65
113,24,True,False,True,one_hot,0.26080930332902064,0.2608093033290206,158,66
113,24,True,False,True,lower_bound,0.42730155458051217,0.45046652411044086,158,67
113,24,True,False,True,midpoint,0.42730155458051217,0.44159295706549667,158,68
113,24,True,False,True,midpoint_with_inhaler,0.42730155458051217,0.44159295706549667,158,69
113,24,True,False,True,upper_bound,0.4264455369980009,0.42182745283453194,158,70
113,24,True,False,True,upper_bound_with_inhaler,0.4264455369980009,0.42182745283453194,158,71
113,36,False,False,False,one_hot,0.13081414957946033,0.13081414957946036,158,72
113,36,False,False,False,lower_bound,0.3986372165513611,0.4556492472603222,158,73
113,36,False,False,False,midpoint,0.3986372165513611,0.4700270344511863,158,74
113,36,False,False,False,midpoint_with_inhaler,0.3986372165513611,0.4685208817566794,158,75
113,36,False,False,False,upper_bound,0.39808977468617474,0.46320090476522113,158,76
113,36,False,False,False,upper_bound_with_inhaler,0.3986372165513611,0.466704209863692,158,77
113,36,False,False,True,one_hot,0.13081414957946033,0.13081414957946036,158,78
113,36,False,False,True,lower_bound,0.3986372165513611,0.4556492472603222,158,79
113,36,False,False,True,midpoint,0.3986372165513611,0.4700270344511863,158,80
113,36,False,False,True,midpoint_with_inhaler,0.3986372165513611,0.4685208817566794,158,81
113,36,False,False,True,upper_bound,0.39808977468617474,0.46320090476522113,158,82
113,36,False,False,True,upper_bound_with_inhaler,0.3986372165513611,0.466704209863692,158,83
113,36,True,False,False,one_hot,0.09245503991115134,0.09245503991115141,158,84
113,36,True,False,False,lower_bound,0.30487660720163356,0.3692589134718557,158,85
113,36,True,False,False,midpoint,0.30487660720163356,0.357813268822497,158,86
113,36,True,False,False,midpoint_with_inhaler,0.30487660720163356,0.357813268822497,158,87
113,36,True,False,False,upper_bound,0.3041232248450614,0.34311395088151353,158,88
113,36,True,False,False,upper_bound_with_inhaler,0.3041232248450614,0.34311395088151353,158,89
113,36,True,False,True,one_hot,0.09245503991115134,0.09245503991115141,158,90
113,36,True,False,True,lower_bound,0.30487660720163356,0.3692589134718557,158,91
113,36,True,False,True,midpoint,0.30487660720163356,0.357813268822497,158,92
113,36,True,False,True,midpoint_with_inhaler,0.30487660720163356,0.357813268822497,158,93
113,36,True,False,True,upper_bound,0.3041232248450614,0.34311395088151353,158,94
113,36,True,False,True,upper_bound_with_inhaler,0.3041232248450614,0.34311395088151353,158,95
113,48,False,False,False,one_hot,0.21373217849304127,0.21373217849304124,158,96
113,48,False,False,False,lower_bound,0.2809462248024925,0.33726336980657473,158,97
113,48,False,False,False,midpoint,0.2809462248024925,0.3494563059013528,158,98
113,48,False,False,False,midpoint_with_inhaler,0.2809462248024925,0.3505376523556577,158,99
113,48,False,False,False,upper_bound,0.2803482029612269,0.34852510248220453,158,100
113,48,False,False,False,upper_bound_with_inhaler,0.2809462248024925,0.3557094843284042,158,101
113,48,False,False,True,one_hot,0.21373217849304127,0.21373217849304124,158,102
113,48,False,False,True,lower_bound,0.2809462248024925,0.33726336980657473,158,103
113,48,False,False,True,midpoint,0.2809462248024925,0.3494563059013528,158,104
113,48,False,False,True,midpoint_with_inhaler,0.2809462248024925,0.3505376523556577,158,105
113,48,False,False,True,upper_bound,0.2803482029612269,0.34852510248220453,158,106
113,48,False,False,True,upper_bound_with_inhaler,0.2809462248024925,0.3557094843284042,158,107
113,48,False,True,False,one_hot,0.11834493609154718,0.11834493609154718,158,108
113,48,False,True,False,lower_bound,0.12769685548475213,0.07766090957123824,158,109
113,48,False,True,False,midpoint,0.12769685548475213,0.0896520166839004,158,110
113,48,False,True,False,midpoint_with_inhaler,0.12769685548475213,0.0896520166839004,158,111
113,48,False,True,False,upper_bound,0.1279912026752366,0.09794866271308662,158,112
113,48,False,True,False,upper_bound_with_inhaler,0.1279912026752366,0.09794866271308662,158,113
113,48,False,True,True,one_hot,0.11834493609154718,0.11834493609154718,158,114
113,48,False,True,True,lower_bound,0.12769685548475213,0.07766090957123824,158,115
113,48,False,True,True,midpoint,0.12769685548475213,0.0896520166839004,158,116
113,48,False,True,True,midpoint_with_inhaler,0.12769685548475213,0.0896520166839004,158,117
113,48,False,True,True,upper_bound,0.1279912026752366,0.09794866271308662,158,118
113,48,False,True,True,upper_bound_with_inhaler,0.1279912026752366,0.09794866271308662,158,119
113,48,True,False,False,one_hot,0.1659444420005262,0.16594444200052616,158,120
113,48,True,False,False,lower_bound,0.20459521606188524,0.15263238965933143,158,121
113,48,True,False,False,midpoint,0.20459521606188524,0.1768042405578792,158,122
113,48,True,False,False,midpoint_with_inhaler,0.20459521606188524,0.1768042405578792,158,123
113,48,True,False,False,upper_bound,0.2044965967731072,0.19154617080168804,158,124
113,48,True,False,False,upper_bound_with_inhaler,0.2044965967731072,0.19154617080168804,158,125
113,48,True,False,True,one_hot,0.1659444420005262,0.16594444200052616,158,126
113,48,True,False,True,lower_bound,0.20459521606188524,0.15263238965933143,158,127
113,48,True,False,True,midpoint,0.20459521606188524,0.1768042405578792,158,128
113,48,True,False,True,midpoint_with_inhaler,0.20459521606188524,0.1768042405578792,158,129
113,48,True,False,True,upper_bound,0.2044965967731072,0.19154617080168804,158,130
113,48,True,False,True,upper_bound_with_inhaler,0.2044965967731072,0.19154617080168804,158,131
190,12,False,False,False,one_hot,0.19333742851315744,0.1933374285131574,19,0
190,12,False,False,False,lower_bound,0.19333742851315744,0.1933374285131574,19,1
190,12,False,False,False,midpoint,0.19333742851315744,0.19333742851315752,19,2
190,12,False,False,False,midpoint_with_inhaler,0.19333742851315744,0.19333742851315752,19,3
190,12,False,False,False,upper_bound,0.19333742851315744,0.1933374285131574,19,4
190,12,False,False,False,upper_bound_with_inhaler,0.19333742851315744,0.1933374285131574,19,5
190,12,False,False,True,one_hot,0.19333742851315744,0.1933374285131574,19,6
190,12,False,False,True,lower_bound,0.19333742851315744,0.1933374285131574,19,7
190,12,False,False,True,midpoint,0.19333742851315744,0.19333742851315752,19,8
190,12,False,False,True,midpoint_with_inhaler,0.19333742851315744,0.19333742851315752,19,9
190,12,False,False,True,upper_bound,0.19333742851315744,0.1933374285131574,19,10
190,12,False,False,True,upper_bound_with_inhaler,0.19333742851315744,0.1933374285131574,19,11
190,12,False,True,False,one_hot,0.1689490069103114,0.16894900691031142,19,12
190,12,False,True,False,lower_bound,0.1689490069103114,0.16894900691031142,19,13
190,12,False,True,False,midpoint,0.1689490069103114,0.16894900691031142,19,14
190,12,False,True,False,midpoint_with_inhaler,0.1689490069103114,0.16894900691031142,19,15
190,12,False,True,False,upper_bound,0.1689490069103114,0.16894900691031142,19,16
190,12,False,True,False,upper_bound_with_inhaler,0.1689490069103114,0.16894900691031142,19,17
190,12,False,True,True,one_hot,0.1689490069103114,0.16894900691031142,19,18
190,12,False,True,True,lower_bound,0.1689490069103114,0.16894900691031142,19,19
190,12,False,True,True,midpoint,0.1689490069103114,0.16894900691031142,19,20
190,12,False,True,True,midpoint_with_inhaler,0.1689490069103114,0.16894900691031142,19,21
190,12,False,True,True,upper_bound,0.1689490069103114,0.16894900691031142,19,22
190,12,False,True,True,upper_bound_with_inhaler,0.1689490069103114,0.16894900691031142,19,23
190,12,True,False,False,one_hot,-0.06911640417333659,-0.06911640417333662,19,24
190,12,True,False,False,lower_bound,-0.13342319576258893,-0.20486128448397994,19,25
190,12,True,False,False,midpoint,-0.13342319576258893,-0.17745194192506486,19,26
190,12,True,False,False,midpoint_with_inhaler,-0.13342319576258893,-0.17745194192506486,19,27
190,12,True,False,False,upper_bound,-0.13342319576258893,-0.15789116110441892,19,28
190,12,True,False,False,upper_bound_with_inhaler,-0.13342319576258893,-0.15789116110441892,19,29
190,12,True,False,True,one_hot,-0.06911640417333659,-0.06911640417333662,19,30
190,12,True,False,True,lower_bound,-0.13342319576258893,-0.20486128448397994,19,31
190,12,True,False,True,midpoint,-0.13342319576258893,-0.17745194192506486,19,32
190,12,True,False,True,midpoint_with_inhaler,-0.13342319576258893,-0.17745194192506486,19,33
190,12,True,False,True,upper_bound,-0.13342319576258893,-0.15789116110441892,19,34
190,12,True,False,True,upper_bound_with_inhaler,-0.13342319576258893,-0.15789116110441892,19,35
190,24,False,False,False,one_hot,0.03582105708309529,0.03582105708309534,19,36
190,24,False,False,False,lower_bound,0.03582105708309529,0.03582105708309534,19,37
190,24,False,False,False,midpoint,0.03582105708309529,0.035821057083095256,19,38
190,24,False,False,False,midpoint_with_inhaler,0.03582105708309529,0.035821057083095256,19,39
190,24,False,False,False,upper_bound,0.03582105708309529,0.03582105708309534,19,40
190,24,False,False,False,upper_bound_with_inhaler,0.03582105708309529,0.03582105708309534,19,41
190,24,False,False,True,one_hot,0.03582105708309529,0.03582105708309534,19,42
190,24,False,False,True,lower_bound,0.03582105708309529,0.03582105708309534,19,43
190,24,False,False,True,midpoint,0.03582105708309529,0.035821057083095256,19,44
190,24,False,False,True,midpoint_with_inhaler,0.03582105708309529,0.035821057083095256,19,45
190,24,False,False,True,upper_bound,0.03582105708309529,0.03582105708309534,19,46
190,24,False,False,True,upper_bound_with_inhaler,0.03582105708309529,0.03582105708309534,19,47
190,24,False,True,False,one_hot,0.29395814171587453,0.2939581417158746,19,48
190,24,False,True,False,lower_bound,0.29395814171587453,0.2939581417158746,19,49
190,24,False,True,False,midpoint,0.29395814171587453,0.29395814171587453,19,50
190,24,False,True,False,midpoint_with_inhaler,0.29395814171587453,0.29395814171587453,19,51
190,24,False,True,False,upper_bound,0.29395814171587453,0.2939581417158746,19,52
190,24,False,True,False,upper_bound_with_inhaler,0.29395814171587453,0.2939581417158746,19,53
190,24,False,True,True,one_hot,0.29395814171587453,0.2939581417158746,19,54
190,24,False,True,True,lower_bound,0.29395814171587453,0.2939581417158746,19,55
190,24,False,True,True,midpoint,0.29395814171587453,0.29395814171587453,19,56
190,24,False,True,True,midpoint_with_inhaler,0.29395814171587453,0.29395814171587453,19,57
190,24,False,True,True,upper_bound,0.29395814171587453,0.2939581417158746,19,58
190,24,False,True,True,upper_bound_with_inhaler,0.29395814171587453,0.2939581417158746,19,59
190,24,True,False,False,one_hot,0.03582105708309529,0.03582105708309534,19,60
190,24,True,False,False,lower_bound,0.03582105708309529,0.03582105708309534,19,61
190,24,True,False,False,midpoint,0.03582105708309529,0.035821057083095256,19,62
190,24,True,False,False,midpoint_with_inhaler,0.03582105708309529,0.035821057083095256,19,63
190,24,True,False,False,upper_bound,0.03582105708309529,0.03582105708309534,19,64
190,24,True,False,False,upper_bound_with_inhaler,0.03582105708309529,0.03582105708309534,19,65
190,24,True,False,True,one_hot,0.03582105708309529,0.03582105708309534,19,66
190,24,True,False,True,lower_bound,0.03582105708309529,0.03582105708309534,19,67
190,24,True,False,True,midpoint,0.03582105708309529,0.035821057083095256,19,68
190,24,True,False,True,midpoint_with_inhaler,0.03582105708309529,0.035821057083095256,19,69
190,24,True,False,True,upper_bound,0.03582105708309529,0.03582105708309534,19,70
190,24,True,False,True,upper_bound_with_inhaler,0.03582105708309529,0.03582105708309534,19,71
190,36,False,False,False,one_hot,0.2688725760190977,0.26887257601909775,19,72
190,36,False,False,False,lower_bound,0.0656582223417107,-0.11776105402720562,19,73
190,36,False,False,False,midpoint,0.0656582223417107,-0.03769638864846662,19,74
190,36,False,False,False,midpoint_with_inhaler,0.0656582223417107,-0.03769638864846662,19,75
190,36,False,False,False,upper_bound,0.0656582223417107,0.018079507768503967,19,76
190,36,False,False,False,upper_bound_with_inhaler,0.0656582223417107,0.018079507768503967,19,77
190,36,False,False,True,one_hot,0.2688725760190977,0.26887257601909775,19,78
190,36,False,False,True,lower_bound,0.0656582223417107,-0.11776105402720562,19,79
190,36,False,False,True,midpoint,0.0656582223417107,-0.03769638864846662,19,80
190,36,False,False,True,midpoint_with_inhaler,0.0656582223417107,-0.03769638864846662,19,81
190,36,False,False,True,upper_bound,0.0656582223417107,0.018079507768503967,19,82
190,36,False,False,True,upper_bound_with_inhaler,0.0656582223417107,0.018079507768503967,19,83
190,36,True,False,False,one_hot,1.1128754990454974,1.1128754990454977,19,84
190,36,True,False,False,lower_bound,1.0871141473492467,0.8362859825455767,19,85
190,36,True,False,False,midpoint,1.0871141473492467,0.9612619407529983,19,86
190,36,True,False,False,midpoint_with_inhaler,1.0871141473492467,0.9612619407529983,19,87
190,36,True,False,False,upper_bound,1.0871141473492467,1.0281698504405419,19,88
190,36,True,False,False,upper_bound_with_inhaler,1.0871141473492467,1.0281698504405419,19,89
190,36,True,False,True,one_hot,1.1128754990454974,1.1128754990454977,19,90
190,36,True,False,True,lower_bound,1.0871141473492467,0.8362859825455767,19,91
190,36,True,False,True,midpoint,1.0871141473492467,0.9612619407529983,19,92
190,36,True,False,True,midpoint_with_inhaler,1.0871141473492467,0.9612619407529983,19,93
190,36,True,False,True,upper_bound,1.0871141473492467,1.0281698504405419,19,94
190,36,True,False,True,upper_bound_with_inhaler,1.0871141473492467,1.0281698504405419,19,95
190,48,False,False,False,one_hot,0.3786687136573606,0.3786687136573606,19,96
190,48,False,False,False,lower_bound,0.16595853259392862,0.09671395372069176,19,97
190,48,False,False,False,midpoint,0.16595853259392862,0.14454844338840078,19,98
190,48,False,False,False,midpoint_with_inhaler,0.16595853259392862,0.14454844338840078,19,99
190,48,False,False,False,upper_bound,0.16595853259392862,0.18292001808399802,19,100
190,48,False,False,False,upper_bound_with_inhaler,0.16595853259392862,0.18292001808399802,19,101
190,48,False,False,True,one_hot,0.3786687136573606,0.3786687136573606,19,102
190,48,False,False,True,lower_bound,0.16595853259392862,0.09671395372069176,19,103
190,48,False,False,True,midpoint,0.16595853259392862,0.14454844338840078,19,104
190,48,False,False,True,midpoint_with_inhaler,0.16595853259392862,0.14454844338840078,19,105
190,48,False,False,True,upper_bound,0.16595853259392862,0.18292001808399802,19,106
190,48,False,False,True,upper_bound_with_inhaler,0.16595853259392862,0.18292001808399802,19,107
190,48,False,True,False,one_hot,0.03582105708309529,0.03582105708309534,19,108
190,48,False,True,False,lower_bound,0.03582105708309529,0.03582105708309534,19,109
190,48,False,True,False,midpoint,0.03582105708309529,0.035821057083095256,19,110
190,48,False,True,False,midpoint_with_inhaler,0.03582105708309529,0.035821057083095256,19,111
190,48,False,True,False,upper_bound,0.03582105708309529,0.03582105708309534,19,112
190,48,False,True,False,upper_bound_with_inhaler,0.03582105708309529,0.03582105708309534,19,113
190,48,False,True,True,one_hot,0.03582105708309529,0.03582105708309534,19,114
190,48,False,True,True,lower_bound,0.03582105708309529,0.03582105708309534,19,115
190,48,False,True,True,midpoint,0.03582105708309529,0.035821057083095256,19,116
190,48,False,True,True,midpoint_with_inhaler,0.03582105708309529,0.035821057083095256,19,117
190,48,False,True,True,upper_bound,0.03582105708309529,0.03582105708309534,19,118
190,48,False,True,True,upper_bound_with_inhaler,0.03582105708309529,0.03582105708309534,19,119
190,48,True,False,False,one_hot,0.535198960317004,0.5351989603170042,19,120
190,48,True,False,False,lower_bound,0.535198960317004,0.5351989603170042,19,121
190,48,True,False,False,midpoint,0.535198960317004,0.5351989603170039,19,122
190,48,True,False,False,midpoint_with_inhaler,0.535198960317004,0.5351989603170039,19,123
190,48,True,False,False,upper_bound,0.535198960317004,0.5351989603170042,19,124
190,48,True,False,False,upper_bound_with_inhaler,0.535198960317004,0.5351989603170042,19,125
190,48,True,False,True,one_hot,0.535198960317004,0.5351989603170042,19,126
190,48,True,False,True,lower_bound,0.535198960317004,0.5351989603170042,19,127
190,48,True,False,True,midpoint,0.535198960317004,0.5351989603170039,19,128
190,48,True,False,True,midpoint_with_inhaler,0.535198960317004,0.5351989603170039,19,129
190,48,True,False,True,upper_bound,0.535198960317004,0.5351989603170042,19,130
190,48,True,False,True,upper_bound_with_inhaler,0.535198960317004,0.5351989603170042,19,131
294,12,False,False,False,one_hot,-0.02534015203822226,-0.02534015203822226,173,0
294,12,False,False,False,lower_bound,0.19748950177864025,0.22649916664044525,173,1
294,12,False,False,False,midpoint,0.19748950177864025,0.24117247304327669,173,2
294,12,False,False,False,midpoint_with_inhaler,0.19748950177864025,0.24117247304327669,173,3
294,12,False,False,False,upper_bound,0.19748950177864025,0.24828624967200447,173,4
294,12,False,False,False,upper_bound_with_inhaler,0.19748950177864025,0.24828624967200447,173,5
294,12,False,False,True,one_hot,-0.02534015203822226,-0.02534015203822226,173,6
294,12,False,False,True,lower_bound,0.19748950177864025,0.22649916664044525,173,7
294,12,False,False,True,midpoint,0.19748950177864025,0.24117247304327669,173,8
294,12,False,False,True,midpoint_with_inhaler,0.19748950177864025,0.24117247304327669,173,9
294,12,False,False,True,upper_bound,0.19748950177864025,0.24828624967200447,173,10
294,12,False,False,True,upper_bound_with_inhaler,0.19748950177864025,0.24828624967200447,173,11
294,12,False,True,False,one_hot,,,173,12
294,12,False,True,False,lower_bound,0.5161734977087434,0.4476206991496049,173,13
294,12,False,True,False,midpoint,0.5161734977087434,0.48276092728890185,173,14
294,12,False,True,False,midpoint_with_inhaler,0.5161734977087434,0.48276092728890185,173,15
294,12,False,True,False,upper_bound,0.5161734977087434,0.5008990965250961,173,16
294,12,False,True,False,upper_bound_with_inhaler,0.5161734977087434,0.5008990965250961,173,17
294,12,False,True,True,one_hot,,,173,18
294,12,False,True,True,lower_bound,0.5161734977087434,0.4476206991496049,173,19
294,12,False,True,True,midpoint,0.5161734977087434,0.48276092728890185,173,20
294,12,False,True,True,midpoint_with_inhaler,0.5161734977087434,0.48276092728890185,173,21
294,12,False,True,True,upper_bound,0.5161734977087434,0.5008990965250961,173,22
294,12,False,True,True,upper_bound_with_inhaler,0.5161734977087434,0.5008990965250961,173,23
294,12,True,False,False,one_hot,,,173,24
294,12,True,False,False,lower_bound,0.5685789637073377,0.508755095740219,173,25
294,12,True,False,False,midpoint,0.5685789637073377,0.5470382461912185,173,26
294,12,True,False,False,midpoint_with_inhaler,0.5685789637073377,0.5457818514627515,173,27
294,12,True,False,False,upper_bound,0.5681842827306243,0.5631934985485705,173,28
294,12,True,False,False,upper_bound_with_inhaler,0.5685789637073377,0.5615290006639246,173,29
294,12,True,False,True,one_hot,,,173,30
294,12,True,False,True,lower_bound,0.5685789637073377,0.508755095740219,173,31
294,12,True,False,True,midpoint,0.5685789637073377,0.5470382461912185,173,32
294,12,True,False,True,midpoint_with_inhaler,0.5685789637073377,0.5457818514627515,173,33
294,12,True,False,True,upper_bound,0.5681842827306243,0.5631934985485705,173,34
294,12,True,False,True,upper_bound_with_inhaler,0.5685789637073377,0.5615290006639246,173,35
294,24,False,False,False,one_hot,,,173,36
294,24,False,False,False,lower_bound,0.6281041106618211,0.6346028275584074,173,37
294,24,False,False,False,midpoint,0.6281041106618211,0.6325687240238923,173,38
294,24,False,False,False,midpoint_with_inhaler,0.6281041106618211,0.6353996266762316,173,39
294,24,False,False,False,upper_bound,0.6253170337212169,0.6135957565839831,173,40
294,24,False,False,False,upper_bound_with_inhaler,0.6281041106618211,0.6233406590613637,173,41
294,24,False,False,True,one_hot,,,173,42
294,24,False,False,True,lower_bound,0.6281041106618211,0.6346028275584074,173,43
294,24,False,False,True,midpoint,0.6281041106618211,0.6325687240238923,173,44
294,24,False,False,True,midpoint_with_inhaler,0.6281041106618211,0.6353996266762316,173,45
294,24,False,False,True,upper_bound,0.6253170337212169,0.6135957565839831,173,46
294,24,False,False,True,upper_bound_with_inhaler,0.6281041106618211,0.6233406590613637,173,47
294,24,False,True,False,one_hot,,,173,48
294,24,False,True,False,lower_bound,0.5247997336375582,0.49123144052009976,173,49
294,24,False,True,False,midpoint,0.5247997336375582,0.5164764809464202,173,50
294,24,False,True,False,midpoint_with_inhaler,0.5247997336375582,0.5164764809464202,173,51
294,24,False,True,False,upper_bound,0.5247997336375582,0.5291665702885857,173,52
294,24,False,True,False,upper_bound_with_inhaler,0.5247997336375582,0.5291665702885857,173,53
294,24,False,True,True,one_hot,,,173,54
294,24,False,True,True,lower_bound,0.5247997336375582,0.49123144052009976,173,55
294,24,False,True,True,midpoint,0.5247997336375582,0.5164764809464202,173,56
294,24,False,True,True,midpoint_with_inhaler,0.5247997336375582,0.5164764809464202,173,57
294,24,False,True,True,upper_bound,0.5247997336375582,0.5291665702885857,173,58
294,24,False,True,True,upper_bound_with_inhaler,0.5247997336375582,0.5291665702885857,173,59
294,24,True,False,False,one_hot,,,173,60
294,24,True,False,False,lower_bound,0.6281041106618211,0.6346028275584074,173,61
294,24,True,False,False,midpoint,0.6281041106618211,0.6325687240238923,173,62
294,24,True,False,False,midpoint_with_inhaler,0.6281041106618211,0.6353996266762316,173,63
294,24,True,False,False,upper_bound,0.6253170337212169,0.6135957565839831,173,64
294,24,True,False,False,upper_bound_with_inhaler,0.6281041106618211,0.6233406590613637,173,65
294,24,True,False,True,one_hot,,,173,66
294,24,True,False,True,lower_bound,0.6281041106618211,0.6346028275584074,173,67
294,24,True,False,True,midpoint,0.6281041106618211,0.6325687240238923,173,68
294,24,True,False,True,midpoint_with_inhaler,0.6281041106618211,0.6353996266762316,173,69
294,24,True,False,True,upper_bound,0.6253170337212169,0.6135957565839831,173,70
294,24,True,False,True,upper_bound_with_inhaler,0.6281041106618211,0.6233406590613637,173,71
294,36,False,False,False,one_hot,,,173,72
294,36,False,False,False,lower_bound,0.50684008946955,0.5007627685467012,173,73
294,36,False,False,False,midpoint,0.50684008946955,0.5173679729094344,173,74
294,36,False,False,False,midpoint_with_inhaler,0.50684008946955,0.5155337226664128,173,75
294,36,False,False,False,upper_bound,0.48176471397308057,0.5098487973207377,173,76
294,36,False,False,False,upper_bound_with_inhaler,0.50684008946955,0.4884269621734196,173,77
294,36,False,False,True,one_hot,,,173,78
294,36,False,False,True,lower_bound,0.50684008946955,0.5007627685467012,173,79
294,36,False,False,True,midpoint,0.50684008946955,0.5173679729094344,173,80
294,36,False,False,True,midpoint_with_inhaler,0.50684008946955,0.5155337226664128,173,81
294,36,False,False,True,upper_bound,0.48176471397308057,0.5098487973207377,173,82
294,36,False,False,True,upper_bound_with_inhaler,0.50684008946955,0.4884269621734196,173,83
294,36,True,False,False,one_hot,,,173,84
294,36,True,False,False,lower_bound,0.44036068714479853,0.43009527823393146,173,85
294,36,True,False,False,midpoint,0.44036068714479853,0.4380701862128191,173,86
294,36,True,False,False,midpoint_with_inhaler,0.44036068714479853,0.4401719816201768,173,87
294,36,True,False,False,upper_bound,0.43788792177117164,0.440477160107406,173,88
294,36,True,False,False,upper_bound_with_inhaler,0.44036068714479853,0.44744157104284926,173,89
294,36,True,False,True,one_hot,,,173,90
294,36,True,False,True,lower_bound,0.44036068714479853,0.43009527823393146,173,91
294,36,True,False,True,midpoint,0.44036068714479853,0.4380701862128191,173,92
294,36,True,False,True,midpoint_with_inhaler,0.44036068714479853,0.4401719816201768,173,93
294,36,True,False,True,upper_bound,0.43788792177117164,0.440477160107406,173,94
294,36,True,False,True,upper_bound_with_inhaler,0.44036068714479853,0.44744157104284926,173,95
294,48,False,False,False,one_hot,,,173,96
294,48,False,False,False,lower_bound,0.7352684505229314,0.7182935034525553,173,97
294,48,False,False,False,midpoint,0.7352684505229314,0.698231527753305,173,98
294,48,False,False,False,midpoint_with_inhaler,0.7352684505229314,0.7325799515591948,173,99
294,48,False,False,False,upper_bound,0.6568846743776591,0.6164047023581092,173,100
294,48,False,False,False,upper_bound_with_inhaler,0.7352684505229314,0.6982693284852624,173,101
294,48,False,False,True,one_hot,,,173,102
294,48,False,False,True,lower_bound,0.7352684505229314,0.7182935034525553,173,103
294,48,False,False,True,midpoint,0.7352684505229314,0.698231527753305,173,104
294,48,False,False,True,midpoint_with_inhaler,0.7352684505229314,0.7325799515591948,173,105
294,48,False,False,True,upper_bound,0.6568846743776591,0.6164047023581092,173,106
294,48,False,False,True,upper_bound_with_inhaler,0.7352684505229314,0.6982693284852624,173,107
294,48,False,True,False,one_hot,,,173,108
294,48,False,True,False,lower_bound,0.28680319518926684,0.29826145259438386,173,109
294,48,False,True,False,midpoint,0.28680319518926684,0.29786391872579576,173,110
294,48,False,True,False,midpoint_with_inhaler,0.28680319518926684,0.29786391872579576,173,111
294,48,False,True,False,upper_bound,0.28680319518926684,0.292280607494106,173,112
294,48,False,True,False,upper_bound_with_inhaler,0.28680319518926684,0.292280607494106,173,113
294,48,False,True,True,one_hot,,,173,114
294,48,False,True,True,lower_bound,0.28680319518926684,0.29826145259438386,173,115
294,48,False,True,True,midpoint,0.28680319518926684,0.29786391872579576,173,116
294,48,False,True,True,midpoint_with_inhaler,0.28680319518926684,0.29786391872579576,173,117
294,48,False,True,True,upper_bound,0.28680319518926684,0.292280607494106,173,118
294,48,False,True,True,upper_bound_with_inhaler,0.28680319518926684,0.292280607494106,173,119
294,48,True,False,False,one_hot,,,173,120
294,48,True,False,False,lower_bound,0.40010108264477146,0.3553765303392701,173,121
294,48,True,False,False,midpoint,0.40010108264477146,0.3857083433109542,173,122
294,48,True,False,False,midpoint_with_inhaler,0.40010108264477146,0.38384434499566744,173,123
294,48,True,False,False,upper_bound,0.3985582874361783,0.3957679302568841,173,124
294,48,True,False,False,upper_bound_with_inhaler,0.40010108264477146,0.3968455459062122,173,125
294,48,True,False,True,one_hot,,,173,126
294,48,True,False,True,lower_bound,0.40010108264477146,0.3553765303392701,173,127
294,48,True,False,True,midpoint,0.40010108264477146,0.3857083433109542,173,128
294,48,True,False,True,midpoint_with_inhaler,0.40010108264477146,0.38384434499566744,173,129
294,48,True,False,True,upper_bound,0.3985582874361783,0.3957679302568841,173,130
294,48,True,False,True,upper_bound_with_inhaler,0.40010108264477146,0.3968455459062122,173,131
328,12,False,False,False,one_hot,0.3155801787685052,0.3155801787685052,17,0
328,12,False,False,False,lower_bound,0.2580680445335959,0.05610664763324886,17,1
328,12,False,False,False,midpoint,0.2580680445335959,0.07818488214664564,17,2
328,12,False,False,False,midpoint_with_inhaler,0.2580680445335959,0.07818488214664564,17,3
328,12,False,False,False,upper_bound,0.2580680445335959,0.09154194364805598,17,4
328,12,False,False,False,upper_bound_with_inhaler,0.2580680445335959,0.09154194364805598,17,5
328,12,False,False,True,one_hot,0.3155801787685052,0.3155801787685052,17,6
328,12,False,False,True,lower_bound,0.2580680445335959,0.05610664763324886,17,7
328,12,False,False,True,midpoint,0.2580680445335959,0.07818488214664564,17,8
328,12,False,False,True,midpoint_with_inhaler,0.2580680445335959,0.07818488214664564,17,9
328,12,False,False,True,upper_bound,0.2580680445335959,0.09154194364805598,17,10
328,12,False,False,True,upper_bound_with_inhaler,0.2580680445335959,0.09154194364805598,17,11
328,12,False,True,False,one_hot,0.2765186331416562,0.27651863314165614,17,12
328,12,False,True,False,lower_bound,0.21784802012063625,0.03798457769888642,17,13
328,12,False,True,False,midpoint,0.21784802012063625,0.05786730990049289,17,14
328,12,False,True,False,midpoint_with_inhaler,0.21784802012063625,0.05786730990049289,17,15
328,12,False,True,False,upper_bound,0.21784802012063625,0.06995692902927211,17,16
328,12,False,True,False,upper_bound_with_inhaler,0.21784802012063625,0.06995692902927211,17,17
328,12,False,True,True,one_hot,0.2765186331416562,0.27651863314165614,17,18
328,12,False,True,True,lower_bound,0.21784802012063625,0.03798457769888642,17,19
328,12,False,True,True,midpoint,0.21784802012063625,0.05786730990049289,17,20
328,12,False,True,True,midpoint_with_inhaler,0.21784802012063625,0.05786730990049289,17,21
328,12,False,True,True,upper_bound,0.21784802012063625,0.06995692902927211,17,22
328,12,False,True,True,upper_bound_with_inhaler,0.21784802012063625,0.06995692902927211,17,23
328,12,True,False,False,one_hot,0.2053880046330666,0.2053880046330666,17,24
328,12,True,False,False,lower_bound,0.0881827627174145,-0.036349622043733265,17,25
328,12,True,False,False,midpoint,0.0881827627174145,-0.014378693928357729,17,26
328,12,True,False,False,midpoint_with_inhaler,0.0881827627174145,-0.014378693928357729,17,27
328,12,True,False,False,upper_bound,0.0881827627174145,3.469446951953614e-18,17,28
328,12,True,False,False,upper_bound_with_inhaler,0.0881827627174145,3.469446951953614e-18,17,29
328,12,True,False,True,one_hot,0.2053880046330666,0.2053880046330666,17,30
328,12,True,False,True,lower_bound,0.0881827627174145,-0.036349622043733265,17,31
328,12,True,False,True,midpoint,0.0881827627174145,-0.014378693928357729,17,32
328,12,True,False,True,midpoint_with_inhaler,0.0881827627174145,-0.014378693928357729,17,33
328,12,True,False,True,upper_bound,0.0881827627174145,3.469446951953614e-18,17,34
328,12,True,False,True,upper_bound_with_inhaler,0.0881827627174145,3.469446951953614e-18,17,35
328,24,False,False,False,one_hot,0.2053880046330666,0.2053880046330666,17,36
328,24,False,False,False,lower_bound,0.1409816090245673,-6.938893903907228e-18,17,37
328,24,False,False,False,midpoint,0.1409816090245673,0.015202496684727045,17,38
328,24,False,False,False,midpoint_with_inhaler,0.1409816090245673,0.015202496684727045,17,39
328,24,False,False,False,upper_bound,0.1409816090245673,0.024623273398731518,17,40
328,24,False,False,False,upper_bound_with_inhaler,0.1409816090245673,0.024623273398731518,17,41
328,24,False,False,True,one_hot,0.2053880046330666,0.2053880046330666,17,42
328,24,False,False,True,lower_bound,0.1409816090245673,-6.938893903907228e-18,17,43
328,24,False,False,True,midpoint,0.1409816090245673,0.015202496684727045,17,44
328,24,False,False,True,midpoint_with_inhaler,0.1409816090245673,0.015202496684727045,17,45
328,24,False,False,True,upper_bound,0.1409816090245673,0.024623273398731518,17,46
328,24,False,False,True,upper_bound_with_inhaler,0.1409816090245673,0.024623273398731518,17,47
328,24,False,True,False,one_hot,-0.11284318271571438,-0.11284318271571438,17,48
328,24,False,True,False,lower_bound,-0.11284318271571438,-0.11284318271571438,17,49
328,24,False,True,False,midpoint,-0.11284318271571438,-0.11284318271571438,17,50
328,24,False,True,False,midpoint_with_inhaler,-0.11284318271571438,-0.11284318271571438,17,51
328,24,False,True,False,upper_bound,-0.11284318271571438,-0.11284318271571438,17,52
328,24,False,True,False,upper_bound_with_inhaler,-0.11284318271571438,-0.11284318271571438,17,53
328,24,False,True,True,one_hot,-0.11284318271571438,-0.11284318271571438,17,54
328,24,False,True,True,lower_bound,-0.11284318271571438,-0.11284318271571438,17,55
328,24,False,True,True,midpoint,-0.11284318271571438,-0.11284318271571438,17,56
328,24,False,True,True,midpoint_with_inhaler,-0.11284318271571438,-0.11284318271571438,17,57
328,24,False,True,True,upper_bound,-0.11284318271571438,-0.11284318271571438,17,58
328,24,False,True,True,upper_bound_with_inhaler,-0.11284318271571438,-0.11284318271571438,17,59
328,24,True,False,False,one_hot,0.2053880046330666,0.2053880046330666,17,60
328,24,True,False,False,lower_bound,0.1409816090245673,-6.938893903907228e-18,17,61
328,24,True,False,False,midpoint,0.1409816090245673,0.015202496684727045,17,62
328,24,True,False,False,midpoint_with_inhaler,0.1409816090245673,0.015202496684727045,17,63
328,24,True,False,False,upper_bound,0.1409816090245673,0.024623273398731518,17,64
328,24,True,False,False,upper_bound_with_inhaler,0.1409816090245673,0.024623273398731518,17,65
328,24,True,False,True,one_hot,0.2053880046330666,0.2053880046330666,17,66
328,24,True,False,True,lower_bound,0.1409816090245673,-6.938893903907228e-18,17,67
328,24,True,False,True,midpoint,0.1409816090245673,0.015202496684727045,17,68
328,24,True,False,True,midpoint_with_inhaler,0.1409816090245673,0.015202496684727045,17,69
328,24,True,False,True,upper_bound,0.1409816090245673,0.024623273398731518,17,70
328,24,True,False,True,upper_bound_with_inhaler,0.1409816090245673,0.024623273398731518,17,71
328,36,False,False,False,one_hot,0.17066884146429792,0.17066884146429792,17,72
328,36,False,False,False,lower_bound,0.0,-0.0878638220371333,17,73
328,36,False,False,False,midpoint,0.0,-0.06426771903896424,17,74
328,36,False,False,False,midpoint_with_inhaler,0.0,-0.06426771903896424,17,75
328,36,False,False,False,upper_bound,0.0,-0.04777731174310719,17,76
328,36,False,False,False,upper_bound_with_inhaler,0.0,-0.04777731174310719,17,77
328,36,False,False,True,one_hot,0.17066884146429792,0.17066884146429792,17,78
328,36,False,False,True,lower_bound,0.0,-0.0878638220371333,17,79
328,36,False,False,True,midpoint,0.0,-0.06426771903896424,17,80
328,36,False,False,True,midpoint_with_inhaler,0.0,-0.06426771903896424,17,81
328,36,False,False,True,upper_bound,0.0,-0.04777731174310719,17,82
328,36,False,False,True,upper_bound_with_inhaler,0.0,-0.04777731174310719,17,83
328,36,True,False,False,one_hot,0.2053880046330666,0.2053880046330666,17,84
328,36,True,False,False,lower_bound,0.2053880046330666,0.2053880046330666,17,85
328,36,True,False,False,midpoint,0.2053880046330666,0.2053880046330666,17,86
328,36,True,False,False,midpoint_with_inhaler,0.2053880046330666,0.2053880046330666,17,87
328,36,True,False,False,upper_bound,0.2053880046330666,0.2053880046330666,17,88
328,36,True,False,False,upper_bound_with_inhaler,0.2053880046330666,0.2053880046330666,17,89
328,36,True,False,True,one_hot,0.2053880046330666,0.2053880046330666,17,90
328,36,True,False,True,lower_bound,0.2053880046330666,0.2053880046330666,17,91
328,36,True,False,True,midpoint,0.2053880046330666,0.2053880046330666,17,92
328,36,True,False,True,midpoint_with_inhaler,0.2053880046330666,0.2053880046330666,17,93
328,36,True,False,True,upper_bound,0.2053880046330666,0.2053880046330666,17,94
328,36,True,False,True,upper_bound_with_inhaler,0.2053880046330666,0.2053880046330666,17,95
328,48,False,False,False,one_hot,,,17,96
328,48,False,False,False,lower_bound,-0.23663058816945165,-0.22111911688398775,17,97
328,48,False,False,False,midpoint,-0.23663058816945165,-0.20984464627448457,17,98
328,48,False,False,False,midpoint_with_inhaler,-0.23663058816945165,-0.20984464627448457,17,99
328,48,False,False,False,upper_bound,-0.23663058816945165,-0.20045665114240704,17,100
328,48,False,False,False,upper_bound_with_inhaler,-0.23663058816945165,-0.20045665114240704,17,101
328,48,False,False,True,one_hot,,,17,102
328,48,False,False,True,lower_bound,-0.23663058816945165,-0.22111911688398775,17,103
328,48,False,False,True,midpoint,-0.23663058816945165,-0.20984464627448457,17,104
328,48,False,False,True,midpoint_with_inhaler,-0.23663058816945165,-0.20984464627448457,17,105
328,48,False,False,True,upper_bound,-0.23663058816945165,-0.20045665114240704,17,106
328,48,False,False,True,upper_bound_with_inhaler,-0.23663058816945165,-0.20045665114240704,17,107
328,48,False,True,False,one_hot,-0.06555913024741908,-0.06555913024741908,17,108
328,48,False,True,False,lower_bound,-0.08436210710848271,-0.10075019258612447,17,109
328,48,False,True,False,midpoint,-0.08436210710848271,-0.09589509148890545,17,110
328,48,False,True,False,midpoint_with_inhaler,-0.08436210710848271,-0.09589509148890545,17,111
328,48,False,True,False,upper_bound,-0.08436210710848271,-0.09154194364805601,17,112
328,48,False,True,False,upper_bound_with_inhaler,-0.08436210710848271,-0.09154194364805601,17,113
328,48,False,True,True,one_hot,-0.06555913024741908,-0.06555913024741908,17,114
328,48,False,True,True,lower_bound,-0.08436210710848271,-0.10075019258612447,17,115
328,48,False,True,True,midpoint,-0.08436210710848271,-0.09589509148890545,17,116
328,48,False,True,True,midpoint_with_inhaler,-0.08436210710848271,-0.09589509148890545,17,117
328,48,False,True,True,upper_bound,-0.08436210710848271,-0.09154194364805601,17,118
328,48,False,True,True,upper_bound_with_inhaler,-0.08436210710848271,-0.09154194364805601,17,119
328,48,True,False,False,one_hot,0.2053880046330666,0.2053880046330666,17,120
328,48,True,False,False,lower_bound,0.1409816090245673,0.06364998906580174,17,121
328,48,True,False,False,midpoint,0.1409816090245673,0.10236836385334501,17,122
328,48,True,False,False,midpoint_with_inhaler,0.1409816090245673,0.10236836385334501,17,123
328,48,True,False,False,upper_bound,0.1409816090245673,0.12632385771008747,17,124
328,48,True,False,False,upper_bound_with_inhaler,0.1409816090245673,0.12632385771008747,17,125
328,48,True,False,True,one_hot,0.2053880046330666,0.2053880046330666,17,126
328,48,True,False,True,lower_bound,0.1409816090245673,0.06364998906580174,17,127
328,48,True,False,True,midpoint,0.1409816090245673,0.10236836385334501,17,128
328,48,True,False,True,midpoint_with_inhaler,0.1409816090245673,0.10236836385334501,17,129
328,48,True,False,True,upper_bound,0.1409816090245673,0.12632385771008747,17,130
328,48,True,False,True,upper_bound_with_inhaler,0.1409816090245673,0.12632385771008747,17,131
343,12,False,False,False,one_hot,0.4134332930774595,0.4134332930774595,93,0
343,12,False,False,False,lower_bound,0.4046379810088691,0.30110128719473495,93,1
343,12,False,False,False,midpoint,0.4046379810088691,0.3397404980404206,93,2
343,12,False,False,False,midpoint_with_inhaler,0.4046379810088691,0.3397404980404206,93,3
343,12,False,False,False,upper_bound,0.4046379810088691,0.3594740538462681,93,4
343,12,False,False,False,upper_bound_with_inhaler,0.4046379810088691,0.3594740538462681,93,5
343,12,False,False,True,one_hot,0.4134332930774595,0.4134332930774595,93,6
343,12,False,False,True,lower_bound,0.4046379810088691,0.30110128719473495,93,7
343,12,False,False,True,midpoint,0.4046379810088691,0.3397404980404206,93,8
343,12,False,False,True,midpoint_with_inhaler,0.4046379810088691,0.3397404980404206,93,9
343,12,False,False,True,upper_bound,0.4046379810088691,0.3594740538462681,93,10
343,12,False,False,True,upper_bound_with_inhaler,0.4046379810088691,0.3594740538462681,93,11
343,12,False,True,False,one_hot,0.6326802942706903,0.6326802942706903,93,12
343,12,False,True,False,lower_bound,0.6326802942706903,0.6326802942706903,93,13
343,12,False,True,False,midpoint,0.6326802942706903,0.6326802942706903,93,14
343,12,False,True,False,midpoint_with_inhaler,0.6326802942706903,0.6326802942706903,93,15
343,12,False,True,False,upper_bound,0.6326802942706903,0.6326802942706903,93,16
343,12,False,True,False,upper_bound_with_inhaler,0.6326802942706903,0.6326802942706903,93,17
343,12,False,True,True,one_hot,0.6326802942706903,0.6326802942706903,93,18
343,12,False,True,True,lower_bound,0.6326802942706903,0.6326802942706903,93,19
343,12,False,True,True,midpoint,0.6326802942706903,0.6326802942706903,93,20
343,12,False,True,True,midpoint_with_inhaler,0.6326802942706903,0.6326802942706903,93,21
343,12,False,True,True,upper_bound,0.6326802942706903,0.6326802942706903,93,22
343,12,False,True,True,upper_bound_with_inhaler,0.6326802942706903,0.6326802942706903,93,23
343,12,True,False,False,one_hot,0.5254589079679458,0.525458907967946,93,24
343,12,True,False,False,lower_bound,0.5254589079679458,0.525458907967946,93,25
343,12,True,False,False,midpoint,0.5254589079679458,0.5254589079679458,93,26
343,12,True,False,False,midpoint_with_inhaler,0.5254589079679458,0.5254589079679458,93,27
343,12,True,False,False,upper_bound,0.5254589079679458,0.525458907967946,93,28
343,12,True,False,False,upper_bound_with_inhaler,0.5254589079679458,0.525458907967946,93,29
343,12,True,False,True,one_hot,0.5254589079679458,0.525458907967946,93,30
343,12,True,False,True,lower_bound,0.5254589079679458,0.525458907967946,93,31
343,12,True,False,True,midpoint,0.5254589079679458,0.5254589079679458,93,32
343,12,True,False,True,midpoint_with_inhaler,0.5254589079679458,0.5254589079679458,93,33
343,12,True,False,True,upper_bound,0.5254589079679458,0.525458907967946,93,34
343,12,True,False,True,upper_bound_with_inhaler,0.5254589079679458,0.525458907967946,93,35
343,24,False,False,False,one_hot,0.3311148006519953,0.3311148006519954,93,36
343,24,False,False,False,lower_bound,0.3412624739629585,0.3642819554986831,93,37
343,24,False,False,False,midpoint,0.3412624739629585,0.3603643202740475,93,38
343,24,False,False,False,midpoint_with_inhaler,0.3412624739629585,0.3603643202740475,93,39
343,24,False,False,False,upper_bound,0.3412624739629585,0.3559900677694591,93,40
343,24,False,False,False,upper_bound_with_inhaler,0.3412624739629585,0.3559900677694591,93,41
343,24,False,False,True,one_hot,0.3311148006519953,0.3311148006519954,93,42
343,24,False,False,True,lower_bound,0.3412624739629585,0.3642819554986831,93,43
343,24,False,False,True,midpoint,0.3412624739629585,0.3603643202740475,93,44
343,24,False,False,True,midpoint_with_inhaler,0.3412624739629585,0.3603643202740475,93,45
343,24,False,False,True,upper_bound,0.3412624739629585,0.3559900677694591,93,46
343,24,False,False,True,upper_bound_with_inhaler,0.3412624739629585,0.3559900677694591,93,47
343,24,False,True,False,one_hot,0.0896968141943296,0.08969681419432965,93,48
343,24,False,True,False,lower_bound,0.0896968141943296,0.08969681419432965,93,49
343,24,False,True,False,midpoint,0.0896968141943296,0.0896968141943296,93,50
343,24,False,True,False,midpoint_with_inhaler,0.0896968141943296,0.0896968141943296,93,51
343,24,False,True,False,upper_bound,0.0896968141943296,0.08969681419432965,93,52
343,24,False,True,False,upper_bound_with_inhaler,0.0896968141943296,0.08969681419432965,93,53
343,24,False,True,True,one_hot,0.0896968141943296,0.08969681419432965,93,54
343,24,False,True,True,lower_bound,0.0896968141943296,0.08969681419432965,93,55
343,24,False,True,True,midpoint,0.0896968141943296,0.0896968141943296,93,56
343,24,False,True,True,midpoint_with_inhaler,0.0896968141943296,0.0896968141943296,93,57
343,24,False,True,True,upper_bound,0.0896968141943296,0.08969681419432965,93,58
343,24,False,True,True,upper_bound_with_inhaler,0.0896968141943296,0.08969681419432965,93,59
343,24,True,False,False,one_hot,0.3311148006519953,0.3311148006519954,93,60
343,24,True,False,False,lower_bound,0.3412624739629585,0.3642819554986831,93,61
343,24,True,False,False,midpoint,0.3412624739629585,0.3603643202740475,93,62
343,24,True,False,False,midpoint_with_inhaler,0.3412624739629585,0.3603643202740475,93,63
343,24,True,False,False,upper_bound,0.3412624739629585,0.3559900677694591,93,64
343,24,True,False,False,upper_bound_with_inhaler,0.3412624739629585,0.3559900677694591,93,65
343,24,True,False,True,one_hot,0.3311148006519953,0.3311148006519954,93,66
343,24,True,False,True,lower_bound,0.3412624739629585,0.3642819554986831,93,67
343,24,True,False,True,midpoint,0.3412624739629585,0.3603643202740475,93,68
343,24,True,False,True,midpoint_with_inhaler,0.3412624739629585,0.3603643202740475,93,69
343,24,True,False,True,upper_bound,0.3412624739629585,0.3559900677694591,93,70
343,24,True,False,True,upper_bound_with_inhaler,0.3412624739629585,0.3559900677694591,93,71
343,36,False,False,False,one_hot,0.20945065803215934,0.20945065803215934,93,72
343,36,False,False,False,lower_bound,0.21484376440067213,0.21190342562970382,93,73
343,36,False,False,False,midpoint,0.21484376440067213,0.21649129614447707,93,74
343,36,False,False,False,midpoint_with_inhaler,0.21484376440067213,0.21649129614447707,93,75
343,36,False,False,False,upper_bound,0.21484376440067213,0.2172481513201851,93,76
343,36,False,False,False,upper_bound_with_inhaler,0.21484376440067213,0.2172481513201851,93,77
343,36,False,False,True,one_hot,0.20945065803215934,0.20945065803215934,93,78
343,36,False,False,True,lower_bound,0.21484376440067213,0.21190342562970382,93,79
343,36,False,False,True,midpoint,0.21484376440067213,0.21649129614447707,93,80
343,36,False,False,True,midpoint_with_inhaler,0.21484376440067213,0.21649129614447707,93,81
343,36,False,False,True,upper_bound,0.21484376440067213,0.2172481513201851,93,82
343,36,False,False,True,upper_bound_with_inhaler,0.21484376440067213,0.2172481513201851,93,83
343,36,True,False,False,one_hot,0.06233592056941166,0.062335920569411646,93,84
343,36,True,False,False,lower_bound,0.06233592056941166,0.062335920569411646,93,85
343,36,True,False,False,midpoint,0.06233592056941166,0.062335920569411646,93,86
343,36,True,False,False,midpoint_with_inhaler,0.06233592056941166,0.062335920569411646,93,87
343,36,True,False,False,upper_bound,0.06233592056941166,0.062335920569411646,93,88
343,36,True,False,False,upper_bound_with_inhaler,0.06233592056941166,0.062335920569411646,93,89
343,36,True,False,True,one_hot,0.06233592056941166,0.062335920569411646,93,90
343,36,True,False,True,lower_bound,0.06233592056941166,0.062335920569411646,93,91
343,36,True,False,True,midpoint,0.06233592056941166,0.062335920569411646,93,92
343,36,True,False,True,midpoint_with_inhaler,0.06233592056941166,0.062335920569411646,93,93
343,36,True,False,True,upper_bound,0.06233592056941166,0.062335920569411646,93,94
343,36,True,False,True,upper_bound_with_inhaler,0.06233592056941166,0.062335920569411646,93,95
343,48,False,False,False,one_hot,0.2149765327164126,0.21497653271641265,93,96
343,48,False,False,False,lower_bound,0.2225371328517359,0.22012497701434916,93,97
343,48,False,False,False,midpoint,0.2225371328517359,0.2243174353504485,93,98
343,48,False,False,False,midpoint_with_inhaler,0.2225371328517359,0.2243174353504485,93,99
343,48,False,False,False,upper_bound,0.2225371328517359,0.22467056235998173,93,100
343,48,False,False,False,upper_bound_with_inhaler,0.2225371328517359,0.22467056235998173,93,101
343,48,False,False,True,one_hot,0.2149765327164126,0.21497653271641265,93,102
343,48,False,False,True,lower_bound,0.2225371328517359,0.22012497701434916,93,103
343,48,False,False,True,midpoint,0.2225371328517359,0.2243174353504485,93,104
343,48,False,False,True,midpoint_with_inhaler,0.2225371328517359,0.2243174353504485,93,105
343,48,False,False,True,upper_bound,0.2225371328517359,0.22467056235998173,93,106
343,48,False,False,True,upper_bound_with_inhaler,0.2225371328517359,0.22467056235998173,93,107
343,48,False,True,False,one_hot,-0.005238115430547301,-0.005238115430547331,93,108
343,48,False,True,False,lower_bound,-0.005238115430547301,-0.005238115430547331,93,109
343,48,False,True,False,midpoint,-0.005238115430547301,-0.005238115430547352,93,110
343,48,False,True,False,midpoint_with_inhaler,-0.005238115430547301,-0.005238115430547352,93,111
343,48,False,True,False,upper_bound,-0.005238115430547301,-0.005238115430547331,93,112
343,48,False,True,False,upper_bound_with_inhaler,-0.005238115430547301,-0.005238115430547331,93,113
343,48,False,True,True,one_hot,-0.005238115430547301,-0.005238115430547331,93,114
343,48,False,True,True,lower_bound,-0.005238115430547301,-0.005238115430547331,93,115
343,48,False,True,True,midpoint,-0.005238115430547301,-0.005238115430547352,93,116
343,48,False,True,True,midpoint_with_inhaler,-0.005238115430547301,-0.005238115430547352,93,117
343,48,False,True,True,upper_bound,-0.005238115430547301,-0.005238115430547331,93,118
343,48,False,True,True,upper_bound_with_inhaler,-0.005238115430547301,-0.005238115430547331,93,119
343,48,True,False,False,one_hot,-0.01789331606844806,-0.017893316068448028,93,120
343,48,True,False,False,lower_bound,-0.02187805978043072,-0.03768603716315984,93,121
343,48,True,False,False,midpoint,-0.02187805978043072,-0.032187683599015304,93,122
343,48,True,False,False,midpoint_with_inhaler,-0.02187805978043072,-0.032187683599015304,93,123
343,48,True,False,False,upper_bound,-0.02187805978043072,-0.029010373136233742,93,124
343,48,True,False,False,upper_bound_with_inhaler,-0.02187805978043072,-0.029010373136233742,93,125
343,48,True,False,True,one_hot,-0.01789331606844806,-0.017893316068448028,93,126
343,48,True,False,True,lower_bound,-0.02187805978043072,-0.03768603716315984,93,127
343,48,True,False,True,midpoint,-0.02187805978043072,-0.032187683599015304,93,128
343,48,True,False,True,midpoint_with_inhaler,-0.02187805978043072,-0.032187683599015304,93,129
343,48,True,False,True,upper_bound,-0.02187805978043072,-0.029010373136233742,93,130
343,48,True,False,True,upper_bound_with_inhaler,-0.02187805978043072,-0.029010373136233742,93,131
398,12,False,False,False,one_hot,0.4264003414857713,0.4264003414857713,25,0
398,12,False,False,False,lower_bound,0.4264003414857713,0.4264003414857713,25,1
398,12,False,False,False,midpoint,0.4264003414857713,0.4264003414857711,25,2
398,12,False,False,False,midpoint_with_inhaler,0.4264003414857713,0.4264003414857711,25,3
398,12,False,False,False,upper_bound,0.4264003414857713,0.4264003414857713,25,4
398,12,False,False,False,upper_bound_with_inhaler,0.4264003414857713,0.4264003414857713,25,5
398,12,False,False,True,one_hot,0.4264003414857713,0.4264003414857713,25,6
398,12,False,False,True,lower_bound,0.4264003414857713,0.4264003414857713,25,7
398,12,False,False,True,midpoint,0.4264003414857713,0.4264003414857711,25,8
398,12,False,False,True,midpoint_with_inhaler,0.4264003414857713,0.4264003414857711,25,9
398,12,False,False,True,upper_bound,0.4264003414857713,0.4264003414857713,25,10
398,12,False,False,True,upper_bound_with_inhaler,0.4264003414857713,0.4264003414857713,25,11
398,12,False,True,False,one_hot,-0.05280251446166793,-0.05280251446166787,25,12
398,12,False,True,False,lower_bound,-0.05280251446166793,-0.05280251446166787,25,13
398,12,False,True,False,midpoint,-0.05280251446166793,-0.05280251446166787,25,14
398,12,False,True,False,midpoint_with_inhaler,-0.05280251446166793,-0.05280251446166787,25,15
398,12,False,True,False,upper_bound,-0.05280251446166793,-0.05280251446166787,25,16
398,12,False,True,False,upper_bound_with_inhaler,-0.05280251446166793,-0.05280251446166787,25,17
398,12,False,True,True,one_hot,-0.05280251446166793,-0.05280251446166787,25,18
398,12,False,True,True,lower_bound,-0.05280251446166793,-0.05280251446166787,25,19
398,12,False,True,True,midpoint,-0.05280251446166793,-0.05280251446166787,25,20
398,12,False,True,True,midpoint_with_inhaler,-0.05280251446166793,-0.05280251446166787,25,21
398,12,False,True,True,upper_bound,-0.05280251446166793,-0.05280251446166787,25,22
398,12,False,True,True,upper_bound_with_inhaler,-0.05280251446166793,-0.05280251446166787,25,23
398,12,True,False,False,one_hot,0.5964553654965247,0.5964553654965243,25,24
398,12,True,False,False,lower_bound,0.5964553654965247,0.5964553654965243,25,25
398,12,True,False,False,midpoint,0.5964553654965247,0.5964553654965247,25,26
398,12,True,False,False,midpoint_with_inhaler,0.5964553654965247,0.5964553654965247,25,27
398,12,True,False,False,upper_bound,0.5964553654965247,0.5964553654965243,25,28
398,12,True,False,False,upper_bound_with_inhaler,0.5964553654965247,0.5964553654965243,25,29
398,12,True,False,True,one_hot,0.5964553654965247,0.5964553654965243,25,30
398,12,True,False,True,lower_bound,0.5964553654965247,0.5964553654965243,25,31
398,12,True,False,True,midpoint,0.5964553654965247,0.5964553654965247,25,32
398,12,True,False,True,midpoint_with_inhaler,0.5964553654965247,0.5964553654965247,25,33
398,12,True,False,True,upper_bound,0.5964553654965247,0.5964553654965243,25,34
398,12,True,False,True,upper_bound_with_inhaler,0.5964553654965247,0.5964553654965243,25,35
398,24,False,False,False,one_hot,0.2036923847888908,0.20369238478889082,25,36
398,24,False,False,False,lower_bound,0.2036923847888908,0.20369238478889082,25,37
398,24,False,False,False,midpoint,0.2036923847888908,0.20369238478889082,25,38
398,24,False,False,False,midpoint_with_inhaler,0.2036923847888908,0.20369238478889082,25,39
398,24,False,False,False,upper_bound,0.2036923847888908,0.20369238478889082,25,40
398,24,False,False,False,upper_bound_with_inhaler,0.2036923847888908,0.20369238478889082,25,41
398,24,False,False,True,one_hot,0.2036923847888908,0.20369238478889082,25,42
398,24,False,False,True,lower_bound,0.2036923847888908,0.20369238478889082,25,43
398,24,False,False,True,midpoint,0.2036923847888908,0.20369238478889082,25,44
398,24,False,False,True,midpoint_with_inhaler,0.2036923847888908,0.20369238478889082,25,45
398,24,False,False,True,upper_bound,0.2036923847888908,0.20369238478889082,25,46
398,24,False,False,True,upper_bound_with_inhaler,0.2036923847888908,0.20369238478889082,25,47
398,24,False,True,False,one_hot,0.13443467391583058,0.13443467391583067,25,48
398,24,False,True,False,lower_bound,0.13443467391583058,0.13443467391583067,25,49
398,24,False,True,False,midpoint,0.13443467391583058,0.13443467391583064,25,50
398,24,False,True,False,midpoint_with_inhaler,0.13443467391583058,0.13443467391583064,25,51
398,24,False,True,False,upper_bound,0.13443467391583058,0.13443467391583067,25,52
398,24,False,True,False,upper_bound_with_inhaler,0.13443467391583058,0.13443467391583067,25,53
398,24,False,True,True,one_hot,0.13443467391583058,0.13443467391583067,25,54
398,24,False,True,True,lower_bound,0.13443467391583058,0.13443467391583067,25,55
398,24,False,True,True,midpoint,0.13443467391583058,0.13443467391583064,25,56
398,24,False,True,True,midpoint_with_inhaler,0.13443467391583058,0.13443467391583064,25,57
398,24,False,True,True,upper_bound,0.13443467391583058,0.13443467391583067,25,58
398,24,False,True,True,upper_bound_with_inhaler,0.13443467391583058,0.13443467391583067,25,59
398,24,True,False,False,one_hot,0.2036923847888908,0.20369238478889082,25,60
398,24,True,False,False,lower_bound,0.2036923847888908,0.20369238478889082,25,61
398,24,True,False,False,midpoint,0.2036923847888908,0.20369238478889082,25,62
398,24,True,False,False,midpoint_with_inhaler,0.2036923847888908,0.20369238478889082,25,63
398,24,True,False,False,upper_bound,0.2036923847888908,0.20369238478889082,25,64
398,24,True,False,False,upper_bound_with_inhaler,0.2036923847888908,0.20369238478889082,25,65
398,24,True,False,True,one_hot,0.2036923847888908,0.20369238478889082,25,66
398,24,True,False,True,lower_bound,0.2036923847888908,0.20369238478889082,25,67
398,24,True,False,True,midpoint,0.2036923847888908,0.20369238478889082,25,68
398,24,True,False,True,midpoint_with_inhaler,0.2036923847888908,0.20369238478889082,25,69
398,24,True,False,True,upper_bound,0.2036923847888908,0.20369238478889082,25,70
398,24,True,False,True,upper_bound_with_inhaler,0.2036923847888908,0.20369238478889082,25,71
398,36,False,False,False,one_hot,0.3398313641010903,0.3398313641010903,25,72
398,36,False,False,False,lower_bound,0.28954728967223203,0.18600839106664524,25,73
398,36,False,False,False,midpoint,0.28954728967223203,0.23475002062769576,25,74
398,36,False,False,False,midpoint_with_inhaler,0.28954728967223203,0.23475002062769576,25,75
398,36,False,False,False,upper_bound,0.28954728967223203,0.2618319230608588,25,76
398,36,False,False,False,upper_bound_with_inhaler,0.28954728967223203,0.2618319230608588,25,77
398,36,False,False,True,one_hot,0.3398313641010903,0.3398313641010903,25,78
398,36,False,False,True,lower_bound,0.28954728967223203,0.18600839106664524,25,79
398,36,False,False,True,midpoint,0.28954728967223203,0.23475002062769576,25,80
398,36,False,False,True,midpoint_with_inhaler,0.28954728967223203,0.23475002062769576,25,81
398,36,False,False,True,upper_bound,0.28954728967223203,0.2618319230608588,25,82
398,36,False,False,True,upper_bound_with_inhaler,0.28954728967223203,0.2618319230608588,25,83
398,36,True,False,False,one_hot,0.1686332463084481,0.1686332463084481,25,84
398,36,True,False,False,lower_bound,0.13834016394833087,0.0701116477722841,25,85
398,36,True,False,False,midpoint,0.13834016394833087,0.09951742853082003,25,86
398,36,True,False,False,midpoint_with_inhaler,0.13834016394833087,0.09951742853082003,25,87
398,36,True,False,False,upper_bound,0.13834016394833087,0.1162483448627708,25,88
398,36,True,False,False,upper_bound_with_inhaler,0.13834016394833087,0.1162483448627708,25,89
398,36,True,False,True,one_hot,0.1686332463084481,0.1686332463084481,25,90
398,36,True,False,True,lower_bound,0.13834016394833087,0.0701116477722841,25,91
398,36,True,False,True,midpoint,0.13834016394833087,0.09951742853082003,25,92
398,36,True,False,True,midpoint_with_inhaler,0.13834016394833087,0.09951742853082003,25,93
398,36,True,False,True,upper_bound,0.13834016394833087,0.1162483448627708,25,94
398,36,True,False,True,upper_bound_with_inhaler,0.13834016394833087,0.1162483448627708,25,95
398,48,False,False,False,one_hot,0.12941558374932532,0.12941558374932532,25,96
398,48,False,False,False,lower_bound,-0.043411299592084215,-0.0958149507787667,25,97
398,48,False,False,False,midpoint,-0.043411299592084215,-0.06527336584830604,25,98
398,48,False,False,False,midpoint_with_inhaler,-0.043411299592084215,-0.06527336584830604,25,99
398,48,False,False,False,upper_bound,-0.043411299592084215,-0.03921317674627101,25,100
398,48,False,False,False,upper_bound_with_inhaler,-0.043411299592084215,-0.03921317674627101,25,101
398,48,False,False,True,one_hot,0.12941558374932532,0.12941558374932532,25,102
398,48,False,False,True,lower_bound,-0.043411299592084215,-0.0958149507787667,25,103
398,48,False,False,True,midpoint,-0.043411299592084215,-0.06527336584830604,25,104
398,48,False,False,True,midpoint_with_inhaler,-0.043411299592084215,-0.06527336584830604,25,105
398,48,False,False,True,upper_bound,-0.043411299592084215,-0.03921317674627101,25,106
398,48,False,False,True,upper_bound_with_inhaler,-0.043411299592084215,-0.03921317674627101,25,107
398,48,False,True,False,one_hot,0.6653523815776727,0.6653523815776727,25,108
398,48,False,True,False,lower_bound,0.6043952861965396,0.36594335393708005,25,109
398,48,False,True,False,midpoint,0.6043952861965396,0.4509581732332307,25,110
398,48,False,True,False,midpoint_with_inhaler,0.6043952861965396,0.4509581732332307,25,111
398,48,False,True,False,upper_bound,0.6043952861965396,0.5010086652249317,25,112
398,48,False,True,False,upper_bound_with_inhaler,0.6043952861965396,0.5010086652249317,25,113
398,48,False,True,True,one_hot,0.6653523815776727,0.6653523815776727,25,114
398,48,False,True,True,lower_bound,0.6043952861965396,0.36594335393708005,25,115
398,48,False,True,True,midpoint,0.6043952861965396,0.4509581732332307,25,116
398,48,False,True,True,midpoint_with_inhaler,0.6043952861965396,0.4509581732332307,25,117
398,48,False,True,True,upper_bound,0.6043952861965396,0.5010086652249317,25,118
398,48,False,True,True,upper_bound_with_inhaler,0.6043952861965396,0.5010086652249317,25,119
398,48,True,False,False,one_hot,0.2036923847888908,0.20369238478889085,25,120
398,48,True,False,False,lower_bound,0.2036923847888908,0.20369238478889085,25,121
398,48,True,False,False,midpoint,0.2036923847888908,0.20369238478889085,25,122
398,48,True,False,False,midpoint_with_inhaler,0.2036923847888908,0.20369238478889085,25,123
398,48,True,False,False,upper_bound,0.2036923847888908,0.20369238478889085,25,124
398,48,True,False,False,upper_bound_with_inhaler,0.2036923847888908,0.20369238478889085,25,125
398,48,True,False,True,one_hot,0.2036923847888908,0.20369238478889085,25,126
398,48,True,False,True,lower_bound,0.2036923847888908,0.20369238478889085,25,127
398,48,True,False,True,midpoint,0.2036923847888908,0.20369238478889085,25,128
398,48,True,False,True,midpoint_with_inhaler,0.2036923847888908,0.20369238478889085,25,129
398,48,True,False,True,upper_bound,0.2036923847888908,0.20369238478889085,25,130
398,48,True,False,True,upper_bound_with_inhaler,0.2036923847888908,0.20369238478889085,25,131
447,12,False,False,False,one_hot,-0.015412540686843236,-0.01541254068684323,89,0
447,12,False,False,False,lower_bound,-0.06383186445201092,0.04468897782159816,89,1
447,12,False,False,False,midpoint,-0.06383186445201092,0.008800243551161945,89,2
447,12,False,False,False,midpoint_with_inhaler,-0.06383186445201092,0.008800243551161945,89,3
447,12,False,False,False,upper_bound,-0.06383186445201092,-0.013516925638444465,89,4
447,12,False,False,False,upper_bound_with_inhaler,-0.06383186445201092,-0.013516925638444465,89,5
447,12,False,False,True,one_hot,-0.015412540686843236,-0.01541254068684323,89,6
447,12,False,False,True,lower_bound,-0.06383186445201092,0.04468897782159816,89,7
447,12,False,False,True,midpoint,-0.06383186445201092,0.008800243551161945,89,8
447,12,False,False,True,midpoint_with_inhaler,-0.06383186445201092,0.008800243551161945,89,9
447,12,False,False,True,upper_bound,-0.06383186445201092,-0.013516925638444465,89,10
447,12,False,False,True,upper_bound_with_inhaler,-0.06383186445201092,-0.013516925638444465,89,11
447,12,False,True,False,one_hot,-0.06836929270462397,-0.068369292704624,89,12
447,12,False,True,False,lower_bound,-0.253350476150934,-0.22818696632867516,89,13
447,12,False,True,False,midpoint,-0.253350476150934,-0.219077651480085,89,14
447,12,False,True,False,midpoint_with_inhaler,-0.253350476150934,-0.219077651480085,89,15
447,12,False,True,False,upper_bound,-0.253350476150934,-0.20601291953308315,89,16
447,12,False,True,False,upper_bound_with_inhaler,-0.253350476150934,-0.20601291953308315,89,17
447,12,False,True,True,one_hot,-0.06836929270462397,-0.068369292704624,89,18
447,12,False,True,True,lower_bound,-0.253350476150934,-0.22818696632867516,89,19
447,12,False,True,True,midpoint,-0.253350476150934,-0.219077651480085,89,20
447,12,False,True,True,midpoint_with_inhaler,-0.253350476150934,-0.219077651480085,89,21
447,12,False,True,True,upper_bound,-0.253350476150934,-0.20601291953308315,89,22
447,12,False,True,True,upper_bound_with_inhaler,-0.253350476150934,-0.20601291953308315,89,23
447,12,True,False,False,one_hot,0.07404960955648236,0.07404960955648236,89,24
447,12,True,False,False,lower_bound,-0.1901602009838658,-0.0700951734751693,89,25
447,12,True,False,False,midpoint,-0.1901602009838658,-0.08850711248152747,89,26
447,12,True,False,False,midpoint_with_inhaler,-0.1901602009838658,-0.08850711248152747,89,27
447,12,True,False,False,upper_bound,-0.1901602009838658,-0.09897441617699061,89,28
447,12,True,False,False,upper_bound_with_inhaler,-0.1901602009838658,-0.09897441617699061,89,29
447,12,True,False,True,one_hot,0.07404960955648236,0.07404960955648236,89,30
447,12,True,False,True,lower_bound,-0.1901602009838658,-0.0700951734751693,89,31
447,12,True,False,True,midpoint,-0.1901602009838658,-0.08850711248152747,89,32
447,12,True,False,True,midpoint_with_inhaler,-0.1901602009838658,-0.08850711248152747,89,33
447,12,True,False,True,upper_bound,-0.1901602009838658,-0.09897441617699061,89,34
447,12,True,False,True,upper_bound_with_inhaler,-0.1901602009838658,-0.09897441617699061,89,35
447,24,False,False,False,one_hot,-0.08974517315044513,-0.08974517315044514,89,36
447,24,False,False,False,lower_bound,0.0018190629346915472,0.18384605727562947,89,37
447,24,False,False,False,midpoint,0.0018190629346915472,0.13854569809127865,89,38
447,24,False,False,False,midpoint_with_inhaler,0.0018190629346915472,0.13854569809127865,89,39
447,24,False,False,False,upper_bound,0.0018190629346915472,0.10798769263053441,89,40
447,24,False,False,False,upper_bound_with_inhaler,0.0018190629346915472,0.10798769263053441,89,41
447,24,False,False,True,one_hot,-0.08974517315044513,-0.08974517315044514,89,42
447,24,False,False,True,lower_bound,0.0018190629346915472,0.18384605727562947,89,43
447,24,False,False,True,midpoint,0.0018190629346915472,0.13854569809127865,89,44
447,24,False,False,True,midpoint_with_inhaler,0.0018190629346915472,0.13854569809127865,89,45
447,24,False,False,True,upper_bound,0.0018190629346915472,0.10798769263053441,89,46
447,24,False,False,True,upper_bound_with_inhaler,0.0018190629346915472,0.10798769263053441,89,47
447,24,False,True,False,one_hot,-0.08974517315044511,-0.08974517315044513,89,48
447,24,False,True,False,lower_bound,-0.02212892327330605,0.16892511850323957,89,49
447,24,False,True,False,midpoint,-0.02212892327330605,0.11870897728832974,89,50
447,24,False,True,False,midpoint_with_inhaler,-0.02212892327330605,0.11870897728832974,89,51
447,24,False,True,False,upper_bound,-0.02212892327330605,0.08452797861500573,89,52
447,24,False,True,False,upper_bound_with_inhaler,-0.02212892327330605,0.08452797861500573,89,53
447,24,False,True,True,one_hot,-0.08974517315044511,-0.08974517315044513,89,54
447,24,False,True,True,lower_bound,-0.02212892327330605,0.16892511850323957,89,55
447,24,False,True,True,midpoint,-0.02212892327330605,0.11870897728832974,89,56
447,24,False,True,True,midpoint_with_inhaler,-0.02212892327330605,0.11870897728832974,89,57
447,24,False,True,True,upper_bound,-0.02212892327330605,0.08452797861500573,89,58
447,24,False,True,True,upper_bound_with_inhaler,-0.02212892327330605,0.08452797861500573,89,59
447,24,True,False,False,one_hot,-0.08974517315044513,-0.08974517315044514,89,60
447,24,True,False,False,lower_bound,0.0018190629346915472,0.18384605727562947,89,61
447,24,True,False,False,midpoint,0.0018190629346915472,0.13854569809127865,89,62
447,24,True,False,False,midpoint_with_inhaler,0.0018190629346915472,0.13854569809127865,89,63
447,24,True,False,False,upper_bound,0.0018190629346915472,0.10798769263053441,89,64
447,24,True,False,False,upper_bound_with_inhaler,0.0018190629346915472,0.10798769263053441,89,65
447,24,True,False,True,one_hot,-0.08974517315044513,-0.08974517315044514,89,66
447,24,True,False,True,lower_bound,0.0018190629346915472,0.18384605727562947,89,67
447,24,True,False,True,midpoint,0.0018190629346915472,0.13854569809127865,89,68
447,24,True,False,True,midpoint_with_inhaler,0.0018190629346915472,0.13854569809127865,89,69
447,24,True,False,True,upper_bound,0.0018190629346915472,0.10798769263053441,89,70
447,24,True,False,True,upper_bound_with_inhaler,0.0018190629346915472,0.10798769263053441,89,71
447,36,False,False,False,one_hot,-0.06278999876983221,-0.0627899987698322,89,72
447,36,False,False,False,lower_bound,-0.11745468868017332,0.11308540699652492,89,73
447,36,False,False,False,midpoint,-0.11745468868017332,0.07483794056773307,89,74
447,36,False,False,False,midpoint_with_inhaler,-0.11745468868017332,0.07483794056773307,89,75
447,36,False,False,False,upper_bound,-0.11745468868017332,0.04937976391971518,89,76
447,36,False,False,False,upper_bound_with_inhaler,-0.11745468868017332,0.04937976391971518,89,77
447,36,False,False,True,one_hot,-0.06278999876983221,-0.0627899987698322,89,78
447,36,False,False,True,lower_bound,-0.11745468868017332,0.11308540699652492,89,79
447,36,False,False,True,midpoint,-0.11745468868017332,0.07483794056773307,89,80
447,36,False,False,True,midpoint_with_inhaler,-0.11745468868017332,0.07483794056773307,89,81
447,36,False,False,True,upper_bound,-0.11745468868017332,0.04937976391971518,89,82
447,36,False,False,True,upper_bound_with_inhaler,-0.11745468868017332,0.04937976391971518,89,83
447,36,True,False,False,one_hot,-0.08181128935292646,-0.08181128935292645,89,84
447,36,True,False,False,lower_bound,-0.1517433395653399,0.1364398718974297,89,85
447,36,True,False,False,midpoint,-0.1517433395653399,0.07298056148526044,89,86
447,36,True,False,False,midpoint_with_inhaler,-0.1517433395653399,0.07298056148526044,89,87
447,36,True,False,False,upper_bound,-0.1517433395653399,0.030389559742317745,89,88
447,36,True,False,False,upper_bound_with_inhaler,-0.1517433395653399,0.030389559742317745,89,89
447,36,True,False,True,one_hot,-0.08181128935292646,-0.08181128935292645,89,90
447,36,True,False,True,lower_bound,-0.1517433395653399,0.1364398718974297,89,91
447,36,True,False,True,midpoint,-0.1517433395653399,0.07298056148526044,89,92
447,36,True,False,True,midpoint_with_inhaler,-0.1517433395653399,0.07298056148526044,89,93
447,36,True,False,True,upper_bound,-0.1517433395653399,0.030389559742317745,89,94
447,36,True,False,True,upper_bound_with_inhaler,-0.1517433395653399,0.030389559742317745,89,95
447,48,False,False,False,one_hot,-0.0476855574073314,-0.047685557407331394,89,96
447,48,False,False,False,lower_bound,-0.11095313960476048,0.050336857780503085,89,97
447,48,False,False,False,midpoint,-0.11095313960476048,0.030144497639778625,89,98
447,48,False,False,False,midpoint_with_inhaler,-0.11095313960476048,0.030144497639778625,89,99
447,48,False,False,False,upper_bound,-0.11095313960476048,0.015522800807882776,89,100
447,48,False,False,False,upper_bound_with_inhaler,-0.11095313960476048,0.015522800807882776,89,101
447,48,False,False,True,one_hot,-0.0476855574073314,-0.047685557407331394,89,102
447,48,False,False,True,lower_bound,-0.11095313960476048,0.050336857780503085,89,103
447,48,False,False,True,midpoint,-0.11095313960476048,0.030144497639778625,89,104
447,48,False,False,True,midpoint_with_inhaler,-0.11095313960476048,0.030144497639778625,89,105
447,48,False,False,True,upper_bound,-0.11095313960476048,0.015522800807882776,89,106
447,48,False,False,True,upper_bound_with_inhaler,-0.11095313960476048,0.015522800807882776,89,107
447,48,False,True,False,one_hot,-0.09504744500047252,-0.09504744500047253,89,108
447,48,False,True,False,lower_bound,-0.16717653510685712,-0.11185793969309457,89,109
447,48,False,True,False,midpoint,-0.16717653510685712,-0.11190607571467388,89,110
447,48,False,True,False,midpoint_with_inhaler,-0.16717653510685712,-0.11190607571467388,89,111
447,48,False,True,False,upper_bound,-0.16717653510685712,-0.11017323542347536,89,112
447,48,False,True,False,upper_bound_with_inhaler,-0.16717653510685712,-0.11017323542347536,89,113
447,48,False,True,True,one_hot,-0.09504744500047252,-0.09504744500047253,89,114
447,48,False,True,True,lower_bound,-0.16717653510685712,-0.11185793969309457,89,115
447,48,False,True,True,midpoint,-0.16717653510685712,-0.11190607571467388,89,116
447,48,False,True,True,midpoint_with_inhaler,-0.16717653510685712,-0.11190607571467388,89,117
447,48,False,True,True,upper_bound,-0.16717653510685712,-0.11017323542347536,89,118
447,48,False,True,True,upper_bound_with_inhaler,-0.16717653510685712,-0.11017323542347536,89,119
447,48,True,False,False,one_hot,0.04830943573324012,0.048309435733240126,89,120
447,48,True,False,False,lower_bound,-0.0906894831757225,-0.05288254715747761,89,121
447,48,True,False,False,midpoint,-0.0906894831757225,-0.050814975592639075,89,122
447,48,True,False,False,midpoint_with_inhaler,-0.0906894831757225,-0.050814975592639075,89,123
447,48,True,False,False,upper_bound,-0.0906894831757225,-0.0498059826152527,89,124
447,48,True,False,False,upper_bound_with_inhaler,-0.0906894831757225,-0.0498059826152527,89,125
447,48,True,False,True,one_hot,0.04830943573324012,0.048309435733240126,89,126
447,48,True,False,True,lower_bound,-0.0906894831757225,-0.05288254715747761,89,127
447,48,True,False,True,midpoint,-0.0906894831757225,-0.050814975592639075,89,128
447,48,True,False,True,midpoint_with_inhaler,-0.0906894831757225,-0.050814975592639075,89,129
447,48,True,False,True,upper_bound,-0.0906894831757225,-0.0498059826152527,89,130
447,48,True,False,True,upper_bound_with_inhaler,-0.0906894831757225,-0.0498059826152527,89,131
454,12,False,False,False,one_hot,,,2,0
454,12,False,False,False,lower_bound,,,2,1
454,12,False,False,False,midpoint,,,2,2
454,12,False,False,False,midpoint_with_inhaler,,,2,3
454,12,False,False,False,upper_bound,,,2,4
454,12,False,False,False,upper_bound_with_inhaler,,,2,5
454,12,False,False,True,one_hot,,,2,6
454,12,False,False,True,lower_bound,,,2,7
454,12,False,False,True,midpoint,,,2,8
454,12,False,False,True,midpoint_with_inhaler,,,2,9
454,12,False,False,True,upper_bound,,,2,10
454,12,False,False,True,upper_bound_with_inhaler,,,2,11
454,12,False,True,False,one_hot,,,2,12
454,12,False,True,False,lower_bound,,,2,13
454,12,False,True,False,midpoint,,,2,14
454,12,False,True,False,midpoint_with_inhaler,,,2,15
454,12,False,True,False,upper_bound,,,2,16
454,12,False,True,False,upper_bound_with_inhaler,,,2,17
454,12,False,True,True,one_hot,,,2,18
454,12,False,True,True,lower_bound,,,2,19
454,12,False,True,True,midpoint,,,2,20
454,12,False,True,True,midpoint_with_inhaler,,,2,21
454,12,False,True,True,upper_bound,,,2,22
454,12,False,True,True,upper_bound_with_inhaler,,,2,23
454,12,True,False,False,one_hot,,,2,24
454,12,True,False,False,lower_bound,,,2,25
454,12,True,False,False,midpoint,,,2,26
454,12,True,False,False,midpoint_with_inhaler,,,2,27
454,12,True,False,False,upper_bound,,,2,28
454,12,True,False,False,upper_bound_with_inhaler,,,2,29
454,12,True,False,True,one_hot,,,2,30
454,12,True,False,True,lower_bound,,,2,31
454,12,True,False,True,midpoint,,,2,32
454,12,True,False,True,midpoint_with_inhaler,,,2,33
454,12,True,False,True,upper_bound,,,2,34
454,12,True,False,True,upper_bound_with_inhaler,,,2,35
454,24,False,False,False,one_hot,,,2,36
454,24,False,False,False,lower_bound,,,2,37
454,24,False,False,False,midpoint,,,2,38
454,24,False,False,False,midpoint_with_inhaler,,,2,39
454,24,False,False,False,upper_bound,,,2,40
454,24,False,False,False,upper_bound_with_inhaler,,,2,41
454,24,False,False,True,one_hot,,,2,42
454,24,False,False,True,lower_bound,,,2,43
454,24,False,False,True,midpoint,,,2,44
454,24,False,False,True,midpoint_with_inhaler,,,2,45
454,24,False,False,True,upper_bound,,,2,46
454,24,False,False,True,upper_bound_with_inhaler,,,2,47
454,24,False,True,False,one_hot,,,2,48
454,24,False,True,False,lower_bound,,,2,49
454,24,False,True,False,midpoint,,,2,50
454,24,False,True,False,midpoint_with_inhaler,,,2,51
454,24,False,True,False,upper_bound,,,2,52
454,24,False,True,False,upper_bound_with_inhaler,,,2,53
454,24,False,True,True,one_hot,,,2,54
454,24,False,True,True,lower_bound,,,2,55
454,24,False,True,True,midpoint,,,2,56
454,24,False,True,True,midpoint_with_inhaler,,,2,57
454,24,False,True,True,upper_bound,,,2,58
454,24,False,True,True,upper_bound_with_inhaler,,,2,59
454,24,True,False,False,one_hot,,,2,60
454,24,True,False,False,lower_bound,,,2,61
454,24,True,False,False,midpoint,,,2,62
454,24,True,False,False,midpoint_with_inhaler,,,2,63
454,24,True,False,False,upper_bound,,,2,64
454,24,True,False,False,upper_bound_with_inhaler,,,2,65
454,24,True,False,True,one_hot,,,2,66
454,24,True,False,True,lower_bound,,,2,67
454,24,True,False,True,midpoint,,,2,68
454,24,True,False,True,midpoint_with_inhaler,,,2,69
454,24,True,False,True,upper_bound,,,2,70
454,24,True,False,True,upper_bound_with_inhaler,,,2,71
454,36,False,False,False,one_hot,,,2,72
454,36,False,False,False,lower_bound,,,2,73
454,36,False,False,False,midpoint,,,2,74
454,36,False,False,False,midpoint_with_inhaler,,,2,75
454,36,False,False,False,upper_bound,,,2,76
454,36,False,False,False,upper_bound_with_inhaler,,,2,77
454,36,False,False,True,one_hot,,,2,78
454,36,False,False,True,lower_bound,,,2,79
454,36,False,False,True,midpoint,,,2,80
454,36,False,False,True,midpoint_with_inhaler,,,2,81
454,36,False,False,True,upper_bound,,,2,82
454,36,False,False,True,upper_bound_with_inhaler,,,2,83
454,36,True,False,False,one_hot,,,2,84
454,36,True,False,False,lower_bound,,,2,85
454,36,True,False,False,midpoint,,,2,86
454,36,True,False,False,midpoint_with_inhaler,,,2,87
454,36,True,False,False,upper_bound,,,2,88
454,36,True,False,False,upper_bound_with_inhaler,,,2,89
454,36,True,False,True,one_hot,,,2,90
454,36,True,False,True,lower_bound,,,2,91
454,36,True,False,True,midpoint,,,2,92
454,36,True,False,True,midpoint_with_inhaler,,,2,93
454,36,True,False,True,upper_bound,,,2,94
454,36,True,False,True,upper_bound_with_inhaler,,,2,95
454,48,False,False,False,one_hot,,,2,96
454,48,False,False,False,lower_bound,,,2,97
454,48,False,False,False,midpoint,,,2,98
454,48,False,False,False,midpoint_with_inhaler,,,2,99
454,48,False,False,False,upper_bound,,,2,100
454,48,False,False,False,upper_bound_with_inhaler,,,2,101
454,48,False,False,True,one_hot,,,2,102
454,48,False,False,True,lower_bound,,,2,103
454,48,False,False,True,midpoint,,,2,104
454,48,False,False,True,midpoint_with_inhaler,,,2,105
454,48,False,False,True,upper_bound,,,2,106
454,48,False,False,True,upper_bound_with_inhaler,,,2,107
454,48,False,True,False,one_hot,,,2,108
454,48,False,True,False,lower_bound,,,2,109
454,48,False,True,False,midpoint,,,2,110
454,48,False,True,False,midpoint_with_inhaler,,,2,111
454,48,False,True,False,upper_bound,,,2,112
454,48,False,True,False,upper_bound_with_inhaler,,,2,113
454,48,False,True,True,one_hot,,,2,114
454,48,False,True,True,lower_bound,,,2,115
454,48,False,True,True,midpoint,,,2,116
454,48,False,True,True,midpoint_with_inhaler,,,2,117
454,48,False,True,True,upper_bound,,,2,118
454,48,False,True,True,upper_bound_with_inhaler,,,2,119
454,48,True,False,False,one_hot,,,2,120
454,48,True,False,False,lower_bound,,,2,121
454,48,True,False,False,midpoint,,,2,122
454,48,True,False,False,midpoint_with_inhaler,,,2,123
454,48,True,False,False,upper_bound,,,2,124
454,48,True,False,False,upper_bound_with_inhaler,,,2,125
454,48,True,False,True,one_hot,,,2,126
454,48,True,False,True,lower_bound,,,2,127
454,48,True,False,True,midpoint,,,2,128
454,48,True,False,True,midpoint_with_inhaler,,,2,129
454,48,True,False,True,upper_bound,,,2,130
454,48,True,False,True,upper_bound_with_inhaler,,,2,131
473,12,False,False,False,one_hot,0.385973230488461,0.385973230488461,69,0
473,12,False,False,False,lower_bound,0.598632926865288,0.8583920998009604,69,1
473,12,False,False,False,midpoint,0.598632926865288,0.8476888747492572,69,2
473,12,False,False,False,midpoint_with_inhaler,0.598632926865288,0.8476888747492572,69,3
473,12,False,False,False,upper_bound,0.597927929911788,0.81708926580496,69,4
473,12,False,False,False,upper_bound_with_inhaler,0.597927929911788,0.81708926580496,69,5
473,12,False,False,True,one_hot,0.385973230488461,0.385973230488461,69,6
473,12,False,False,True,lower_bound,0.598632926865288,0.8583920998009604,69,7
473,12,False,False,True,midpoint,0.598632926865288,0.8476888747492572,69,8
473,12,False,False,True,midpoint_with_inhaler,0.598632926865288,0.8476888747492572,69,9
473,12,False,False,True,upper_bound,0.597927929911788,0.81708926580496,69,10
473,12,False,False,True,upper_bound_with_inhaler,0.597927929911788,0.81708926580496,69,11
473,12,False,True,False,one_hot,0.48360771712824147,0.48360771712824147,69,12
473,12,False,True,False,lower_bound,0.6834125887960779,0.906888975361511,69,13
473,12,False,True,False,midpoint,0.6834125887960779,0.9438492425529397,69,14
473,12,False,True,False,midpoint_with_inhaler,0.6834125887960779,0.9438492425529397,69,15
473,12,False,True,False,upper_bound,0.6827995638828658,0.9592956354946999,69,16
473,12,False,True,False,upper_bound_with_inhaler,0.6827995638828658,0.9592956354946999,69,17
473,12,False,True,True,one_hot,0.48360771712824147,0.48360771712824147,69,18
473,12,False,True,True,lower_bound,0.6834125887960779,0.906888975361511,69,19
473,12,False,True,True,midpoint,0.6834125887960779,0.9438492425529397,69,20
473,12,False,True,True,midpoint_with_inhaler,0.6834125887960779,0.9438492425529397,69,21
473,12,False,True,True,upper_bound,0.6827995638828658,0.9592956354946999,69,22
473,12,False,True,True,upper_bound_with_inhaler,0.6827995638828658,0.9592956354946999,69,23
473,12,True,False,False,one_hot,0.2709723412365267,0.2709723412365267,69,24
473,12,True,False,False,lower_bound,0.5477668336224256,0.675973040194852,69,25
473,12,True,False,False,midpoint,0.5477668336224256,0.7581188209083737,69,26
473,12,True,False,False,midpoint_with_inhaler,0.5477668336224256,0.7581188209083737,69,27
473,12,True,False,False,upper_bound,0.5480266497528233,0.8106538015950865,69,28
473,12,True,False,False,upper_bound_with_inhaler,0.5480266497528233,0.8106538015950865,69,29
473,12,True,False,True,one_hot,0.2709723412365267,0.2709723412365267,69,30
473,12,True,False,True,lower_bound,0.5477668336224256,0.675973040194852,69,31
473,12,True,False,True,midpoint,0.5477668336224256,0.7581188209083737,69,32
473,12,True,False,True,midpoint_with_inhaler,0.5477668336224256,0.7581188209083737,69,33
473,12,True,False,True,upper_bound,0.5480266497528233,0.8106538015950865,69,34
473,12,True,False,True,upper_bound_with_inhaler,0.5480266497528233,0.8106538015950865,69,35
473,24,False,False,False,one_hot,0.1058754688737109,0.1058754688737109,69,36
473,24,False,False,False,lower_bound,0.6497613254996609,0.9941795966358862,69,37
473,24,False,False,False,midpoint,0.6497613254996609,0.9988275216416039,69,38
473,24,False,False,False,midpoint_with_inhaler,0.6497613254996609,0.9988275216416039,69,39
473,24,False,False,False,upper_bound,0.6492018708743481,0.9850140981040006,69,40
473,24,False,False,False,upper_bound_with_inhaler,0.6492018708743481,0.9850140981040006,69,41
473,24,False,False,True,one_hot,0.1058754688737109,0.1058754688737109,69,42
473,24,False,False,True,lower_bound,0.6497613254996609,0.9941795966358862,69,43
473,24,False,False,True,midpoint,0.6497613254996609,0.9988275216416039,69,44
473,24,False,False,True,midpoint_with_inhaler,0.6497613254996609,0.9988275216416039,69,45
473,24,False,False,True,upper_bound,0.6492018708743481,0.9850140981040006,69,46
473,24,False,False,True,upper_bound_with_inhaler,0.6492018708743481,0.9850140981040006,69,47
473,24,False,True,False,one_hot,-0.04280023497207907,-0.04280023497207908,69,48
473,24,False,True,False,lower_bound,0.23531881715356454,0.4452667950116407,69,49
473,24,False,True,False,midpoint,0.23531881715356454,0.43494901207665587,69,50
473,24,False,True,False,midpoint_with_inhaler,0.23531881715356454,0.43494901207665587,69,51
473,24,False,True,False,upper_bound,0.23358488922561488,0.4243512723733232,69,52
473,24,False,True,False,upper_bound_with_inhaler,0.23358488922561488,0.4243512723733232,69,53
473,24,False,True,True,one_hot,-0.04280023497207907,-0.04280023497207908,69,54
473,24,False,True,True,lower_bound,0.23531881715356454,0.4452667950116407,69,55
473,24,False,True,True,midpoint,0.23531881715356454,0.43494901207665587,69,56
473,24,False,True,True,midpoint_with_inhaler,0.23531881715356454,0.43494901207665587,69,57
473,24,False,True,True,upper_bound,0.23358488922561488,0.4243512723733232,69,58
473,24,False,True,True,upper_bound_with_inhaler,0.23358488922561488,0.4243512723733232,69,59
473,24,True,False,False,one_hot,0.1058754688737109,0.1058754688737109,69,60
473,24,True,False,False,lower_bound,0.6497613254996609,0.9941795966358862,69,61
473,24,True,False,False,midpoint,0.6497613254996609,0.9988275216416039,69,62
473,24,True,False,False,midpoint_with_inhaler,0.6497613254996609,0.9988275216416039,69,63
473,24,True,False,False,upper_bound,0.6492018708743481,0.9850140981040006,69,64
473,24,True,False,False,upper_bound_with_inhaler,0.6492018708743481,0.9850140981040006,69,65
473,24,True,False,True,one_hot,0.1058754688737109,0.1058754688737109,69,66
473,24,True,False,True,lower_bound,0.6497613254996609,0.9941795966358862,69,67
473,24,True,False,True,midpoint,0.6497613254996609,0.9988275216416039,69,68
473,24,True,False,True,midpoint_with_inhaler,0.6497613254996609,0.9988275216416039,69,69
473,24,True,False,True,upper_bound,0.6492018708743481,0.9850140981040006,69,70
473,24,True,False,True,upper_bound_with_inhaler,0.6492018708743481,0.9850140981040006,69,71
473,36,False,False,False,one_hot,0.39428195804753957,0.39428195804753957,69,72
473,36,False,False,False,lower_bound,0.6981126205734448,0.9444427022178639,69,73
473,36,False,False,False,midpoint,0.6981126205734448,0.9131188863728963,69,74
473,36,False,False,False,midpoint_with_inhaler,0.6981126205734448,0.973790860960003,69,75
473,36,False,False,False,upper_bound,0.6925753665197015,0.8749568491471852,69,76
473,36,False,False,False,upper_bound_with_inhaler,0.6981126205734448,0.9884010454276778,69,77
473,36,False,False,True,one_hot,0.39428195804753957,0.39428195804753957,69,78
473,36,False,False,True,lower_bound,0.6981126205734448,0.9444427022178639,69,79
473,36,False,False,True,midpoint,0.6981126205734448,0.9131188863728963,69,80
473,36,False,False,True,midpoint_with_inhaler,0.6981126205734448,0.973790860960003,69,81
473,36,False,False,True,upper_bound,0.6925753665197015,0.8749568491471852,69,82
473,36,False,False,True,upper_bound_with_inhaler,0.6981126205734448,0.9884010454276778,69,83
473,36,True,False,False,one_hot,0.19763328136562594,0.1976332813656259,69,84
473,36,True,False,False,lower_bound,0.4643284922662405,0.6949593692057796,69,85
473,36,True,False,False,midpoint,0.4643284922662405,0.6751489872465367,69,86
473,36,True,False,False,midpoint_with_inhaler,0.4643284922662405,0.6751489872465367,69,87
473,36,True,False,False,upper_bound,0.4634705692111039,0.6542051887654816,69,88
473,36,True,False,False,upper_bound_with_inhaler,0.4634705692111039,0.6542051887654816,69,89
473,36,True,False,True,one_hot,0.19763328136562594,0.1976332813656259,69,90
473,36,True,False,True,lower_bound,0.4643284922662405,0.6949593692057796,69,91
473,36,True,False,True,midpoint,0.4643284922662405,0.6751489872465367,69,92
473,36,True,False,True,midpoint_with_inhaler,0.4643284922662405,0.6751489872465367,69,93
473,36,True,False,True,upper_bound,0.4634705692111039,0.6542051887654816,69,94
473,36,True,False,True,upper_bound_with_inhaler,0.4634705692111039,0.6542051887654816,69,95
473,48,False,False,False,one_hot,0.39428195804753985,0.3942819580475397,69,96
473,48,False,False,False,lower_bound,0.6495117805750191,0.8813283653698929,69,97
473,48,False,False,False,midpoint,0.6495117805750191,0.8437805309867559,69,98
473,48,False,False,False,midpoint_with_inhaler,0.6495117805750191,0.8876374272166363,69,99
473,48,False,False,False,upper_bound,0.6455407392107483,0.8000194670781007,69,100
473,48,False,False,False,upper_bound_with_inhaler,0.6495117805750191,0.8917562542184824,69,101
473,48,False,False,True,one_hot,0.39428195804753985,0.3942819580475397,69,102
473,48,False,False,True,lower_bound,0.6495117805750191,0.8813283653698929,69,103
473,48,False,False,True,midpoint,0.6495117805750191,0.8437805309867559,69,104
473,48,False,False,True,midpoint_with_inhaler,0.6495117805750191,0.8876374272166363,69,105
473,48,False,False,True,upper_bound,0.6455407392107483,0.8000194670781007,69,106
473,48,False,False,True,upper_bound_with_inhaler,0.6495117805750191,0.8917562542184824,69,107
473,48,False,True,False,one_hot,0.1975669224926018,0.1975669224926018,69,108
473,48,False,True,False,lower_bound,0.34211700903825565,0.34606716397314474,69,109
473,48,False,True,False,midpoint,0.34211700903825565,0.37010928852050495,69,110
473,48,False,True,False,midpoint_with_inhaler,0.34211700903825565,0.37010928852050495,69,111
473,48,False,True,False,upper_bound,0.3402131295142484,0.3810674125451418,69,112
473,48,False,True,False,upper_bound_with_inhaler,0.3402131295142484,0.3810674125451418,69,113
473,48,False,True,True,one_hot,0.1975669224926018,0.1975669224926018,69,114
473,48,False,True,True,lower_bound,0.34211700903825565,0.34606716397314474,69,115
473,48,False,True,True,midpoint,0.34211700903825565,0.37010928852050495,69,116
473,48,False,True,True,midpoint_with_inhaler,0.34211700903825565,0.37010928852050495,69,117
473,48,False,True,True,upper_bound,0.3402131295142484,0.3810674125451418,69,118
473,48,False,True,True,upper_bound_with_inhaler,0.3402131295142484,0.3810674125451418,69,119
473,48,True,False,False,one_hot,-0.003890157399111961,-0.003890157399111963,69,120
473,48,True,False,False,lower_bound,0.3394713188048199,0.5558503827276382,69,121
473,48,True,False,False,midpoint,0.3394713188048199,0.5367885384046651,69,122
473,48,True,False,False,midpoint_with_inhaler,0.3394713188048199,0.5367885384046651,69,123
473,48,True,False,False,upper_bound,0.33795405670194795,0.516635869019052,69,124
473,48,True,False,False,upper_bound_with_inhaler,0.33795405670194795,0.516635869019052,69,125
473,48,True,False,True,one_hot,-0.003890157399111961,-0.003890157399111963,69,126
473,48,True,False,True,lower_bound,0.3394713188048199,0.5558503827276382,69,127
473,48,True,False,True,midpoint,0.3394713188048199,0.5367885384046651,69,128
473,48,True,False,True,midpoint_with_inhaler,0.3394713188048199,0.5367885384046651,69,129
473,48,True,False,True,upper_bound,0.33795405670194795,0.516635869019052,69,130
473,48,True,False,True,upper_bound_with_inhaler,0.33795405670194795,0.516635869019052,69,131
514,12,False,False,False,one_hot,0.15945162287429432,0.15945162287429432,36,0
514,12,False,False,False,lower_bound,0.15945162287429432,0.15945162287429432,36,1
514,12,False,False,False,midpoint,0.15945162287429432,0.15945162287429432,36,2
514,12,False,False,False,midpoint_with_inhaler,0.15945162287429432,0.15945162287429432,36,3
514,12,False,False,False,upper_bound,0.15945162287429432,0.15945162287429432,36,4
514,12,False,False,False,upper_bound_with_inhaler,0.15945162287429432,0.15945162287429432,36,5
514,12,False,False,True,one_hot,0.15945162287429432,0.15945162287429432,36,6
514,12,False,False,True,lower_bound,0.15945162287429432,0.15945162287429432,36,7
514,12,False,False,True,midpoint,0.15945162287429432,0.15945162287429432,36,8
514,12,False,False,True,midpoint_with_inhaler,0.15945162287429432,0.15945162287429432,36,9
514,12,False,False,True,upper_bound,0.15945162287429432,0.15945162287429432,36,10
514,12,False,False,True,upper_bound_with_inhaler,0.15945162287429432,0.15945162287429432,36,11
514,12,False,True,False,one_hot,0.515657675323096,0.5156576753230958,36,12
514,12,False,True,False,lower_bound,0.515657675323096,0.5156576753230958,36,13
514,12,False,True,False,midpoint,0.515657675323096,0.5156576753230961,36,14
514,12,False,True,False,midpoint_with_inhaler,0.515657675323096,0.5156576753230961,36,15
514,12,False,True,False,upper_bound,0.515657675323096,0.5156576753230958,36,16
514,12,False,True,False,upper_bound_with_inhaler,0.515657675323096,0.5156576753230958,36,17
514,12,False,True,True,one_hot,0.515657675323096,0.5156576753230958,36,18
514,12,False,True,True,lower_bound,0.515657675323096,0.5156576753230958,36,19
514,12,False,True,True,midpoint,0.515657675323096,0.5156576753230961,36,20
514,12,False,True,True,midpoint_with_inhaler,0.515657675323096,0.5156576753230961,36,21
514,12,False,True,True,upper_bound,0.515657675323096,0.5156576753230958,36,22
514,12,False,True,True,upper_bound_with_inhaler,0.515657675323096,0.5156576753230958,36,23
514,12,True,False,False,one_hot,0.9627462064603693,0.9627462064603693,36,24
514,12,True,False,False,lower_bound,0.9627462064603693,0.9627462064603693,36,25
514,12,True,False,False,midpoint,0.9627462064603693,0.9627462064603698,36,26
514,12,True,False,False,midpoint_with_inhaler,0.9627462064603693,0.9627462064603698,36,27
514,12,True,False,False,upper_bound,0.9627462064603693,0.9627462064603693,36,28
514,12,True,False,False,upper_bound_with_inhaler,0.9627462064603693,0.9627462064603693,36,29
514,12,True,False,True,one_hot,0.9627462064603693,0.9627462064603693,36,30
514,12,True,False,True,lower_bound,0.9627462064603693,0.9627462064603693,36,31
514,12,True,False,True,midpoint,0.9627462064603693,0.9627462064603698,36,32
514,12,True,False,True,midpoint_with_inhaler,0.9627462064603693,0.9627462064603698,36,33
514,12,True,False,True,upper_bound,0.9627462064603693,0.9627462064603693,36,34
514,12,True,False,True,upper_bound_with_inhaler,0.9627462064603693,0.9627462064603693,36,35
514,24,False,False,False,one_hot,0.23121897667818714,0.23121897667818714,36,36
514,24,False,False,False,lower_bound,0.23121897667818714,0.23121897667818714,36,37
514,24,False,False,False,midpoint,0.23121897667818714,0.23121897667818708,36,38
514,24,False,False,False,midpoint_with_inhaler,0.23121897667818714,0.23121897667818708,36,39
514,24,False,False,False,upper_bound,0.23121897667818714,0.23121897667818714,36,40
514,24,False,False,False,upper_bound_with_inhaler,0.23121897667818714,0.23121897667818714,36,41
514,24,False,False,True,one_hot,0.23121897667818714,0.23121897667818714,36,42
514,24,False,False,True,lower_bound,0.23121897667818714,0.23121897667818714,36,43
514,24,False,False,True,midpoint,0.23121897667818714,0.23121897667818708,36,44
514,24,False,False,True,midpoint_with_inhaler,0.23121897667818714,0.23121897667818708,36,45
514,24,False,False,True,upper_bound,0.23121897667818714,0.23121897667818714,36,46
514,24,False,False,True,upper_bound_with_inhaler,0.23121897667818714,0.23121897667818714,36,47
514,24,False,True,False,one_hot,0.09958624552579487,0.09958624552579484,36,48
514,24,False,True,False,lower_bound,0.09958624552579487,0.09958624552579484,36,49
514,24,False,True,False,midpoint,0.09958624552579487,0.09958624552579483,36,50
514,24,False,True,False,midpoint_with_inhaler,0.09958624552579487,0.09958624552579483,36,51
514,24,False,True,False,upper_bound,0.09958624552579487,0.09958624552579484,36,52
514,24,False,True,False,upper_bound_with_inhaler,0.09958624552579487,0.09958624552579484,36,53
514,24,False,True,True,one_hot,0.09958624552579487,0.09958624552579484,36,54
514,24,False,True,True,lower_bound,0.09958624552579487,0.09958624552579484,36,55
514,24,False,True,True,midpoint,0.09958624552579487,0.09958624552579483,36,56
514,24,False,True,True,midpoint_with_inhaler,0.09958624552579487,0.09958624552579483,36,57
514,24,False,True,True,upper_bound,0.09958624552579487,0.09958624552579484,36,58
514,24,False,True,True,upper_bound_with_inhaler,0.09958624552579487,0.09958624552579484,36,59
514,24,True,False,False,one_hot,0.23121897667818714,0.23121897667818714,36,60
514,24,True,False,False,lower_bound,0.23121897667818714,0.23121897667818714,36,61
514,24,True,False,False,midpoint,0.23121897667818714,0.23121897667818708,36,62
514,24,True,False,False,midpoint_with_inhaler,0.23121897667818714,0.23121897667818708,36,63
514,24,True,False,False,upper_bound,0.23121897667818714,0.23121897667818714,36,64
514,24,True,False,False,upper_bound_with_inhaler,0.23121897667818714,0.23121897667818714,36,65
514,24,True,False,True,one_hot,0.23121897667818714,0.23121897667818714,36,66
514,24,True,False,True,lower_bound,0.23121897667818714,0.23121897667818714,36,67
514,24,True,False,True,midpoint,0.23121897667818714,0.23121897667818708,36,68
514,24,True,False,True,midpoint_with_inhaler,0.23121897667818714,0.23121897667818708,36,69
514,24,True,False,True,upper_bound,0.23121897667818714,0.23121897667818714,36,70
514,24,True,False,True,upper_bound_with_inhaler,0.23121897667818714,0.23121897667818714,36,71
514,36,False,False,False,one_hot,0.3436352407130461,0.3436352407130461,36,72
514,36,False,False,False,lower_bound,0.3436352407130461,0.3436352407130461,36,73
514,36,False,False,False,midpoint,0.3436352407130461,0.34363524071304624,36,74
514,36,False,False,False,midpoint_with_inhaler,0.3436352407130461,0.34363524071304624,36,75
514,36,False,False,False,upper_bound,0.3436352407130461,0.3436352407130461,36,76
514,36,False,False,False,upper_bound_with_inhaler,0.3436352407130461,0.3436352407130461,36,77
514,36,False,False,True,one_hot,0.3436352407130461,0.3436352407130461,36,78
514,36,False,False,True,lower_bound,0.3436352407130461,0.3436352407130461,36,79
514,36,False,False,True,midpoint,0.3436352407130461,0.34363524071304624,36,80
514,36,False,False,True,midpoint_with_inhaler,0.3436352407130461,0.34363524071304624,36,81
514,36,False,False,True,upper_bound,0.3436352407130461,0.3436352407130461,36,82
514,36,False,False,True,upper_bound_with_inhaler,0.3436352407130461,0.3436352407130461,36,83
514,36,True,False,False,one_hot,0.05685737306497463,0.056857373064974674,36,84
514,36,True,False,False,lower_bound,0.05685737306497463,0.056857373064974674,36,85
514,36,True,False,False,midpoint,0.05685737306497463,0.05685737306497464,36,86
514,36,True,False,False,midpoint_with_inhaler,0.05685737306497463,0.05685737306497464,36,87
514,36,True,False,False,upper_bound,0.05685737306497463,0.056857373064974674,36,88
514,36,True,False,False,upper_bound_with_inhaler,0.05685737306497463,0.056857373064974674,36,89
514,36,True,False,True,one_hot,0.05685737306497463,0.056857373064974674,36,90
514,36,True,False,True,lower_bound,0.05685737306497463,0.056857373064974674,36,91
514,36,True,False,True,midpoint,0.05685737306497463,0.05685737306497464,36,92
514,36,True,False,True,midpoint_with_inhaler,0.05685737306497463,0.05685737306497464,36,93
514,36,True,False,True,upper_bound,0.05685737306497463,0.056857373064974674,36,94
514,36,True,False,True,upper_bound_with_inhaler,0.05685737306497463,0.056857373064974674,36,95
514,48,False,False,False,one_hot,0.3258154654932018,0.3258154654932017,36,96
514,48,False,False,False,lower_bound,0.3258154654932018,0.3258154654932017,36,97
514,48,False,False,False,midpoint,0.3258154654932018,0.3258154654932018,36,98
514,48,False,False,False,midpoint_with_inhaler,0.3258154654932018,0.3258154654932018,36,99
514,48,False,False,False,upper_bound,0.3258154654932018,0.3258154654932017,36,100
514,48,False,False,False,upper_bound_with_inhaler,0.3258154654932018,0.3258154654932017,36,101
514,48,False,False,True,one_hot,0.3258154654932018,0.3258154654932017,36,102
514,48,False,False,True,lower_bound,0.3258154654932018,0.3258154654932017,36,103
514,48,False,False,True,midpoint,0.3258154654932018,0.3258154654932018,36,104
514,48,False,False,True,midpoint_with_inhaler,0.3258154654932018,0.3258154654932018,36,105
514,48,False,False,True,upper_bound,0.3258154654932018,0.3258154654932017,36,106
514,48,False,False,True,upper_bound_with_inhaler,0.3258154654932018,0.3258154654932017,36,107
514,48,False,True,False,one_hot,0.042666014010690374,0.042666014010690374,36,108
514,48,False,True,False,lower_bound,0.042666014010690374,0.042666014010690374,36,109
514,48,False,True,False,midpoint,0.042666014010690374,0.042666014010690374,36,110
514,48,False,True,False,midpoint_with_inhaler,0.042666014010690374,0.042666014010690374,36,111
514,48,False,True,False,upper_bound,0.042666014010690374,0.042666014010690374,36,112
514,48,False,True,False,upper_bound_with_inhaler,0.042666014010690374,0.042666014010690374,36,113
514,48,False,True,True,one_hot,0.042666014010690374,0.042666014010690374,36,114
514,48,False,True,True,lower_bound,0.042666014010690374,0.042666014010690374,36,115
514,48,False,True,True,midpoint,0.042666014010690374,0.042666014010690374,36,116
514,48,False,True,True,midpoint_with_inhaler,0.042666014010690374,0.042666014010690374,36,117
514,48,False,True,True,upper_bound,0.042666014010690374,0.042666014010690374,36,118
514,48,False,True,True,upper_bound_with_inhaler,0.042666014010690374,0.042666014010690374,36,119
514,48,True,False,False,one_hot,0.04728075922696391,0.04728075922696393,36,120
514,48,True,False,False,lower_bound,0.04728075922696391,0.04728075922696393,36,121
514,48,True,False,False,midpoint,0.04728075922696391,0.047280759226963925,36,122
514,48,True,False,False,midpoint_with_inhaler,0.04728075922696391,0.047280759226963925,36,123
514,48,True,False,False,upper_bound,0.04728075922696391,0.04728075922696393,36,124
514,48,True,False,False,upper_bound_with_inhaler,0.04728075922696391,0.04728075922696393,36,125
514,48,True,False,True,one_hot,0.04728075922696391,0.04728075922696393,36,126
514,48,True,False,True,lower_bound,0.04728075922696391,0.04728075922696393,36,127
514,48,True,False,True,midpoint,0.04728075922696391,0.047280759226963925,36,128
514,48,True,False,True,midpoint_with_inhaler,0.04728075922696391,0.047280759226963925,36,129
514,48,True,False,True,upper_bound,0.04728075922696391,0.04728075922696393,36,130
514,48,True,False,True,upper_bound_with_inhaler,0.04728075922696391,0.04728075922696393,36,131
625,12,False,False,False,one_hot,0.6847340236310595,0.6847340236310595,16,0
625,12,False,False,False,lower_bound,0.9529408376928354,1.0514817303314004,16,1
625,12,False,False,False,midpoint,0.9529408376928354,1.0357776375672771,16,2
625,12,False,False,False,midpoint_with_inhaler,0.9529408376928354,1.0357776375672771,16,3
625,12,False,False,False,upper_bound,0.9529408376928354,1.0059775747675401,16,4
625,12,False,False,False,upper_bound_with_inhaler,0.9529408376928354,1.0059775747675401,16,5
625,12,False,False,True,one_hot,0.6847340236310595,0.6847340236310595,16,6
625,12,False,False,True,lower_bound,0.9529408376928354,1.0514817303314004,16,7
625,12,False,False,True,midpoint,0.9529408376928354,1.0357776375672771,16,8
625,12,False,False,True,midpoint_with_inhaler,0.9529408376928354,1.0357776375672771,16,9
625,12,False,False,True,upper_bound,0.9529408376928354,1.0059775747675401,16,10
625,12,False,False,True,upper_bound_with_inhaler,0.9529408376928354,1.0059775747675401,16,11
625,12,False,True,False,one_hot,0.39768273061195275,0.39768273061195275,16,12
625,12,False,True,False,lower_bound,0.36398983246170474,0.1325378930401011,16,13
625,12,False,True,False,midpoint,0.36398983246170474,0.195591508328062,16,14
625,12,False,True,False,midpoint_with_inhaler,0.36398983246170474,0.195591508328062,16,15
625,12,False,True,False,upper_bound,0.36398983246170474,0.2376812631257516,16,16
625,12,False,True,False,upper_bound_with_inhaler,0.36398983246170474,0.2376812631257516,16,17
625,12,False,True,True,one_hot,0.39768273061195275,0.39768273061195275,16,18
625,12,False,True,True,lower_bound,0.36398983246170474,0.1325378930401011,16,19
625,12,False,True,True,midpoint,0.36398983246170474,0.195591508328062,16,20
625,12,False,True,True,midpoint_with_inhaler,0.36398983246170474,0.195591508328062,16,21
625,12,False,True,True,upper_bound,0.36398983246170474,0.2376812631257516,16,22
625,12,False,True,True,upper_bound_with_inhaler,0.36398983246170474,0.2376812631257516,16,23
625,12,True,False,False,one_hot,0.22454648570222735,0.22454648570222735,16,24
625,12,True,False,False,lower_bound,0.20197286872675815,0.04893139230768608,16,25
625,12,True,False,False,midpoint,0.20197286872675815,0.11102424385368048,16,26
625,12,True,False,False,midpoint_with_inhaler,0.20197286872675815,0.11102424385368048,16,27
625,12,True,False,False,upper_bound,0.20197286872675815,0.1520927833826091,16,28
625,12,True,False,False,upper_bound_with_inhaler,0.20197286872675815,0.1520927833826091,16,29
625,12,True,False,True,one_hot,0.22454648570222735,0.22454648570222735,16,30
625,12,True,False,True,lower_bound,0.20197286872675815,0.04893139230768608,16,31
625,12,True,False,True,midpoint,0.20197286872675815,0.11102424385368048,16,32
625,12,True,False,True,midpoint_with_inhaler,0.20197286872675815,0.11102424385368048,16,33
625,12,True,False,True,upper_bound,0.20197286872675815,0.1520927833826091,16,34
625,12,True,False,True,upper_bound_with_inhaler,0.20197286872675815,0.1520927833826091,16,35
625,24,False,False,False,one_hot,-0.1641075215960431,-0.1641075215960431,16,36
625,24,False,False,False,lower_bound,-0.13345096188820524,-0.18225682509304952,16,37
625,24,False,False,False,midpoint,-0.13345096188820524,-0.19875952112453718,16,38
625,24,False,False,False,midpoint_with_inhaler,-0.13345096188820524,-0.19875952112453718,16,39
625,24,False,False,False,upper_bound,-0.13345096188820524,-0.2131506988699985,16,40
625,24,False,False,False,upper_bound_with_inhaler,-0.13345096188820524,-0.2131506988699985,16,41
625,24,False,False,True,one_hot,-0.1641075215960431,-0.1641075215960431,16,42
625,24,False,False,True,lower_bound,-0.13345096188820524,-0.18225682509304952,16,43
625,24,False,False,True,midpoint,-0.13345096188820524,-0.19875952112453718,16,44
625,24,False,False,True,midpoint_with_inhaler,-0.13345096188820524,-0.19875952112453718,16,45
625,24,False,False,True,upper_bound,-0.13345096188820524,-0.2131506988699985,16,46
625,24,False,False,True,upper_bound_with_inhaler,-0.13345096188820524,-0.2131506988699985,16,47
625,24,False,True,False,one_hot,0.09790159931512976,0.09790159931512976,16,48
625,24,False,True,False,lower_bound,0.10524656363909944,0.0474321966025016,16,49
625,24,False,True,False,midpoint,0.10524656363909944,0.0071240345158612335,16,50
625,24,False,True,False,midpoint_with_inhaler,0.10524656363909944,0.0071240345158612335,16,51
625,24,False,True,False,upper_bound,0.10524656363909944,-0.02025132598592556,16,52
625,24,False,True,False,upper_bound_with_inhaler,0.10524656363909944,-0.02025132598592556,16,53
625,24,False,True,True,one_hot,0.09790159931512976,0.09790159931512976,16,54
625,24,False,True,True,lower_bound,0.10524656363909944,0.0474321966025016,16,55
625,24,False,True,True,midpoint,0.10524656363909944,0.0071240345158612335,16,56
625,24,False,True,True,midpoint_with_inhaler,0.10524656363909944,0.0071240345158612335,16,57
625,24,False,True,True,upper_bound,0.10524656363909944,-0.02025132598592556,16,58
625,24,False,True,True,upper_bound_with_inhaler,0.10524656363909944,-0.02025132598592556,16,59
625,24,True,False,False,one_hot,-0.1641075215960431,-0.1641075215960431,16,60
625,24,True,False,False,lower_bound,-0.13345096188820524,-0.18225682509304952,16,61
625,24,True,False,False,midpoint,-0.13345096188820524,-0.19875952112453718,16,62
625,24,True,False,False,midpoint_with_inhaler,-0.13345096188820524,-0.19875952112453718,16,63
625,24,True,False,False,upper_bound,-0.13345096188820524,-0.2131506988699985,16,64
625,24,True,False,False,upper_bound_with_inhaler,-0.13345096188820524,-0.2131506988699985,16,65
625,24,True,False,True,one_hot,-0.1641075215960431,-0.1641075215960431,16,66
625,24,True,False,True,lower_bound,-0.13345096188820524,-0.18225682509304952,16,67
625,24,True,False,True,midpoint,-0.13345096188820524,-0.19875952112453718,16,68
625,24,True,False,True,midpoint_with_inhaler,-0.13345096188820524,-0.19875952112453718,16,69
625,24,True,False,True,upper_bound,-0.13345096188820524,-0.2131506988699985,16,70
625,24,True,False,True,upper_bound_with_inhaler,-0.13345096188820524,-0.2131506988699985,16,71
625,36,False,False,False,one_hot,0.3015932993431672,0.3015932993431672,16,72
625,36,False,False,False,lower_bound,-0.11098897649073355,-0.2277006092009628,16,73
625,36,False,False,False,midpoint,-0.11098897649073355,-0.21506881083147256,16,74
625,36,False,False,False,midpoint_with_inhaler,-0.11098897649073355,-0.21506881083147256,16,75
625,36,False,False,False,upper_bound,-0.11098897649073355,-0.20378231964049898,16,76
625,36,False,False,False,upper_bound_with_inhaler,-0.11098897649073355,-0.20378231964049898,16,77
625,36,False,False,True,one_hot,0.3015932993431672,0.3015932993431672,16,78
625,36,False,False,True,lower_bound,-0.11098897649073355,-0.2277006092009628,16,79
625,36,False,False,True,midpoint,-0.11098897649073355,-0.21506881083147256,16,80
625,36,False,False,True,midpoint_with_inhaler,-0.11098897649073355,-0.21506881083147256,16,81
625,36,False,False,True,upper_bound,-0.11098897649073355,-0.20378231964049898,16,82
625,36,False,False,True,upper_bound_with_inhaler,-0.11098897649073355,-0.20378231964049898,16,83
625,36,True,False,False,one_hot,0.22454648570222732,0.22454648570222732,16,84
625,36,True,False,False,lower_bound,0.047422564813747334,-0.15502875062393928,16,85
625,36,True,False,False,midpoint,0.047422564813747334,-0.14551880056399333,16,86
625,36,True,False,False,midpoint_with_inhaler,0.047422564813747334,-0.14551880056399333,16,87
625,36,True,False,False,upper_bound,0.047422564813747334,-0.135666216928413,16,88
625,36,True,False,False,upper_bound_with_inhaler,0.047422564813747334,-0.135666216928413,16,89
625,36,True,False,True,one_hot,0.22454648570222732,0.22454648570222732,16,90
625,36,True,False,True,lower_bound,0.047422564813747334,-0.15502875062393928,16,91
625,36,True,False,True,midpoint,0.047422564813747334,-0.14551880056399333,16,92
625,36,True,False,True,midpoint_with_inhaler,0.047422564813747334,-0.14551880056399333,16,93
625,36,True,False,True,upper_bound,0.047422564813747334,-0.135666216928413,16,94
625,36,True,False,True,upper_bound_with_inhaler,0.047422564813747334,-0.135666216928413,16,95
625,48,False,False,False,one_hot,-0.3465735902799726,-0.3465735902799726,16,96
625,48,False,False,False,lower_bound,0.10861265205514624,0.3484265993534746,16,97
625,48,False,False,False,midpoint,0.10861265205514624,0.2448437241942292,16,98
625,48,False,False,False,midpoint_with_inhaler,0.10861265205514624,0.2448437241942292,16,99
625,48,False,False,False,upper_bound,0.10861265205514624,0.1717844633445559,16,100
625,48,False,False,False,upper_bound_with_inhaler,0.10861265205514624,0.1717844633445559,16,101
625,48,False,False,True,one_hot,-0.3465735902799726,-0.3465735902799726,16,102
625,48,False,False,True,lower_bound,0.10861265205514624,0.3484265993534746,16,103
625,48,False,False,True,midpoint,0.10861265205514624,0.2448437241942292,16,104
625,48,False,False,True,midpoint_with_inhaler,0.10861265205514624,0.2448437241942292,16,105
625,48,False,False,True,upper_bound,0.10861265205514624,0.1717844633445559,16,106
625,48,False,False,True,upper_bound_with_inhaler,0.10861265205514624,0.1717844633445559,16,107
625,48,False,True,False,one_hot,0.22567125649542893,0.22567125649542893,16,108
625,48,False,True,False,lower_bound,0.4197663724331716,0.5920287473124973,16,109
625,48,False,True,False,midpoint,0.4197663724331716,0.5560083184709179,16,110
625,48,False,True,False,midpoint_with_inhaler,0.4197663724331716,0.5560083184709179,16,111
625,48,False,True,False,upper_bound,0.4197663724331716,0.5244473952741748,16,112
625,48,False,True,False,upper_bound_with_inhaler,0.4197663724331716,0.5244473952741748,16,113
625,48,False,True,True,one_hot,0.22567125649542893,0.22567125649542893,16,114
625,48,False,True,True,lower_bound,0.4197663724331716,0.5920287473124973,16,115
625,48,False,True,True,midpoint,0.4197663724331716,0.5560083184709179,16,116
625,48,False,True,True,midpoint_with_inhaler,0.4197663724331716,0.5560083184709179,16,117
625,48,False,True,True,upper_bound,0.4197663724331716,0.5244473952741748,16,118
625,48,False,True,True,upper_bound_with_inhaler,0.4197663724331716,0.5244473952741748,16,119
625,48,True,False,False,one_hot,-0.45120624051538355,-0.45120624051538355,16,120
625,48,True,False,False,lower_bound,-0.15459737096274673,0.3526819736600094,16,121
625,48,True,False,False,midpoint,-0.15459737096274673,0.2637693970986543,16,122
625,48,True,False,False,midpoint_with_inhaler,-0.15459737096274673,0.2637693970986543,16,123
625,48,True,False,False,upper_bound,-0.15459737096274673,0.20001060127853373,16,124
625,48,True,False,False,upper_bound_with_inhaler,-0.15459737096274673,0.20001060127853373,16,125
625,48,True,False,True,one_hot,-0.45120624051538355,-0.45120624051538355,16,126
625,48,True,False,True,lower_bound,-0.15459737096274673,0.3526819736600094,16,127
625,48,True,False,True,midpoint,-0.15459737096274673,0.2637693970986543,16,128
625,48,True,False,True,midpoint_with_inhaler,-0.15459737096274673,0.2637693970986543,16,129
625,48,True,False,True,upper_bound,-0.15459737096274673,0.20001060127853373,16,130
625,48,True,False,True,upper_bound_with_inhaler,-0.15459737096274673,0.20001060127853373,16,131
701,12,False,False,False,one_hot,,,30,0
701,12,False,False,False,lower_bound,0.2542710907146033,0.24982304366167649,30,1
701,12,False,False,False,midpoint,0.2542710907146033,0.2593948844302535,30,2
701,12,False,False,False,midpoint_with_inhaler,0.2542710907146033,0.2593948844302535,30,3
701,12,False,False,False,upper_bound,0.2542710907146033,0.2580933307232509,30,4
701,12,False,False,False,upper_bound_with_inhaler,0.2542710907146033,0.2580933307232509,30,5
701,12,False,False,True,one_hot,,,30,6
701,12,False,False,True,lower_bound,0.2542710907146033,0.24982304366167649,30,7
701,12,False,False,True,midpoint,0.2542710907146033,0.2593948844302535,30,8
701,12,False,False,True,midpoint_with_inhaler,0.2542710907146033,0.2593948844302535,30,9
701,12,False,False,True,upper_bound,0.2542710907146033,0.2580933307232509,30,10
701,12,False,False,True,upper_bound_with_inhaler,0.2542710907146033,0.2580933307232509,30,11
701,12,False,True,False,one_hot,,,30,12
701,12,False,True,False,lower_bound,0.3853472740318273,0.39914780971036123,30,13
701,12,False,True,False,midpoint,0.3853472740318273,0.4005800490375745,30,14
701,12,False,True,False,midpoint_with_inhaler,0.3853472740318273,0.4005800490375745,30,15
701,12,False,True,False,upper_bound,0.3853472740318273,0.39571024300988344,30,16
701,12,False,True,False,upper_bound_with_inhaler,0.3853472740318273,0.39571024300988344,30,17
701,12,False,True,True,one_hot,,,30,18
701,12,False,True,True,lower_bound,0.3853472740318273,0.39914780971036123,30,19
701,12,False,True,True,midpoint,0.3853472740318273,0.4005800490375745,30,20
701,12,False,True,True,midpoint_with_inhaler,0.3853472740318273,0.4005800490375745,30,21
701,12,False,True,True,upper_bound,0.3853472740318273,0.39571024300988344,30,22
701,12,False,True,True,upper_bound_with_inhaler,0.3853472740318273,0.39571024300988344,30,23
701,12,True,False,False,one_hot,,,30,24
701,12,True,False,False,lower_bound,0.20235518962500026,0.23582659091166366,30,25
701,12,True,False,False,midpoint,0.20235518962500026,0.24193550715616816,30,26
701,12,True,False,False,midpoint_with_inhaler,0.20235518962500026,0.24193550715616816,30,27
701,12,True,False,False,upper_bound,0.20235518962500026,0.24749241140288877,30,28
701,12,True,False,False,upper_bound_with_inhaler,0.20235518962500026,0.24749241140288877,30,29
701,12,True,False,True,one_hot,,,30,30
701,12,True,False,True,lower_bound,0.20235518962500026,0.23582659091166366,30,31
701,12,True,False,True,midpoint,0.20235518962500026,0.24193550715616816,30,32
701,12,True,False,True,midpoint_with_inhaler,0.20235518962500026,0.24193550715616816,30,33
701,12,True,False,True,upper_bound,0.20235518962500026,0.24749241140288877,30,34
701,12,True,False,True,upper_bound_with_inhaler,0.20235518962500026,0.24749241140288877,30,35
701,24,False,False,False,one_hot,,,30,36
701,24,False,False,False,lower_bound,0.29954155341793387,0.32181289037244837,30,37
701,24,False,False,False,midpoint,0.29954155341793387,0.32663185815366635,30,38
701,24,False,False,False,midpoint_with_inhaler,0.29954155341793387,0.32663185815366635,30,39
701,24,False,False,False,upper_bound,0.29954155341793387,0.3270558394879105,30,40
701,24,False,False,False,upper_bound_with_inhaler,0.29954155341793387,0.3270558394879105,30,41
701,24,False,False,True,one_hot,,,30,42
701,24,False,False,True,lower_bound,0.29954155341793387,0.32181289037244837,30,43
701,24,False,False,True,midpoint,0.29954155341793387,0.32663185815366635,30,44
701,24,False,False,True,midpoint_with_inhaler,0.29954155341793387,0.32663185815366635,30,45
701,24,False,False,True,upper_bound,0.29954155341793387,0.3270558394879105,30,46
701,24,False,False,True,upper_bound_with_inhaler,0.29954155341793387,0.3270558394879105,30,47
701,24,False,True,False,one_hot,,,30,48
701,24,False,True,False,lower_bound,0.18729196785061838,0.16397672001325264,30,49
701,24,False,True,False,midpoint,0.18729196785061838,0.12004236700584721,30,50
701,24,False,True,False,midpoint_with_inhaler,0.18729196785061838,0.12004236700584721,30,51
701,24,False,True,False,upper_bound,0.18729196785061838,0.08453775463221656,30,52
701,24,False,True,False,upper_bound_with_inhaler,0.18729196785061838,0.08453775463221656,30,53
701,24,False,True,True,one_hot,,,30,54
701,24,False,True,True,lower_bound,0.18729196785061838,0.16397672001325264,30,55
701,24,False,True,True,midpoint,0.18729196785061838,0.12004236700584721,30,56
701,24,False,True,True,midpoint_with_inhaler,0.18729196785061838,0.12004236700584721,30,57
701,24,False,True,True,upper_bound,0.18729196785061838,0.08453775463221656,30,58
701,24,False,True,True,upper_bound_with_inhaler,0.18729196785061838,0.08453775463221656,30,59
701,24,True,False,False,one_hot,,,30,60
701,24,True,False,False,lower_bound,0.29954155341793387,0.32181289037244837,30,61
701,24,True,False,False,midpoint,0.29954155341793387,0.32663185815366635,30,62
701,24,True,False,False,midpoint_with_inhaler,0.29954155341793387,0.32663185815366635,30,63
701,24,True,False,False,upper_bound,0.29954155341793387,0.3270558394879105,30,64
701,24,True,False,False,upper_bound_with_inhaler,0.29954155341793387,0.3270558394879105,30,65
701,24,True,False,True,one_hot,,,30,66
701,24,True,False,True,lower_bound,0.29954155341793387,0.32181289037244837,30,67
701,24,True,False,True,midpoint,0.29954155341793387,0.32663185815366635,30,68
701,24,True,False,True,midpoint_with_inhaler,0.29954155341793387,0.32663185815366635,30,69
701,24,True,False,True,upper_bound,0.29954155341793387,0.3270558394879105,30,70
701,24,True,False,True,upper_bound_with_inhaler,0.29954155341793387,0.3270558394879105,30,71
701,36,False,False,False,one_hot,,,30,72
701,36,False,False,False,lower_bound,0.29278895335776345,0.35418547075938484,30,73
701,36,False,False,False,midpoint,0.29278895335776345,0.28714963482819145,30,74
701,36,False,False,False,midpoint_with_inhaler,0.29278895335776345,0.28714963482819145,30,75
701,36,False,False,False,upper_bound,0.29278895335776345,0.2514227089478458,30,76
701,36,False,False,False,upper_bound_with_inhaler,0.29278895335776345,0.2514227089478458,30,77
701,36,False,False,True,one_hot,,,30,78
701,36,False,False,True,lower_bound,0.29278895335776345,0.35418547075938484,30,79
701,36,False,False,True,midpoint,0.29278895335776345,0.28714963482819145,30,80
701,36,False,False,True,midpoint_with_inhaler,0.29278895335776345,0.28714963482819145,30,81
701,36,False,False,True,upper_bound,0.29278895335776345,0.2514227089478458,30,82
701,36,False,False,True,upper_bound_with_inhaler,0.29278895335776345,0.2514227089478458,30,83
701,36,True,False,False,one_hot,,,30,84
701,36,True,False,False,lower_bound,0.07741933683635085,0.1236370518080331,30,85
701,36,True,False,False,midpoint,0.07741933683635085,0.13340757208524118,30,86
701,36,True,False,False,midpoint_with_inhaler,0.07741933683635085,0.13340757208524118,30,87
701,36,True,False,False,upper_bound,0.07741933683635085,0.14591161379503223,30,88
701,36,True,False,False,upper_bound_with_inhaler,0.07741933683635085,0.14591161379503223,30,89
701,36,True,False,True,one_hot,,,30,90
701,36,True,False,True,lower_bound,0.07741933683635085,0.1236370518080331,30,91
701,36,True,False,True,midpoint,0.07741933683635085,0.13340757208524118,30,92
701,36,True,False,True,midpoint_with_inhaler,0.07741933683635085,0.13340757208524118,30,93
701,36,True,False,True,upper_bound,0.07741933683635085,0.14591161379503223,30,94
701,36,True,False,True,upper_bound_with_inhaler,0.07741933683635085,0.14591161379503223,30,95
701,48,False,False,False,one_hot,,,30,96
701,48,False,False,False,lower_bound,0.24416650013269897,0.35327522939714684,30,97
701,48,False,False,False,midpoint,0.24416650013269897,0.2822490552709522,30,98
701,48,False,False,False,midpoint_with_inhaler,0.24416650013269897,0.2822490552709522,30,99
701,48,False,False,False,upper_bound,0.24416650013269897,0.24622071194137476,30,100
701,48,False,False,False,upper_bound_with_inhaler,0.24416650013269897,0.24622071194137476,30,101
701,48,False,False,True,one_hot,,,30,102
701,48,False,False,True,lower_bound,0.24416650013269897,0.35327522939714684,30,103
701,48,False,False,True,midpoint,0.24416650013269897,0.2822490552709522,30,104
701,48,False,False,True,midpoint_with_inhaler,0.24416650013269897,0.2822490552709522,30,105
701,48,False,False,True,upper_bound,0.24416650013269897,0.24622071194137476,30,106
701,48,False,False,True,upper_bound_with_inhaler,0.24416650013269897,0.24622071194137476,30,107
701,48,False,True,False,one_hot,,,30,108
701,48,False,True,False,lower_bound,-0.1230174231954581,-0.22493696159234614,30,109
701,48,False,True,False,midpoint,-0.1230174231954581,-0.22910509908415846,30,110
701,48,False,True,False,midpoint_with_inhaler,-0.1230174231954581,-0.22910509908415846,30,111
701,48,False,True,False,upper_bound,-0.1230174231954581,-0.23231741085513205,30,112
701,48,False,True,False,upper_bound_with_inhaler,-0.1230174231954581,-0.23231741085513205,30,113
701,48,False,True,True,one_hot,,,30,114
701,48,False,True,True,lower_bound,-0.1230174231954581,-0.22493696159234614,30,115
701,48,False,True,True,midpoint,-0.1230174231954581,-0.22910509908415846,30,116
701,48,False,True,True,midpoint_with_inhaler,-0.1230174231954581,-0.22910509908415846,30,117
701,48,False,True,True,upper_bound,-0.1230174231954581,-0.23231741085513205,30,118
701,48,False,True,True,upper_bound_with_inhaler,-0.1230174231954581,-0.23231741085513205,30,119
701,48,True,False,False,one_hot,,,30,120
701,48,True,False,False,lower_bound,0.009050996040286936,0.0033614568968569976,30,121
701,48,True,False,False,midpoint,0.009050996040286936,0.0258366599226199,30,122
701,48,True,False,False,midpoint_with_inhaler,0.009050996040286936,0.0258366599226199,30,123
701,48,True,False,False,upper_bound,0.009050996040286936,0.03758263157195116,30,124
701,48,True,False,False,upper_bound_with_inhaler,0.009050996040286936,0.03758263157195116,30,125
701,48,True,False,True,one_hot,,,30,126
701,48,True,False,True,lower_bound,0.009050996040286936,0.0033614568968569976,30,127
701,48,True,False,True,midpoint,0.009050996040286936,0.0258366599226199,30,128
701,48,True,False,True,midpoint_with_inhaler,0.009050996040286936,0.0258366599226199,30,129
701,48,True,False,True,upper_bound,0.009050996040286936,0.03758263157195116,30,130
701,48,True,False,True,upper_bound_with_inhaler,0.009050996040286936,0.03758263157195116,30,131
702,12,False,False,False,one_hot,0.5008496383953849,0.5008496383953849,120,0
702,12,False,False,False,lower_bound,0.548687641187959,0.8975797012962462,120,1
702,12,False,False,False,midpoint,0.548687641187959,0.7997738944181657,120,2
702,12,False,False,False,midpoint_with_inhaler,0.548687641187959,0.7997738944181657,120,3
702,12,False,False,False,upper_bound,0.548687641187959,0.7377814402562062,120,4
702,12,False,False,False,upper_bound_with_inhaler,0.548687641187959,0.7377814402562062,120,5
702,12,False,False,True,one_hot,0.5008496383953849,0.5008496383953849,120,6
702,12,False,False,True,lower_bound,0.548687641187959,0.8975797012962462,120,7
702,12,False,False,True,midpoint,0.548687641187959,0.7997738944181657,120,8
702,12,False,False,True,midpoint_with_inhaler,0.548687641187959,0.7997738944181657,120,9
702,12,False,False,True,upper_bound,0.548687641187959,0.7377814402562062,120,10
702,12,False,False,True,upper_bound_with_inhaler,0.548687641187959,0.7377814402562062,120,11
702,12,False,True,False,one_hot,0.23875980917530254,0.23875980917530254,120,12
702,12,False,True,False,lower_bound,0.33001601562236943,0.5034940594698917,120,13
702,12,False,True,False,midpoint,0.33001601562236943,0.48153974461340404,120,14
702,12,False,True,False,midpoint_with_inhaler,0.33001601562236943,0.48153974461340404,120,15
702,12,False,True,False,upper_bound,0.33001601562236943,0.4609996387324459,120,16
702,12,False,True,False,upper_bound_with_inhaler,0.33001601562236943,0.4609996387324459,120,17
702,12,False,True,True,one_hot,0.23875980917530254,0.23875980917530254,120,18
702,12,False,True,True,lower_bound,0.33001601562236943,0.5034940594698917,120,19
702,12,False,True,True,midpoint,0.33001601562236943,0.48153974461340404,120,20
702,12,False,True,True,midpoint_with_inhaler,0.33001601562236943,0.48153974461340404,120,21
702,12,False,True,True,upper_bound,0.33001601562236943,0.4609996387324459,120,22
702,12,False,True,True,upper_bound_with_inhaler,0.33001601562236943,0.4609996387324459,120,23
702,12,True,False,False,one_hot,0.41965968621646865,0.41965968621646865,120,24
702,12,True,False,False,lower_bound,0.5151288613651112,0.8242378816670933,120,25
702,12,True,False,False,midpoint,0.5151288613651112,0.8048962783893068,120,26
702,12,True,False,False,midpoint_with_inhaler,0.5151288613651112,0.8048962783893068,120,27
702,12,True,False,False,upper_bound,0.5151288613651112,0.7851358998674852,120,28
702,12,True,False,False,upper_bound_with_inhaler,0.5151288613651112,0.7851358998674852,120,29
702,12,True,False,True,one_hot,0.41965968621646865,0.41965968621646865,120,30
702,12,True,False,True,lower_bound,0.5151288613651112,0.8242378816670933,120,31
702,12,True,False,True,midpoint,0.5151288613651112,0.8048962783893068,120,32
702,12,True,False,True,midpoint_with_inhaler,0.5151288613651112,0.8048962783893068,120,33
702,12,True,False,True,upper_bound,0.5151288613651112,0.7851358998674852,120,34
702,12,True,False,True,upper_bound_with_inhaler,0.5151288613651112,0.7851358998674852,120,35
702,24,False,False,False,one_hot,0.596256201260248,0.596256201260248,120,36
702,24,False,False,False,lower_bound,0.710508453260822,1.1193514852312576,120,37
702,24,False,False,False,midpoint,0.710508453260822,1.0787753745774338,120,38
702,24,False,False,False,midpoint_with_inhaler,0.710508453260822,1.0787753745774338,120,39
702,24,False,False,False,upper_bound,0.710508453260822,1.037428213517566,120,40
702,24,False,False,False,upper_bound_with_inhaler,0.710508453260822,1.037428213517566,120,41
702,24,False,False,True,one_hot,0.596256201260248,0.596256201260248,120,42
702,24,False,False,True,lower_bound,0.710508453260822,1.1193514852312576,120,43
702,24,False,False,True,midpoint,0.710508453260822,1.0787753745774338,120,44
702,24,False,False,True,midpoint_with_inhaler,0.710508453260822,1.0787753745774338,120,45
702,24,False,False,True,upper_bound,0.710508453260822,1.037428213517566,120,46
702,24,False,False,True,upper_bound_with_inhaler,0.710508453260822,1.037428213517566,120,47
702,24,False,True,False,one_hot,0.47357145530561934,0.47357145530561934,120,48
702,24,False,True,False,lower_bound,0.5624312408887969,1.011433604244817,120,49
702,24,False,True,False,midpoint,0.5624312408887969,0.9463522724168199,120,50
702,24,False,True,False,midpoint_with_inhaler,0.5624312408887969,0.9463522724168199,120,51
702,24,False,True,False,upper_bound,0.5624312408887969,0.8988698988247749,120,52
702,24,False,True,False,upper_bound_with_inhaler,0.5624312408887969,0.8988698988247749,120,53
702,24,False,True,True,one_hot,0.47357145530561934,0.47357145530561934,120,54
702,24,False,True,True,lower_bound,0.5624312408887969,1.011433604244817,120,55
702,24,False,True,True,midpoint,0.5624312408887969,0.9463522724168199,120,56
702,24,False,True,True,midpoint_with_inhaler,0.5624312408887969,0.9463522724168199,120,57
702,24,False,True,True,upper_bound,0.5624312408887969,0.8988698988247749,120,58
702,24,False,True,True,upper_bound_with_inhaler,0.5624312408887969,0.8988698988247749,120,59
702,24,True,False,False,one_hot,0.596256201260248,0.596256201260248,120,60
702,24,True,False,False,lower_bound,0.710508453260822,1.1193514852312576,120,61
702,24,True,False,False,midpoint,0.710508453260822,1.0787753745774338,120,62
702,24,True,False,False,midpoint_with_inhaler,0.710508453260822,1.0787753745774338,120,63
702,24,True,False,False,upper_bound,0.710508453260822,1.037428213517566,120,64
702,24,True,False,False,upper_bound_with_inhaler,0.710508453260822,1.037428213517566,120,65
702,24,True,False,True,one_hot,0.596256201260248,0.596256201260248,120,66
702,24,True,False,True,lower_bound,0.710508453260822,1.1193514852312576,120,67
702,24,True,False,True,midpoint,0.710508453260822,1.0787753745774338,120,68
702,24,True,False,True,midpoint_with_inhaler,0.710508453260822,1.0787753745774338,120,69
702,24,True,False,True,upper_bound,0.710508453260822,1.037428213517566,120,70
702,24,True,False,True,upper_bound_with_inhaler,0.710508453260822,1.037428213517566,120,71
702,36,False,False,False,one_hot,0.4222507485545116,0.42225074855451156,120,72
702,36,False,False,False,lower_bound,0.6012529431703006,1.1580333310941793,120,73
702,36,False,False,False,midpoint,0.6012529431703006,1.1039803785357765,120,74
702,36,False,False,False,midpoint_with_inhaler,0.6012529431703006,1.1039803785357765,120,75
702,36,False,False,False,upper_bound,0.6012529431703006,1.0517922133850637,120,76
702,36,False,False,False,upper_bound_with_inhaler,0.6012529431703006,1.0517922133850637,120,77
702,36,False,False,True,one_hot,0.4222507485545116,0.42225074855451156,120,78
702,36,False,False,True,lower_bound,0.6012529431703006,1.1580333310941793,120,79
702,36,False,False,True,midpoint,0.6012529431703006,1.1039803785357765,120,80
702,36,False,False,True,midpoint_with_inhaler,0.6012529431703006,1.1039803785357765,120,81
702,36,False,False,True,upper_bound,0.6012529431703006,1.0517922133850637,120,82
702,36,False,False,True,upper_bound_with_inhaler,0.6012529431703006,1.0517922133850637,120,83
702,36,True,False,False,one_hot,0.4220912881759518,0.4220912881759518,120,84
702,36,True,False,False,lower_bound,0.48947030792881757,0.7584731656911449,120,85
702,36,True,False,False,midpoint,0.48947030792881757,0.7079554728696769,120,86
702,36,True,False,False,midpoint_with_inhaler,0.48947030792881757,0.7079554728696769,120,87
702,36,True,False,False,upper_bound,0.48947030792881757,0.6676293537151694,120,88
702,36,True,False,False,upper_bound_with_inhaler,0.48947030792881757,0.6676293537151694,120,89
702,36,True,False,True,one_hot,0.4220912881759518,0.4220912881759518,120,90
702,36,True,False,True,lower_bound,0.48947030792881757,0.7584731656911449,120,91
702,36,True,False,True,midpoint,0.48947030792881757,0.7079554728696769,120,92
702,36,True,False,True,midpoint_with_inhaler,0.48947030792881757,0.7079554728696769,120,93
702,36,True,False,True,upper_bound,0.48947030792881757,0.6676293537151694,120,94
702,36,True,False,True,upper_bound_with_inhaler,0.48947030792881757,0.6676293537151694,120,95
702,48,False,False,False,one_hot,0.3574853820054725,0.3574853820054725,120,96
702,48,False,False,False,lower_bound,0.5750661370034833,1.0959070500443466,120,97
702,48,False,False,False,midpoint,0.5750661370034833,1.050741119587417,120,98
702,48,False,False,False,midpoint_with_inhaler,0.5750661370034833,1.050741119587417,120,99
702,48,False,False,False,upper_bound,0.5750661370034833,1.0048152052580366,120,100
702,48,False,False,False,upper_bound_with_inhaler,0.5750661370034833,1.0048152052580366,120,101
702,48,False,False,True,one_hot,0.3574853820054725,0.3574853820054725,120,102
702,48,False,False,True,lower_bound,0.5750661370034833,1.0959070500443466,120,103
702,48,False,False,True,midpoint,0.5750661370034833,1.050741119587417,120,104
702,48,False,False,True,midpoint_with_inhaler,0.5750661370034833,1.050741119587417,120,105
702,48,False,False,True,upper_bound,0.5750661370034833,1.0048152052580366,120,106
702,48,False,False,True,upper_bound_with_inhaler,0.5750661370034833,1.0048152052580366,120,107
702,48,False,True,False,one_hot,0.23438398617557366,0.23438398617557366,120,108
702,48,False,True,False,lower_bound,0.30953482743992644,0.500189072673928,120,109
702,48,False,True,False,midpoint,0.30953482743992644,0.48090582706933593,120,110
702,48,False,True,False,midpoint_with_inhaler,0.30953482743992644,0.48090582706933593,120,111
702,48,False,True,False,upper_bound,0.30953482743992644,0.4608575007774152,120,112
702,48,False,True,False,upper_bound_with_inhaler,0.30953482743992644,0.4608575007774152,120,113
702,48,False,True,True,one_hot,0.23438398617557366,0.23438398617557366,120,114
702,48,False,True,True,lower_bound,0.30953482743992644,0.500189072673928,120,115
702,48,False,True,True,midpoint,0.30953482743992644,0.48090582706933593,120,116
702,48,False,True,True,midpoint_with_inhaler,0.30953482743992644,0.48090582706933593,120,117
702,48,False,True,True,upper_bound,0.30953482743992644,0.4608575007774152,120,118
702,48,False,True,True,upper_bound_with_inhaler,0.30953482743992644,0.4608575007774152,120,119
702,48,True,False,False,one_hot,0.2963181512859209,0.2963181512859209,120,120
702,48,True,False,False,lower_bound,0.3605162175993869,0.5654320172836633,120,121
702,48,True,False,False,midpoint,0.3605162175993869,0.5327220472248656,120,122
702,48,True,False,False,midpoint_with_inhaler,0.3605162175993869,0.5327220472248656,120,123
702,48,True,False,False,upper_bound,0.3605162175993869,0.5065204103080397,120,124
702,48,True,False,False,upper_bound_with_inhaler,0.3605162175993869,0.5065204103080397,120,125
702,48,True,False,True,one_hot,0.2963181512859209,0.2963181512859209,120,126
702,48,True,False,True,lower_bound,0.3605162175993869,0.5654320172836633,120,127
702,48,True,False,True,midpoint,0.3605162175993869,0.5327220472248656,120,128
702,48,True,False,True,midpoint_with_inhaler,0.3605162175993869,0.5327220472248656,120,129
702,48,True,False,True,upper_bound,0.3605162175993869,0.5065204103080397,120,130
702,48,True,False,True,upper_bound_with_inhaler,0.3605162175993869,0.5065204103080397,120,131
917,12,False,False,False,one_hot,1.0729483047346624,1.0729483047346626,9,0
917,12,False,False,False,lower_bound,1.4427333990803324,1.622839962608309,9,1
917,12,False,False,False,midpoint,1.4427333990803324,1.6989144370335105,9,2
917,12,False,False,False,midpoint_with_inhaler,1.4427333990803324,1.6989144370335105,9,3
917,12,False,False,False,upper_bound,1.4427333990803324,1.6676686242407015,9,4
917,12,False,False,False,upper_bound_with_inhaler,1.4427333990803324,1.6676686242407015,9,5
917,12,False,False,True,one_hot,1.0729483047346624,1.0729483047346626,9,6
917,12,False,False,True,lower_bound,1.4427333990803324,1.622839962608309,9,7
917,12,False,False,True,midpoint,1.4427333990803324,1.6989144370335105,9,8
917,12,False,False,True,midpoint_with_inhaler,1.4427333990803324,1.6989144370335105,9,9
917,12,False,False,True,upper_bound,1.4427333990803324,1.6676686242407015,9,10
917,12,False,False,True,upper_bound_with_inhaler,1.4427333990803324,1.6676686242407015,9,11
917,12,False,True,False,one_hot,0.4180480042601458,0.4180480042601458,9,12
917,12,False,True,False,lower_bound,0.654649199536041,0.705949558221625,9,13
917,12,False,True,False,midpoint,0.654649199536041,0.7347934632151959,9,14
917,12,False,True,False,midpoint_with_inhaler,0.654649199536041,0.7347934632151959,9,15
917,12,False,True,False,upper_bound,0.654649199536041,0.7372734534921918,9,16
917,12,False,True,False,upper_bound_with_inhaler,0.654649199536041,0.7372734534921918,9,17
917,12,False,True,True,one_hot,0.4180480042601458,0.4180480042601458,9,18
917,12,False,True,True,lower_bound,0.654649199536041,0.705949558221625,9,19
917,12,False,True,True,midpoint,0.654649199536041,0.7347934632151959,9,20
917,12,False,True,True,midpoint_with_inhaler,0.654649199536041,0.7347934632151959,9,21
917,12,False,True,True,upper_bound,0.654649199536041,0.7372734534921918,9,22
917,12,False,True,True,upper_bound_with_inhaler,0.654649199536041,0.7372734534921918,9,23
917,12,True,False,False,one_hot,,,9,24
917,12,True,False,False,lower_bound,0.6850439186774424,0.9659240966937714,9,25
917,12,True,False,False,midpoint,0.6850439186774424,1.0482709997354065,9,26
917,12,True,False,False,midpoint_with_inhaler,0.6850439186774424,1.0482709997354065,9,27
917,12,True,False,False,upper_bound,0.6850439186774424,1.0729483047346626,9,28
917,12,True,False,False,upper_bound_with_inhaler,0.6850439186774424,1.0729483047346626,9,29
917,12,True,False,True,one_hot,,,9,30
917,12,True,False,True,lower_bound,0.6850439186774424,0.9659240966937714,9,31
917,12,True,False,True,midpoint,0.6850439186774424,1.0482709997354065,9,32
917,12,True,False,True,midpoint_with_inhaler,0.6850439186774424,1.0482709997354065,9,33
917,12,True,False,True,upper_bound,0.6850439186774424,1.0729483047346626,9,34
917,12,True,False,True,upper_bound_with_inhaler,0.6850439186774424,1.0729483047346626,9,35
917,24,False,False,False,one_hot,,,9,36
917,24,False,False,False,lower_bound,0.48500379762828943,0.5437184434953726,9,37
917,24,False,False,False,midpoint,0.48500379762828943,0.49594778460669225,9,38
917,24,False,False,False,midpoint_with_inhaler,0.48500379762828943,0.49594778460669225,9,39
917,24,False,False,False,upper_bound,0.48500379762828943,0.45549013972194474,9,40
917,24,False,False,False,upper_bound_with_inhaler,0.48500379762828943,0.45549013972194474,9,41
917,24,False,False,True,one_hot,,,9,42
917,24,False,False,True,lower_bound,0.48500379762828943,0.5437184434953726,9,43
917,24,False,False,True,midpoint,0.48500379762828943,0.49594778460669225,9,44
917,24,False,False,True,midpoint_with_inhaler,0.48500379762828943,0.49594778460669225,9,45
917,24,False,False,True,upper_bound,0.48500379762828943,0.45549013972194474,9,46
917,24,False,False,True,upper_bound_with_inhaler,0.48500379762828943,0.45549013972194474,9,47
917,24,False,True,False,one_hot,,,9,48
917,24,False,True,False,lower_bound,0.05893695889388989,0.2752737481721525,9,49
917,24,False,True,False,midpoint,0.05893695889388989,0.2777969533930888,9,50
917,24,False,True,False,midpoint_with_inhaler,0.05893695889388989,0.2777969533930888,9,51
917,24,False,True,False,upper_bound,0.05893695889388989,0.27675359998811894,9,52
917,24,False,True,False,upper_bound_with_inhaler,0.05893695889388989,0.27675359998811894,9,53
917,24,False,True,True,one_hot,,,9,54
917,24,False,True,True,lower_bound,0.05893695889388989,0.2752737481721525,9,55
917,24,False,True,True,midpoint,0.05893695889388989,0.2777969533930888,9,56
917,24,False,True,True,midpoint_with_inhaler,0.05893695889388989,0.2777969533930888,9,57
917,24,False,True,True,upper_bound,0.05893695889388989,0.27675359998811894,9,58
917,24,False,True,True,upper_bound_with_inhaler,0.05893695889388989,0.27675359998811894,9,59
917,24,True,False,False,one_hot,,,9,60
917,24,True,False,False,lower_bound,0.48500379762828943,0.5437184434953726,9,61
917,24,True,False,False,midpoint,0.48500379762828943,0.49594778460669225,9,62
917,24,True,False,False,midpoint_with_inhaler,0.48500379762828943,0.49594778460669225,9,63
917,24,True,False,False,upper_bound,0.48500379762828943,0.45549013972194474,9,64
917,24,True,False,False,upper_bound_with_inhaler,0.48500379762828943,0.45549013972194474,9,65
917,24,True,False,True,one_hot,,,9,66
917,24,True,False,True,lower_bound,0.48500379762828943,0.5437184434953726,9,67
917,24,True,False,True,midpoint,0.48500379762828943,0.49594778460669225,9,68
917,24,True,False,True,midpoint_with_inhaler,0.48500379762828943,0.49594778460669225,9,69
917,24,True,False,True,upper_bound,0.48500379762828943,0.45549013972194474,9,70
917,24,True,False,True,upper_bound_with_inhaler,0.48500379762828943,0.45549013972194474,9,71
917,36,False,False,False,one_hot,,,9,72
917,36,False,False,False,lower_bound,0.6556656613232177,1.0722955820585498,9,73
917,36,False,False,False,midpoint,0.6556656613232177,1.0070909771927465,9,74
917,36,False,False,False,midpoint_with_inhaler,0.6556656613232177,1.0070909771927465,9,75
917,36,False,False,False,upper_bound,0.6556656613232177,0.9481260692388995,9,76
917,36,False,False,False,upper_bound_with_inhaler,0.6556656613232177,0.9481260692388995,9,77
917,36,False,False,True,one_hot,,,9,78
917,36,False,False,True,lower_bound,0.6556656613232177,1.0722955820585498,9,79
917,36,False,False,True,midpoint,0.6556656613232177,1.0070909771927465,9,80
917,36,False,False,True,midpoint_with_inhaler,0.6556656613232177,1.0070909771927465,9,81
917,36,False,False,True,upper_bound,0.6556656613232177,0.9481260692388995,9,82
917,36,False,False,True,upper_bound_with_inhaler,0.6556656613232177,0.9481260692388995,9,83
917,36,True,False,False,one_hot,,,9,84
917,36,True,False,False,lower_bound,-0.4270441744164604,-0.29856964529601887,9,85
917,36,True,False,False,midpoint,-0.4270441744164604,-0.3672041058640843,9,86
917,36,True,False,False,midpoint_with_inhaler,-0.4270441744164604,-0.3672041058640843,9,87
917,36,True,False,False,upper_bound,-0.4270441744164604,-0.4086176764063331,9,88
917,36,True,False,False,upper_bound_with_inhaler,-0.4270441744164604,-0.4086176764063331,9,89
917,36,True,False,True,one_hot,,,9,90
917,36,True,False,True,lower_bound,-0.4270441744164604,-0.29856964529601887,9,91
917,36,True,False,True,midpoint,-0.4270441744164604,-0.3672041058640843,9,92
917,36,True,False,True,midpoint_with_inhaler,-0.4270441744164604,-0.3672041058640843,9,93
917,36,True,False,True,upper_bound,-0.4270441744164604,-0.4086176764063331,9,94
917,36,True,False,True,upper_bound_with_inhaler,-0.4270441744164604,-0.4086176764063331,9,95
917,48,False,False,False,one_hot,,,9,96
917,48,False,False,False,lower_bound,0.43590836892112433,0.9298141789814327,9,97
917,48,False,False,False,midpoint,0.43590836892112433,0.77185181347002,9,98
917,48,False,False,False,midpoint_with_inhaler,0.43590836892112433,0.8119920895366723,9,99
917,48,False,False,False,upper_bound,0.43590836892112433,0.6227928021229048,9,100
917,48,False,False,False,upper_bound_with_inhaler,0.43590836892112433,0.6713411548026801,9,101
917,48,False,False,True,one_hot,,,9,102
917,48,False,False,True,lower_bound,0.43590836892112433,0.9298141789814327,9,103
917,48,False,False,True,midpoint,0.43590836892112433,0.77185181347002,9,104
917,48,False,False,True,midpoint_with_inhaler,0.43590836892112433,0.8119920895366723,9,105
917,48,False,False,True,upper_bound,0.43590836892112433,0.6227928021229048,9,106
917,48,False,False,True,upper_bound_with_inhaler,0.43590836892112433,0.6713411548026801,9,107
917,48,False,True,False,one_hot,0.4180480042601457,0.4180480042601458,9,108
917,48,False,True,False,lower_bound,0.18036741367580583,0.23900181641003554,9,109
917,48,False,True,False,midpoint,0.18036741367580583,0.23774969977945895,9,110
917,48,False,True,False,midpoint_with_inhaler,0.18036741367580583,0.23774969977945895,9,111
917,48,False,True,False,upper_bound,0.18036741367580583,0.24030072982007333,9,112
917,48,False,True,False,upper_bound_with_inhaler,0.18036741367580583,0.24030072982007333,9,113
917,48,False,True,True,one_hot,0.4180480042601457,0.4180480042601458,9,114
917,48,False,True,True,lower_bound,0.18036741367580583,0.23900181641003554,9,115
917,48,False,True,True,midpoint,0.18036741367580583,0.23774969977945895,9,116
917,48,False,True,True,midpoint_with_inhaler,0.18036741367580583,0.23774969977945895,9,117
917,48,False,True,True,upper_bound,0.18036741367580583,0.24030072982007333,9,118
917,48,False,True,True,upper_bound_with_inhaler,0.18036741367580583,0.24030072982007333,9,119
917,48,True,False,False,one_hot,,,9,120
917,48,True,False,False,lower_bound,0.11952367219333353,0.39560628012136523,9,121
917,48,True,False,False,midpoint,0.11952367219333353,0.4853364038357404,9,122
917,48,True,False,False,midpoint_with_inhaler,0.11952367219333353,0.4853364038357404,9,123
917,48,True,False,False,upper_bound,0.11952367219333353,0.54526975829287,9,124
917,48,True,False,False,upper_bound_with_inhaler,0.11952367219333353,0.54526975829287,9,125
917,48,True,False,True,one_hot,,,9,126
917,48,True,False,True,lower_bound,0.11952367219333353,0.39560628012136523,9,127
917,48,True,False,True,midpoint,0.11952367219333353,0.4853364038357404,9,128
917,48,True,False,True,midpoint_with_inhaler,0.11952367219333353,0.4853364038357404,9,129
917,48,True,False,True,upper_bound,0.11952367219333353,0.54526975829287,9,130
917,48,True,False,True,upper_bound_with_inhaler,0.11952367219333353,0.54526975829287,9,131
939,12,False,False,False,one_hot,-0.06858784354261895,-0.06858784354261897,158,0
939,12,False,False,False,lower_bound,0.28565595996419835,0.2984752708236989,158,1
939,12,False,False,False,midpoint,0.28565595996419835,0.26811887162173287,158,2
939,12,False,False,False,midpoint_with_inhaler,0.28565595996419835,0.26811887162173287,158,3
939,12,False,False,False,upper_bound,0.28565595996419835,0.23804581426827762,158,4
939,12,False,False,False,upper_bound_with_inhaler,0.28565595996419835,0.23804581426827762,158,5
939,12,False,False,True,one_hot,-0.06858784354261895,-0.06858784354261897,158,6
939,12,False,False,True,lower_bound,0.28565595996419835,0.2984752708236989,158,7
939,12,False,False,True,midpoint,0.28565595996419835,0.26811887162173287,158,8
939,12,False,False,True,midpoint_with_inhaler,0.28565595996419835,0.26811887162173287,158,9
939,12,False,False,True,upper_bound,0.28565595996419835,0.23804581426827762,158,10
939,12,False,False,True,upper_bound_with_inhaler,0.28565595996419835,0.23804581426827762,158,11
939,12,False,True,False,one_hot,,,158,12
939,12,False,True,False,lower_bound,0.31064678241475263,0.41536070024199007,158,13
939,12,False,True,False,midpoint,0.31064678241475263,0.39081256437060036,158,14
939,12,False,True,False,midpoint_with_inhaler,0.31064678241475263,0.39081256437060036,158,15
939,12,False,True,False,upper_bound,0.31064678241475263,0.3627143343758761,158,16
939,12,False,True,False,upper_bound_with_inhaler,0.31064678241475263,0.3627143343758761,158,17
939,12,False,True,True,one_hot,,,158,18
939,12,False,True,True,lower_bound,0.31064678241475263,0.41536070024199007,158,19
939,12,False,True,True,midpoint,0.31064678241475263,0.39081256437060036,158,20
939,12,False,True,True,midpoint_with_inhaler,0.31064678241475263,0.39081256437060036,158,21
939,12,False,True,True,upper_bound,0.31064678241475263,0.3627143343758761,158,22
939,12,False,True,True,upper_bound_with_inhaler,0.31064678241475263,0.3627143343758761,158,23
939,12,True,False,False,one_hot,,,158,24
939,12,True,False,False,lower_bound,0.29395905029909514,0.397119830595139,158,25
939,12,True,False,False,midpoint,0.29395905029909514,0.35995869763983473,158,26
939,12,True,False,False,midpoint_with_inhaler,0.29395905029909514,0.35995869763983473,158,27
939,12,True,False,False,upper_bound,0.29395905029909514,0.32499991971942466,158,28
939,12,True,False,False,upper_bound_with_inhaler,0.29395905029909514,0.32499991971942466,158,29
939,12,True,False,True,one_hot,,,158,30
939,12,True,False,True,lower_bound,0.29395905029909514,0.397119830595139,158,31
939,12,True,False,True,midpoint,0.29395905029909514,0.35995869763983473,158,32
939,12,True,False,True,midpoint_with_inhaler,0.29395905029909514,0.35995869763983473,158,33
939,12,True,False,True,upper_bound,0.29395905029909514,0.32499991971942466,158,34
939,12,True,False,True,upper_bound_with_inhaler,0.29395905029909514,0.32499991971942466,158,35
939,24,False,False,False,one_hot,,,158,36
939,24,False,False,False,lower_bound,0.4532703199742585,0.5088635835027447,158,37
939,24,False,False,False,midpoint,0.4532703199742585,0.49628439806863006,158,38
939,24,False,False,False,midpoint_with_inhaler,0.4532703199742585,0.49628439806863006,158,39
939,24,False,False,False,upper_bound,0.4532703199742585,0.4794326112579527,158,40
939,24,False,False,False,upper_bound_with_inhaler,0.4532703199742585,0.4794326112579527,158,41
939,24,False,False,True,one_hot,,,158,42
939,24,False,False,True,lower_bound,0.4532703199742585,0.5088635835027447,158,43
939,24,False,False,True,midpoint,0.4532703199742585,0.49628439806863006,158,44
939,24,False,False,True,midpoint_with_inhaler,0.4532703199742585,0.49628439806863006,158,45
939,24,False,False,True,upper_bound,0.4532703199742585,0.4794326112579527,158,46
939,24,False,False,True,upper_bound_with_inhaler,0.4532703199742585,0.4794326112579527,158,47
939,24,False,True,False,one_hot,,,158,48
939,24,False,True,False,lower_bound,0.42501194336031556,0.5118866171909927,158,49
939,24,False,True,False,midpoint,0.42501194336031556,0.5269698005218434,158,50
939,24,False,True,False,midpoint_with_inhaler,0.42501194336031556,0.5269698005218434,158,51
939,24,False,True,False,upper_bound,0.42501194336031556,0.524936921075495,158,52
939,24,False,True,False,upper_bound_with_inhaler,0.42501194336031556,0.524936921075495,158,53
939,24,False,True,True,one_hot,,,158,54
939,24,False,True,True,lower_bound,0.42501194336031556,0.5118866171909927,158,55
939,24,False,True,True,midpoint,0.42501194336031556,0.5269698005218434,158,56
939,24,False,True,True,midpoint_with_inhaler,0.42501194336031556,0.5269698005218434,158,57
939,24,False,True,True,upper_bound,0.42501194336031556,0.524936921075495,158,58
939,24,False,True,True,upper_bound_with_inhaler,0.42501194336031556,0.524936921075495,158,59
939,24,True,False,False,one_hot,,,158,60
939,24,True,False,False,lower_bound,0.4532703199742585,0.5088635835027447,158,61
939,24,True,False,False,midpoint,0.4532703199742585,0.49628439806863006,158,62
939,24,True,False,False,midpoint_with_inhaler,0.4532703199742585,0.49628439806863006,158,63
939,24,True,False,False,upper_bound,0.4532703199742585,0.4794326112579527,158,64
939,24,True,False,False,upper_bound_with_inhaler,0.4532703199742585,0.4794326112579527,158,65
939,24,True,False,True,one_hot,,,158,66
939,24,True,False,True,lower_bound,0.4532703199742585,0.5088635835027447,158,67
939,24,True,False,True,midpoint,0.4532703199742585,0.49628439806863006,158,68
939,24,True,False,True,midpoint_with_inhaler,0.4532703199742585,0.49628439806863006,158,69
939,24,True,False,True,upper_bound,0.4532703199742585,0.4794326112579527,158,70
939,24,True,False,True,upper_bound_with_inhaler,0.4532703199742585,0.4794326112579527,158,71
939,36,False,False,False,one_hot,,,158,72
939,36,False,False,False,lower_bound,0.385180347543754,0.4940747813687441,158,73
939,36,False,False,False,midpoint,0.385180347543754,0.4461547750522786,158,74
939,36,False,False,False,midpoint_with_inhaler,0.385180347543754,0.4461547750522786,158,75
939,36,False,False,False,upper_bound,0.385180347543754,0.40877698919906863,158,76
939,36,False,False,False,upper_bound_with_inhaler,0.385180347543754,0.40877698919906863,158,77
939,36,False,False,True,one_hot,,,158,78
939,36,False,False,True,lower_bound,0.385180347543754,0.4940747813687441,158,79
939,36,False,False,True,midpoint,0.385180347543754,0.4461547750522786,158,80
939,36,False,False,True,midpoint_with_inhaler,0.385180347543754,0.4461547750522786,158,81
939,36,False,False,True,upper_bound,0.385180347543754,0.40877698919906863,158,82
939,36,False,False,True,upper_bound_with_inhaler,0.385180347543754,0.40877698919906863,158,83
939,36,True,False,False,one_hot,,,158,84
939,36,True,False,False,lower_bound,0.513404850537897,0.6291227705162421,158,85
939,36,True,False,False,midpoint,0.513404850537897,0.6567622817709868,158,86
939,36,True,False,False,midpoint_with_inhaler,0.513404850537897,0.6567622817709868,158,87
939,36,True,False,False,upper_bound,0.513404850537897,0.6595353693374377,158,88
939,36,True,False,False,upper_bound_with_inhaler,0.513404850537897,0.6595353693374377,158,89
939,36,True,False,True,one_hot,,,158,90
939,36,True,False,True,lower_bound,0.513404850537897,0.6291227705162421,158,91
939,36,True,False,True,midpoint,0.513404850537897,0.6567622817709868,158,92
939,36,True,False,True,midpoint_with_inhaler,0.513404850537897,0.6567622817709868,158,93
939,36,True,False,True,upper_bound,0.513404850537897,0.6595353693374377,158,94
939,36,True,False,True,upper_bound_with_inhaler,0.513404850537897,0.6595353693374377,158,95
939,48,False,False,False,one_hot,,,158,96
939,48,False,False,False,lower_bound,0.4051629650640719,0.524527076184236,158,97
939,48,False,False,False,midpoint,0.4051629650640719,0.4428060422150537,158,98
939,48,False,False,False,midpoint_with_inhaler,0.4051629650640719,0.4625538809108332,158,99
939,48,False,False,False,upper_bound,0.3793508508501612,0.376485783744812,158,100
939,48,False,False,False,upper_bound_with_inhaler,0.4051629650640719,0.4392144575116327,158,101
939,48,False,False,True,one_hot,,,158,102
939,48,False,False,True,lower_bound,0.4051629650640719,0.524527076184236,158,103
939,48,False,False,True,midpoint,0.4051629650640719,0.4428060422150537,158,104
939,48,False,False,True,midpoint_with_inhaler,0.4051629650640719,0.4625538809108332,158,105
939,48,False,False,True,upper_bound,0.3793508508501612,0.376485783744812,158,106
939,48,False,False,True,upper_bound_with_inhaler,0.4051629650640719,0.4392144575116327,158,107
939,48,False,True,False,one_hot,,,158,108
939,48,False,True,False,lower_bound,0.2675170014883085,0.37539982520238185,158,109
939,48,False,True,False,midpoint,0.2675170014883085,0.34868771386906067,158,110
939,48,False,True,False,midpoint_with_inhaler,0.2675170014883085,0.34868771386906067,158,111
939,48,False,True,False,upper_bound,0.2675170014883085,0.3208785197624033,158,112
939,48,False,True,False,upper_bound_with_inhaler,0.2675170014883085,0.3208785197624033,158,113
939,48,False,True,True,one_hot,,,158,114
939,48,False,True,True,lower_bound,0.2675170014883085,0.37539982520238185,158,115
939,48,False,True,True,midpoint,0.2675170014883085,0.34868771386906067,158,116
939,48,False,True,True,midpoint_with_inhaler,0.2675170014883085,0.34868771386906067,158,117
939,48,False,True,True,upper_bound,0.2675170014883085,0.3208785197624033,158,118
939,48,False,True,True,upper_bound_with_inhaler,0.2675170014883085,0.3208785197624033,158,119
939,48,True,False,False,one_hot,,,158,120
939,48,True,False,False,lower_bound,0.11951341141885412,0.22574599909407297,158,121
939,48,True,False,False,midpoint,0.11951341141885412,0.1899530661474486,158,122
939,48,True,False,False,midpoint_with_inhaler,0.11951341141885412,0.1899530661474486,158,123
939,48,True,False,False,upper_bound,0.11951341141885412,0.16216804486073963,158,124
939,48,True,False,False,upper_bound_with_inhaler,0.11951341141885412,0.16216804486073963,158,125
939,48,True,False,True,one_hot,,,158,126
939,48,True,False,True,lower_bound,0.11951341141885412,0.22574599909407297,158,127
939,48,True,False,True,midpoint,0.11951341141885412,0.1899530661474486,158,128
939,48,True,False,True,midpoint_with_inhaler,0.11951341141885412,0.1899530661474486,158,129
939,48,True,False,True,upper_bound,0.11951341141885412,0.16216804486073963,158,130
939,48,True,False,True,upper_bound_with_inhaler,0.11951341141885412,0.16216804486073963,158,131
