user_key,timestamp_window,use_daily_max_windows,use_calendar_days,filter_out_zero_usage_entries,categorization_method,spearman_z,pearson_z,sample_size,config_idx
113,12,False,False,False,one_hot,0.20524291221832522,0.20524291221832522,163,0
113,12,False,False,False,lower_bound,0.3647203520442759,0.45090046091558544,163,1
113,12,False,False,False,midpoint,0.3647203520442759,0.4473351223606638,163,2
113,12,False,False,False,midpoint_with_inhaler,0.3647203520442759,0.4473351223606638,163,3
113,12,False,False,False,upper_bound,0.3647203520442759,0.4374534202585345,163,4
113,12,False,False,False,upper_bound_with_inhaler,0.3647203520442759,0.4374534202585345,163,5
113,12,False,False,True,one_hot,0.20524291221832522,0.20524291221832522,163,6
113,12,False,False,True,lower_bound,0.3647203520442759,0.45090046091558544,163,7
113,12,False,False,True,midpoint,0.3647203520442759,0.4473351223606638,163,8
113,12,False,False,True,midpoint_with_inhaler,0.3647203520442759,0.4473351223606638,163,9
113,12,False,False,True,upper_bound,0.3647203520442759,0.4374534202585345,163,10
113,12,False,False,True,upper_bound_with_inhaler,0.3647203520442759,0.4374534202585345,163,11
113,12,False,True,False,one_hot,0.10108411268829842,0.10108411268829844,163,12
113,12,False,True,False,lower_bound,0.2834141305515958,0.33910307587114497,163,13
113,12,False,True,False,midpoint,0.2834141305515958,0.3357121443510555,163,14
113,12,False,True,False,midpoint_with_inhaler,0.2834141305515958,0.3357121443510555,163,15
113,12,False,True,False,upper_bound,0.2834141305515958,0.3270753820968041,163,16
113,12,False,True,False,upper_bound_with_inhaler,0.2834141305515958,0.3270753820968041,163,17
113,12,False,True,True,one_hot,0.10108411268829842,0.10108411268829844,163,18
113,12,False,True,True,lower_bound,0.2834141305515958,0.33910307587114497,163,19
113,12,False,True,True,midpoint,0.2834141305515958,0.3357121443510555,163,20
113,12,False,True,True,midpoint_with_inhaler,0.2834141305515958,0.3357121443510555,163,21
113,12,False,True,True,upper_bound,0.2834141305515958,0.3270753820968041,163,22
113,12,False,True,True,upper_bound_with_inhaler,0.2834141305515958,0.3270753820968041,163,23
113,12,True,False,False,one_hot,0.20638874947383543,0.2063887494738355,163,24
113,12,True,False,False,lower_bound,0.30256971479264605,0.3376872897634375,163,25
113,12,True,False,False,midpoint,0.30256971479264605,0.33707222366001677,163,26
113,12,True,False,False,midpoint_with_inhaler,0.30256971479264605,0.33707222366001677,163,27
113,12,True,False,False,upper_bound,0.30256971479264605,0.33297684653759557,163,28
113,12,True,False,False,upper_bound_with_inhaler,0.30256971479264605,0.33297684653759557,163,29
113,12,True,False,True,one_hot,0.20638874947383543,0.2063887494738355,163,30
113,12,True,False,True,lower_bound,0.30256971479264605,0.3376872897634375,163,31
113,12,True,False,True,midpoint,0.30256971479264605,0.33707222366001677,163,32
113,12,True,False,True,midpoint_with_inhaler,0.30256971479264605,0.33707222366001677,163,33
113,12,True,False,True,upper_bound,0.30256971479264605,0.33297684653759557,163,34
113,12,True,False,True,upper_bound_with_inhaler,0.30256971479264605,0.33297684653759557,163,35
113,24,False,False,False,one_hot,0.16164862232074861,0.16164862232074864,163,36
113,24,False,False,False,lower_bound,0.3721715586087271,0.41166244682849845,163,37
113,24,False,False,False,midpoint,0.3721715586087271,0.41592454978383225,163,38
113,24,False,False,False,midpoint_with_inhaler,0.3721715586087271,0.41592454978383225,163,39
113,24,False,False,False,upper_bound,0.3721715586087271,0.41083391924706436,163,40
113,24,False,False,False,upper_bound_with_inhaler,0.3721715586087271,0.41083391924706436,163,41
113,24,False,False,True,one_hot,0.16164862232074861,0.16164862232074864,163,42
113,24,False,False,True,lower_bound,0.3721715586087271,0.41166244682849845,163,43
113,24,False,False,True,midpoint,0.3721715586087271,0.41592454978383225,163,44
113,24,False,False,True,midpoint_with_inhaler,0.3721715586087271,0.41592454978383225,163,45
113,24,False,False,True,upper_bound,0.3721715586087271,0.41083391924706436,163,46
113,24,False,False,True,upper_bound_with_inhaler,0.3721715586087271,0.41083391924706436,163,47
113,24,False,True,False,one_hot,0.08344333753510734,0.0834433375351074,163,48
113,24,False,True,False,lower_bound,0.26573168308978806,0.3452920285150875,163,49
113,24,False,True,False,midpoint,0.26573168308978806,0.3393459878827365,163,50
113,24,False,True,False,midpoint_with_inhaler,0.26573168308978806,0.3393459878827365,163,51
113,24,False,True,False,upper_bound,0.26573168308978806,0.3306988866813856,163,52
113,24,False,True,False,upper_bound_with_inhaler,0.26573168308978806,0.3306988866813856,163,53
113,24,False,True,True,one_hot,0.08344333753510734,0.0834433375351074,163,54
113,24,False,True,True,lower_bound,0.26573168308978806,0.3452920285150875,163,55
113,24,False,True,True,midpoint,0.26573168308978806,0.3393459878827365,163,56
113,24,False,True,True,midpoint_with_inhaler,0.26573168308978806,0.3393459878827365,163,57
113,24,False,True,True,upper_bound,0.26573168308978806,0.3306988866813856,163,58
113,24,False,True,True,upper_bound_with_inhaler,0.26573168308978806,0.3306988866813856,163,59
113,24,True,False,False,one_hot,0.19321143326427015,0.1932114332642702,163,60
113,24,True,False,False,lower_bound,0.37976112735868156,0.42585303413309755,163,61
113,24,True,False,False,midpoint,0.37976112735868156,0.42105011205192844,163,62
113,24,True,False,False,midpoint_with_inhaler,0.37976112735868156,0.42105011205192844,163,63
113,24,True,False,False,upper_bound,0.37976112735868156,0.41057434944436216,163,64
113,24,True,False,False,upper_bound_with_inhaler,0.37976112735868156,0.41057434944436216,163,65
113,24,True,False,True,one_hot,0.19321143326427015,0.1932114332642702,163,66
113,24,True,False,True,lower_bound,0.37976112735868156,0.42585303413309755,163,67
113,24,True,False,True,midpoint,0.37976112735868156,0.42105011205192844,163,68
113,24,True,False,True,midpoint_with_inhaler,0.37976112735868156,0.42105011205192844,163,69
113,24,True,False,True,upper_bound,0.37976112735868156,0.41057434944436216,163,70
113,24,True,False,True,upper_bound_with_inhaler,0.37976112735868156,0.41057434944436216,163,71
113,36,False,False,False,one_hot,0.10896234104402673,0.10896234104402676,163,72
113,36,False,False,False,lower_bound,0.30044842093849844,0.3921574378650412,163,73
113,36,False,False,False,midpoint,0.30044842093849844,0.40546325152046125,163,74
113,36,False,False,False,midpoint_with_inhaler,0.30044842093849844,0.40274871648274446,163,75
113,36,False,False,False,upper_bound,0.30044873117237697,0.4072532900954154,163,76
113,36,False,False,False,upper_bound_with_inhaler,0.30044842093849844,0.4063523363401071,163,77
113,36,False,False,True,one_hot,0.10896234104402673,0.10896234104402676,163,78
113,36,False,False,True,lower_bound,0.30044842093849844,0.3921574378650412,163,79
113,36,False,False,True,midpoint,0.30044842093849844,0.40546325152046125,163,80
113,36,False,False,True,midpoint_with_inhaler,0.30044842093849844,0.40274871648274446,163,81
113,36,False,False,True,upper_bound,0.30044873117237697,0.4072532900954154,163,82
113,36,False,False,True,upper_bound_with_inhaler,0.30044842093849844,0.4063523363401071,163,83
113,36,True,False,False,one_hot,0.14489556767606365,0.14489556767606365,163,84
113,36,True,False,False,lower_bound,0.2760523443150244,0.3141668014516359,163,85
113,36,True,False,False,midpoint,0.2760523443150244,0.3094175090373018,163,86
113,36,True,False,False,midpoint_with_inhaler,0.2760523443150244,0.3094175090373018,163,87
113,36,True,False,False,upper_bound,0.2760523443150244,0.30322657746429593,163,88
113,36,True,False,False,upper_bound_with_inhaler,0.2760523443150244,0.30322657746429593,163,89
113,36,True,False,True,one_hot,0.14489556767606365,0.14489556767606365,163,90
113,36,True,False,True,lower_bound,0.2760523443150244,0.3141668014516359,163,91
113,36,True,False,True,midpoint,0.2760523443150244,0.3094175090373018,163,92
113,36,True,False,True,midpoint_with_inhaler,0.2760523443150244,0.3094175090373018,163,93
113,36,True,False,True,upper_bound,0.2760523443150244,0.30322657746429593,163,94
113,36,True,False,True,upper_bound_with_inhaler,0.2760523443150244,0.30322657746429593,163,95
113,48,False,False,False,one_hot,0.27117531221010166,0.27117531221010177,163,96
113,48,False,False,False,lower_bound,0.3708502999033199,0.3805478755271591,163,97
113,48,False,False,False,midpoint,0.3708502999033199,0.3921042658222478,163,98
113,48,False,False,False,midpoint_with_inhaler,0.3708502999033199,0.389396448236907,163,99
113,48,False,False,False,upper_bound,0.37085140538311656,0.3940505031584365,163,100
113,48,False,False,False,upper_bound_with_inhaler,0.3708502999033199,0.39404466302791413,163,101
113,48,False,False,True,one_hot,0.27117531221010166,0.27117531221010177,163,102
113,48,False,False,True,lower_bound,0.3708502999033199,0.3805478755271591,163,103
113,48,False,False,True,midpoint,0.3708502999033199,0.3921042658222478,163,104
113,48,False,False,True,midpoint_with_inhaler,0.3708502999033199,0.389396448236907,163,105
113,48,False,False,True,upper_bound,0.37085140538311656,0.3940505031584365,163,106
113,48,False,False,True,upper_bound_with_inhaler,0.3708502999033199,0.39404466302791413,163,107
113,48,False,True,False,one_hot,0.12053158281234956,0.1205315828123496,163,108
113,48,False,True,False,lower_bound,0.09752248059679185,0.0357793458839855,163,109
113,48,False,True,False,midpoint,0.09752248059679185,0.045902292231286626,163,110
113,48,False,True,False,midpoint_with_inhaler,0.09752248059679185,0.045902292231286626,163,111
113,48,False,True,False,upper_bound,0.09752248059679185,0.05280731901423337,163,112
113,48,False,True,False,upper_bound_with_inhaler,0.09752248059679185,0.05280731901423337,163,113
113,48,False,True,True,one_hot,0.12053158281234956,0.1205315828123496,163,114
113,48,False,True,True,lower_bound,0.09752248059679185,0.0357793458839855,163,115
113,48,False,True,True,midpoint,0.09752248059679185,0.045902292231286626,163,116
113,48,False,True,True,midpoint_with_inhaler,0.09752248059679185,0.045902292231286626,163,117
113,48,False,True,True,upper_bound,0.09752248059679185,0.05280731901423337,163,118
113,48,False,True,True,upper_bound_with_inhaler,0.09752248059679185,0.05280731901423337,163,119
113,48,True,False,False,one_hot,0.13661883351305693,0.13661883351305693,163,120
113,48,True,False,False,lower_bound,0.1687441974339623,0.16590809538260923,163,121
113,48,True,False,False,midpoint,0.1687441974339623,0.18062327898410432,163,122
113,48,True,False,False,midpoint_with_inhaler,0.1687441974339623,0.18062327898410432,163,123
113,48,True,False,False,upper_bound,0.1687441974339623,0.19005494228881856,163,124
113,48,True,False,False,upper_bound_with_inhaler,0.1687441974339623,0.19005494228881856,163,125
113,48,True,False,True,one_hot,0.13661883351305693,0.13661883351305693,163,126
113,48,True,False,True,lower_bound,0.1687441974339623,0.16590809538260923,163,127
113,48,True,False,True,midpoint,0.1687441974339623,0.18062327898410432,163,128
113,48,True,False,True,midpoint_with_inhaler,0.1687441974339623,0.18062327898410432,163,129
113,48,True,False,True,upper_bound,0.1687441974339623,0.19005494228881856,163,130
113,48,True,False,True,upper_bound_with_inhaler,0.1687441974339623,0.19005494228881856,163,131
190,12,False,False,False,one_hot,-0.14115235466053855,-0.14115235466053855,163,0
190,12,False,False,False,lower_bound,-0.1414806291508396,-0.1323053891980772,163,1
190,12,False,False,False,midpoint,-0.1414806291508396,-0.13751469339624584,163,2
190,12,False,False,False,midpoint_with_inhaler,-0.1414806291508396,-0.13751469339624584,163,3
190,12,False,False,False,upper_bound,-0.1414806291508396,-0.13950016565238535,163,4
190,12,False,False,False,upper_bound_with_inhaler,-0.1414806291508396,-0.13950016565238535,163,5
190,12,False,False,True,one_hot,-0.14115235466053855,-0.14115235466053855,163,6
190,12,False,False,True,lower_bound,-0.1414806291508396,-0.1323053891980772,163,7
190,12,False,False,True,midpoint,-0.1414806291508396,-0.13751469339624584,163,8
190,12,False,False,True,midpoint_with_inhaler,-0.1414806291508396,-0.13751469339624584,163,9
190,12,False,False,True,upper_bound,-0.1414806291508396,-0.13950016565238535,163,10
190,12,False,False,True,upper_bound_with_inhaler,-0.1414806291508396,-0.13950016565238535,163,11
190,12,False,True,False,one_hot,0.1020382267646138,0.1020382267646138,163,12
190,12,False,True,False,lower_bound,0.08653718641623102,0.04679827375150665,163,13
190,12,False,True,False,midpoint,0.08653718641623102,0.06395489875501525,163,14
190,12,False,True,False,midpoint_with_inhaler,0.08653718641623102,0.06395489875501525,163,15
190,12,False,True,False,upper_bound,0.08653718641623102,0.07339507596820434,163,16
190,12,False,True,False,upper_bound_with_inhaler,0.08653718641623102,0.07339507596820434,163,17
190,12,False,True,True,one_hot,0.1020382267646138,0.1020382267646138,163,18
190,12,False,True,True,lower_bound,0.08653718641623102,0.04679827375150665,163,19
190,12,False,True,True,midpoint,0.08653718641623102,0.06395489875501525,163,20
190,12,False,True,True,midpoint_with_inhaler,0.08653718641623102,0.06395489875501525,163,21
190,12,False,True,True,upper_bound,0.08653718641623102,0.07339507596820434,163,22
190,12,False,True,True,upper_bound_with_inhaler,0.08653718641623102,0.07339507596820434,163,23
190,12,True,False,False,one_hot,0.11009362337550438,0.11009362337550439,163,24
190,12,True,False,False,lower_bound,0.08553166929880275,0.030760806359557535,163,25
190,12,True,False,False,midpoint,0.08553166929880275,0.05284164104953285,163,26
190,12,True,False,False,midpoint_with_inhaler,0.08553166929880275,0.05284164104953285,163,27
190,12,True,False,False,upper_bound,0.08553166929880275,0.06595694341603223,163,28
190,12,True,False,False,upper_bound_with_inhaler,0.08553166929880275,0.06595694341603223,163,29
190,12,True,False,True,one_hot,0.11009362337550438,0.11009362337550439,163,30
190,12,True,False,True,lower_bound,0.08553166929880275,0.030760806359557535,163,31
190,12,True,False,True,midpoint,0.08553166929880275,0.05284164104953285,163,32
190,12,True,False,True,midpoint_with_inhaler,0.08553166929880275,0.05284164104953285,163,33
190,12,True,False,True,upper_bound,0.08553166929880275,0.06595694341603223,163,34
190,12,True,False,True,upper_bound_with_inhaler,0.08553166929880275,0.06595694341603223,163,35
190,24,False,False,False,one_hot,0.211314613164389,0.211314613164389,163,36
190,24,False,False,False,lower_bound,0.191413626177654,0.12850658028899734,163,37
190,24,False,False,False,midpoint,0.191413626177654,0.15574730313244867,163,38
190,24,False,False,False,midpoint_with_inhaler,0.191413626177654,0.15574730313244867,163,39
190,24,False,False,False,upper_bound,0.191413626177654,0.17027849367917094,163,40
190,24,False,False,False,upper_bound_with_inhaler,0.191413626177654,0.17027849367917094,163,41
190,24,False,False,True,one_hot,0.211314613164389,0.211314613164389,163,42
190,24,False,False,True,lower_bound,0.191413626177654,0.12850658028899734,163,43
190,24,False,False,True,midpoint,0.191413626177654,0.15574730313244867,163,44
190,24,False,False,True,midpoint_with_inhaler,0.191413626177654,0.15574730313244867,163,45
190,24,False,False,True,upper_bound,0.191413626177654,0.17027849367917094,163,46
190,24,False,False,True,upper_bound_with_inhaler,0.191413626177654,0.17027849367917094,163,47
190,24,False,True,False,one_hot,0.21989548358719585,0.21989548358719588,163,48
190,24,False,True,False,lower_bound,0.1999396182710911,0.1345804001604079,163,49
190,24,False,True,False,midpoint,0.1999396182710911,0.16263871150167727,163,50
190,24,False,True,False,midpoint_with_inhaler,0.1999396182710911,0.16263871150167727,163,51
190,24,False,True,False,upper_bound,0.1999396182710911,0.17761052738017036,163,52
190,24,False,True,False,upper_bound_with_inhaler,0.1999396182710911,0.17761052738017036,163,53
190,24,False,True,True,one_hot,0.21989548358719585,0.21989548358719588,163,54
190,24,False,True,True,lower_bound,0.1999396182710911,0.1345804001604079,163,55
190,24,False,True,True,midpoint,0.1999396182710911,0.16263871150167727,163,56
190,24,False,True,True,midpoint_with_inhaler,0.1999396182710911,0.16263871150167727,163,57
190,24,False,True,True,upper_bound,0.1999396182710911,0.17761052738017036,163,58
190,24,False,True,True,upper_bound_with_inhaler,0.1999396182710911,0.17761052738017036,163,59
190,24,True,False,False,one_hot,0.18555384002402672,0.1855538400240267,163,60
190,24,True,False,False,lower_bound,0.17472354721534153,0.1331217919564878,163,61
190,24,True,False,False,midpoint,0.17472354721534153,0.15177791458925605,163,62
190,24,True,False,False,midpoint_with_inhaler,0.17472354721534153,0.15177791458925605,163,63
190,24,True,False,False,upper_bound,0.17472354721534153,0.16107982455757874,163,64
190,24,True,False,False,upper_bound_with_inhaler,0.17472354721534153,0.16107982455757874,163,65
190,24,True,False,True,one_hot,0.18555384002402672,0.1855538400240267,163,66
190,24,True,False,True,lower_bound,0.17472354721534153,0.1331217919564878,163,67
190,24,True,False,True,midpoint,0.17472354721534153,0.15177791458925605,163,68
190,24,True,False,True,midpoint_with_inhaler,0.17472354721534153,0.15177791458925605,163,69
190,24,True,False,True,upper_bound,0.17472354721534153,0.16107982455757874,163,70
190,24,True,False,True,upper_bound_with_inhaler,0.17472354721534153,0.16107982455757874,163,71
190,36,False,False,False,one_hot,0.07701565094722326,0.07701565094722326,163,72
190,36,False,False,False,lower_bound,0.03379252277485578,-0.023286499927024733,163,73
190,36,False,False,False,midpoint,0.03379252277485578,-0.003095402754932366,163,74
190,36,False,False,False,midpoint_with_inhaler,0.03379252277485578,-0.003095402754932366,163,75
190,36,False,False,False,upper_bound,0.03379252277485578,0.010175598142586307,163,76
190,36,False,False,False,upper_bound_with_inhaler,0.03379252277485578,0.010175598142586307,163,77
190,36,False,False,True,one_hot,0.07701565094722326,0.07701565094722326,163,78
190,36,False,False,True,lower_bound,0.03379252277485578,-0.023286499927024733,163,79
190,36,False,False,True,midpoint,0.03379252277485578,-0.003095402754932366,163,80
190,36,False,False,True,midpoint_with_inhaler,0.03379252277485578,-0.003095402754932366,163,81
190,36,False,False,True,upper_bound,0.03379252277485578,0.010175598142586307,163,82
190,36,False,False,True,upper_bound_with_inhaler,0.03379252277485578,0.010175598142586307,163,83
190,36,True,False,False,one_hot,0.0596168063015927,0.05961680630159268,163,84
190,36,True,False,False,lower_bound,0.052340088057731445,0.029300409342070493,163,85
190,36,True,False,False,midpoint,0.052340088057731445,0.03904489889615814,163,86
190,36,True,False,False,midpoint_with_inhaler,0.052340088057731445,0.03904489889615814,163,87
190,36,True,False,False,upper_bound,0.052340088057731445,0.044206408759675145,163,88
190,36,True,False,False,upper_bound_with_inhaler,0.052340088057731445,0.044206408759675145,163,89
190,36,True,False,True,one_hot,0.0596168063015927,0.05961680630159268,163,90
190,36,True,False,True,lower_bound,0.052340088057731445,0.029300409342070493,163,91
190,36,True,False,True,midpoint,0.052340088057731445,0.03904489889615814,163,92
190,36,True,False,True,midpoint_with_inhaler,0.052340088057731445,0.03904489889615814,163,93
190,36,True,False,True,upper_bound,0.052340088057731445,0.044206408759675145,163,94
190,36,True,False,True,upper_bound_with_inhaler,0.052340088057731445,0.044206408759675145,163,95
190,48,False,False,False,one_hot,0.16951151525006716,0.16951151525006716,163,96
190,48,False,False,False,lower_bound,0.12862917111654534,0.06747696802579319,163,97
190,48,False,False,False,midpoint,0.12862917111654534,0.08440426428726001,163,98
190,48,False,False,False,midpoint_with_inhaler,0.12862917111654534,0.08440426428726001,163,99
190,48,False,False,False,upper_bound,0.12862917111654534,0.09513347804075278,163,100
190,48,False,False,False,upper_bound_with_inhaler,0.12862917111654534,0.09513347804075278,163,101
190,48,False,False,True,one_hot,0.16951151525006716,0.16951151525006716,163,102
190,48,False,False,True,lower_bound,0.12862917111654534,0.06747696802579319,163,103
190,48,False,False,True,midpoint,0.12862917111654534,0.08440426428726001,163,104
190,48,False,False,True,midpoint_with_inhaler,0.12862917111654534,0.08440426428726001,163,105
190,48,False,False,True,upper_bound,0.12862917111654534,0.09513347804075278,163,106
190,48,False,False,True,upper_bound_with_inhaler,0.12862917111654534,0.09513347804075278,163,107
190,48,False,True,False,one_hot,0.09403168412586675,0.09403168412586674,163,108
190,48,False,True,False,lower_bound,0.0816169700252362,0.04897018940549188,163,109
190,48,False,True,False,midpoint,0.0816169700252362,0.06350533843600918,163,110
190,48,False,True,False,midpoint_with_inhaler,0.0816169700252362,0.06350533843600918,163,111
190,48,False,True,False,upper_bound,0.0816169700252362,0.07126541736797196,163,112
190,48,False,True,False,upper_bound_with_inhaler,0.0816169700252362,0.07126541736797196,163,113
190,48,False,True,True,one_hot,0.09403168412586675,0.09403168412586674,163,114
190,48,False,True,True,lower_bound,0.0816169700252362,0.04897018940549188,163,115
190,48,False,True,True,midpoint,0.0816169700252362,0.06350533843600918,163,116
190,48,False,True,True,midpoint_with_inhaler,0.0816169700252362,0.06350533843600918,163,117
190,48,False,True,True,upper_bound,0.0816169700252362,0.07126541736797196,163,118
190,48,False,True,True,upper_bound_with_inhaler,0.0816169700252362,0.07126541736797196,163,119
190,48,True,False,False,one_hot,0.19428897390042718,0.19428897390042718,163,120
190,48,True,False,False,lower_bound,0.17634086861637951,0.1150032457714045,163,121
190,48,True,False,False,midpoint,0.17634086861637951,0.14067992588967476,163,122
190,48,True,False,False,midpoint_with_inhaler,0.17634086861637951,0.14067992588967476,163,123
190,48,True,False,False,upper_bound,0.17634086861637951,0.15449394711482287,163,124
190,48,True,False,False,upper_bound_with_inhaler,0.17634086861637951,0.15449394711482287,163,125
190,48,True,False,True,one_hot,0.19428897390042718,0.19428897390042718,163,126
190,48,True,False,True,lower_bound,0.17634086861637951,0.1150032457714045,163,127
190,48,True,False,True,midpoint,0.17634086861637951,0.14067992588967476,163,128
190,48,True,False,True,midpoint_with_inhaler,0.17634086861637951,0.14067992588967476,163,129
190,48,True,False,True,upper_bound,0.17634086861637951,0.15449394711482287,163,130
190,48,True,False,True,upper_bound_with_inhaler,0.17634086861637951,0.15449394711482287,163,131
294,12,False,False,False,one_hot,0.3209274614902826,0.3209274614902826,173,0
294,12,False,False,False,lower_bound,0.3157614000408963,0.3140376088945448,173,1
294,12,False,False,False,midpoint,0.3157614000408963,0.32512589788734664,173,2
294,12,False,False,False,midpoint_with_inhaler,0.3157614000408963,0.32512589788734664,173,3
294,12,False,False,False,upper_bound,0.3157614000408963,0.3273644136039604,173,4
294,12,False,False,False,upper_bound_with_inhaler,0.3157614000408963,0.3273644136039604,173,5
294,12,False,False,True,one_hot,0.3209274614902826,0.3209274614902826,173,6
294,12,False,False,True,lower_bound,0.3157614000408963,0.3140376088945448,173,7
294,12,False,False,True,midpoint,0.3157614000408963,0.32512589788734664,173,8
294,12,False,False,True,midpoint_with_inhaler,0.3157614000408963,0.32512589788734664,173,9
294,12,False,False,True,upper_bound,0.3157614000408963,0.3273644136039604,173,10
294,12,False,False,True,upper_bound_with_inhaler,0.3157614000408963,0.3273644136039604,173,11
294,12,False,True,False,one_hot,,,173,12
294,12,False,True,False,lower_bound,0.5175192815110489,0.4551053632978047,173,13
294,12,False,True,False,midpoint,0.5175192815110489,0.4859961582470282,173,14
294,12,False,True,False,midpoint_with_inhaler,0.5175192815110489,0.4859961582470282,173,15
294,12,False,True,False,upper_bound,0.5175192815110489,0.5008990965250963,173,16
294,12,False,True,False,upper_bound_with_inhaler,0.5175192815110489,0.5008990965250963,173,17
294,12,False,True,True,one_hot,,,173,18
294,12,False,True,True,lower_bound,0.5175192815110489,0.4551053632978047,173,19
294,12,False,True,True,midpoint,0.5175192815110489,0.4859961582470282,173,20
294,12,False,True,True,midpoint_with_inhaler,0.5175192815110489,0.4859961582470282,173,21
294,12,False,True,True,upper_bound,0.5175192815110489,0.5008990965250963,173,22
294,12,False,True,True,upper_bound_with_inhaler,0.5175192815110489,0.5008990965250963,173,23
294,12,True,False,False,one_hot,,,173,24
294,12,True,False,False,lower_bound,0.5474934683103184,0.4956667049877681,173,25
294,12,True,False,False,midpoint,0.5474934683103184,0.530580786321016,173,26
294,12,True,False,False,midpoint_with_inhaler,0.5474934683103184,0.529437611323626,173,27
294,12,True,False,False,upper_bound,0.547103391675805,0.5448232011252426,173,28
294,12,True,False,False,upper_bound_with_inhaler,0.5474934683103184,0.5434106939255686,173,29
294,12,True,False,True,one_hot,,,173,30
294,12,True,False,True,lower_bound,0.5474934683103184,0.4956667049877681,173,31
294,12,True,False,True,midpoint,0.5474934683103184,0.530580786321016,173,32
294,12,True,False,True,midpoint_with_inhaler,0.5474934683103184,0.529437611323626,173,33
294,12,True,False,True,upper_bound,0.547103391675805,0.5448232011252426,173,34
294,12,True,False,True,upper_bound_with_inhaler,0.5474934683103184,0.5434106939255686,173,35
294,24,False,False,False,one_hot,,,173,36
294,24,False,False,False,lower_bound,0.6938252506694631,0.6856509288435289,173,37
294,24,False,False,False,midpoint,0.6938252506694631,0.6925313488426711,173,38
294,24,False,False,False,midpoint_with_inhaler,0.6938252506694631,0.6939136492548861,173,39
294,24,False,False,False,upper_bound,0.6908692337360699,0.6780794368974896,173,40
294,24,False,False,False,upper_bound_with_inhaler,0.6938252506694631,0.6862700272257007,173,41
294,24,False,False,True,one_hot,,,173,42
294,24,False,False,True,lower_bound,0.6938252506694631,0.6856509288435289,173,43
294,24,False,False,True,midpoint,0.6938252506694631,0.6925313488426711,173,44
294,24,False,False,True,midpoint_with_inhaler,0.6938252506694631,0.6939136492548861,173,45
294,24,False,False,True,upper_bound,0.6908692337360699,0.6780794368974896,173,46
294,24,False,False,True,upper_bound_with_inhaler,0.6938252506694631,0.6862700272257007,173,47
294,24,False,True,False,one_hot,,,173,48
294,24,False,True,False,lower_bound,0.5104209519490552,0.4618795699162872,173,49
294,24,False,True,False,midpoint,0.5104209519490552,0.4909654856156401,173,50
294,24,False,True,False,midpoint_with_inhaler,0.5104209519490552,0.4909654856156401,173,51
294,24,False,True,False,upper_bound,0.5104209519490552,0.5068461653963874,173,52
294,24,False,True,False,upper_bound_with_inhaler,0.5104209519490552,0.5068461653963874,173,53
294,24,False,True,True,one_hot,,,173,54
294,24,False,True,True,lower_bound,0.5104209519490552,0.4618795699162872,173,55
294,24,False,True,True,midpoint,0.5104209519490552,0.4909654856156401,173,56
294,24,False,True,True,midpoint_with_inhaler,0.5104209519490552,0.4909654856156401,173,57
294,24,False,True,True,upper_bound,0.5104209519490552,0.5068461653963874,173,58
294,24,False,True,True,upper_bound_with_inhaler,0.5104209519490552,0.5068461653963874,173,59
294,24,True,False,False,one_hot,,,173,60
294,24,True,False,False,lower_bound,0.6955792006599019,0.6841529845119383,173,61
294,24,True,False,False,midpoint,0.6955792006599019,0.6955465229028601,173,62
294,24,True,False,False,midpoint_with_inhaler,0.6955792006599019,0.6967343647950427,173,63
294,24,True,False,False,upper_bound,0.6926166034818763,0.6841574861832481,173,64
294,24,True,False,False,upper_bound_with_inhaler,0.6955792006599019,0.6921376516621492,173,65
294,24,True,False,True,one_hot,,,173,66
294,24,True,False,True,lower_bound,0.6955792006599019,0.6841529845119383,173,67
294,24,True,False,True,midpoint,0.6955792006599019,0.6955465229028601,173,68
294,24,True,False,True,midpoint_with_inhaler,0.6955792006599019,0.6967343647950427,173,69
294,24,True,False,True,upper_bound,0.6926166034818763,0.6841574861832481,173,70
294,24,True,False,True,upper_bound_with_inhaler,0.6955792006599019,0.6921376516621492,173,71
294,36,False,False,False,one_hot,,,173,72
294,36,False,False,False,lower_bound,0.5256323444463713,0.5282506766689481,173,73
294,36,False,False,False,midpoint,0.5256323444463713,0.5374036475637091,173,74
294,36,False,False,False,midpoint_with_inhaler,0.5256323444463713,0.5458130048400184,173,75
294,36,False,False,False,upper_bound,0.48508903683179905,0.5224484702927346,173,76
294,36,False,False,False,upper_bound_with_inhaler,0.5256323444463713,0.5309772967679448,173,77
294,36,False,False,True,one_hot,,,173,78
294,36,False,False,True,lower_bound,0.5256323444463713,0.5282506766689481,173,79
294,36,False,False,True,midpoint,0.5256323444463713,0.5374036475637091,173,80
294,36,False,False,True,midpoint_with_inhaler,0.5256323444463713,0.5458130048400184,173,81
294,36,False,False,True,upper_bound,0.48508903683179905,0.5224484702927346,173,82
294,36,False,False,True,upper_bound_with_inhaler,0.5256323444463713,0.5309772967679448,173,83
294,36,True,False,False,one_hot,,,173,84
294,36,True,False,False,lower_bound,0.47292650034252376,0.4495306666254937,173,85
294,36,True,False,False,midpoint,0.47292650034252376,0.46805599563575756,173,86
294,36,True,False,False,midpoint_with_inhaler,0.47292650034252376,0.47010521059626964,173,87
294,36,True,False,False,upper_bound,0.47040857006007825,0.4783590165461829,173,88
294,36,True,False,False,upper_bound_with_inhaler,0.47292650034252376,0.4851596722385472,173,89
294,36,True,False,True,one_hot,,,173,90
294,36,True,False,True,lower_bound,0.47292650034252376,0.4495306666254937,173,91
294,36,True,False,True,midpoint,0.47292650034252376,0.46805599563575756,173,92
294,36,True,False,True,midpoint_with_inhaler,0.47292650034252376,0.47010521059626964,173,93
294,36,True,False,True,upper_bound,0.47040857006007825,0.4783590165461829,173,94
294,36,True,False,True,upper_bound_with_inhaler,0.47292650034252376,0.4851596722385472,173,95
294,48,False,False,False,one_hot,,,173,96
294,48,False,False,False,lower_bound,0.7352684505229314,0.7182935034525553,173,97
294,48,False,False,False,midpoint,0.7352684505229314,0.698231527753305,173,98
294,48,False,False,False,midpoint_with_inhaler,0.7352684505229314,0.7325555011275549,173,99
294,48,False,False,False,upper_bound,0.6568846743776591,0.616404702358109,173,100
294,48,False,False,False,upper_bound_with_inhaler,0.7352684505229314,0.6982693284852624,173,101
294,48,False,False,True,one_hot,,,173,102
294,48,False,False,True,lower_bound,0.7352684505229314,0.7182935034525553,173,103
294,48,False,False,True,midpoint,0.7352684505229314,0.698231527753305,173,104
294,48,False,False,True,midpoint_with_inhaler,0.7352684505229314,0.7325555011275549,173,105
294,48,False,False,True,upper_bound,0.6568846743776591,0.616404702358109,173,106
294,48,False,False,True,upper_bound_with_inhaler,0.7352684505229314,0.6982693284852624,173,107
294,48,False,True,False,one_hot,,,173,108
294,48,False,True,False,lower_bound,0.34356376794897353,0.3553669830251339,173,109
294,48,False,True,False,midpoint,0.34356376794897353,0.3577860649726973,173,110
294,48,False,True,False,midpoint_with_inhaler,0.34356376794897353,0.3577860649726973,173,111
294,48,False,True,False,upper_bound,0.34356376794897353,0.35286463050519434,173,112
294,48,False,True,False,upper_bound_with_inhaler,0.34356376794897353,0.35286463050519434,173,113
294,48,False,True,True,one_hot,,,173,114
294,48,False,True,True,lower_bound,0.34356376794897353,0.3553669830251339,173,115
294,48,False,True,True,midpoint,0.34356376794897353,0.3577860649726973,173,116
294,48,False,True,True,midpoint_with_inhaler,0.34356376794897353,0.3577860649726973,173,117
294,48,False,True,True,upper_bound,0.34356376794897353,0.35286463050519434,173,118
294,48,False,True,True,upper_bound_with_inhaler,0.34356376794897353,0.35286463050519434,173,119
294,48,True,False,False,one_hot,,,173,120
294,48,True,False,False,lower_bound,0.4265099795985619,0.3898185859269766,173,121
294,48,True,False,False,midpoint,0.4265099795985619,0.4191458231895489,173,122
294,48,True,False,False,midpoint_with_inhaler,0.4265099795985619,0.4163802739865154,173,123
294,48,True,False,False,upper_bound,0.4255568015223029,0.4271040986330317,173,124
294,48,True,False,False,upper_bound_with_inhaler,0.4265099795985619,0.4273765916567237,173,125
294,48,True,False,True,one_hot,,,173,126
294,48,True,False,True,lower_bound,0.4265099795985619,0.3898185859269766,173,127
294,48,True,False,True,midpoint,0.4265099795985619,0.4191458231895489,173,128
294,48,True,False,True,midpoint_with_inhaler,0.4265099795985619,0.4163802739865154,173,129
294,48,True,False,True,upper_bound,0.4255568015223029,0.4271040986330317,173,130
294,48,True,False,True,upper_bound_with_inhaler,0.4265099795985619,0.4273765916567237,173,131
328,12,False,False,False,one_hot,0.2765186331416562,0.27651863314165603,17,0
328,12,False,False,False,lower_bound,0.21784802012063623,0.037984577698886426,17,1
328,12,False,False,False,midpoint,0.21784802012063623,0.05786730990049289,17,2
328,12,False,False,False,midpoint_with_inhaler,0.21784802012063623,0.05786730990049289,17,3
328,12,False,False,False,upper_bound,0.21784802012063623,0.06995692902927211,17,4
328,12,False,False,False,upper_bound_with_inhaler,0.21784802012063623,0.06995692902927211,17,5
328,12,False,False,True,one_hot,0.2765186331416562,0.27651863314165603,17,6
328,12,False,False,True,lower_bound,0.21784802012063623,0.037984577698886426,17,7
328,12,False,False,True,midpoint,0.21784802012063623,0.05786730990049289,17,8
328,12,False,False,True,midpoint_with_inhaler,0.21784802012063623,0.05786730990049289,17,9
328,12,False,False,True,upper_bound,0.21784802012063623,0.06995692902927211,17,10
328,12,False,False,True,upper_bound_with_inhaler,0.21784802012063623,0.06995692902927211,17,11
328,12,False,True,False,one_hot,0.24021864728926093,0.24021864728926107,17,12
328,12,False,True,False,lower_bound,0.17932811819187108,0.019355241619010248,17,13
328,12,False,True,False,midpoint,0.17932811819187108,0.03697790844258096,17,14
328,12,False,True,False,midpoint_with_inhaler,0.17932811819187108,0.03697790844258096,17,15
328,12,False,True,False,upper_bound,0.17932811819187108,0.04777731174310718,17,16
328,12,False,True,False,upper_bound_with_inhaler,0.17932811819187108,0.04777731174310718,17,17
328,12,False,True,True,one_hot,0.24021864728926093,0.24021864728926107,17,18
328,12,False,True,True,lower_bound,0.17932811819187108,0.019355241619010248,17,19
328,12,False,True,True,midpoint,0.17932811819187108,0.03697790844258096,17,20
328,12,False,True,True,midpoint_with_inhaler,0.17932811819187108,0.03697790844258096,17,21
328,12,False,True,True,upper_bound,0.17932811819187108,0.04777731174310718,17,22
328,12,False,True,True,upper_bound_with_inhaler,0.17932811819187108,0.04777731174310718,17,23
328,12,True,False,False,one_hot,0.2053880046330666,0.2053880046330666,17,24
328,12,True,False,False,lower_bound,0.0881827627174145,-0.03634962204373327,17,25
328,12,True,False,False,midpoint,0.0881827627174145,-0.014378693928357729,17,26
328,12,True,False,False,midpoint_with_inhaler,0.0881827627174145,-0.014378693928357729,17,27
328,12,True,False,False,upper_bound,0.0881827627174145,6.938893903907228e-18,17,28
328,12,True,False,False,upper_bound_with_inhaler,0.0881827627174145,6.938893903907228e-18,17,29
328,12,True,False,True,one_hot,0.2053880046330666,0.2053880046330666,17,30
328,12,True,False,True,lower_bound,0.0881827627174145,-0.03634962204373327,17,31
328,12,True,False,True,midpoint,0.0881827627174145,-0.014378693928357729,17,32
328,12,True,False,True,midpoint_with_inhaler,0.0881827627174145,-0.014378693928357729,17,33
328,12,True,False,True,upper_bound,0.0881827627174145,6.938893903907228e-18,17,34
328,12,True,False,True,upper_bound_with_inhaler,0.0881827627174145,6.938893903907228e-18,17,35
328,24,False,False,False,one_hot,0.2053880046330666,0.20538800463306664,17,36
328,24,False,False,False,lower_bound,0.1409816090245673,0.0,17,37
328,24,False,False,False,midpoint,0.1409816090245673,0.015202496684727049,17,38
328,24,False,False,False,midpoint_with_inhaler,0.1409816090245673,0.015202496684727049,17,39
328,24,False,False,False,upper_bound,0.1409816090245673,0.024623273398731493,17,40
328,24,False,False,False,upper_bound_with_inhaler,0.1409816090245673,0.024623273398731493,17,41
328,24,False,False,True,one_hot,0.2053880046330666,0.20538800463306664,17,42
328,24,False,False,True,lower_bound,0.1409816090245673,0.0,17,43
328,24,False,False,True,midpoint,0.1409816090245673,0.015202496684727049,17,44
328,24,False,False,True,midpoint_with_inhaler,0.1409816090245673,0.015202496684727049,17,45
328,24,False,False,True,upper_bound,0.1409816090245673,0.024623273398731493,17,46
328,24,False,False,True,upper_bound_with_inhaler,0.1409816090245673,0.024623273398731493,17,47
328,24,False,True,False,one_hot,0.27651863314165614,0.27651863314165614,17,48
328,24,False,True,False,lower_bound,0.48517514947637824,0.721624230766392,17,49
328,24,False,True,False,midpoint,0.48517514947637824,0.6269182573317016,17,50
328,24,False,True,False,midpoint_with_inhaler,0.48517514947637824,0.6269182573317016,17,51
328,24,False,True,False,upper_bound,0.48517514947637824,0.5606228483704053,17,52
328,24,False,True,False,upper_bound_with_inhaler,0.48517514947637824,0.5606228483704053,17,53
328,24,False,True,True,one_hot,0.27651863314165614,0.27651863314165614,17,54
328,24,False,True,True,lower_bound,0.48517514947637824,0.721624230766392,17,55
328,24,False,True,True,midpoint,0.48517514947637824,0.6269182573317016,17,56
328,24,False,True,True,midpoint_with_inhaler,0.48517514947637824,0.6269182573317016,17,57
328,24,False,True,True,upper_bound,0.48517514947637824,0.5606228483704053,17,58
328,24,False,True,True,upper_bound_with_inhaler,0.48517514947637824,0.5606228483704053,17,59
328,24,True,False,False,one_hot,0.2765186331416562,0.27651863314165614,17,60
328,24,True,False,False,lower_bound,0.21784802012063625,0.037984577698886426,17,61
328,24,True,False,False,midpoint,0.21784802012063625,0.05786730990049289,17,62
328,24,True,False,False,midpoint_with_inhaler,0.21784802012063625,0.05786730990049289,17,63
328,24,True,False,False,upper_bound,0.21784802012063625,0.06995692902927211,17,64
328,24,True,False,False,upper_bound_with_inhaler,0.21784802012063625,0.06995692902927211,17,65
328,24,True,False,True,one_hot,0.2765186331416562,0.27651863314165614,17,66
328,24,True,False,True,lower_bound,0.21784802012063625,0.037984577698886426,17,67
328,24,True,False,True,midpoint,0.21784802012063625,0.05786730990049289,17,68
328,24,True,False,True,midpoint_with_inhaler,0.21784802012063625,0.05786730990049289,17,69
328,24,True,False,True,upper_bound,0.21784802012063625,0.06995692902927211,17,70
328,24,True,False,True,upper_bound_with_inhaler,0.21784802012063625,0.06995692902927211,17,71
328,36,False,False,False,one_hot,0.17066884146429792,0.17066884146429792,17,72
328,36,False,False,False,lower_bound,6.938893903907228e-18,-0.08786382203713332,17,73
328,36,False,False,False,midpoint,6.938893903907228e-18,-0.06426771903896422,17,74
328,36,False,False,False,midpoint_with_inhaler,6.938893903907228e-18,-0.06426771903896422,17,75
328,36,False,False,False,upper_bound,6.938893903907228e-18,-0.047777311743107176,17,76
328,36,False,False,False,upper_bound_with_inhaler,6.938893903907228e-18,-0.047777311743107176,17,77
328,36,False,False,True,one_hot,0.17066884146429792,0.17066884146429792,17,78
328,36,False,False,True,lower_bound,6.938893903907228e-18,-0.08786382203713332,17,79
328,36,False,False,True,midpoint,6.938893903907228e-18,-0.06426771903896422,17,80
328,36,False,False,True,midpoint_with_inhaler,6.938893903907228e-18,-0.06426771903896422,17,81
328,36,False,False,True,upper_bound,6.938893903907228e-18,-0.047777311743107176,17,82
328,36,False,False,True,upper_bound_with_inhaler,6.938893903907228e-18,-0.047777311743107176,17,83
328,36,True,False,False,one_hot,-0.11284318271571434,-0.11284318271571434,17,84
328,36,True,False,False,lower_bound,-0.12939699363334925,-0.133192294012242,17,85
328,36,True,False,False,midpoint,-0.12939699363334925,-0.13398681709561402,17,86
328,36,True,False,False,midpoint_with_inhaler,-0.12939699363334925,-0.13398681709561402,17,87
328,36,True,False,False,upper_bound,-0.12939699363334925,-0.13258916856431113,17,88
328,36,True,False,False,upper_bound_with_inhaler,-0.12939699363334925,-0.13258916856431113,17,89
328,36,True,False,True,one_hot,-0.11284318271571434,-0.11284318271571434,17,90
328,36,True,False,True,lower_bound,-0.12939699363334925,-0.133192294012242,17,91
328,36,True,False,True,midpoint,-0.12939699363334925,-0.13398681709561402,17,92
328,36,True,False,True,midpoint_with_inhaler,-0.12939699363334925,-0.13398681709561402,17,93
328,36,True,False,True,upper_bound,-0.12939699363334925,-0.13258916856431113,17,94
328,36,True,False,True,upper_bound_with_inhaler,-0.12939699363334925,-0.13258916856431113,17,95
328,48,False,False,False,one_hot,0.1341319932973397,0.1341319932973397,17,96
328,48,False,False,False,lower_bound,-0.16539484113301836,-0.19812056359778238,17,97
328,48,False,False,False,midpoint,-0.16539484113301836,-0.16746026882438445,17,98
328,48,False,False,False,midpoint_with_inhaler,-0.16539484113301836,-0.16746026882438445,17,99
328,48,False,False,False,upper_bound,-0.16539484113301836,-0.14359365999580548,17,100
328,48,False,False,False,upper_bound_with_inhaler,-0.16539484113301836,-0.14359365999580548,17,101
328,48,False,False,True,one_hot,0.1341319932973397,0.1341319932973397,17,102
328,48,False,False,True,lower_bound,-0.16539484113301836,-0.19812056359778238,17,103
328,48,False,False,True,midpoint,-0.16539484113301836,-0.16746026882438445,17,104
328,48,False,False,True,midpoint_with_inhaler,-0.16539484113301836,-0.16746026882438445,17,105
328,48,False,False,True,upper_bound,-0.16539484113301836,-0.14359365999580548,17,106
328,48,False,False,True,upper_bound_with_inhaler,-0.16539484113301836,-0.14359365999580548,17,107
328,48,False,True,False,one_hot,-0.46781943971770057,-0.46781943971770057,17,108
328,48,False,True,False,lower_bound,-0.46781943971770057,-0.46781943971770057,17,109
328,48,False,True,False,midpoint,-0.46781943971770057,-0.4678194397177004,17,110
328,48,False,True,False,midpoint_with_inhaler,-0.46781943971770057,-0.4678194397177004,17,111
328,48,False,True,False,upper_bound,-0.46781943971770057,-0.46781943971770057,17,112
328,48,False,True,False,upper_bound_with_inhaler,-0.46781943971770057,-0.46781943971770057,17,113
328,48,False,True,True,one_hot,-0.46781943971770057,-0.46781943971770057,17,114
328,48,False,True,True,lower_bound,-0.46781943971770057,-0.46781943971770057,17,115
328,48,False,True,True,midpoint,-0.46781943971770057,-0.4678194397177004,17,116
328,48,False,True,True,midpoint_with_inhaler,-0.46781943971770057,-0.4678194397177004,17,117
328,48,False,True,True,upper_bound,-0.46781943971770057,-0.46781943971770057,17,118
328,48,False,True,True,upper_bound_with_inhaler,-0.46781943971770057,-0.46781943971770057,17,119
328,48,True,False,False,one_hot,-0.1665136672773379,-0.1665136672773379,17,120
328,48,True,False,False,lower_bound,-0.19323233473913243,-0.1867793771517939,17,121
328,48,True,False,False,midpoint,-0.19323233473913243,-0.1926561686998819,17,122
328,48,True,False,False,midpoint_with_inhaler,-0.19323233473913243,-0.1926561686998819,17,123
328,48,True,False,False,upper_bound,-0.19323233473913243,-0.1938786753791783,17,124
328,48,True,False,False,upper_bound_with_inhaler,-0.19323233473913243,-0.1938786753791783,17,125
328,48,True,False,True,one_hot,-0.1665136672773379,-0.1665136672773379,17,126
328,48,True,False,True,lower_bound,-0.19323233473913243,-0.1867793771517939,17,127
328,48,True,False,True,midpoint,-0.19323233473913243,-0.1926561686998819,17,128
328,48,True,False,True,midpoint_with_inhaler,-0.19323233473913243,-0.1926561686998819,17,129
328,48,True,False,True,upper_bound,-0.19323233473913243,-0.1938786753791783,17,130
328,48,True,False,True,upper_bound_with_inhaler,-0.19323233473913243,-0.1938786753791783,17,131
343,12,False,False,False,one_hot,0.36021727940724985,0.3602172794072499,173,0
343,12,False,False,False,lower_bound,0.36021727940724985,0.3602172794072499,173,1
343,12,False,False,False,midpoint,0.36021727940724985,0.3602172794072499,173,2
343,12,False,False,False,midpoint_with_inhaler,0.36021727940724985,0.3602172794072499,173,3
343,12,False,False,False,upper_bound,0.36021727940724985,0.3602172794072499,173,4
343,12,False,False,False,upper_bound_with_inhaler,0.36021727940724985,0.3602172794072499,173,5
343,12,False,False,True,one_hot,0.36021727940724985,0.3602172794072499,173,6
343,12,False,False,True,lower_bound,0.36021727940724985,0.3602172794072499,173,7
343,12,False,False,True,midpoint,0.36021727940724985,0.3602172794072499,173,8
343,12,False,False,True,midpoint_with_inhaler,0.36021727940724985,0.3602172794072499,173,9
343,12,False,False,True,upper_bound,0.36021727940724985,0.3602172794072499,173,10
343,12,False,False,True,upper_bound_with_inhaler,0.36021727940724985,0.3602172794072499,173,11
343,12,False,True,False,one_hot,0.38658023174361456,0.3865802317436146,173,12
343,12,False,True,False,lower_bound,0.38658023174361456,0.3865802317436146,173,13
343,12,False,True,False,midpoint,0.38658023174361456,0.3865802317436146,173,14
343,12,False,True,False,midpoint_with_inhaler,0.38658023174361456,0.3865802317436146,173,15
343,12,False,True,False,upper_bound,0.38658023174361456,0.3865802317436146,173,16
343,12,False,True,False,upper_bound_with_inhaler,0.38658023174361456,0.3865802317436146,173,17
343,12,False,True,True,one_hot,0.38658023174361456,0.3865802317436146,173,18
343,12,False,True,True,lower_bound,0.38658023174361456,0.3865802317436146,173,19
343,12,False,True,True,midpoint,0.38658023174361456,0.3865802317436146,173,20
343,12,False,True,True,midpoint_with_inhaler,0.38658023174361456,0.3865802317436146,173,21
343,12,False,True,True,upper_bound,0.38658023174361456,0.3865802317436146,173,22
343,12,False,True,True,upper_bound_with_inhaler,0.38658023174361456,0.3865802317436146,173,23
343,12,True,False,False,one_hot,0.44070801345418736,0.44070801345418736,173,24
343,12,True,False,False,lower_bound,0.4355552636062346,0.38632976531267293,173,25
343,12,True,False,False,midpoint,0.4355552636062346,0.407908677562558,173,26
343,12,True,False,False,midpoint_with_inhaler,0.4355552636062346,0.407908677562558,173,27
343,12,True,False,False,upper_bound,0.4355552636062346,0.41770408957957417,173,28
343,12,True,False,False,upper_bound_with_inhaler,0.4355552636062346,0.41770408957957417,173,29
343,12,True,False,True,one_hot,0.44070801345418736,0.44070801345418736,173,30
343,12,True,False,True,lower_bound,0.4355552636062346,0.38632976531267293,173,31
343,12,True,False,True,midpoint,0.4355552636062346,0.407908677562558,173,32
343,12,True,False,True,midpoint_with_inhaler,0.4355552636062346,0.407908677562558,173,33
343,12,True,False,True,upper_bound,0.4355552636062346,0.41770408957957417,173,34
343,12,True,False,True,upper_bound_with_inhaler,0.4355552636062346,0.41770408957957417,173,35
343,24,False,False,False,one_hot,0.2368729823506407,0.23687298235064072,173,36
343,24,False,False,False,lower_bound,0.2449049910350761,0.27668000863021114,173,37
343,24,False,False,False,midpoint,0.2449049910350761,0.26688870643931023,173,38
343,24,False,False,False,midpoint_with_inhaler,0.2449049910350761,0.26688870643931023,173,39
343,24,False,False,False,upper_bound,0.2449049910350761,0.2607099285774535,173,40
343,24,False,False,False,upper_bound_with_inhaler,0.2449049910350761,0.2607099285774535,173,41
343,24,False,False,True,one_hot,0.2368729823506407,0.23687298235064072,173,42
343,24,False,False,True,lower_bound,0.2449049910350761,0.27668000863021114,173,43
343,24,False,False,True,midpoint,0.2449049910350761,0.26688870643931023,173,44
343,24,False,False,True,midpoint_with_inhaler,0.2449049910350761,0.26688870643931023,173,45
343,24,False,False,True,upper_bound,0.2449049910350761,0.2607099285774535,173,46
343,24,False,False,True,upper_bound_with_inhaler,0.2449049910350761,0.2607099285774535,173,47
343,24,False,True,False,one_hot,0.22233513142798642,0.22233513142798642,173,48
343,24,False,True,False,lower_bound,0.22233513142798642,0.22233513142798642,173,49
343,24,False,True,False,midpoint,0.22233513142798642,0.22233513142798642,173,50
343,24,False,True,False,midpoint_with_inhaler,0.22233513142798642,0.22233513142798642,173,51
343,24,False,True,False,upper_bound,0.22233513142798642,0.22233513142798642,173,52
343,24,False,True,False,upper_bound_with_inhaler,0.22233513142798642,0.22233513142798642,173,53
343,24,False,True,True,one_hot,0.22233513142798642,0.22233513142798642,173,54
343,24,False,True,True,lower_bound,0.22233513142798642,0.22233513142798642,173,55
343,24,False,True,True,midpoint,0.22233513142798642,0.22233513142798642,173,56
343,24,False,True,True,midpoint_with_inhaler,0.22233513142798642,0.22233513142798642,173,57
343,24,False,True,True,upper_bound,0.22233513142798642,0.22233513142798642,173,58
343,24,False,True,True,upper_bound_with_inhaler,0.22233513142798642,0.22233513142798642,173,59
343,24,True,False,False,one_hot,0.20187071068714868,0.20187071068714865,173,60
343,24,True,False,False,lower_bound,0.20927701851718142,0.24420863501235354,173,61
343,24,True,False,False,midpoint,0.20927701851718142,0.2334507046016131,173,62
343,24,True,False,False,midpoint_with_inhaler,0.20927701851718142,0.2334507046016131,173,63
343,24,True,False,False,upper_bound,0.20927701851718142,0.22682929897795331,173,64
343,24,True,False,False,upper_bound_with_inhaler,0.20927701851718142,0.22682929897795331,173,65
343,24,True,False,True,one_hot,0.20187071068714868,0.20187071068714865,173,66
343,24,True,False,True,lower_bound,0.20927701851718142,0.24420863501235354,173,67
343,24,True,False,True,midpoint,0.20927701851718142,0.2334507046016131,173,68
343,24,True,False,True,midpoint_with_inhaler,0.20927701851718142,0.2334507046016131,173,69
343,24,True,False,True,upper_bound,0.20927701851718142,0.22682929897795331,173,70
343,24,True,False,True,upper_bound_with_inhaler,0.20927701851718142,0.22682929897795331,173,71
343,36,False,False,False,one_hot,0.24623178014214545,0.24623178014214545,173,72
343,36,False,False,False,lower_bound,0.25551118369024606,0.2855517865013703,173,73
343,36,False,False,False,midpoint,0.25551118369024606,0.2757488836742294,173,74
343,36,False,False,False,midpoint_with_inhaler,0.25551118369024606,0.2757488836742294,173,75
343,36,False,False,False,upper_bound,0.25551118369024606,0.2696200806131745,173,76
343,36,False,False,False,upper_bound_with_inhaler,0.25551118369024606,0.2696200806131745,173,77
343,36,False,False,True,one_hot,0.24623178014214545,0.24623178014214545,173,78
343,36,False,False,True,lower_bound,0.25551118369024606,0.2855517865013703,173,79
343,36,False,False,True,midpoint,0.25551118369024606,0.2757488836742294,173,80
343,36,False,False,True,midpoint_with_inhaler,0.25551118369024606,0.2757488836742294,173,81
343,36,False,False,True,upper_bound,0.25551118369024606,0.2696200806131745,173,82
343,36,False,False,True,upper_bound_with_inhaler,0.25551118369024606,0.2696200806131745,173,83
343,36,True,False,False,one_hot,0.16340097376181043,0.1634009737618104,173,84
343,36,True,False,False,lower_bound,0.16340097376181043,0.1634009737618104,173,85
343,36,True,False,False,midpoint,0.16340097376181043,0.1634009737618104,173,86
343,36,True,False,False,midpoint_with_inhaler,0.16340097376181043,0.1634009737618104,173,87
343,36,True,False,False,upper_bound,0.16340097376181043,0.1634009737618104,173,88
343,36,True,False,False,upper_bound_with_inhaler,0.16340097376181043,0.1634009737618104,173,89
343,36,True,False,True,one_hot,0.16340097376181043,0.1634009737618104,173,90
343,36,True,False,True,lower_bound,0.16340097376181043,0.1634009737618104,173,91
343,36,True,False,True,midpoint,0.16340097376181043,0.1634009737618104,173,92
343,36,True,False,True,midpoint_with_inhaler,0.16340097376181043,0.1634009737618104,173,93
343,36,True,False,True,upper_bound,0.16340097376181043,0.1634009737618104,173,94
343,36,True,False,True,upper_bound_with_inhaler,0.16340097376181043,0.1634009737618104,173,95
343,48,False,False,False,one_hot,0.16775425988482426,0.16775425988482429,173,96
343,48,False,False,False,lower_bound,0.16864924461237318,0.1558405936032154,173,97
343,48,False,False,False,midpoint,0.16864924461237318,0.16333839277532997,173,98
343,48,False,False,False,midpoint_with_inhaler,0.16864924461237318,0.16333839277532997,173,99
343,48,False,False,False,upper_bound,0.16864924461237318,0.16619928887074933,173,100
343,48,False,False,False,upper_bound_with_inhaler,0.16864924461237318,0.16619928887074933,173,101
343,48,False,False,True,one_hot,0.16775425988482426,0.16775425988482429,173,102
343,48,False,False,True,lower_bound,0.16864924461237318,0.1558405936032154,173,103
343,48,False,False,True,midpoint,0.16864924461237318,0.16333839277532997,173,104
343,48,False,False,True,midpoint_with_inhaler,0.16864924461237318,0.16333839277532997,173,105
343,48,False,False,True,upper_bound,0.16864924461237318,0.16619928887074933,173,106
343,48,False,False,True,upper_bound_with_inhaler,0.16864924461237318,0.16619928887074933,173,107
343,48,False,True,False,one_hot,-0.018847709106709853,-0.01884770910670991,173,108
343,48,False,True,False,lower_bound,-0.018847709106709853,-0.01884770910670991,173,109
343,48,False,True,False,midpoint,-0.018847709106709853,-0.01884770910670993,173,110
343,48,False,True,False,midpoint_with_inhaler,-0.018847709106709853,-0.01884770910670993,173,111
343,48,False,True,False,upper_bound,-0.018847709106709853,-0.01884770910670991,173,112
343,48,False,True,False,upper_bound_with_inhaler,-0.018847709106709853,-0.01884770910670991,173,113
343,48,False,True,True,one_hot,-0.018847709106709853,-0.01884770910670991,173,114
343,48,False,True,True,lower_bound,-0.018847709106709853,-0.01884770910670991,173,115
343,48,False,True,True,midpoint,-0.018847709106709853,-0.01884770910670993,173,116
343,48,False,True,True,midpoint_with_inhaler,-0.018847709106709853,-0.01884770910670993,173,117
343,48,False,True,True,upper_bound,-0.018847709106709853,-0.01884770910670991,173,118
343,48,False,True,True,upper_bound_with_inhaler,-0.018847709106709853,-0.01884770910670991,173,119
343,48,True,False,False,one_hot,-0.002659629338309761,-0.0026596293383097554,173,120
343,48,True,False,False,lower_bound,-0.00398585192217714,-0.012440062471583366,173,121
343,48,True,False,False,midpoint,-0.00398585192217714,-0.009498201002479898,173,122
343,48,True,False,False,midpoint_with_inhaler,-0.00398585192217714,-0.009498201002479898,173,123
343,48,True,False,False,upper_bound,-0.00398585192217714,-0.007895196429404101,173,124
343,48,True,False,False,upper_bound_with_inhaler,-0.00398585192217714,-0.007895196429404101,173,125
343,48,True,False,True,one_hot,-0.002659629338309761,-0.0026596293383097554,173,126
343,48,True,False,True,lower_bound,-0.00398585192217714,-0.012440062471583366,173,127
343,48,True,False,True,midpoint,-0.00398585192217714,-0.009498201002479898,173,128
343,48,True,False,True,midpoint_with_inhaler,-0.00398585192217714,-0.009498201002479898,173,129
343,48,True,False,True,upper_bound,-0.00398585192217714,-0.007895196429404101,173,130
343,48,True,False,True,upper_bound_with_inhaler,-0.00398585192217714,-0.007895196429404101,173,131
398,12,False,False,False,one_hot,0.1279880756166101,0.1279880756166101,25,0
398,12,False,False,False,lower_bound,0.1279880756166101,0.1279880756166101,25,1
398,12,False,False,False,midpoint,0.1279880756166101,0.1279880756166101,25,2
398,12,False,False,False,midpoint_with_inhaler,0.1279880756166101,0.1279880756166101,25,3
398,12,False,False,False,upper_bound,0.1279880756166101,0.1279880756166101,25,4
398,12,False,False,False,upper_bound_with_inhaler,0.1279880756166101,0.1279880756166101,25,5
398,12,False,False,True,one_hot,0.1279880756166101,0.1279880756166101,25,6
398,12,False,False,True,lower_bound,0.1279880756166101,0.1279880756166101,25,7
398,12,False,False,True,midpoint,0.1279880756166101,0.1279880756166101,25,8
398,12,False,False,True,midpoint_with_inhaler,0.1279880756166101,0.1279880756166101,25,9
398,12,False,False,True,upper_bound,0.1279880756166101,0.1279880756166101,25,10
398,12,False,False,True,upper_bound_with_inhaler,0.1279880756166101,0.1279880756166101,25,11
398,12,False,True,False,one_hot,-0.1279880756166101,-0.1279880756166101,25,12
398,12,False,True,False,lower_bound,-0.1279880756166101,-0.1279880756166101,25,13
398,12,False,True,False,midpoint,-0.1279880756166101,-0.12798807561661013,25,14
398,12,False,True,False,midpoint_with_inhaler,-0.1279880756166101,-0.12798807561661013,25,15
398,12,False,True,False,upper_bound,-0.1279880756166101,-0.1279880756166101,25,16
398,12,False,True,False,upper_bound_with_inhaler,-0.1279880756166101,-0.1279880756166101,25,17
398,12,False,True,True,one_hot,-0.1279880756166101,-0.1279880756166101,25,18
398,12,False,True,True,lower_bound,-0.1279880756166101,-0.1279880756166101,25,19
398,12,False,True,True,midpoint,-0.1279880756166101,-0.12798807561661013,25,20
398,12,False,True,True,midpoint_with_inhaler,-0.1279880756166101,-0.12798807561661013,25,21
398,12,False,True,True,upper_bound,-0.1279880756166101,-0.1279880756166101,25,22
398,12,False,True,True,upper_bound_with_inhaler,-0.1279880756166101,-0.1279880756166101,25,23
398,12,True,False,False,one_hot,0.12798807561661013,0.1279880756166101,25,24
398,12,True,False,False,lower_bound,0.08961264287840495,-0.010219344729000587,25,25
398,12,True,False,False,midpoint,0.08961264287840495,0.02062257550311367,25,26
398,12,True,False,False,midpoint_with_inhaler,0.08961264287840495,0.02062257550311367,25,27
398,12,True,False,False,upper_bound,0.08961264287840495,0.041099750734372026,25,28
398,12,True,False,False,upper_bound_with_inhaler,0.08961264287840495,0.041099750734372026,25,29
398,12,True,False,True,one_hot,0.12798807561661013,0.1279880756166101,25,30
398,12,True,False,True,lower_bound,0.08961264287840495,-0.010219344729000587,25,31
398,12,True,False,True,midpoint,0.08961264287840495,0.02062257550311367,25,32
398,12,True,False,True,midpoint_with_inhaler,0.08961264287840495,0.02062257550311367,25,33
398,12,True,False,True,upper_bound,0.08961264287840495,0.041099750734372026,25,34
398,12,True,False,True,upper_bound_with_inhaler,0.08961264287840495,0.041099750734372026,25,35
398,24,False,False,False,one_hot,0.16863324630844803,0.1686332463084481,25,36
398,24,False,False,False,lower_bound,0.13834016394833087,0.07011164777228411,25,37
398,24,False,False,False,midpoint,0.13834016394833087,0.09951742853082005,25,38
398,24,False,False,False,midpoint_with_inhaler,0.13834016394833087,0.09951742853082005,25,39
398,24,False,False,False,upper_bound,0.13834016394833087,0.11624834486277082,25,40
398,24,False,False,False,upper_bound_with_inhaler,0.13834016394833087,0.11624834486277082,25,41
398,24,False,False,True,one_hot,0.16863324630844803,0.1686332463084481,25,42
398,24,False,False,True,lower_bound,0.13834016394833087,0.07011164777228411,25,43
398,24,False,False,True,midpoint,0.13834016394833087,0.09951742853082005,25,44
398,24,False,False,True,midpoint_with_inhaler,0.13834016394833087,0.09951742853082005,25,45
398,24,False,False,True,upper_bound,0.13834016394833087,0.11624834486277082,25,46
398,24,False,False,True,upper_bound_with_inhaler,0.13834016394833087,0.11624834486277082,25,47
398,24,False,True,False,one_hot,0.13443467391583064,0.1344346739158306,25,48
398,24,False,True,False,lower_bound,0.13443467391583064,0.1344346739158306,25,49
398,24,False,True,False,midpoint,0.13443467391583064,0.13443467391583067,25,50
398,24,False,True,False,midpoint_with_inhaler,0.13443467391583064,0.13443467391583067,25,51
398,24,False,True,False,upper_bound,0.13443467391583064,0.1344346739158306,25,52
398,24,False,True,False,upper_bound_with_inhaler,0.13443467391583064,0.1344346739158306,25,53
398,24,False,True,True,one_hot,0.13443467391583064,0.1344346739158306,25,54
398,24,False,True,True,lower_bound,0.13443467391583064,0.1344346739158306,25,55
398,24,False,True,True,midpoint,0.13443467391583064,0.13443467391583067,25,56
398,24,False,True,True,midpoint_with_inhaler,0.13443467391583064,0.13443467391583067,25,57
398,24,False,True,True,upper_bound,0.13443467391583064,0.1344346739158306,25,58
398,24,False,True,True,upper_bound_with_inhaler,0.13443467391583064,0.1344346739158306,25,59
398,24,True,False,False,one_hot,0.3726968021477903,0.37269680214779005,25,60
398,24,True,False,False,lower_bound,0.47487899887020707,0.5888156396602411,25,61
398,24,True,False,False,midpoint,0.47487899887020707,0.5506083709440579,25,62
398,24,True,False,False,midpoint_with_inhaler,0.47487899887020707,0.5506083709440579,25,63
398,24,True,False,False,upper_bound,0.47487899887020707,0.5201911252534069,25,64
398,24,True,False,False,upper_bound_with_inhaler,0.47487899887020707,0.5201911252534069,25,65
398,24,True,False,True,one_hot,0.3726968021477903,0.37269680214779005,25,66
398,24,True,False,True,lower_bound,0.47487899887020707,0.5888156396602411,25,67
398,24,True,False,True,midpoint,0.47487899887020707,0.5506083709440579,25,68
398,24,True,False,True,midpoint_with_inhaler,0.47487899887020707,0.5506083709440579,25,69
398,24,True,False,True,upper_bound,0.47487899887020707,0.5201911252534069,25,70
398,24,True,False,True,upper_bound_with_inhaler,0.47487899887020707,0.5201911252534069,25,71
398,36,False,False,False,one_hot,0.2217841271925576,0.2217841271925576,25,72
398,36,False,False,False,lower_bound,0.16410752159604317,0.0893238894329038,25,73
398,36,False,False,False,midpoint,0.16410752159604317,0.1288317688628141,25,74
398,36,False,False,False,midpoint_with_inhaler,0.16410752159604317,0.1288317688628141,25,75
398,36,False,False,False,upper_bound,0.16410752159604317,0.151968402080128,25,76
398,36,False,False,False,upper_bound_with_inhaler,0.16410752159604317,0.151968402080128,25,77
398,36,False,False,True,one_hot,0.2217841271925576,0.2217841271925576,25,78
398,36,False,False,True,lower_bound,0.16410752159604317,0.0893238894329038,25,79
398,36,False,False,True,midpoint,0.16410752159604317,0.1288317688628141,25,80
398,36,False,False,True,midpoint_with_inhaler,0.16410752159604317,0.1288317688628141,25,81
398,36,False,False,True,upper_bound,0.16410752159604317,0.151968402080128,25,82
398,36,False,False,True,upper_bound_with_inhaler,0.16410752159604317,0.151968402080128,25,83
398,36,True,False,False,one_hot,0.05280251446166784,0.05280251446166784,25,84
398,36,True,False,False,lower_bound,0.03469100889578105,-0.012475333630944526,25,85
398,36,True,False,False,midpoint,0.03469100889578105,0.004755152423466447,25,86
398,36,True,False,False,midpoint_with_inhaler,0.03469100889578105,0.004755152423466447,25,87
398,36,True,False,False,upper_bound,0.03469100889578105,0.015205132524178516,25,88
398,36,True,False,False,upper_bound_with_inhaler,0.03469100889578105,0.015205132524178516,25,89
398,36,True,False,True,one_hot,0.05280251446166784,0.05280251446166784,25,90
398,36,True,False,True,lower_bound,0.03469100889578105,-0.012475333630944526,25,91
398,36,True,False,True,midpoint,0.03469100889578105,0.004755152423466447,25,92
398,36,True,False,True,midpoint_with_inhaler,0.03469100889578105,0.004755152423466447,25,93
398,36,True,False,True,upper_bound,0.03469100889578105,0.015205132524178516,25,94
398,36,True,False,True,upper_bound_with_inhaler,0.03469100889578105,0.015205132524178516,25,95
398,48,False,False,False,one_hot,0.19283124040599242,0.19283124040599237,25,96
398,48,False,False,False,lower_bound,-0.035414414205231275,-0.12134771512048197,25,97
398,48,False,False,False,midpoint,-0.035414414205231275,-0.08838441717712422,25,98
398,48,False,False,False,midpoint_with_inhaler,-0.035414414205231275,-0.08838441717712422,25,99
398,48,False,False,False,upper_bound,-0.035414414205231275,-0.06428247121755047,25,100
398,48,False,False,False,upper_bound_with_inhaler,-0.035414414205231275,-0.06428247121755047,25,101
398,48,False,False,True,one_hot,0.19283124040599242,0.19283124040599237,25,102
398,48,False,False,True,lower_bound,-0.035414414205231275,-0.12134771512048197,25,103
398,48,False,False,True,midpoint,-0.035414414205231275,-0.08838441717712422,25,104
398,48,False,False,True,midpoint_with_inhaler,-0.035414414205231275,-0.08838441717712422,25,105
398,48,False,False,True,upper_bound,-0.035414414205231275,-0.06428247121755047,25,106
398,48,False,False,True,upper_bound_with_inhaler,-0.035414414205231275,-0.06428247121755047,25,107
398,48,False,True,False,one_hot,0.052802514461667935,0.05280251446166791,25,108
398,48,False,True,False,lower_bound,0.034691008895781035,-0.012475333630944517,25,109
398,48,False,True,False,midpoint,0.034691008895781035,0.004755152423466477,25,110
398,48,False,True,False,midpoint_with_inhaler,0.034691008895781035,0.004755152423466477,25,111
398,48,False,True,False,upper_bound,0.034691008895781035,0.015205132524178521,25,112
398,48,False,True,False,upper_bound_with_inhaler,0.034691008895781035,0.015205132524178521,25,113
398,48,False,True,True,one_hot,0.052802514461667935,0.05280251446166791,25,114
398,48,False,True,True,lower_bound,0.034691008895781035,-0.012475333630944517,25,115
398,48,False,True,True,midpoint,0.034691008895781035,0.004755152423466477,25,116
398,48,False,True,True,midpoint_with_inhaler,0.034691008895781035,0.004755152423466477,25,117
398,48,False,True,True,upper_bound,0.034691008895781035,0.015205132524178521,25,118
398,48,False,True,True,upper_bound_with_inhaler,0.034691008895781035,0.015205132524178521,25,119
398,48,True,False,False,one_hot,0.17002801599931888,0.17002801599931888,25,120
398,48,True,False,False,lower_bound,0.14958424327199524,0.06307760329410848,25,121
398,48,True,False,False,midpoint,0.14958424327199524,0.09260569335962138,25,122
398,48,True,False,False,midpoint_with_inhaler,0.14958424327199524,0.09260569335962138,25,123
398,48,True,False,False,upper_bound,0.14958424327199524,0.11011280542948493,25,124
398,48,True,False,False,upper_bound_with_inhaler,0.14958424327199524,0.11011280542948493,25,125
398,48,True,False,True,one_hot,0.17002801599931888,0.17002801599931888,25,126
398,48,True,False,True,lower_bound,0.14958424327199524,0.06307760329410848,25,127
398,48,True,False,True,midpoint,0.14958424327199524,0.09260569335962138,25,128
398,48,True,False,True,midpoint_with_inhaler,0.14958424327199524,0.09260569335962138,25,129
398,48,True,False,True,upper_bound,0.14958424327199524,0.11011280542948493,25,130
398,48,True,False,True,upper_bound_with_inhaler,0.14958424327199524,0.11011280542948493,25,131
447,12,False,False,False,one_hot,0.20844821925261542,0.20844821925261542,99,0
447,12,False,False,False,lower_bound,0.08963881721486953,0.15627304114411178,99,1
447,12,False,False,False,midpoint,0.08963881721486953,0.14228323542419388,99,2
447,12,False,False,False,midpoint_with_inhaler,0.08963881721486953,0.14228323542419388,99,3
447,12,False,False,False,upper_bound,0.08963881721486953,0.13258228968551244,99,4
447,12,False,False,False,upper_bound_with_inhaler,0.08963881721486953,0.13258228968551244,99,5
447,12,False,False,True,one_hot,0.20844821925261542,0.20844821925261542,99,6
447,12,False,False,True,lower_bound,0.08963881721486953,0.15627304114411178,99,7
447,12,False,False,True,midpoint,0.08963881721486953,0.14228323542419388,99,8
447,12,False,False,True,midpoint_with_inhaler,0.08963881721486953,0.14228323542419388,99,9
447,12,False,False,True,upper_bound,0.08963881721486953,0.13258228968551244,99,10
447,12,False,False,True,upper_bound_with_inhaler,0.08963881721486953,0.13258228968551244,99,11
447,12,False,True,False,one_hot,0.04969670815587941,0.04969670815587943,99,12
447,12,False,True,False,lower_bound,-0.06341182655915027,-0.03794093626784258,99,13
447,12,False,True,False,midpoint,-0.06341182655915027,-0.028388725476462408,99,14
447,12,False,True,False,midpoint_with_inhaler,-0.06341182655915027,-0.028388725476462408,99,15
447,12,False,True,False,upper_bound,-0.06341182655915027,-0.021439869738091935,99,16
447,12,False,True,False,upper_bound_with_inhaler,-0.06341182655915027,-0.021439869738091935,99,17
447,12,False,True,True,one_hot,0.04969670815587941,0.04969670815587943,99,18
447,12,False,True,True,lower_bound,-0.06341182655915027,-0.03794093626784258,99,19
447,12,False,True,True,midpoint,-0.06341182655915027,-0.028388725476462408,99,20
447,12,False,True,True,midpoint_with_inhaler,-0.06341182655915027,-0.028388725476462408,99,21
447,12,False,True,True,upper_bound,-0.06341182655915027,-0.021439869738091935,99,22
447,12,False,True,True,upper_bound_with_inhaler,-0.06341182655915027,-0.021439869738091935,99,23
447,12,True,False,False,one_hot,-0.05270659335343609,-0.052706593353436075,99,24
447,12,True,False,False,lower_bound,-0.08857907282017936,0.01039235816247201,99,25
447,12,True,False,False,midpoint,-0.08857907282017936,-0.008550248851334192,99,26
447,12,True,False,False,midpoint_with_inhaler,-0.08857907282017936,-0.008550248851334192,99,27
447,12,True,False,False,upper_bound,-0.08857907282017936,-0.021181480314283452,99,28
447,12,True,False,False,upper_bound_with_inhaler,-0.08857907282017936,-0.021181480314283452,99,29
447,12,True,False,True,one_hot,-0.05270659335343609,-0.052706593353436075,99,30
447,12,True,False,True,lower_bound,-0.08857907282017936,0.01039235816247201,99,31
447,12,True,False,True,midpoint,-0.08857907282017936,-0.008550248851334192,99,32
447,12,True,False,True,midpoint_with_inhaler,-0.08857907282017936,-0.008550248851334192,99,33
447,12,True,False,True,upper_bound,-0.08857907282017936,-0.021181480314283452,99,34
447,12,True,False,True,upper_bound_with_inhaler,-0.08857907282017936,-0.021181480314283452,99,35
447,24,False,False,False,one_hot,0.20530815881500714,0.20530815881500714,99,36
447,24,False,False,False,lower_bound,0.025068760732049014,0.11039522462303307,99,37
447,24,False,False,False,midpoint,0.025068760732049014,0.093929982267374,99,38
447,24,False,False,False,midpoint_with_inhaler,0.025068760732049014,0.093929982267374,99,39
447,24,False,False,False,upper_bound,0.025068760732049014,0.08308717100168685,99,40
447,24,False,False,False,upper_bound_with_inhaler,0.025068760732049014,0.08308717100168685,99,41
447,24,False,False,True,one_hot,0.20530815881500714,0.20530815881500714,99,42
447,24,False,False,True,lower_bound,0.025068760732049014,0.11039522462303307,99,43
447,24,False,False,True,midpoint,0.025068760732049014,0.093929982267374,99,44
447,24,False,False,True,midpoint_with_inhaler,0.025068760732049014,0.093929982267374,99,45
447,24,False,False,True,upper_bound,0.025068760732049014,0.08308717100168685,99,46
447,24,False,False,True,upper_bound_with_inhaler,0.025068760732049014,0.08308717100168685,99,47
447,24,False,True,False,one_hot,0.008043791631308212,0.008043791631308212,99,48
447,24,False,True,False,lower_bound,0.10685548647815148,0.22072960641038097,99,49
447,24,False,True,False,midpoint,0.10685548647815148,0.19689211792014022,99,50
447,24,False,True,False,midpoint_with_inhaler,0.10685548647815148,0.19689211792014022,99,51
447,24,False,True,False,upper_bound,0.10685548647815148,0.18041917965663948,99,52
447,24,False,True,False,upper_bound_with_inhaler,0.10685548647815148,0.18041917965663948,99,53
447,24,False,True,True,one_hot,0.008043791631308212,0.008043791631308212,99,54
447,24,False,True,True,lower_bound,0.10685548647815148,0.22072960641038097,99,55
447,24,False,True,True,midpoint,0.10685548647815148,0.19689211792014022,99,56
447,24,False,True,True,midpoint_with_inhaler,0.10685548647815148,0.19689211792014022,99,57
447,24,False,True,True,upper_bound,0.10685548647815148,0.18041917965663948,99,58
447,24,False,True,True,upper_bound_with_inhaler,0.10685548647815148,0.18041917965663948,99,59
447,24,True,False,False,one_hot,0.17833834490112346,0.1783383449011235,99,60
447,24,True,False,False,lower_bound,0.1566355845639357,0.215385047101735,99,61
447,24,True,False,False,midpoint,0.1566355845639357,0.18329967926317028,99,62
447,24,True,False,False,midpoint_with_inhaler,0.1566355845639357,0.18329967926317028,99,63
447,24,True,False,False,upper_bound,0.1566355845639357,0.1598660678026373,99,64
447,24,True,False,False,upper_bound_with_inhaler,0.1566355845639357,0.1598660678026373,99,65
447,24,True,False,True,one_hot,0.17833834490112346,0.1783383449011235,99,66
447,24,True,False,True,lower_bound,0.1566355845639357,0.215385047101735,99,67
447,24,True,False,True,midpoint,0.1566355845639357,0.18329967926317028,99,68
447,24,True,False,True,midpoint_with_inhaler,0.1566355845639357,0.18329967926317028,99,69
447,24,True,False,True,upper_bound,0.1566355845639357,0.1598660678026373,99,70
447,24,True,False,True,upper_bound_with_inhaler,0.1566355845639357,0.1598660678026373,99,71
447,36,False,False,False,one_hot,-0.09783464196517677,-0.09783464196517684,99,72
447,36,False,False,False,lower_bound,0.05979207217789131,0.2333725350182202,99,73
447,36,False,False,False,midpoint,0.05979207217789131,0.19580733292163507,99,74
447,36,False,False,False,midpoint_with_inhaler,0.05979207217789131,0.19580733292163507,99,75
447,36,False,False,False,upper_bound,0.05979207217789131,0.16806706378295425,99,76
447,36,False,False,False,upper_bound_with_inhaler,0.05979207217789131,0.16806706378295425,99,77
447,36,False,False,True,one_hot,-0.09783464196517677,-0.09783464196517684,99,78
447,36,False,False,True,lower_bound,0.05979207217789131,0.2333725350182202,99,79
447,36,False,False,True,midpoint,0.05979207217789131,0.19580733292163507,99,80
447,36,False,False,True,midpoint_with_inhaler,0.05979207217789131,0.19580733292163507,99,81
447,36,False,False,True,upper_bound,0.05979207217789131,0.16806706378295425,99,82
447,36,False,False,True,upper_bound_with_inhaler,0.05979207217789131,0.16806706378295425,99,83
447,36,True,False,False,one_hot,0.09682486690228714,0.09682486690228716,99,84
447,36,True,False,False,lower_bound,0.06107684080325983,0.23018710596731956,99,85
447,36,True,False,False,midpoint,0.06107684080325983,0.19207903872214552,99,86
447,36,True,False,False,midpoint_with_inhaler,0.06107684080325983,0.19207903872214552,99,87
447,36,True,False,False,upper_bound,0.06107684080325983,0.16654278538168324,99,88
447,36,True,False,False,upper_bound_with_inhaler,0.06107684080325983,0.16654278538168324,99,89
447,36,True,False,True,one_hot,0.09682486690228714,0.09682486690228716,99,90
447,36,True,False,True,lower_bound,0.06107684080325983,0.23018710596731956,99,91
447,36,True,False,True,midpoint,0.06107684080325983,0.19207903872214552,99,92
447,36,True,False,True,midpoint_with_inhaler,0.06107684080325983,0.19207903872214552,99,93
447,36,True,False,True,upper_bound,0.06107684080325983,0.16654278538168324,99,94
447,36,True,False,True,upper_bound_with_inhaler,0.06107684080325983,0.16654278538168324,99,95
447,48,False,False,False,one_hot,0.17071133837458494,0.170711338374585,99,96
447,48,False,False,False,lower_bound,0.006892748457447722,0.14580865245393257,99,97
447,48,False,False,False,midpoint,0.006892748457447722,0.13130101572130184,99,98
447,48,False,False,False,midpoint_with_inhaler,0.006892748457447722,0.13130101572130184,99,99
447,48,False,False,False,upper_bound,0.006892748457447722,0.11988203637283844,99,100
447,48,False,False,False,upper_bound_with_inhaler,0.006892748457447722,0.11988203637283844,99,101
447,48,False,False,True,one_hot,0.17071133837458494,0.170711338374585,99,102
447,48,False,False,True,lower_bound,0.006892748457447722,0.14580865245393257,99,103
447,48,False,False,True,midpoint,0.006892748457447722,0.13130101572130184,99,104
447,48,False,False,True,midpoint_with_inhaler,0.006892748457447722,0.13130101572130184,99,105
447,48,False,False,True,upper_bound,0.006892748457447722,0.11988203637283844,99,106
447,48,False,False,True,upper_bound_with_inhaler,0.006892748457447722,0.11988203637283844,99,107
447,48,False,True,False,one_hot,0.39150196395717596,0.39150196395717607,99,108
447,48,False,True,False,lower_bound,0.14503657388329141,0.14098240040755772,99,109
447,48,False,True,False,midpoint,0.14503657388329141,0.1529225599591748,99,110
447,48,False,True,False,midpoint_with_inhaler,0.14503657388329141,0.1529225599591748,99,111
447,48,False,True,False,upper_bound,0.14503657388329141,0.15697191849697856,99,112
447,48,False,True,False,upper_bound_with_inhaler,0.14503657388329141,0.15697191849697856,99,113
447,48,False,True,True,one_hot,0.39150196395717596,0.39150196395717607,99,114
447,48,False,True,True,lower_bound,0.14503657388329141,0.14098240040755772,99,115
447,48,False,True,True,midpoint,0.14503657388329141,0.1529225599591748,99,116
447,48,False,True,True,midpoint_with_inhaler,0.14503657388329141,0.1529225599591748,99,117
447,48,False,True,True,upper_bound,0.14503657388329141,0.15697191849697856,99,118
447,48,False,True,True,upper_bound_with_inhaler,0.14503657388329141,0.15697191849697856,99,119
447,48,True,False,False,one_hot,0.17042877551451083,0.17042877551451083,99,120
447,48,True,False,False,lower_bound,-0.05493436286823396,-0.017751071080039208,99,121
447,48,True,False,False,midpoint,-0.05493436286823396,-0.01355414637076425,99,122
447,48,True,False,False,midpoint_with_inhaler,-0.05493436286823396,-0.01355414637076425,99,123
447,48,True,False,False,upper_bound,-0.05493436286823396,-0.01022065852980124,99,124
447,48,True,False,False,upper_bound_with_inhaler,-0.05493436286823396,-0.01022065852980124,99,125
447,48,True,False,True,one_hot,0.17042877551451083,0.17042877551451083,99,126
447,48,True,False,True,lower_bound,-0.05493436286823396,-0.017751071080039208,99,127
447,48,True,False,True,midpoint,-0.05493436286823396,-0.01355414637076425,99,128
447,48,True,False,True,midpoint_with_inhaler,-0.05493436286823396,-0.01355414637076425,99,129
447,48,True,False,True,upper_bound,-0.05493436286823396,-0.01022065852980124,99,130
447,48,True,False,True,upper_bound_with_inhaler,-0.05493436286823396,-0.01022065852980124,99,131
454,12,False,False,False,one_hot,-0.3465735902799726,-0.34657359027997264,10,0
454,12,False,False,False,lower_bound,-0.47006333893262214,-0.4725104186394833,10,1
454,12,False,False,False,midpoint,-0.47006333893262214,-0.4793744573129247,10,2
454,12,False,False,False,midpoint_with_inhaler,-0.47006333893262214,-0.4793744573129247,10,3
454,12,False,False,False,upper_bound,-0.47006333893262214,-0.48121182505960336,10,4
454,12,False,False,False,upper_bound_with_inhaler,-0.47006333893262214,-0.48121182505960336,10,5
454,12,False,False,True,one_hot,-0.3465735902799726,-0.34657359027997264,10,6
454,12,False,False,True,lower_bound,-0.47006333893262214,-0.4725104186394833,10,7
454,12,False,False,True,midpoint,-0.47006333893262214,-0.4793744573129247,10,8
454,12,False,False,True,midpoint_with_inhaler,-0.47006333893262214,-0.4793744573129247,10,9
454,12,False,False,True,upper_bound,-0.47006333893262214,-0.48121182505960336,10,10
454,12,False,False,True,upper_bound_with_inhaler,-0.47006333893262214,-0.48121182505960336,10,11
454,12,False,True,False,one_hot,-0.11157177565710485,-0.11157177565710488,10,12
454,12,False,True,False,lower_bound,0.32469636290712717,0.41326800326802665,10,13
454,12,False,True,False,midpoint,0.32469636290712717,0.34899959693146565,10,14
454,12,False,True,False,midpoint_with_inhaler,0.32469636290712717,0.34899959693146565,10,15
454,12,False,True,False,upper_bound,0.32469636290712717,0.3011368850771563,10,16
454,12,False,True,False,upper_bound_with_inhaler,0.32469636290712717,0.3011368850771563,10,17
454,12,False,True,True,one_hot,-0.11157177565710485,-0.11157177565710488,10,18
454,12,False,True,True,lower_bound,0.32469636290712717,0.41326800326802665,10,19
454,12,False,True,True,midpoint,0.32469636290712717,0.34899959693146565,10,20
454,12,False,True,True,midpoint_with_inhaler,0.32469636290712717,0.34899959693146565,10,21
454,12,False,True,True,upper_bound,0.32469636290712717,0.3011368850771563,10,22
454,12,False,True,True,upper_bound_with_inhaler,0.32469636290712717,0.3011368850771563,10,23
454,12,True,False,False,one_hot,,,10,24
454,12,True,False,False,lower_bound,0.272130719023544,0.27054863969476217,10,25
454,12,True,False,False,midpoint,0.272130719023544,0.26250775180900127,10,26
454,12,True,False,False,midpoint_with_inhaler,0.272130719023544,0.26250775180900127,10,27
454,12,True,False,False,upper_bound,0.272130719023544,0.25376228905381204,10,28
454,12,True,False,False,upper_bound_with_inhaler,0.272130719023544,0.25376228905381204,10,29
454,12,True,False,True,one_hot,,,10,30
454,12,True,False,True,lower_bound,0.272130719023544,0.27054863969476217,10,31
454,12,True,False,True,midpoint,0.272130719023544,0.26250775180900127,10,32
454,12,True,False,True,midpoint_with_inhaler,0.272130719023544,0.26250775180900127,10,33
454,12,True,False,True,upper_bound,0.272130719023544,0.25376228905381204,10,34
454,12,True,False,True,upper_bound_with_inhaler,0.272130719023544,0.25376228905381204,10,35
454,24,False,False,False,one_hot,-0.22178412719255758,-0.22178412719255758,10,36
454,24,False,False,False,lower_bound,-0.409155600711661,-0.26764151195193897,10,37
454,24,False,False,False,midpoint,-0.409155600711661,-0.30828164306912115,10,38
454,24,False,False,False,midpoint_with_inhaler,-0.409155600711661,-0.30828164306912115,10,39
454,24,False,False,False,upper_bound,-0.409155600711661,-0.3310214345644773,10,40
454,24,False,False,False,upper_bound_with_inhaler,-0.409155600711661,-0.3310214345644773,10,41
454,24,False,False,True,one_hot,-0.22178412719255758,-0.22178412719255758,10,42
454,24,False,False,True,lower_bound,-0.409155600711661,-0.26764151195193897,10,43
454,24,False,False,True,midpoint,-0.409155600711661,-0.30828164306912115,10,44
454,24,False,False,True,midpoint_with_inhaler,-0.409155600711661,-0.30828164306912115,10,45
454,24,False,False,True,upper_bound,-0.409155600711661,-0.3310214345644773,10,46
454,24,False,False,True,upper_bound_with_inhaler,-0.409155600711661,-0.3310214345644773,10,47
454,24,False,True,False,one_hot,-0.11157177565710484,-0.11157177565710488,10,48
454,24,False,True,False,lower_bound,-0.34287058555578914,-0.3348053869574139,10,49
454,24,False,True,False,midpoint,-0.34287058555578914,-0.40247070714566757,10,50
454,24,False,True,False,midpoint_with_inhaler,-0.34287058555578914,-0.40247070714566757,10,51
454,24,False,True,False,upper_bound,-0.34287058555578914,-0.44191122419956846,10,52
454,24,False,True,False,upper_bound_with_inhaler,-0.34287058555578914,-0.44191122419956846,10,53
454,24,False,True,True,one_hot,-0.11157177565710484,-0.11157177565710488,10,54
454,24,False,True,True,lower_bound,-0.34287058555578914,-0.3348053869574139,10,55
454,24,False,True,True,midpoint,-0.34287058555578914,-0.40247070714566757,10,56
454,24,False,True,True,midpoint_with_inhaler,-0.34287058555578914,-0.40247070714566757,10,57
454,24,False,True,True,upper_bound,-0.34287058555578914,-0.44191122419956846,10,58
454,24,False,True,True,upper_bound_with_inhaler,-0.34287058555578914,-0.44191122419956846,10,59
454,24,True,False,False,one_hot,,,10,60
454,24,True,False,False,lower_bound,0.24899638550054415,0.25713067543591456,10,61
454,24,True,False,False,midpoint,0.24899638550054415,0.2890193192349257,10,62
454,24,True,False,False,midpoint_with_inhaler,0.24899638550054415,0.2890193192349257,10,63
454,24,True,False,False,upper_bound,0.24899638550054415,0.31424094311014855,10,64
454,24,True,False,False,upper_bound_with_inhaler,0.24899638550054415,0.31424094311014855,10,65
454,24,True,False,True,one_hot,,,10,66
454,24,True,False,True,lower_bound,0.24899638550054415,0.25713067543591456,10,67
454,24,True,False,True,midpoint,0.24899638550054415,0.2890193192349257,10,68
454,24,True,False,True,midpoint_with_inhaler,0.24899638550054415,0.2890193192349257,10,69
454,24,True,False,True,upper_bound,0.24899638550054415,0.31424094311014855,10,70
454,24,True,False,True,upper_bound_with_inhaler,0.24899638550054415,0.31424094311014855,10,71
454,36,False,False,False,one_hot,,,10,72
454,36,False,False,False,lower_bound,0.21402777306009688,0.2653357499308583,10,73
454,36,False,False,False,midpoint,0.21402777306009688,0.31595654497264275,10,74
454,36,False,False,False,midpoint_with_inhaler,0.21402777306009688,0.31595654497264275,10,75
454,36,False,False,False,upper_bound,0.21402777306009688,0.34072521130181815,10,76
454,36,False,False,False,upper_bound_with_inhaler,0.21402777306009688,0.34072521130181815,10,77
454,36,False,False,True,one_hot,,,10,78
454,36,False,False,True,lower_bound,0.21402777306009688,0.2653357499308583,10,79
454,36,False,False,True,midpoint,0.21402777306009688,0.31595654497264275,10,80
454,36,False,False,True,midpoint_with_inhaler,0.21402777306009688,0.31595654497264275,10,81
454,36,False,False,True,upper_bound,0.21402777306009688,0.34072521130181815,10,82
454,36,False,False,True,upper_bound_with_inhaler,0.21402777306009688,0.34072521130181815,10,83
454,36,True,False,False,one_hot,0.8047189562170504,0.8047189562170495,10,84
454,36,True,False,False,lower_bound,0.12666118316822195,0.07201273984753982,10,85
454,36,True,False,False,midpoint,0.12666118316822195,0.16150516161601952,10,86
454,36,True,False,False,midpoint_with_inhaler,0.12666118316822195,0.16150516161601952,10,87
454,36,True,False,False,upper_bound,0.12666118316822195,0.240218647289261,10,88
454,36,True,False,False,upper_bound_with_inhaler,0.12666118316822195,0.240218647289261,10,89
454,36,True,False,True,one_hot,0.8047189562170504,0.8047189562170495,10,90
454,36,True,False,True,lower_bound,0.12666118316822195,0.07201273984753982,10,91
454,36,True,False,True,midpoint,0.12666118316822195,0.16150516161601952,10,92
454,36,True,False,True,midpoint_with_inhaler,0.12666118316822195,0.16150516161601952,10,93
454,36,True,False,True,upper_bound,0.12666118316822195,0.240218647289261,10,94
454,36,True,False,True,upper_bound_with_inhaler,0.12666118316822195,0.240218647289261,10,95
454,48,False,False,False,one_hot,,,10,96
454,48,False,False,False,lower_bound,0.2241115530529844,0.2263763747695148,10,97
454,48,False,False,False,midpoint,0.2241115530529844,0.2371630092037166,10,98
454,48,False,False,False,midpoint_with_inhaler,0.2241115530529844,0.2371630092037166,10,99
454,48,False,False,False,upper_bound,0.2241115530529844,0.24340036920837313,10,100
454,48,False,False,False,upper_bound_with_inhaler,0.2241115530529844,0.24340036920837313,10,101
454,48,False,False,True,one_hot,,,10,102
454,48,False,False,True,lower_bound,0.2241115530529844,0.2263763747695148,10,103
454,48,False,False,True,midpoint,0.2241115530529844,0.2371630092037166,10,104
454,48,False,False,True,midpoint_with_inhaler,0.2241115530529844,0.2371630092037166,10,105
454,48,False,False,True,upper_bound,0.2241115530529844,0.24340036920837313,10,106
454,48,False,False,True,upper_bound_with_inhaler,0.2241115530529844,0.24340036920837313,10,107
454,48,False,True,False,one_hot,-0.11157177565710484,-0.11157177565710488,10,108
454,48,False,True,False,lower_bound,0.0,0.11368811755259961,10,109
454,48,False,True,False,midpoint,0.0,0.0488303983903825,10,110
454,48,False,True,False,midpoint_with_inhaler,0.0,0.0488303983903825,10,111
454,48,False,True,False,upper_bound,0.0,0.0,10,112
454,48,False,True,False,upper_bound_with_inhaler,0.0,0.0,10,113
454,48,False,True,True,one_hot,-0.11157177565710484,-0.11157177565710488,10,114
454,48,False,True,True,lower_bound,0.0,0.11368811755259961,10,115
454,48,False,True,True,midpoint,0.0,0.0488303983903825,10,116
454,48,False,True,True,midpoint_with_inhaler,0.0,0.0488303983903825,10,117
454,48,False,True,True,upper_bound,0.0,0.0,10,118
454,48,False,True,True,upper_bound_with_inhaler,0.0,0.0,10,119
454,48,True,False,False,one_hot,-0.2792011082900237,-0.27920110829002365,10,120
454,48,True,False,False,lower_bound,-0.2927212477226893,-0.2958977942578643,10,121
454,48,True,False,False,midpoint,-0.2927212477226893,-0.3070763367797333,10,122
454,48,True,False,False,midpoint_with_inhaler,-0.2927212477226893,-0.3070763367797333,10,123
454,48,True,False,False,upper_bound,-0.2927212477226893,-0.31424094311014844,10,124
454,48,True,False,False,upper_bound_with_inhaler,-0.2927212477226893,-0.31424094311014844,10,125
454,48,True,False,True,one_hot,-0.2792011082900237,-0.27920110829002365,10,126
454,48,True,False,True,lower_bound,-0.2927212477226893,-0.2958977942578643,10,127
454,48,True,False,True,midpoint,-0.2927212477226893,-0.3070763367797333,10,128
454,48,True,False,True,midpoint_with_inhaler,-0.2927212477226893,-0.3070763367797333,10,129
454,48,True,False,True,upper_bound,-0.2927212477226893,-0.31424094311014844,10,130
454,48,True,False,True,upper_bound_with_inhaler,-0.2927212477226893,-0.31424094311014844,10,131
473,12,False,False,False,one_hot,0.18289535829948958,0.1828953582994896,69,0
473,12,False,False,False,lower_bound,0.5455184499464933,0.8616622955203835,69,1
473,12,False,False,False,midpoint,0.5455184499464933,0.8365484163990837,69,2
473,12,False,False,False,midpoint_with_inhaler,0.5455184499464933,0.8365484163990837,69,3
473,12,False,False,False,upper_bound,0.5455184499464933,0.8047691162395761,69,4
473,12,False,False,False,upper_bound_with_inhaler,0.5455184499464933,0.8047691162395761,69,5
473,12,False,False,True,one_hot,0.18289535829948958,0.1828953582994896,69,6
473,12,False,False,True,lower_bound,0.5455184499464933,0.8616622955203835,69,7
473,12,False,False,True,midpoint,0.5455184499464933,0.8365484163990837,69,8
473,12,False,False,True,midpoint_with_inhaler,0.5455184499464933,0.8365484163990837,69,9
473,12,False,False,True,upper_bound,0.5455184499464933,0.8047691162395761,69,10
473,12,False,False,True,upper_bound_with_inhaler,0.5455184499464933,0.8047691162395761,69,11
473,12,False,True,False,one_hot,0.36629617886395877,0.36629617886395877,69,12
473,12,False,True,False,lower_bound,0.6646907835886817,0.9009233933782982,69,13
473,12,False,True,False,midpoint,0.6646907835886817,0.9685718775505351,69,14
473,12,False,True,False,midpoint_with_inhaler,0.6646907835886817,0.9685718775505351,69,15
473,12,False,True,False,upper_bound,0.6646907835886817,1.010654168490726,69,16
473,12,False,True,False,upper_bound_with_inhaler,0.6646907835886817,1.010654168490726,69,17
473,12,False,True,True,one_hot,0.36629617886395877,0.36629617886395877,69,18
473,12,False,True,True,lower_bound,0.6646907835886817,0.9009233933782982,69,19
473,12,False,True,True,midpoint,0.6646907835886817,0.9685718775505351,69,20
473,12,False,True,True,midpoint_with_inhaler,0.6646907835886817,0.9685718775505351,69,21
473,12,False,True,True,upper_bound,0.6646907835886817,1.010654168490726,69,22
473,12,False,True,True,upper_bound_with_inhaler,0.6646907835886817,1.010654168490726,69,23
473,12,True,False,False,one_hot,0.1975669224926018,0.19756692249260174,69,24
473,12,True,False,False,lower_bound,0.5073233850899976,0.6948427419437825,69,25
473,12,True,False,False,midpoint,0.5073233850899976,0.772544541373051,69,26
473,12,True,False,False,midpoint_with_inhaler,0.5073233850899976,0.772544541373051,69,27
473,12,True,False,False,upper_bound,0.5073233850899976,0.8257826741034309,69,28
473,12,True,False,False,upper_bound_with_inhaler,0.5073233850899976,0.8257826741034309,69,29
473,12,True,False,True,one_hot,0.1975669224926018,0.19756692249260174,69,30
473,12,True,False,True,lower_bound,0.5073233850899976,0.6948427419437825,69,31
473,12,True,False,True,midpoint,0.5073233850899976,0.772544541373051,69,32
473,12,True,False,True,midpoint_with_inhaler,0.5073233850899976,0.772544541373051,69,33
473,12,True,False,True,upper_bound,0.5073233850899976,0.8257826741034309,69,34
473,12,True,False,True,upper_bound_with_inhaler,0.5073233850899976,0.8257826741034309,69,35
473,24,False,False,False,one_hot,0.30881364617414214,0.3088136461741421,69,36
473,24,False,False,False,lower_bound,0.7738025449626672,1.0791882828424295,69,37
473,24,False,False,False,midpoint,0.7738025449626672,1.1069960986930891,69,38
473,24,False,False,False,midpoint_with_inhaler,0.7738025449626672,1.1069960986930891,69,39
473,24,False,False,False,upper_bound,0.7738025449626672,1.111387932788233,69,40
473,24,False,False,False,upper_bound_with_inhaler,0.7738025449626672,1.111387932788233,69,41
473,24,False,False,True,one_hot,0.30881364617414214,0.3088136461741421,69,42
473,24,False,False,True,lower_bound,0.7738025449626672,1.0791882828424295,69,43
473,24,False,False,True,midpoint,0.7738025449626672,1.1069960986930891,69,44
473,24,False,False,True,midpoint_with_inhaler,0.7738025449626672,1.1069960986930891,69,45
473,24,False,False,True,upper_bound,0.7738025449626672,1.111387932788233,69,46
473,24,False,False,True,upper_bound_with_inhaler,0.7738025449626672,1.111387932788233,69,47
473,24,False,True,False,one_hot,-0.013607996367304913,-0.013607996367304934,69,48
473,24,False,True,False,lower_bound,0.37530587909414176,0.5233448048879238,69,49
473,24,False,True,False,midpoint,0.37530587909414176,0.517784538971967,69,50
473,24,False,True,False,midpoint_with_inhaler,0.37530587909414176,0.517784538971967,69,51
473,24,False,True,False,upper_bound,0.37530587909414176,0.510461960889984,69,52
473,24,False,True,False,upper_bound_with_inhaler,0.37530587909414176,0.510461960889984,69,53
473,24,False,True,True,one_hot,-0.013607996367304913,-0.013607996367304934,69,54
473,24,False,True,True,lower_bound,0.37530587909414176,0.5233448048879238,69,55
473,24,False,True,True,midpoint,0.37530587909414176,0.517784538971967,69,56
473,24,False,True,True,midpoint_with_inhaler,0.37530587909414176,0.517784538971967,69,57
473,24,False,True,True,upper_bound,0.37530587909414176,0.510461960889984,69,58
473,24,False,True,True,upper_bound_with_inhaler,0.37530587909414176,0.510461960889984,69,59
473,24,True,False,False,one_hot,0.25793953725718627,0.25793953725718627,69,60
473,24,True,False,False,lower_bound,0.6077171706583593,0.9414620992137905,69,61
473,24,True,False,False,midpoint,0.6077171706583593,0.9857008196434813,69,62
473,24,True,False,False,midpoint_with_inhaler,0.6077171706583593,0.9857008196434813,69,63
473,24,True,False,False,upper_bound,0.6077171706583593,1.0050471769506335,69,64
473,24,True,False,False,upper_bound_with_inhaler,0.6077171706583593,1.0050471769506335,69,65
473,24,True,False,True,one_hot,0.25793953725718627,0.25793953725718627,69,66
473,24,True,False,True,lower_bound,0.6077171706583593,0.9414620992137905,69,67
473,24,True,False,True,midpoint,0.6077171706583593,0.9857008196434813,69,68
473,24,True,False,True,midpoint_with_inhaler,0.6077171706583593,0.9857008196434813,69,69
473,24,True,False,True,upper_bound,0.6077171706583593,1.0050471769506335,69,70
473,24,True,False,True,upper_bound_with_inhaler,0.6077171706583593,1.0050471769506335,69,71
473,36,False,False,False,one_hot,-0.08038380700403039,-0.08038380700403036,69,72
473,36,False,False,False,lower_bound,0.6443727422611694,0.9014661765701634,69,73
473,36,False,False,False,midpoint,0.6443727422611694,0.8709572901718529,69,74
473,36,False,False,False,midpoint_with_inhaler,0.6443727422611694,0.9134128207602532,69,75
473,36,False,False,False,upper_bound,0.6398094862680658,0.8276127074582451,69,76
473,36,False,False,False,upper_bound_with_inhaler,0.6443727422611694,0.9145635331522434,69,77
473,36,False,False,True,one_hot,-0.08038380700403039,-0.08038380700403036,69,78
473,36,False,False,True,lower_bound,0.6443727422611694,0.9014661765701634,69,79
473,36,False,False,True,midpoint,0.6443727422611694,0.8709572901718529,69,80
473,36,False,False,True,midpoint_with_inhaler,0.6443727422611694,0.9134128207602532,69,81
473,36,False,False,True,upper_bound,0.6398094862680658,0.8276127074582451,69,82
473,36,False,False,True,upper_bound_with_inhaler,0.6443727422611694,0.9145635331522434,69,83
473,36,True,False,False,one_hot,0.17687799610674987,0.1768779961067498,69,84
473,36,True,False,False,lower_bound,0.508249100645429,0.6841423108641098,69,85
473,36,True,False,False,midpoint,0.508249100645429,0.6786052340894451,69,86
473,36,True,False,False,midpoint_with_inhaler,0.508249100645429,0.6786052340894451,69,87
473,36,True,False,False,upper_bound,0.508249100645429,0.6701085075981711,69,88
473,36,True,False,False,upper_bound_with_inhaler,0.508249100645429,0.6701085075981711,69,89
473,36,True,False,True,one_hot,0.17687799610674987,0.1768779961067498,69,90
473,36,True,False,True,lower_bound,0.508249100645429,0.6841423108641098,69,91
473,36,True,False,True,midpoint,0.508249100645429,0.6786052340894451,69,92
473,36,True,False,True,midpoint_with_inhaler,0.508249100645429,0.6786052340894451,69,93
473,36,True,False,True,upper_bound,0.508249100645429,0.6701085075981711,69,94
473,36,True,False,True,upper_bound_with_inhaler,0.508249100645429,0.6701085075981711,69,95
473,48,False,False,False,one_hot,-0.0803838070040304,-0.08038380700403039,69,96
473,48,False,False,False,lower_bound,0.5449949620426691,0.8449398533471278,69,97
473,48,False,False,False,midpoint,0.5449949620426691,0.8166184303827163,69,98
473,48,False,False,False,midpoint_with_inhaler,0.5449949620426691,0.8435966444735055,69,99
473,48,False,False,False,upper_bound,0.5418503105226798,0.7763226901929147,69,100
473,48,False,False,False,upper_bound_with_inhaler,0.5449949620426691,0.8333020778082485,69,101
473,48,False,False,True,one_hot,-0.0803838070040304,-0.08038380700403039,69,102
473,48,False,False,True,lower_bound,0.5449949620426691,0.8449398533471278,69,103
473,48,False,False,True,midpoint,0.5449949620426691,0.8166184303827163,69,104
473,48,False,False,True,midpoint_with_inhaler,0.5449949620426691,0.8435966444735055,69,105
473,48,False,False,True,upper_bound,0.5418503105226798,0.7763226901929147,69,106
473,48,False,False,True,upper_bound_with_inhaler,0.5449949620426691,0.8333020778082485,69,107
473,48,False,True,False,one_hot,0.024402344327468014,0.024402344327468035,69,108
473,48,False,True,False,lower_bound,0.28812270989156186,0.3132604852365467,69,109
473,48,False,True,False,midpoint,0.28812270989156186,0.3318520884365762,69,110
473,48,False,True,False,midpoint_with_inhaler,0.28812270989156186,0.3318520884365762,69,111
473,48,False,True,False,upper_bound,0.28812270989156186,0.34130618195788454,69,112
473,48,False,True,False,upper_bound_with_inhaler,0.28812270989156186,0.34130618195788454,69,113
473,48,False,True,True,one_hot,0.024402344327468014,0.024402344327468035,69,114
473,48,False,True,True,lower_bound,0.28812270989156186,0.3132604852365467,69,115
473,48,False,True,True,midpoint,0.28812270989156186,0.3318520884365762,69,116
473,48,False,True,True,midpoint_with_inhaler,0.28812270989156186,0.3318520884365762,69,117
473,48,False,True,True,upper_bound,0.28812270989156186,0.34130618195788454,69,118
473,48,False,True,True,upper_bound_with_inhaler,0.28812270989156186,0.34130618195788454,69,119
473,48,True,False,False,one_hot,0.09096444479772584,0.09096444479772584,69,120
473,48,True,False,False,lower_bound,0.3959052357235541,0.5380210640952386,69,121
473,48,True,False,False,midpoint,0.3959052357235541,0.5347454682869293,69,122
473,48,True,False,False,midpoint_with_inhaler,0.3959052357235541,0.5347454682869293,69,123
473,48,True,False,False,upper_bound,0.3959052357235541,0.5274086069615004,69,124
473,48,True,False,False,upper_bound_with_inhaler,0.3959052357235541,0.5274086069615004,69,125
473,48,True,False,True,one_hot,0.09096444479772584,0.09096444479772584,69,126
473,48,True,False,True,lower_bound,0.3959052357235541,0.5380210640952386,69,127
473,48,True,False,True,midpoint,0.3959052357235541,0.5347454682869293,69,128
473,48,True,False,True,midpoint_with_inhaler,0.3959052357235541,0.5347454682869293,69,129
473,48,True,False,True,upper_bound,0.3959052357235541,0.5274086069615004,69,130
473,48,True,False,True,upper_bound_with_inhaler,0.3959052357235541,0.5274086069615004,69,131
514,12,False,False,False,one_hot,0.24652969832346444,0.24652969832346444,54,0
514,12,False,False,False,lower_bound,0.2933825509318176,0.41479744412019304,54,1
514,12,False,False,False,midpoint,0.2933825509318176,0.3725592705098994,54,2
514,12,False,False,False,midpoint_with_inhaler,0.2933825509318176,0.3725592705098994,54,3
514,12,False,False,False,upper_bound,0.2933825509318176,0.3462407376557628,54,4
514,12,False,False,False,upper_bound_with_inhaler,0.2933825509318176,0.3462407376557628,54,5
514,12,False,False,True,one_hot,0.24652969832346444,0.24652969832346444,54,6
514,12,False,False,True,lower_bound,0.2933825509318176,0.41479744412019304,54,7
514,12,False,False,True,midpoint,0.2933825509318176,0.3725592705098994,54,8
514,12,False,False,True,midpoint_with_inhaler,0.2933825509318176,0.3725592705098994,54,9
514,12,False,False,True,upper_bound,0.2933825509318176,0.3462407376557628,54,10
514,12,False,False,True,upper_bound_with_inhaler,0.2933825509318176,0.3462407376557628,54,11
514,12,False,True,False,one_hot,0.21866554174606084,0.21866554174606084,54,12
514,12,False,True,False,lower_bound,0.20468108304237237,0.14727982427645206,54,13
514,12,False,True,False,midpoint,0.20468108304237237,0.17173091027250884,54,14
514,12,False,True,False,midpoint_with_inhaler,0.20468108304237237,0.17173091027250884,54,15
514,12,False,True,False,upper_bound,0.20468108304237237,0.18421856130062716,54,16
514,12,False,True,False,upper_bound_with_inhaler,0.20468108304237237,0.18421856130062716,54,17
514,12,False,True,True,one_hot,0.21866554174606084,0.21866554174606084,54,18
514,12,False,True,True,lower_bound,0.20468108304237237,0.14727982427645206,54,19
514,12,False,True,True,midpoint,0.20468108304237237,0.17173091027250884,54,20
514,12,False,True,True,midpoint_with_inhaler,0.20468108304237237,0.17173091027250884,54,21
514,12,False,True,True,upper_bound,0.20468108304237237,0.18421856130062716,54,22
514,12,False,True,True,upper_bound_with_inhaler,0.20468108304237237,0.18421856130062716,54,23
514,12,True,False,False,one_hot,-0.05301231865023495,-0.05301231865023496,54,24
514,12,True,False,False,lower_bound,-0.06293232825156056,-0.08755177123706576,54,25
514,12,True,False,False,midpoint,-0.06293232825156056,-0.07917755253641856,54,26
514,12,True,False,False,midpoint_with_inhaler,-0.06293232825156056,-0.07917755253641856,54,27
514,12,True,False,False,upper_bound,-0.06293232825156056,-0.07385496776901011,54,28
514,12,True,False,False,upper_bound_with_inhaler,-0.06293232825156056,-0.07385496776901011,54,29
514,12,True,False,True,one_hot,-0.05301231865023495,-0.05301231865023496,54,30
514,12,True,False,True,lower_bound,-0.06293232825156056,-0.08755177123706576,54,31
514,12,True,False,True,midpoint,-0.06293232825156056,-0.07917755253641856,54,32
514,12,True,False,True,midpoint_with_inhaler,-0.06293232825156056,-0.07917755253641856,54,33
514,12,True,False,True,upper_bound,-0.06293232825156056,-0.07385496776901011,54,34
514,12,True,False,True,upper_bound_with_inhaler,-0.06293232825156056,-0.07385496776901011,54,35
514,24,False,False,False,one_hot,0.04057606157829893,0.04057606157829891,54,36
514,24,False,False,False,lower_bound,0.03062991713151051,-0.0013373617886766184,54,37
514,24,False,False,False,midpoint,0.03062991713151051,0.01113250823996189,54,38
514,24,False,False,False,midpoint_with_inhaler,0.03062991713151051,0.01113250823996189,54,39
514,24,False,False,False,upper_bound,0.03062991713151051,0.0180654887354209,54,40
514,24,False,False,False,upper_bound_with_inhaler,0.03062991713151051,0.0180654887354209,54,41
514,24,False,False,True,one_hot,0.04057606157829893,0.04057606157829891,54,42
514,24,False,False,True,lower_bound,0.03062991713151051,-0.0013373617886766184,54,43
514,24,False,False,True,midpoint,0.03062991713151051,0.01113250823996189,54,44
514,24,False,False,True,midpoint_with_inhaler,0.03062991713151051,0.01113250823996189,54,45
514,24,False,False,True,upper_bound,0.03062991713151051,0.0180654887354209,54,46
514,24,False,False,True,upper_bound_with_inhaler,0.03062991713151051,0.0180654887354209,54,47
514,24,False,True,False,one_hot,-0.08393798059619574,-0.08393798059619574,54,48
514,24,False,True,False,lower_bound,-0.08897699632098713,-0.09695790584049238,54,49
514,24,False,True,False,midpoint,-0.08897699632098713,-0.09523347084136821,54,50
514,24,False,True,False,midpoint_with_inhaler,-0.08897699632098713,-0.09523347084136821,54,51
514,24,False,True,False,upper_bound,-0.08897699632098713,-0.09352219110677328,54,52
514,24,False,True,False,upper_bound_with_inhaler,-0.08897699632098713,-0.09352219110677328,54,53
514,24,False,True,True,one_hot,-0.08393798059619574,-0.08393798059619574,54,54
514,24,False,True,True,lower_bound,-0.08897699632098713,-0.09695790584049238,54,55
514,24,False,True,True,midpoint,-0.08897699632098713,-0.09523347084136821,54,56
514,24,False,True,True,midpoint_with_inhaler,-0.08897699632098713,-0.09523347084136821,54,57
514,24,False,True,True,upper_bound,-0.08897699632098713,-0.09352219110677328,54,58
514,24,False,True,True,upper_bound_with_inhaler,-0.08897699632098713,-0.09352219110677328,54,59
514,24,True,False,False,one_hot,0.07153668951098016,0.07153668951098018,54,60
514,24,True,False,False,lower_bound,0.06216137563354685,0.029447024485032815,54,61
514,24,True,False,False,midpoint,0.06216137563354685,0.042642005521288086,54,62
514,24,True,False,False,midpoint_with_inhaler,0.06216137563354685,0.042642005521288086,54,63
514,24,True,False,False,upper_bound,0.06216137563354685,0.049743661812664014,54,64
514,24,True,False,False,upper_bound_with_inhaler,0.06216137563354685,0.049743661812664014,54,65
514,24,True,False,True,one_hot,0.07153668951098016,0.07153668951098018,54,66
514,24,True,False,True,lower_bound,0.06216137563354685,0.029447024485032815,54,67
514,24,True,False,True,midpoint,0.06216137563354685,0.042642005521288086,54,68
514,24,True,False,True,midpoint_with_inhaler,0.06216137563354685,0.042642005521288086,54,69
514,24,True,False,True,upper_bound,0.06216137563354685,0.049743661812664014,54,70
514,24,True,False,True,upper_bound_with_inhaler,0.06216137563354685,0.049743661812664014,54,71
514,36,False,False,False,one_hot,-0.047077164722561494,-0.047077164722561494,54,72
514,36,False,False,False,lower_bound,-0.05484923327828858,-0.0736879384931574,54,73
514,36,False,False,False,midpoint,-0.05484923327828858,-0.06737806857922238,54,74
514,36,False,False,False,midpoint_with_inhaler,-0.05484923327828858,-0.06737806857922238,54,75
514,36,False,False,False,upper_bound,-0.05484923327828858,-0.06330677008744551,54,76
514,36,False,False,False,upper_bound_with_inhaler,-0.05484923327828858,-0.06330677008744551,54,77
514,36,False,False,True,one_hot,-0.047077164722561494,-0.047077164722561494,54,78
514,36,False,False,True,lower_bound,-0.05484923327828858,-0.0736879384931574,54,79
514,36,False,False,True,midpoint,-0.05484923327828858,-0.06737806857922238,54,80
514,36,False,False,True,midpoint_with_inhaler,-0.05484923327828858,-0.06737806857922238,54,81
514,36,False,False,True,upper_bound,-0.05484923327828858,-0.06330677008744551,54,82
514,36,False,False,True,upper_bound_with_inhaler,-0.05484923327828858,-0.06330677008744551,54,83
514,36,True,False,False,one_hot,-0.04297553154901096,-0.042975531549010945,54,84
514,36,True,False,False,lower_bound,-0.048526262373310064,-0.0612370602177948,54,85
514,36,True,False,False,midpoint,-0.048526262373310064,-0.05714594411924982,54,86
514,36,True,False,False,midpoint_with_inhaler,-0.048526262373310064,-0.05714594411924982,54,87
514,36,True,False,False,upper_bound,-0.048526262373310064,-0.0544014299243995,54,88
514,36,True,False,False,upper_bound_with_inhaler,-0.048526262373310064,-0.0544014299243995,54,89
514,36,True,False,True,one_hot,-0.04297553154901096,-0.042975531549010945,54,90
514,36,True,False,True,lower_bound,-0.048526262373310064,-0.0612370602177948,54,91
514,36,True,False,True,midpoint,-0.048526262373310064,-0.05714594411924982,54,92
514,36,True,False,True,midpoint_with_inhaler,-0.048526262373310064,-0.05714594411924982,54,93
514,36,True,False,True,upper_bound,-0.048526262373310064,-0.0544014299243995,54,94
514,36,True,False,True,upper_bound_with_inhaler,-0.048526262373310064,-0.0544014299243995,54,95
514,48,False,False,False,one_hot,0.23462034262620357,0.23462034262620357,54,96
514,48,False,False,False,lower_bound,0.24471099866111132,0.25483820667749385,54,97
514,48,False,False,False,midpoint,0.24471099866111132,0.254678144461709,54,98
514,48,False,False,False,midpoint_with_inhaler,0.24471099866111132,0.254678144461709,54,99
514,48,False,False,False,upper_bound,0.24471099866111132,0.2525326042010032,54,100
514,48,False,False,False,upper_bound_with_inhaler,0.24471099866111132,0.2525326042010032,54,101
514,48,False,False,True,one_hot,0.23462034262620357,0.23462034262620357,54,102
514,48,False,False,True,lower_bound,0.24471099866111132,0.25483820667749385,54,103
514,48,False,False,True,midpoint,0.24471099866111132,0.254678144461709,54,104
514,48,False,False,True,midpoint_with_inhaler,0.24471099866111132,0.254678144461709,54,105
514,48,False,False,True,upper_bound,0.24471099866111132,0.2525326042010032,54,106
514,48,False,False,True,upper_bound_with_inhaler,0.24471099866111132,0.2525326042010032,54,107
514,48,False,True,False,one_hot,0.1288585389881421,0.1288585389881421,54,108
514,48,False,True,False,lower_bound,0.11655999690089856,0.0709991920761814,54,109
514,48,False,True,False,midpoint,0.11655999690089856,0.08978084294815931,54,110
514,48,False,True,False,midpoint_with_inhaler,0.11655999690089856,0.08978084294815931,54,111
514,48,False,True,False,upper_bound,0.11655999690089856,0.09967819923753136,54,112
514,48,False,True,False,upper_bound_with_inhaler,0.11655999690089856,0.09967819923753136,54,113
514,48,False,True,True,one_hot,0.1288585389881421,0.1288585389881421,54,114
514,48,False,True,True,lower_bound,0.11655999690089856,0.0709991920761814,54,115
514,48,False,True,True,midpoint,0.11655999690089856,0.08978084294815931,54,116
514,48,False,True,True,midpoint_with_inhaler,0.11655999690089856,0.08978084294815931,54,117
514,48,False,True,True,upper_bound,0.11655999690089856,0.09967819923753136,54,118
514,48,False,True,True,upper_bound_with_inhaler,0.11655999690089856,0.09967819923753136,54,119
514,48,True,False,False,one_hot,0.17587319100127466,0.17587319100127466,54,120
514,48,True,False,False,lower_bound,0.16176760251208186,0.10739829576867246,54,121
514,48,True,False,False,midpoint,0.16176760251208186,0.13010932099000663,54,122
514,48,True,False,False,midpoint_with_inhaler,0.16176760251208186,0.13010932099000663,54,123
514,48,True,False,False,upper_bound,0.16176760251208186,0.14192681360069936,54,124
514,48,True,False,False,upper_bound_with_inhaler,0.16176760251208186,0.14192681360069936,54,125
514,48,True,False,True,one_hot,0.17587319100127466,0.17587319100127466,54,126
514,48,True,False,True,lower_bound,0.16176760251208186,0.10739829576867246,54,127
514,48,True,False,True,midpoint,0.16176760251208186,0.13010932099000663,54,128
514,48,True,False,True,midpoint_with_inhaler,0.16176760251208186,0.13010932099000663,54,129
514,48,True,False,True,upper_bound,0.16176760251208186,0.14192681360069936,54,130
514,48,True,False,True,upper_bound_with_inhaler,0.16176760251208186,0.14192681360069936,54,131
625,12,False,False,False,one_hot,0.1042019138319745,0.10420191383197452,62,0
625,12,False,False,False,lower_bound,0.08156454902707054,-0.014148807199061522,62,1
625,12,False,False,False,midpoint,0.08156454902707054,-0.010387847223127225,62,2
625,12,False,False,False,midpoint_with_inhaler,0.08156454902707054,-0.010387847223127225,62,3
625,12,False,False,False,upper_bound,0.08156454902707054,-0.007633380212059926,62,4
625,12,False,False,False,upper_bound_with_inhaler,0.08156454902707054,-0.007633380212059926,62,5
625,12,False,False,True,one_hot,0.1042019138319745,0.10420191383197452,62,6
625,12,False,False,True,lower_bound,0.08156454902707054,-0.014148807199061522,62,7
625,12,False,False,True,midpoint,0.08156454902707054,-0.010387847223127225,62,8
625,12,False,False,True,midpoint_with_inhaler,0.08156454902707054,-0.010387847223127225,62,9
625,12,False,False,True,upper_bound,0.08156454902707054,-0.007633380212059926,62,10
625,12,False,False,True,upper_bound_with_inhaler,0.08156454902707054,-0.007633380212059926,62,11
625,12,False,True,False,one_hot,-0.023113358747616743,-0.02311335874761672,62,12
625,12,False,True,False,lower_bound,0.020413636980339274,0.07205851131476594,62,13
625,12,False,True,False,midpoint,0.020413636980339274,0.06077694391734592,62,14
625,12,False,True,False,midpoint_with_inhaler,0.020413636980339274,0.06077694391734592,62,15
625,12,False,True,False,upper_bound,0.020413636980339274,0.05313840764824549,62,16
625,12,False,True,False,upper_bound_with_inhaler,0.020413636980339274,0.05313840764824549,62,17
625,12,False,True,True,one_hot,-0.023113358747616743,-0.02311335874761672,62,18
625,12,False,True,True,lower_bound,0.020413636980339274,0.07205851131476594,62,19
625,12,False,True,True,midpoint,0.020413636980339274,0.06077694391734592,62,20
625,12,False,True,True,midpoint_with_inhaler,0.020413636980339274,0.06077694391734592,62,21
625,12,False,True,True,upper_bound,0.020413636980339274,0.05313840764824549,62,22
625,12,False,True,True,upper_bound_with_inhaler,0.020413636980339274,0.05313840764824549,62,23
625,12,True,False,False,one_hot,0.02311335874761675,0.02311335874761671,62,24
625,12,True,False,False,lower_bound,-0.004635789970593767,-0.07968179877622265,62,25
625,12,True,False,False,midpoint,-0.004635789970593767,-0.06958380726507711,62,26
625,12,True,False,False,midpoint_with_inhaler,-0.004635789970593767,-0.06958380726507711,62,27
625,12,True,False,False,upper_bound,-0.004635789970593767,-0.06197542070515464,62,28
625,12,True,False,False,upper_bound_with_inhaler,-0.004635789970593767,-0.06197542070515464,62,29
625,12,True,False,True,one_hot,0.02311335874761675,0.02311335874761671,62,30
625,12,True,False,True,lower_bound,-0.004635789970593767,-0.07968179877622265,62,31
625,12,True,False,True,midpoint,-0.004635789970593767,-0.06958380726507711,62,32
625,12,True,False,True,midpoint_with_inhaler,-0.004635789970593767,-0.06958380726507711,62,33
625,12,True,False,True,upper_bound,-0.004635789970593767,-0.06197542070515464,62,34
625,12,True,False,True,upper_bound_with_inhaler,-0.004635789970593767,-0.06197542070515464,62,35
625,24,False,False,False,one_hot,-0.09442269947092868,-0.09442269947092868,62,36
625,24,False,False,False,lower_bound,-0.09069336607935077,-0.058321526128196445,62,37
625,24,False,False,False,midpoint,-0.09069336607935077,-0.06335729582185484,62,38
625,24,False,False,False,midpoint_with_inhaler,-0.09069336607935077,-0.06335729582185484,62,39
625,24,False,False,False,upper_bound,-0.09069336607935077,-0.06830885288033475,62,40
625,24,False,False,False,upper_bound_with_inhaler,-0.09069336607935077,-0.06830885288033475,62,41
625,24,False,False,True,one_hot,-0.09442269947092868,-0.09442269947092868,62,42
625,24,False,False,True,lower_bound,-0.09069336607935077,-0.058321526128196445,62,43
625,24,False,False,True,midpoint,-0.09069336607935077,-0.06335729582185484,62,44
625,24,False,False,True,midpoint_with_inhaler,-0.09069336607935077,-0.06335729582185484,62,45
625,24,False,False,True,upper_bound,-0.09069336607935077,-0.06830885288033475,62,46
625,24,False,False,True,upper_bound_with_inhaler,-0.09069336607935077,-0.06830885288033475,62,47
625,24,False,True,False,one_hot,-0.18554927233278323,-0.18554927233278318,62,48
625,24,False,True,False,lower_bound,-0.19866017660445717,-0.12164186003709368,62,49
625,24,False,True,False,midpoint,-0.19866017660445717,-0.13254110916801456,62,50
625,24,False,True,False,midpoint_with_inhaler,-0.19866017660445717,-0.13254110916801456,62,51
625,24,False,True,False,upper_bound,-0.19866017660445717,-0.13987583076393012,62,52
625,24,False,True,False,upper_bound_with_inhaler,-0.19866017660445717,-0.13987583076393012,62,53
625,24,False,True,True,one_hot,-0.18554927233278323,-0.18554927233278318,62,54
625,24,False,True,True,lower_bound,-0.19866017660445717,-0.12164186003709368,62,55
625,24,False,True,True,midpoint,-0.19866017660445717,-0.13254110916801456,62,56
625,24,False,True,True,midpoint_with_inhaler,-0.19866017660445717,-0.13254110916801456,62,57
625,24,False,True,True,upper_bound,-0.19866017660445717,-0.13987583076393012,62,58
625,24,False,True,True,upper_bound_with_inhaler,-0.19866017660445717,-0.13987583076393012,62,59
625,24,True,False,False,one_hot,0.06491138674891558,0.06491138674891558,62,60
625,24,True,False,False,lower_bound,0.03250634596949577,-0.07182860613088456,62,61
625,24,True,False,False,midpoint,0.03250634596949577,-0.06086553672733698,62,62
625,24,True,False,False,midpoint_with_inhaler,0.03250634596949577,-0.06086553672733698,62,63
625,24,True,False,False,upper_bound,0.03250634596949577,-0.05230002112032132,62,64
625,24,True,False,False,upper_bound_with_inhaler,0.03250634596949577,-0.05230002112032132,62,65
625,24,True,False,True,one_hot,0.06491138674891558,0.06491138674891558,62,66
625,24,True,False,True,lower_bound,0.03250634596949577,-0.07182860613088456,62,67
625,24,True,False,True,midpoint,0.03250634596949577,-0.06086553672733698,62,68
625,24,True,False,True,midpoint_with_inhaler,0.03250634596949577,-0.06086553672733698,62,69
625,24,True,False,True,upper_bound,0.03250634596949577,-0.05230002112032132,62,70
625,24,True,False,True,upper_bound_with_inhaler,0.03250634596949577,-0.05230002112032132,62,71
625,36,False,False,False,one_hot,0.0807905257624538,0.0807905257624538,62,72
625,36,False,False,False,lower_bound,0.08276149628381875,0.005896744868440385,62,73
625,36,False,False,False,midpoint,0.08276149628381875,0.026798318371485722,62,74
625,36,False,False,False,midpoint_with_inhaler,0.08276149628381875,0.026798318371485722,62,75
625,36,False,False,False,upper_bound,0.08276149628381875,0.038227639353392136,62,76
625,36,False,False,False,upper_bound_with_inhaler,0.08276149628381875,0.038227639353392136,62,77
625,36,False,False,True,one_hot,0.0807905257624538,0.0807905257624538,62,78
625,36,False,False,True,lower_bound,0.08276149628381875,0.005896744868440385,62,79
625,36,False,False,True,midpoint,0.08276149628381875,0.026798318371485722,62,80
625,36,False,False,True,midpoint_with_inhaler,0.08276149628381875,0.026798318371485722,62,81
625,36,False,False,True,upper_bound,0.08276149628381875,0.038227639353392136,62,82
625,36,False,False,True,upper_bound_with_inhaler,0.08276149628381875,0.038227639353392136,62,83
625,36,True,False,False,one_hot,-0.08281891873396385,-0.08281891873396392,62,84
625,36,True,False,False,lower_bound,-0.14544334460793465,-0.17470466058665457,62,85
625,36,True,False,False,midpoint,-0.14544334460793465,-0.1732044559166821,62,86
625,36,True,False,False,midpoint_with_inhaler,-0.14544334460793465,-0.1732044559166821,62,87
625,36,True,False,False,upper_bound,-0.14544334460793465,-0.16842466880859827,62,88
625,36,True,False,False,upper_bound_with_inhaler,-0.14544334460793465,-0.16842466880859827,62,89
625,36,True,False,True,one_hot,-0.08281891873396385,-0.08281891873396392,62,90
625,36,True,False,True,lower_bound,-0.14544334460793465,-0.17470466058665457,62,91
625,36,True,False,True,midpoint,-0.14544334460793465,-0.1732044559166821,62,92
625,36,True,False,True,midpoint_with_inhaler,-0.14544334460793465,-0.1732044559166821,62,93
625,36,True,False,True,upper_bound,-0.14544334460793465,-0.16842466880859827,62,94
625,36,True,False,True,upper_bound_with_inhaler,-0.14544334460793465,-0.16842466880859827,62,95
625,48,False,False,False,one_hot,-0.0426642881432119,-0.0426642881432119,62,96
625,48,False,False,False,lower_bound,0.12040223850110068,0.35508545549784265,62,97
625,48,False,False,False,midpoint,0.12040223850110068,0.34902675443944525,62,98
625,48,False,False,False,midpoint_with_inhaler,0.12040223850110068,0.34902675443944525,62,99
625,48,False,False,False,upper_bound,0.12040223850110068,0.33830132248832184,62,100
625,48,False,False,False,upper_bound_with_inhaler,0.12040223850110068,0.33830132248832184,62,101
625,48,False,False,True,one_hot,-0.0426642881432119,-0.0426642881432119,62,102
625,48,False,False,True,lower_bound,0.12040223850110068,0.35508545549784265,62,103
625,48,False,False,True,midpoint,0.12040223850110068,0.34902675443944525,62,104
625,48,False,False,True,midpoint_with_inhaler,0.12040223850110068,0.34902675443944525,62,105
625,48,False,False,True,upper_bound,0.12040223850110068,0.33830132248832184,62,106
625,48,False,False,True,upper_bound_with_inhaler,0.12040223850110068,0.33830132248832184,62,107
625,48,False,True,False,one_hot,0.10075888998806717,0.10075888998806717,62,108
625,48,False,True,False,lower_bound,0.12011508441510177,0.07928935142041436,62,109
625,48,False,True,False,midpoint,0.12011508441510177,0.07289643658045383,62,110
625,48,False,True,False,midpoint_with_inhaler,0.12011508441510177,0.07289643658045383,62,111
625,48,False,True,False,upper_bound,0.12011508441510177,0.0666014690799525,62,112
625,48,False,True,False,upper_bound_with_inhaler,0.12011508441510177,0.0666014690799525,62,113
625,48,False,True,True,one_hot,0.10075888998806717,0.10075888998806717,62,114
625,48,False,True,True,lower_bound,0.12011508441510177,0.07928935142041436,62,115
625,48,False,True,True,midpoint,0.12011508441510177,0.07289643658045383,62,116
625,48,False,True,True,midpoint_with_inhaler,0.12011508441510177,0.07289643658045383,62,117
625,48,False,True,True,upper_bound,0.12011508441510177,0.0666014690799525,62,118
625,48,False,True,True,upper_bound_with_inhaler,0.12011508441510177,0.0666014690799525,62,119
625,48,True,False,False,one_hot,0.13704907012545584,0.13704907012545572,62,120
625,48,True,False,False,lower_bound,0.11189506663408774,0.1291337956396457,62,121
625,48,True,False,False,midpoint,0.11189506663408774,0.1470234688003418,62,122
625,48,True,False,False,midpoint_with_inhaler,0.11189506663408774,0.1470234688003418,62,123
625,48,True,False,False,upper_bound,0.11189506663408774,0.15873379416006836,62,124
625,48,True,False,False,upper_bound_with_inhaler,0.11189506663408774,0.15873379416006836,62,125
625,48,True,False,True,one_hot,0.13704907012545584,0.13704907012545572,62,126
625,48,True,False,True,lower_bound,0.11189506663408774,0.1291337956396457,62,127
625,48,True,False,True,midpoint,0.11189506663408774,0.1470234688003418,62,128
625,48,True,False,True,midpoint_with_inhaler,0.11189506663408774,0.1470234688003418,62,129
625,48,True,False,True,upper_bound,0.11189506663408774,0.15873379416006836,62,130
625,48,True,False,True,upper_bound_with_inhaler,0.11189506663408774,0.15873379416006836,62,131
701,12,False,False,False,one_hot,,,127,0
701,12,False,False,False,lower_bound,-0.0205892611297526,0.03732986839950919,127,1
701,12,False,False,False,midpoint,-0.0205892611297526,0.004348024942777878,127,2
701,12,False,False,False,midpoint_with_inhaler,-0.0205892611297526,0.004348024942777878,127,3
701,12,False,False,False,upper_bound,-0.0205892611297526,-0.012299139189211055,127,4
701,12,False,False,False,upper_bound_with_inhaler,-0.0205892611297526,-0.012299139189211055,127,5
701,12,False,False,True,one_hot,,,127,6
701,12,False,False,True,lower_bound,-0.0205892611297526,0.03732986839950919,127,7
701,12,False,False,True,midpoint,-0.0205892611297526,0.004348024942777878,127,8
701,12,False,False,True,midpoint_with_inhaler,-0.0205892611297526,0.004348024942777878,127,9
701,12,False,False,True,upper_bound,-0.0205892611297526,-0.012299139189211055,127,10
701,12,False,False,True,upper_bound_with_inhaler,-0.0205892611297526,-0.012299139189211055,127,11
701,12,False,True,False,one_hot,,,127,12
701,12,False,True,False,lower_bound,0.057092877562945274,0.02301779009516687,127,13
701,12,False,True,False,midpoint,0.057092877562945274,0.021570869793042922,127,14
701,12,False,True,False,midpoint_with_inhaler,0.057092877562945274,0.021570869793042922,127,15
701,12,False,True,False,upper_bound,0.057092877562945274,0.017238322154683815,127,16
701,12,False,True,False,upper_bound_with_inhaler,0.057092877562945274,0.017238322154683815,127,17
701,12,False,True,True,one_hot,,,127,18
701,12,False,True,True,lower_bound,0.057092877562945274,0.02301779009516687,127,19
701,12,False,True,True,midpoint,0.057092877562945274,0.021570869793042922,127,20
701,12,False,True,True,midpoint_with_inhaler,0.057092877562945274,0.021570869793042922,127,21
701,12,False,True,True,upper_bound,0.057092877562945274,0.017238322154683815,127,22
701,12,False,True,True,upper_bound_with_inhaler,0.057092877562945274,0.017238322154683815,127,23
701,12,True,False,False,one_hot,,,127,24
701,12,True,False,False,lower_bound,0.17296440692379095,0.12052276199490679,127,25
701,12,True,False,False,midpoint,0.17296440692379095,0.16079793138611911,127,26
701,12,True,False,False,midpoint_with_inhaler,0.17296440692379095,0.16079793138611911,127,27
701,12,True,False,False,upper_bound,0.17296440692379095,0.18361417026205343,127,28
701,12,True,False,False,upper_bound_with_inhaler,0.17296440692379095,0.18361417026205343,127,29
701,12,True,False,True,one_hot,,,127,30
701,12,True,False,True,lower_bound,0.17296440692379095,0.12052276199490679,127,31
701,12,True,False,True,midpoint,0.17296440692379095,0.16079793138611911,127,32
701,12,True,False,True,midpoint_with_inhaler,0.17296440692379095,0.16079793138611911,127,33
701,12,True,False,True,upper_bound,0.17296440692379095,0.18361417026205343,127,34
701,12,True,False,True,upper_bound_with_inhaler,0.17296440692379095,0.18361417026205343,127,35
701,24,False,False,False,one_hot,,,127,36
701,24,False,False,False,lower_bound,0.11322397564192792,-0.013786243356318515,127,37
701,24,False,False,False,midpoint,0.11322397564192792,0.019249840170128724,127,38
701,24,False,False,False,midpoint_with_inhaler,0.11322397564192792,0.019249840170128724,127,39
701,24,False,False,False,upper_bound,0.11322397564192792,0.03583795627001481,127,40
701,24,False,False,False,upper_bound_with_inhaler,0.11322397564192792,0.03583795627001481,127,41
701,24,False,False,True,one_hot,,,127,42
701,24,False,False,True,lower_bound,0.11322397564192792,-0.013786243356318515,127,43
701,24,False,False,True,midpoint,0.11322397564192792,0.019249840170128724,127,44
701,24,False,False,True,midpoint_with_inhaler,0.11322397564192792,0.019249840170128724,127,45
701,24,False,False,True,upper_bound,0.11322397564192792,0.03583795627001481,127,46
701,24,False,False,True,upper_bound_with_inhaler,0.11322397564192792,0.03583795627001481,127,47
701,24,False,True,False,one_hot,,,127,48
701,24,False,True,False,lower_bound,-0.061057556816298916,-0.05865332460835506,127,49
701,24,False,True,False,midpoint,-0.061057556816298916,-0.046252053103873605,127,50
701,24,False,True,False,midpoint_with_inhaler,-0.061057556816298916,-0.046252053103873605,127,51
701,24,False,True,False,upper_bound,-0.061057556816298916,-0.037290232555916125,127,52
701,24,False,True,False,upper_bound_with_inhaler,-0.061057556816298916,-0.037290232555916125,127,53
701,24,False,True,True,one_hot,,,127,54
701,24,False,True,True,lower_bound,-0.061057556816298916,-0.05865332460835506,127,55
701,24,False,True,True,midpoint,-0.061057556816298916,-0.046252053103873605,127,56
701,24,False,True,True,midpoint_with_inhaler,-0.061057556816298916,-0.046252053103873605,127,57
701,24,False,True,True,upper_bound,-0.061057556816298916,-0.037290232555916125,127,58
701,24,False,True,True,upper_bound_with_inhaler,-0.061057556816298916,-0.037290232555916125,127,59
701,24,True,False,False,one_hot,,,127,60
701,24,True,False,False,lower_bound,0.19109648210404162,0.21727267720013602,127,61
701,24,True,False,False,midpoint,0.19109648210404162,0.20764589286593094,127,62
701,24,True,False,False,midpoint_with_inhaler,0.19109648210404162,0.20764589286593094,127,63
701,24,True,False,False,upper_bound,0.19109648210404162,0.1939241185536498,127,64
701,24,True,False,False,upper_bound_with_inhaler,0.19109648210404162,0.1939241185536498,127,65
701,24,True,False,True,one_hot,,,127,66
701,24,True,False,True,lower_bound,0.19109648210404162,0.21727267720013602,127,67
701,24,True,False,True,midpoint,0.19109648210404162,0.20764589286593094,127,68
701,24,True,False,True,midpoint_with_inhaler,0.19109648210404162,0.20764589286593094,127,69
701,24,True,False,True,upper_bound,0.19109648210404162,0.1939241185536498,127,70
701,24,True,False,True,upper_bound_with_inhaler,0.19109648210404162,0.1939241185536498,127,71
701,36,False,False,False,one_hot,,,127,72
701,36,False,False,False,lower_bound,0.006509009868130479,0.0027719907030440264,127,73
701,36,False,False,False,midpoint,0.006509009868130479,0.002128445299812521,127,74
701,36,False,False,False,midpoint_with_inhaler,0.006509009868130479,0.002128445299812521,127,75
701,36,False,False,False,upper_bound,0.006509009868130479,0.00266555836865275,127,76
701,36,False,False,False,upper_bound_with_inhaler,0.006509009868130479,0.00266555836865275,127,77
701,36,False,False,True,one_hot,,,127,78
701,36,False,False,True,lower_bound,0.006509009868130479,0.0027719907030440264,127,79
701,36,False,False,True,midpoint,0.006509009868130479,0.002128445299812521,127,80
701,36,False,False,True,midpoint_with_inhaler,0.006509009868130479,0.002128445299812521,127,81
701,36,False,False,True,upper_bound,0.006509009868130479,0.00266555836865275,127,82
701,36,False,False,True,upper_bound_with_inhaler,0.006509009868130479,0.00266555836865275,127,83
701,36,True,False,False,one_hot,,,127,84
701,36,True,False,False,lower_bound,0.00026174871223209325,-0.018781296219004855,127,85
701,36,True,False,False,midpoint,0.00026174871223209325,-0.007735342280508153,127,86
701,36,True,False,False,midpoint_with_inhaler,0.00026174871223209325,-0.007735342280508153,127,87
701,36,True,False,False,upper_bound,0.00026174871223209325,0.001364701940721284,127,88
701,36,True,False,False,upper_bound_with_inhaler,0.00026174871223209325,0.001364701940721284,127,89
701,36,True,False,True,one_hot,,,127,90
701,36,True,False,True,lower_bound,0.00026174871223209325,-0.018781296219004855,127,91
701,36,True,False,True,midpoint,0.00026174871223209325,-0.007735342280508153,127,92
701,36,True,False,True,midpoint_with_inhaler,0.00026174871223209325,-0.007735342280508153,127,93
701,36,True,False,True,upper_bound,0.00026174871223209325,0.001364701940721284,127,94
701,36,True,False,True,upper_bound_with_inhaler,0.00026174871223209325,0.001364701940721284,127,95
701,48,False,False,False,one_hot,,,127,96
701,48,False,False,False,lower_bound,0.014031141370998817,0.036981374018661355,127,97
701,48,False,False,False,midpoint,0.014031141370998817,0.03168730366299538,127,98
701,48,False,False,False,midpoint_with_inhaler,0.014031141370998817,0.03415574464289072,127,99
701,48,False,False,False,upper_bound,0.013592927143003813,0.024273937436896063,127,100
701,48,False,False,False,upper_bound_with_inhaler,0.014031141370998817,0.026741217784478962,127,101
701,48,False,False,True,one_hot,,,127,102
701,48,False,False,True,lower_bound,0.014031141370998817,0.036981374018661355,127,103
701,48,False,False,True,midpoint,0.014031141370998817,0.03168730366299538,127,104
701,48,False,False,True,midpoint_with_inhaler,0.014031141370998817,0.03415574464289072,127,105
701,48,False,False,True,upper_bound,0.013592927143003813,0.024273937436896063,127,106
701,48,False,False,True,upper_bound_with_inhaler,0.014031141370998817,0.026741217784478962,127,107
701,48,False,True,False,one_hot,,,127,108
701,48,False,True,False,lower_bound,0.12427514621681686,0.07256145602710826,127,109
701,48,False,True,False,midpoint,0.12427514621681686,0.0649547468565909,127,110
701,48,False,True,False,midpoint_with_inhaler,0.12427514621681686,0.0649547468565909,127,111
701,48,False,True,False,upper_bound,0.12427514621681686,0.0557984249897392,127,112
701,48,False,True,False,upper_bound_with_inhaler,0.12427514621681686,0.0557984249897392,127,113
701,48,False,True,True,one_hot,,,127,114
701,48,False,True,True,lower_bound,0.12427514621681686,0.07256145602710826,127,115
701,48,False,True,True,midpoint,0.12427514621681686,0.0649547468565909,127,116
701,48,False,True,True,midpoint_with_inhaler,0.12427514621681686,0.0649547468565909,127,117
701,48,False,True,True,upper_bound,0.12427514621681686,0.0557984249897392,127,118
701,48,False,True,True,upper_bound_with_inhaler,0.12427514621681686,0.0557984249897392,127,119
701,48,True,False,False,one_hot,,,127,120
701,48,True,False,False,lower_bound,0.020022935114757966,0.09105907346683456,127,121
701,48,True,False,False,midpoint,0.020022935114757966,0.08472268535512373,127,122
701,48,True,False,False,midpoint_with_inhaler,0.020022935114757966,0.08472268535512373,127,123
701,48,True,False,False,upper_bound,0.020022935114757966,0.0777799384765869,127,124
701,48,True,False,False,upper_bound_with_inhaler,0.020022935114757966,0.0777799384765869,127,125
701,48,True,False,True,one_hot,,,127,126
701,48,True,False,True,lower_bound,0.020022935114757966,0.09105907346683456,127,127
701,48,True,False,True,midpoint,0.020022935114757966,0.08472268535512373,127,128
701,48,True,False,True,midpoint_with_inhaler,0.020022935114757966,0.08472268535512373,127,129
701,48,True,False,True,upper_bound,0.020022935114757966,0.0777799384765869,127,130
701,48,True,False,True,upper_bound_with_inhaler,0.020022935114757966,0.0777799384765869,127,131
702,12,False,False,False,one_hot,0.463241049388993,0.463241049388993,124,0
702,12,False,False,False,lower_bound,0.5144600110291233,0.8510292982398535,124,1
702,12,False,False,False,midpoint,0.5144600110291233,0.7521256800256751,124,2
702,12,False,False,False,midpoint_with_inhaler,0.5144600110291233,0.7521256800256751,124,3
702,12,False,False,False,upper_bound,0.5144600110291233,0.6912527375857846,124,4
702,12,False,False,False,upper_bound_with_inhaler,0.5144600110291233,0.6912527375857846,124,5
702,12,False,False,True,one_hot,0.463241049388993,0.463241049388993,124,6
702,12,False,False,True,lower_bound,0.5144600110291233,0.8510292982398535,124,7
702,12,False,False,True,midpoint,0.5144600110291233,0.7521256800256751,124,8
702,12,False,False,True,midpoint_with_inhaler,0.5144600110291233,0.7521256800256751,124,9
702,12,False,False,True,upper_bound,0.5144600110291233,0.6912527375857846,124,10
702,12,False,False,True,upper_bound_with_inhaler,0.5144600110291233,0.6912527375857846,124,11
702,12,False,True,False,one_hot,0.31246184921480896,0.3124618492148088,124,12
702,12,False,True,False,lower_bound,0.3884133232134016,0.5332286036700292,124,13
702,12,False,True,False,midpoint,0.3884133232134016,0.5193676211914804,124,14
702,12,False,True,False,midpoint_with_inhaler,0.3884133232134016,0.5193676211914804,124,15
702,12,False,True,False,upper_bound,0.3884133232134016,0.5036742764143726,124,16
702,12,False,True,False,upper_bound_with_inhaler,0.3884133232134016,0.5036742764143726,124,17
702,12,False,True,True,one_hot,0.31246184921480896,0.3124618492148088,124,18
702,12,False,True,True,lower_bound,0.3884133232134016,0.5332286036700292,124,19
702,12,False,True,True,midpoint,0.3884133232134016,0.5193676211914804,124,20
702,12,False,True,True,midpoint_with_inhaler,0.3884133232134016,0.5193676211914804,124,21
702,12,False,True,True,upper_bound,0.3884133232134016,0.5036742764143726,124,22
702,12,False,True,True,upper_bound_with_inhaler,0.3884133232134016,0.5036742764143726,124,23
702,12,True,False,False,one_hot,0.38862195381716147,0.3886219538171614,124,24
702,12,True,False,False,lower_bound,0.5029097383881225,0.8094355124101353,124,25
702,12,True,False,False,midpoint,0.5029097383881225,0.7933569529647958,124,26
702,12,True,False,False,midpoint_with_inhaler,0.5029097383881225,0.7933569529647958,124,27
702,12,True,False,False,upper_bound,0.5029097383881225,0.7734965888763179,124,28
702,12,True,False,False,upper_bound_with_inhaler,0.5029097383881225,0.7734965888763179,124,29
702,12,True,False,True,one_hot,0.38862195381716147,0.3886219538171614,124,30
702,12,True,False,True,lower_bound,0.5029097383881225,0.8094355124101353,124,31
702,12,True,False,True,midpoint,0.5029097383881225,0.7933569529647958,124,32
702,12,True,False,True,midpoint_with_inhaler,0.5029097383881225,0.7933569529647958,124,33
702,12,True,False,True,upper_bound,0.5029097383881225,0.7734965888763179,124,34
702,12,True,False,True,upper_bound_with_inhaler,0.5029097383881225,0.7734965888763179,124,35
702,24,False,False,False,one_hot,0.3716214690342452,0.3716214690342452,124,36
702,24,False,False,False,lower_bound,0.4928093785320801,0.9390511978062366,124,37
702,24,False,False,False,midpoint,0.4928093785320801,0.8730162556533109,124,38
702,24,False,False,False,midpoint_with_inhaler,0.4928093785320801,0.8730162556533109,124,39
702,24,False,False,False,upper_bound,0.4928093785320801,0.8230448063750948,124,40
702,24,False,False,False,upper_bound_with_inhaler,0.4928093785320801,0.8230448063750948,124,41
702,24,False,False,True,one_hot,0.3716214690342452,0.3716214690342452,124,42
702,24,False,False,True,lower_bound,0.4928093785320801,0.9390511978062366,124,43
702,24,False,False,True,midpoint,0.4928093785320801,0.8730162556533109,124,44
702,24,False,False,True,midpoint_with_inhaler,0.4928093785320801,0.8730162556533109,124,45
702,24,False,False,True,upper_bound,0.4928093785320801,0.8230448063750948,124,46
702,24,False,False,True,upper_bound_with_inhaler,0.4928093785320801,0.8230448063750948,124,47
702,24,False,True,False,one_hot,0.4286111780857097,0.42861117808570964,124,48
702,24,False,True,False,lower_bound,0.5237704712806226,0.9147582109790897,124,49
702,24,False,True,False,midpoint,0.5237704712806226,0.8626250260515124,124,50
702,24,False,True,False,midpoint_with_inhaler,0.5237704712806226,0.8626250260515124,124,51
702,24,False,True,False,upper_bound,0.5237704712806226,0.823044806375095,124,52
702,24,False,True,False,upper_bound_with_inhaler,0.5237704712806226,0.823044806375095,124,53
702,24,False,True,True,one_hot,0.4286111780857097,0.42861117808570964,124,54
702,24,False,True,True,lower_bound,0.5237704712806226,0.9147582109790897,124,55
702,24,False,True,True,midpoint,0.5237704712806226,0.8626250260515124,124,56
702,24,False,True,True,midpoint_with_inhaler,0.5237704712806226,0.8626250260515124,124,57
702,24,False,True,True,upper_bound,0.5237704712806226,0.823044806375095,124,58
702,24,False,True,True,upper_bound_with_inhaler,0.5237704712806226,0.823044806375095,124,59
702,24,True,False,False,one_hot,0.5857822778952736,0.5857822778952737,124,60
702,24,True,False,False,lower_bound,0.685159971700961,1.1312190495266634,124,61
702,24,True,False,False,midpoint,0.685159971700961,1.070152298702447,124,62
702,24,True,False,False,midpoint_with_inhaler,0.685159971700961,1.070152298702447,124,63
702,24,True,False,False,upper_bound,0.685159971700961,1.0210483134901787,124,64
702,24,True,False,False,upper_bound_with_inhaler,0.685159971700961,1.0210483134901787,124,65
702,24,True,False,True,one_hot,0.5857822778952736,0.5857822778952737,124,66
702,24,True,False,True,lower_bound,0.685159971700961,1.1312190495266634,124,67
702,24,True,False,True,midpoint,0.685159971700961,1.070152298702447,124,68
702,24,True,False,True,midpoint_with_inhaler,0.685159971700961,1.070152298702447,124,69
702,24,True,False,True,upper_bound,0.685159971700961,1.0210483134901787,124,70
702,24,True,False,True,upper_bound_with_inhaler,0.685159971700961,1.0210483134901787,124,71
702,36,False,False,False,one_hot,0.4527286085277064,0.4527286085277064,124,72
702,36,False,False,False,lower_bound,0.5960580421971773,1.0627209068264618,124,73
702,36,False,False,False,midpoint,0.5960580421971773,1.0394387172475712,124,74
702,36,False,False,False,midpoint_with_inhaler,0.5960580421971773,1.0394387172475712,124,75
702,36,False,False,False,upper_bound,0.5960580421971773,1.0077178257193957,124,76
702,36,False,False,False,upper_bound_with_inhaler,0.5960580421971773,1.0077178257193957,124,77
702,36,False,False,True,one_hot,0.4527286085277064,0.4527286085277064,124,78
702,36,False,False,True,lower_bound,0.5960580421971773,1.0627209068264618,124,79
702,36,False,False,True,midpoint,0.5960580421971773,1.0394387172475712,124,80
702,36,False,False,True,midpoint_with_inhaler,0.5960580421971773,1.0394387172475712,124,81
702,36,False,False,True,upper_bound,0.5960580421971773,1.0077178257193957,124,82
702,36,False,False,True,upper_bound_with_inhaler,0.5960580421971773,1.0077178257193957,124,83
702,36,True,False,False,one_hot,0.4355183838088151,0.4355183838088151,124,84
702,36,True,False,False,lower_bound,0.504170734803107,0.7562616803385859,124,85
702,36,True,False,False,midpoint,0.504170734803107,0.706435766368633,124,86
702,36,True,False,False,midpoint_with_inhaler,0.504170734803107,0.706435766368633,124,87
702,36,True,False,False,upper_bound,0.504170734803107,0.6670637112940294,124,88
702,36,True,False,False,upper_bound_with_inhaler,0.504170734803107,0.6670637112940294,124,89
702,36,True,False,True,one_hot,0.4355183838088151,0.4355183838088151,124,90
702,36,True,False,True,lower_bound,0.504170734803107,0.7562616803385859,124,91
702,36,True,False,True,midpoint,0.504170734803107,0.706435766368633,124,92
702,36,True,False,True,midpoint_with_inhaler,0.504170734803107,0.706435766368633,124,93
702,36,True,False,True,upper_bound,0.504170734803107,0.6670637112940294,124,94
702,36,True,False,True,upper_bound_with_inhaler,0.504170734803107,0.6670637112940294,124,95
702,48,False,False,False,one_hot,0.34569253156560287,0.3456925315656028,124,96
702,48,False,False,False,lower_bound,0.577928252408962,1.1483934631226427,124,97
702,48,False,False,False,midpoint,0.577928252408962,1.0859761113383317,124,98
702,48,False,False,False,midpoint_with_inhaler,0.577928252408962,1.0859761113383317,124,99
702,48,False,False,False,upper_bound,0.577928252408962,1.0287086888287038,124,100
702,48,False,False,False,upper_bound_with_inhaler,0.577928252408962,1.0287086888287038,124,101
702,48,False,False,True,one_hot,0.34569253156560287,0.3456925315656028,124,102
702,48,False,False,True,lower_bound,0.577928252408962,1.1483934631226427,124,103
702,48,False,False,True,midpoint,0.577928252408962,1.0859761113383317,124,104
702,48,False,False,True,midpoint_with_inhaler,0.577928252408962,1.0859761113383317,124,105
702,48,False,False,True,upper_bound,0.577928252408962,1.0287086888287038,124,106
702,48,False,False,True,upper_bound_with_inhaler,0.577928252408962,1.0287086888287038,124,107
702,48,False,True,False,one_hot,0.29166110431210457,0.29166110431210446,124,108
702,48,False,True,False,lower_bound,0.3549949511166825,0.513139041161537,124,109
702,48,False,True,False,midpoint,0.3549949511166825,0.47809484006980063,124,110
702,48,False,True,False,midpoint_with_inhaler,0.3549949511166825,0.47809484006980063,124,111
702,48,False,True,False,upper_bound,0.3549949511166825,0.4494840881976744,124,112
702,48,False,True,False,upper_bound_with_inhaler,0.3549949511166825,0.4494840881976744,124,113
702,48,False,True,True,one_hot,0.29166110431210457,0.29166110431210446,124,114
702,48,False,True,True,lower_bound,0.3549949511166825,0.513139041161537,124,115
702,48,False,True,True,midpoint,0.3549949511166825,0.47809484006980063,124,116
702,48,False,True,True,midpoint_with_inhaler,0.3549949511166825,0.47809484006980063,124,117
702,48,False,True,True,upper_bound,0.3549949511166825,0.4494840881976744,124,118
702,48,False,True,True,upper_bound_with_inhaler,0.3549949511166825,0.4494840881976744,124,119
702,48,True,False,False,one_hot,0.43551838380881513,0.43551838380881513,124,120
702,48,True,False,False,lower_bound,0.48686403375511383,0.6101869750636751,124,121
702,48,True,False,False,midpoint,0.48686403375511383,0.5911876493200754,124,122
702,48,True,False,False,midpoint_with_inhaler,0.48686403375511383,0.5911876493200754,124,123
702,48,True,False,False,upper_bound,0.48686403375511383,0.5735429043881448,124,124
702,48,True,False,False,upper_bound_with_inhaler,0.48686403375511383,0.5735429043881448,124,125
702,48,True,False,True,one_hot,0.43551838380881513,0.43551838380881513,124,126
702,48,True,False,True,lower_bound,0.48686403375511383,0.6101869750636751,124,127
702,48,True,False,True,midpoint,0.48686403375511383,0.5911876493200754,124,128
702,48,True,False,True,midpoint_with_inhaler,0.48686403375511383,0.5911876493200754,124,129
702,48,True,False,True,upper_bound,0.48686403375511383,0.5735429043881448,124,130
702,48,True,False,True,upper_bound_with_inhaler,0.48686403375511383,0.5735429043881448,124,131
917,12,False,False,False,one_hot,0.3274501502372585,0.32745015023725854,9,0
917,12,False,False,False,lower_bound,0.6706524145565069,0.8959936420632644,9,1
917,12,False,False,False,midpoint,0.6706524145565069,0.9487862339137854,9,2
917,12,False,False,False,midpoint_with_inhaler,0.6706524145565069,0.9487862339137854,9,3
917,12,False,False,False,upper_bound,0.6706524145565069,0.9661733671251896,9,4
917,12,False,False,False,upper_bound_with_inhaler,0.6706524145565069,0.9661733671251896,9,5
917,12,False,False,True,one_hot,0.3274501502372585,0.32745015023725854,9,6
917,12,False,False,True,lower_bound,0.6706524145565069,0.8959936420632644,9,7
917,12,False,False,True,midpoint,0.6706524145565069,0.9487862339137854,9,8
917,12,False,False,True,midpoint_with_inhaler,0.6706524145565069,0.9487862339137854,9,9
917,12,False,False,True,upper_bound,0.6706524145565069,0.9661733671251896,9,10
917,12,False,False,True,upper_bound_with_inhaler,0.6706524145565069,0.9661733671251896,9,11
917,12,False,True,False,one_hot,,,9,12
917,12,False,True,False,lower_bound,0.38206781605715007,0.4555876566053349,9,13
917,12,False,True,False,midpoint,0.38206781605715007,0.43385783751003576,9,14
917,12,False,True,False,midpoint_with_inhaler,0.38206781605715007,0.43385783751003576,9,15
917,12,False,True,False,upper_bound,0.38206781605715007,0.4099724623297489,9,16
917,12,False,True,False,upper_bound_with_inhaler,0.38206781605715007,0.4099724623297489,9,17
917,12,False,True,True,one_hot,,,9,18
917,12,False,True,True,lower_bound,0.38206781605715007,0.4555876566053349,9,19
917,12,False,True,True,midpoint,0.38206781605715007,0.43385783751003576,9,20
917,12,False,True,True,midpoint_with_inhaler,0.38206781605715007,0.43385783751003576,9,21
917,12,False,True,True,upper_bound,0.38206781605715007,0.4099724623297489,9,22
917,12,False,True,True,upper_bound_with_inhaler,0.38206781605715007,0.4099724623297489,9,23
917,12,True,False,False,one_hot,,,9,24
917,12,True,False,False,lower_bound,0.2850451854495445,0.5483702959552624,9,25
917,12,True,False,False,midpoint,0.2850451854495445,0.6644232961678522,9,26
917,12,True,False,False,midpoint_with_inhaler,0.2850451854495445,0.6644232961678522,9,27
917,12,True,False,False,upper_bound,0.2850451854495445,0.7327715337009659,9,28
917,12,True,False,False,upper_bound_with_inhaler,0.2850451854495445,0.7327715337009659,9,29
917,12,True,False,True,one_hot,,,9,30
917,12,True,False,True,lower_bound,0.2850451854495445,0.5483702959552624,9,31
917,12,True,False,True,midpoint,0.2850451854495445,0.6644232961678522,9,32
917,12,True,False,True,midpoint_with_inhaler,0.2850451854495445,0.6644232961678522,9,33
917,12,True,False,True,upper_bound,0.2850451854495445,0.7327715337009659,9,34
917,12,True,False,True,upper_bound_with_inhaler,0.2850451854495445,0.7327715337009659,9,35
917,24,False,False,False,one_hot,,,9,36
917,24,False,False,False,lower_bound,0.36198362676400386,0.4526332497708993,9,37
917,24,False,False,False,midpoint,0.36198362676400386,0.4206413488880333,9,38
917,24,False,False,False,midpoint_with_inhaler,0.36198362676400386,0.4206413488880333,9,39
917,24,False,False,False,upper_bound,0.36198362676400386,0.39190566669752636,9,40
917,24,False,False,False,upper_bound_with_inhaler,0.36198362676400386,0.39190566669752636,9,41
917,24,False,False,True,one_hot,,,9,42
917,24,False,False,True,lower_bound,0.36198362676400386,0.4526332497708993,9,43
917,24,False,False,True,midpoint,0.36198362676400386,0.4206413488880333,9,44
917,24,False,False,True,midpoint_with_inhaler,0.36198362676400386,0.4206413488880333,9,45
917,24,False,False,True,upper_bound,0.36198362676400386,0.39190566669752636,9,46
917,24,False,False,True,upper_bound_with_inhaler,0.36198362676400386,0.39190566669752636,9,47
917,24,False,True,False,one_hot,,,9,48
917,24,False,True,False,lower_bound,-0.2516278617447744,0.029172833484657573,9,49
917,24,False,True,False,midpoint,-0.2516278617447744,0.08026559122005927,9,50
917,24,False,True,False,midpoint_with_inhaler,-0.2516278617447744,0.08026559122005927,9,51
917,24,False,True,False,upper_bound,-0.2516278617447744,0.11342237717716151,9,52
917,24,False,True,False,upper_bound_with_inhaler,-0.2516278617447744,0.11342237717716151,9,53
917,24,False,True,True,one_hot,,,9,54
917,24,False,True,True,lower_bound,-0.2516278617447744,0.029172833484657573,9,55
917,24,False,True,True,midpoint,-0.2516278617447744,0.08026559122005927,9,56
917,24,False,True,True,midpoint_with_inhaler,-0.2516278617447744,0.08026559122005927,9,57
917,24,False,True,True,upper_bound,-0.2516278617447744,0.11342237717716151,9,58
917,24,False,True,True,upper_bound_with_inhaler,-0.2516278617447744,0.11342237717716151,9,59
917,24,True,False,False,one_hot,0.4180480042601457,0.4180480042601458,9,60
917,24,True,False,False,lower_bound,0.7079056822245796,0.7020788520337319,9,61
917,24,True,False,False,midpoint,0.7079056822245796,0.7187921354960177,9,62
917,24,True,False,False,midpoint_with_inhaler,0.7079056822245796,0.7187921354960177,9,63
917,24,True,False,False,upper_bound,0.7079056822245796,0.71522142246197,9,64
917,24,True,False,False,upper_bound_with_inhaler,0.7079056822245796,0.71522142246197,9,65
917,24,True,False,True,one_hot,0.4180480042601457,0.4180480042601458,9,66
917,24,True,False,True,lower_bound,0.7079056822245796,0.7020788520337319,9,67
917,24,True,False,True,midpoint,0.7079056822245796,0.7187921354960177,9,68
917,24,True,False,True,midpoint_with_inhaler,0.7079056822245796,0.7187921354960177,9,69
917,24,True,False,True,upper_bound,0.7079056822245796,0.71522142246197,9,70
917,24,True,False,True,upper_bound_with_inhaler,0.7079056822245796,0.71522142246197,9,71
917,36,False,False,False,one_hot,,,9,72
917,36,False,False,False,lower_bound,0.35009894671249836,0.7715196385962452,9,73
917,36,False,False,False,midpoint,0.35009894671249836,0.6838096647418369,9,74
917,36,False,False,False,midpoint_with_inhaler,0.35009894671249836,0.6838096647418369,9,75
917,36,False,False,False,upper_bound,0.35009894671249836,0.6158629215047733,9,76
917,36,False,False,False,upper_bound_with_inhaler,0.35009894671249836,0.6158629215047733,9,77
917,36,False,False,True,one_hot,,,9,78
917,36,False,False,True,lower_bound,0.35009894671249836,0.7715196385962452,9,79
917,36,False,False,True,midpoint,0.35009894671249836,0.6838096647418369,9,80
917,36,False,False,True,midpoint_with_inhaler,0.35009894671249836,0.6838096647418369,9,81
917,36,False,False,True,upper_bound,0.35009894671249836,0.6158629215047733,9,82
917,36,False,False,True,upper_bound_with_inhaler,0.35009894671249836,0.6158629215047733,9,83
917,36,True,False,False,one_hot,,,9,84
917,36,True,False,False,lower_bound,5.551115123125783e-17,0.13932017064563437,9,85
917,36,True,False,False,midpoint,5.551115123125783e-17,0.11678800676163965,9,86
917,36,True,False,False,midpoint_with_inhaler,5.551115123125783e-17,0.11678800676163965,9,87
917,36,True,False,False,upper_bound,5.551115123125783e-17,0.10033534773107558,9,88
917,36,True,False,False,upper_bound_with_inhaler,5.551115123125783e-17,0.10033534773107558,9,89
917,36,True,False,True,one_hot,,,9,90
917,36,True,False,True,lower_bound,5.551115123125783e-17,0.13932017064563437,9,91
917,36,True,False,True,midpoint,5.551115123125783e-17,0.11678800676163965,9,92
917,36,True,False,True,midpoint_with_inhaler,5.551115123125783e-17,0.11678800676163965,9,93
917,36,True,False,True,upper_bound,5.551115123125783e-17,0.10033534773107558,9,94
917,36,True,False,True,upper_bound_with_inhaler,5.551115123125783e-17,0.10033534773107558,9,95
917,48,False,False,False,one_hot,,,9,96
917,48,False,False,False,lower_bound,0.10286002792355005,0.6810003420175771,9,97
917,48,False,False,False,midpoint,0.10286002792355005,0.46968131694962134,9,98
917,48,False,False,False,midpoint_with_inhaler,0.10286002792355005,0.5249690044150408,9,99
917,48,False,False,False,upper_bound,0.10286002792355005,0.27755615322693894,9,100
917,48,False,False,False,upper_bound_with_inhaler,0.10286002792355005,0.34211724914710623,9,101
917,48,False,False,True,one_hot,,,9,102
917,48,False,False,True,lower_bound,0.10286002792355005,0.6810003420175771,9,103
917,48,False,False,True,midpoint,0.10286002792355005,0.46968131694962134,9,104
917,48,False,False,True,midpoint_with_inhaler,0.10286002792355005,0.5249690044150408,9,105
917,48,False,False,True,upper_bound,0.10286002792355005,0.27755615322693894,9,106
917,48,False,False,True,upper_bound_with_inhaler,0.10286002792355005,0.34211724914710623,9,107
917,48,False,True,False,one_hot,0.4180480042601457,0.4180480042601458,9,108
917,48,False,True,False,lower_bound,0.43040578977696325,0.3228269200162487,9,109
917,48,False,True,False,midpoint,0.43040578977696325,0.23908127644534533,9,110
917,48,False,True,False,midpoint_with_inhaler,0.43040578977696325,0.23908127644534533,9,111
917,48,False,True,False,upper_bound,0.43040578977696325,0.1786534358133981,9,112
917,48,False,True,False,upper_bound_with_inhaler,0.43040578977696325,0.1786534358133981,9,113
917,48,False,True,True,one_hot,0.4180480042601457,0.4180480042601458,9,114
917,48,False,True,True,lower_bound,0.43040578977696325,0.3228269200162487,9,115
917,48,False,True,True,midpoint,0.43040578977696325,0.23908127644534533,9,116
917,48,False,True,True,midpoint_with_inhaler,0.43040578977696325,0.23908127644534533,9,117
917,48,False,True,True,upper_bound,0.43040578977696325,0.1786534358133981,9,118
917,48,False,True,True,upper_bound_with_inhaler,0.43040578977696325,0.1786534358133981,9,119
917,48,True,False,False,one_hot,,,9,120
917,48,True,False,False,lower_bound,0.36625861841453966,0.4836152036939449,9,121
917,48,True,False,False,midpoint,0.36625861841453966,0.46736211834145686,9,122
917,48,True,False,False,midpoint_with_inhaler,0.36625861841453966,0.46736211834145686,9,123
917,48,True,False,False,upper_bound,0.36625861841453966,0.44511153090140854,9,124
917,48,True,False,False,upper_bound_with_inhaler,0.36625861841453966,0.44511153090140854,9,125
917,48,True,False,True,one_hot,,,9,126
917,48,True,False,True,lower_bound,0.36625861841453966,0.4836152036939449,9,127
917,48,True,False,True,midpoint,0.36625861841453966,0.46736211834145686,9,128
917,48,True,False,True,midpoint_with_inhaler,0.36625861841453966,0.46736211834145686,9,129
917,48,True,False,True,upper_bound,0.36625861841453966,0.44511153090140854,9,130
917,48,True,False,True,upper_bound_with_inhaler,0.36625861841453966,0.44511153090140854,9,131
939,12,False,False,False,one_hot,-0.06858784354261896,-0.06858784354261896,158,0
939,12,False,False,False,lower_bound,0.262820225888212,0.2690375176650046,158,1
939,12,False,False,False,midpoint,0.262820225888212,0.2329845375875999,158,2
939,12,False,False,False,midpoint_with_inhaler,0.262820225888212,0.2329845375875999,158,3
939,12,False,False,False,upper_bound,0.262820225888212,0.20024384416758184,158,4
939,12,False,False,False,upper_bound_with_inhaler,0.262820225888212,0.20024384416758184,158,5
939,12,False,False,True,one_hot,-0.06858784354261896,-0.06858784354261896,158,6
939,12,False,False,True,lower_bound,0.262820225888212,0.2690375176650046,158,7
939,12,False,False,True,midpoint,0.262820225888212,0.2329845375875999,158,8
939,12,False,False,True,midpoint_with_inhaler,0.262820225888212,0.2329845375875999,158,9
939,12,False,False,True,upper_bound,0.262820225888212,0.20024384416758184,158,10
939,12,False,False,True,upper_bound_with_inhaler,0.262820225888212,0.20024384416758184,158,11
939,12,False,True,False,one_hot,,,158,12
939,12,False,True,False,lower_bound,0.3006060499201927,0.4161298220845091,158,13
939,12,False,True,False,midpoint,0.3006060499201927,0.390272399938436,158,14
939,12,False,True,False,midpoint_with_inhaler,0.3006060499201927,0.390272399938436,158,15
939,12,False,True,False,upper_bound,0.3006060499201927,0.36114402353076835,158,16
939,12,False,True,False,upper_bound_with_inhaler,0.3006060499201927,0.36114402353076835,158,17
939,12,False,True,True,one_hot,,,158,18
939,12,False,True,True,lower_bound,0.3006060499201927,0.4161298220845091,158,19
939,12,False,True,True,midpoint,0.3006060499201927,0.390272399938436,158,20
939,12,False,True,True,midpoint_with_inhaler,0.3006060499201927,0.390272399938436,158,21
939,12,False,True,True,upper_bound,0.3006060499201927,0.36114402353076835,158,22
939,12,False,True,True,upper_bound_with_inhaler,0.3006060499201927,0.36114402353076835,158,23
939,12,True,False,False,one_hot,,,158,24
939,12,True,False,False,lower_bound,0.2918176393302506,0.4001861916832476,158,25
939,12,True,False,False,midpoint,0.2918176393302506,0.3618829823657248,158,26
939,12,True,False,False,midpoint_with_inhaler,0.2918176393302506,0.3618829823657248,158,27
939,12,True,False,False,upper_bound,0.2918176393302506,0.3256899468485335,158,28
939,12,True,False,False,upper_bound_with_inhaler,0.2918176393302506,0.3256899468485335,158,29
939,12,True,False,True,one_hot,,,158,30
939,12,True,False,True,lower_bound,0.2918176393302506,0.4001861916832476,158,31
939,12,True,False,True,midpoint,0.2918176393302506,0.3618829823657248,158,32
939,12,True,False,True,midpoint_with_inhaler,0.2918176393302506,0.3618829823657248,158,33
939,12,True,False,True,upper_bound,0.2918176393302506,0.3256899468485335,158,34
939,12,True,False,True,upper_bound_with_inhaler,0.2918176393302506,0.3256899468485335,158,35
939,24,False,False,False,one_hot,,,158,36
939,24,False,False,False,lower_bound,0.44505520723851166,0.5055783715849643,158,37
939,24,False,False,False,midpoint,0.44505520723851166,0.4927532139751356,158,38
939,24,False,False,False,midpoint_with_inhaler,0.44505520723851166,0.4927532139751356,158,39
939,24,False,False,False,upper_bound,0.44505520723851166,0.47608941216176315,158,40
939,24,False,False,False,upper_bound_with_inhaler,0.44505520723851166,0.47608941216176315,158,41
939,24,False,False,True,one_hot,,,158,42
939,24,False,False,True,lower_bound,0.44505520723851166,0.5055783715849643,158,43
939,24,False,False,True,midpoint,0.44505520723851166,0.4927532139751356,158,44
939,24,False,False,True,midpoint_with_inhaler,0.44505520723851166,0.4927532139751356,158,45
939,24,False,False,True,upper_bound,0.44505520723851166,0.47608941216176315,158,46
939,24,False,False,True,upper_bound_with_inhaler,0.44505520723851166,0.47608941216176315,158,47
939,24,False,True,False,one_hot,,,158,48
939,24,False,True,False,lower_bound,0.4443554916019748,0.5189221783087428,158,49
939,24,False,True,False,midpoint,0.4443554916019748,0.5352532416349185,158,50
939,24,False,True,False,midpoint_with_inhaler,0.4443554916019748,0.5352532416349185,158,51
939,24,False,True,False,upper_bound,0.4443554916019748,0.5330513112365803,158,52
939,24,False,True,False,upper_bound_with_inhaler,0.4443554916019748,0.5330513112365803,158,53
939,24,False,True,True,one_hot,,,158,54
939,24,False,True,True,lower_bound,0.4443554916019748,0.5189221783087428,158,55
939,24,False,True,True,midpoint,0.4443554916019748,0.5352532416349185,158,56
939,24,False,True,True,midpoint_with_inhaler,0.4443554916019748,0.5352532416349185,158,57
939,24,False,True,True,upper_bound,0.4443554916019748,0.5330513112365803,158,58
939,24,False,True,True,upper_bound_with_inhaler,0.4443554916019748,0.5330513112365803,158,59
939,24,True,False,False,one_hot,0.09328043244581061,0.09328043244581061,158,60
939,24,True,False,False,lower_bound,0.45057501871531197,0.5042219165649305,158,61
939,24,True,False,False,midpoint,0.45057501871531197,0.49295535571771243,158,62
939,24,True,False,False,midpoint_with_inhaler,0.45057501871531197,0.49295535571771243,158,63
939,24,True,False,False,upper_bound,0.45057501871531197,0.47776406152192846,158,64
939,24,True,False,False,upper_bound_with_inhaler,0.45057501871531197,0.47776406152192846,158,65
939,24,True,False,True,one_hot,0.09328043244581061,0.09328043244581061,158,66
939,24,True,False,True,lower_bound,0.45057501871531197,0.5042219165649305,158,67
939,24,True,False,True,midpoint,0.45057501871531197,0.49295535571771243,158,68
939,24,True,False,True,midpoint_with_inhaler,0.45057501871531197,0.49295535571771243,158,69
939,24,True,False,True,upper_bound,0.45057501871531197,0.47776406152192846,158,70
939,24,True,False,True,upper_bound_with_inhaler,0.45057501871531197,0.47776406152192846,158,71
939,36,False,False,False,one_hot,,,158,72
939,36,False,False,False,lower_bound,0.3948008028955969,0.4894087081115317,158,73
939,36,False,False,False,midpoint,0.3948008028955969,0.4457529129131567,158,74
939,36,False,False,False,midpoint_with_inhaler,0.3948008028955969,0.4457529129131567,158,75
939,36,False,False,False,upper_bound,0.3948008028955969,0.41101742309519734,158,76
939,36,False,False,False,upper_bound_with_inhaler,0.3948008028955969,0.41101742309519734,158,77
939,36,False,False,True,one_hot,,,158,78
939,36,False,False,True,lower_bound,0.3948008028955969,0.4894087081115317,158,79
939,36,False,False,True,midpoint,0.3948008028955969,0.4457529129131567,158,80
939,36,False,False,True,midpoint_with_inhaler,0.3948008028955969,0.4457529129131567,158,81
939,36,False,False,True,upper_bound,0.3948008028955969,0.41101742309519734,158,82
939,36,False,False,True,upper_bound_with_inhaler,0.3948008028955969,0.41101742309519734,158,83
939,36,True,False,False,one_hot,,,158,84
939,36,True,False,False,lower_bound,0.513404850537897,0.629122770516242,158,85
939,36,True,False,False,midpoint,0.513404850537897,0.6567622817709867,158,86
939,36,True,False,False,midpoint_with_inhaler,0.513404850537897,0.6567622817709867,158,87
939,36,True,False,False,upper_bound,0.513404850537897,0.6595353693374377,158,88
939,36,True,False,False,upper_bound_with_inhaler,0.513404850537897,0.6595353693374377,158,89
939,36,True,False,True,one_hot,,,158,90
939,36,True,False,True,lower_bound,0.513404850537897,0.629122770516242,158,91
939,36,True,False,True,midpoint,0.513404850537897,0.6567622817709867,158,92
939,36,True,False,True,midpoint_with_inhaler,0.513404850537897,0.6567622817709867,158,93
939,36,True,False,True,upper_bound,0.513404850537897,0.6595353693374377,158,94
939,36,True,False,True,upper_bound_with_inhaler,0.513404850537897,0.6595353693374377,158,95
939,48,False,False,False,one_hot,,,158,96
939,48,False,False,False,lower_bound,0.3977845363912683,0.5224755549633724,158,97
939,48,False,False,False,midpoint,0.3977845363912683,0.4395185127185301,158,98
939,48,False,False,False,midpoint_with_inhaler,0.3977845363912683,0.45924235528947166,158,99
939,48,False,False,False,upper_bound,0.3721028293172119,0.3723118358145318,158,100
939,48,False,False,False,upper_bound_with_inhaler,0.3977845363912683,0.43494702708985916,158,101
939,48,False,False,True,one_hot,,,158,102
939,48,False,False,True,lower_bound,0.3977845363912683,0.5224755549633724,158,103
939,48,False,False,True,midpoint,0.3977845363912683,0.4395185127185301,158,104
939,48,False,False,True,midpoint_with_inhaler,0.3977845363912683,0.45924235528947166,158,105
939,48,False,False,True,upper_bound,0.3721028293172119,0.3723118358145318,158,106
939,48,False,False,True,upper_bound_with_inhaler,0.3977845363912683,0.43494702708985916,158,107
939,48,False,True,False,one_hot,,,158,108
939,48,False,True,False,lower_bound,0.2966440745925188,0.3967332432547453,158,109
939,48,False,True,False,midpoint,0.2966440745925188,0.3728411611334107,158,110
939,48,False,True,False,midpoint_with_inhaler,0.2966440745925188,0.3728411611334107,158,111
939,48,False,True,False,upper_bound,0.2966440745925188,0.34581350717524556,158,112
939,48,False,True,False,upper_bound_with_inhaler,0.2966440745925188,0.34581350717524556,158,113
939,48,False,True,True,one_hot,,,158,114
939,48,False,True,True,lower_bound,0.2966440745925188,0.3967332432547453,158,115
939,48,False,True,True,midpoint,0.2966440745925188,0.3728411611334107,158,116
939,48,False,True,True,midpoint_with_inhaler,0.2966440745925188,0.3728411611334107,158,117
939,48,False,True,True,upper_bound,0.2966440745925188,0.34581350717524556,158,118
939,48,False,True,True,upper_bound_with_inhaler,0.2966440745925188,0.34581350717524556,158,119
939,48,True,False,False,one_hot,0.09328043244581061,0.09328043244581062,158,120
939,48,True,False,False,lower_bound,0.1424546740690486,0.24019561067460166,158,121
939,48,True,False,False,midpoint,0.1424546740690486,0.2040854755300874,158,122
939,48,True,False,False,midpoint_with_inhaler,0.1424546740690486,0.2040854755300874,158,123
939,48,True,False,False,upper_bound,0.1424546740690486,0.17573800355474428,158,124
939,48,True,False,False,upper_bound_with_inhaler,0.1424546740690486,0.17573800355474428,158,125
939,48,True,False,True,one_hot,0.09328043244581061,0.09328043244581062,158,126
939,48,True,False,True,lower_bound,0.1424546740690486,0.24019561067460166,158,127
939,48,True,False,True,midpoint,0.1424546740690486,0.2040854755300874,158,128
939,48,True,False,True,midpoint_with_inhaler,0.1424546740690486,0.2040854755300874,158,129
939,48,True,False,True,upper_bound,0.1424546740690486,0.17573800355474428,158,130
939,48,True,False,True,upper_bound_with_inhaler,0.1424546740690486,0.17573800355474428,158,131
