user_key,timestamp_window,use_daily_max_windows,use_calendar_days,filter_out_zero_usage_entries,categorization_method,spearman_z,pearson_z,sample_size,config_idx
113,12,False,False,False,one_hot,0.12123200630371993,0.1212320063037199,158,0
113,12,False,False,False,lower_bound,0.30311556697282843,0.4325903016146933,158,1
113,12,False,False,False,midpoint,0.30311556697282843,0.41148586956380445,158,2
113,12,False,False,False,midpoint_with_inhaler,0.30311556697282843,0.41148586956380445,158,3
113,12,False,False,False,upper_bound,0.30311556697282843,0.3916153098855459,158,4
113,12,False,False,False,upper_bound_with_inhaler,0.30311556697282843,0.3916153098855459,158,5
113,12,False,False,True,one_hot,0.12123200630371993,0.1212320063037199,158,6
113,12,False,False,True,lower_bound,0.30311556697282843,0.4325903016146933,158,7
113,12,False,False,True,midpoint,0.30311556697282843,0.41148586956380445,158,8
113,12,False,False,True,midpoint_with_inhaler,0.30311556697282843,0.41148586956380445,158,9
113,12,False,False,True,upper_bound,0.30311556697282843,0.3916153098855459,158,10
113,12,False,False,True,upper_bound_with_inhaler,0.30311556697282843,0.3916153098855459,158,11
113,12,False,True,False,one_hot,0.22407130185491922,0.2240713018549192,158,12
113,12,False,True,False,lower_bound,0.3347056888129314,0.37300328154653745,158,13
113,12,False,True,False,midpoint,0.3347056888129314,0.3716387142159797,158,14
113,12,False,True,False,midpoint_with_inhaler,0.3347056888129314,0.3716387142159797,158,15
113,12,False,True,False,upper_bound,0.3347056888129314,0.3663926809169322,158,16
113,12,False,True,False,upper_bound_with_inhaler,0.3347056888129314,0.3663926809169322,158,17
113,12,False,True,True,one_hot,0.22407130185491922,0.2240713018549192,158,18
113,12,False,True,True,lower_bound,0.3347056888129314,0.37300328154653745,158,19
113,12,False,True,True,midpoint,0.3347056888129314,0.3716387142159797,158,20
113,12,False,True,True,midpoint_with_inhaler,0.3347056888129314,0.3716387142159797,158,21
113,12,False,True,True,upper_bound,0.3347056888129314,0.3663926809169322,158,22
113,12,False,True,True,upper_bound_with_inhaler,0.3347056888129314,0.3663926809169322,158,23
113,12,True,False,False,one_hot,0.14568052427294156,0.14568052427294156,158,24
113,12,True,False,False,lower_bound,0.3404987022414849,0.3656775248104379,158,25
113,12,True,False,False,midpoint,0.3404987022414849,0.3677402208065251,158,26
113,12,True,False,False,midpoint_with_inhaler,0.3404987022414849,0.3677402208065251,158,27
113,12,True,False,False,upper_bound,0.3404987022414849,0.36401455300136043,158,28
113,12,True,False,False,upper_bound_with_inhaler,0.3404987022414849,0.36401455300136043,158,29
113,12,True,False,True,one_hot,0.14568052427294156,0.14568052427294156,158,30
113,12,True,False,True,lower_bound,0.3404987022414849,0.3656775248104379,158,31
113,12,True,False,True,midpoint,0.3404987022414849,0.3677402208065251,158,32
113,12,True,False,True,midpoint_with_inhaler,0.3404987022414849,0.3677402208065251,158,33
113,12,True,False,True,upper_bound,0.3404987022414849,0.36401455300136043,158,34
113,12,True,False,True,upper_bound_with_inhaler,0.3404987022414849,0.36401455300136043,158,35
113,24,False,False,False,one_hot,0.18963892595078824,0.18963892595078827,158,36
113,24,False,False,False,lower_bound,0.35208648827758404,0.39123011456700685,158,37
113,24,False,False,False,midpoint,0.35208648827758404,0.394097826551126,158,38
113,24,False,False,False,midpoint_with_inhaler,0.35208648827758404,0.394097826551126,158,39
113,24,False,False,False,upper_bound,0.35208648827758404,0.3899838537822176,158,40
113,24,False,False,False,upper_bound_with_inhaler,0.35208648827758404,0.3899838537822176,158,41
113,24,False,False,True,one_hot,0.18963892595078824,0.18963892595078827,158,42
113,24,False,False,True,lower_bound,0.35208648827758404,0.39123011456700685,158,43
113,24,False,False,True,midpoint,0.35208648827758404,0.394097826551126,158,44
113,24,False,False,True,midpoint_with_inhaler,0.35208648827758404,0.394097826551126,158,45
113,24,False,False,True,upper_bound,0.35208648827758404,0.3899838537822176,158,46
113,24,False,False,True,upper_bound_with_inhaler,0.35208648827758404,0.3899838537822176,158,47
113,24,False,True,False,one_hot,0.1715596508020659,0.1715596508020659,158,48
113,24,False,True,False,lower_bound,0.2866150932166403,0.32320373968023813,158,49
113,24,False,True,False,midpoint,0.2866150932166403,0.33204555126154434,158,50
113,24,False,True,False,midpoint_with_inhaler,0.2866150932166403,0.33204555126154434,158,51
113,24,False,True,False,upper_bound,0.2866150932166403,0.33509691471870484,158,52
113,24,False,True,False,upper_bound_with_inhaler,0.2866150932166403,0.33509691471870484,158,53
113,24,False,True,True,one_hot,0.1715596508020659,0.1715596508020659,158,54
113,24,False,True,True,lower_bound,0.2866150932166403,0.32320373968023813,158,55
113,24,False,True,True,midpoint,0.2866150932166403,0.33204555126154434,158,56
113,24,False,True,True,midpoint_with_inhaler,0.2866150932166403,0.33204555126154434,158,57
113,24,False,True,True,upper_bound,0.2866150932166403,0.33509691471870484,158,58
113,24,False,True,True,upper_bound_with_inhaler,0.2866150932166403,0.33509691471870484,158,59
113,24,True,False,False,one_hot,0.3045600082535684,0.3045600082535684,158,60
113,24,True,False,False,lower_bound,0.38383462364830806,0.3968919971906331,158,61
113,24,True,False,False,midpoint,0.38383462364830806,0.40518109119991974,158,62
113,24,True,False,False,midpoint_with_inhaler,0.38383462364830806,0.40518109119991974,158,63
113,24,True,False,False,upper_bound,0.38383462364830806,0.4042954734644922,158,64
113,24,True,False,False,upper_bound_with_inhaler,0.38383462364830806,0.4042954734644922,158,65
113,24,True,False,True,one_hot,0.3045600082535684,0.3045600082535684,158,66
113,24,True,False,True,lower_bound,0.38383462364830806,0.3968919971906331,158,67
113,24,True,False,True,midpoint,0.38383462364830806,0.40518109119991974,158,68
113,24,True,False,True,midpoint_with_inhaler,0.38383462364830806,0.40518109119991974,158,69
113,24,True,False,True,upper_bound,0.38383462364830806,0.4042954734644922,158,70
113,24,True,False,True,upper_bound_with_inhaler,0.38383462364830806,0.4042954734644922,158,71
113,36,False,False,False,one_hot,0.10463665511050788,0.10463665511050786,158,72
113,36,False,False,False,lower_bound,0.3490516437029048,0.4211603867846648,158,73
113,36,False,False,False,midpoint,0.3490516437029048,0.4442372440958456,158,74
113,36,False,False,False,midpoint_with_inhaler,0.3490516437029048,0.44093835556033684,158,75
113,36,False,False,False,upper_bound,0.34905204434506837,0.4510884737631905,158,76
113,36,False,False,False,upper_bound_with_inhaler,0.3490516437029048,0.4497420454712672,158,77
113,36,False,False,True,one_hot,0.10463665511050788,0.10463665511050786,158,78
113,36,False,False,True,lower_bound,0.3490516437029048,0.4211603867846648,158,79
113,36,False,False,True,midpoint,0.3490516437029048,0.4442372440958456,158,80
113,36,False,False,True,midpoint_with_inhaler,0.3490516437029048,0.44093835556033684,158,81
113,36,False,False,True,upper_bound,0.34905204434506837,0.4510884737631905,158,82
113,36,False,False,True,upper_bound_with_inhaler,0.3490516437029048,0.4497420454712672,158,83
113,36,True,False,False,one_hot,0.17512209424196934,0.1751220942419693,158,84
113,36,True,False,False,lower_bound,0.2608605092868324,0.29974494105554955,158,85
113,36,True,False,False,midpoint,0.2608605092868324,0.298120529720751,158,86
113,36,True,False,False,midpoint_with_inhaler,0.2608605092868324,0.298120529720751,158,87
113,36,True,False,False,upper_bound,0.2608605092868324,0.2929759928783198,158,88
113,36,True,False,False,upper_bound_with_inhaler,0.2608605092868324,0.2929759928783198,158,89
113,36,True,False,True,one_hot,0.17512209424196934,0.1751220942419693,158,90
113,36,True,False,True,lower_bound,0.2608605092868324,0.29974494105554955,158,91
113,36,True,False,True,midpoint,0.2608605092868324,0.298120529720751,158,92
113,36,True,False,True,midpoint_with_inhaler,0.2608605092868324,0.298120529720751,158,93
113,36,True,False,True,upper_bound,0.2608605092868324,0.2929759928783198,158,94
113,36,True,False,True,upper_bound_with_inhaler,0.2608605092868324,0.2929759928783198,158,95
113,48,False,False,False,one_hot,0.25701457050207327,0.25701457050207327,158,96
113,48,False,False,False,lower_bound,0.3641179785956909,0.3792539228529558,158,97
113,48,False,False,False,midpoint,0.3641179785956909,0.3997795029128113,158,98
113,48,False,False,False,midpoint_with_inhaler,0.3641179785956909,0.3970987606115865,158,99
113,48,False,False,False,upper_bound,0.3641190957352609,0.4085077012437397,158,100
113,48,False,False,False,upper_bound_with_inhaler,0.3641179785956909,0.40841882538819313,158,101
113,48,False,False,True,one_hot,0.25701457050207327,0.25701457050207327,158,102
113,48,False,False,True,lower_bound,0.3641179785956909,0.3792539228529558,158,103
113,48,False,False,True,midpoint,0.3641179785956909,0.3997795029128113,158,104
113,48,False,False,True,midpoint_with_inhaler,0.3641179785956909,0.3970987606115865,158,105
113,48,False,False,True,upper_bound,0.3641190957352609,0.4085077012437397,158,106
113,48,False,False,True,upper_bound_with_inhaler,0.3641179785956909,0.40841882538819313,158,107
113,48,False,True,False,one_hot,0.10956988699429542,0.10956988699429537,158,108
113,48,False,True,False,lower_bound,0.10637752660749393,0.0480025725591616,158,109
113,48,False,True,False,midpoint,0.10637752660749393,0.062333546984586236,158,110
113,48,False,True,False,midpoint_with_inhaler,0.10637752660749393,0.062333546984586236,158,111
113,48,False,True,False,upper_bound,0.10637752660749393,0.07046449840300133,158,112
113,48,False,True,False,upper_bound_with_inhaler,0.10637752660749393,0.07046449840300133,158,113
113,48,False,True,True,one_hot,0.10956988699429542,0.10956988699429537,158,114
113,48,False,True,True,lower_bound,0.10637752660749393,0.0480025725591616,158,115
113,48,False,True,True,midpoint,0.10637752660749393,0.062333546984586236,158,116
113,48,False,True,True,midpoint_with_inhaler,0.10637752660749393,0.062333546984586236,158,117
113,48,False,True,True,upper_bound,0.10637752660749393,0.07046449840300133,158,118
113,48,False,True,True,upper_bound_with_inhaler,0.10637752660749393,0.07046449840300133,158,119
113,48,True,False,False,one_hot,0.1540995647685899,0.15409956476858996,158,120
113,48,True,False,False,lower_bound,0.19134899262915903,0.17495062698794578,158,121
113,48,True,False,False,midpoint,0.19134899262915903,0.19678396656315347,158,122
113,48,True,False,False,midpoint_with_inhaler,0.19134899262915903,0.19678396656315347,158,123
113,48,True,False,False,upper_bound,0.19134899262915903,0.21006416270575906,158,124
113,48,True,False,False,upper_bound_with_inhaler,0.19134899262915903,0.21006416270575906,158,125
113,48,True,False,True,one_hot,0.1540995647685899,0.15409956476858996,158,126
113,48,True,False,True,lower_bound,0.19134899262915903,0.17495062698794578,158,127
113,48,True,False,True,midpoint,0.19134899262915903,0.19678396656315347,158,128
113,48,True,False,True,midpoint_with_inhaler,0.19134899262915903,0.19678396656315347,158,129
113,48,True,False,True,upper_bound,0.19134899262915903,0.21006416270575906,158,130
113,48,True,False,True,upper_bound_with_inhaler,0.19134899262915903,0.21006416270575906,158,131
190,12,False,False,False,one_hot,-0.41246454071714395,-0.41246454071714395,19,0
190,12,False,False,False,lower_bound,-0.41246454071714395,-0.41246454071714395,19,1
190,12,False,False,False,midpoint,-0.41246454071714395,-0.41246454071714406,19,2
190,12,False,False,False,midpoint_with_inhaler,-0.41246454071714395,-0.41246454071714406,19,3
190,12,False,False,False,upper_bound,-0.41246454071714395,-0.41246454071714395,19,4
190,12,False,False,False,upper_bound_with_inhaler,-0.41246454071714395,-0.41246454071714395,19,5
190,12,False,False,True,one_hot,-0.41246454071714395,-0.41246454071714395,19,6
190,12,False,False,True,lower_bound,-0.41246454071714395,-0.41246454071714395,19,7
190,12,False,False,True,midpoint,-0.41246454071714395,-0.41246454071714406,19,8
190,12,False,False,True,midpoint_with_inhaler,-0.41246454071714395,-0.41246454071714406,19,9
190,12,False,False,True,upper_bound,-0.41246454071714395,-0.41246454071714395,19,10
190,12,False,False,True,upper_bound_with_inhaler,-0.41246454071714395,-0.41246454071714395,19,11
190,12,False,True,False,one_hot,0.26887257601909764,0.26887257601909775,19,12
190,12,False,True,False,lower_bound,0.26887257601909764,0.26887257601909775,19,13
190,12,False,True,False,midpoint,0.26887257601909764,0.26887257601909753,19,14
190,12,False,True,False,midpoint_with_inhaler,0.26887257601909764,0.26887257601909753,19,15
190,12,False,True,False,upper_bound,0.26887257601909764,0.26887257601909775,19,16
190,12,False,True,False,upper_bound_with_inhaler,0.26887257601909764,0.26887257601909775,19,17
190,12,False,True,True,one_hot,0.26887257601909764,0.26887257601909775,19,18
190,12,False,True,True,lower_bound,0.26887257601909764,0.26887257601909775,19,19
190,12,False,True,True,midpoint,0.26887257601909764,0.26887257601909753,19,20
190,12,False,True,True,midpoint_with_inhaler,0.26887257601909764,0.26887257601909753,19,21
190,12,False,True,True,upper_bound,0.26887257601909764,0.26887257601909775,19,22
190,12,False,True,True,upper_bound_with_inhaler,0.26887257601909764,0.26887257601909775,19,23
190,12,True,False,False,one_hot,0.15235374089211762,0.1523537408921177,19,24
190,12,True,False,False,lower_bound,0.15235374089211762,0.1523537408921177,19,25
190,12,True,False,False,midpoint,0.15235374089211762,0.15235374089211773,19,26
190,12,True,False,False,midpoint_with_inhaler,0.15235374089211762,0.15235374089211773,19,27
190,12,True,False,False,upper_bound,0.15235374089211762,0.1523537408921177,19,28
190,12,True,False,False,upper_bound_with_inhaler,0.15235374089211762,0.1523537408921177,19,29
190,12,True,False,True,one_hot,0.15235374089211762,0.1523537408921177,19,30
190,12,True,False,True,lower_bound,0.15235374089211762,0.1523537408921177,19,31
190,12,True,False,True,midpoint,0.15235374089211762,0.15235374089211773,19,32
190,12,True,False,True,midpoint_with_inhaler,0.15235374089211762,0.15235374089211773,19,33
190,12,True,False,True,upper_bound,0.15235374089211762,0.1523537408921177,19,34
190,12,True,False,True,upper_bound_with_inhaler,0.15235374089211762,0.1523537408921177,19,35
190,24,False,False,False,one_hot,0.2688725760190977,0.26887257601909775,19,36
190,24,False,False,False,lower_bound,0.2688725760190977,0.26887257601909775,19,37
190,24,False,False,False,midpoint,0.2688725760190977,0.2688725760190976,19,38
190,24,False,False,False,midpoint_with_inhaler,0.2688725760190977,0.2688725760190976,19,39
190,24,False,False,False,upper_bound,0.2688725760190977,0.26887257601909775,19,40
190,24,False,False,False,upper_bound_with_inhaler,0.2688725760190977,0.26887257601909775,19,41
190,24,False,False,True,one_hot,0.2688725760190977,0.26887257601909775,19,42
190,24,False,False,True,lower_bound,0.2688725760190977,0.26887257601909775,19,43
190,24,False,False,True,midpoint,0.2688725760190977,0.2688725760190976,19,44
190,24,False,False,True,midpoint_with_inhaler,0.2688725760190977,0.2688725760190976,19,45
190,24,False,False,True,upper_bound,0.2688725760190977,0.26887257601909775,19,46
190,24,False,False,True,upper_bound_with_inhaler,0.2688725760190977,0.26887257601909775,19,47
190,24,False,True,False,one_hot,0.6723989975323126,0.6723989975323128,19,48
190,24,False,True,False,lower_bound,0.6723989975323126,0.6723989975323128,19,49
190,24,False,True,False,midpoint,0.6723989975323126,0.6723989975323126,19,50
190,24,False,True,False,midpoint_with_inhaler,0.6723989975323126,0.6723989975323126,19,51
190,24,False,True,False,upper_bound,0.6723989975323126,0.6723989975323128,19,52
190,24,False,True,False,upper_bound_with_inhaler,0.6723989975323126,0.6723989975323128,19,53
190,24,False,True,True,one_hot,0.6723989975323126,0.6723989975323128,19,54
190,24,False,True,True,lower_bound,0.6723989975323126,0.6723989975323128,19,55
190,24,False,True,True,midpoint,0.6723989975323126,0.6723989975323126,19,56
190,24,False,True,True,midpoint_with_inhaler,0.6723989975323126,0.6723989975323126,19,57
190,24,False,True,True,upper_bound,0.6723989975323126,0.6723989975323128,19,58
190,24,False,True,True,upper_bound_with_inhaler,0.6723989975323126,0.6723989975323128,19,59
190,24,True,False,False,one_hot,0.26887257601909764,0.26887257601909775,19,60
190,24,True,False,False,lower_bound,0.3167027573560709,0.33124854208911925,19,61
190,24,True,False,False,midpoint,0.3167027573560709,0.3308457278981268,19,62
190,24,True,False,False,midpoint_with_inhaler,0.3167027573560709,0.3308457278981268,19,63
190,24,True,False,False,upper_bound,0.3167027573560709,0.3254575750723597,19,64
190,24,True,False,False,upper_bound_with_inhaler,0.3167027573560709,0.3254575750723597,19,65
190,24,True,False,True,one_hot,0.26887257601909764,0.26887257601909775,19,66
190,24,True,False,True,lower_bound,0.3167027573560709,0.33124854208911925,19,67
190,24,True,False,True,midpoint,0.3167027573560709,0.3308457278981268,19,68
190,24,True,False,True,midpoint_with_inhaler,0.3167027573560709,0.3308457278981268,19,69
190,24,True,False,True,upper_bound,0.3167027573560709,0.3254575750723597,19,70
190,24,True,False,True,upper_bound_with_inhaler,0.3167027573560709,0.3254575750723597,19,71
190,36,False,False,False,one_hot,0.027223275822367946,0.027223275822367946,19,72
190,36,False,False,False,lower_bound,-0.07517213400367803,-0.1572459174903711,19,73
190,36,False,False,False,midpoint,-0.07517213400367803,-0.11845305509475179,19,74
190,36,False,False,False,midpoint_with_inhaler,-0.07517213400367803,-0.11845305509475179,19,75
190,36,False,False,False,upper_bound,-0.07517213400367803,-0.09118446186567014,19,76
190,36,False,False,False,upper_bound_with_inhaler,-0.07517213400367803,-0.09118446186567014,19,77
190,36,False,False,True,one_hot,0.027223275822367946,0.027223275822367946,19,78
190,36,False,False,True,lower_bound,-0.07517213400367803,-0.1572459174903711,19,79
190,36,False,False,True,midpoint,-0.07517213400367803,-0.11845305509475179,19,80
190,36,False,False,True,midpoint_with_inhaler,-0.07517213400367803,-0.11845305509475179,19,81
190,36,False,False,True,upper_bound,-0.07517213400367803,-0.09118446186567014,19,82
190,36,False,False,True,upper_bound_with_inhaler,-0.07517213400367803,-0.09118446186567014,19,83
190,36,True,False,False,one_hot,0.8458380053355355,0.8458380053355362,19,84
190,36,True,False,False,lower_bound,0.8458380053355355,0.8458380053355362,19,85
190,36,True,False,False,midpoint,0.8458380053355355,0.8458380053355355,19,86
190,36,True,False,False,midpoint_with_inhaler,0.8458380053355355,0.8458380053355355,19,87
190,36,True,False,False,upper_bound,0.8458380053355355,0.8458380053355362,19,88
190,36,True,False,False,upper_bound_with_inhaler,0.8458380053355355,0.8458380053355362,19,89
190,36,True,False,True,one_hot,0.8458380053355355,0.8458380053355362,19,90
190,36,True,False,True,lower_bound,0.8458380053355355,0.8458380053355362,19,91
190,36,True,False,True,midpoint,0.8458380053355355,0.8458380053355355,19,92
190,36,True,False,True,midpoint_with_inhaler,0.8458380053355355,0.8458380053355355,19,93
190,36,True,False,True,upper_bound,0.8458380053355355,0.8458380053355362,19,94
190,36,True,False,True,upper_bound_with_inhaler,0.8458380053355355,0.8458380053355362,19,95
190,48,False,False,False,one_hot,0.253762289053812,0.25376228905381204,19,96
190,48,False,False,False,lower_bound,0.4168608150293321,0.4011818323369954,19,97
190,48,False,False,False,midpoint,0.4168608150293321,0.4136357923453597,19,98
190,48,False,False,False,midpoint_with_inhaler,0.4168608150293321,0.4136357923453597,19,99
190,48,False,False,False,upper_bound,0.4168608150293321,0.41700619469139805,19,100
190,48,False,False,False,upper_bound_with_inhaler,0.4168608150293321,0.41700619469139805,19,101
190,48,False,False,True,one_hot,0.253762289053812,0.25376228905381204,19,102
190,48,False,False,True,lower_bound,0.4168608150293321,0.4011818323369954,19,103
190,48,False,False,True,midpoint,0.4168608150293321,0.4136357923453597,19,104
190,48,False,False,True,midpoint_with_inhaler,0.4168608150293321,0.4136357923453597,19,105
190,48,False,False,True,upper_bound,0.4168608150293321,0.41700619469139805,19,106
190,48,False,False,True,upper_bound_with_inhaler,0.4168608150293321,0.41700619469139805,19,107
190,48,False,True,False,one_hot,0.16894900691031137,0.16894900691031137,19,108
190,48,False,True,False,lower_bound,0.16894900691031137,0.16894900691031137,19,109
190,48,False,True,False,midpoint,0.16894900691031137,0.16894900691031142,19,110
190,48,False,True,False,midpoint_with_inhaler,0.16894900691031137,0.16894900691031142,19,111
190,48,False,True,False,upper_bound,0.16894900691031137,0.16894900691031137,19,112
190,48,False,True,False,upper_bound_with_inhaler,0.16894900691031137,0.16894900691031137,19,113
190,48,False,True,True,one_hot,0.16894900691031137,0.16894900691031137,19,114
190,48,False,True,True,lower_bound,0.16894900691031137,0.16894900691031137,19,115
190,48,False,True,True,midpoint,0.16894900691031137,0.16894900691031142,19,116
190,48,False,True,True,midpoint_with_inhaler,0.16894900691031137,0.16894900691031142,19,117
190,48,False,True,True,upper_bound,0.16894900691031137,0.16894900691031137,19,118
190,48,False,True,True,upper_bound_with_inhaler,0.16894900691031137,0.16894900691031137,19,119
190,48,True,False,False,one_hot,0.2688725760190977,0.26887257601909775,19,120
190,48,True,False,False,lower_bound,0.2688725760190977,0.26887257601909775,19,121
190,48,True,False,False,midpoint,0.2688725760190977,0.2688725760190976,19,122
190,48,True,False,False,midpoint_with_inhaler,0.2688725760190977,0.2688725760190976,19,123
190,48,True,False,False,upper_bound,0.2688725760190977,0.26887257601909775,19,124
190,48,True,False,False,upper_bound_with_inhaler,0.2688725760190977,0.26887257601909775,19,125
190,48,True,False,True,one_hot,0.2688725760190977,0.26887257601909775,19,126
190,48,True,False,True,lower_bound,0.2688725760190977,0.26887257601909775,19,127
190,48,True,False,True,midpoint,0.2688725760190977,0.2688725760190976,19,128
190,48,True,False,True,midpoint_with_inhaler,0.2688725760190977,0.2688725760190976,19,129
190,48,True,False,True,upper_bound,0.2688725760190977,0.26887257601909775,19,130
190,48,True,False,True,upper_bound_with_inhaler,0.2688725760190977,0.26887257601909775,19,131
294,12,False,False,False,one_hot,-0.02534015203822226,-0.025340152038222256,173,0
294,12,False,False,False,lower_bound,0.3229776198750768,0.32285352774502857,173,1
294,12,False,False,False,midpoint,0.3229776198750768,0.3257404505863435,173,2
294,12,False,False,False,midpoint_with_inhaler,0.3229776198750768,0.3257404505863435,173,3
294,12,False,False,False,upper_bound,0.3229776198750768,0.32381274663011433,173,4
294,12,False,False,False,upper_bound_with_inhaler,0.3229776198750768,0.32381274663011433,173,5
294,12,False,False,True,one_hot,-0.02534015203822226,-0.025340152038222256,173,6
294,12,False,False,True,lower_bound,0.3229776198750768,0.32285352774502857,173,7
294,12,False,False,True,midpoint,0.3229776198750768,0.3257404505863435,173,8
294,12,False,False,True,midpoint_with_inhaler,0.3229776198750768,0.3257404505863435,173,9
294,12,False,False,True,upper_bound,0.3229776198750768,0.32381274663011433,173,10
294,12,False,False,True,upper_bound_with_inhaler,0.3229776198750768,0.32381274663011433,173,11
294,12,False,True,False,one_hot,,,173,12
294,12,False,True,False,lower_bound,0.5102143189448771,0.45761111265926313,173,13
294,12,False,True,False,midpoint,0.5102143189448771,0.48468324206747065,173,14
294,12,False,True,False,midpoint_with_inhaler,0.5102143189448771,0.48468324206747065,173,15
294,12,False,True,False,upper_bound,0.5102143189448771,0.49715249219046054,173,16
294,12,False,True,False,upper_bound_with_inhaler,0.5102143189448771,0.49715249219046054,173,17
294,12,False,True,True,one_hot,,,173,18
294,12,False,True,True,lower_bound,0.5102143189448771,0.45761111265926313,173,19
294,12,False,True,True,midpoint,0.5102143189448771,0.48468324206747065,173,20
294,12,False,True,True,midpoint_with_inhaler,0.5102143189448771,0.48468324206747065,173,21
294,12,False,True,True,upper_bound,0.5102143189448771,0.49715249219046054,173,22
294,12,False,True,True,upper_bound_with_inhaler,0.5102143189448771,0.49715249219046054,173,23
294,12,True,False,False,one_hot,,,173,24
294,12,True,False,False,lower_bound,0.5143824014206413,0.4658273782688562,173,25
294,12,True,False,False,midpoint,0.5143824014206413,0.4959963764094623,173,26
294,12,True,False,False,midpoint_with_inhaler,0.5143824014206413,0.4951783618049159,173,27
294,12,True,False,False,upper_bound,0.5137899503942185,0.5079415029878516,173,28
294,12,True,False,False,upper_bound_with_inhaler,0.5143824014206413,0.5072063640532842,173,29
294,12,True,False,True,one_hot,,,173,30
294,12,True,False,True,lower_bound,0.5143824014206413,0.4658273782688562,173,31
294,12,True,False,True,midpoint,0.5143824014206413,0.4959963764094623,173,32
294,12,True,False,True,midpoint_with_inhaler,0.5143824014206413,0.4951783618049159,173,33
294,12,True,False,True,upper_bound,0.5137899503942185,0.5079415029878516,173,34
294,12,True,False,True,upper_bound_with_inhaler,0.5143824014206413,0.5072063640532842,173,35
294,24,False,False,False,one_hot,,,173,36
294,24,False,False,False,lower_bound,0.6679840528355838,0.645705532684424,173,37
294,24,False,False,False,midpoint,0.6679840528355838,0.6560726213402902,173,38
294,24,False,False,False,midpoint_with_inhaler,0.6679840528355838,0.6585568258384659,173,39
294,24,False,False,False,upper_bound,0.6639483991405515,0.6465333233997678,173,40
294,24,False,False,False,upper_bound_with_inhaler,0.6679840528355838,0.65574129615295,173,41
294,24,False,False,True,one_hot,,,173,42
294,24,False,False,True,lower_bound,0.6679840528355838,0.645705532684424,173,43
294,24,False,False,True,midpoint,0.6679840528355838,0.6560726213402902,173,44
294,24,False,False,True,midpoint_with_inhaler,0.6679840528355838,0.6585568258384659,173,45
294,24,False,False,True,upper_bound,0.6639483991405515,0.6465333233997678,173,46
294,24,False,False,True,upper_bound_with_inhaler,0.6679840528355838,0.65574129615295,173,47
294,24,False,True,False,one_hot,,,173,48
294,24,False,True,False,lower_bound,0.4860865545840549,0.4597093038695751,173,49
294,24,False,True,False,midpoint,0.4860865545840549,0.4774785544146143,173,50
294,24,False,True,False,midpoint_with_inhaler,0.4860865545840549,0.4774785544146143,173,51
294,24,False,True,False,upper_bound,0.4860865545840549,0.48485777100797434,173,52
294,24,False,True,False,upper_bound_with_inhaler,0.4860865545840549,0.48485777100797434,173,53
294,24,False,True,True,one_hot,,,173,54
294,24,False,True,True,lower_bound,0.4860865545840549,0.4597093038695751,173,55
294,24,False,True,True,midpoint,0.4860865545840549,0.4774785544146143,173,56
294,24,False,True,True,midpoint_with_inhaler,0.4860865545840549,0.4774785544146143,173,57
294,24,False,True,True,upper_bound,0.4860865545840549,0.48485777100797434,173,58
294,24,False,True,True,upper_bound_with_inhaler,0.4860865545840549,0.48485777100797434,173,59
294,24,True,False,False,one_hot,,,173,60
294,24,True,False,False,lower_bound,0.6295356532848804,0.6167340174857435,173,61
294,24,True,False,False,midpoint,0.6295356532848804,0.620604674748944,173,62
294,24,True,False,False,midpoint_with_inhaler,0.6295356532848804,0.6241117410022154,173,63
294,24,True,False,False,upper_bound,0.6256451242791139,0.6074375820052161,173,64
294,24,True,False,False,upper_bound_with_inhaler,0.6295356532848804,0.6175010088161517,173,65
294,24,True,False,True,one_hot,,,173,66
294,24,True,False,True,lower_bound,0.6295356532848804,0.6167340174857435,173,67
294,24,True,False,True,midpoint,0.6295356532848804,0.620604674748944,173,68
294,24,True,False,True,midpoint_with_inhaler,0.6295356532848804,0.6241117410022154,173,69
294,24,True,False,True,upper_bound,0.6256451242791139,0.6074375820052161,173,70
294,24,True,False,True,upper_bound_with_inhaler,0.6295356532848804,0.6175010088161517,173,71
294,36,False,False,False,one_hot,,,173,72
294,36,False,False,False,lower_bound,0.45309248004584135,0.4450359989347799,173,73
294,36,False,False,False,midpoint,0.45309248004584135,0.4658878222122187,173,74
294,36,False,False,False,midpoint_with_inhaler,0.45309248004584135,0.46064229228402737,173,75
294,36,False,False,False,upper_bound,0.4316932676881749,0.46601466093709093,173,76
294,36,False,False,False,upper_bound_with_inhaler,0.45309248004584135,0.4342020923474582,173,77
294,36,False,False,True,one_hot,,,173,78
294,36,False,False,True,lower_bound,0.45309248004584135,0.4450359989347799,173,79
294,36,False,False,True,midpoint,0.45309248004584135,0.4658878222122187,173,80
294,36,False,False,True,midpoint_with_inhaler,0.45309248004584135,0.46064229228402737,173,81
294,36,False,False,True,upper_bound,0.4316932676881749,0.46601466093709093,173,82
294,36,False,False,True,upper_bound_with_inhaler,0.45309248004584135,0.4342020923474582,173,83
294,36,True,False,False,one_hot,,,173,84
294,36,True,False,False,lower_bound,0.40420897738566236,0.382109152824806,173,85
294,36,True,False,False,midpoint,0.40420897738566236,0.3990930958875458,173,86
294,36,True,False,False,midpoint_with_inhaler,0.40420897738566236,0.4012209820636311,173,87
294,36,True,False,False,upper_bound,0.40151881809868945,0.4089531832924578,173,88
294,36,True,False,False,upper_bound_with_inhaler,0.40420897738566236,0.4159258197800536,173,89
294,36,True,False,True,one_hot,,,173,90
294,36,True,False,True,lower_bound,0.40420897738566236,0.382109152824806,173,91
294,36,True,False,True,midpoint,0.40420897738566236,0.3990930958875458,173,92
294,36,True,False,True,midpoint_with_inhaler,0.40420897738566236,0.4012209820636311,173,93
294,36,True,False,True,upper_bound,0.40151881809868945,0.4089531832924578,173,94
294,36,True,False,True,upper_bound_with_inhaler,0.40420897738566236,0.4159258197800536,173,95
294,48,False,False,False,one_hot,,,173,96
294,48,False,False,False,lower_bound,0.7488700972669114,0.7371467847706483,173,97
294,48,False,False,False,midpoint,0.7488700972669114,0.7201013990982617,173,98
294,48,False,False,False,midpoint_with_inhaler,0.7488700972669114,0.7487925856133042,173,99
294,48,False,False,False,upper_bound,0.68402802665272,0.6391684885614644,173,100
294,48,False,False,False,upper_bound_with_inhaler,0.7488700972669114,0.7064425490381064,173,101
294,48,False,False,True,one_hot,,,173,102
294,48,False,False,True,lower_bound,0.7488700972669114,0.7371467847706483,173,103
294,48,False,False,True,midpoint,0.7488700972669114,0.7201013990982617,173,104
294,48,False,False,True,midpoint_with_inhaler,0.7488700972669114,0.7487925856133042,173,105
294,48,False,False,True,upper_bound,0.68402802665272,0.6391684885614644,173,106
294,48,False,False,True,upper_bound_with_inhaler,0.7488700972669114,0.7064425490381064,173,107
294,48,False,True,False,one_hot,,,173,108
294,48,False,True,False,lower_bound,0.27876965657835634,0.2760932594361649,173,109
294,48,False,True,False,midpoint,0.27876965657835634,0.28144827115279003,173,110
294,48,False,True,False,midpoint_with_inhaler,0.27876965657835634,0.28144827115279003,173,111
294,48,False,True,False,upper_bound,0.27876965657835634,0.280670357298901,173,112
294,48,False,True,False,upper_bound_with_inhaler,0.27876965657835634,0.280670357298901,173,113
294,48,False,True,True,one_hot,,,173,114
294,48,False,True,True,lower_bound,0.27876965657835634,0.2760932594361649,173,115
294,48,False,True,True,midpoint,0.27876965657835634,0.28144827115279003,173,116
294,48,False,True,True,midpoint_with_inhaler,0.27876965657835634,0.28144827115279003,173,117
294,48,False,True,True,upper_bound,0.27876965657835634,0.280670357298901,173,118
294,48,False,True,True,upper_bound_with_inhaler,0.27876965657835634,0.280670357298901,173,119
294,48,True,False,False,one_hot,,,173,120
294,48,True,False,False,lower_bound,0.38753927544808514,0.3451976015503726,173,121
294,48,True,False,False,midpoint,0.38753927544808514,0.3734937155128652,173,122
294,48,True,False,False,midpoint_with_inhaler,0.38753927544808514,0.37200435238875484,173,123
294,48,True,False,False,upper_bound,0.3860076808414318,0.3825253498532108,173,124
294,48,True,False,False,upper_bound_with_inhaler,0.38753927544808514,0.38396081824548883,173,125
294,48,True,False,True,one_hot,,,173,126
294,48,True,False,True,lower_bound,0.38753927544808514,0.3451976015503726,173,127
294,48,True,False,True,midpoint,0.38753927544808514,0.3734937155128652,173,128
294,48,True,False,True,midpoint_with_inhaler,0.38753927544808514,0.37200435238875484,173,129
294,48,True,False,True,upper_bound,0.3860076808414318,0.3825253498532108,173,130
294,48,True,False,True,upper_bound_with_inhaler,0.38753927544808514,0.38396081824548883,173,131
328,12,False,False,False,one_hot,0.641154939730282,0.641154939730282,17,0
328,12,False,False,False,lower_bound,0.5675188211063082,0.14492268453058216,17,1
328,12,False,False,False,midpoint,0.5675188211063082,0.17942606031601852,17,2
328,12,False,False,False,midpoint_with_inhaler,0.5675188211063082,0.17942606031601852,17,3
328,12,False,False,False,upper_bound,0.5675188211063082,0.20045665114240704,17,4
328,12,False,False,False,upper_bound_with_inhaler,0.5675188211063082,0.20045665114240704,17,5
328,12,False,False,True,one_hot,0.641154939730282,0.641154939730282,17,6
328,12,False,False,True,lower_bound,0.5675188211063082,0.14492268453058216,17,7
328,12,False,False,True,midpoint,0.5675188211063082,0.17942606031601852,17,8
328,12,False,False,True,midpoint_with_inhaler,0.5675188211063082,0.17942606031601852,17,9
328,12,False,False,True,upper_bound,0.5675188211063082,0.20045665114240704,17,10
328,12,False,False,True,upper_bound_with_inhaler,0.5675188211063082,0.20045665114240704,17,11
328,12,False,True,False,one_hot,0.40861767640633306,0.40861767640633306,17,12
328,12,False,True,False,lower_bound,0.35030968983465455,0.09154194364805601,17,13
328,12,False,True,False,midpoint,0.35030968983465455,0.11810949303390353,17,14
328,12,False,True,False,midpoint_with_inhaler,0.35030968983465455,0.11810949303390353,17,15
328,12,False,True,False,upper_bound,0.35030968983465455,0.13413199329733966,17,16
328,12,False,True,False,upper_bound_with_inhaler,0.35030968983465455,0.13413199329733966,17,17
328,12,False,True,True,one_hot,0.40861767640633306,0.40861767640633306,17,18
328,12,False,True,True,lower_bound,0.35030968983465455,0.09154194364805601,17,19
328,12,False,True,True,midpoint,0.35030968983465455,0.11810949303390353,17,20
328,12,False,True,True,midpoint_with_inhaler,0.35030968983465455,0.11810949303390353,17,21
328,12,False,True,True,upper_bound,0.35030968983465455,0.13413199329733966,17,22
328,12,False,True,True,upper_bound_with_inhaler,0.35030968983465455,0.13413199329733966,17,23
328,12,True,False,False,one_hot,0.4678194397177004,0.46781943971770057,17,24
328,12,True,False,False,lower_bound,0.407136748606583,0.10916362267706378,17,25
328,12,True,False,False,midpoint,0.407136748606583,0.13815190612589662,17,26
328,12,True,False,False,midpoint_with_inhaler,0.407136748606583,0.13815190612589662,17,27
328,12,True,False,False,upper_bound,0.407136748606583,0.15566111481842893,17,28
328,12,True,False,False,upper_bound_with_inhaler,0.407136748606583,0.15566111481842893,17,29
328,12,True,False,True,one_hot,0.4678194397177004,0.46781943971770057,17,30
328,12,True,False,True,lower_bound,0.407136748606583,0.10916362267706378,17,31
328,12,True,False,True,midpoint,0.407136748606583,0.13815190612589662,17,32
328,12,True,False,True,midpoint_with_inhaler,0.407136748606583,0.13815190612589662,17,33
328,12,True,False,True,upper_bound,0.407136748606583,0.15566111481842893,17,34
328,12,True,False,True,upper_bound_with_inhaler,0.407136748606583,0.15566111481842893,17,35
328,24,False,False,False,one_hot,0.27651863314165614,0.27651863314165614,17,36
328,24,False,False,False,lower_bound,0.21784802012063625,0.037984577698886426,17,37
328,24,False,False,False,midpoint,0.21784802012063625,0.05786730990049288,17,38
328,24,False,False,False,midpoint_with_inhaler,0.21784802012063625,0.05786730990049288,17,39
328,24,False,False,False,upper_bound,0.21784802012063625,0.06995692902927211,17,40
328,24,False,False,False,upper_bound_with_inhaler,0.21784802012063625,0.06995692902927211,17,41
328,24,False,False,True,one_hot,0.27651863314165614,0.27651863314165614,17,42
328,24,False,False,True,lower_bound,0.21784802012063625,0.037984577698886426,17,43
328,24,False,False,True,midpoint,0.21784802012063625,0.05786730990049288,17,44
328,24,False,False,True,midpoint_with_inhaler,0.21784802012063625,0.05786730990049288,17,45
328,24,False,False,True,upper_bound,0.21784802012063625,0.06995692902927211,17,46
328,24,False,False,True,upper_bound_with_inhaler,0.21784802012063625,0.06995692902927211,17,47
328,24,False,True,False,one_hot,0.06555913024741908,0.06555913024741908,17,48
328,24,False,True,False,lower_bound,0.06555913024741908,0.06555913024741908,17,49
328,24,False,True,False,midpoint,0.06555913024741908,0.06555913024741908,17,50
328,24,False,True,False,midpoint_with_inhaler,0.06555913024741908,0.06555913024741908,17,51
328,24,False,True,False,upper_bound,0.06555913024741908,0.06555913024741908,17,52
328,24,False,True,False,upper_bound_with_inhaler,0.06555913024741908,0.06555913024741908,17,53
328,24,False,True,True,one_hot,0.06555913024741908,0.06555913024741908,17,54
328,24,False,True,True,lower_bound,0.06555913024741908,0.06555913024741908,17,55
328,24,False,True,True,midpoint,0.06555913024741908,0.06555913024741908,17,56
328,24,False,True,True,midpoint_with_inhaler,0.06555913024741908,0.06555913024741908,17,57
328,24,False,True,True,upper_bound,0.06555913024741908,0.06555913024741908,17,58
328,24,False,True,True,upper_bound_with_inhaler,0.06555913024741908,0.06555913024741908,17,59
328,24,True,False,False,one_hot,0.40861767640633306,0.40861767640633306,17,60
328,24,True,False,False,lower_bound,0.35030968983465455,0.09154194364805601,17,61
328,24,True,False,False,midpoint,0.35030968983465455,0.11810949303390353,17,62
328,24,True,False,False,midpoint_with_inhaler,0.35030968983465455,0.11810949303390353,17,63
328,24,True,False,False,upper_bound,0.35030968983465455,0.13413199329733966,17,64
328,24,True,False,False,upper_bound_with_inhaler,0.35030968983465455,0.13413199329733966,17,65
328,24,True,False,True,one_hot,0.40861767640633306,0.40861767640633306,17,66
328,24,True,False,True,lower_bound,0.35030968983465455,0.09154194364805601,17,67
328,24,True,False,True,midpoint,0.35030968983465455,0.11810949303390353,17,68
328,24,True,False,True,midpoint_with_inhaler,0.35030968983465455,0.11810949303390353,17,69
328,24,True,False,True,upper_bound,0.35030968983465455,0.13413199329733966,17,70
328,24,True,False,True,upper_bound_with_inhaler,0.35030968983465455,0.13413199329733966,17,71
328,36,False,False,False,one_hot,0.2053880046330666,0.20538800463306664,17,72
328,36,False,False,False,lower_bound,0.0881827627174145,-0.03634962204373326,17,73
328,36,False,False,False,midpoint,0.0881827627174145,-0.014378693928357724,17,74
328,36,False,False,False,midpoint_with_inhaler,0.0881827627174145,-0.014378693928357724,17,75
328,36,False,False,False,upper_bound,0.0881827627174145,-1.3877787807814457e-17,17,76
328,36,False,False,False,upper_bound_with_inhaler,0.0881827627174145,-1.3877787807814457e-17,17,77
328,36,False,False,True,one_hot,0.2053880046330666,0.20538800463306664,17,78
328,36,False,False,True,lower_bound,0.0881827627174145,-0.03634962204373326,17,79
328,36,False,False,True,midpoint,0.0881827627174145,-0.014378693928357724,17,80
328,36,False,False,True,midpoint_with_inhaler,0.0881827627174145,-0.014378693928357724,17,81
328,36,False,False,True,upper_bound,0.0881827627174145,-1.3877787807814457e-17,17,82
328,36,False,False,True,upper_bound_with_inhaler,0.0881827627174145,-1.3877787807814457e-17,17,83
328,36,True,False,False,one_hot,-0.021519895527224706,-0.021519895527224647,17,84
328,36,True,False,False,lower_bound,-0.021519895527224706,-0.021519895527224647,17,85
328,36,True,False,False,midpoint,-0.021519895527224706,-0.021519895527224733,17,86
328,36,True,False,False,midpoint_with_inhaler,-0.021519895527224706,-0.021519895527224733,17,87
328,36,True,False,False,upper_bound,-0.021519895527224706,-0.021519895527224647,17,88
328,36,True,False,False,upper_bound_with_inhaler,-0.021519895527224706,-0.021519895527224647,17,89
328,36,True,False,True,one_hot,-0.021519895527224706,-0.021519895527224647,17,90
328,36,True,False,True,lower_bound,-0.021519895527224706,-0.021519895527224647,17,91
328,36,True,False,True,midpoint,-0.021519895527224706,-0.021519895527224733,17,92
328,36,True,False,True,midpoint_with_inhaler,-0.021519895527224706,-0.021519895527224733,17,93
328,36,True,False,True,upper_bound,-0.021519895527224706,-0.021519895527224647,17,94
328,36,True,False,True,upper_bound_with_inhaler,-0.021519895527224706,-0.021519895527224647,17,95
328,48,False,False,False,one_hot,0.17066884146429792,0.17066884146429792,17,96
328,48,False,False,False,lower_bound,0.10093485547943641,-0.020351732571978646,17,97
328,48,False,False,False,midpoint,0.10093485547943641,-0.007860543813804584,17,98
328,48,False,False,False,midpoint_with_inhaler,0.10093485547943641,-0.007860543813804584,17,99
328,48,False,False,False,upper_bound,0.10093485547943641,0.0,17,100
328,48,False,False,False,upper_bound_with_inhaler,0.10093485547943641,0.0,17,101
328,48,False,False,True,one_hot,0.17066884146429792,0.17066884146429792,17,102
328,48,False,False,True,lower_bound,0.10093485547943641,-0.020351732571978646,17,103
328,48,False,False,True,midpoint,0.10093485547943641,-0.007860543813804584,17,104
328,48,False,False,True,midpoint_with_inhaler,0.10093485547943641,-0.007860543813804584,17,105
328,48,False,False,True,upper_bound,0.10093485547943641,0.0,17,106
328,48,False,False,True,upper_bound_with_inhaler,0.10093485547943641,0.0,17,107
328,48,False,True,False,one_hot,0.5418846257365839,0.541884625736584,17,108
328,48,False,True,False,lower_bound,0.5418846257365839,0.541884625736584,17,109
328,48,False,True,False,midpoint,0.5418846257365839,0.5418846257365837,17,110
328,48,False,True,False,midpoint_with_inhaler,0.5418846257365839,0.5418846257365837,17,111
328,48,False,True,False,upper_bound,0.5418846257365839,0.541884625736584,17,112
328,48,False,True,False,upper_bound_with_inhaler,0.5418846257365839,0.541884625736584,17,113
328,48,False,True,True,one_hot,0.5418846257365839,0.541884625736584,17,114
328,48,False,True,True,lower_bound,0.5418846257365839,0.541884625736584,17,115
328,48,False,True,True,midpoint,0.5418846257365839,0.5418846257365837,17,116
328,48,False,True,True,midpoint_with_inhaler,0.5418846257365839,0.5418846257365837,17,117
328,48,False,True,True,upper_bound,0.5418846257365839,0.541884625736584,17,118
328,48,False,True,True,upper_bound_with_inhaler,0.5418846257365839,0.541884625736584,17,119
328,48,True,False,False,one_hot,0.11284318271571434,0.1128431827157144,17,120
328,48,True,False,False,lower_bound,0.11284318271571434,0.1128431827157144,17,121
328,48,True,False,False,midpoint,0.11284318271571434,0.11284318271571434,17,122
328,48,True,False,False,midpoint_with_inhaler,0.11284318271571434,0.11284318271571434,17,123
328,48,True,False,False,upper_bound,0.11284318271571434,0.1128431827157144,17,124
328,48,True,False,False,upper_bound_with_inhaler,0.11284318271571434,0.1128431827157144,17,125
328,48,True,False,True,one_hot,0.11284318271571434,0.1128431827157144,17,126
328,48,True,False,True,lower_bound,0.11284318271571434,0.1128431827157144,17,127
328,48,True,False,True,midpoint,0.11284318271571434,0.11284318271571434,17,128
328,48,True,False,True,midpoint_with_inhaler,0.11284318271571434,0.11284318271571434,17,129
328,48,True,False,True,upper_bound,0.11284318271571434,0.1128431827157144,17,130
328,48,True,False,True,upper_bound_with_inhaler,0.11284318271571434,0.1128431827157144,17,131
343,12,False,False,False,one_hot,0.3447569000816781,0.34475690008167814,93,0
343,12,False,False,False,lower_bound,0.3447569000816781,0.34475690008167814,93,1
343,12,False,False,False,midpoint,0.3447569000816781,0.34475690008167803,93,2
343,12,False,False,False,midpoint_with_inhaler,0.3447569000816781,0.34475690008167803,93,3
343,12,False,False,False,upper_bound,0.3447569000816781,0.34475690008167814,93,4
343,12,False,False,False,upper_bound_with_inhaler,0.3447569000816781,0.34475690008167814,93,5
343,12,False,False,True,one_hot,0.3447569000816781,0.34475690008167814,93,6
343,12,False,False,True,lower_bound,0.3447569000816781,0.34475690008167814,93,7
343,12,False,False,True,midpoint,0.3447569000816781,0.34475690008167803,93,8
343,12,False,False,True,midpoint_with_inhaler,0.3447569000816781,0.34475690008167803,93,9
343,12,False,False,True,upper_bound,0.3447569000816781,0.34475690008167814,93,10
343,12,False,False,True,upper_bound_with_inhaler,0.3447569000816781,0.34475690008167814,93,11
343,12,False,True,False,one_hot,0.6801127272458561,0.6801127272458561,93,12
343,12,False,True,False,lower_bound,0.6801127272458561,0.6801127272458561,93,13
343,12,False,True,False,midpoint,0.6801127272458561,0.6801127272458561,93,14
343,12,False,True,False,midpoint_with_inhaler,0.6801127272458561,0.6801127272458561,93,15
343,12,False,True,False,upper_bound,0.6801127272458561,0.6801127272458561,93,16
343,12,False,True,False,upper_bound_with_inhaler,0.6801127272458561,0.6801127272458561,93,17
343,12,False,True,True,one_hot,0.6801127272458561,0.6801127272458561,93,18
343,12,False,True,True,lower_bound,0.6801127272458561,0.6801127272458561,93,19
343,12,False,True,True,midpoint,0.6801127272458561,0.6801127272458561,93,20
343,12,False,True,True,midpoint_with_inhaler,0.6801127272458561,0.6801127272458561,93,21
343,12,False,True,True,upper_bound,0.6801127272458561,0.6801127272458561,93,22
343,12,False,True,True,upper_bound_with_inhaler,0.6801127272458561,0.6801127272458561,93,23
343,12,True,False,False,one_hot,0.5254589079679458,0.5254589079679461,93,24
343,12,True,False,False,lower_bound,0.5254589079679458,0.5254589079679461,93,25
343,12,True,False,False,midpoint,0.5254589079679458,0.5254589079679459,93,26
343,12,True,False,False,midpoint_with_inhaler,0.5254589079679458,0.5254589079679459,93,27
343,12,True,False,False,upper_bound,0.5254589079679458,0.5254589079679461,93,28
343,12,True,False,False,upper_bound_with_inhaler,0.5254589079679458,0.5254589079679461,93,29
343,12,True,False,True,one_hot,0.5254589079679458,0.5254589079679461,93,30
343,12,True,False,True,lower_bound,0.5254589079679458,0.5254589079679461,93,31
343,12,True,False,True,midpoint,0.5254589079679458,0.5254589079679459,93,32
343,12,True,False,True,midpoint_with_inhaler,0.5254589079679458,0.5254589079679459,93,33
343,12,True,False,True,upper_bound,0.5254589079679458,0.5254589079679461,93,34
343,12,True,False,True,upper_bound_with_inhaler,0.5254589079679458,0.5254589079679461,93,35
343,24,False,False,False,one_hot,0.18298932698357143,0.1829893269835714,93,36
343,24,False,False,False,lower_bound,0.19622093166759266,0.23327354840117945,93,37
343,24,False,False,False,midpoint,0.19622093166759266,0.22125059016307624,93,38
343,24,False,False,False,midpoint_with_inhaler,0.19622093166759266,0.22125059016307624,93,39
343,24,False,False,False,upper_bound,0.19622093166759266,0.21351324673353006,93,40
343,24,False,False,False,upper_bound_with_inhaler,0.19622093166759266,0.21351324673353006,93,41
343,24,False,False,True,one_hot,0.18298932698357143,0.1829893269835714,93,42
343,24,False,False,True,lower_bound,0.19622093166759266,0.23327354840117945,93,43
343,24,False,False,True,midpoint,0.19622093166759266,0.22125059016307624,93,44
343,24,False,False,True,midpoint_with_inhaler,0.19622093166759266,0.22125059016307624,93,45
343,24,False,False,True,upper_bound,0.19622093166759266,0.21351324673353006,93,46
343,24,False,False,True,upper_bound_with_inhaler,0.19622093166759266,0.21351324673353006,93,47
343,24,False,True,False,one_hot,0.1620540549502877,0.1620540549502877,93,48
343,24,False,True,False,lower_bound,0.1620540549502877,0.1620540549502877,93,49
343,24,False,True,False,midpoint,0.1620540549502877,0.1620540549502877,93,50
343,24,False,True,False,midpoint_with_inhaler,0.1620540549502877,0.1620540549502877,93,51
343,24,False,True,False,upper_bound,0.1620540549502877,0.1620540549502877,93,52
343,24,False,True,False,upper_bound_with_inhaler,0.1620540549502877,0.1620540549502877,93,53
343,24,False,True,True,one_hot,0.1620540549502877,0.1620540549502877,93,54
343,24,False,True,True,lower_bound,0.1620540549502877,0.1620540549502877,93,55
343,24,False,True,True,midpoint,0.1620540549502877,0.1620540549502877,93,56
343,24,False,True,True,midpoint_with_inhaler,0.1620540549502877,0.1620540549502877,93,57
343,24,False,True,True,upper_bound,0.1620540549502877,0.1620540549502877,93,58
343,24,False,True,True,upper_bound_with_inhaler,0.1620540549502877,0.1620540549502877,93,59
343,24,True,False,False,one_hot,0.3238353925016116,0.3238353925016116,93,60
343,24,True,False,False,lower_bound,0.3353263882598451,0.35942301064569926,93,61
343,24,True,False,False,midpoint,0.3353263882598451,0.3543709007019716,93,62
343,24,True,False,False,midpoint_with_inhaler,0.3353263882598451,0.3543709007019716,93,63
343,24,True,False,False,upper_bound,0.3353263882598451,0.3495027831859454,93,64
343,24,True,False,False,upper_bound_with_inhaler,0.3353263882598451,0.3495027831859454,93,65
343,24,True,False,True,one_hot,0.3238353925016116,0.3238353925016116,93,66
343,24,True,False,True,lower_bound,0.3353263882598451,0.35942301064569926,93,67
343,24,True,False,True,midpoint,0.3353263882598451,0.3543709007019716,93,68
343,24,True,False,True,midpoint_with_inhaler,0.3353263882598451,0.3543709007019716,93,69
343,24,True,False,True,upper_bound,0.3353263882598451,0.3495027831859454,93,70
343,24,True,False,True,upper_bound_with_inhaler,0.3353263882598451,0.3495027831859454,93,71
343,36,False,False,False,one_hot,0.23727480580371824,0.23727480580371824,93,72
343,36,False,False,False,lower_bound,0.25004355699287184,0.28211397468603666,93,73
343,36,False,False,False,midpoint,0.25004355699287184,0.272630021698456,93,74
343,36,False,False,False,midpoint_with_inhaler,0.25004355699287184,0.272630021698456,93,75
343,36,False,False,False,upper_bound,0.25004355699287184,0.26594408462857183,93,76
343,36,False,False,False,upper_bound_with_inhaler,0.25004355699287184,0.26594408462857183,93,77
343,36,False,False,True,one_hot,0.23727480580371824,0.23727480580371824,93,78
343,36,False,False,True,lower_bound,0.25004355699287184,0.28211397468603666,93,79
343,36,False,False,True,midpoint,0.25004355699287184,0.272630021698456,93,80
343,36,False,False,True,midpoint_with_inhaler,0.25004355699287184,0.272630021698456,93,81
343,36,False,False,True,upper_bound,0.25004355699287184,0.26594408462857183,93,82
343,36,False,False,True,upper_bound_with_inhaler,0.25004355699287184,0.26594408462857183,93,83
343,36,True,False,False,one_hot,0.022911607126316236,0.022911607126316375,93,84
343,36,True,False,False,lower_bound,0.022911607126316236,0.022911607126316375,93,85
343,36,True,False,False,midpoint,0.022911607126316236,0.022911607126316274,93,86
343,36,True,False,False,midpoint_with_inhaler,0.022911607126316236,0.022911607126316274,93,87
343,36,True,False,False,upper_bound,0.022911607126316236,0.022911607126316375,93,88
343,36,True,False,False,upper_bound_with_inhaler,0.022911607126316236,0.022911607126316375,93,89
343,36,True,False,True,one_hot,0.022911607126316236,0.022911607126316375,93,90
343,36,True,False,True,lower_bound,0.022911607126316236,0.022911607126316375,93,91
343,36,True,False,True,midpoint,0.022911607126316236,0.022911607126316274,93,92
343,36,True,False,True,midpoint_with_inhaler,0.022911607126316236,0.022911607126316274,93,93
343,36,True,False,True,upper_bound,0.022911607126316236,0.022911607126316375,93,94
343,36,True,False,True,upper_bound_with_inhaler,0.022911607126316236,0.022911607126316375,93,95
343,48,False,False,False,one_hot,0.20829473875912932,0.2082947387591294,93,96
343,48,False,False,False,lower_bound,0.20597736774435024,0.1805162472274082,93,97
343,48,False,False,False,midpoint,0.20597736774435024,0.19450898443874368,93,98
343,48,False,False,False,midpoint_with_inhaler,0.20597736774435024,0.19450898443874368,93,99
343,48,False,False,False,upper_bound,0.20597736774435024,0.20060037747710488,93,100
343,48,False,False,False,upper_bound_with_inhaler,0.20597736774435024,0.20060037747710488,93,101
343,48,False,False,True,one_hot,0.20829473875912932,0.2082947387591294,93,102
343,48,False,False,True,lower_bound,0.20597736774435024,0.1805162472274082,93,103
343,48,False,False,True,midpoint,0.20597736774435024,0.19450898443874368,93,104
343,48,False,False,True,midpoint_with_inhaler,0.20597736774435024,0.19450898443874368,93,105
343,48,False,False,True,upper_bound,0.20597736774435024,0.20060037747710488,93,106
343,48,False,False,True,upper_bound_with_inhaler,0.20597736774435024,0.20060037747710488,93,107
343,48,False,True,False,one_hot,0.022911607126316222,0.022911607126316316,93,108
343,48,False,True,False,lower_bound,0.022911607126316222,0.022911607126316316,93,109
343,48,False,True,False,midpoint,0.022911607126316222,0.022911607126316267,93,110
343,48,False,True,False,midpoint_with_inhaler,0.022911607126316222,0.022911607126316267,93,111
343,48,False,True,False,upper_bound,0.022911607126316222,0.022911607126316316,93,112
343,48,False,True,False,upper_bound_with_inhaler,0.022911607126316222,0.022911607126316316,93,113
343,48,False,True,True,one_hot,0.022911607126316222,0.022911607126316316,93,114
343,48,False,True,True,lower_bound,0.022911607126316222,0.022911607126316316,93,115
343,48,False,True,True,midpoint,0.022911607126316222,0.022911607126316267,93,116
343,48,False,True,True,midpoint_with_inhaler,0.022911607126316222,0.022911607126316267,93,117
343,48,False,True,True,upper_bound,0.022911607126316222,0.022911607126316316,93,118
343,48,False,True,True,upper_bound_with_inhaler,0.022911607126316222,0.022911607126316316,93,119
343,48,True,False,False,one_hot,-0.05943465037958941,-0.05943465037958944,93,120
343,48,True,False,False,lower_bound,-0.06278419129519627,-0.07386937286993521,93,121
343,48,True,False,False,midpoint,-0.06278419129519627,-0.07061988251080076,93,122
343,48,True,False,False,midpoint_with_inhaler,-0.06278419129519627,-0.07061988251080076,93,123
343,48,True,False,False,upper_bound,-0.06278419129519627,-0.06844208819947993,93,124
343,48,True,False,False,upper_bound_with_inhaler,-0.06278419129519627,-0.06844208819947993,93,125
343,48,True,False,True,one_hot,-0.05943465037958941,-0.05943465037958944,93,126
343,48,True,False,True,lower_bound,-0.06278419129519627,-0.07386937286993521,93,127
343,48,True,False,True,midpoint,-0.06278419129519627,-0.07061988251080076,93,128
343,48,True,False,True,midpoint_with_inhaler,-0.06278419129519627,-0.07061988251080076,93,129
343,48,True,False,True,upper_bound,-0.06278419129519627,-0.06844208819947993,93,130
343,48,True,False,True,upper_bound_with_inhaler,-0.06278419129519627,-0.06844208819947993,93,131
398,12,False,False,False,one_hot,0.42933080951875935,0.42933080951875946,25,0
398,12,False,False,False,lower_bound,0.42933080951875935,0.42933080951875946,25,1
398,12,False,False,False,midpoint,0.42933080951875935,0.42933080951875946,25,2
398,12,False,False,False,midpoint_with_inhaler,0.42933080951875935,0.42933080951875946,25,3
398,12,False,False,False,upper_bound,0.42933080951875935,0.42933080951875946,25,4
398,12,False,False,False,upper_bound_with_inhaler,0.42933080951875935,0.42933080951875946,25,5
398,12,False,False,True,one_hot,0.42933080951875935,0.42933080951875946,25,6
398,12,False,False,True,lower_bound,0.42933080951875935,0.42933080951875946,25,7
398,12,False,False,True,midpoint,0.42933080951875935,0.42933080951875946,25,8
398,12,False,False,True,midpoint_with_inhaler,0.42933080951875935,0.42933080951875946,25,9
398,12,False,False,True,upper_bound,0.42933080951875935,0.42933080951875946,25,10
398,12,False,False,True,upper_bound_with_inhaler,0.42933080951875935,0.42933080951875946,25,11
398,12,False,True,False,one_hot,0.010219344729000589,0.010219344729000617,25,12
398,12,False,True,False,lower_bound,0.010219344729000589,0.010219344729000617,25,13
398,12,False,True,False,midpoint,0.010219344729000589,0.01021934472900059,25,14
398,12,False,True,False,midpoint_with_inhaler,0.010219344729000589,0.01021934472900059,25,15
398,12,False,True,False,upper_bound,0.010219344729000589,0.010219344729000617,25,16
398,12,False,True,False,upper_bound_with_inhaler,0.010219344729000589,0.010219344729000617,25,17
398,12,False,True,True,one_hot,0.010219344729000589,0.010219344729000617,25,18
398,12,False,True,True,lower_bound,0.010219344729000589,0.010219344729000617,25,19
398,12,False,True,True,midpoint,0.010219344729000589,0.01021934472900059,25,20
398,12,False,True,True,midpoint_with_inhaler,0.010219344729000589,0.01021934472900059,25,21
398,12,False,True,True,upper_bound,0.010219344729000589,0.010219344729000617,25,22
398,12,False,True,True,upper_bound_with_inhaler,0.010219344729000589,0.010219344729000617,25,23
398,12,True,False,False,one_hot,0.08932388943290384,0.08932388943290377,25,24
398,12,True,False,False,lower_bound,0.08932388943290384,0.08932388943290377,25,25
398,12,True,False,False,midpoint,0.08932388943290384,0.08932388943290377,25,26
398,12,True,False,False,midpoint_with_inhaler,0.08932388943290384,0.08932388943290377,25,27
398,12,True,False,False,upper_bound,0.08932388943290384,0.08932388943290377,25,28
398,12,True,False,False,upper_bound_with_inhaler,0.08932388943290384,0.08932388943290377,25,29
398,12,True,False,True,one_hot,0.08932388943290384,0.08932388943290377,25,30
398,12,True,False,True,lower_bound,0.08932388943290384,0.08932388943290377,25,31
398,12,True,False,True,midpoint,0.08932388943290384,0.08932388943290377,25,32
398,12,True,False,True,midpoint_with_inhaler,0.08932388943290384,0.08932388943290377,25,33
398,12,True,False,True,upper_bound,0.08932388943290384,0.08932388943290377,25,34
398,12,True,False,True,upper_bound_with_inhaler,0.08932388943290384,0.08932388943290377,25,35
398,24,False,False,False,one_hot,0.3707002608294454,0.3707002608294454,25,36
398,24,False,False,False,lower_bound,0.3707002608294454,0.3707002608294454,25,37
398,24,False,False,False,midpoint,0.3707002608294454,0.3707002608294454,25,38
398,24,False,False,False,midpoint_with_inhaler,0.3707002608294454,0.3707002608294454,25,39
398,24,False,False,False,upper_bound,0.3707002608294454,0.3707002608294454,25,40
398,24,False,False,False,upper_bound_with_inhaler,0.3707002608294454,0.3707002608294454,25,41
398,24,False,False,True,one_hot,0.3707002608294454,0.3707002608294454,25,42
398,24,False,False,True,lower_bound,0.3707002608294454,0.3707002608294454,25,43
398,24,False,False,True,midpoint,0.3707002608294454,0.3707002608294454,25,44
398,24,False,False,True,midpoint_with_inhaler,0.3707002608294454,0.3707002608294454,25,45
398,24,False,False,True,upper_bound,0.3707002608294454,0.3707002608294454,25,46
398,24,False,False,True,upper_bound_with_inhaler,0.3707002608294454,0.3707002608294454,25,47
398,24,False,True,False,one_hot,0.2722247079646477,0.2722247079646477,25,48
398,24,False,True,False,lower_bound,0.2722247079646477,0.2722247079646477,25,49
398,24,False,True,False,midpoint,0.2722247079646477,0.2722247079646477,25,50
398,24,False,True,False,midpoint_with_inhaler,0.2722247079646477,0.2722247079646477,25,51
398,24,False,True,False,upper_bound,0.2722247079646477,0.2722247079646477,25,52
398,24,False,True,False,upper_bound_with_inhaler,0.2722247079646477,0.2722247079646477,25,53
398,24,False,True,True,one_hot,0.2722247079646477,0.2722247079646477,25,54
398,24,False,True,True,lower_bound,0.2722247079646477,0.2722247079646477,25,55
398,24,False,True,True,midpoint,0.2722247079646477,0.2722247079646477,25,56
398,24,False,True,True,midpoint_with_inhaler,0.2722247079646477,0.2722247079646477,25,57
398,24,False,True,True,upper_bound,0.2722247079646477,0.2722247079646477,25,58
398,24,False,True,True,upper_bound_with_inhaler,0.2722247079646477,0.2722247079646477,25,59
398,24,True,False,False,one_hot,0.5779425694068322,0.5779425694068322,25,60
398,24,True,False,False,lower_bound,0.5779425694068322,0.5779425694068322,25,61
398,24,True,False,False,midpoint,0.5779425694068322,0.5779425694068322,25,62
398,24,True,False,False,midpoint_with_inhaler,0.5779425694068322,0.5779425694068322,25,63
398,24,True,False,False,upper_bound,0.5779425694068322,0.5779425694068322,25,64
398,24,True,False,False,upper_bound_with_inhaler,0.5779425694068322,0.5779425694068322,25,65
398,24,True,False,True,one_hot,0.5779425694068322,0.5779425694068322,25,66
398,24,True,False,True,lower_bound,0.5779425694068322,0.5779425694068322,25,67
398,24,True,False,True,midpoint,0.5779425694068322,0.5779425694068322,25,68
398,24,True,False,True,midpoint_with_inhaler,0.5779425694068322,0.5779425694068322,25,69
398,24,True,False,True,upper_bound,0.5779425694068322,0.5779425694068322,25,70
398,24,True,False,True,upper_bound_with_inhaler,0.5779425694068322,0.5779425694068322,25,71
398,36,False,False,False,one_hot,1.0368551712987923,1.0368551712987926,25,72
398,36,False,False,False,lower_bound,1.0368551712987923,1.0368551712987926,25,73
398,36,False,False,False,midpoint,1.0368551712987923,1.0368551712987926,25,74
398,36,False,False,False,midpoint_with_inhaler,1.0368551712987923,1.0368551712987926,25,75
398,36,False,False,False,upper_bound,1.0368551712987923,1.0368551712987926,25,76
398,36,False,False,False,upper_bound_with_inhaler,1.0368551712987923,1.0368551712987926,25,77
398,36,False,False,True,one_hot,1.0368551712987923,1.0368551712987926,25,78
398,36,False,False,True,lower_bound,1.0368551712987923,1.0368551712987926,25,79
398,36,False,False,True,midpoint,1.0368551712987923,1.0368551712987926,25,80
398,36,False,False,True,midpoint_with_inhaler,1.0368551712987923,1.0368551712987926,25,81
398,36,False,False,True,upper_bound,1.0368551712987923,1.0368551712987926,25,82
398,36,False,False,True,upper_bound_with_inhaler,1.0368551712987923,1.0368551712987926,25,83
398,36,True,False,False,one_hot,0.3398313641010904,0.3398313641010904,25,84
398,36,True,False,False,lower_bound,0.3398313641010904,0.3398313641010904,25,85
398,36,True,False,False,midpoint,0.3398313641010904,0.3398313641010904,25,86
398,36,True,False,False,midpoint_with_inhaler,0.3398313641010904,0.3398313641010904,25,87
398,36,True,False,False,upper_bound,0.3398313641010904,0.3398313641010904,25,88
398,36,True,False,False,upper_bound_with_inhaler,0.3398313641010904,0.3398313641010904,25,89
398,36,True,False,True,one_hot,0.3398313641010904,0.3398313641010904,25,90
398,36,True,False,True,lower_bound,0.3398313641010904,0.3398313641010904,25,91
398,36,True,False,True,midpoint,0.3398313641010904,0.3398313641010904,25,92
398,36,True,False,True,midpoint_with_inhaler,0.3398313641010904,0.3398313641010904,25,93
398,36,True,False,True,upper_bound,0.3398313641010904,0.3398313641010904,25,94
398,36,True,False,True,upper_bound_with_inhaler,0.3398313641010904,0.3398313641010904,25,95
398,48,False,False,False,one_hot,0.4900508144975953,0.4900508144975953,25,96
398,48,False,False,False,lower_bound,0.4900508144975953,0.4900508144975953,25,97
398,48,False,False,False,midpoint,0.4900508144975953,0.4900508144975953,25,98
398,48,False,False,False,midpoint_with_inhaler,0.4900508144975953,0.4900508144975953,25,99
398,48,False,False,False,upper_bound,0.4900508144975953,0.4900508144975953,25,100
398,48,False,False,False,upper_bound_with_inhaler,0.4900508144975953,0.4900508144975953,25,101
398,48,False,False,True,one_hot,0.4900508144975953,0.4900508144975953,25,102
398,48,False,False,True,lower_bound,0.4900508144975953,0.4900508144975953,25,103
398,48,False,False,True,midpoint,0.4900508144975953,0.4900508144975953,25,104
398,48,False,False,True,midpoint_with_inhaler,0.4900508144975953,0.4900508144975953,25,105
398,48,False,False,True,upper_bound,0.4900508144975953,0.4900508144975953,25,106
398,48,False,False,True,upper_bound_with_inhaler,0.4900508144975953,0.4900508144975953,25,107
398,48,False,True,False,one_hot,0.5779425694068322,0.5779425694068322,25,108
398,48,False,True,False,lower_bound,0.5779425694068322,0.5779425694068322,25,109
398,48,False,True,False,midpoint,0.5779425694068322,0.5779425694068322,25,110
398,48,False,True,False,midpoint_with_inhaler,0.5779425694068322,0.5779425694068322,25,111
398,48,False,True,False,upper_bound,0.5779425694068322,0.5779425694068322,25,112
398,48,False,True,False,upper_bound_with_inhaler,0.5779425694068322,0.5779425694068322,25,113
398,48,False,True,True,one_hot,0.5779425694068322,0.5779425694068322,25,114
398,48,False,True,True,lower_bound,0.5779425694068322,0.5779425694068322,25,115
398,48,False,True,True,midpoint,0.5779425694068322,0.5779425694068322,25,116
398,48,False,True,True,midpoint_with_inhaler,0.5779425694068322,0.5779425694068322,25,117
398,48,False,True,True,upper_bound,0.5779425694068322,0.5779425694068322,25,118
398,48,False,True,True,upper_bound_with_inhaler,0.5779425694068322,0.5779425694068322,25,119
398,48,True,False,False,one_hot,0.5632090646282755,0.5632090646282755,25,120
398,48,True,False,False,lower_bound,0.5632090646282755,0.5632090646282755,25,121
398,48,True,False,False,midpoint,0.5632090646282755,0.5632090646282755,25,122
398,48,True,False,False,midpoint_with_inhaler,0.5632090646282755,0.5632090646282755,25,123
398,48,True,False,False,upper_bound,0.5632090646282755,0.5632090646282755,25,124
398,48,True,False,False,upper_bound_with_inhaler,0.5632090646282755,0.5632090646282755,25,125
398,48,True,False,True,one_hot,0.5632090646282755,0.5632090646282755,25,126
398,48,True,False,True,lower_bound,0.5632090646282755,0.5632090646282755,25,127
398,48,True,False,True,midpoint,0.5632090646282755,0.5632090646282755,25,128
398,48,True,False,True,midpoint_with_inhaler,0.5632090646282755,0.5632090646282755,25,129
398,48,True,False,True,upper_bound,0.5632090646282755,0.5632090646282755,25,130
398,48,True,False,True,upper_bound_with_inhaler,0.5632090646282755,0.5632090646282755,25,131
447,12,False,False,False,one_hot,0.13471589788521487,0.13471589788521485,89,0
447,12,False,False,False,lower_bound,0.10415856172443812,0.14283195696773188,89,1
447,12,False,False,False,midpoint,0.10415856172443812,0.1313214288691744,89,2
447,12,False,False,False,midpoint_with_inhaler,0.10415856172443812,0.1313214288691744,89,3
447,12,False,False,False,upper_bound,0.10415856172443812,0.1234977013857182,89,4
447,12,False,False,False,upper_bound_with_inhaler,0.10415856172443812,0.1234977013857182,89,5
447,12,False,False,True,one_hot,0.13471589788521487,0.13471589788521485,89,6
447,12,False,False,True,lower_bound,0.10415856172443812,0.14283195696773188,89,7
447,12,False,False,True,midpoint,0.10415856172443812,0.1313214288691744,89,8
447,12,False,False,True,midpoint_with_inhaler,0.10415856172443812,0.1313214288691744,89,9
447,12,False,False,True,upper_bound,0.10415856172443812,0.1234977013857182,89,10
447,12,False,False,True,upper_bound_with_inhaler,0.10415856172443812,0.1234977013857182,89,11
447,12,False,True,False,one_hot,0.2627227555098969,0.2627227555098969,89,12
447,12,False,True,False,lower_bound,-0.1243883932628318,-0.08425916903812365,89,13
447,12,False,True,False,midpoint,-0.1243883932628318,-0.0860401907361858,89,14
447,12,False,True,False,midpoint_with_inhaler,-0.1243883932628318,-0.0860401907361858,89,15
447,12,False,True,False,upper_bound,-0.1243883932628318,-0.08472173038348584,89,16
447,12,False,True,False,upper_bound_with_inhaler,-0.1243883932628318,-0.08472173038348584,89,17
447,12,False,True,True,one_hot,0.2627227555098969,0.2627227555098969,89,18
447,12,False,True,True,lower_bound,-0.1243883932628318,-0.08425916903812365,89,19
447,12,False,True,True,midpoint,-0.1243883932628318,-0.0860401907361858,89,20
447,12,False,True,True,midpoint_with_inhaler,-0.1243883932628318,-0.0860401907361858,89,21
447,12,False,True,True,upper_bound,-0.1243883932628318,-0.08472173038348584,89,22
447,12,False,True,True,upper_bound_with_inhaler,-0.1243883932628318,-0.08472173038348584,89,23
447,12,True,False,False,one_hot,0.10641546986019927,0.10641546986019927,89,24
447,12,True,False,False,lower_bound,0.00011877885508874702,0.05640610202605424,89,25
447,12,True,False,False,midpoint,0.00011877885508874702,0.0527680820176677,89,26
447,12,True,False,False,midpoint_with_inhaler,0.00011877885508874702,0.0527680820176677,89,27
447,12,True,False,False,upper_bound,0.00011877885508874702,0.050805539359843055,89,28
447,12,True,False,False,upper_bound_with_inhaler,0.00011877885508874702,0.050805539359843055,89,29
447,12,True,False,True,one_hot,0.10641546986019927,0.10641546986019927,89,30
447,12,True,False,True,lower_bound,0.00011877885508874702,0.05640610202605424,89,31
447,12,True,False,True,midpoint,0.00011877885508874702,0.0527680820176677,89,32
447,12,True,False,True,midpoint_with_inhaler,0.00011877885508874702,0.0527680820176677,89,33
447,12,True,False,True,upper_bound,0.00011877885508874702,0.050805539359843055,89,34
447,12,True,False,True,upper_bound_with_inhaler,0.00011877885508874702,0.050805539359843055,89,35
447,24,False,False,False,one_hot,0.25490153125046644,0.2549015312504665,89,36
447,24,False,False,False,lower_bound,-0.009575566975247335,0.12501466375224396,89,37
447,24,False,False,False,midpoint,-0.009575566975247335,0.10408150724786926,89,38
447,24,False,False,False,midpoint_with_inhaler,-0.009575566975247335,0.10408150724786926,89,39
447,24,False,False,False,upper_bound,-0.009575566975247335,0.0935375007143808,89,40
447,24,False,False,False,upper_bound_with_inhaler,-0.009575566975247335,0.0935375007143808,89,41
447,24,False,False,True,one_hot,0.25490153125046644,0.2549015312504665,89,42
447,24,False,False,True,lower_bound,-0.009575566975247335,0.12501466375224396,89,43
447,24,False,False,True,midpoint,-0.009575566975247335,0.10408150724786926,89,44
447,24,False,False,True,midpoint_with_inhaler,-0.009575566975247335,0.10408150724786926,89,45
447,24,False,False,True,upper_bound,-0.009575566975247335,0.0935375007143808,89,46
447,24,False,False,True,upper_bound_with_inhaler,-0.009575566975247335,0.0935375007143808,89,47
447,24,False,True,False,one_hot,0.24054944473996295,0.24054944473996298,89,48
447,24,False,True,False,lower_bound,-0.00287663158816687,0.16801624271056537,89,49
447,24,False,True,False,midpoint,-0.00287663158816687,0.1278095312002055,89,50
447,24,False,True,False,midpoint_with_inhaler,-0.00287663158816687,0.1278095312002055,89,51
447,24,False,True,False,upper_bound,-0.00287663158816687,0.10204526583990331,89,52
447,24,False,True,False,upper_bound_with_inhaler,-0.00287663158816687,0.10204526583990331,89,53
447,24,False,True,True,one_hot,0.24054944473996295,0.24054944473996298,89,54
447,24,False,True,True,lower_bound,-0.00287663158816687,0.16801624271056537,89,55
447,24,False,True,True,midpoint,-0.00287663158816687,0.1278095312002055,89,56
447,24,False,True,True,midpoint_with_inhaler,-0.00287663158816687,0.1278095312002055,89,57
447,24,False,True,True,upper_bound,-0.00287663158816687,0.10204526583990331,89,58
447,24,False,True,True,upper_bound_with_inhaler,-0.00287663158816687,0.10204526583990331,89,59
447,24,True,False,False,one_hot,0.2475256956140224,0.2475256956140224,89,60
447,24,True,False,False,lower_bound,0.02674427300783954,0.2150036265109231,89,61
447,24,True,False,False,midpoint,0.02674427300783954,0.1695787815449248,89,62
447,24,True,False,False,midpoint_with_inhaler,0.02674427300783954,0.1695787815449248,89,63
447,24,True,False,False,upper_bound,0.02674427300783954,0.13719156611243122,89,64
447,24,True,False,False,upper_bound_with_inhaler,0.02674427300783954,0.13719156611243122,89,65
447,24,True,False,True,one_hot,0.2475256956140224,0.2475256956140224,89,66
447,24,True,False,True,lower_bound,0.02674427300783954,0.2150036265109231,89,67
447,24,True,False,True,midpoint,0.02674427300783954,0.1695787815449248,89,68
447,24,True,False,True,midpoint_with_inhaler,0.02674427300783954,0.1695787815449248,89,69
447,24,True,False,True,upper_bound,0.02674427300783954,0.13719156611243122,89,70
447,24,True,False,True,upper_bound_with_inhaler,0.02674427300783954,0.13719156611243122,89,71
447,36,False,False,False,one_hot,-0.04432837371694984,-0.04432837371694986,89,72
447,36,False,False,False,lower_bound,-0.042734668120825665,0.14531426153169122,89,73
447,36,False,False,False,midpoint,-0.042734668120825665,0.1084570966727235,89,74
447,36,False,False,False,midpoint_with_inhaler,-0.042734668120825665,0.1084570966727235,89,75
447,36,False,False,False,upper_bound,-0.042734668120825665,0.08314367204949158,89,76
447,36,False,False,False,upper_bound_with_inhaler,-0.042734668120825665,0.08314367204949158,89,77
447,36,False,False,True,one_hot,-0.04432837371694984,-0.04432837371694986,89,78
447,36,False,False,True,lower_bound,-0.042734668120825665,0.14531426153169122,89,79
447,36,False,False,True,midpoint,-0.042734668120825665,0.1084570966727235,89,80
447,36,False,False,True,midpoint_with_inhaler,-0.042734668120825665,0.1084570966727235,89,81
447,36,False,False,True,upper_bound,-0.042734668120825665,0.08314367204949158,89,82
447,36,False,False,True,upper_bound_with_inhaler,-0.042734668120825665,0.08314367204949158,89,83
447,36,True,False,False,one_hot,-0.07915692197347068,-0.07915692197347067,89,84
447,36,True,False,False,lower_bound,-0.14616052178696617,0.1323212418524442,89,85
447,36,True,False,False,midpoint,-0.14616052178696617,0.07117337895046501,89,86
447,36,True,False,False,midpoint_with_inhaler,-0.14616052178696617,0.07117337895046501,89,87
447,36,True,False,False,upper_bound,-0.14616052178696617,0.0308020113789379,89,88
447,36,True,False,False,upper_bound_with_inhaler,-0.14616052178696617,0.0308020113789379,89,89
447,36,True,False,True,one_hot,-0.07915692197347068,-0.07915692197347067,89,90
447,36,True,False,True,lower_bound,-0.14616052178696617,0.1323212418524442,89,91
447,36,True,False,True,midpoint,-0.14616052178696617,0.07117337895046501,89,92
447,36,True,False,True,midpoint_with_inhaler,-0.14616052178696617,0.07117337895046501,89,93
447,36,True,False,True,upper_bound,-0.14616052178696617,0.0308020113789379,89,94
447,36,True,False,True,upper_bound_with_inhaler,-0.14616052178696617,0.0308020113789379,89,95
447,48,False,False,False,one_hot,-0.05399625188656497,-0.05399625188656497,89,96
447,48,False,False,False,lower_bound,-0.20236500228714122,-0.03107115921312331,89,97
447,48,False,False,False,midpoint,-0.20236500228714122,-0.05256912142415236,89,98
447,48,False,False,False,midpoint_with_inhaler,-0.20236500228714122,-0.05256912142415236,89,99
447,48,False,False,False,upper_bound,-0.20236500228714122,-0.0659098649943529,89,100
447,48,False,False,False,upper_bound_with_inhaler,-0.20236500228714122,-0.0659098649943529,89,101
447,48,False,False,True,one_hot,-0.05399625188656497,-0.05399625188656497,89,102
447,48,False,False,True,lower_bound,-0.20236500228714122,-0.03107115921312331,89,103
447,48,False,False,True,midpoint,-0.20236500228714122,-0.05256912142415236,89,104
447,48,False,False,True,midpoint_with_inhaler,-0.20236500228714122,-0.05256912142415236,89,105
447,48,False,False,True,upper_bound,-0.20236500228714122,-0.0659098649943529,89,106
447,48,False,False,True,upper_bound_with_inhaler,-0.20236500228714122,-0.0659098649943529,89,107
447,48,False,True,False,one_hot,-0.08445813367133023,-0.08445813367133022,89,108
447,48,False,True,False,lower_bound,-0.2999443424254076,-0.169833857707681,89,109
447,48,False,True,False,midpoint,-0.2999443424254076,-0.1924456809330973,89,110
447,48,False,True,False,midpoint_with_inhaler,-0.2999443424254076,-0.1924456809330973,89,111
447,48,False,True,False,upper_bound,-0.2999443424254076,-0.20805316146706335,89,112
447,48,False,True,False,upper_bound_with_inhaler,-0.2999443424254076,-0.20805316146706335,89,113
447,48,False,True,True,one_hot,-0.08445813367133023,-0.08445813367133022,89,114
447,48,False,True,True,lower_bound,-0.2999443424254076,-0.169833857707681,89,115
447,48,False,True,True,midpoint,-0.2999443424254076,-0.1924456809330973,89,116
447,48,False,True,True,midpoint_with_inhaler,-0.2999443424254076,-0.1924456809330973,89,117
447,48,False,True,True,upper_bound,-0.2999443424254076,-0.20805316146706335,89,118
447,48,False,True,True,upper_bound_with_inhaler,-0.2999443424254076,-0.20805316146706335,89,119
447,48,True,False,False,one_hot,0.08386377902434158,0.08386377902434163,89,120
447,48,True,False,False,lower_bound,-0.24971891476254202,-0.18467041623147765,89,121
447,48,True,False,False,midpoint,-0.24971891476254202,-0.1823383005418191,89,122
447,48,True,False,False,midpoint_with_inhaler,-0.24971891476254202,-0.1823383005418191,89,123
447,48,True,False,False,upper_bound,-0.24971891476254202,-0.17685939567991926,89,124
447,48,True,False,False,upper_bound_with_inhaler,-0.24971891476254202,-0.17685939567991926,89,125
447,48,True,False,True,one_hot,0.08386377902434158,0.08386377902434163,89,126
447,48,True,False,True,lower_bound,-0.24971891476254202,-0.18467041623147765,89,127
447,48,True,False,True,midpoint,-0.24971891476254202,-0.1823383005418191,89,128
447,48,True,False,True,midpoint_with_inhaler,-0.24971891476254202,-0.1823383005418191,89,129
447,48,True,False,True,upper_bound,-0.24971891476254202,-0.17685939567991926,89,130
447,48,True,False,True,upper_bound_with_inhaler,-0.24971891476254202,-0.17685939567991926,89,131
454,12,False,False,False,one_hot,,,2,0
454,12,False,False,False,lower_bound,,,2,1
454,12,False,False,False,midpoint,,,2,2
454,12,False,False,False,midpoint_with_inhaler,,,2,3
454,12,False,False,False,upper_bound,,,2,4
454,12,False,False,False,upper_bound_with_inhaler,,,2,5
454,12,False,False,True,one_hot,,,2,6
454,12,False,False,True,lower_bound,,,2,7
454,12,False,False,True,midpoint,,,2,8
454,12,False,False,True,midpoint_with_inhaler,,,2,9
454,12,False,False,True,upper_bound,,,2,10
454,12,False,False,True,upper_bound_with_inhaler,,,2,11
454,12,False,True,False,one_hot,,,2,12
454,12,False,True,False,lower_bound,,,2,13
454,12,False,True,False,midpoint,,,2,14
454,12,False,True,False,midpoint_with_inhaler,,,2,15
454,12,False,True,False,upper_bound,,,2,16
454,12,False,True,False,upper_bound_with_inhaler,,,2,17
454,12,False,True,True,one_hot,,,2,18
454,12,False,True,True,lower_bound,,,2,19
454,12,False,True,True,midpoint,,,2,20
454,12,False,True,True,midpoint_with_inhaler,,,2,21
454,12,False,True,True,upper_bound,,,2,22
454,12,False,True,True,upper_bound_with_inhaler,,,2,23
454,12,True,False,False,one_hot,,,2,24
454,12,True,False,False,lower_bound,,,2,25
454,12,True,False,False,midpoint,,,2,26
454,12,True,False,False,midpoint_with_inhaler,,,2,27
454,12,True,False,False,upper_bound,,,2,28
454,12,True,False,False,upper_bound_with_inhaler,,,2,29
454,12,True,False,True,one_hot,,,2,30
454,12,True,False,True,lower_bound,,,2,31
454,12,True,False,True,midpoint,,,2,32
454,12,True,False,True,midpoint_with_inhaler,,,2,33
454,12,True,False,True,upper_bound,,,2,34
454,12,True,False,True,upper_bound_with_inhaler,,,2,35
454,24,False,False,False,one_hot,,,2,36
454,24,False,False,False,lower_bound,,,2,37
454,24,False,False,False,midpoint,,,2,38
454,24,False,False,False,midpoint_with_inhaler,,,2,39
454,24,False,False,False,upper_bound,,,2,40
454,24,False,False,False,upper_bound_with_inhaler,,,2,41
454,24,False,False,True,one_hot,,,2,42
454,24,False,False,True,lower_bound,,,2,43
454,24,False,False,True,midpoint,,,2,44
454,24,False,False,True,midpoint_with_inhaler,,,2,45
454,24,False,False,True,upper_bound,,,2,46
454,24,False,False,True,upper_bound_with_inhaler,,,2,47
454,24,False,True,False,one_hot,,,2,48
454,24,False,True,False,lower_bound,,,2,49
454,24,False,True,False,midpoint,,,2,50
454,24,False,True,False,midpoint_with_inhaler,,,2,51
454,24,False,True,False,upper_bound,,,2,52
454,24,False,True,False,upper_bound_with_inhaler,,,2,53
454,24,False,True,True,one_hot,,,2,54
454,24,False,True,True,lower_bound,,,2,55
454,24,False,True,True,midpoint,,,2,56
454,24,False,True,True,midpoint_with_inhaler,,,2,57
454,24,False,True,True,upper_bound,,,2,58
454,24,False,True,True,upper_bound_with_inhaler,,,2,59
454,24,True,False,False,one_hot,,,2,60
454,24,True,False,False,lower_bound,,,2,61
454,24,True,False,False,midpoint,,,2,62
454,24,True,False,False,midpoint_with_inhaler,,,2,63
454,24,True,False,False,upper_bound,,,2,64
454,24,True,False,False,upper_bound_with_inhaler,,,2,65
454,24,True,False,True,one_hot,,,2,66
454,24,True,False,True,lower_bound,,,2,67
454,24,True,False,True,midpoint,,,2,68
454,24,True,False,True,midpoint_with_inhaler,,,2,69
454,24,True,False,True,upper_bound,,,2,70
454,24,True,False,True,upper_bound_with_inhaler,,,2,71
454,36,False,False,False,one_hot,,,2,72
454,36,False,False,False,lower_bound,,,2,73
454,36,False,False,False,midpoint,,,2,74
454,36,False,False,False,midpoint_with_inhaler,,,2,75
454,36,False,False,False,upper_bound,,,2,76
454,36,False,False,False,upper_bound_with_inhaler,,,2,77
454,36,False,False,True,one_hot,,,2,78
454,36,False,False,True,lower_bound,,,2,79
454,36,False,False,True,midpoint,,,2,80
454,36,False,False,True,midpoint_with_inhaler,,,2,81
454,36,False,False,True,upper_bound,,,2,82
454,36,False,False,True,upper_bound_with_inhaler,,,2,83
454,36,True,False,False,one_hot,,,2,84
454,36,True,False,False,lower_bound,,,2,85
454,36,True,False,False,midpoint,,,2,86
454,36,True,False,False,midpoint_with_inhaler,,,2,87
454,36,True,False,False,upper_bound,,,2,88
454,36,True,False,False,upper_bound_with_inhaler,,,2,89
454,36,True,False,True,one_hot,,,2,90
454,36,True,False,True,lower_bound,,,2,91
454,36,True,False,True,midpoint,,,2,92
454,36,True,False,True,midpoint_with_inhaler,,,2,93
454,36,True,False,True,upper_bound,,,2,94
454,36,True,False,True,upper_bound_with_inhaler,,,2,95
454,48,False,False,False,one_hot,,,2,96
454,48,False,False,False,lower_bound,,,2,97
454,48,False,False,False,midpoint,,,2,98
454,48,False,False,False,midpoint_with_inhaler,,,2,99
454,48,False,False,False,upper_bound,,,2,100
454,48,False,False,False,upper_bound_with_inhaler,,,2,101
454,48,False,False,True,one_hot,,,2,102
454,48,False,False,True,lower_bound,,,2,103
454,48,False,False,True,midpoint,,,2,104
454,48,False,False,True,midpoint_with_inhaler,,,2,105
454,48,False,False,True,upper_bound,,,2,106
454,48,False,False,True,upper_bound_with_inhaler,,,2,107
454,48,False,True,False,one_hot,,,2,108
454,48,False,True,False,lower_bound,,,2,109
454,48,False,True,False,midpoint,,,2,110
454,48,False,True,False,midpoint_with_inhaler,,,2,111
454,48,False,True,False,upper_bound,,,2,112
454,48,False,True,False,upper_bound_with_inhaler,,,2,113
454,48,False,True,True,one_hot,,,2,114
454,48,False,True,True,lower_bound,,,2,115
454,48,False,True,True,midpoint,,,2,116
454,48,False,True,True,midpoint_with_inhaler,,,2,117
454,48,False,True,True,upper_bound,,,2,118
454,48,False,True,True,upper_bound_with_inhaler,,,2,119
454,48,True,False,False,one_hot,,,2,120
454,48,True,False,False,lower_bound,,,2,121
454,48,True,False,False,midpoint,,,2,122
454,48,True,False,False,midpoint_with_inhaler,,,2,123
454,48,True,False,False,upper_bound,,,2,124
454,48,True,False,False,upper_bound_with_inhaler,,,2,125
454,48,True,False,True,one_hot,,,2,126
454,48,True,False,True,lower_bound,,,2,127
454,48,True,False,True,midpoint,,,2,128
454,48,True,False,True,midpoint_with_inhaler,,,2,129
454,48,True,False,True,upper_bound,,,2,130
454,48,True,False,True,upper_bound_with_inhaler,,,2,131
473,12,False,False,False,one_hot,0.3859732304884611,0.3859732304884611,69,0
473,12,False,False,False,lower_bound,0.6609499848413001,0.8668198986766138,69,1
473,12,False,False,False,midpoint,0.6609499848413001,0.8673399026797318,69,2
473,12,False,False,False,midpoint_with_inhaler,0.6609499848413001,0.8673399026797318,69,3
473,12,False,False,False,upper_bound,0.6609499848413001,0.8519260413399193,69,4
473,12,False,False,False,upper_bound_with_inhaler,0.6609499848413001,0.8519260413399193,69,5
473,12,False,False,True,one_hot,0.3859732304884611,0.3859732304884611,69,6
473,12,False,False,True,lower_bound,0.6609499848413001,0.8668198986766138,69,7
473,12,False,False,True,midpoint,0.6609499848413001,0.8673399026797318,69,8
473,12,False,False,True,midpoint_with_inhaler,0.6609499848413001,0.8673399026797318,69,9
473,12,False,False,True,upper_bound,0.6609499848413001,0.8519260413399193,69,10
473,12,False,False,True,upper_bound_with_inhaler,0.6609499848413001,0.8519260413399193,69,11
473,12,False,True,False,one_hot,0.3783754651452394,0.37837546514523934,69,12
473,12,False,True,False,lower_bound,0.7050910420237505,0.9356330605340213,69,13
473,12,False,True,False,midpoint,0.7050910420237505,0.995659234430822,69,14
473,12,False,True,False,midpoint_with_inhaler,0.7050910420237505,0.995659234430822,69,15
473,12,False,True,False,upper_bound,0.7050910420237505,1.0308606883558904,69,16
473,12,False,True,False,upper_bound_with_inhaler,0.7050910420237505,1.0308606883558904,69,17
473,12,False,True,True,one_hot,0.3783754651452394,0.37837546514523934,69,18
473,12,False,True,True,lower_bound,0.7050910420237505,0.9356330605340213,69,19
473,12,False,True,True,midpoint,0.7050910420237505,0.995659234430822,69,20
473,12,False,True,True,midpoint_with_inhaler,0.7050910420237505,0.995659234430822,69,21
473,12,False,True,True,upper_bound,0.7050910420237505,1.0308606883558904,69,22
473,12,False,True,True,upper_bound_with_inhaler,0.7050910420237505,1.0308606883558904,69,23
473,12,True,False,False,one_hot,0.4280363769043009,0.42803637690430085,69,24
473,12,True,False,False,lower_bound,0.6024841113268047,0.7209366411557158,69,25
473,12,True,False,False,midpoint,0.6024841113268047,0.8094461555576573,69,26
473,12,True,False,False,midpoint_with_inhaler,0.6024841113268047,0.8094461555576573,69,27
473,12,True,False,False,upper_bound,0.6024841113268047,0.8716029798611128,69,28
473,12,True,False,False,upper_bound_with_inhaler,0.6024841113268047,0.8716029798611128,69,29
473,12,True,False,True,one_hot,0.4280363769043009,0.42803637690430085,69,30
473,12,True,False,True,lower_bound,0.6024841113268047,0.7209366411557158,69,31
473,12,True,False,True,midpoint,0.6024841113268047,0.8094461555576573,69,32
473,12,True,False,True,midpoint_with_inhaler,0.6024841113268047,0.8094461555576573,69,33
473,12,True,False,True,upper_bound,0.6024841113268047,0.8716029798611128,69,34
473,12,True,False,True,upper_bound_with_inhaler,0.6024841113268047,0.8716029798611128,69,35
473,24,False,False,False,one_hot,0.314988807397633,0.3149888073976331,69,36
473,24,False,False,False,lower_bound,0.6769662944441877,0.9851116766906869,69,37
473,24,False,False,False,midpoint,0.6769662944441877,1.026930025088079,69,38
473,24,False,False,False,midpoint_with_inhaler,0.6769662944441877,1.026930025088079,69,39
473,24,False,False,False,upper_bound,0.6769662944441877,1.0434106039182824,69,40
473,24,False,False,False,upper_bound_with_inhaler,0.6769662944441877,1.0434106039182824,69,41
473,24,False,False,True,one_hot,0.314988807397633,0.3149888073976331,69,42
473,24,False,False,True,lower_bound,0.6769662944441877,0.9851116766906869,69,43
473,24,False,False,True,midpoint,0.6769662944441877,1.026930025088079,69,44
473,24,False,False,True,midpoint_with_inhaler,0.6769662944441877,1.026930025088079,69,45
473,24,False,False,True,upper_bound,0.6769662944441877,1.0434106039182824,69,46
473,24,False,False,True,upper_bound_with_inhaler,0.6769662944441877,1.0434106039182824,69,47
473,24,False,True,False,one_hot,0.1124735919579293,0.1124735919579293,69,48
473,24,False,True,False,lower_bound,0.2634376045271351,0.4185734475653079,69,49
473,24,False,True,False,midpoint,0.2634376045271351,0.41787110726996884,69,50
473,24,False,True,False,midpoint_with_inhaler,0.2634376045271351,0.41787110726996884,69,51
473,24,False,True,False,upper_bound,0.2634376045271351,0.41537717773030897,69,52
473,24,False,True,False,upper_bound_with_inhaler,0.2634376045271351,0.41537717773030897,69,53
473,24,False,True,True,one_hot,0.1124735919579293,0.1124735919579293,69,54
473,24,False,True,True,lower_bound,0.2634376045271351,0.4185734475653079,69,55
473,24,False,True,True,midpoint,0.2634376045271351,0.41787110726996884,69,56
473,24,False,True,True,midpoint_with_inhaler,0.2634376045271351,0.41787110726996884,69,57
473,24,False,True,True,upper_bound,0.2634376045271351,0.41537717773030897,69,58
473,24,False,True,True,upper_bound_with_inhaler,0.2634376045271351,0.41537717773030897,69,59
473,24,True,False,False,one_hot,0.3662961788639589,0.36629617886395877,69,60
473,24,True,False,False,lower_bound,0.6836350759266496,1.0059671224494733,69,61
473,24,True,False,False,midpoint,0.6836350759266496,1.043923111386134,69,62
473,24,True,False,False,midpoint_with_inhaler,0.6836350759266496,1.043923111386134,69,63
473,24,True,False,False,upper_bound,0.6836350759266496,1.0585188047829661,69,64
473,24,True,False,False,upper_bound_with_inhaler,0.6836350759266496,1.0585188047829661,69,65
473,24,True,False,True,one_hot,0.3662961788639589,0.36629617886395877,69,66
473,24,True,False,True,lower_bound,0.6836350759266496,1.0059671224494733,69,67
473,24,True,False,True,midpoint,0.6836350759266496,1.043923111386134,69,68
473,24,True,False,True,midpoint_with_inhaler,0.6836350759266496,1.043923111386134,69,69
473,24,True,False,True,upper_bound,0.6836350759266496,1.0585188047829661,69,70
473,24,True,False,True,upper_bound_with_inhaler,0.6836350759266496,1.0585188047829661,69,71
473,36,False,False,False,one_hot,0.33424417481746355,0.33424417481746344,69,72
473,36,False,False,False,lower_bound,0.6619041619181069,0.8900783689369611,69,73
473,36,False,False,False,midpoint,0.6619041619181069,0.8692320385705337,69,74
473,36,False,False,False,midpoint_with_inhaler,0.6619041619181069,0.9123315519974388,69,75
473,36,False,False,False,upper_bound,0.6573172263561059,0.8333970706604324,69,76
473,36,False,False,False,upper_bound_with_inhaler,0.6619041619181069,0.9210462303069155,69,77
473,36,False,False,True,one_hot,0.33424417481746355,0.33424417481746344,69,78
473,36,False,False,True,lower_bound,0.6619041619181069,0.8900783689369611,69,79
473,36,False,False,True,midpoint,0.6619041619181069,0.8692320385705337,69,80
473,36,False,False,True,midpoint_with_inhaler,0.6619041619181069,0.9123315519974388,69,81
473,36,False,False,True,upper_bound,0.6573172263561059,0.8333970706604324,69,82
473,36,False,False,True,upper_bound_with_inhaler,0.6619041619181069,0.9210462303069155,69,83
473,36,True,False,False,one_hot,0.37001237598224446,0.37001237598224435,69,84
473,36,True,False,False,lower_bound,0.5106714892284451,0.676550055841731,69,85
473,36,True,False,False,midpoint,0.5106714892284451,0.6770519030478546,69,86
473,36,True,False,False,midpoint_with_inhaler,0.5106714892284451,0.6770519030478546,69,87
473,36,True,False,False,upper_bound,0.5106714892284451,0.6741180559881828,69,88
473,36,True,False,False,upper_bound_with_inhaler,0.5106714892284451,0.6741180559881828,69,89
473,36,True,False,True,one_hot,0.37001237598224446,0.37001237598224435,69,90
473,36,True,False,True,lower_bound,0.5106714892284451,0.676550055841731,69,91
473,36,True,False,True,midpoint,0.5106714892284451,0.6770519030478546,69,92
473,36,True,False,True,midpoint_with_inhaler,0.5106714892284451,0.6770519030478546,69,93
473,36,True,False,True,upper_bound,0.5106714892284451,0.6741180559881828,69,94
473,36,True,False,True,upper_bound_with_inhaler,0.5106714892284451,0.6741180559881828,69,95
473,48,False,False,False,one_hot,-0.0803838070040304,-0.08038380700403036,69,96
473,48,False,False,False,lower_bound,0.6355907946704338,0.8581722740428702,69,97
473,48,False,False,False,midpoint,0.6355907946704338,0.8240642137751151,69,98
473,48,False,False,False,midpoint_with_inhaler,0.6355907946704338,0.8528261914769104,69,99
473,48,False,False,False,upper_bound,0.6322030082560693,0.7790707723272262,69,100
473,48,False,False,False,upper_bound_with_inhaler,0.6355907946704338,0.8408354146588114,69,101
473,48,False,False,True,one_hot,-0.0803838070040304,-0.08038380700403036,69,102
473,48,False,False,True,lower_bound,0.6355907946704338,0.8581722740428702,69,103
473,48,False,False,True,midpoint,0.6355907946704338,0.8240642137751151,69,104
473,48,False,False,True,midpoint_with_inhaler,0.6355907946704338,0.8528261914769104,69,105
473,48,False,False,True,upper_bound,0.6322030082560693,0.7790707723272262,69,106
473,48,False,False,True,upper_bound_with_inhaler,0.6355907946704338,0.8408354146588114,69,107
473,48,False,True,False,one_hot,-0.14210344738559624,-0.14210344738559627,69,108
473,48,False,True,False,lower_bound,0.260665778329568,0.3300268751946018,69,109
473,48,False,True,False,midpoint,0.260665778329568,0.3483216591965968,69,110
473,48,False,True,False,midpoint_with_inhaler,0.260665778329568,0.3483216591965968,69,111
473,48,False,True,False,upper_bound,0.260665778329568,0.35796418800405444,69,112
473,48,False,True,False,upper_bound_with_inhaler,0.260665778329568,0.35796418800405444,69,113
473,48,False,True,True,one_hot,-0.14210344738559624,-0.14210344738559627,69,114
473,48,False,True,True,lower_bound,0.260665778329568,0.3300268751946018,69,115
473,48,False,True,True,midpoint,0.260665778329568,0.3483216591965968,69,116
473,48,False,True,True,midpoint_with_inhaler,0.260665778329568,0.3483216591965968,69,117
473,48,False,True,True,upper_bound,0.260665778329568,0.35796418800405444,69,118
473,48,False,True,True,upper_bound_with_inhaler,0.260665778329568,0.35796418800405444,69,119
473,48,True,False,False,one_hot,0.1431250423007682,0.14312504230076817,69,120
473,48,True,False,False,lower_bound,0.3769128048249346,0.540934374342063,69,121
473,48,True,False,False,midpoint,0.3769128048249346,0.5419392753400395,69,122
473,48,True,False,False,midpoint_with_inhaler,0.3769128048249346,0.5419392753400395,69,123
473,48,True,False,False,upper_bound,0.3769128048249346,0.5392728480632619,69,124
473,48,True,False,False,upper_bound_with_inhaler,0.3769128048249346,0.5392728480632619,69,125
473,48,True,False,True,one_hot,0.1431250423007682,0.14312504230076817,69,126
473,48,True,False,True,lower_bound,0.3769128048249346,0.540934374342063,69,127
473,48,True,False,True,midpoint,0.3769128048249346,0.5419392753400395,69,128
473,48,True,False,True,midpoint_with_inhaler,0.3769128048249346,0.5419392753400395,69,129
473,48,True,False,True,upper_bound,0.3769128048249346,0.5392728480632619,69,130
473,48,True,False,True,upper_bound_with_inhaler,0.3769128048249346,0.5392728480632619,69,131
514,12,False,False,False,one_hot,0.3233135824625262,0.3233135824625262,36,0
514,12,False,False,False,lower_bound,0.3233135824625262,0.3233135824625262,36,1
514,12,False,False,False,midpoint,0.3233135824625262,0.3233135824625262,36,2
514,12,False,False,False,midpoint_with_inhaler,0.3233135824625262,0.3233135824625262,36,3
514,12,False,False,False,upper_bound,0.3233135824625262,0.3233135824625262,36,4
514,12,False,False,False,upper_bound_with_inhaler,0.3233135824625262,0.3233135824625262,36,5
514,12,False,False,True,one_hot,0.3233135824625262,0.3233135824625262,36,6
514,12,False,False,True,lower_bound,0.3233135824625262,0.3233135824625262,36,7
514,12,False,False,True,midpoint,0.3233135824625262,0.3233135824625262,36,8
514,12,False,False,True,midpoint_with_inhaler,0.3233135824625262,0.3233135824625262,36,9
514,12,False,False,True,upper_bound,0.3233135824625262,0.3233135824625262,36,10
514,12,False,False,True,upper_bound_with_inhaler,0.3233135824625262,0.3233135824625262,36,11
514,12,False,True,False,one_hot,0.12009694623830497,0.12009694623830487,36,12
514,12,False,True,False,lower_bound,0.12009694623830497,0.12009694623830487,36,13
514,12,False,True,False,midpoint,0.12009694623830497,0.12009694623830497,36,14
514,12,False,True,False,midpoint_with_inhaler,0.12009694623830497,0.12009694623830497,36,15
514,12,False,True,False,upper_bound,0.12009694623830497,0.12009694623830487,36,16
514,12,False,True,False,upper_bound_with_inhaler,0.12009694623830497,0.12009694623830487,36,17
514,12,False,True,True,one_hot,0.12009694623830497,0.12009694623830487,36,18
514,12,False,True,True,lower_bound,0.12009694623830497,0.12009694623830487,36,19
514,12,False,True,True,midpoint,0.12009694623830497,0.12009694623830497,36,20
514,12,False,True,True,midpoint_with_inhaler,0.12009694623830497,0.12009694623830497,36,21
514,12,False,True,True,upper_bound,0.12009694623830497,0.12009694623830487,36,22
514,12,False,True,True,upper_bound_with_inhaler,0.12009694623830497,0.12009694623830487,36,23
514,12,True,False,False,one_hot,0.3942286801821351,0.39422868018213497,36,24
514,12,True,False,False,lower_bound,0.3942286801821351,0.39422868018213497,36,25
514,12,True,False,False,midpoint,0.3942286801821351,0.39422868018213525,36,26
514,12,True,False,False,midpoint_with_inhaler,0.3942286801821351,0.39422868018213525,36,27
514,12,True,False,False,upper_bound,0.3942286801821351,0.39422868018213497,36,28
514,12,True,False,False,upper_bound_with_inhaler,0.3942286801821351,0.39422868018213497,36,29
514,12,True,False,True,one_hot,0.3942286801821351,0.39422868018213497,36,30
514,12,True,False,True,lower_bound,0.3942286801821351,0.39422868018213497,36,31
514,12,True,False,True,midpoint,0.3942286801821351,0.39422868018213525,36,32
514,12,True,False,True,midpoint_with_inhaler,0.3942286801821351,0.39422868018213525,36,33
514,12,True,False,True,upper_bound,0.3942286801821351,0.39422868018213497,36,34
514,12,True,False,True,upper_bound_with_inhaler,0.3942286801821351,0.39422868018213497,36,35
514,24,False,False,False,one_hot,0.19128149982092846,0.1912814998209284,36,36
514,24,False,False,False,lower_bound,0.19128149982092846,0.1912814998209284,36,37
514,24,False,False,False,midpoint,0.19128149982092846,0.19128149982092849,36,38
514,24,False,False,False,midpoint_with_inhaler,0.19128149982092846,0.19128149982092849,36,39
514,24,False,False,False,upper_bound,0.19128149982092846,0.1912814998209284,36,40
514,24,False,False,False,upper_bound_with_inhaler,0.19128149982092846,0.1912814998209284,36,41
514,24,False,False,True,one_hot,0.19128149982092846,0.1912814998209284,36,42
514,24,False,False,True,lower_bound,0.19128149982092846,0.1912814998209284,36,43
514,24,False,False,True,midpoint,0.19128149982092846,0.19128149982092849,36,44
514,24,False,False,True,midpoint_with_inhaler,0.19128149982092846,0.19128149982092849,36,45
514,24,False,False,True,upper_bound,0.19128149982092846,0.1912814998209284,36,46
514,24,False,False,True,upper_bound_with_inhaler,0.19128149982092846,0.1912814998209284,36,47
514,24,False,True,False,one_hot,0.09958624552579484,0.09958624552579483,36,48
514,24,False,True,False,lower_bound,0.09958624552579484,0.09958624552579483,36,49
514,24,False,True,False,midpoint,0.09958624552579484,0.09958624552579484,36,50
514,24,False,True,False,midpoint_with_inhaler,0.09958624552579484,0.09958624552579484,36,51
514,24,False,True,False,upper_bound,0.09958624552579484,0.09958624552579483,36,52
514,24,False,True,False,upper_bound_with_inhaler,0.09958624552579484,0.09958624552579483,36,53
514,24,False,True,True,one_hot,0.09958624552579484,0.09958624552579483,36,54
514,24,False,True,True,lower_bound,0.09958624552579484,0.09958624552579483,36,55
514,24,False,True,True,midpoint,0.09958624552579484,0.09958624552579484,36,56
514,24,False,True,True,midpoint_with_inhaler,0.09958624552579484,0.09958624552579484,36,57
514,24,False,True,True,upper_bound,0.09958624552579484,0.09958624552579483,36,58
514,24,False,True,True,upper_bound_with_inhaler,0.09958624552579484,0.09958624552579483,36,59
514,24,True,False,False,one_hot,0.08793173227809961,0.08793173227809961,36,60
514,24,True,False,False,lower_bound,0.08793173227809961,0.08793173227809961,36,61
514,24,True,False,False,midpoint,0.08793173227809961,0.08793173227809968,36,62
514,24,True,False,False,midpoint_with_inhaler,0.08793173227809961,0.08793173227809968,36,63
514,24,True,False,False,upper_bound,0.08793173227809961,0.08793173227809961,36,64
514,24,True,False,False,upper_bound_with_inhaler,0.08793173227809961,0.08793173227809961,36,65
514,24,True,False,True,one_hot,0.08793173227809961,0.08793173227809961,36,66
514,24,True,False,True,lower_bound,0.08793173227809961,0.08793173227809961,36,67
514,24,True,False,True,midpoint,0.08793173227809961,0.08793173227809968,36,68
514,24,True,False,True,midpoint_with_inhaler,0.08793173227809961,0.08793173227809968,36,69
514,24,True,False,True,upper_bound,0.08793173227809961,0.08793173227809961,36,70
514,24,True,False,True,upper_bound_with_inhaler,0.08793173227809961,0.08793173227809961,36,71
514,36,False,False,False,one_hot,0.2554128118829954,0.25541281188299525,36,72
514,36,False,False,False,lower_bound,0.2554128118829954,0.25541281188299525,36,73
514,36,False,False,False,midpoint,0.2554128118829954,0.2554128118829954,36,74
514,36,False,False,False,midpoint_with_inhaler,0.2554128118829954,0.2554128118829954,36,75
514,36,False,False,False,upper_bound,0.2554128118829954,0.25541281188299525,36,76
514,36,False,False,False,upper_bound_with_inhaler,0.2554128118829954,0.25541281188299525,36,77
514,36,False,False,True,one_hot,0.2554128118829954,0.25541281188299525,36,78
514,36,False,False,True,lower_bound,0.2554128118829954,0.25541281188299525,36,79
514,36,False,False,True,midpoint,0.2554128118829954,0.2554128118829954,36,80
514,36,False,False,True,midpoint_with_inhaler,0.2554128118829954,0.2554128118829954,36,81
514,36,False,False,True,upper_bound,0.2554128118829954,0.25541281188299525,36,82
514,36,False,False,True,upper_bound_with_inhaler,0.2554128118829954,0.25541281188299525,36,83
514,36,True,False,False,one_hot,0.13693223933428436,0.1369322393342843,36,84
514,36,True,False,False,lower_bound,0.13693223933428436,0.1369322393342843,36,85
514,36,True,False,False,midpoint,0.13693223933428436,0.13693223933428436,36,86
514,36,True,False,False,midpoint_with_inhaler,0.13693223933428436,0.13693223933428436,36,87
514,36,True,False,False,upper_bound,0.13693223933428436,0.1369322393342843,36,88
514,36,True,False,False,upper_bound_with_inhaler,0.13693223933428436,0.1369322393342843,36,89
514,36,True,False,True,one_hot,0.13693223933428436,0.1369322393342843,36,90
514,36,True,False,True,lower_bound,0.13693223933428436,0.1369322393342843,36,91
514,36,True,False,True,midpoint,0.13693223933428436,0.13693223933428436,36,92
514,36,True,False,True,midpoint_with_inhaler,0.13693223933428436,0.13693223933428436,36,93
514,36,True,False,True,upper_bound,0.13693223933428436,0.1369322393342843,36,94
514,36,True,False,True,upper_bound_with_inhaler,0.13693223933428436,0.1369322393342843,36,95
514,48,False,False,False,one_hot,0.20027787330303515,0.20027787330303512,36,96
514,48,False,False,False,lower_bound,0.20027787330303515,0.20027787330303512,36,97
514,48,False,False,False,midpoint,0.20027787330303515,0.20027787330303518,36,98
514,48,False,False,False,midpoint_with_inhaler,0.20027787330303515,0.20027787330303518,36,99
514,48,False,False,False,upper_bound,0.20027787330303515,0.20027787330303512,36,100
514,48,False,False,False,upper_bound_with_inhaler,0.20027787330303515,0.20027787330303512,36,101
514,48,False,False,True,one_hot,0.20027787330303515,0.20027787330303512,36,102
514,48,False,False,True,lower_bound,0.20027787330303515,0.20027787330303512,36,103
514,48,False,False,True,midpoint,0.20027787330303515,0.20027787330303518,36,104
514,48,False,False,True,midpoint_with_inhaler,0.20027787330303515,0.20027787330303518,36,105
514,48,False,False,True,upper_bound,0.20027787330303515,0.20027787330303512,36,106
514,48,False,False,True,upper_bound_with_inhaler,0.20027787330303515,0.20027787330303512,36,107
514,48,False,True,False,one_hot,0.13693223933428436,0.13693223933428436,36,108
514,48,False,True,False,lower_bound,0.13693223933428436,0.13693223933428436,36,109
514,48,False,True,False,midpoint,0.13693223933428436,0.13693223933428436,36,110
514,48,False,True,False,midpoint_with_inhaler,0.13693223933428436,0.13693223933428436,36,111
514,48,False,True,False,upper_bound,0.13693223933428436,0.13693223933428436,36,112
514,48,False,True,False,upper_bound_with_inhaler,0.13693223933428436,0.13693223933428436,36,113
514,48,False,True,True,one_hot,0.13693223933428436,0.13693223933428436,36,114
514,48,False,True,True,lower_bound,0.13693223933428436,0.13693223933428436,36,115
514,48,False,True,True,midpoint,0.13693223933428436,0.13693223933428436,36,116
514,48,False,True,True,midpoint_with_inhaler,0.13693223933428436,0.13693223933428436,36,117
514,48,False,True,True,upper_bound,0.13693223933428436,0.13693223933428436,36,118
514,48,False,True,True,upper_bound_with_inhaler,0.13693223933428436,0.13693223933428436,36,119
514,48,True,False,False,one_hot,0.1912814998209285,0.1912814998209284,36,120
514,48,True,False,False,lower_bound,0.1912814998209285,0.1912814998209284,36,121
514,48,True,False,False,midpoint,0.1912814998209285,0.1912814998209285,36,122
514,48,True,False,False,midpoint_with_inhaler,0.1912814998209285,0.1912814998209285,36,123
514,48,True,False,False,upper_bound,0.1912814998209285,0.1912814998209284,36,124
514,48,True,False,False,upper_bound_with_inhaler,0.1912814998209285,0.1912814998209284,36,125
514,48,True,False,True,one_hot,0.1912814998209285,0.1912814998209284,36,126
514,48,True,False,True,lower_bound,0.1912814998209285,0.1912814998209284,36,127
514,48,True,False,True,midpoint,0.1912814998209285,0.1912814998209285,36,128
514,48,True,False,True,midpoint_with_inhaler,0.1912814998209285,0.1912814998209285,36,129
514,48,True,False,True,upper_bound,0.1912814998209285,0.1912814998209284,36,130
514,48,True,False,True,upper_bound_with_inhaler,0.1912814998209285,0.1912814998209284,36,131
625,12,False,False,False,one_hot,0.01587434915729012,0.01587434915729012,16,0
625,12,False,False,False,lower_bound,-0.02947491241845444,-0.06523284665280749,16,1
625,12,False,False,False,midpoint,-0.02947491241845444,-0.052069816021464974,16,2
625,12,False,False,False,midpoint_with_inhaler,-0.02947491241845444,-0.052069816021464974,16,3
625,12,False,False,False,upper_bound,-0.02947491241845444,-0.04202076775286824,16,4
625,12,False,False,False,upper_bound_with_inhaler,-0.02947491241845444,-0.04202076775286824,16,5
625,12,False,False,True,one_hot,0.01587434915729012,0.01587434915729012,16,6
625,12,False,False,True,lower_bound,-0.02947491241845444,-0.06523284665280749,16,7
625,12,False,False,True,midpoint,-0.02947491241845444,-0.052069816021464974,16,8
625,12,False,False,True,midpoint_with_inhaler,-0.02947491241845444,-0.052069816021464974,16,9
625,12,False,False,True,upper_bound,-0.02947491241845444,-0.04202076775286824,16,10
625,12,False,False,True,upper_bound_with_inhaler,-0.02947491241845444,-0.04202076775286824,16,11
625,12,False,True,False,one_hot,0.3811393090159241,0.3811393090159241,16,12
625,12,False,True,False,lower_bound,0.28604738083757414,0.057994178320395384,16,13
625,12,False,True,False,midpoint,0.28604738083757414,0.15144923631358825,16,14
625,12,False,True,False,midpoint_with_inhaler,0.28604738083757414,0.15144923631358825,16,15
625,12,False,True,False,upper_bound,0.28604738083757414,0.2131506988699985,16,16
625,12,False,True,False,upper_bound_with_inhaler,0.28604738083757414,0.2131506988699985,16,17
625,12,False,True,True,one_hot,0.3811393090159241,0.3811393090159241,16,18
625,12,False,True,True,lower_bound,0.28604738083757414,0.057994178320395384,16,19
625,12,False,True,True,midpoint,0.28604738083757414,0.15144923631358825,16,20
625,12,False,True,True,midpoint_with_inhaler,0.28604738083757414,0.15144923631358825,16,21
625,12,False,True,True,upper_bound,0.28604738083757414,0.2131506988699985,16,22
625,12,False,True,True,upper_bound_with_inhaler,0.28604738083757414,0.2131506988699985,16,23
625,12,True,False,False,one_hot,0.7218760818742291,0.7218760818742291,16,24
625,12,True,False,False,lower_bound,0.5089854923950337,0.14261905176145118,16,25
625,12,True,False,False,midpoint,0.5089854923950337,0.2300611364913244,16,26
625,12,True,False,False,midpoint_with_inhaler,0.5089854923950337,0.2300611364913244,16,27
625,12,True,False,False,upper_bound,0.5089854923950337,0.29323806964189025,16,28
625,12,True,False,False,upper_bound_with_inhaler,0.5089854923950337,0.29323806964189025,16,29
625,12,True,False,True,one_hot,0.7218760818742291,0.7218760818742291,16,30
625,12,True,False,True,lower_bound,0.5089854923950337,0.14261905176145118,16,31
625,12,True,False,True,midpoint,0.5089854923950337,0.2300611364913244,16,32
625,12,True,False,True,midpoint_with_inhaler,0.5089854923950337,0.2300611364913244,16,33
625,12,True,False,True,upper_bound,0.5089854923950337,0.29323806964189025,16,34
625,12,True,False,True,upper_bound_with_inhaler,0.5089854923950337,0.29323806964189025,16,35
625,24,False,False,False,one_hot,0.07286799355566978,0.07286799355566978,16,36
625,24,False,False,False,lower_bound,-0.06005515497271011,-0.06856910100342278,16,37
625,24,False,False,False,midpoint,-0.06005515497271011,-0.10514155896166831,16,38
625,24,False,False,False,midpoint_with_inhaler,-0.06005515497271011,-0.10514155896166831,16,39
625,24,False,False,False,upper_bound,-0.06005515497271011,-0.12666118316822195,16,40
625,24,False,False,False,upper_bound_with_inhaler,-0.06005515497271011,-0.12666118316822195,16,41
625,24,False,False,True,one_hot,0.07286799355566978,0.07286799355566978,16,42
625,24,False,False,True,lower_bound,-0.06005515497271011,-0.06856910100342278,16,43
625,24,False,False,True,midpoint,-0.06005515497271011,-0.10514155896166831,16,44
625,24,False,False,True,midpoint_with_inhaler,-0.06005515497271011,-0.10514155896166831,16,45
625,24,False,False,True,upper_bound,-0.06005515497271011,-0.12666118316822195,16,46
625,24,False,False,True,upper_bound_with_inhaler,-0.06005515497271011,-0.12666118316822195,16,47
625,24,False,True,False,one_hot,-0.015874349157290135,-0.015874349157290135,16,48
625,24,False,True,False,lower_bound,0.06488223772004892,0.043924232562401806,16,49
625,24,False,True,False,midpoint,0.06488223772004892,-0.004790282766342318,16,50
625,24,False,True,False,midpoint_with_inhaler,0.06488223772004892,-0.004790282766342318,16,51
625,24,False,True,False,upper_bound,0.06488223772004892,-0.039580044096886494,16,52
625,24,False,True,False,upper_bound_with_inhaler,0.06488223772004892,-0.039580044096886494,16,53
625,24,False,True,True,one_hot,-0.015874349157290135,-0.015874349157290135,16,54
625,24,False,True,True,lower_bound,0.06488223772004892,0.043924232562401806,16,55
625,24,False,True,True,midpoint,0.06488223772004892,-0.004790282766342318,16,56
625,24,False,True,True,midpoint_with_inhaler,0.06488223772004892,-0.004790282766342318,16,57
625,24,False,True,True,upper_bound,0.06488223772004892,-0.039580044096886494,16,58
625,24,False,True,True,upper_bound_with_inhaler,0.06488223772004892,-0.039580044096886494,16,59
625,24,True,False,False,one_hot,0.22454648570222732,0.22454648570222732,16,60
625,24,True,False,False,lower_bound,0.262042594845477,0.1418692843025785,16,61
625,24,True,False,False,midpoint,0.262042594845477,0.09554286892257176,16,62
625,24,True,False,False,midpoint_with_inhaler,0.262042594845477,0.09554286892257176,16,63
625,24,True,False,False,upper_bound,0.262042594845477,0.06477506554956146,16,64
625,24,True,False,False,upper_bound_with_inhaler,0.262042594845477,0.06477506554956146,16,65
625,24,True,False,True,one_hot,0.22454648570222732,0.22454648570222732,16,66
625,24,True,False,True,lower_bound,0.262042594845477,0.1418692843025785,16,67
625,24,True,False,True,midpoint,0.262042594845477,0.09554286892257176,16,68
625,24,True,False,True,midpoint_with_inhaler,0.262042594845477,0.09554286892257176,16,69
625,24,True,False,True,upper_bound,0.262042594845477,0.06477506554956146,16,70
625,24,True,False,True,upper_bound_with_inhaler,0.262042594845477,0.06477506554956146,16,71
625,36,False,False,False,one_hot,-0.10121548141985907,-0.10121548141985907,16,72
625,36,False,False,False,lower_bound,0.06405066403191843,0.21433890163015848,16,73
625,36,False,False,False,midpoint,0.06405066403191843,0.16672586686868465,16,74
625,36,False,False,False,midpoint_with_inhaler,0.06405066403191843,0.16672586686868465,16,75
625,36,False,False,False,upper_bound,0.06405066403191843,0.1297569910514337,16,76
625,36,False,False,False,upper_bound_with_inhaler,0.06405066403191843,0.1297569910514337,16,77
625,36,False,False,True,one_hot,-0.10121548141985907,-0.10121548141985907,16,78
625,36,False,False,True,lower_bound,0.06405066403191843,0.21433890163015848,16,79
625,36,False,False,True,midpoint,0.06405066403191843,0.16672586686868465,16,80
625,36,False,False,True,midpoint_with_inhaler,0.06405066403191843,0.16672586686868465,16,81
625,36,False,False,True,upper_bound,0.06405066403191843,0.1297569910514337,16,82
625,36,False,False,True,upper_bound_with_inhaler,0.06405066403191843,0.1297569910514337,16,83
625,36,True,False,False,one_hot,0.6108210223766875,0.6108210223766875,16,84
625,36,True,False,False,lower_bound,0.40528807018887886,0.15208549876028854,16,85
625,36,True,False,False,midpoint,0.40528807018887886,0.14239750486050176,16,86
625,36,True,False,False,midpoint_with_inhaler,0.40528807018887886,0.14239750486050176,16,87
625,36,True,False,False,upper_bound,0.40528807018887886,0.13566621692841302,16,88
625,36,True,False,False,upper_bound_with_inhaler,0.40528807018887886,0.13566621692841302,16,89
625,36,True,False,True,one_hot,0.6108210223766875,0.6108210223766875,16,90
625,36,True,False,True,lower_bound,0.40528807018887886,0.15208549876028854,16,91
625,36,True,False,True,midpoint,0.40528807018887886,0.14239750486050176,16,92
625,36,True,False,True,midpoint_with_inhaler,0.40528807018887886,0.14239750486050176,16,93
625,36,True,False,True,upper_bound,0.40528807018887886,0.13566621692841302,16,94
625,36,True,False,True,upper_bound_with_inhaler,0.40528807018887886,0.13566621692841302,16,95
625,48,False,False,False,one_hot,0.04765508990216245,0.04765508990216245,16,96
625,48,False,False,False,lower_bound,0.42914240805613185,0.6152701719335906,16,97
625,48,False,False,False,midpoint,0.42914240805613185,0.5422262231485978,16,98
625,48,False,False,False,midpoint_with_inhaler,0.42914240805613185,0.5422262231485978,16,99
625,48,False,False,False,upper_bound,0.42914240805613185,0.4798374717894901,16,100
625,48,False,False,False,upper_bound_with_inhaler,0.42914240805613185,0.4798374717894901,16,101
625,48,False,False,True,one_hot,0.04765508990216245,0.04765508990216245,16,102
625,48,False,False,True,lower_bound,0.42914240805613185,0.6152701719335906,16,103
625,48,False,False,True,midpoint,0.42914240805613185,0.5422262231485978,16,104
625,48,False,False,True,midpoint_with_inhaler,0.42914240805613185,0.5422262231485978,16,105
625,48,False,False,True,upper_bound,0.42914240805613185,0.4798374717894901,16,106
625,48,False,False,True,upper_bound_with_inhaler,0.42914240805613185,0.4798374717894901,16,107
625,48,False,True,False,one_hot,0.09790159931512982,0.09790159931512982,16,108
625,48,False,True,False,lower_bound,0.16254233583981745,0.3097161324229504,16,109
625,48,False,True,False,midpoint,0.16254233583981745,0.31648843349468303,16,110
625,48,False,True,False,midpoint_with_inhaler,0.16254233583981745,0.31648843349468303,16,111
625,48,False,True,False,upper_bound,0.16254233583981745,0.3136217787698567,16,112
625,48,False,True,False,upper_bound_with_inhaler,0.16254233583981745,0.3136217787698567,16,113
625,48,False,True,True,one_hot,0.09790159931512982,0.09790159931512982,16,114
625,48,False,True,True,lower_bound,0.16254233583981745,0.3097161324229504,16,115
625,48,False,True,True,midpoint,0.16254233583981745,0.31648843349468303,16,116
625,48,False,True,True,midpoint_with_inhaler,0.16254233583981745,0.31648843349468303,16,117
625,48,False,True,True,upper_bound,0.16254233583981745,0.3136217787698567,16,118
625,48,False,True,True,upper_bound_with_inhaler,0.16254233583981745,0.3136217787698567,16,119
625,48,True,False,False,one_hot,-0.34657359027997264,-0.34657359027997264,16,120
625,48,True,False,False,lower_bound,0.10288537048043693,0.30176939708752365,16,121
625,48,True,False,False,midpoint,0.10288537048043693,0.3024090044742308,16,122
625,48,True,False,False,midpoint_with_inhaler,0.10288537048043693,0.3024090044742308,16,123
625,48,True,False,False,upper_bound,0.10288537048043693,0.2848090500183464,16,124
625,48,True,False,False,upper_bound_with_inhaler,0.10288537048043693,0.2848090500183464,16,125
625,48,True,False,True,one_hot,-0.34657359027997264,-0.34657359027997264,16,126
625,48,True,False,True,lower_bound,0.10288537048043693,0.30176939708752365,16,127
625,48,True,False,True,midpoint,0.10288537048043693,0.3024090044742308,16,128
625,48,True,False,True,midpoint_with_inhaler,0.10288537048043693,0.3024090044742308,16,129
625,48,True,False,True,upper_bound,0.10288537048043693,0.2848090500183464,16,130
625,48,True,False,True,upper_bound_with_inhaler,0.10288537048043693,0.2848090500183464,16,131
701,12,False,False,False,one_hot,,,30,0
701,12,False,False,False,lower_bound,0.2542710907146033,0.24982304366167649,30,1
701,12,False,False,False,midpoint,0.2542710907146033,0.2593948844302535,30,2
701,12,False,False,False,midpoint_with_inhaler,0.2542710907146033,0.2593948844302535,30,3
701,12,False,False,False,upper_bound,0.2542710907146033,0.2580933307232509,30,4
701,12,False,False,False,upper_bound_with_inhaler,0.2542710907146033,0.2580933307232509,30,5
701,12,False,False,True,one_hot,,,30,6
701,12,False,False,True,lower_bound,0.2542710907146033,0.24982304366167649,30,7
701,12,False,False,True,midpoint,0.2542710907146033,0.2593948844302535,30,8
701,12,False,False,True,midpoint_with_inhaler,0.2542710907146033,0.2593948844302535,30,9
701,12,False,False,True,upper_bound,0.2542710907146033,0.2580933307232509,30,10
701,12,False,False,True,upper_bound_with_inhaler,0.2542710907146033,0.2580933307232509,30,11
701,12,False,True,False,one_hot,,,30,12
701,12,False,True,False,lower_bound,0.3853472740318273,0.39914780971036123,30,13
701,12,False,True,False,midpoint,0.3853472740318273,0.4005800490375745,30,14
701,12,False,True,False,midpoint_with_inhaler,0.3853472740318273,0.4005800490375745,30,15
701,12,False,True,False,upper_bound,0.3853472740318273,0.39571024300988344,30,16
701,12,False,True,False,upper_bound_with_inhaler,0.3853472740318273,0.39571024300988344,30,17
701,12,False,True,True,one_hot,,,30,18
701,12,False,True,True,lower_bound,0.3853472740318273,0.39914780971036123,30,19
701,12,False,True,True,midpoint,0.3853472740318273,0.4005800490375745,30,20
701,12,False,True,True,midpoint_with_inhaler,0.3853472740318273,0.4005800490375745,30,21
701,12,False,True,True,upper_bound,0.3853472740318273,0.39571024300988344,30,22
701,12,False,True,True,upper_bound_with_inhaler,0.3853472740318273,0.39571024300988344,30,23
701,12,True,False,False,one_hot,,,30,24
701,12,True,False,False,lower_bound,0.20235518962500026,0.23582659091166366,30,25
701,12,True,False,False,midpoint,0.20235518962500026,0.24193550715616816,30,26
701,12,True,False,False,midpoint_with_inhaler,0.20235518962500026,0.24193550715616816,30,27
701,12,True,False,False,upper_bound,0.20235518962500026,0.24749241140288877,30,28
701,12,True,False,False,upper_bound_with_inhaler,0.20235518962500026,0.24749241140288877,30,29
701,12,True,False,True,one_hot,,,30,30
701,12,True,False,True,lower_bound,0.20235518962500026,0.23582659091166366,30,31
701,12,True,False,True,midpoint,0.20235518962500026,0.24193550715616816,30,32
701,12,True,False,True,midpoint_with_inhaler,0.20235518962500026,0.24193550715616816,30,33
701,12,True,False,True,upper_bound,0.20235518962500026,0.24749241140288877,30,34
701,12,True,False,True,upper_bound_with_inhaler,0.20235518962500026,0.24749241140288877,30,35
701,24,False,False,False,one_hot,,,30,36
701,24,False,False,False,lower_bound,0.29954155341793387,0.32181289037244837,30,37
701,24,False,False,False,midpoint,0.29954155341793387,0.32663185815366635,30,38
701,24,False,False,False,midpoint_with_inhaler,0.29954155341793387,0.32663185815366635,30,39
701,24,False,False,False,upper_bound,0.29954155341793387,0.3270558394879105,30,40
701,24,False,False,False,upper_bound_with_inhaler,0.29954155341793387,0.3270558394879105,30,41
701,24,False,False,True,one_hot,,,30,42
701,24,False,False,True,lower_bound,0.29954155341793387,0.32181289037244837,30,43
701,24,False,False,True,midpoint,0.29954155341793387,0.32663185815366635,30,44
701,24,False,False,True,midpoint_with_inhaler,0.29954155341793387,0.32663185815366635,30,45
701,24,False,False,True,upper_bound,0.29954155341793387,0.3270558394879105,30,46
701,24,False,False,True,upper_bound_with_inhaler,0.29954155341793387,0.3270558394879105,30,47
701,24,False,True,False,one_hot,,,30,48
701,24,False,True,False,lower_bound,0.06045959955922776,0.014472881388239118,30,49
701,24,False,True,False,midpoint,0.06045959955922776,0.01047051857313312,30,50
701,24,False,True,False,midpoint_with_inhaler,0.06045959955922776,0.01047051857313312,30,51
701,24,False,True,False,upper_bound,0.06045959955922776,-0.001627921225153014,30,52
701,24,False,True,False,upper_bound_with_inhaler,0.06045959955922776,-0.001627921225153014,30,53
701,24,False,True,True,one_hot,,,30,54
701,24,False,True,True,lower_bound,0.06045959955922776,0.014472881388239118,30,55
701,24,False,True,True,midpoint,0.06045959955922776,0.01047051857313312,30,56
701,24,False,True,True,midpoint_with_inhaler,0.06045959955922776,0.01047051857313312,30,57
701,24,False,True,True,upper_bound,0.06045959955922776,-0.001627921225153014,30,58
701,24,False,True,True,upper_bound_with_inhaler,0.06045959955922776,-0.001627921225153014,30,59
701,24,True,False,False,one_hot,,,30,60
701,24,True,False,False,lower_bound,0.29954155341793387,0.32181289037244837,30,61
701,24,True,False,False,midpoint,0.29954155341793387,0.32663185815366635,30,62
701,24,True,False,False,midpoint_with_inhaler,0.29954155341793387,0.32663185815366635,30,63
701,24,True,False,False,upper_bound,0.29954155341793387,0.3270558394879105,30,64
701,24,True,False,False,upper_bound_with_inhaler,0.29954155341793387,0.3270558394879105,30,65
701,24,True,False,True,one_hot,,,30,66
701,24,True,False,True,lower_bound,0.29954155341793387,0.32181289037244837,30,67
701,24,True,False,True,midpoint,0.29954155341793387,0.32663185815366635,30,68
701,24,True,False,True,midpoint_with_inhaler,0.29954155341793387,0.32663185815366635,30,69
701,24,True,False,True,upper_bound,0.29954155341793387,0.3270558394879105,30,70
701,24,True,False,True,upper_bound_with_inhaler,0.29954155341793387,0.3270558394879105,30,71
701,36,False,False,False,one_hot,,,30,72
701,36,False,False,False,lower_bound,0.29278895335776345,0.35418547075938484,30,73
701,36,False,False,False,midpoint,0.29278895335776345,0.28714963482819145,30,74
701,36,False,False,False,midpoint_with_inhaler,0.29278895335776345,0.28714963482819145,30,75
701,36,False,False,False,upper_bound,0.29278895335776345,0.2514227089478458,30,76
701,36,False,False,False,upper_bound_with_inhaler,0.29278895335776345,0.2514227089478458,30,77
701,36,False,False,True,one_hot,,,30,78
701,36,False,False,True,lower_bound,0.29278895335776345,0.35418547075938484,30,79
701,36,False,False,True,midpoint,0.29278895335776345,0.28714963482819145,30,80
701,36,False,False,True,midpoint_with_inhaler,0.29278895335776345,0.28714963482819145,30,81
701,36,False,False,True,upper_bound,0.29278895335776345,0.2514227089478458,30,82
701,36,False,False,True,upper_bound_with_inhaler,0.29278895335776345,0.2514227089478458,30,83
701,36,True,False,False,one_hot,,,30,84
701,36,True,False,False,lower_bound,0.07741933683635085,0.1236370518080331,30,85
701,36,True,False,False,midpoint,0.07741933683635085,0.13340757208524118,30,86
701,36,True,False,False,midpoint_with_inhaler,0.07741933683635085,0.13340757208524118,30,87
701,36,True,False,False,upper_bound,0.07741933683635085,0.14591161379503223,30,88
701,36,True,False,False,upper_bound_with_inhaler,0.07741933683635085,0.14591161379503223,30,89
701,36,True,False,True,one_hot,,,30,90
701,36,True,False,True,lower_bound,0.07741933683635085,0.1236370518080331,30,91
701,36,True,False,True,midpoint,0.07741933683635085,0.13340757208524118,30,92
701,36,True,False,True,midpoint_with_inhaler,0.07741933683635085,0.13340757208524118,30,93
701,36,True,False,True,upper_bound,0.07741933683635085,0.14591161379503223,30,94
701,36,True,False,True,upper_bound_with_inhaler,0.07741933683635085,0.14591161379503223,30,95
701,48,False,False,False,one_hot,,,30,96
701,48,False,False,False,lower_bound,0.24416650013269897,0.35327522939714684,30,97
701,48,False,False,False,midpoint,0.24416650013269897,0.2822490552709522,30,98
701,48,False,False,False,midpoint_with_inhaler,0.24416650013269897,0.2822490552709522,30,99
701,48,False,False,False,upper_bound,0.24416650013269897,0.24622071194137476,30,100
701,48,False,False,False,upper_bound_with_inhaler,0.24416650013269897,0.24622071194137476,30,101
701,48,False,False,True,one_hot,,,30,102
701,48,False,False,True,lower_bound,0.24416650013269897,0.35327522939714684,30,103
701,48,False,False,True,midpoint,0.24416650013269897,0.2822490552709522,30,104
701,48,False,False,True,midpoint_with_inhaler,0.24416650013269897,0.2822490552709522,30,105
701,48,False,False,True,upper_bound,0.24416650013269897,0.24622071194137476,30,106
701,48,False,False,True,upper_bound_with_inhaler,0.24416650013269897,0.24622071194137476,30,107
701,48,False,True,False,one_hot,,,30,108
701,48,False,True,False,lower_bound,-0.13151728141385072,-0.16103753157751297,30,109
701,48,False,True,False,midpoint,-0.13151728141385072,-0.1713881653546061,30,110
701,48,False,True,False,midpoint_with_inhaler,-0.13151728141385072,-0.1713881653546061,30,111
701,48,False,True,False,upper_bound,-0.13151728141385072,-0.18103521501652814,30,112
701,48,False,True,False,upper_bound_with_inhaler,-0.13151728141385072,-0.18103521501652814,30,113
701,48,False,True,True,one_hot,,,30,114
701,48,False,True,True,lower_bound,-0.13151728141385072,-0.16103753157751297,30,115
701,48,False,True,True,midpoint,-0.13151728141385072,-0.1713881653546061,30,116
701,48,False,True,True,midpoint_with_inhaler,-0.13151728141385072,-0.1713881653546061,30,117
701,48,False,True,True,upper_bound,-0.13151728141385072,-0.18103521501652814,30,118
701,48,False,True,True,upper_bound_with_inhaler,-0.13151728141385072,-0.18103521501652814,30,119
701,48,True,False,False,one_hot,,,30,120
701,48,True,False,False,lower_bound,0.12510402367966614,0.1406219227945466,30,121
701,48,True,False,False,midpoint,0.12510402367966614,0.12227941204935164,30,122
701,48,True,False,False,midpoint_with_inhaler,0.12510402367966614,0.12227941204935164,30,123
701,48,True,False,False,upper_bound,0.12510402367966614,0.11065439618743526,30,124
701,48,True,False,False,upper_bound_with_inhaler,0.12510402367966614,0.11065439618743526,30,125
701,48,True,False,True,one_hot,,,30,126
701,48,True,False,True,lower_bound,0.12510402367966614,0.1406219227945466,30,127
701,48,True,False,True,midpoint,0.12510402367966614,0.12227941204935164,30,128
701,48,True,False,True,midpoint_with_inhaler,0.12510402367966614,0.12227941204935164,30,129
701,48,True,False,True,upper_bound,0.12510402367966614,0.11065439618743526,30,130
701,48,True,False,True,upper_bound_with_inhaler,0.12510402367966614,0.11065439618743526,30,131
702,12,False,False,False,one_hot,0.6940940682772936,0.6940940682772934,120,0
702,12,False,False,False,lower_bound,0.7333156211726775,0.9752691954427375,120,1
702,12,False,False,False,midpoint,0.7333156211726775,0.8928863366728914,120,2
702,12,False,False,False,midpoint_with_inhaler,0.7333156211726775,0.8928863366728914,120,3
702,12,False,False,False,upper_bound,0.7333156211726775,0.8393406642171648,120,4
702,12,False,False,False,upper_bound_with_inhaler,0.7333156211726775,0.8393406642171648,120,5
702,12,False,False,True,one_hot,0.6940940682772936,0.6940940682772934,120,6
702,12,False,False,True,lower_bound,0.7333156211726775,0.9752691954427375,120,7
702,12,False,False,True,midpoint,0.7333156211726775,0.8928863366728914,120,8
702,12,False,False,True,midpoint_with_inhaler,0.7333156211726775,0.8928863366728914,120,9
702,12,False,False,True,upper_bound,0.7333156211726775,0.8393406642171648,120,10
702,12,False,False,True,upper_bound_with_inhaler,0.7333156211726775,0.8393406642171648,120,11
702,12,False,True,False,one_hot,0.3447028098371694,0.34470280983716933,120,12
702,12,False,True,False,lower_bound,0.42795451141414215,0.5649618582105109,120,13
702,12,False,True,False,midpoint,0.42795451141414215,0.546899558163307,120,14
702,12,False,True,False,midpoint_with_inhaler,0.42795451141414215,0.546899558163307,120,15
702,12,False,True,False,upper_bound,0.42795451141414215,0.5287524618205359,120,16
702,12,False,True,False,upper_bound_with_inhaler,0.42795451141414215,0.5287524618205359,120,17
702,12,False,True,True,one_hot,0.3447028098371694,0.34470280983716933,120,18
702,12,False,True,True,lower_bound,0.42795451141414215,0.5649618582105109,120,19
702,12,False,True,True,midpoint,0.42795451141414215,0.546899558163307,120,20
702,12,False,True,True,midpoint_with_inhaler,0.42795451141414215,0.546899558163307,120,21
702,12,False,True,True,upper_bound,0.42795451141414215,0.5287524618205359,120,22
702,12,False,True,True,upper_bound_with_inhaler,0.42795451141414215,0.5287524618205359,120,23
702,12,True,False,False,one_hot,0.47357145530561945,0.47357145530561945,120,24
702,12,True,False,False,lower_bound,0.5598568446842204,0.8484384450122259,120,25
702,12,True,False,False,midpoint,0.5598568446842204,0.8359086585155068,120,26
702,12,True,False,False,midpoint_with_inhaler,0.5598568446842204,0.8359086585155068,120,27
702,12,True,False,False,upper_bound,0.5598568446842204,0.8200338721352465,120,28
702,12,True,False,False,upper_bound_with_inhaler,0.5598568446842204,0.8200338721352465,120,29
702,12,True,False,True,one_hot,0.47357145530561945,0.47357145530561945,120,30
702,12,True,False,True,lower_bound,0.5598568446842204,0.8484384450122259,120,31
702,12,True,False,True,midpoint,0.5598568446842204,0.8359086585155068,120,32
702,12,True,False,True,midpoint_with_inhaler,0.5598568446842204,0.8359086585155068,120,33
702,12,True,False,True,upper_bound,0.5598568446842204,0.8200338721352465,120,34
702,12,True,False,True,upper_bound_with_inhaler,0.5598568446842204,0.8200338721352465,120,35
702,24,False,False,False,one_hot,0.4620206915806938,0.4620206915806938,120,36
702,24,False,False,False,lower_bound,0.5744157416066152,1.063172604743306,120,37
702,24,False,False,False,midpoint,0.5744157416066152,0.9867139356924751,120,38
702,24,False,False,False,midpoint_with_inhaler,0.5744157416066152,0.9867139356924751,120,39
702,24,False,False,False,upper_bound,0.5744157416066152,0.9301690770140095,120,40
702,24,False,False,False,upper_bound_with_inhaler,0.5744157416066152,0.9301690770140095,120,41
702,24,False,False,True,one_hot,0.4620206915806938,0.4620206915806938,120,42
702,24,False,False,True,lower_bound,0.5744157416066152,1.063172604743306,120,43
702,24,False,False,True,midpoint,0.5744157416066152,0.9867139356924751,120,44
702,24,False,False,True,midpoint_with_inhaler,0.5744157416066152,0.9867139356924751,120,45
702,24,False,False,True,upper_bound,0.5744157416066152,0.9301690770140095,120,46
702,24,False,False,True,upper_bound_with_inhaler,0.5744157416066152,0.9301690770140095,120,47
702,24,False,True,False,one_hot,0.5811226766081375,0.5811226766081374,120,48
702,24,False,True,False,lower_bound,0.6617714772173547,1.06455296497281,120,49
702,24,False,True,False,midpoint,0.6617714772173547,1.012943325648497,120,50
702,24,False,True,False,midpoint_with_inhaler,0.6617714772173547,1.012943325648497,120,51
702,24,False,True,False,upper_bound,0.6617714772173547,0.9726076094054814,120,52
702,24,False,True,False,upper_bound_with_inhaler,0.6617714772173547,0.9726076094054814,120,53
702,24,False,True,True,one_hot,0.5811226766081375,0.5811226766081374,120,54
702,24,False,True,True,lower_bound,0.6617714772173547,1.06455296497281,120,55
702,24,False,True,True,midpoint,0.6617714772173547,1.012943325648497,120,56
702,24,False,True,True,midpoint_with_inhaler,0.6617714772173547,1.012943325648497,120,57
702,24,False,True,True,upper_bound,0.6617714772173547,0.9726076094054814,120,58
702,24,False,True,True,upper_bound_with_inhaler,0.6617714772173547,0.9726076094054814,120,59
702,24,True,False,False,one_hot,0.569520205003214,0.569520205003214,120,60
702,24,True,False,False,lower_bound,0.6568390285130696,1.0517853883408856,120,61
702,24,True,False,False,midpoint,0.6568390285130696,1.0158411059500727,120,62
702,24,True,False,False,midpoint_with_inhaler,0.6568390285130696,1.0158411059500727,120,63
702,24,True,False,False,upper_bound,0.6568390285130696,0.9808805306154561,120,64
702,24,True,False,False,upper_bound_with_inhaler,0.6568390285130696,0.9808805306154561,120,65
702,24,True,False,True,one_hot,0.569520205003214,0.569520205003214,120,66
702,24,True,False,True,lower_bound,0.6568390285130696,1.0517853883408856,120,67
702,24,True,False,True,midpoint,0.6568390285130696,1.0158411059500727,120,68
702,24,True,False,True,midpoint_with_inhaler,0.6568390285130696,1.0158411059500727,120,69
702,24,True,False,True,upper_bound,0.6568390285130696,0.9808805306154561,120,70
702,24,True,False,True,upper_bound_with_inhaler,0.6568390285130696,0.9808805306154561,120,71
702,36,False,False,False,one_hot,0.4925385031091246,0.4925385031091246,120,72
702,36,False,False,False,lower_bound,0.633940876910634,1.1059870129639493,120,73
702,36,False,False,False,midpoint,0.633940876910634,1.0804001115989665,120,74
702,36,False,False,False,midpoint_with_inhaler,0.633940876910634,1.0804001115989665,120,75
702,36,False,False,False,upper_bound,0.633940876910634,1.0464556024348615,120,76
702,36,False,False,False,upper_bound_with_inhaler,0.633940876910634,1.0464556024348615,120,77
702,36,False,False,True,one_hot,0.4925385031091246,0.4925385031091246,120,78
702,36,False,False,True,lower_bound,0.633940876910634,1.1059870129639493,120,79
702,36,False,False,True,midpoint,0.633940876910634,1.0804001115989665,120,80
702,36,False,False,True,midpoint_with_inhaler,0.633940876910634,1.0804001115989665,120,81
702,36,False,False,True,upper_bound,0.633940876910634,1.0464556024348615,120,82
702,36,False,False,True,upper_bound_with_inhaler,0.633940876910634,1.0464556024348615,120,83
702,36,True,False,False,one_hot,0.36167392798072784,0.3616739279807278,120,84
702,36,True,False,False,lower_bound,0.4331401116090065,0.7388178152084866,120,85
702,36,True,False,False,midpoint,0.4331401116090065,0.68231357874994,120,86
702,36,True,False,False,midpoint_with_inhaler,0.4331401116090065,0.68231357874994,120,87
702,36,True,False,False,upper_bound,0.4331401116090065,0.6384459905662557,120,88
702,36,True,False,False,upper_bound_with_inhaler,0.4331401116090065,0.6384459905662557,120,89
702,36,True,False,True,one_hot,0.36167392798072784,0.3616739279807278,120,90
702,36,True,False,True,lower_bound,0.4331401116090065,0.7388178152084866,120,91
702,36,True,False,True,midpoint,0.4331401116090065,0.68231357874994,120,92
702,36,True,False,True,midpoint_with_inhaler,0.4331401116090065,0.68231357874994,120,93
702,36,True,False,True,upper_bound,0.4331401116090065,0.6384459905662557,120,94
702,36,True,False,True,upper_bound_with_inhaler,0.4331401116090065,0.6384459905662557,120,95
702,48,False,False,False,one_hot,0.41443545115481506,0.41443545115481506,120,96
702,48,False,False,False,lower_bound,0.6106449242169191,1.13589111652483,120,97
702,48,False,False,False,midpoint,0.6106449242169191,1.089492555474269,120,98
702,48,False,False,False,midpoint_with_inhaler,0.6106449242169191,1.089492555474269,120,99
702,48,False,False,False,upper_bound,0.6106449242169191,1.0425433366435288,120,100
702,48,False,False,False,upper_bound_with_inhaler,0.6106449242169191,1.0425433366435288,120,101
702,48,False,False,True,one_hot,0.41443545115481506,0.41443545115481506,120,102
702,48,False,False,True,lower_bound,0.6106449242169191,1.13589111652483,120,103
702,48,False,False,True,midpoint,0.6106449242169191,1.089492555474269,120,104
702,48,False,False,True,midpoint_with_inhaler,0.6106449242169191,1.089492555474269,120,105
702,48,False,False,True,upper_bound,0.6106449242169191,1.0425433366435288,120,106
702,48,False,False,True,upper_bound_with_inhaler,0.6106449242169191,1.0425433366435288,120,107
702,48,False,True,False,one_hot,0.1908789659884496,0.1908789659884496,120,108
702,48,False,True,False,lower_bound,0.26126079209635505,0.5266416831420118,120,109
702,48,False,True,False,midpoint,0.26126079209635505,0.4937888808738281,120,110
702,48,False,True,False,midpoint_with_inhaler,0.26126079209635505,0.4937888808738281,120,111
702,48,False,True,False,upper_bound,0.26126079209635505,0.4658639308589066,120,112
702,48,False,True,False,upper_bound_with_inhaler,0.26126079209635505,0.4658639308589066,120,113
702,48,False,True,True,one_hot,0.1908789659884496,0.1908789659884496,120,114
702,48,False,True,True,lower_bound,0.26126079209635505,0.5266416831420118,120,115
702,48,False,True,True,midpoint,0.26126079209635505,0.4937888808738281,120,116
702,48,False,True,True,midpoint_with_inhaler,0.26126079209635505,0.4937888808738281,120,117
702,48,False,True,True,upper_bound,0.26126079209635505,0.4658639308589066,120,118
702,48,False,True,True,upper_bound_with_inhaler,0.26126079209635505,0.4658639308589066,120,119
702,48,True,False,False,one_hot,0.19748849226178394,0.19748849226178394,120,120
702,48,True,False,False,lower_bound,0.26882169324801025,0.5369567041708878,120,121
702,48,True,False,False,midpoint,0.26882169324801025,0.49450628896066606,120,122
702,48,True,False,False,midpoint_with_inhaler,0.26882169324801025,0.49450628896066606,120,123
702,48,True,False,False,upper_bound,0.26882169324801025,0.4621032997778299,120,124
702,48,True,False,False,upper_bound_with_inhaler,0.26882169324801025,0.4621032997778299,120,125
702,48,True,False,True,one_hot,0.19748849226178394,0.19748849226178394,120,126
702,48,True,False,True,lower_bound,0.26882169324801025,0.5369567041708878,120,127
702,48,True,False,True,midpoint,0.26882169324801025,0.49450628896066606,120,128
702,48,True,False,True,midpoint_with_inhaler,0.26882169324801025,0.49450628896066606,120,129
702,48,True,False,True,upper_bound,0.26882169324801025,0.4621032997778299,120,130
702,48,True,False,True,upper_bound_with_inhaler,0.26882169324801025,0.4621032997778299,120,131
917,12,False,False,False,one_hot,0.6894278330666723,0.6894278330666723,9,0
917,12,False,False,False,lower_bound,1.225120791843648,1.512536631199911,9,1
917,12,False,False,False,midpoint,1.225120791843648,1.541299281492634,9,2
917,12,False,False,False,midpoint_with_inhaler,1.225120791843648,1.541299281492634,9,3
917,12,False,False,False,upper_bound,1.225120791843648,1.4920219644118105,9,4
917,12,False,False,False,upper_bound_with_inhaler,1.225120791843648,1.4920219644118105,9,5
917,12,False,False,True,one_hot,0.6894278330666723,0.6894278330666723,9,6
917,12,False,False,True,lower_bound,1.225120791843648,1.512536631199911,9,7
917,12,False,False,True,midpoint,1.225120791843648,1.541299281492634,9,8
917,12,False,False,True,midpoint_with_inhaler,1.225120791843648,1.541299281492634,9,9
917,12,False,False,True,upper_bound,1.225120791843648,1.4920219644118105,9,10
917,12,False,False,True,upper_bound_with_inhaler,1.225120791843648,1.4920219644118105,9,11
917,12,False,True,False,one_hot,,,9,12
917,12,False,True,False,lower_bound,1.139815372444767,1.0708467708567455,9,13
917,12,False,True,False,midpoint,1.139815372444767,1.0079212132293447,9,14
917,12,False,True,False,midpoint_with_inhaler,1.139815372444767,1.0079212132293447,9,15
917,12,False,True,False,upper_bound,1.139815372444767,0.9439430489091212,9,16
917,12,False,True,False,upper_bound_with_inhaler,1.139815372444767,0.9439430489091212,9,17
917,12,False,True,True,one_hot,,,9,18
917,12,False,True,True,lower_bound,1.139815372444767,1.0708467708567455,9,19
917,12,False,True,True,midpoint,1.139815372444767,1.0079212132293447,9,20
917,12,False,True,True,midpoint_with_inhaler,1.139815372444767,1.0079212132293447,9,21
917,12,False,True,True,upper_bound,1.139815372444767,0.9439430489091212,9,22
917,12,False,True,True,upper_bound_with_inhaler,1.139815372444767,0.9439430489091212,9,23
917,12,True,False,False,one_hot,0.4180480042601457,0.4180480042601458,9,24
917,12,True,False,False,lower_bound,1.1276940760091223,1.4482787810763054,9,25
917,12,True,False,False,midpoint,1.1276940760091223,1.459730758865116,9,26
917,12,True,False,False,midpoint_with_inhaler,1.1276940760091223,1.459730758865116,9,27
917,12,True,False,False,upper_bound,1.1276940760091223,1.4024476459762014,9,28
917,12,True,False,False,upper_bound_with_inhaler,1.1276940760091223,1.4024476459762014,9,29
917,12,True,False,True,one_hot,0.4180480042601457,0.4180480042601458,9,30
917,12,True,False,True,lower_bound,1.1276940760091223,1.4482787810763054,9,31
917,12,True,False,True,midpoint,1.1276940760091223,1.459730758865116,9,32
917,12,True,False,True,midpoint_with_inhaler,1.1276940760091223,1.459730758865116,9,33
917,12,True,False,True,upper_bound,1.1276940760091223,1.4024476459762014,9,34
917,12,True,False,True,upper_bound_with_inhaler,1.1276940760091223,1.4024476459762014,9,35
917,24,False,False,False,one_hot,0.4180480042601458,0.4180480042601458,9,36
917,24,False,False,False,lower_bound,1.2360999992594426,1.1244189920334007,9,37
917,24,False,False,False,midpoint,1.2360999992594426,1.1572580209852181,9,38
917,24,False,False,False,midpoint_with_inhaler,1.2360999992594426,1.1572580209852181,9,39
917,24,False,False,False,upper_bound,1.2360999992594426,1.1722746460465387,9,40
917,24,False,False,False,upper_bound_with_inhaler,1.2360999992594426,1.1722746460465387,9,41
917,24,False,False,True,one_hot,0.4180480042601458,0.4180480042601458,9,42
917,24,False,False,True,lower_bound,1.2360999992594426,1.1244189920334007,9,43
917,24,False,False,True,midpoint,1.2360999992594426,1.1572580209852181,9,44
917,24,False,False,True,midpoint_with_inhaler,1.2360999992594426,1.1572580209852181,9,45
917,24,False,False,True,upper_bound,1.2360999992594426,1.1722746460465387,9,46
917,24,False,False,True,upper_bound_with_inhaler,1.2360999992594426,1.1722746460465387,9,47
917,24,False,True,False,one_hot,0.4180480042601457,0.4180480042601458,9,48
917,24,False,True,False,lower_bound,0.7448649741840664,0.9791317192731284,9,49
917,24,False,True,False,midpoint,0.7448649741840664,1.0555991737057728,9,50
917,24,False,True,False,midpoint_with_inhaler,0.7448649741840664,1.0555991737057728,9,51
917,24,False,True,False,upper_bound,0.7448649741840664,1.0784647724540606,9,52
917,24,False,True,False,upper_bound_with_inhaler,0.7448649741840664,1.0784647724540606,9,53
917,24,False,True,True,one_hot,0.4180480042601457,0.4180480042601458,9,54
917,24,False,True,True,lower_bound,0.7448649741840664,0.9791317192731284,9,55
917,24,False,True,True,midpoint,0.7448649741840664,1.0555991737057728,9,56
917,24,False,True,True,midpoint_with_inhaler,0.7448649741840664,1.0555991737057728,9,57
917,24,False,True,True,upper_bound,0.7448649741840664,1.0784647724540606,9,58
917,24,False,True,True,upper_bound_with_inhaler,0.7448649741840664,1.0784647724540606,9,59
917,24,True,False,False,one_hot,0.4180480042601457,0.4180480042601458,9,60
917,24,True,False,False,lower_bound,0.9975672940503284,0.9326939622902116,9,61
917,24,True,False,False,midpoint,0.9975672940503284,1.0037594946820765,9,62
917,24,True,False,False,midpoint_with_inhaler,0.9975672940503284,1.0037594946820765,9,63
917,24,True,False,False,upper_bound,0.9975672940503284,1.0461845544216688,9,64
917,24,True,False,False,upper_bound_with_inhaler,0.9975672940503284,1.0461845544216688,9,65
917,24,True,False,True,one_hot,0.4180480042601457,0.4180480042601458,9,66
917,24,True,False,True,lower_bound,0.9975672940503284,0.9326939622902116,9,67
917,24,True,False,True,midpoint,0.9975672940503284,1.0037594946820765,9,68
917,24,True,False,True,midpoint_with_inhaler,0.9975672940503284,1.0037594946820765,9,69
917,24,True,False,True,upper_bound,0.9975672940503284,1.0461845544216688,9,70
917,24,True,False,True,upper_bound_with_inhaler,0.9975672940503284,1.0461845544216688,9,71
917,36,False,False,False,one_hot,,,9,72
917,36,False,False,False,lower_bound,0.8685699774594375,1.2479572547845916,9,73
917,36,False,False,False,midpoint,0.8685699774594375,1.2699111875898885,9,74
917,36,False,False,False,midpoint_with_inhaler,0.8685699774594375,1.2699111875898885,9,75
917,36,False,False,False,upper_bound,0.8685699774594375,1.2769412646296603,9,76
917,36,False,False,False,upper_bound_with_inhaler,0.8685699774594375,1.2769412646296603,9,77
917,36,False,False,True,one_hot,,,9,78
917,36,False,False,True,lower_bound,0.8685699774594375,1.2479572547845916,9,79
917,36,False,False,True,midpoint,0.8685699774594375,1.2699111875898885,9,80
917,36,False,False,True,midpoint_with_inhaler,0.8685699774594375,1.2699111875898885,9,81
917,36,False,False,True,upper_bound,0.8685699774594375,1.2769412646296603,9,82
917,36,False,False,True,upper_bound_with_inhaler,0.8685699774594375,1.2769412646296603,9,83
917,36,True,False,False,one_hot,,,9,84
917,36,True,False,False,lower_bound,0.39865960700456204,0.40816279375912423,9,85
917,36,True,False,False,midpoint,0.39865960700456204,0.4595120202961416,9,86
917,36,True,False,False,midpoint_with_inhaler,0.39865960700456204,0.4595120202961416,9,87
917,36,True,False,False,upper_bound,0.39865960700456204,0.49855149668871956,9,88
917,36,True,False,False,upper_bound_with_inhaler,0.39865960700456204,0.49855149668871956,9,89
917,36,True,False,True,one_hot,,,9,90
917,36,True,False,True,lower_bound,0.39865960700456204,0.40816279375912423,9,91
917,36,True,False,True,midpoint,0.39865960700456204,0.4595120202961416,9,92
917,36,True,False,True,midpoint_with_inhaler,0.39865960700456204,0.4595120202961416,9,93
917,36,True,False,True,upper_bound,0.39865960700456204,0.49855149668871956,9,94
917,36,True,False,True,upper_bound_with_inhaler,0.39865960700456204,0.49855149668871956,9,95
917,48,False,False,False,one_hot,,,9,96
917,48,False,False,False,lower_bound,0.5661062935653876,0.9571281264967357,9,97
917,48,False,False,False,midpoint,0.5661062935653876,0.821563234621288,9,98
917,48,False,False,False,midpoint_with_inhaler,0.5661062935653876,0.8683529756418997,9,99
917,48,False,False,False,upper_bound,0.5661062935653876,0.6867872660356752,9,100
917,48,False,False,False,upper_bound_with_inhaler,0.5661062935653876,0.7434584151995904,9,101
917,48,False,False,True,one_hot,,,9,102
917,48,False,False,True,lower_bound,0.5661062935653876,0.9571281264967357,9,103
917,48,False,False,True,midpoint,0.5661062935653876,0.821563234621288,9,104
917,48,False,False,True,midpoint_with_inhaler,0.5661062935653876,0.8683529756418997,9,105
917,48,False,False,True,upper_bound,0.5661062935653876,0.6867872660356752,9,106
917,48,False,False,True,upper_bound_with_inhaler,0.5661062935653876,0.7434584151995904,9,107
917,48,False,True,False,one_hot,0.4180480042601457,0.4180480042601458,9,108
917,48,False,True,False,lower_bound,0.20285411880668555,0.18642777635059998,9,109
917,48,False,True,False,midpoint,0.20285411880668555,0.12732278071261602,9,110
917,48,False,True,False,midpoint_with_inhaler,0.20285411880668555,0.12732278071261602,9,111
917,48,False,True,False,upper_bound,0.20285411880668555,0.08459370480528881,9,112
917,48,False,True,False,upper_bound_with_inhaler,0.20285411880668555,0.08459370480528881,9,113
917,48,False,True,True,one_hot,0.4180480042601457,0.4180480042601458,9,114
917,48,False,True,True,lower_bound,0.20285411880668555,0.18642777635059998,9,115
917,48,False,True,True,midpoint,0.20285411880668555,0.12732278071261602,9,116
917,48,False,True,True,midpoint_with_inhaler,0.20285411880668555,0.12732278071261602,9,117
917,48,False,True,True,upper_bound,0.20285411880668555,0.08459370480528881,9,118
917,48,False,True,True,upper_bound_with_inhaler,0.20285411880668555,0.08459370480528881,9,119
917,48,True,False,False,one_hot,0.4180480042601457,0.4180480042601458,9,120
917,48,True,False,False,lower_bound,0.66370911406652,0.8175674052421481,9,121
917,48,True,False,False,midpoint,0.66370911406652,0.9027249948503355,9,122
917,48,True,False,False,midpoint_with_inhaler,0.66370911406652,0.9027249948503355,9,123
917,48,True,False,False,upper_bound,0.66370911406652,0.940431199158185,9,124
917,48,True,False,False,upper_bound_with_inhaler,0.66370911406652,0.940431199158185,9,125
917,48,True,False,True,one_hot,0.4180480042601457,0.4180480042601458,9,126
917,48,True,False,True,lower_bound,0.66370911406652,0.8175674052421481,9,127
917,48,True,False,True,midpoint,0.66370911406652,0.9027249948503355,9,128
917,48,True,False,True,midpoint_with_inhaler,0.66370911406652,0.9027249948503355,9,129
917,48,True,False,True,upper_bound,0.66370911406652,0.940431199158185,9,130
917,48,True,False,True,upper_bound_with_inhaler,0.66370911406652,0.940431199158185,9,131
939,12,False,False,False,one_hot,0.017402822367234266,0.01740282236723428,158,0
939,12,False,False,False,lower_bound,0.2837834445209032,0.30028519867318737,158,1
939,12,False,False,False,midpoint,0.2837834445209032,0.27014529230356227,158,2
939,12,False,False,False,midpoint_with_inhaler,0.2837834445209032,0.27014529230356227,158,3
939,12,False,False,False,upper_bound,0.2837834445209032,0.24085062080098735,158,4
939,12,False,False,False,upper_bound_with_inhaler,0.2837834445209032,0.24085062080098735,158,5
939,12,False,False,True,one_hot,0.017402822367234266,0.01740282236723428,158,6
939,12,False,False,True,lower_bound,0.2837834445209032,0.30028519867318737,158,7
939,12,False,False,True,midpoint,0.2837834445209032,0.27014529230356227,158,8
939,12,False,False,True,midpoint_with_inhaler,0.2837834445209032,0.27014529230356227,158,9
939,12,False,False,True,upper_bound,0.2837834445209032,0.24085062080098735,158,10
939,12,False,False,True,upper_bound_with_inhaler,0.2837834445209032,0.24085062080098735,158,11
939,12,False,True,False,one_hot,,,158,12
939,12,False,True,False,lower_bound,0.3006060499201927,0.4161298220845091,158,13
939,12,False,True,False,midpoint,0.3006060499201927,0.390272399938436,158,14
939,12,False,True,False,midpoint_with_inhaler,0.3006060499201927,0.390272399938436,158,15
939,12,False,True,False,upper_bound,0.3006060499201927,0.36114402353076835,158,16
939,12,False,True,False,upper_bound_with_inhaler,0.3006060499201927,0.36114402353076835,158,17
939,12,False,True,True,one_hot,,,158,18
939,12,False,True,True,lower_bound,0.3006060499201927,0.4161298220845091,158,19
939,12,False,True,True,midpoint,0.3006060499201927,0.390272399938436,158,20
939,12,False,True,True,midpoint_with_inhaler,0.3006060499201927,0.390272399938436,158,21
939,12,False,True,True,upper_bound,0.3006060499201927,0.36114402353076835,158,22
939,12,False,True,True,upper_bound_with_inhaler,0.3006060499201927,0.36114402353076835,158,23
939,12,True,False,False,one_hot,,,158,24
939,12,True,False,False,lower_bound,0.2806974248501686,0.3927405064136699,158,25
939,12,True,False,False,midpoint,0.2806974248501686,0.3547636210994006,158,26
939,12,True,False,False,midpoint_with_inhaler,0.2806974248501686,0.3547636210994006,158,27
939,12,True,False,False,upper_bound,0.2806974248501686,0.3199259964072778,158,28
939,12,True,False,False,upper_bound_with_inhaler,0.2806974248501686,0.3199259964072778,158,29
939,12,True,False,True,one_hot,,,158,30
939,12,True,False,True,lower_bound,0.2806974248501686,0.3927405064136699,158,31
939,12,True,False,True,midpoint,0.2806974248501686,0.3547636210994006,158,32
939,12,True,False,True,midpoint_with_inhaler,0.2806974248501686,0.3547636210994006,158,33
939,12,True,False,True,upper_bound,0.2806974248501686,0.3199259964072778,158,34
939,12,True,False,True,upper_bound_with_inhaler,0.2806974248501686,0.3199259964072778,158,35
939,24,False,False,False,one_hot,,,158,36
939,24,False,False,False,lower_bound,0.4483122099882836,0.5037786945383386,158,37
939,24,False,False,False,midpoint,0.4483122099882836,0.49194235279572407,158,38
939,24,False,False,False,midpoint_with_inhaler,0.4483122099882836,0.49194235279572407,158,39
939,24,False,False,False,upper_bound,0.4483122099882836,0.47624864859809574,158,40
939,24,False,False,False,upper_bound_with_inhaler,0.4483122099882836,0.47624864859809574,158,41
939,24,False,False,True,one_hot,,,158,42
939,24,False,False,True,lower_bound,0.4483122099882836,0.5037786945383386,158,43
939,24,False,False,True,midpoint,0.4483122099882836,0.49194235279572407,158,44
939,24,False,False,True,midpoint_with_inhaler,0.4483122099882836,0.49194235279572407,158,45
939,24,False,False,True,upper_bound,0.4483122099882836,0.47624864859809574,158,46
939,24,False,False,True,upper_bound_with_inhaler,0.4483122099882836,0.47624864859809574,158,47
939,24,False,True,False,one_hot,,,158,48
939,24,False,True,False,lower_bound,0.43676979427152784,0.5106623069892609,158,49
939,24,False,True,False,midpoint,0.43676979427152784,0.5265775462696183,158,50
939,24,False,True,False,midpoint_with_inhaler,0.43676979427152784,0.5265775462696183,158,51
939,24,False,True,False,upper_bound,0.43676979427152784,0.5251884667638069,158,52
939,24,False,True,False,upper_bound_with_inhaler,0.43676979427152784,0.5251884667638069,158,53
939,24,False,True,True,one_hot,,,158,54
939,24,False,True,True,lower_bound,0.43676979427152784,0.5106623069892609,158,55
939,24,False,True,True,midpoint,0.43676979427152784,0.5265775462696183,158,56
939,24,False,True,True,midpoint_with_inhaler,0.43676979427152784,0.5265775462696183,158,57
939,24,False,True,True,upper_bound,0.43676979427152784,0.5251884667638069,158,58
939,24,False,True,True,upper_bound_with_inhaler,0.43676979427152784,0.5251884667638069,158,59
939,24,True,False,False,one_hot,,,158,60
939,24,True,False,False,lower_bound,0.42946333963770933,0.49770530533730745,158,61
939,24,True,False,False,midpoint,0.42946333963770933,0.4850999763912299,158,62
939,24,True,False,False,midpoint_with_inhaler,0.42946333963770933,0.4850999763912299,158,63
939,24,True,False,False,upper_bound,0.42946333963770933,0.46910476625618314,158,64
939,24,True,False,False,upper_bound_with_inhaler,0.42946333963770933,0.46910476625618314,158,65
939,24,True,False,True,one_hot,,,158,66
939,24,True,False,True,lower_bound,0.42946333963770933,0.49770530533730745,158,67
939,24,True,False,True,midpoint,0.42946333963770933,0.4850999763912299,158,68
939,24,True,False,True,midpoint_with_inhaler,0.42946333963770933,0.4850999763912299,158,69
939,24,True,False,True,upper_bound,0.42946333963770933,0.46910476625618314,158,70
939,24,True,False,True,upper_bound_with_inhaler,0.42946333963770933,0.46910476625618314,158,71
939,36,False,False,False,one_hot,,,158,72
939,36,False,False,False,lower_bound,0.38096281807484855,0.48973467221954253,158,73
939,36,False,False,False,midpoint,0.38096281807484855,0.44200362180318514,158,74
939,36,False,False,False,midpoint_with_inhaler,0.38096281807484855,0.44200362180318514,158,75
939,36,False,False,False,upper_bound,0.38096281807484855,0.4050282883437734,158,76
939,36,False,False,False,upper_bound_with_inhaler,0.38096281807484855,0.4050282883437734,158,77
939,36,False,False,True,one_hot,,,158,78
939,36,False,False,True,lower_bound,0.38096281807484855,0.48973467221954253,158,79
939,36,False,False,True,midpoint,0.38096281807484855,0.44200362180318514,158,80
939,36,False,False,True,midpoint_with_inhaler,0.38096281807484855,0.44200362180318514,158,81
939,36,False,False,True,upper_bound,0.38096281807484855,0.4050282883437734,158,82
939,36,False,False,True,upper_bound_with_inhaler,0.38096281807484855,0.4050282883437734,158,83
939,36,True,False,False,one_hot,,,158,84
939,36,True,False,False,lower_bound,0.5037065342259237,0.6254109521588996,158,85
939,36,True,False,False,midpoint,0.5037065342259237,0.6522230495952852,158,86
939,36,True,False,False,midpoint_with_inhaler,0.5037065342259237,0.6522230495952852,158,87
939,36,True,False,False,upper_bound,0.5037065342259237,0.6550121969616476,158,88
939,36,True,False,False,upper_bound_with_inhaler,0.5037065342259237,0.6550121969616476,158,89
939,36,True,False,True,one_hot,,,158,90
939,36,True,False,True,lower_bound,0.5037065342259237,0.6254109521588996,158,91
939,36,True,False,True,midpoint,0.5037065342259237,0.6522230495952852,158,92
939,36,True,False,True,midpoint_with_inhaler,0.5037065342259237,0.6522230495952852,158,93
939,36,True,False,True,upper_bound,0.5037065342259237,0.6550121969616476,158,94
939,36,True,False,True,upper_bound_with_inhaler,0.5037065342259237,0.6550121969616476,158,95
939,48,False,False,False,one_hot,,,158,96
939,48,False,False,False,lower_bound,0.3944551746332748,0.518421933024848,158,97
939,48,False,False,False,midpoint,0.3944551746332748,0.4355871993524882,158,98
939,48,False,False,False,midpoint_with_inhaler,0.3944551746332748,0.455303166106883,158,99
939,48,False,False,False,upper_bound,0.36882620897461177,0.3687886175634245,158,100
939,48,False,False,False,upper_bound_with_inhaler,0.3944551746332748,0.4313684384090052,158,101
939,48,False,False,True,one_hot,,,158,102
939,48,False,False,True,lower_bound,0.3944551746332748,0.518421933024848,158,103
939,48,False,False,True,midpoint,0.3944551746332748,0.4355871993524882,158,104
939,48,False,False,True,midpoint_with_inhaler,0.3944551746332748,0.455303166106883,158,105
939,48,False,False,True,upper_bound,0.36882620897461177,0.3687886175634245,158,106
939,48,False,False,True,upper_bound_with_inhaler,0.3944551746332748,0.4313684384090052,158,107
939,48,False,True,False,one_hot,,,158,108
939,48,False,True,False,lower_bound,0.2792658162469833,0.38756690830139223,158,109
939,48,False,True,False,midpoint,0.2792658162469833,0.3639554339161677,158,110
939,48,False,True,False,midpoint_with_inhaler,0.2792658162469833,0.3639554339161677,158,111
939,48,False,True,False,upper_bound,0.2792658162469833,0.33774800834532076,158,112
939,48,False,True,False,upper_bound_with_inhaler,0.2792658162469833,0.33774800834532076,158,113
939,48,False,True,True,one_hot,,,158,114
939,48,False,True,True,lower_bound,0.2792658162469833,0.38756690830139223,158,115
939,48,False,True,True,midpoint,0.2792658162469833,0.3639554339161677,158,116
939,48,False,True,True,midpoint_with_inhaler,0.2792658162469833,0.3639554339161677,158,117
939,48,False,True,True,upper_bound,0.2792658162469833,0.33774800834532076,158,118
939,48,False,True,True,upper_bound_with_inhaler,0.2792658162469833,0.33774800834532076,158,119
939,48,True,False,False,one_hot,,,158,120
939,48,True,False,False,lower_bound,0.1020222792275274,0.21321432096520165,158,121
939,48,True,False,False,midpoint,0.1020222792275274,0.1750407664165087,158,122
939,48,True,False,False,midpoint_with_inhaler,0.1020222792275274,0.1750407664165087,158,123
939,48,True,False,False,upper_bound,0.1020222792275274,0.14553866951014388,158,124
939,48,True,False,False,upper_bound_with_inhaler,0.1020222792275274,0.14553866951014388,158,125
939,48,True,False,True,one_hot,,,158,126
939,48,True,False,True,lower_bound,0.1020222792275274,0.21321432096520165,158,127
939,48,True,False,True,midpoint,0.1020222792275274,0.1750407664165087,158,128
939,48,True,False,True,midpoint_with_inhaler,0.1020222792275274,0.1750407664165087,158,129
939,48,True,False,True,upper_bound,0.1020222792275274,0.14553866951014388,158,130
939,48,True,False,True,upper_bound_with_inhaler,0.1020222792275274,0.14553866951014388,158,131
