user_key,timestamp_window,use_daily_max_windows,use_calendar_days,filter_out_zero_usage_entries,categorization_method,spearman_z,pearson_z,sample_size,config_idx
113,12,False,False,False,one_hot,-0.038447882400774604,-0.038447882400774645,158,0
113,12,False,False,False,lower_bound,0.15183919416406969,0.32437809849418753,158,1
113,12,False,False,False,midpoint,0.15183919416406969,0.31019113998502845,158,2
113,12,False,False,False,midpoint_with_inhaler,0.15183919416406969,0.3356306417581553,158,3
113,12,False,False,False,upper_bound,0.15178127595158017,0.29716960424232014,158,4
113,12,False,False,False,upper_bound_with_inhaler,0.15183919416406969,0.32595740907107823,158,5
113,12,False,False,True,one_hot,-0.038447882400774604,-0.038447882400774645,158,6
113,12,False,False,True,lower_bound,0.15183919416406969,0.32437809849418753,158,7
113,12,False,False,True,midpoint,0.15183919416406969,0.31019113998502845,158,8
113,12,False,False,True,midpoint_with_inhaler,0.15183919416406969,0.3356306417581553,158,9
113,12,False,False,True,upper_bound,0.15178127595158017,0.29716960424232014,158,10
113,12,False,False,True,upper_bound_with_inhaler,0.15183919416406969,0.32595740907107823,158,11
113,12,False,True,False,one_hot,-0.06992238876503246,-0.06992238876503244,158,12
113,12,False,True,False,lower_bound,0.21688310420350523,0.28942969466319274,158,13
113,12,False,True,False,midpoint,0.21688310420350523,0.29803691350473865,158,14
113,12,False,True,False,midpoint_with_inhaler,0.21688310420350523,0.3016239913738159,158,15
113,12,False,True,False,upper_bound,0.21693580248090732,0.30324792823545577,158,16
113,12,False,True,False,upper_bound_with_inhaler,0.21688310420350523,0.3057515307093192,158,17
113,12,False,True,True,one_hot,-0.06992238876503246,-0.06992238876503244,158,18
113,12,False,True,True,lower_bound,0.21688310420350523,0.28942969466319274,158,19
113,12,False,True,True,midpoint,0.21688310420350523,0.29803691350473865,158,20
113,12,False,True,True,midpoint_with_inhaler,0.21688310420350523,0.3016239913738159,158,21
113,12,False,True,True,upper_bound,0.21693580248090732,0.30324792823545577,158,22
113,12,False,True,True,upper_bound_with_inhaler,0.21688310420350523,0.3057515307093192,158,23
113,12,True,False,False,one_hot,0.06995212640467743,0.06995212640467736,158,24
113,12,True,False,False,lower_bound,0.20183449422243888,0.27625156644880966,158,25
113,12,True,False,False,midpoint,0.20183449422243888,0.2870944458259557,158,26
113,12,True,False,False,midpoint_with_inhaler,0.20183449422243888,0.2944841312999251,158,27
113,12,True,False,False,upper_bound,0.20205972873362915,0.29544613546365706,158,28
113,12,True,False,False,upper_bound_with_inhaler,0.20183449422243888,0.3023693484191844,158,29
113,12,True,False,True,one_hot,0.06995212640467743,0.06995212640467736,158,30
113,12,True,False,True,lower_bound,0.20183449422243888,0.27625156644880966,158,31
113,12,True,False,True,midpoint,0.20183449422243888,0.2870944458259557,158,32
113,12,True,False,True,midpoint_with_inhaler,0.20183449422243888,0.2944841312999251,158,33
113,12,True,False,True,upper_bound,0.20205972873362915,0.29544613546365706,158,34
113,12,True,False,True,upper_bound_with_inhaler,0.20183449422243888,0.3023693484191844,158,35
113,24,False,False,False,one_hot,0.11376218358431507,0.1137621835843151,158,36
113,24,False,False,False,lower_bound,0.3124713296372181,0.3786763962295865,158,37
113,24,False,False,False,midpoint,0.3124713296372181,0.3784263757132937,158,38
113,24,False,False,False,midpoint_with_inhaler,0.3124713296372181,0.395510112599581,158,39
113,24,False,False,False,upper_bound,0.31182041821038153,0.3726062700433692,158,40
113,24,False,False,False,upper_bound_with_inhaler,0.3124713296372181,0.40955864383191376,158,41
113,24,False,False,True,one_hot,0.11376218358431507,0.1137621835843151,158,42
113,24,False,False,True,lower_bound,0.3124713296372181,0.3786763962295865,158,43
113,24,False,False,True,midpoint,0.3124713296372181,0.3784263757132937,158,44
113,24,False,False,True,midpoint_with_inhaler,0.3124713296372181,0.395510112599581,158,45
113,24,False,False,True,upper_bound,0.31182041821038153,0.3726062700433692,158,46
113,24,False,False,True,upper_bound_with_inhaler,0.3124713296372181,0.40955864383191376,158,47
113,24,False,True,False,one_hot,0.08701207289179853,0.08701207289179852,158,48
113,24,False,True,False,lower_bound,0.2543352151369338,0.2408911338389717,158,49
113,24,False,True,False,midpoint,0.2543352151369338,0.26357660555001056,158,50
113,24,False,True,False,midpoint_with_inhaler,0.2543352151369338,0.24168592113188372,158,51
113,24,False,True,False,upper_bound,0.2538664349192745,0.2683492166551553,158,52
113,24,False,True,False,upper_bound_with_inhaler,0.2543352151369338,0.24707007293922054,158,53
113,24,False,True,True,one_hot,0.08701207289179853,0.08701207289179852,158,54
113,24,False,True,True,lower_bound,0.2543352151369338,0.2408911338389717,158,55
113,24,False,True,True,midpoint,0.2543352151369338,0.26357660555001056,158,56
113,24,False,True,True,midpoint_with_inhaler,0.2543352151369338,0.24168592113188372,158,57
113,24,False,True,True,upper_bound,0.2538664349192745,0.2683492166551553,158,58
113,24,False,True,True,upper_bound_with_inhaler,0.2543352151369338,0.24707007293922054,158,59
113,24,True,False,False,one_hot,0.11376218358431507,0.1137621835843151,158,60
113,24,True,False,False,lower_bound,0.3124713296372181,0.3786763962295865,158,61
113,24,True,False,False,midpoint,0.3124713296372181,0.3784263757132937,158,62
113,24,True,False,False,midpoint_with_inhaler,0.3124713296372181,0.395510112599581,158,63
113,24,True,False,False,upper_bound,0.31182041821038153,0.3726062700433692,158,64
113,24,True,False,False,upper_bound_with_inhaler,0.3124713296372181,0.40955864383191376,158,65
113,24,True,False,True,one_hot,0.11376218358431507,0.1137621835843151,158,66
113,24,True,False,True,lower_bound,0.3124713296372181,0.3786763962295865,158,67
113,24,True,False,True,midpoint,0.3124713296372181,0.3784263757132937,158,68
113,24,True,False,True,midpoint_with_inhaler,0.3124713296372181,0.395510112599581,158,69
113,24,True,False,True,upper_bound,0.31182041821038153,0.3726062700433692,158,70
113,24,True,False,True,upper_bound_with_inhaler,0.3124713296372181,0.40955864383191376,158,71
113,36,False,False,False,one_hot,-0.009294679066807239,-0.009294679066807195,158,72
113,36,False,False,False,lower_bound,0.29993732442339927,0.3620019097956327,158,73
113,36,False,False,False,midpoint,0.29993732442339927,0.37317646383149455,158,74
113,36,False,False,False,midpoint_with_inhaler,0.29993732442339927,0.37800832358144165,158,75
113,36,False,False,False,upper_bound,0.29963246299568447,0.3723436721317166,158,76
113,36,False,False,False,upper_bound_with_inhaler,0.29993732442339927,0.3865701117783319,158,77
113,36,False,False,True,one_hot,-0.009294679066807239,-0.009294679066807195,158,78
113,36,False,False,True,lower_bound,0.29993732442339927,0.3620019097956327,158,79
113,36,False,False,True,midpoint,0.29993732442339927,0.37317646383149455,158,80
113,36,False,False,True,midpoint_with_inhaler,0.29993732442339927,0.37800832358144165,158,81
113,36,False,False,True,upper_bound,0.29963246299568447,0.3723436721317166,158,82
113,36,False,False,True,upper_bound_with_inhaler,0.29993732442339927,0.3865701117783319,158,83
113,36,True,False,False,one_hot,0.10258895009418473,0.10258895009418473,158,84
113,36,True,False,False,lower_bound,0.2555791853783804,0.24944811054389351,158,85
113,36,True,False,False,midpoint,0.2555791853783804,0.27181767402504653,158,86
113,36,True,False,False,midpoint_with_inhaler,0.2555791853783804,0.2472326508025759,158,87
113,36,True,False,False,upper_bound,0.2554384005442383,0.27667217162799274,158,88
113,36,True,False,False,upper_bound_with_inhaler,0.2555791853783804,0.2516582923683866,158,89
113,36,True,False,True,one_hot,0.10258895009418473,0.10258895009418473,158,90
113,36,True,False,True,lower_bound,0.2555791853783804,0.24944811054389351,158,91
113,36,True,False,True,midpoint,0.2555791853783804,0.27181767402504653,158,92
113,36,True,False,True,midpoint_with_inhaler,0.2555791853783804,0.2472326508025759,158,93
113,36,True,False,True,upper_bound,0.2554384005442383,0.27667217162799274,158,94
113,36,True,False,True,upper_bound_with_inhaler,0.2555791853783804,0.2516582923683866,158,95
113,48,False,False,False,one_hot,0.06430532232256161,0.06430532232256161,158,96
113,48,False,False,False,lower_bound,0.20204716067725628,0.2937991856237798,158,97
113,48,False,False,False,midpoint,0.20204716067725628,0.29304443523529816,158,98
113,48,False,False,False,midpoint_with_inhaler,0.20204716067725628,0.31873870428167245,158,99
113,48,False,False,False,upper_bound,0.20159021693527263,0.2823391524507505,158,100
113,48,False,False,False,upper_bound_with_inhaler,0.20204716067725628,0.3323237202181461,158,101
113,48,False,False,True,one_hot,0.06430532232256161,0.06430532232256161,158,102
113,48,False,False,True,lower_bound,0.20204716067725628,0.2937991856237798,158,103
113,48,False,False,True,midpoint,0.20204716067725628,0.29304443523529816,158,104
113,48,False,False,True,midpoint_with_inhaler,0.20204716067725628,0.31873870428167245,158,105
113,48,False,False,True,upper_bound,0.20159021693527263,0.2823391524507505,158,106
113,48,False,False,True,upper_bound_with_inhaler,0.20204716067725628,0.3323237202181461,158,107
113,48,False,True,False,one_hot,0.16826505984650686,0.16826505984650686,158,108
113,48,False,True,False,lower_bound,0.1676692290141701,0.10066729231378214,158,109
113,48,False,True,False,midpoint,0.1676692290141701,0.12618064377320368,158,110
113,48,False,True,False,midpoint_with_inhaler,0.1676692290141701,0.09734708879737651,158,111
113,48,False,True,False,upper_bound,0.1679020880199563,0.14195580739456298,158,112
113,48,False,True,False,upper_bound_with_inhaler,0.1676692290141701,0.1007828476309885,158,113
113,48,False,True,True,one_hot,0.16826505984650686,0.16826505984650686,158,114
113,48,False,True,True,lower_bound,0.1676692290141701,0.10066729231378214,158,115
113,48,False,True,True,midpoint,0.1676692290141701,0.12618064377320368,158,116
113,48,False,True,True,midpoint_with_inhaler,0.1676692290141701,0.09734708879737651,158,117
113,48,False,True,True,upper_bound,0.1679020880199563,0.14195580739456298,158,118
113,48,False,True,True,upper_bound_with_inhaler,0.1676692290141701,0.1007828476309885,158,119
113,48,True,False,False,one_hot,0.05431089970690371,0.05431089970690363,158,120
113,48,True,False,False,lower_bound,0.12219282891918294,0.14840311880825308,158,121
113,48,True,False,False,midpoint,0.12219282891918294,0.15744612680804523,158,122
113,48,True,False,False,midpoint_with_inhaler,0.12219282891918294,0.1469950643960446,158,123
113,48,True,False,False,upper_bound,0.12213493350812779,0.15755770415181972,158,124
113,48,True,False,False,upper_bound_with_inhaler,0.12219282891918294,0.14090105250329088,158,125
113,48,True,False,True,one_hot,0.05431089970690371,0.05431089970690363,158,126
113,48,True,False,True,lower_bound,0.12219282891918294,0.14840311880825308,158,127
113,48,True,False,True,midpoint,0.12219282891918294,0.15744612680804523,158,128
113,48,True,False,True,midpoint_with_inhaler,0.12219282891918294,0.1469950643960446,158,129
113,48,True,False,True,upper_bound,0.12213493350812779,0.15755770415181972,158,130
113,48,True,False,True,upper_bound_with_inhaler,0.12219282891918294,0.14090105250329088,158,131
190,12,False,False,False,one_hot,0.27327185318403485,0.273271853184035,19,0
190,12,False,False,False,lower_bound,0.27327185318403485,0.273271853184035,19,1
190,12,False,False,False,midpoint,0.27327185318403485,0.27327185318403485,19,2
190,12,False,False,False,midpoint_with_inhaler,0.27327185318403485,0.27327185318403485,19,3
190,12,False,False,False,upper_bound,0.27327185318403485,0.273271853184035,19,4
190,12,False,False,False,upper_bound_with_inhaler,0.27327185318403485,0.273271853184035,19,5
190,12,False,False,True,one_hot,0.27327185318403485,0.273271853184035,19,6
190,12,False,False,True,lower_bound,0.27327185318403485,0.273271853184035,19,7
190,12,False,False,True,midpoint,0.27327185318403485,0.27327185318403485,19,8
190,12,False,False,True,midpoint_with_inhaler,0.27327185318403485,0.27327185318403485,19,9
190,12,False,False,True,upper_bound,0.27327185318403485,0.273271853184035,19,10
190,12,False,False,True,upper_bound_with_inhaler,0.27327185318403485,0.273271853184035,19,11
190,12,False,True,False,one_hot,0.03582105708309528,0.03582105708309532,19,12
190,12,False,True,False,lower_bound,0.03582105708309528,0.03582105708309532,19,13
190,12,False,True,False,midpoint,0.03582105708309528,0.035821057083095256,19,14
190,12,False,True,False,midpoint_with_inhaler,0.03582105708309528,0.035821057083095256,19,15
190,12,False,True,False,upper_bound,0.03582105708309528,0.03582105708309532,19,16
190,12,False,True,False,upper_bound_with_inhaler,0.03582105708309528,0.03582105708309532,19,17
190,12,False,True,True,one_hot,0.03582105708309528,0.03582105708309532,19,18
190,12,False,True,True,lower_bound,0.03582105708309528,0.03582105708309532,19,19
190,12,False,True,True,midpoint,0.03582105708309528,0.035821057083095256,19,20
190,12,False,True,True,midpoint_with_inhaler,0.03582105708309528,0.035821057083095256,19,21
190,12,False,True,True,upper_bound,0.03582105708309528,0.03582105708309532,19,22
190,12,False,True,True,upper_bound_with_inhaler,0.03582105708309528,0.03582105708309532,19,23
190,12,True,False,False,one_hot,-0.12232259118600065,-0.12232259118600074,19,24
190,12,True,False,False,lower_bound,-0.12232259118600065,-0.12232259118600074,19,25
190,12,True,False,False,midpoint,-0.12232259118600065,-0.12232259118600065,19,26
190,12,True,False,False,midpoint_with_inhaler,-0.12232259118600065,-0.12232259118600065,19,27
190,12,True,False,False,upper_bound,-0.12232259118600065,-0.12232259118600074,19,28
190,12,True,False,False,upper_bound_with_inhaler,-0.12232259118600065,-0.12232259118600074,19,29
190,12,True,False,True,one_hot,-0.12232259118600065,-0.12232259118600074,19,30
190,12,True,False,True,lower_bound,-0.12232259118600065,-0.12232259118600074,19,31
190,12,True,False,True,midpoint,-0.12232259118600065,-0.12232259118600065,19,32
190,12,True,False,True,midpoint_with_inhaler,-0.12232259118600065,-0.12232259118600065,19,33
190,12,True,False,True,upper_bound,-0.12232259118600065,-0.12232259118600074,19,34
190,12,True,False,True,upper_bound_with_inhaler,-0.12232259118600065,-0.12232259118600074,19,35
190,24,False,False,False,one_hot,0.8392969986870468,0.8392969986870465,19,36
190,24,False,False,False,lower_bound,0.8392969986870468,0.8392969986870465,19,37
190,24,False,False,False,midpoint,0.8392969986870468,0.8392969986870461,19,38
190,24,False,False,False,midpoint_with_inhaler,0.8392969986870468,0.8392969986870461,19,39
190,24,False,False,False,upper_bound,0.8392969986870468,0.8392969986870465,19,40
190,24,False,False,False,upper_bound_with_inhaler,0.8392969986870468,0.8392969986870465,19,41
190,24,False,False,True,one_hot,0.8392969986870468,0.8392969986870465,19,42
190,24,False,False,True,lower_bound,0.8392969986870468,0.8392969986870465,19,43
190,24,False,False,True,midpoint,0.8392969986870468,0.8392969986870461,19,44
190,24,False,False,True,midpoint_with_inhaler,0.8392969986870468,0.8392969986870461,19,45
190,24,False,False,True,upper_bound,0.8392969986870468,0.8392969986870465,19,46
190,24,False,False,True,upper_bound_with_inhaler,0.8392969986870468,0.8392969986870465,19,47
190,24,False,True,False,one_hot,0.41246454071714395,0.41246454071714395,19,48
190,24,False,True,False,lower_bound,0.41246454071714395,0.41246454071714395,19,49
190,24,False,True,False,midpoint,0.41246454071714395,0.41246454071714395,19,50
190,24,False,True,False,midpoint_with_inhaler,0.41246454071714395,0.41246454071714395,19,51
190,24,False,True,False,upper_bound,0.41246454071714395,0.41246454071714395,19,52
190,24,False,True,False,upper_bound_with_inhaler,0.41246454071714395,0.41246454071714395,19,53
190,24,False,True,True,one_hot,0.41246454071714395,0.41246454071714395,19,54
190,24,False,True,True,lower_bound,0.41246454071714395,0.41246454071714395,19,55
190,24,False,True,True,midpoint,0.41246454071714395,0.41246454071714395,19,56
190,24,False,True,True,midpoint_with_inhaler,0.41246454071714395,0.41246454071714395,19,57
190,24,False,True,True,upper_bound,0.41246454071714395,0.41246454071714395,19,58
190,24,False,True,True,upper_bound_with_inhaler,0.41246454071714395,0.41246454071714395,19,59
190,24,True,False,False,one_hot,0.8392969986870468,0.8392969986870465,19,60
190,24,True,False,False,lower_bound,0.8392969986870468,0.8392969986870465,19,61
190,24,True,False,False,midpoint,0.8392969986870468,0.8392969986870461,19,62
190,24,True,False,False,midpoint_with_inhaler,0.8392969986870468,0.8392969986870461,19,63
190,24,True,False,False,upper_bound,0.8392969986870468,0.8392969986870465,19,64
190,24,True,False,False,upper_bound_with_inhaler,0.8392969986870468,0.8392969986870465,19,65
190,24,True,False,True,one_hot,0.8392969986870468,0.8392969986870465,19,66
190,24,True,False,True,lower_bound,0.8392969986870468,0.8392969986870465,19,67
190,24,True,False,True,midpoint,0.8392969986870468,0.8392969986870461,19,68
190,24,True,False,True,midpoint_with_inhaler,0.8392969986870468,0.8392969986870461,19,69
190,24,True,False,True,upper_bound,0.8392969986870468,0.8392969986870465,19,70
190,24,True,False,True,upper_bound_with_inhaler,0.8392969986870468,0.8392969986870465,19,71
190,36,False,False,False,one_hot,0.4927994134700757,0.4927994134700757,19,72
190,36,False,False,False,lower_bound,0.4927994134700757,0.4927994134700757,19,73
190,36,False,False,False,midpoint,0.4927994134700757,0.4927994134700757,19,74
190,36,False,False,False,midpoint_with_inhaler,0.4927994134700757,0.4927994134700757,19,75
190,36,False,False,False,upper_bound,0.4927994134700757,0.4927994134700757,19,76
190,36,False,False,False,upper_bound_with_inhaler,0.4927994134700757,0.4927994134700757,19,77
190,36,False,False,True,one_hot,0.4927994134700757,0.4927994134700757,19,78
190,36,False,False,True,lower_bound,0.4927994134700757,0.4927994134700757,19,79
190,36,False,False,True,midpoint,0.4927994134700757,0.4927994134700757,19,80
190,36,False,False,True,midpoint_with_inhaler,0.4927994134700757,0.4927994134700757,19,81
190,36,False,False,True,upper_bound,0.4927994134700757,0.4927994134700757,19,82
190,36,False,False,True,upper_bound_with_inhaler,0.4927994134700757,0.4927994134700757,19,83
190,36,True,False,False,one_hot,0.5125631881238468,0.5125631881238468,19,84
190,36,True,False,False,lower_bound,0.5125631881238468,0.5125631881238468,19,85
190,36,True,False,False,midpoint,0.5125631881238468,0.5125631881238467,19,86
190,36,True,False,False,midpoint_with_inhaler,0.5125631881238468,0.5125631881238467,19,87
190,36,True,False,False,upper_bound,0.5125631881238468,0.5125631881238468,19,88
190,36,True,False,False,upper_bound_with_inhaler,0.5125631881238468,0.5125631881238468,19,89
190,36,True,False,True,one_hot,0.5125631881238468,0.5125631881238468,19,90
190,36,True,False,True,lower_bound,0.5125631881238468,0.5125631881238468,19,91
190,36,True,False,True,midpoint,0.5125631881238468,0.5125631881238467,19,92
190,36,True,False,True,midpoint_with_inhaler,0.5125631881238468,0.5125631881238467,19,93
190,36,True,False,True,upper_bound,0.5125631881238468,0.5125631881238468,19,94
190,36,True,False,True,upper_bound_with_inhaler,0.5125631881238468,0.5125631881238468,19,95
190,48,False,False,False,one_hot,0.6102897852195368,0.6102897852195368,19,96
190,48,False,False,False,lower_bound,0.673575346712851,0.590907926626352,19,97
190,48,False,False,False,midpoint,0.673575346712851,0.6424587845013655,19,98
190,48,False,False,False,midpoint_with_inhaler,0.673575346712851,0.6424587845013655,19,99
190,48,False,False,False,upper_bound,0.673575346712851,0.6668771635237156,19,100
190,48,False,False,False,upper_bound_with_inhaler,0.673575346712851,0.6668771635237156,19,101
190,48,False,False,True,one_hot,0.6102897852195368,0.6102897852195368,19,102
190,48,False,False,True,lower_bound,0.673575346712851,0.590907926626352,19,103
190,48,False,False,True,midpoint,0.673575346712851,0.6424587845013655,19,104
190,48,False,False,True,midpoint_with_inhaler,0.673575346712851,0.6424587845013655,19,105
190,48,False,False,True,upper_bound,0.673575346712851,0.6668771635237156,19,106
190,48,False,False,True,upper_bound_with_inhaler,0.673575346712851,0.6668771635237156,19,107
190,48,False,True,False,one_hot,0.03582105708309529,0.03582105708309534,19,108
190,48,False,True,False,lower_bound,0.03582105708309529,0.03582105708309534,19,109
190,48,False,True,False,midpoint,0.03582105708309529,0.035821057083095256,19,110
190,48,False,True,False,midpoint_with_inhaler,0.03582105708309529,0.035821057083095256,19,111
190,48,False,True,False,upper_bound,0.03582105708309529,0.03582105708309534,19,112
190,48,False,True,False,upper_bound_with_inhaler,0.03582105708309529,0.03582105708309534,19,113
190,48,False,True,True,one_hot,0.03582105708309529,0.03582105708309534,19,114
190,48,False,True,True,lower_bound,0.03582105708309529,0.03582105708309534,19,115
190,48,False,True,True,midpoint,0.03582105708309529,0.035821057083095256,19,116
190,48,False,True,True,midpoint_with_inhaler,0.03582105708309529,0.035821057083095256,19,117
190,48,False,True,True,upper_bound,0.03582105708309529,0.03582105708309534,19,118
190,48,False,True,True,upper_bound_with_inhaler,0.03582105708309529,0.03582105708309534,19,119
190,48,True,False,False,one_hot,0.027223275822367915,0.027223275822367887,19,120
190,48,True,False,False,lower_bound,-0.07517213400367803,-0.15724591749037117,19,121
190,48,True,False,False,midpoint,-0.07517213400367803,-0.11845305509475179,19,122
190,48,True,False,False,midpoint_with_inhaler,-0.07517213400367803,-0.11845305509475179,19,123
190,48,True,False,False,upper_bound,-0.07517213400367803,-0.09118446186567017,19,124
190,48,True,False,False,upper_bound_with_inhaler,-0.07517213400367803,-0.09118446186567017,19,125
190,48,True,False,True,one_hot,0.027223275822367915,0.027223275822367887,19,126
190,48,True,False,True,lower_bound,-0.07517213400367803,-0.15724591749037117,19,127
190,48,True,False,True,midpoint,-0.07517213400367803,-0.11845305509475179,19,128
190,48,True,False,True,midpoint_with_inhaler,-0.07517213400367803,-0.11845305509475179,19,129
190,48,True,False,True,upper_bound,-0.07517213400367803,-0.09118446186567017,19,130
190,48,True,False,True,upper_bound_with_inhaler,-0.07517213400367803,-0.09118446186567017,19,131
294,12,False,False,False,one_hot,0.22172352335154563,0.22172352335154563,173,0
294,12,False,False,False,lower_bound,0.30901836145175404,0.32572917137859186,173,1
294,12,False,False,False,midpoint,0.30901836145175404,0.3332177169043733,173,2
294,12,False,False,False,midpoint_with_inhaler,0.30901836145175404,0.3332177169043733,173,3
294,12,False,False,False,upper_bound,0.30901836145175404,0.33410365432911865,173,4
294,12,False,False,False,upper_bound_with_inhaler,0.30901836145175404,0.33410365432911865,173,5
294,12,False,False,True,one_hot,0.22172352335154563,0.22172352335154563,173,6
294,12,False,False,True,lower_bound,0.30901836145175404,0.32572917137859186,173,7
294,12,False,False,True,midpoint,0.30901836145175404,0.3332177169043733,173,8
294,12,False,False,True,midpoint_with_inhaler,0.30901836145175404,0.3332177169043733,173,9
294,12,False,False,True,upper_bound,0.30901836145175404,0.33410365432911865,173,10
294,12,False,False,True,upper_bound_with_inhaler,0.30901836145175404,0.33410365432911865,173,11
294,12,False,True,False,one_hot,,,173,12
294,12,False,True,False,lower_bound,0.5206436597980213,0.469085704794558,173,13
294,12,False,True,False,midpoint,0.5206436597980213,0.49626219250389864,173,14
294,12,False,True,False,midpoint_with_inhaler,0.5206436597980213,0.49626219250389864,173,15
294,12,False,True,False,upper_bound,0.5206436597980213,0.5079523249919224,173,16
294,12,False,True,False,upper_bound_with_inhaler,0.5206436597980213,0.5079523249919224,173,17
294,12,False,True,True,one_hot,,,173,18
294,12,False,True,True,lower_bound,0.5206436597980213,0.469085704794558,173,19
294,12,False,True,True,midpoint,0.5206436597980213,0.49626219250389864,173,20
294,12,False,True,True,midpoint_with_inhaler,0.5206436597980213,0.49626219250389864,173,21
294,12,False,True,True,upper_bound,0.5206436597980213,0.5079523249919224,173,22
294,12,False,True,True,upper_bound_with_inhaler,0.5206436597980213,0.5079523249919224,173,23
294,12,True,False,False,one_hot,,,173,24
294,12,True,False,False,lower_bound,0.4797079826183074,0.41201166658306326,173,25
294,12,True,False,False,midpoint,0.4797079826183074,0.45262901963425134,173,26
294,12,True,False,False,midpoint_with_inhaler,0.4797079826183074,0.45227266841977043,173,27
294,12,True,False,False,upper_bound,0.47875713166533557,0.473497249840277,173,28
294,12,True,False,False,upper_bound_with_inhaler,0.4797079826183074,0.4732635574250196,173,29
294,12,True,False,True,one_hot,,,173,30
294,12,True,False,True,lower_bound,0.4797079826183074,0.41201166658306326,173,31
294,12,True,False,True,midpoint,0.4797079826183074,0.45262901963425134,173,32
294,12,True,False,True,midpoint_with_inhaler,0.4797079826183074,0.45227266841977043,173,33
294,12,True,False,True,upper_bound,0.47875713166533557,0.473497249840277,173,34
294,12,True,False,True,upper_bound_with_inhaler,0.4797079826183074,0.4732635574250196,173,35
294,24,False,False,False,one_hot,,,173,36
294,24,False,False,False,lower_bound,0.6228402207770974,0.6047685460209038,173,37
294,24,False,False,False,midpoint,0.6228402207770974,0.6106681788571604,173,38
294,24,False,False,False,midpoint_with_inhaler,0.6228402207770974,0.614435573280603,173,39
294,24,False,False,False,upper_bound,0.6189756985937785,0.5992955263646438,173,40
294,24,False,False,False,upper_bound_with_inhaler,0.6228402207770974,0.609542390336958,173,41
294,24,False,False,True,one_hot,,,173,42
294,24,False,False,True,lower_bound,0.6228402207770974,0.6047685460209038,173,43
294,24,False,False,True,midpoint,0.6228402207770974,0.6106681788571604,173,44
294,24,False,False,True,midpoint_with_inhaler,0.6228402207770974,0.614435573280603,173,45
294,24,False,False,True,upper_bound,0.6189756985937785,0.5992955263646438,173,46
294,24,False,False,True,upper_bound_with_inhaler,0.6228402207770974,0.609542390336958,173,47
294,24,False,True,False,one_hot,,,173,48
294,24,False,True,False,lower_bound,0.49293791177748336,0.4618640096510587,173,49
294,24,False,True,False,midpoint,0.49293791177748336,0.48229409246833155,173,50
294,24,False,True,False,midpoint_with_inhaler,0.49293791177748336,0.48229409246833155,173,51
294,24,False,True,False,upper_bound,0.49293791177748336,0.49159791581529066,173,52
294,24,False,True,False,upper_bound_with_inhaler,0.49293791177748336,0.49159791581529066,173,53
294,24,False,True,True,one_hot,,,173,54
294,24,False,True,True,lower_bound,0.49293791177748336,0.4618640096510587,173,55
294,24,False,True,True,midpoint,0.49293791177748336,0.48229409246833155,173,56
294,24,False,True,True,midpoint_with_inhaler,0.49293791177748336,0.48229409246833155,173,57
294,24,False,True,True,upper_bound,0.49293791177748336,0.49159791581529066,173,58
294,24,False,True,True,upper_bound_with_inhaler,0.49293791177748336,0.49159791581529066,173,59
294,24,True,False,False,one_hot,,,173,60
294,24,True,False,False,lower_bound,0.6228402207770974,0.6047685460209038,173,61
294,24,True,False,False,midpoint,0.6228402207770974,0.6106681788571604,173,62
294,24,True,False,False,midpoint_with_inhaler,0.6228402207770974,0.614435573280603,173,63
294,24,True,False,False,upper_bound,0.6189756985937785,0.5992955263646438,173,64
294,24,True,False,False,upper_bound_with_inhaler,0.6228402207770974,0.609542390336958,173,65
294,24,True,False,True,one_hot,,,173,66
294,24,True,False,True,lower_bound,0.6228402207770974,0.6047685460209038,173,67
294,24,True,False,True,midpoint,0.6228402207770974,0.6106681788571604,173,68
294,24,True,False,True,midpoint_with_inhaler,0.6228402207770974,0.614435573280603,173,69
294,24,True,False,True,upper_bound,0.6189756985937785,0.5992955263646438,173,70
294,24,True,False,True,upper_bound_with_inhaler,0.6228402207770974,0.609542390336958,173,71
294,36,False,False,False,one_hot,,,173,72
294,36,False,False,False,lower_bound,0.5027975775639439,0.499706198212838,173,73
294,36,False,False,False,midpoint,0.5027975775639439,0.5066498557196113,173,74
294,36,False,False,False,midpoint_with_inhaler,0.5027975775639439,0.5181730685266701,173,75
294,36,False,False,False,upper_bound,0.46019117694448003,0.4906358981740682,173,76
294,36,False,False,False,upper_bound_with_inhaler,0.5027975775639439,0.5097839868908751,173,77
294,36,False,False,True,one_hot,,,173,78
294,36,False,False,True,lower_bound,0.5027975775639439,0.499706198212838,173,79
294,36,False,False,True,midpoint,0.5027975775639439,0.5066498557196113,173,80
294,36,False,False,True,midpoint_with_inhaler,0.5027975775639439,0.5181730685266701,173,81
294,36,False,False,True,upper_bound,0.46019117694448003,0.4906358981740682,173,82
294,36,False,False,True,upper_bound_with_inhaler,0.5027975775639439,0.5097839868908751,173,83
294,36,True,False,False,one_hot,,,173,84
294,36,True,False,False,lower_bound,0.43242514220846834,0.41700620844541936,173,85
294,36,True,False,False,midpoint,0.43242514220846834,0.42948574190417327,173,86
294,36,True,False,False,midpoint_with_inhaler,0.43242514220846834,0.43157143737010506,173,87
294,36,True,False,False,upper_bound,0.4297575335479367,0.43571154420247904,173,88
294,36,True,False,False,upper_bound_with_inhaler,0.43242514220846834,0.4425831381248136,173,89
294,36,True,False,True,one_hot,,,173,90
294,36,True,False,True,lower_bound,0.43242514220846834,0.41700620844541936,173,91
294,36,True,False,True,midpoint,0.43242514220846834,0.42948574190417327,173,92
294,36,True,False,True,midpoint_with_inhaler,0.43242514220846834,0.43157143737010506,173,93
294,36,True,False,True,upper_bound,0.4297575335479367,0.43571154420247904,173,94
294,36,True,False,True,upper_bound_with_inhaler,0.43242514220846834,0.4425831381248136,173,95
294,48,False,False,False,one_hot,,,173,96
294,48,False,False,False,lower_bound,0.7219399709555444,0.699796339862266,173,97
294,48,False,False,False,midpoint,0.7219399709555444,0.6768697389907364,173,98
294,48,False,False,False,midpoint_with_inhaler,0.7219399709555444,0.7166725868180028,173,99
294,48,False,False,False,upper_bound,0.6303983517058281,0.5941952866510555,173,100
294,48,False,False,False,upper_bound_with_inhaler,0.7219399709555444,0.690156126169793,173,101
294,48,False,False,True,one_hot,,,173,102
294,48,False,False,True,lower_bound,0.7219399709555444,0.699796339862266,173,103
294,48,False,False,True,midpoint,0.7219399709555444,0.6768697389907364,173,104
294,48,False,False,True,midpoint_with_inhaler,0.7219399709555444,0.7166725868180028,173,105
294,48,False,False,True,upper_bound,0.6303983517058281,0.5941952866510555,173,106
294,48,False,False,True,upper_bound_with_inhaler,0.7219399709555444,0.690156126169793,173,107
294,48,False,True,False,one_hot,,,173,108
294,48,False,True,False,lower_bound,0.3488475327146832,0.35474214000619525,173,109
294,48,False,True,False,midpoint,0.3488475327146832,0.35942189378765543,173,110
294,48,False,True,False,midpoint_with_inhaler,0.3488475327146832,0.35942189378765543,173,111
294,48,False,True,False,upper_bound,0.3488475327146832,0.3568575387361839,173,112
294,48,False,True,False,upper_bound_with_inhaler,0.3488475327146832,0.3568575387361839,173,113
294,48,False,True,True,one_hot,,,173,114
294,48,False,True,True,lower_bound,0.3488475327146832,0.35474214000619525,173,115
294,48,False,True,True,midpoint,0.3488475327146832,0.35942189378765543,173,116
294,48,False,True,True,midpoint_with_inhaler,0.3488475327146832,0.35942189378765543,173,117
294,48,False,True,True,upper_bound,0.3488475327146832,0.3568575387361839,173,118
294,48,False,True,True,upper_bound_with_inhaler,0.3488475327146832,0.3568575387361839,173,119
294,48,True,False,False,one_hot,,,173,120
294,48,True,False,False,lower_bound,0.40874218225944964,0.3773429564195415,173,121
294,48,True,False,False,midpoint,0.40874218225944964,0.4047579124013149,173,122
294,48,True,False,False,midpoint_with_inhaler,0.40874218225944964,0.4022022337917899,173,123
294,48,True,False,False,upper_bound,0.4077760548429983,0.41188336215972066,173,124
294,48,True,False,False,upper_bound_with_inhaler,0.40874218225944964,0.41241164365273375,173,125
294,48,True,False,True,one_hot,,,173,126
294,48,True,False,True,lower_bound,0.40874218225944964,0.3773429564195415,173,127
294,48,True,False,True,midpoint,0.40874218225944964,0.4047579124013149,173,128
294,48,True,False,True,midpoint_with_inhaler,0.40874218225944964,0.4022022337917899,173,129
294,48,True,False,True,upper_bound,0.4077760548429983,0.41188336215972066,173,130
294,48,True,False,True,upper_bound_with_inhaler,0.40874218225944964,0.41241164365273375,173,131
328,12,False,False,False,one_hot,0.4678194397177004,0.46781943971770057,17,0
328,12,False,False,False,lower_bound,0.4071367486065829,0.10916362267706378,17,1
328,12,False,False,False,midpoint,0.4071367486065829,0.13815190612589662,17,2
328,12,False,False,False,midpoint_with_inhaler,0.4071367486065829,0.13815190612589662,17,3
328,12,False,False,False,upper_bound,0.4071367486065829,0.15566111481842884,17,4
328,12,False,False,False,upper_bound_with_inhaler,0.4071367486065829,0.15566111481842884,17,5
328,12,False,False,True,one_hot,0.4678194397177004,0.46781943971770057,17,6
328,12,False,False,True,lower_bound,0.4071367486065829,0.10916362267706378,17,7
328,12,False,False,True,midpoint,0.4071367486065829,0.13815190612589662,17,8
328,12,False,False,True,midpoint_with_inhaler,0.4071367486065829,0.13815190612589662,17,9
328,12,False,False,True,upper_bound,0.4071367486065829,0.15566111481842884,17,10
328,12,False,False,True,upper_bound_with_inhaler,0.4071367486065829,0.15566111481842884,17,11
328,12,False,True,False,one_hot,0.2053880046330666,0.2053880046330666,17,12
328,12,False,True,False,lower_bound,0.14098160902456724,0.0,17,13
328,12,False,True,False,midpoint,0.14098160902456724,0.015202496684727037,17,14
328,12,False,True,False,midpoint_with_inhaler,0.14098160902456724,0.015202496684727037,17,15
328,12,False,True,False,upper_bound,0.14098160902456724,0.02462327339873151,17,16
328,12,False,True,False,upper_bound_with_inhaler,0.14098160902456724,0.02462327339873151,17,17
328,12,False,True,True,one_hot,0.2053880046330666,0.2053880046330666,17,18
328,12,False,True,True,lower_bound,0.14098160902456724,0.0,17,19
328,12,False,True,True,midpoint,0.14098160902456724,0.015202496684727037,17,20
328,12,False,True,True,midpoint_with_inhaler,0.14098160902456724,0.015202496684727037,17,21
328,12,False,True,True,upper_bound,0.14098160902456724,0.02462327339873151,17,22
328,12,False,True,True,upper_bound_with_inhaler,0.14098160902456724,0.02462327339873151,17,23
328,12,True,False,False,one_hot,0.17066884146429792,0.17066884146429792,17,24
328,12,True,False,False,lower_bound,0.04645133122921934,-0.05610664763324888,17,25
328,12,True,False,False,midpoint,0.04645133122921934,-0.03723850545448854,17,26
328,12,True,False,False,midpoint_with_inhaler,0.04645133122921934,-0.03723850545448854,17,27
328,12,True,False,False,upper_bound,0.04645133122921934,-0.02462327339873151,17,28
328,12,True,False,False,upper_bound_with_inhaler,0.04645133122921934,-0.02462327339873151,17,29
328,12,True,False,True,one_hot,0.17066884146429792,0.17066884146429792,17,30
328,12,True,False,True,lower_bound,0.04645133122921934,-0.05610664763324888,17,31
328,12,True,False,True,midpoint,0.04645133122921934,-0.03723850545448854,17,32
328,12,True,False,True,midpoint_with_inhaler,0.04645133122921934,-0.03723850545448854,17,33
328,12,True,False,True,upper_bound,0.04645133122921934,-0.02462327339873151,17,34
328,12,True,False,True,upper_bound_with_inhaler,0.04645133122921934,-0.02462327339873151,17,35
328,24,False,False,False,one_hot,0.2053880046330666,0.2053880046330666,17,36
328,24,False,False,False,lower_bound,0.1409816090245673,3.469446951953614e-18,17,37
328,24,False,False,False,midpoint,0.1409816090245673,0.01520249668472705,17,38
328,24,False,False,False,midpoint_with_inhaler,0.1409816090245673,0.01520249668472705,17,39
328,24,False,False,False,upper_bound,0.1409816090245673,0.024623273398731518,17,40
328,24,False,False,False,upper_bound_with_inhaler,0.1409816090245673,0.024623273398731518,17,41
328,24,False,False,True,one_hot,0.2053880046330666,0.2053880046330666,17,42
328,24,False,False,True,lower_bound,0.1409816090245673,3.469446951953614e-18,17,43
328,24,False,False,True,midpoint,0.1409816090245673,0.01520249668472705,17,44
328,24,False,False,True,midpoint_with_inhaler,0.1409816090245673,0.01520249668472705,17,45
328,24,False,False,True,upper_bound,0.1409816090245673,0.024623273398731518,17,46
328,24,False,False,True,upper_bound_with_inhaler,0.1409816090245673,0.024623273398731518,17,47
328,24,False,True,False,one_hot,0.2053880046330666,0.20538800463306664,17,48
328,24,False,True,False,lower_bound,0.14098160902456724,0.06364998906580174,17,49
328,24,False,True,False,midpoint,0.14098160902456724,0.10236836385334498,17,50
328,24,False,True,False,midpoint_with_inhaler,0.14098160902456724,0.10236836385334498,17,51
328,24,False,True,False,upper_bound,0.14098160902456724,0.1263238577100874,17,52
328,24,False,True,False,upper_bound_with_inhaler,0.14098160902456724,0.1263238577100874,17,53
328,24,False,True,True,one_hot,0.2053880046330666,0.20538800463306664,17,54
328,24,False,True,True,lower_bound,0.14098160902456724,0.06364998906580174,17,55
328,24,False,True,True,midpoint,0.14098160902456724,0.10236836385334498,17,56
328,24,False,True,True,midpoint_with_inhaler,0.14098160902456724,0.10236836385334498,17,57
328,24,False,True,True,upper_bound,0.14098160902456724,0.1263238577100874,17,58
328,24,False,True,True,upper_bound_with_inhaler,0.14098160902456724,0.1263238577100874,17,59
328,24,True,False,False,one_hot,0.2053880046330666,0.2053880046330666,17,60
328,24,True,False,False,lower_bound,0.1409816090245673,3.469446951953614e-18,17,61
328,24,True,False,False,midpoint,0.1409816090245673,0.01520249668472705,17,62
328,24,True,False,False,midpoint_with_inhaler,0.1409816090245673,0.01520249668472705,17,63
328,24,True,False,False,upper_bound,0.1409816090245673,0.024623273398731518,17,64
328,24,True,False,False,upper_bound_with_inhaler,0.1409816090245673,0.024623273398731518,17,65
328,24,True,False,True,one_hot,0.2053880046330666,0.2053880046330666,17,66
328,24,True,False,True,lower_bound,0.1409816090245673,3.469446951953614e-18,17,67
328,24,True,False,True,midpoint,0.1409816090245673,0.01520249668472705,17,68
328,24,True,False,True,midpoint_with_inhaler,0.1409816090245673,0.01520249668472705,17,69
328,24,True,False,True,upper_bound,0.1409816090245673,0.024623273398731518,17,70
328,24,True,False,True,upper_bound_with_inhaler,0.1409816090245673,0.024623273398731518,17,71
328,36,False,False,False,one_hot,0.17066884146429798,0.17066884146429792,17,72
328,36,False,False,False,lower_bound,0.1009348554794364,-0.02035173257197865,17,73
328,36,False,False,False,midpoint,0.1009348554794364,-0.007860543813804593,17,74
328,36,False,False,False,midpoint_with_inhaler,0.1009348554794364,-0.007860543813804593,17,75
328,36,False,False,False,upper_bound,0.1009348554794364,6.938893903907228e-18,17,76
328,36,False,False,False,upper_bound_with_inhaler,0.1009348554794364,6.938893903907228e-18,17,77
328,36,False,False,True,one_hot,0.17066884146429798,0.17066884146429792,17,78
328,36,False,False,True,lower_bound,0.1009348554794364,-0.02035173257197865,17,79
328,36,False,False,True,midpoint,0.1009348554794364,-0.007860543813804593,17,80
328,36,False,False,True,midpoint_with_inhaler,0.1009348554794364,-0.007860543813804593,17,81
328,36,False,False,True,upper_bound,0.1009348554794364,6.938893903907228e-18,17,82
328,36,False,False,True,upper_bound_with_inhaler,0.1009348554794364,6.938893903907228e-18,17,83
328,36,True,False,False,one_hot,0.2053880046330666,0.2053880046330666,17,84
328,36,True,False,False,lower_bound,0.08825849209131824,0.0,17,85
328,36,True,False,False,midpoint,0.08825849209131824,0.04328606017348298,17,86
328,36,True,False,False,midpoint_with_inhaler,0.08825849209131824,0.04328606017348298,17,87
328,36,True,False,False,upper_bound,0.08825849209131824,0.07390537518759716,17,88
328,36,True,False,False,upper_bound_with_inhaler,0.08825849209131824,0.07390537518759716,17,89
328,36,True,False,True,one_hot,0.2053880046330666,0.2053880046330666,17,90
328,36,True,False,True,lower_bound,0.08825849209131824,0.0,17,91
328,36,True,False,True,midpoint,0.08825849209131824,0.04328606017348298,17,92
328,36,True,False,True,midpoint_with_inhaler,0.08825849209131824,0.04328606017348298,17,93
328,36,True,False,True,upper_bound,0.08825849209131824,0.07390537518759716,17,94
328,36,True,False,True,upper_bound_with_inhaler,0.08825849209131824,0.07390537518759716,17,95
328,48,False,False,False,one_hot,0.09154194364805601,0.09154194364805601,17,96
328,48,False,False,False,lower_bound,-0.14016459097773865,-0.16334351149245638,17,97
328,48,False,False,False,midpoint,-0.14016459097773865,-0.14542925351488625,17,98
328,48,False,False,False,midpoint_with_inhaler,-0.14016459097773865,-0.14542925351488625,17,99
328,48,False,False,False,upper_bound,-0.14016459097773865,-0.13115705581403655,17,100
328,48,False,False,False,upper_bound_with_inhaler,-0.14016459097773865,-0.13115705581403655,17,101
328,48,False,False,True,one_hot,0.09154194364805601,0.09154194364805601,17,102
328,48,False,False,True,lower_bound,-0.14016459097773865,-0.16334351149245638,17,103
328,48,False,False,True,midpoint,-0.14016459097773865,-0.14542925351488625,17,104
328,48,False,False,True,midpoint_with_inhaler,-0.14016459097773865,-0.14542925351488625,17,105
328,48,False,False,True,upper_bound,-0.14016459097773865,-0.13115705581403655,17,106
328,48,False,False,True,upper_bound_with_inhaler,-0.14016459097773865,-0.13115705581403655,17,107
328,48,False,True,False,one_hot,-0.16651366727733793,-0.16651366727733785,17,108
328,48,False,True,False,lower_bound,-0.20829668713657554,-0.20732790422783995,17,109
328,48,False,True,False,midpoint,-0.20829668713657554,-0.21026184136530068,17,110
328,48,False,True,False,midpoint_with_inhaler,-0.20829668713657554,-0.21026184136530068,17,111
328,48,False,True,False,upper_bound,-0.20829668713657554,-0.20959995706708806,17,112
328,48,False,True,False,upper_bound_with_inhaler,-0.20829668713657554,-0.20959995706708806,17,113
328,48,False,True,True,one_hot,-0.16651366727733793,-0.16651366727733785,17,114
328,48,False,True,True,lower_bound,-0.20829668713657554,-0.20732790422783995,17,115
328,48,False,True,True,midpoint,-0.20829668713657554,-0.21026184136530068,17,116
328,48,False,True,True,midpoint_with_inhaler,-0.20829668713657554,-0.21026184136530068,17,117
328,48,False,True,True,upper_bound,-0.20829668713657554,-0.20959995706708806,17,118
328,48,False,True,True,upper_bound_with_inhaler,-0.20829668713657554,-0.20959995706708806,17,119
328,48,True,False,False,one_hot,0.1341319932973397,0.1341319932973397,17,120
328,48,True,False,False,lower_bound,0.056167351379558826,0.0,17,121
328,48,True,False,False,midpoint,0.056167351379558826,0.030491443194983744,17,122
328,48,True,False,False,midpoint_with_inhaler,0.056167351379558826,0.030491443194983744,17,123
328,48,True,False,False,upper_bound,0.056167351379558826,0.05168575355769862,17,124
328,48,True,False,False,upper_bound_with_inhaler,0.056167351379558826,0.05168575355769862,17,125
328,48,True,False,True,one_hot,0.1341319932973397,0.1341319932973397,17,126
328,48,True,False,True,lower_bound,0.056167351379558826,0.0,17,127
328,48,True,False,True,midpoint,0.056167351379558826,0.030491443194983744,17,128
328,48,True,False,True,midpoint_with_inhaler,0.056167351379558826,0.030491443194983744,17,129
328,48,True,False,True,upper_bound,0.056167351379558826,0.05168575355769862,17,130
328,48,True,False,True,upper_bound_with_inhaler,0.056167351379558826,0.05168575355769862,17,131
343,12,False,False,False,one_hot,0.407158295890185,0.40715829589018504,93,0
343,12,False,False,False,lower_bound,0.407158295890185,0.40715829589018504,93,1
343,12,False,False,False,midpoint,0.407158295890185,0.407158295890185,93,2
343,12,False,False,False,midpoint_with_inhaler,0.407158295890185,0.407158295890185,93,3
343,12,False,False,False,upper_bound,0.407158295890185,0.40715829589018504,93,4
343,12,False,False,False,upper_bound_with_inhaler,0.407158295890185,0.40715829589018504,93,5
343,12,False,False,True,one_hot,0.407158295890185,0.40715829589018504,93,6
343,12,False,False,True,lower_bound,0.407158295890185,0.40715829589018504,93,7
343,12,False,False,True,midpoint,0.407158295890185,0.407158295890185,93,8
343,12,False,False,True,midpoint_with_inhaler,0.407158295890185,0.407158295890185,93,9
343,12,False,False,True,upper_bound,0.407158295890185,0.40715829589018504,93,10
343,12,False,False,True,upper_bound_with_inhaler,0.407158295890185,0.40715829589018504,93,11
343,12,False,True,False,one_hot,0.7069638949614253,0.7069638949614258,93,12
343,12,False,True,False,lower_bound,0.7069638949614253,0.7069638949614258,93,13
343,12,False,True,False,midpoint,0.7069638949614253,0.7069638949614253,93,14
343,12,False,True,False,midpoint_with_inhaler,0.7069638949614253,0.7069638949614253,93,15
343,12,False,True,False,upper_bound,0.7069638949614253,0.7069638949614258,93,16
343,12,False,True,False,upper_bound_with_inhaler,0.7069638949614253,0.7069638949614258,93,17
343,12,False,True,True,one_hot,0.7069638949614253,0.7069638949614258,93,18
343,12,False,True,True,lower_bound,0.7069638949614253,0.7069638949614258,93,19
343,12,False,True,True,midpoint,0.7069638949614253,0.7069638949614253,93,20
343,12,False,True,True,midpoint_with_inhaler,0.7069638949614253,0.7069638949614253,93,21
343,12,False,True,True,upper_bound,0.7069638949614253,0.7069638949614258,93,22
343,12,False,True,True,upper_bound_with_inhaler,0.7069638949614253,0.7069638949614258,93,23
343,12,True,False,False,one_hot,0.5482627788240598,0.5482627788240598,93,24
343,12,True,False,False,lower_bound,0.5482627788240598,0.5482627788240598,93,25
343,12,True,False,False,midpoint,0.5482627788240598,0.5482627788240598,93,26
343,12,True,False,False,midpoint_with_inhaler,0.5482627788240598,0.5482627788240598,93,27
343,12,True,False,False,upper_bound,0.5482627788240598,0.5482627788240598,93,28
343,12,True,False,False,upper_bound_with_inhaler,0.5482627788240598,0.5482627788240598,93,29
343,12,True,False,True,one_hot,0.5482627788240598,0.5482627788240598,93,30
343,12,True,False,True,lower_bound,0.5482627788240598,0.5482627788240598,93,31
343,12,True,False,True,midpoint,0.5482627788240598,0.5482627788240598,93,32
343,12,True,False,True,midpoint_with_inhaler,0.5482627788240598,0.5482627788240598,93,33
343,12,True,False,True,upper_bound,0.5482627788240598,0.5482627788240598,93,34
343,12,True,False,True,upper_bound_with_inhaler,0.5482627788240598,0.5482627788240598,93,35
343,24,False,False,False,one_hot,0.3665694010627596,0.3665694010627596,93,36
343,24,False,False,False,lower_bound,0.37813041893953736,0.3982172282843359,93,37
343,24,False,False,False,midpoint,0.37813041893953736,0.3951241465963605,93,38
343,24,False,False,False,midpoint_with_inhaler,0.37813041893953736,0.3951241465963605,93,39
343,24,False,False,False,upper_bound,0.37813041893953736,0.3910364622200565,93,40
343,24,False,False,False,upper_bound_with_inhaler,0.37813041893953736,0.3910364622200565,93,41
343,24,False,False,True,one_hot,0.3665694010627596,0.3665694010627596,93,42
343,24,False,False,True,lower_bound,0.37813041893953736,0.3982172282843359,93,43
343,24,False,False,True,midpoint,0.37813041893953736,0.3951241465963605,93,44
343,24,False,False,True,midpoint_with_inhaler,0.37813041893953736,0.3951241465963605,93,45
343,24,False,False,True,upper_bound,0.37813041893953736,0.3910364622200565,93,46
343,24,False,False,True,upper_bound_with_inhaler,0.37813041893953736,0.3910364622200565,93,47
343,24,False,True,False,one_hot,0.3057295903020169,0.30572959030201696,93,48
343,24,False,True,False,lower_bound,0.3057295903020169,0.30572959030201696,93,49
343,24,False,True,False,midpoint,0.3057295903020169,0.3057295903020169,93,50
343,24,False,True,False,midpoint_with_inhaler,0.3057295903020169,0.3057295903020169,93,51
343,24,False,True,False,upper_bound,0.3057295903020169,0.30572959030201696,93,52
343,24,False,True,False,upper_bound_with_inhaler,0.3057295903020169,0.30572959030201696,93,53
343,24,False,True,True,one_hot,0.3057295903020169,0.30572959030201696,93,54
343,24,False,True,True,lower_bound,0.3057295903020169,0.30572959030201696,93,55
343,24,False,True,True,midpoint,0.3057295903020169,0.3057295903020169,93,56
343,24,False,True,True,midpoint_with_inhaler,0.3057295903020169,0.3057295903020169,93,57
343,24,False,True,True,upper_bound,0.3057295903020169,0.30572959030201696,93,58
343,24,False,True,True,upper_bound_with_inhaler,0.3057295903020169,0.30572959030201696,93,59
343,24,True,False,False,one_hot,0.3665694010627596,0.3665694010627596,93,60
343,24,True,False,False,lower_bound,0.37813041893953736,0.3982172282843359,93,61
343,24,True,False,False,midpoint,0.37813041893953736,0.3951241465963605,93,62
343,24,True,False,False,midpoint_with_inhaler,0.37813041893953736,0.3951241465963605,93,63
343,24,True,False,False,upper_bound,0.37813041893953736,0.3910364622200565,93,64
343,24,True,False,False,upper_bound_with_inhaler,0.37813041893953736,0.3910364622200565,93,65
343,24,True,False,True,one_hot,0.3665694010627596,0.3665694010627596,93,66
343,24,True,False,True,lower_bound,0.37813041893953736,0.3982172282843359,93,67
343,24,True,False,True,midpoint,0.37813041893953736,0.3951241465963605,93,68
343,24,True,False,True,midpoint_with_inhaler,0.37813041893953736,0.3951241465963605,93,69
343,24,True,False,True,upper_bound,0.37813041893953736,0.3910364622200565,93,70
343,24,True,False,True,upper_bound_with_inhaler,0.37813041893953736,0.3910364622200565,93,71
343,36,False,False,False,one_hot,0.3634695387262247,0.3634695387262247,93,72
343,36,False,False,False,lower_bound,0.379307193956999,0.3998324124286838,93,73
343,36,False,False,False,midpoint,0.379307193956999,0.3950265610895311,93,74
343,36,False,False,False,midpoint_with_inhaler,0.379307193956999,0.3950265610895311,93,75
343,36,False,False,False,upper_bound,0.379307193956999,0.3900691336494906,93,76
343,36,False,False,False,upper_bound_with_inhaler,0.379307193956999,0.3900691336494906,93,77
343,36,False,False,True,one_hot,0.3634695387262247,0.3634695387262247,93,78
343,36,False,False,True,lower_bound,0.379307193956999,0.3998324124286838,93,79
343,36,False,False,True,midpoint,0.379307193956999,0.3950265610895311,93,80
343,36,False,False,True,midpoint_with_inhaler,0.379307193956999,0.3950265610895311,93,81
343,36,False,False,True,upper_bound,0.379307193956999,0.3900691336494906,93,82
343,36,False,False,True,upper_bound_with_inhaler,0.379307193956999,0.3900691336494906,93,83
343,36,True,False,False,one_hot,0.23009233267981366,0.23009233267981372,93,84
343,36,True,False,False,lower_bound,0.23009233267981366,0.23009233267981372,93,85
343,36,True,False,False,midpoint,0.23009233267981366,0.23009233267981366,93,86
343,36,True,False,False,midpoint_with_inhaler,0.23009233267981366,0.23009233267981366,93,87
343,36,True,False,False,upper_bound,0.23009233267981366,0.23009233267981372,93,88
343,36,True,False,False,upper_bound_with_inhaler,0.23009233267981366,0.23009233267981372,93,89
343,36,True,False,True,one_hot,0.23009233267981366,0.23009233267981372,93,90
343,36,True,False,True,lower_bound,0.23009233267981366,0.23009233267981372,93,91
343,36,True,False,True,midpoint,0.23009233267981366,0.23009233267981366,93,92
343,36,True,False,True,midpoint_with_inhaler,0.23009233267981366,0.23009233267981366,93,93
343,36,True,False,True,upper_bound,0.23009233267981366,0.23009233267981372,93,94
343,36,True,False,True,upper_bound_with_inhaler,0.23009233267981366,0.23009233267981372,93,95
343,48,False,False,False,one_hot,0.2149765327164126,0.21497653271641265,93,96
343,48,False,False,False,lower_bound,0.2225371328517359,0.22012497701434916,93,97
343,48,False,False,False,midpoint,0.2225371328517359,0.2243174353504485,93,98
343,48,False,False,False,midpoint_with_inhaler,0.2225371328517359,0.2243174353504485,93,99
343,48,False,False,False,upper_bound,0.2225371328517359,0.2246705623599818,93,100
343,48,False,False,False,upper_bound_with_inhaler,0.2225371328517359,0.2246705623599818,93,101
343,48,False,False,True,one_hot,0.2149765327164126,0.21497653271641265,93,102
343,48,False,False,True,lower_bound,0.2225371328517359,0.22012497701434916,93,103
343,48,False,False,True,midpoint,0.2225371328517359,0.2243174353504485,93,104
343,48,False,False,True,midpoint_with_inhaler,0.2225371328517359,0.2243174353504485,93,105
343,48,False,False,True,upper_bound,0.2225371328517359,0.2246705623599818,93,106
343,48,False,False,True,upper_bound_with_inhaler,0.2225371328517359,0.2246705623599818,93,107
343,48,False,True,False,one_hot,0.03579809731259289,0.035798097312592946,93,108
343,48,False,True,False,lower_bound,0.03579809731259289,0.035798097312592946,93,109
343,48,False,True,False,midpoint,0.03579809731259289,0.03579809731259289,93,110
343,48,False,True,False,midpoint_with_inhaler,0.03579809731259289,0.03579809731259289,93,111
343,48,False,True,False,upper_bound,0.03579809731259289,0.035798097312592946,93,112
343,48,False,True,False,upper_bound_with_inhaler,0.03579809731259289,0.035798097312592946,93,113
343,48,False,True,True,one_hot,0.03579809731259289,0.035798097312592946,93,114
343,48,False,True,True,lower_bound,0.03579809731259289,0.035798097312592946,93,115
343,48,False,True,True,midpoint,0.03579809731259289,0.03579809731259289,93,116
343,48,False,True,True,midpoint_with_inhaler,0.03579809731259289,0.03579809731259289,93,117
343,48,False,True,True,upper_bound,0.03579809731259289,0.035798097312592946,93,118
343,48,False,True,True,upper_bound_with_inhaler,0.03579809731259289,0.035798097312592946,93,119
343,48,True,False,False,one_hot,0.1301579935428358,0.13015799354283597,93,120
343,48,True,False,False,lower_bound,0.12399602811111009,0.09119551627214581,93,121
343,48,True,False,False,midpoint,0.12399602811111009,0.10463406329128712,93,122
343,48,True,False,False,midpoint_with_inhaler,0.12399602811111009,0.10463406329128712,93,123
343,48,True,False,False,upper_bound,0.12399602811111009,0.11136549760874694,93,124
343,48,True,False,False,upper_bound_with_inhaler,0.12399602811111009,0.11136549760874694,93,125
343,48,True,False,True,one_hot,0.1301579935428358,0.13015799354283597,93,126
343,48,True,False,True,lower_bound,0.12399602811111009,0.09119551627214581,93,127
343,48,True,False,True,midpoint,0.12399602811111009,0.10463406329128712,93,128
343,48,True,False,True,midpoint_with_inhaler,0.12399602811111009,0.10463406329128712,93,129
343,48,True,False,True,upper_bound,0.12399602811111009,0.11136549760874694,93,130
343,48,True,False,True,upper_bound_with_inhaler,0.12399602811111009,0.11136549760874694,93,131
398,12,False,False,False,one_hot,0.3707002608294454,0.3707002608294455,25,0
398,12,False,False,False,lower_bound,0.33622364341270056,0.19648263054981693,25,1
398,12,False,False,False,midpoint,0.33622364341270056,0.24749692975417328,25,2
398,12,False,False,False,midpoint_with_inhaler,0.33622364341270056,0.24749692975417328,25,3
398,12,False,False,False,upper_bound,0.33622364341270056,0.2768971121719473,25,4
398,12,False,False,False,upper_bound_with_inhaler,0.33622364341270056,0.2768971121719473,25,5
398,12,False,False,True,one_hot,0.3707002608294454,0.3707002608294455,25,6
398,12,False,False,True,lower_bound,0.33622364341270056,0.19648263054981693,25,7
398,12,False,False,True,midpoint,0.33622364341270056,0.24749692975417328,25,8
398,12,False,False,True,midpoint_with_inhaler,0.33622364341270056,0.24749692975417328,25,9
398,12,False,False,True,upper_bound,0.33622364341270056,0.2768971121719473,25,10
398,12,False,False,True,upper_bound_with_inhaler,0.33622364341270056,0.2768971121719473,25,11
398,12,False,True,False,one_hot,-0.017473191989172413,-0.01747319198917236,25,12
398,12,False,True,False,lower_bound,-0.03427768043780489,-0.06307760329410848,25,13
398,12,False,True,False,midpoint,-0.03427768043780489,-0.05273168386243905,25,14
398,12,False,True,False,midpoint_with_inhaler,-0.03427768043780489,-0.05273168386243905,25,15
398,12,False,True,False,upper_bound,-0.03427768043780489,-0.04586706265729717,25,16
398,12,False,True,False,upper_bound_with_inhaler,-0.03427768043780489,-0.04586706265729717,25,17
398,12,False,True,True,one_hot,-0.017473191989172413,-0.01747319198917236,25,18
398,12,False,True,True,lower_bound,-0.03427768043780489,-0.06307760329410848,25,19
398,12,False,True,True,midpoint,-0.03427768043780489,-0.05273168386243905,25,20
398,12,False,True,True,midpoint_with_inhaler,-0.03427768043780489,-0.05273168386243905,25,21
398,12,False,True,True,upper_bound,-0.03427768043780489,-0.04586706265729717,25,22
398,12,False,True,True,upper_bound_with_inhaler,-0.03427768043780489,-0.04586706265729717,25,23
398,12,True,False,False,one_hot,0.1686332463084481,0.16863324630844811,25,24
398,12,True,False,False,lower_bound,0.13834016394833087,0.07011164777228407,25,25
398,12,True,False,False,midpoint,0.13834016394833087,0.09951742853082,25,26
398,12,True,False,False,midpoint_with_inhaler,0.13834016394833087,0.09951742853082,25,27
398,12,True,False,False,upper_bound,0.13834016394833087,0.11624834486277077,25,28
398,12,True,False,False,upper_bound_with_inhaler,0.13834016394833087,0.11624834486277077,25,29
398,12,True,False,True,one_hot,0.1686332463084481,0.16863324630844811,25,30
398,12,True,False,True,lower_bound,0.13834016394833087,0.07011164777228407,25,31
398,12,True,False,True,midpoint,0.13834016394833087,0.09951742853082,25,32
398,12,True,False,True,midpoint_with_inhaler,0.13834016394833087,0.09951742853082,25,33
398,12,True,False,True,upper_bound,0.13834016394833087,0.11624834486277077,25,34
398,12,True,False,True,upper_bound_with_inhaler,0.13834016394833087,0.11624834486277077,25,35
398,24,False,False,False,one_hot,-0.010219344729000561,-0.010219344729000586,25,36
398,24,False,False,False,lower_bound,-0.03864337191911181,-0.06428247121755049,25,37
398,24,False,False,False,midpoint,-0.03864337191911181,-0.05263677605960212,25,38
398,24,False,False,False,midpoint_with_inhaler,-0.03864337191911181,-0.05263677605960212,25,39
398,24,False,False,False,upper_bound,-0.03864337191911181,-0.04457303545340155,25,40
398,24,False,False,False,upper_bound_with_inhaler,-0.03864337191911181,-0.04457303545340155,25,41
398,24,False,False,True,one_hot,-0.010219344729000561,-0.010219344729000586,25,42
398,24,False,False,True,lower_bound,-0.03864337191911181,-0.06428247121755049,25,43
398,24,False,False,True,midpoint,-0.03864337191911181,-0.05263677605960212,25,44
398,24,False,False,True,midpoint_with_inhaler,-0.03864337191911181,-0.05263677605960212,25,45
398,24,False,False,True,upper_bound,-0.03864337191911181,-0.04457303545340155,25,46
398,24,False,False,True,upper_bound_with_inhaler,-0.03864337191911181,-0.04457303545340155,25,47
398,24,False,True,False,one_hot,0.2036923847888908,0.20369238478889085,25,48
398,24,False,True,False,lower_bound,0.2036923847888908,0.20369238478889085,25,49
398,24,False,True,False,midpoint,0.2036923847888908,0.20369238478889085,25,50
398,24,False,True,False,midpoint_with_inhaler,0.2036923847888908,0.20369238478889085,25,51
398,24,False,True,False,upper_bound,0.2036923847888908,0.20369238478889085,25,52
398,24,False,True,False,upper_bound_with_inhaler,0.2036923847888908,0.20369238478889085,25,53
398,24,False,True,True,one_hot,0.2036923847888908,0.20369238478889085,25,54
398,24,False,True,True,lower_bound,0.2036923847888908,0.20369238478889085,25,55
398,24,False,True,True,midpoint,0.2036923847888908,0.20369238478889085,25,56
398,24,False,True,True,midpoint_with_inhaler,0.2036923847888908,0.20369238478889085,25,57
398,24,False,True,True,upper_bound,0.2036923847888908,0.20369238478889085,25,58
398,24,False,True,True,upper_bound_with_inhaler,0.2036923847888908,0.20369238478889085,25,59
398,24,True,False,False,one_hot,-0.010219344729000561,-0.010219344729000586,25,60
398,24,True,False,False,lower_bound,-0.03864337191911181,-0.06428247121755049,25,61
398,24,True,False,False,midpoint,-0.03864337191911181,-0.05263677605960212,25,62
398,24,True,False,False,midpoint_with_inhaler,-0.03864337191911181,-0.05263677605960212,25,63
398,24,True,False,False,upper_bound,-0.03864337191911181,-0.04457303545340155,25,64
398,24,True,False,False,upper_bound_with_inhaler,-0.03864337191911181,-0.04457303545340155,25,65
398,24,True,False,True,one_hot,-0.010219344729000561,-0.010219344729000586,25,66
398,24,True,False,True,lower_bound,-0.03864337191911181,-0.06428247121755049,25,67
398,24,True,False,True,midpoint,-0.03864337191911181,-0.05263677605960212,25,68
398,24,True,False,True,midpoint_with_inhaler,-0.03864337191911181,-0.05263677605960212,25,69
398,24,True,False,True,upper_bound,-0.03864337191911181,-0.04457303545340155,25,70
398,24,True,False,True,upper_bound_with_inhaler,-0.03864337191911181,-0.04457303545340155,25,71
398,36,False,False,False,one_hot,0.2503586145588893,0.2503586145588893,25,72
398,36,False,False,False,lower_bound,0.1955767908211115,0.11462215160529156,25,73
398,36,False,False,False,midpoint,0.1955767908211115,0.1562562719585341,25,74
398,36,False,False,False,midpoint_with_inhaler,0.1955767908211115,0.1562562719585341,25,75
398,36,False,False,False,upper_bound,0.1955767908211115,0.18009635029588386,25,76
398,36,False,False,False,upper_bound_with_inhaler,0.1955767908211115,0.18009635029588386,25,77
398,36,False,False,True,one_hot,0.2503586145588893,0.2503586145588893,25,78
398,36,False,False,True,lower_bound,0.1955767908211115,0.11462215160529156,25,79
398,36,False,False,True,midpoint,0.1955767908211115,0.1562562719585341,25,80
398,36,False,False,True,midpoint_with_inhaler,0.1955767908211115,0.1562562719585341,25,81
398,36,False,False,True,upper_bound,0.1955767908211115,0.18009635029588386,25,82
398,36,False,False,True,upper_bound_with_inhaler,0.1955767908211115,0.18009635029588386,25,83
398,36,True,False,False,one_hot,0.24039000136460484,0.2403900013646048,25,84
398,36,True,False,False,lower_bound,0.24039000136460484,0.2403900013646048,25,85
398,36,True,False,False,midpoint,0.24039000136460484,0.2403900013646048,25,86
398,36,True,False,False,midpoint_with_inhaler,0.24039000136460484,0.2403900013646048,25,87
398,36,True,False,False,upper_bound,0.24039000136460484,0.2403900013646048,25,88
398,36,True,False,False,upper_bound_with_inhaler,0.24039000136460484,0.2403900013646048,25,89
398,36,True,False,True,one_hot,0.24039000136460484,0.2403900013646048,25,90
398,36,True,False,True,lower_bound,0.24039000136460484,0.2403900013646048,25,91
398,36,True,False,True,midpoint,0.24039000136460484,0.2403900013646048,25,92
398,36,True,False,True,midpoint_with_inhaler,0.24039000136460484,0.2403900013646048,25,93
398,36,True,False,True,upper_bound,0.24039000136460484,0.2403900013646048,25,94
398,36,True,False,True,upper_bound_with_inhaler,0.24039000136460484,0.2403900013646048,25,95
398,48,False,False,False,one_hot,0.3726968021477903,0.37269680214779016,25,96
398,48,False,False,False,lower_bound,0.2782870602681584,0.1294155837493254,25,97
398,48,False,False,False,midpoint,0.2782870602681584,0.1918662439616312,25,98
398,48,False,False,False,midpoint_with_inhaler,0.2782870602681584,0.1918662439616312,25,99
398,48,False,False,False,upper_bound,0.2782870602681584,0.23131562941138692,25,100
398,48,False,False,False,upper_bound_with_inhaler,0.2782870602681584,0.23131562941138692,25,101
398,48,False,False,True,one_hot,0.3726968021477903,0.37269680214779016,25,102
398,48,False,False,True,lower_bound,0.2782870602681584,0.1294155837493254,25,103
398,48,False,False,True,midpoint,0.2782870602681584,0.1918662439616312,25,104
398,48,False,False,True,midpoint_with_inhaler,0.2782870602681584,0.1918662439616312,25,105
398,48,False,False,True,upper_bound,0.2782870602681584,0.23131562941138692,25,106
398,48,False,False,True,upper_bound_with_inhaler,0.2782870602681584,0.23131562941138692,25,107
398,48,False,True,False,one_hot,0.1003520477840469,0.10035204778404688,25,108
398,48,False,True,False,lower_bound,0.07054631996819379,0.019705310278982327,25,109
398,48,False,True,False,midpoint,0.07054631996819379,0.04262388274826738,25,110
398,48,False,True,False,midpoint_with_inhaler,0.07054631996819379,0.04262388274826738,25,111
398,48,False,True,False,upper_bound,0.07054631996819379,0.05606044678421605,25,112
398,48,False,True,False,upper_bound_with_inhaler,0.07054631996819379,0.05606044678421605,25,113
398,48,False,True,True,one_hot,0.1003520477840469,0.10035204778404688,25,114
398,48,False,True,True,lower_bound,0.07054631996819379,0.019705310278982327,25,115
398,48,False,True,True,midpoint,0.07054631996819379,0.04262388274826738,25,116
398,48,False,True,True,midpoint_with_inhaler,0.07054631996819379,0.04262388274826738,25,117
398,48,False,True,True,upper_bound,0.07054631996819379,0.05606044678421605,25,118
398,48,False,True,True,upper_bound_with_inhaler,0.07054631996819379,0.05606044678421605,25,119
398,48,True,False,False,one_hot,0.2036923847888908,0.20369238478889085,25,120
398,48,True,False,False,lower_bound,0.2036923847888908,0.20369238478889085,25,121
398,48,True,False,False,midpoint,0.2036923847888908,0.20369238478889085,25,122
398,48,True,False,False,midpoint_with_inhaler,0.2036923847888908,0.20369238478889085,25,123
398,48,True,False,False,upper_bound,0.2036923847888908,0.20369238478889085,25,124
398,48,True,False,False,upper_bound_with_inhaler,0.2036923847888908,0.20369238478889085,25,125
398,48,True,False,True,one_hot,0.2036923847888908,0.20369238478889085,25,126
398,48,True,False,True,lower_bound,0.2036923847888908,0.20369238478889085,25,127
398,48,True,False,True,midpoint,0.2036923847888908,0.20369238478889085,25,128
398,48,True,False,True,midpoint_with_inhaler,0.2036923847888908,0.20369238478889085,25,129
398,48,True,False,True,upper_bound,0.2036923847888908,0.20369238478889085,25,130
398,48,True,False,True,upper_bound_with_inhaler,0.2036923847888908,0.20369238478889085,25,131
447,12,False,False,False,one_hot,0.044405656239685926,0.04440565623968593,89,0
447,12,False,False,False,lower_bound,-0.05547194429266148,0.11419009961473399,89,1
447,12,False,False,False,midpoint,-0.05547194429266148,0.08103334276729769,89,2
447,12,False,False,False,midpoint_with_inhaler,-0.05547194429266148,0.08103334276729769,89,3
447,12,False,False,False,upper_bound,-0.05547194429266148,0.05301250601369723,89,4
447,12,False,False,False,upper_bound_with_inhaler,-0.05547194429266148,0.05301250601369723,89,5
447,12,False,False,True,one_hot,0.044405656239685926,0.04440565623968593,89,6
447,12,False,False,True,lower_bound,-0.05547194429266148,0.11419009961473399,89,7
447,12,False,False,True,midpoint,-0.05547194429266148,0.08103334276729769,89,8
447,12,False,False,True,midpoint_with_inhaler,-0.05547194429266148,0.08103334276729769,89,9
447,12,False,False,True,upper_bound,-0.05547194429266148,0.05301250601369723,89,10
447,12,False,False,True,upper_bound_with_inhaler,-0.05547194429266148,0.05301250601369723,89,11
447,12,False,True,False,one_hot,-0.06278999876983221,-0.0627899987698322,89,12
447,12,False,True,False,lower_bound,-0.11534658759116095,-0.10685945451052109,89,13
447,12,False,True,False,midpoint,-0.11534658759116095,-0.12047520315144615,89,14
447,12,False,True,False,midpoint_with_inhaler,-0.11534658759116095,-0.12047520315144615,89,15
447,12,False,True,False,upper_bound,-0.11534658759116095,-0.13038049895337253,89,16
447,12,False,True,False,upper_bound_with_inhaler,-0.11534658759116095,-0.13038049895337253,89,17
447,12,False,True,True,one_hot,-0.06278999876983221,-0.0627899987698322,89,18
447,12,False,True,True,lower_bound,-0.11534658759116095,-0.10685945451052109,89,19
447,12,False,True,True,midpoint,-0.11534658759116095,-0.12047520315144615,89,20
447,12,False,True,True,midpoint_with_inhaler,-0.11534658759116095,-0.12047520315144615,89,21
447,12,False,True,True,upper_bound,-0.11534658759116095,-0.13038049895337253,89,22
447,12,False,True,True,upper_bound_with_inhaler,-0.11534658759116095,-0.13038049895337253,89,23
447,12,True,False,False,one_hot,-0.06836929270462401,-0.068369292704624,89,24
447,12,True,False,False,lower_bound,-0.1291937477622307,-0.10416435127641624,89,25
447,12,True,False,False,midpoint,-0.1291937477622307,-0.10281383053436284,89,26
447,12,True,False,False,midpoint_with_inhaler,-0.1291937477622307,-0.10281383053436284,89,27
447,12,True,False,False,upper_bound,-0.1291937477622307,-0.10243934114608463,89,28
447,12,True,False,False,upper_bound_with_inhaler,-0.1291937477622307,-0.10243934114608463,89,29
447,12,True,False,True,one_hot,-0.06836929270462401,-0.068369292704624,89,30
447,12,True,False,True,lower_bound,-0.1291937477622307,-0.10416435127641624,89,31
447,12,True,False,True,midpoint,-0.1291937477622307,-0.10281383053436284,89,32
447,12,True,False,True,midpoint_with_inhaler,-0.1291937477622307,-0.10281383053436284,89,33
447,12,True,False,True,upper_bound,-0.1291937477622307,-0.10243934114608463,89,34
447,12,True,False,True,upper_bound_with_inhaler,-0.1291937477622307,-0.10243934114608463,89,35
447,24,False,False,False,one_hot,0.09456950669993844,0.09456950669993848,89,36
447,24,False,False,False,lower_bound,0.0549975334852357,0.20114577784947862,89,37
447,24,False,False,False,midpoint,0.0549975334852357,0.18368079037692575,89,38
447,24,False,False,False,midpoint_with_inhaler,0.0549975334852357,0.18368079037692575,89,39
447,24,False,False,False,upper_bound,0.0549975334852357,0.16849215474987717,89,40
447,24,False,False,False,upper_bound_with_inhaler,0.0549975334852357,0.16849215474987717,89,41
447,24,False,False,True,one_hot,0.09456950669993844,0.09456950669993848,89,42
447,24,False,False,True,lower_bound,0.0549975334852357,0.20114577784947862,89,43
447,24,False,False,True,midpoint,0.0549975334852357,0.18368079037692575,89,44
447,24,False,False,True,midpoint_with_inhaler,0.0549975334852357,0.18368079037692575,89,45
447,24,False,False,True,upper_bound,0.0549975334852357,0.16849215474987717,89,46
447,24,False,False,True,upper_bound_with_inhaler,0.0549975334852357,0.16849215474987717,89,47
447,24,False,True,False,one_hot,-0.059926660528379125,-0.059926660528379125,89,48
447,24,False,True,False,lower_bound,0.12389864369344651,0.2308607138747147,89,49
447,24,False,True,False,midpoint,0.12389864369344651,0.22500234403106442,89,50
447,24,False,True,False,midpoint_with_inhaler,0.12389864369344651,0.22500234403106442,89,51
447,24,False,True,False,upper_bound,0.12389864369344651,0.21824342932544494,89,52
447,24,False,True,False,upper_bound_with_inhaler,0.12389864369344651,0.21824342932544494,89,53
447,24,False,True,True,one_hot,-0.059926660528379125,-0.059926660528379125,89,54
447,24,False,True,True,lower_bound,0.12389864369344651,0.2308607138747147,89,55
447,24,False,True,True,midpoint,0.12389864369344651,0.22500234403106442,89,56
447,24,False,True,True,midpoint_with_inhaler,0.12389864369344651,0.22500234403106442,89,57
447,24,False,True,True,upper_bound,0.12389864369344651,0.21824342932544494,89,58
447,24,False,True,True,upper_bound_with_inhaler,0.12389864369344651,0.21824342932544494,89,59
447,24,True,False,False,one_hot,0.09456950669993844,0.09456950669993848,89,60
447,24,True,False,False,lower_bound,0.0549975334852357,0.20114577784947862,89,61
447,24,True,False,False,midpoint,0.0549975334852357,0.18368079037692575,89,62
447,24,True,False,False,midpoint_with_inhaler,0.0549975334852357,0.18368079037692575,89,63
447,24,True,False,False,upper_bound,0.0549975334852357,0.16849215474987717,89,64
447,24,True,False,False,upper_bound_with_inhaler,0.0549975334852357,0.16849215474987717,89,65
447,24,True,False,True,one_hot,0.09456950669993844,0.09456950669993848,89,66
447,24,True,False,True,lower_bound,0.0549975334852357,0.20114577784947862,89,67
447,24,True,False,True,midpoint,0.0549975334852357,0.18368079037692575,89,68
447,24,True,False,True,midpoint_with_inhaler,0.0549975334852357,0.18368079037692575,89,69
447,24,True,False,True,upper_bound,0.0549975334852357,0.16849215474987717,89,70
447,24,True,False,True,upper_bound_with_inhaler,0.0549975334852357,0.16849215474987717,89,71
447,36,False,False,False,one_hot,-0.03290277943201769,-0.03290277943201768,89,72
447,36,False,False,False,lower_bound,0.18356460002673988,0.35690809945016394,89,73
447,36,False,False,False,midpoint,0.18356460002673988,0.30986866310617106,89,74
447,36,False,False,False,midpoint_with_inhaler,0.18356460002673988,0.30986866310617106,89,75
447,36,False,False,False,upper_bound,0.18356460002673988,0.27654791818741903,89,76
447,36,False,False,False,upper_bound_with_inhaler,0.18356460002673988,0.27654791818741903,89,77
447,36,False,False,True,one_hot,-0.03290277943201769,-0.03290277943201768,89,78
447,36,False,False,True,lower_bound,0.18356460002673988,0.35690809945016394,89,79
447,36,False,False,True,midpoint,0.18356460002673988,0.30986866310617106,89,80
447,36,False,False,True,midpoint_with_inhaler,0.18356460002673988,0.30986866310617106,89,81
447,36,False,False,True,upper_bound,0.18356460002673988,0.27654791818741903,89,82
447,36,False,False,True,upper_bound_with_inhaler,0.18356460002673988,0.27654791818741903,89,83
447,36,True,False,False,one_hot,-0.06278999876983221,-0.06278999876983221,89,84
447,36,True,False,False,lower_bound,-0.05467775051179558,0.16323367446044493,89,85
447,36,True,False,False,midpoint,-0.05467775051179558,0.10116798851285423,89,86
447,36,True,False,False,midpoint_with_inhaler,-0.05467775051179558,0.10116798851285423,89,87
447,36,True,False,False,upper_bound,-0.05467775051179558,0.06091030290240636,89,88
447,36,True,False,False,upper_bound_with_inhaler,-0.05467775051179558,0.06091030290240636,89,89
447,36,True,False,True,one_hot,-0.06278999876983221,-0.06278999876983221,89,90
447,36,True,False,True,lower_bound,-0.05467775051179558,0.16323367446044493,89,91
447,36,True,False,True,midpoint,-0.05467775051179558,0.10116798851285423,89,92
447,36,True,False,True,midpoint_with_inhaler,-0.05467775051179558,0.10116798851285423,89,93
447,36,True,False,True,upper_bound,-0.05467775051179558,0.06091030290240636,89,94
447,36,True,False,True,upper_bound_with_inhaler,-0.05467775051179558,0.06091030290240636,89,95
447,48,False,False,False,one_hot,-0.022992556620911684,-0.022992556620911677,89,96
447,48,False,False,False,lower_bound,-0.036229892101152794,0.14541839944283855,89,97
447,48,False,False,False,midpoint,-0.036229892101152794,0.08124736857290273,89,98
447,48,False,False,False,midpoint_with_inhaler,-0.036229892101152794,0.1023504504047049,89,99
447,48,False,False,False,upper_bound,-0.03702837176264653,0.04181705230445209,89,100
447,48,False,False,False,upper_bound_with_inhaler,-0.036229892101152794,0.05950115457892951,89,101
447,48,False,False,True,one_hot,-0.022992556620911684,-0.022992556620911677,89,102
447,48,False,False,True,lower_bound,-0.036229892101152794,0.14541839944283855,89,103
447,48,False,False,True,midpoint,-0.036229892101152794,0.08124736857290273,89,104
447,48,False,False,True,midpoint_with_inhaler,-0.036229892101152794,0.1023504504047049,89,105
447,48,False,False,True,upper_bound,-0.03702837176264653,0.04181705230445209,89,106
447,48,False,False,True,upper_bound_with_inhaler,-0.036229892101152794,0.05950115457892951,89,107
447,48,False,True,False,one_hot,-0.06836929270462397,-0.068369292704624,89,108
447,48,False,True,False,lower_bound,-0.16232332766557678,-0.1201793778676051,89,109
447,48,False,True,False,midpoint,-0.16232332766557678,-0.14498541968484766,89,110
447,48,False,True,False,midpoint_with_inhaler,-0.16232332766557678,-0.14498541968484766,89,111
447,48,False,True,False,upper_bound,-0.16232332766557678,-0.15827889748077695,89,112
447,48,False,True,False,upper_bound_with_inhaler,-0.16232332766557678,-0.15827889748077695,89,113
447,48,False,True,True,one_hot,-0.06836929270462397,-0.068369292704624,89,114
447,48,False,True,True,lower_bound,-0.16232332766557678,-0.1201793778676051,89,115
447,48,False,True,True,midpoint,-0.16232332766557678,-0.14498541968484766,89,116
447,48,False,True,True,midpoint_with_inhaler,-0.16232332766557678,-0.14498541968484766,89,117
447,48,False,True,True,upper_bound,-0.16232332766557678,-0.15827889748077695,89,118
447,48,False,True,True,upper_bound_with_inhaler,-0.16232332766557678,-0.15827889748077695,89,119
447,48,True,False,False,one_hot,-0.0656011010919222,-0.0656011010919222,89,120
447,48,True,False,False,lower_bound,-0.08196444836645997,-0.056798243621368184,89,121
447,48,True,False,False,midpoint,-0.08196444836645997,-0.08306404432478225,89,122
447,48,True,False,False,midpoint_with_inhaler,-0.08196444836645997,-0.08306404432478225,89,123
447,48,True,False,False,upper_bound,-0.08196444836645997,-0.10021507669685027,89,124
447,48,True,False,False,upper_bound_with_inhaler,-0.08196444836645997,-0.10021507669685027,89,125
447,48,True,False,True,one_hot,-0.0656011010919222,-0.0656011010919222,89,126
447,48,True,False,True,lower_bound,-0.08196444836645997,-0.056798243621368184,89,127
447,48,True,False,True,midpoint,-0.08196444836645997,-0.08306404432478225,89,128
447,48,True,False,True,midpoint_with_inhaler,-0.08196444836645997,-0.08306404432478225,89,129
447,48,True,False,True,upper_bound,-0.08196444836645997,-0.10021507669685027,89,130
447,48,True,False,True,upper_bound_with_inhaler,-0.08196444836645997,-0.10021507669685027,89,131
454,12,False,False,False,one_hot,,,2,0
454,12,False,False,False,lower_bound,,,2,1
454,12,False,False,False,midpoint,,,2,2
454,12,False,False,False,midpoint_with_inhaler,,,2,3
454,12,False,False,False,upper_bound,,,2,4
454,12,False,False,False,upper_bound_with_inhaler,,,2,5
454,12,False,False,True,one_hot,,,2,6
454,12,False,False,True,lower_bound,,,2,7
454,12,False,False,True,midpoint,,,2,8
454,12,False,False,True,midpoint_with_inhaler,,,2,9
454,12,False,False,True,upper_bound,,,2,10
454,12,False,False,True,upper_bound_with_inhaler,,,2,11
454,12,False,True,False,one_hot,,,2,12
454,12,False,True,False,lower_bound,,,2,13
454,12,False,True,False,midpoint,,,2,14
454,12,False,True,False,midpoint_with_inhaler,,,2,15
454,12,False,True,False,upper_bound,,,2,16
454,12,False,True,False,upper_bound_with_inhaler,,,2,17
454,12,False,True,True,one_hot,,,2,18
454,12,False,True,True,lower_bound,,,2,19
454,12,False,True,True,midpoint,,,2,20
454,12,False,True,True,midpoint_with_inhaler,,,2,21
454,12,False,True,True,upper_bound,,,2,22
454,12,False,True,True,upper_bound_with_inhaler,,,2,23
454,12,True,False,False,one_hot,,,2,24
454,12,True,False,False,lower_bound,,,2,25
454,12,True,False,False,midpoint,,,2,26
454,12,True,False,False,midpoint_with_inhaler,,,2,27
454,12,True,False,False,upper_bound,,,2,28
454,12,True,False,False,upper_bound_with_inhaler,,,2,29
454,12,True,False,True,one_hot,,,2,30
454,12,True,False,True,lower_bound,,,2,31
454,12,True,False,True,midpoint,,,2,32
454,12,True,False,True,midpoint_with_inhaler,,,2,33
454,12,True,False,True,upper_bound,,,2,34
454,12,True,False,True,upper_bound_with_inhaler,,,2,35
454,24,False,False,False,one_hot,,,2,36
454,24,False,False,False,lower_bound,,,2,37
454,24,False,False,False,midpoint,,,2,38
454,24,False,False,False,midpoint_with_inhaler,,,2,39
454,24,False,False,False,upper_bound,,,2,40
454,24,False,False,False,upper_bound_with_inhaler,,,2,41
454,24,False,False,True,one_hot,,,2,42
454,24,False,False,True,lower_bound,,,2,43
454,24,False,False,True,midpoint,,,2,44
454,24,False,False,True,midpoint_with_inhaler,,,2,45
454,24,False,False,True,upper_bound,,,2,46
454,24,False,False,True,upper_bound_with_inhaler,,,2,47
454,24,False,True,False,one_hot,,,2,48
454,24,False,True,False,lower_bound,,,2,49
454,24,False,True,False,midpoint,,,2,50
454,24,False,True,False,midpoint_with_inhaler,,,2,51
454,24,False,True,False,upper_bound,,,2,52
454,24,False,True,False,upper_bound_with_inhaler,,,2,53
454,24,False,True,True,one_hot,,,2,54
454,24,False,True,True,lower_bound,,,2,55
454,24,False,True,True,midpoint,,,2,56
454,24,False,True,True,midpoint_with_inhaler,,,2,57
454,24,False,True,True,upper_bound,,,2,58
454,24,False,True,True,upper_bound_with_inhaler,,,2,59
454,24,True,False,False,one_hot,,,2,60
454,24,True,False,False,lower_bound,,,2,61
454,24,True,False,False,midpoint,,,2,62
454,24,True,False,False,midpoint_with_inhaler,,,2,63
454,24,True,False,False,upper_bound,,,2,64
454,24,True,False,False,upper_bound_with_inhaler,,,2,65
454,24,True,False,True,one_hot,,,2,66
454,24,True,False,True,lower_bound,,,2,67
454,24,True,False,True,midpoint,,,2,68
454,24,True,False,True,midpoint_with_inhaler,,,2,69
454,24,True,False,True,upper_bound,,,2,70
454,24,True,False,True,upper_bound_with_inhaler,,,2,71
454,36,False,False,False,one_hot,,,2,72
454,36,False,False,False,lower_bound,,,2,73
454,36,False,False,False,midpoint,,,2,74
454,36,False,False,False,midpoint_with_inhaler,,,2,75
454,36,False,False,False,upper_bound,,,2,76
454,36,False,False,False,upper_bound_with_inhaler,,,2,77
454,36,False,False,True,one_hot,,,2,78
454,36,False,False,True,lower_bound,,,2,79
454,36,False,False,True,midpoint,,,2,80
454,36,False,False,True,midpoint_with_inhaler,,,2,81
454,36,False,False,True,upper_bound,,,2,82
454,36,False,False,True,upper_bound_with_inhaler,,,2,83
454,36,True,False,False,one_hot,,,2,84
454,36,True,False,False,lower_bound,,,2,85
454,36,True,False,False,midpoint,,,2,86
454,36,True,False,False,midpoint_with_inhaler,,,2,87
454,36,True,False,False,upper_bound,,,2,88
454,36,True,False,False,upper_bound_with_inhaler,,,2,89
454,36,True,False,True,one_hot,,,2,90
454,36,True,False,True,lower_bound,,,2,91
454,36,True,False,True,midpoint,,,2,92
454,36,True,False,True,midpoint_with_inhaler,,,2,93
454,36,True,False,True,upper_bound,,,2,94
454,36,True,False,True,upper_bound_with_inhaler,,,2,95
454,48,False,False,False,one_hot,,,2,96
454,48,False,False,False,lower_bound,,,2,97
454,48,False,False,False,midpoint,,,2,98
454,48,False,False,False,midpoint_with_inhaler,,,2,99
454,48,False,False,False,upper_bound,,,2,100
454,48,False,False,False,upper_bound_with_inhaler,,,2,101
454,48,False,False,True,one_hot,,,2,102
454,48,False,False,True,lower_bound,,,2,103
454,48,False,False,True,midpoint,,,2,104
454,48,False,False,True,midpoint_with_inhaler,,,2,105
454,48,False,False,True,upper_bound,,,2,106
454,48,False,False,True,upper_bound_with_inhaler,,,2,107
454,48,False,True,False,one_hot,,,2,108
454,48,False,True,False,lower_bound,,,2,109
454,48,False,True,False,midpoint,,,2,110
454,48,False,True,False,midpoint_with_inhaler,,,2,111
454,48,False,True,False,upper_bound,,,2,112
454,48,False,True,False,upper_bound_with_inhaler,,,2,113
454,48,False,True,True,one_hot,,,2,114
454,48,False,True,True,lower_bound,,,2,115
454,48,False,True,True,midpoint,,,2,116
454,48,False,True,True,midpoint_with_inhaler,,,2,117
454,48,False,True,True,upper_bound,,,2,118
454,48,False,True,True,upper_bound_with_inhaler,,,2,119
454,48,True,False,False,one_hot,,,2,120
454,48,True,False,False,lower_bound,,,2,121
454,48,True,False,False,midpoint,,,2,122
454,48,True,False,False,midpoint_with_inhaler,,,2,123
454,48,True,False,False,upper_bound,,,2,124
454,48,True,False,False,upper_bound_with_inhaler,,,2,125
454,48,True,False,True,one_hot,,,2,126
454,48,True,False,True,lower_bound,,,2,127
454,48,True,False,True,midpoint,,,2,128
454,48,True,False,True,midpoint_with_inhaler,,,2,129
454,48,True,False,True,upper_bound,,,2,130
454,48,True,False,True,upper_bound_with_inhaler,,,2,131
473,12,False,False,False,one_hot,0.3266152865772515,0.32661528657725136,69,0
473,12,False,False,False,lower_bound,0.6907536122516704,1.0345285719877315,69,1
473,12,False,False,False,midpoint,0.6907536122516704,1.0041200206317704,69,2
473,12,False,False,False,midpoint_with_inhaler,0.6907536122516704,1.0041200206317704,69,3
473,12,False,False,False,upper_bound,0.6900624686764647,0.9672192833826176,69,4
473,12,False,False,False,upper_bound_with_inhaler,0.6900624686764647,0.9672192833826176,69,5
473,12,False,False,True,one_hot,0.3266152865772515,0.32661528657725136,69,6
473,12,False,False,True,lower_bound,0.6907536122516704,1.0345285719877315,69,7
473,12,False,False,True,midpoint,0.6907536122516704,1.0041200206317704,69,8
473,12,False,False,True,midpoint_with_inhaler,0.6907536122516704,1.0041200206317704,69,9
473,12,False,False,True,upper_bound,0.6900624686764647,0.9672192833826176,69,10
473,12,False,False,True,upper_bound_with_inhaler,0.6900624686764647,0.9672192833826176,69,11
473,12,False,True,False,one_hot,0.10587546887371095,0.10587546887371088,69,12
473,12,False,True,False,lower_bound,0.580064533441162,1.057393455047189,69,13
473,12,False,True,False,midpoint,0.580064533441162,1.0078490713431791,69,14
473,12,False,True,False,midpoint_with_inhaler,0.580064533441162,1.0283458813872874,69,15
473,12,False,True,False,upper_bound,0.5779110303616581,0.9585825503437032,69,16
473,12,False,True,False,upper_bound_with_inhaler,0.580064533441162,0.9976442249019404,69,17
473,12,False,True,True,one_hot,0.10587546887371095,0.10587546887371088,69,18
473,12,False,True,True,lower_bound,0.580064533441162,1.057393455047189,69,19
473,12,False,True,True,midpoint,0.580064533441162,1.0078490713431791,69,20
473,12,False,True,True,midpoint_with_inhaler,0.580064533441162,1.0283458813872874,69,21
473,12,False,True,True,upper_bound,0.5779110303616581,0.9585825503437032,69,22
473,12,False,True,True,upper_bound_with_inhaler,0.580064533441162,0.9976442249019404,69,23
473,12,True,False,False,one_hot,0.18156444715279227,0.18156444715279224,69,24
473,12,True,False,False,lower_bound,0.5098039205753476,0.759700669120172,69,25
473,12,True,False,False,midpoint,0.5098039205753476,0.8192467288021189,69,26
473,12,True,False,False,midpoint_with_inhaler,0.5098039205753476,0.7526068770069774,69,27
473,12,True,False,False,upper_bound,0.5130926866755987,0.8484897099718797,69,28
473,12,True,False,False,upper_bound_with_inhaler,0.5098039205753476,0.7594669554208925,69,29
473,12,True,False,True,one_hot,0.18156444715279227,0.18156444715279224,69,30
473,12,True,False,True,lower_bound,0.5098039205753476,0.759700669120172,69,31
473,12,True,False,True,midpoint,0.5098039205753476,0.8192467288021189,69,32
473,12,True,False,True,midpoint_with_inhaler,0.5098039205753476,0.7526068770069774,69,33
473,12,True,False,True,upper_bound,0.5130926866755987,0.8484897099718797,69,34
473,12,True,False,True,upper_bound_with_inhaler,0.5098039205753476,0.7594669554208925,69,35
473,24,False,False,False,one_hot,0.18543637695829937,0.18543637695829943,69,36
473,24,False,False,False,lower_bound,0.6636024356420112,1.1510934504880697,69,37
473,24,False,False,False,midpoint,0.6636024356420112,1.1054861480442848,69,38
473,24,False,False,False,midpoint_with_inhaler,0.6636024356420112,1.1170342015345893,69,39
473,24,False,False,False,upper_bound,0.6623199946068354,1.0667052413632023,69,40
473,24,False,False,False,upper_bound_with_inhaler,0.6636024356420112,1.0947570647349811,69,41
473,24,False,False,True,one_hot,0.18543637695829937,0.18543637695829943,69,42
473,24,False,False,True,lower_bound,0.6636024356420112,1.1510934504880697,69,43
473,24,False,False,True,midpoint,0.6636024356420112,1.1054861480442848,69,44
473,24,False,False,True,midpoint_with_inhaler,0.6636024356420112,1.1170342015345893,69,45
473,24,False,False,True,upper_bound,0.6623199946068354,1.0667052413632023,69,46
473,24,False,False,True,upper_bound_with_inhaler,0.6636024356420112,1.0947570647349811,69,47
473,24,False,True,False,one_hot,0.10587546887371098,0.10587546887371098,69,48
473,24,False,True,False,lower_bound,0.421962443751384,0.5025508229378656,69,49
473,24,False,True,False,midpoint,0.421962443751384,0.5505927750319115,69,50
473,24,False,True,False,midpoint_with_inhaler,0.421962443751384,0.5347650026994654,69,51
473,24,False,True,False,upper_bound,0.4239309874271507,0.5779873541020988,69,52
473,24,False,True,False,upper_bound_with_inhaler,0.421962443751384,0.5537279301905552,69,53
473,24,False,True,True,one_hot,0.10587546887371098,0.10587546887371098,69,54
473,24,False,True,True,lower_bound,0.421962443751384,0.5025508229378656,69,55
473,24,False,True,True,midpoint,0.421962443751384,0.5505927750319115,69,56
473,24,False,True,True,midpoint_with_inhaler,0.421962443751384,0.5347650026994654,69,57
473,24,False,True,True,upper_bound,0.4239309874271507,0.5779873541020988,69,58
473,24,False,True,True,upper_bound_with_inhaler,0.421962443751384,0.5537279301905552,69,59
473,24,True,False,False,one_hot,0.18543637695829937,0.18543637695829943,69,60
473,24,True,False,False,lower_bound,0.6636024356420112,1.1510934504880697,69,61
473,24,True,False,False,midpoint,0.6636024356420112,1.1054861480442848,69,62
473,24,True,False,False,midpoint_with_inhaler,0.6636024356420112,1.1170342015345893,69,63
473,24,True,False,False,upper_bound,0.6623199946068354,1.0667052413632023,69,64
473,24,True,False,False,upper_bound_with_inhaler,0.6636024356420112,1.0947570647349811,69,65
473,24,True,False,True,one_hot,0.18543637695829937,0.18543637695829943,69,66
473,24,True,False,True,lower_bound,0.6636024356420112,1.1510934504880697,69,67
473,24,True,False,True,midpoint,0.6636024356420112,1.1054861480442848,69,68
473,24,True,False,True,midpoint_with_inhaler,0.6636024356420112,1.1170342015345893,69,69
473,24,True,False,True,upper_bound,0.6623199946068354,1.0667052413632023,69,70
473,24,True,False,True,upper_bound_with_inhaler,0.6636024356420112,1.0947570647349811,69,71
473,36,False,False,False,one_hot,0.0735977005478368,0.0735977005478368,69,72
473,36,False,False,False,lower_bound,0.7536870839359897,1.036404881377828,69,73
473,36,False,False,False,midpoint,0.7536870839359897,1.021376847641058,69,74
473,36,False,False,False,midpoint_with_inhaler,0.7536870839359897,1.0219887231644005,69,75
473,36,False,False,False,upper_bound,0.7551230243151029,0.973309711104637,69,76
473,36,False,False,False,upper_bound_with_inhaler,0.7536870839359897,0.9835123169861414,69,77
473,36,False,False,True,one_hot,0.0735977005478368,0.0735977005478368,69,78
473,36,False,False,True,lower_bound,0.7536870839359897,1.036404881377828,69,79
473,36,False,False,True,midpoint,0.7536870839359897,1.021376847641058,69,80
473,36,False,False,True,midpoint_with_inhaler,0.7536870839359897,1.0219887231644005,69,81
473,36,False,False,True,upper_bound,0.7551230243151029,0.973309711104637,69,82
473,36,False,False,True,upper_bound_with_inhaler,0.7536870839359897,0.9835123169861414,69,83
473,36,True,False,False,one_hot,0.013431190323729046,0.013431190323729022,69,84
473,36,True,False,False,lower_bound,0.46579699838418065,0.6950243586790728,69,85
473,36,True,False,False,midpoint,0.46579699838418065,0.675370930054889,69,86
473,36,True,False,False,midpoint_with_inhaler,0.46579699838418065,0.6917951765220826,69,87
473,36,True,False,False,upper_bound,0.46599053585545414,0.6500444914146803,69,88
473,36,True,False,False,upper_bound_with_inhaler,0.46579699838418065,0.6767738202753159,69,89
473,36,True,False,True,one_hot,0.013431190323729046,0.013431190323729022,69,90
473,36,True,False,True,lower_bound,0.46579699838418065,0.6950243586790728,69,91
473,36,True,False,True,midpoint,0.46579699838418065,0.675370930054889,69,92
473,36,True,False,True,midpoint_with_inhaler,0.46579699838418065,0.6917951765220826,69,93
473,36,True,False,True,upper_bound,0.46599053585545414,0.6500444914146803,69,94
473,36,True,False,True,upper_bound_with_inhaler,0.46579699838418065,0.6767738202753159,69,95
473,48,False,False,False,one_hot,,,69,96
473,48,False,False,False,lower_bound,0.583482845887055,0.9037413223913847,69,97
473,48,False,False,False,midpoint,0.583482845887055,0.8309727038241461,69,98
473,48,False,False,False,midpoint_with_inhaler,0.583482845887055,0.8999860589874427,69,99
473,48,False,False,False,upper_bound,0.5815455011820614,0.7392076161162525,69,100
473,48,False,False,False,upper_bound_with_inhaler,0.583482845887055,0.8174692323983748,69,101
473,48,False,False,True,one_hot,,,69,102
473,48,False,False,True,lower_bound,0.583482845887055,0.9037413223913847,69,103
473,48,False,False,True,midpoint,0.583482845887055,0.8309727038241461,69,104
473,48,False,False,True,midpoint_with_inhaler,0.583482845887055,0.8999860589874427,69,105
473,48,False,False,True,upper_bound,0.5815455011820614,0.7392076161162525,69,106
473,48,False,False,True,upper_bound_with_inhaler,0.583482845887055,0.8174692323983748,69,107
473,48,False,True,False,one_hot,-0.029308841229142426,-0.029308841229142436,69,108
473,48,False,True,False,lower_bound,0.16891180042725154,0.33499048825070504,69,109
473,48,False,True,False,midpoint,0.16891180042725154,0.35961820588303683,69,110
473,48,False,True,False,midpoint_with_inhaler,0.16891180042725154,0.35825692220991184,69,111
473,48,False,True,False,upper_bound,0.16699335512150482,0.36904966351543766,69,112
473,48,False,True,False,upper_bound_with_inhaler,0.16891180042725154,0.3734054000983448,69,113
473,48,False,True,True,one_hot,-0.029308841229142426,-0.029308841229142436,69,114
473,48,False,True,True,lower_bound,0.16891180042725154,0.33499048825070504,69,115
473,48,False,True,True,midpoint,0.16891180042725154,0.35961820588303683,69,116
473,48,False,True,True,midpoint_with_inhaler,0.16891180042725154,0.35825692220991184,69,117
473,48,False,True,True,upper_bound,0.16699335512150482,0.36904966351543766,69,118
473,48,False,True,True,upper_bound_with_inhaler,0.16891180042725154,0.3734054000983448,69,119
473,48,True,False,False,one_hot,0.18543637695829937,0.1854363769582994,69,120
473,48,True,False,False,lower_bound,0.45403686798789994,0.5791322779553676,69,121
473,48,True,False,False,midpoint,0.45403686798789994,0.5957380135719652,69,122
473,48,True,False,False,midpoint_with_inhaler,0.45403686798789994,0.5909353742435117,69,123
473,48,True,False,False,upper_bound,0.45244963183090003,0.5929872456009674,69,124
473,48,True,False,False,upper_bound_with_inhaler,0.45403686798789994,0.6007283536638953,69,125
473,48,True,False,True,one_hot,0.18543637695829937,0.1854363769582994,69,126
473,48,True,False,True,lower_bound,0.45403686798789994,0.5791322779553676,69,127
473,48,True,False,True,midpoint,0.45403686798789994,0.5957380135719652,69,128
473,48,True,False,True,midpoint_with_inhaler,0.45403686798789994,0.5909353742435117,69,129
473,48,True,False,True,upper_bound,0.45244963183090003,0.5929872456009674,69,130
473,48,True,False,True,upper_bound_with_inhaler,0.45403686798789994,0.6007283536638953,69,131
514,12,False,False,False,one_hot,0.21652209511742335,0.21652209511742335,36,0
514,12,False,False,False,lower_bound,0.21652209511742335,0.21652209511742335,36,1
514,12,False,False,False,midpoint,0.21652209511742335,0.21652209511742332,36,2
514,12,False,False,False,midpoint_with_inhaler,0.21652209511742335,0.21652209511742332,36,3
514,12,False,False,False,upper_bound,0.21652209511742335,0.21652209511742335,36,4
514,12,False,False,False,upper_bound_with_inhaler,0.21652209511742335,0.21652209511742335,36,5
514,12,False,False,True,one_hot,0.21652209511742335,0.21652209511742335,36,6
514,12,False,False,True,lower_bound,0.21652209511742335,0.21652209511742335,36,7
514,12,False,False,True,midpoint,0.21652209511742335,0.21652209511742332,36,8
514,12,False,False,True,midpoint_with_inhaler,0.21652209511742335,0.21652209511742332,36,9
514,12,False,False,True,upper_bound,0.21652209511742335,0.21652209511742335,36,10
514,12,False,False,True,upper_bound_with_inhaler,0.21652209511742335,0.21652209511742335,36,11
514,12,False,True,False,one_hot,0.610289785219537,0.6102897852195366,36,12
514,12,False,True,False,lower_bound,0.610289785219537,0.6102897852195366,36,13
514,12,False,True,False,midpoint,0.610289785219537,0.610289785219537,36,14
514,12,False,True,False,midpoint_with_inhaler,0.610289785219537,0.610289785219537,36,15
514,12,False,True,False,upper_bound,0.610289785219537,0.6102897852195366,36,16
514,12,False,True,False,upper_bound_with_inhaler,0.610289785219537,0.6102897852195366,36,17
514,12,False,True,True,one_hot,0.610289785219537,0.6102897852195366,36,18
514,12,False,True,True,lower_bound,0.610289785219537,0.6102897852195366,36,19
514,12,False,True,True,midpoint,0.610289785219537,0.610289785219537,36,20
514,12,False,True,True,midpoint_with_inhaler,0.610289785219537,0.610289785219537,36,21
514,12,False,True,True,upper_bound,0.610289785219537,0.6102897852195366,36,22
514,12,False,True,True,upper_bound_with_inhaler,0.610289785219537,0.6102897852195366,36,23
514,12,True,False,False,one_hot,0.12565721414045306,0.125657214140453,36,24
514,12,True,False,False,lower_bound,0.12565721414045306,0.125657214140453,36,25
514,12,True,False,False,midpoint,0.12565721414045306,0.1256572141404531,36,26
514,12,True,False,False,midpoint_with_inhaler,0.12565721414045306,0.1256572141404531,36,27
514,12,True,False,False,upper_bound,0.12565721414045306,0.125657214140453,36,28
514,12,True,False,False,upper_bound_with_inhaler,0.12565721414045306,0.125657214140453,36,29
514,12,True,False,True,one_hot,0.12565721414045306,0.125657214140453,36,30
514,12,True,False,True,lower_bound,0.12565721414045306,0.125657214140453,36,31
514,12,True,False,True,midpoint,0.12565721414045306,0.1256572141404531,36,32
514,12,True,False,True,midpoint_with_inhaler,0.12565721414045306,0.1256572141404531,36,33
514,12,True,False,True,upper_bound,0.12565721414045306,0.125657214140453,36,34
514,12,True,False,True,upper_bound_with_inhaler,0.12565721414045306,0.125657214140453,36,35
514,24,False,False,False,one_hot,0.1912814998209284,0.1912814998209284,36,36
514,24,False,False,False,lower_bound,0.1912814998209284,0.1912814998209284,36,37
514,24,False,False,False,midpoint,0.1912814998209284,0.1912814998209285,36,38
514,24,False,False,False,midpoint_with_inhaler,0.1912814998209284,0.1912814998209285,36,39
514,24,False,False,False,upper_bound,0.1912814998209284,0.1912814998209284,36,40
514,24,False,False,False,upper_bound_with_inhaler,0.1912814998209284,0.1912814998209284,36,41
514,24,False,False,True,one_hot,0.1912814998209284,0.1912814998209284,36,42
514,24,False,False,True,lower_bound,0.1912814998209284,0.1912814998209284,36,43
514,24,False,False,True,midpoint,0.1912814998209284,0.1912814998209285,36,44
514,24,False,False,True,midpoint_with_inhaler,0.1912814998209284,0.1912814998209285,36,45
514,24,False,False,True,upper_bound,0.1912814998209284,0.1912814998209284,36,46
514,24,False,False,True,upper_bound_with_inhaler,0.1912814998209284,0.1912814998209284,36,47
514,24,False,True,False,one_hot,-0.04966997346338852,-0.04966997346338849,36,48
514,24,False,True,False,lower_bound,-0.04966997346338852,-0.04966997346338849,36,49
514,24,False,True,False,midpoint,-0.04966997346338852,-0.04966997346338849,36,50
514,24,False,True,False,midpoint_with_inhaler,-0.04966997346338852,-0.04966997346338849,36,51
514,24,False,True,False,upper_bound,-0.04966997346338852,-0.04966997346338849,36,52
514,24,False,True,False,upper_bound_with_inhaler,-0.04966997346338852,-0.04966997346338849,36,53
514,24,False,True,True,one_hot,-0.04966997346338852,-0.04966997346338849,36,54
514,24,False,True,True,lower_bound,-0.04966997346338852,-0.04966997346338849,36,55
514,24,False,True,True,midpoint,-0.04966997346338852,-0.04966997346338849,36,56
514,24,False,True,True,midpoint_with_inhaler,-0.04966997346338852,-0.04966997346338849,36,57
514,24,False,True,True,upper_bound,-0.04966997346338852,-0.04966997346338849,36,58
514,24,False,True,True,upper_bound_with_inhaler,-0.04966997346338852,-0.04966997346338849,36,59
514,24,True,False,False,one_hot,0.1912814998209284,0.1912814998209284,36,60
514,24,True,False,False,lower_bound,0.1912814998209284,0.1912814998209284,36,61
514,24,True,False,False,midpoint,0.1912814998209284,0.1912814998209285,36,62
514,24,True,False,False,midpoint_with_inhaler,0.1912814998209284,0.1912814998209285,36,63
514,24,True,False,False,upper_bound,0.1912814998209284,0.1912814998209284,36,64
514,24,True,False,False,upper_bound_with_inhaler,0.1912814998209284,0.1912814998209284,36,65
514,24,True,False,True,one_hot,0.1912814998209284,0.1912814998209284,36,66
514,24,True,False,True,lower_bound,0.1912814998209284,0.1912814998209284,36,67
514,24,True,False,True,midpoint,0.1912814998209284,0.1912814998209285,36,68
514,24,True,False,True,midpoint_with_inhaler,0.1912814998209284,0.1912814998209285,36,69
514,24,True,False,True,upper_bound,0.1912814998209284,0.1912814998209284,36,70
514,24,True,False,True,upper_bound_with_inhaler,0.1912814998209284,0.1912814998209284,36,71
514,36,False,False,False,one_hot,0.22288333655634518,0.22288333655634518,36,72
514,36,False,False,False,lower_bound,0.22288333655634518,0.22288333655634518,36,73
514,36,False,False,False,midpoint,0.22288333655634518,0.22288333655634526,36,74
514,36,False,False,False,midpoint_with_inhaler,0.22288333655634518,0.22288333655634526,36,75
514,36,False,False,False,upper_bound,0.22288333655634518,0.22288333655634518,36,76
514,36,False,False,False,upper_bound_with_inhaler,0.22288333655634518,0.22288333655634518,36,77
514,36,False,False,True,one_hot,0.22288333655634518,0.22288333655634518,36,78
514,36,False,False,True,lower_bound,0.22288333655634518,0.22288333655634518,36,79
514,36,False,False,True,midpoint,0.22288333655634518,0.22288333655634526,36,80
514,36,False,False,True,midpoint_with_inhaler,0.22288333655634518,0.22288333655634526,36,81
514,36,False,False,True,upper_bound,0.22288333655634518,0.22288333655634518,36,82
514,36,False,False,True,upper_bound_with_inhaler,0.22288333655634518,0.22288333655634518,36,83
514,36,True,False,False,one_hot,-0.04966997346338844,-0.049669973463388445,36,84
514,36,True,False,False,lower_bound,-0.04966997346338844,-0.049669973463388445,36,85
514,36,True,False,False,midpoint,-0.04966997346338844,-0.0496699734633885,36,86
514,36,True,False,False,midpoint_with_inhaler,-0.04966997346338844,-0.0496699734633885,36,87
514,36,True,False,False,upper_bound,-0.04966997346338844,-0.049669973463388445,36,88
514,36,True,False,False,upper_bound_with_inhaler,-0.04966997346338844,-0.049669973463388445,36,89
514,36,True,False,True,one_hot,-0.04966997346338844,-0.049669973463388445,36,90
514,36,True,False,True,lower_bound,-0.04966997346338844,-0.049669973463388445,36,91
514,36,True,False,True,midpoint,-0.04966997346338844,-0.0496699734633885,36,92
514,36,True,False,True,midpoint_with_inhaler,-0.04966997346338844,-0.0496699734633885,36,93
514,36,True,False,True,upper_bound,-0.04966997346338844,-0.049669973463388445,36,94
514,36,True,False,True,upper_bound_with_inhaler,-0.04966997346338844,-0.049669973463388445,36,95
514,48,False,False,False,one_hot,0.2437617542107562,0.24376175421075613,36,96
514,48,False,False,False,lower_bound,0.2437617542107562,0.24376175421075613,36,97
514,48,False,False,False,midpoint,0.2437617542107562,0.2437617542107562,36,98
514,48,False,False,False,midpoint_with_inhaler,0.2437617542107562,0.2437617542107562,36,99
514,48,False,False,False,upper_bound,0.2437617542107562,0.24376175421075613,36,100
514,48,False,False,False,upper_bound_with_inhaler,0.2437617542107562,0.24376175421075613,36,101
514,48,False,False,True,one_hot,0.2437617542107562,0.24376175421075613,36,102
514,48,False,False,True,lower_bound,0.2437617542107562,0.24376175421075613,36,103
514,48,False,False,True,midpoint,0.2437617542107562,0.2437617542107562,36,104
514,48,False,False,True,midpoint_with_inhaler,0.2437617542107562,0.2437617542107562,36,105
514,48,False,False,True,upper_bound,0.2437617542107562,0.24376175421075613,36,106
514,48,False,False,True,upper_bound_with_inhaler,0.2437617542107562,0.24376175421075613,36,107
514,48,False,True,False,one_hot,0.3078512105481644,0.3078512105481644,36,108
514,48,False,True,False,lower_bound,0.3078512105481644,0.3078512105481644,36,109
514,48,False,True,False,midpoint,0.3078512105481644,0.3078512105481644,36,110
514,48,False,True,False,midpoint_with_inhaler,0.3078512105481644,0.3078512105481644,36,111
514,48,False,True,False,upper_bound,0.3078512105481644,0.3078512105481644,36,112
514,48,False,True,False,upper_bound_with_inhaler,0.3078512105481644,0.3078512105481644,36,113
514,48,False,True,True,one_hot,0.3078512105481644,0.3078512105481644,36,114
514,48,False,True,True,lower_bound,0.3078512105481644,0.3078512105481644,36,115
514,48,False,True,True,midpoint,0.3078512105481644,0.3078512105481644,36,116
514,48,False,True,True,midpoint_with_inhaler,0.3078512105481644,0.3078512105481644,36,117
514,48,False,True,True,upper_bound,0.3078512105481644,0.3078512105481644,36,118
514,48,False,True,True,upper_bound_with_inhaler,0.3078512105481644,0.3078512105481644,36,119
514,48,True,False,False,one_hot,-1.734723475976807e-17,2.0816681711721685e-17,36,120
514,48,True,False,False,lower_bound,-1.734723475976807e-17,2.0816681711721685e-17,36,121
514,48,True,False,False,midpoint,-1.734723475976807e-17,-1.734723475976807e-17,36,122
514,48,True,False,False,midpoint_with_inhaler,-1.734723475976807e-17,-1.734723475976807e-17,36,123
514,48,True,False,False,upper_bound,-1.734723475976807e-17,2.0816681711721685e-17,36,124
514,48,True,False,False,upper_bound_with_inhaler,-1.734723475976807e-17,2.0816681711721685e-17,36,125
514,48,True,False,True,one_hot,-1.734723475976807e-17,2.0816681711721685e-17,36,126
514,48,True,False,True,lower_bound,-1.734723475976807e-17,2.0816681711721685e-17,36,127
514,48,True,False,True,midpoint,-1.734723475976807e-17,-1.734723475976807e-17,36,128
514,48,True,False,True,midpoint_with_inhaler,-1.734723475976807e-17,-1.734723475976807e-17,36,129
514,48,True,False,True,upper_bound,-1.734723475976807e-17,2.0816681711721685e-17,36,130
514,48,True,False,True,upper_bound_with_inhaler,-1.734723475976807e-17,2.0816681711721685e-17,36,131
625,12,False,False,False,one_hot,0.39768273061195286,0.39768273061195286,16,0
625,12,False,False,False,lower_bound,0.43895129618156964,0.5328458547185854,16,1
625,12,False,False,False,midpoint,0.43895129618156964,0.49995904445319966,16,2
625,12,False,False,False,midpoint_with_inhaler,0.43895129618156964,0.49995904445319966,16,3
625,12,False,False,False,upper_bound,0.43895129618156964,0.47793789354382804,16,4
625,12,False,False,False,upper_bound_with_inhaler,0.43895129618156964,0.47793789354382804,16,5
625,12,False,False,True,one_hot,0.39768273061195286,0.39768273061195286,16,6
625,12,False,False,True,lower_bound,0.43895129618156964,0.5328458547185854,16,7
625,12,False,False,True,midpoint,0.43895129618156964,0.49995904445319966,16,8
625,12,False,False,True,midpoint_with_inhaler,0.43895129618156964,0.49995904445319966,16,9
625,12,False,False,True,upper_bound,0.43895129618156964,0.47793789354382804,16,10
625,12,False,False,True,upper_bound_with_inhaler,0.43895129618156964,0.47793789354382804,16,11
625,12,False,True,False,one_hot,0.5395654417108193,0.5395654417108193,16,12
625,12,False,True,False,lower_bound,0.594851755832461,0.28609139676768836,16,13
625,12,False,True,False,midpoint,0.594851755832461,0.32263255956300047,16,14
625,12,False,True,False,midpoint_with_inhaler,0.594851755832461,0.32263255956300047,16,15
625,12,False,True,False,upper_bound,0.594851755832461,0.35017340028579086,16,16
625,12,False,True,False,upper_bound_with_inhaler,0.594851755832461,0.35017340028579086,16,17
625,12,False,True,True,one_hot,0.5395654417108193,0.5395654417108193,16,18
625,12,False,True,True,lower_bound,0.594851755832461,0.28609139676768836,16,19
625,12,False,True,True,midpoint,0.594851755832461,0.32263255956300047,16,20
625,12,False,True,True,midpoint_with_inhaler,0.594851755832461,0.32263255956300047,16,21
625,12,False,True,True,upper_bound,0.594851755832461,0.35017340028579086,16,22
625,12,False,True,True,upper_bound_with_inhaler,0.594851755832461,0.35017340028579086,16,23
625,12,True,False,False,one_hot,0.2256712564954289,0.2256712564954289,16,24
625,12,True,False,False,lower_bound,0.4548298261025179,0.24074024628070737,16,25
625,12,True,False,False,midpoint,0.4548298261025179,0.2566012341174219,16,26
625,12,True,False,False,midpoint_with_inhaler,0.4548298261025179,0.2566012341174219,16,27
625,12,True,False,False,upper_bound,0.4548298261025179,0.2672951927554696,16,28
625,12,True,False,False,upper_bound_with_inhaler,0.4548298261025179,0.2672951927554696,16,29
625,12,True,False,True,one_hot,0.2256712564954289,0.2256712564954289,16,30
625,12,True,False,True,lower_bound,0.4548298261025179,0.24074024628070737,16,31
625,12,True,False,True,midpoint,0.4548298261025179,0.2566012341174219,16,32
625,12,True,False,True,midpoint_with_inhaler,0.4548298261025179,0.2566012341174219,16,33
625,12,True,False,True,upper_bound,0.4548298261025179,0.2672951927554696,16,34
625,12,True,False,True,upper_bound_with_inhaler,0.4548298261025179,0.2672951927554696,16,35
625,24,False,False,False,one_hot,-0.051008913336260946,-0.051008913336260946,16,36
625,24,False,False,False,lower_bound,0.009169789598874748,-0.03428723533293121,16,37
625,24,False,False,False,midpoint,0.009169789598874748,-0.08321704697937407,16,38
625,24,False,False,False,midpoint_with_inhaler,0.009169789598874748,-0.08321704697937407,16,39
625,24,False,False,False,upper_bound,0.009169789598874748,-0.11657701723577324,16,40
625,24,False,False,False,upper_bound_with_inhaler,0.009169789598874748,-0.11657701723577324,16,41
625,24,False,False,True,one_hot,-0.051008913336260946,-0.051008913336260946,16,42
625,24,False,False,True,lower_bound,0.009169789598874748,-0.03428723533293121,16,43
625,24,False,False,True,midpoint,0.009169789598874748,-0.08321704697937407,16,44
625,24,False,False,True,midpoint_with_inhaler,0.009169789598874748,-0.08321704697937407,16,45
625,24,False,False,True,upper_bound,0.009169789598874748,-0.11657701723577324,16,46
625,24,False,False,True,upper_bound_with_inhaler,0.009169789598874748,-0.11657701723577324,16,47
625,24,False,True,False,one_hot,0.22454648570222732,0.22454648570222732,16,48
625,24,False,True,False,lower_bound,0.06253364537880142,-0.11755551765045605,16,49
625,24,False,True,False,midpoint,0.06253364537880142,-0.12928120689126085,16,50
625,24,False,True,False,midpoint_with_inhaler,0.06253364537880142,-0.12928120689126085,16,51
625,24,False,True,False,upper_bound,0.06253364537880142,-0.13245459089286263,16,52
625,24,False,True,False,upper_bound_with_inhaler,0.06253364537880142,-0.13245459089286263,16,53
625,24,False,True,True,one_hot,0.22454648570222732,0.22454648570222732,16,54
625,24,False,True,True,lower_bound,0.06253364537880142,-0.11755551765045605,16,55
625,24,False,True,True,midpoint,0.06253364537880142,-0.12928120689126085,16,56
625,24,False,True,True,midpoint_with_inhaler,0.06253364537880142,-0.12928120689126085,16,57
625,24,False,True,True,upper_bound,0.06253364537880142,-0.13245459089286263,16,58
625,24,False,True,True,upper_bound_with_inhaler,0.06253364537880142,-0.13245459089286263,16,59
625,24,True,False,False,one_hot,-0.051008913336260946,-0.051008913336260946,16,60
625,24,True,False,False,lower_bound,0.009169789598874748,-0.03428723533293121,16,61
625,24,True,False,False,midpoint,0.009169789598874748,-0.08321704697937407,16,62
625,24,True,False,False,midpoint_with_inhaler,0.009169789598874748,-0.08321704697937407,16,63
625,24,True,False,False,upper_bound,0.009169789598874748,-0.11657701723577324,16,64
625,24,True,False,False,upper_bound_with_inhaler,0.009169789598874748,-0.11657701723577324,16,65
625,24,True,False,True,one_hot,-0.051008913336260946,-0.051008913336260946,16,66
625,24,True,False,True,lower_bound,0.009169789598874748,-0.03428723533293121,16,67
625,24,True,False,True,midpoint,0.009169789598874748,-0.08321704697937407,16,68
625,24,True,False,True,midpoint_with_inhaler,0.009169789598874748,-0.08321704697937407,16,69
625,24,True,False,True,upper_bound,0.009169789598874748,-0.11657701723577324,16,70
625,24,True,False,True,upper_bound_with_inhaler,0.009169789598874748,-0.11657701723577324,16,71
625,36,False,False,False,one_hot,-0.23177291660755062,-0.23177291660755062,16,72
625,36,False,False,False,lower_bound,-0.046292283855868095,-0.08269326873821414,16,73
625,36,False,False,False,midpoint,-0.046292283855868095,-0.14028819500886514,16,74
625,36,False,False,False,midpoint_with_inhaler,-0.046292283855868095,-0.14028819500886514,16,75
625,36,False,False,False,upper_bound,-0.046292283855868095,-0.18197192764635187,16,76
625,36,False,False,False,upper_bound_with_inhaler,-0.046292283855868095,-0.18197192764635187,16,77
625,36,False,False,True,one_hot,-0.23177291660755062,-0.23177291660755062,16,78
625,36,False,False,True,lower_bound,-0.046292283855868095,-0.08269326873821414,16,79
625,36,False,False,True,midpoint,-0.046292283855868095,-0.14028819500886514,16,80
625,36,False,False,True,midpoint_with_inhaler,-0.046292283855868095,-0.14028819500886514,16,81
625,36,False,False,True,upper_bound,-0.046292283855868095,-0.18197192764635187,16,82
625,36,False,False,True,upper_bound_with_inhaler,-0.046292283855868095,-0.18197192764635187,16,83
625,36,True,False,False,one_hot,-0.3465735902799726,-0.3465735902799726,16,84
625,36,True,False,False,lower_bound,-0.2363437984701619,-0.19861409787844955,16,85
625,36,True,False,False,midpoint,-0.2363437984701619,-0.2424646998994123,16,86
625,36,True,False,False,midpoint_with_inhaler,-0.2363437984701619,-0.2424646998994123,16,87
625,36,True,False,False,upper_bound,-0.2363437984701619,-0.27473381464980573,16,88
625,36,True,False,False,upper_bound_with_inhaler,-0.2363437984701619,-0.27473381464980573,16,89
625,36,True,False,True,one_hot,-0.3465735902799726,-0.3465735902799726,16,90
625,36,True,False,True,lower_bound,-0.2363437984701619,-0.19861409787844955,16,91
625,36,True,False,True,midpoint,-0.2363437984701619,-0.2424646998994123,16,92
625,36,True,False,True,midpoint_with_inhaler,-0.2363437984701619,-0.2424646998994123,16,93
625,36,True,False,True,upper_bound,-0.2363437984701619,-0.27473381464980573,16,94
625,36,True,False,True,upper_bound_with_inhaler,-0.2363437984701619,-0.27473381464980573,16,95
625,48,False,False,False,one_hot,,,16,96
625,48,False,False,False,lower_bound,-0.0301659934155109,0.2076304210228,16,97
625,48,False,False,False,midpoint,-0.0301659934155109,0.1603549872384173,16,98
625,48,False,False,False,midpoint_with_inhaler,-0.0301659934155109,0.1603549872384173,16,99
625,48,False,False,False,upper_bound,-0.0301659934155109,0.12969283395892658,16,100
625,48,False,False,False,upper_bound_with_inhaler,-0.0301659934155109,0.12969283395892658,16,101
625,48,False,False,True,one_hot,,,16,102
625,48,False,False,True,lower_bound,-0.0301659934155109,0.2076304210228,16,103
625,48,False,False,True,midpoint,-0.0301659934155109,0.1603549872384173,16,104
625,48,False,False,True,midpoint_with_inhaler,-0.0301659934155109,0.1603549872384173,16,105
625,48,False,False,True,upper_bound,-0.0301659934155109,0.12969283395892658,16,106
625,48,False,False,True,upper_bound_with_inhaler,-0.0301659934155109,0.12969283395892658,16,107
625,48,False,True,False,one_hot,-0.1012154814198591,-0.1012154814198591,16,108
625,48,False,True,False,lower_bound,-0.13603449742643478,0.22043923922034772,16,109
625,48,False,True,False,midpoint,-0.13603449742643478,0.2000861939875268,16,110
625,48,False,True,False,midpoint_with_inhaler,-0.13603449742643478,0.2000861939875268,16,111
625,48,False,True,False,upper_bound,-0.13603449742643478,0.18464435168950868,16,112
625,48,False,True,False,upper_bound_with_inhaler,-0.13603449742643478,0.18464435168950868,16,113
625,48,False,True,True,one_hot,-0.1012154814198591,-0.1012154814198591,16,114
625,48,False,True,True,lower_bound,-0.13603449742643478,0.22043923922034772,16,115
625,48,False,True,True,midpoint,-0.13603449742643478,0.2000861939875268,16,116
625,48,False,True,True,midpoint_with_inhaler,-0.13603449742643478,0.2000861939875268,16,117
625,48,False,True,True,upper_bound,-0.13603449742643478,0.18464435168950868,16,118
625,48,False,True,True,upper_bound_with_inhaler,-0.13603449742643478,0.18464435168950868,16,119
625,48,True,False,False,one_hot,0.0728679935556698,0.0728679935556698,16,120
625,48,True,False,False,lower_bound,-0.10120901874969908,0.23875921287411095,16,121
625,48,True,False,False,midpoint,-0.10120901874969908,0.22091958457270688,16,122
625,48,True,False,False,midpoint_with_inhaler,-0.10120901874969908,0.22091958457270688,16,123
625,48,True,False,False,upper_bound,-0.10120901874969908,0.21008708423485206,16,124
625,48,True,False,False,upper_bound_with_inhaler,-0.10120901874969908,0.21008708423485206,16,125
625,48,True,False,True,one_hot,0.0728679935556698,0.0728679935556698,16,126
625,48,True,False,True,lower_bound,-0.10120901874969908,0.23875921287411095,16,127
625,48,True,False,True,midpoint,-0.10120901874969908,0.22091958457270688,16,128
625,48,True,False,True,midpoint_with_inhaler,-0.10120901874969908,0.22091958457270688,16,129
625,48,True,False,True,upper_bound,-0.10120901874969908,0.21008708423485206,16,130
625,48,True,False,True,upper_bound_with_inhaler,-0.10120901874969908,0.21008708423485206,16,131
701,12,False,False,False,one_hot,,,30,0
701,12,False,False,False,lower_bound,-0.019445797551662564,-0.034788992492716234,30,1
701,12,False,False,False,midpoint,-0.019445797551662564,-0.06449494972261174,30,2
701,12,False,False,False,midpoint_with_inhaler,-0.019445797551662564,-0.06449494972261174,30,3
701,12,False,False,False,upper_bound,-0.019445797551662564,-0.08381053033975926,30,4
701,12,False,False,False,upper_bound_with_inhaler,-0.019445797551662564,-0.08381053033975926,30,5
701,12,False,False,True,one_hot,,,30,6
701,12,False,False,True,lower_bound,-0.019445797551662564,-0.034788992492716234,30,7
701,12,False,False,True,midpoint,-0.019445797551662564,-0.06449494972261174,30,8
701,12,False,False,True,midpoint_with_inhaler,-0.019445797551662564,-0.06449494972261174,30,9
701,12,False,False,True,upper_bound,-0.019445797551662564,-0.08381053033975926,30,10
701,12,False,False,True,upper_bound_with_inhaler,-0.019445797551662564,-0.08381053033975926,30,11
701,12,False,True,False,one_hot,,,30,12
701,12,False,True,False,lower_bound,0.20123716985966864,0.2432753658939507,30,13
701,12,False,True,False,midpoint,0.20123716985966864,0.2057259776917156,30,14
701,12,False,True,False,midpoint_with_inhaler,0.20123716985966864,0.2057259776917156,30,15
701,12,False,True,False,upper_bound,0.20123716985966864,0.19045089121942738,30,16
701,12,False,True,False,upper_bound_with_inhaler,0.20123716985966864,0.19045089121942738,30,17
701,12,False,True,True,one_hot,,,30,18
701,12,False,True,True,lower_bound,0.20123716985966864,0.2432753658939507,30,19
701,12,False,True,True,midpoint,0.20123716985966864,0.2057259776917156,30,20
701,12,False,True,True,midpoint_with_inhaler,0.20123716985966864,0.2057259776917156,30,21
701,12,False,True,True,upper_bound,0.20123716985966864,0.19045089121942738,30,22
701,12,False,True,True,upper_bound_with_inhaler,0.20123716985966864,0.19045089121942738,30,23
701,12,True,False,False,one_hot,,,30,24
701,12,True,False,False,lower_bound,0.08211027138438985,0.1167954743958436,30,25
701,12,True,False,False,midpoint,0.08211027138438985,0.08585122873312141,30,26
701,12,True,False,False,midpoint_with_inhaler,0.08211027138438985,0.08585122873312141,30,27
701,12,True,False,False,upper_bound,0.08211027138438985,0.07280739972021257,30,28
701,12,True,False,False,upper_bound_with_inhaler,0.08211027138438985,0.07280739972021257,30,29
701,12,True,False,True,one_hot,,,30,30
701,12,True,False,True,lower_bound,0.08211027138438985,0.1167954743958436,30,31
701,12,True,False,True,midpoint,0.08211027138438985,0.08585122873312141,30,32
701,12,True,False,True,midpoint_with_inhaler,0.08211027138438985,0.08585122873312141,30,33
701,12,True,False,True,upper_bound,0.08211027138438985,0.07280739972021257,30,34
701,12,True,False,True,upper_bound_with_inhaler,0.08211027138438985,0.07280739972021257,30,35
701,24,False,False,False,one_hot,,,30,36
701,24,False,False,False,lower_bound,0.26996224218733883,0.33838654275896046,30,37
701,24,False,False,False,midpoint,0.26996224218733883,0.268612629571938,30,38
701,24,False,False,False,midpoint_with_inhaler,0.26996224218733883,0.268612629571938,30,39
701,24,False,False,False,upper_bound,0.26996224218733883,0.23435346666768414,30,40
701,24,False,False,False,upper_bound_with_inhaler,0.26996224218733883,0.23435346666768414,30,41
701,24,False,False,True,one_hot,,,30,42
701,24,False,False,True,lower_bound,0.26996224218733883,0.33838654275896046,30,43
701,24,False,False,True,midpoint,0.26996224218733883,0.268612629571938,30,44
701,24,False,False,True,midpoint_with_inhaler,0.26996224218733883,0.268612629571938,30,45
701,24,False,False,True,upper_bound,0.26996224218733883,0.23435346666768414,30,46
701,24,False,False,True,upper_bound_with_inhaler,0.26996224218733883,0.23435346666768414,30,47
701,24,False,True,False,one_hot,,,30,48
701,24,False,True,False,lower_bound,0.1529220392849423,0.1371897237233022,30,49
701,24,False,True,False,midpoint,0.1529220392849423,0.15246483489706505,30,50
701,24,False,True,False,midpoint_with_inhaler,0.1529220392849423,0.15246483489706505,30,51
701,24,False,True,False,upper_bound,0.1529220392849423,0.15882150293772726,30,52
701,24,False,True,False,upper_bound_with_inhaler,0.1529220392849423,0.15882150293772726,30,53
701,24,False,True,True,one_hot,,,30,54
701,24,False,True,True,lower_bound,0.1529220392849423,0.1371897237233022,30,55
701,24,False,True,True,midpoint,0.1529220392849423,0.15246483489706505,30,56
701,24,False,True,True,midpoint_with_inhaler,0.1529220392849423,0.15246483489706505,30,57
701,24,False,True,True,upper_bound,0.1529220392849423,0.15882150293772726,30,58
701,24,False,True,True,upper_bound_with_inhaler,0.1529220392849423,0.15882150293772726,30,59
701,24,True,False,False,one_hot,,,30,60
701,24,True,False,False,lower_bound,0.26996224218733883,0.33838654275896046,30,61
701,24,True,False,False,midpoint,0.26996224218733883,0.268612629571938,30,62
701,24,True,False,False,midpoint_with_inhaler,0.26996224218733883,0.268612629571938,30,63
701,24,True,False,False,upper_bound,0.26996224218733883,0.23435346666768414,30,64
701,24,True,False,False,upper_bound_with_inhaler,0.26996224218733883,0.23435346666768414,30,65
701,24,True,False,True,one_hot,,,30,66
701,24,True,False,True,lower_bound,0.26996224218733883,0.33838654275896046,30,67
701,24,True,False,True,midpoint,0.26996224218733883,0.268612629571938,30,68
701,24,True,False,True,midpoint_with_inhaler,0.26996224218733883,0.268612629571938,30,69
701,24,True,False,True,upper_bound,0.26996224218733883,0.23435346666768414,30,70
701,24,True,False,True,upper_bound_with_inhaler,0.26996224218733883,0.23435346666768414,30,71
701,36,False,False,False,one_hot,,,30,72
701,36,False,False,False,lower_bound,0.0846734142501077,0.09801799358531604,30,73
701,36,False,False,False,midpoint,0.0846734142501077,0.09470539461858611,30,74
701,36,False,False,False,midpoint_with_inhaler,0.0846734142501077,0.09470539461858611,30,75
701,36,False,False,False,upper_bound,0.0846734142501077,0.10063295715077655,30,76
701,36,False,False,False,upper_bound_with_inhaler,0.0846734142501077,0.10063295715077655,30,77
701,36,False,False,True,one_hot,,,30,78
701,36,False,False,True,lower_bound,0.0846734142501077,0.09801799358531604,30,79
701,36,False,False,True,midpoint,0.0846734142501077,0.09470539461858611,30,80
701,36,False,False,True,midpoint_with_inhaler,0.0846734142501077,0.09470539461858611,30,81
701,36,False,False,True,upper_bound,0.0846734142501077,0.10063295715077655,30,82
701,36,False,False,True,upper_bound_with_inhaler,0.0846734142501077,0.10063295715077655,30,83
701,36,True,False,False,one_hot,,,30,84
701,36,True,False,False,lower_bound,0.06316142756597892,0.10950397924239079,30,85
701,36,True,False,False,midpoint,0.06316142756597892,0.06926458920455203,30,86
701,36,True,False,False,midpoint_with_inhaler,0.06316142756597892,0.06926458920455203,30,87
701,36,True,False,False,upper_bound,0.06316142756597892,0.04929598302639029,30,88
701,36,True,False,False,upper_bound_with_inhaler,0.06316142756597892,0.04929598302639029,30,89
701,36,True,False,True,one_hot,,,30,90
701,36,True,False,True,lower_bound,0.06316142756597892,0.10950397924239079,30,91
701,36,True,False,True,midpoint,0.06316142756597892,0.06926458920455203,30,92
701,36,True,False,True,midpoint_with_inhaler,0.06316142756597892,0.06926458920455203,30,93
701,36,True,False,True,upper_bound,0.06316142756597892,0.04929598302639029,30,94
701,36,True,False,True,upper_bound_with_inhaler,0.06316142756597892,0.04929598302639029,30,95
701,48,False,False,False,one_hot,,,30,96
701,48,False,False,False,lower_bound,0.21808281979090574,0.31926711179466755,30,97
701,48,False,False,False,midpoint,0.21808281979090574,0.2949717888142167,30,98
701,48,False,False,False,midpoint_with_inhaler,0.21808281979090574,0.2949717888142167,30,99
701,48,False,False,False,upper_bound,0.21808281979090574,0.28290993415169313,30,100
701,48,False,False,False,upper_bound_with_inhaler,0.21808281979090574,0.28290993415169313,30,101
701,48,False,False,True,one_hot,,,30,102
701,48,False,False,True,lower_bound,0.21808281979090574,0.31926711179466755,30,103
701,48,False,False,True,midpoint,0.21808281979090574,0.2949717888142167,30,104
701,48,False,False,True,midpoint_with_inhaler,0.21808281979090574,0.2949717888142167,30,105
701,48,False,False,True,upper_bound,0.21808281979090574,0.28290993415169313,30,106
701,48,False,False,True,upper_bound_with_inhaler,0.21808281979090574,0.28290993415169313,30,107
701,48,False,True,False,one_hot,,,30,108
701,48,False,True,False,lower_bound,-0.009207725594765907,0.03128770748137112,30,109
701,48,False,True,False,midpoint,-0.009207725594765907,-0.004847059574549454,30,110
701,48,False,True,False,midpoint_with_inhaler,-0.009207725594765907,-0.004847059574549454,30,111
701,48,False,True,False,upper_bound,-0.009207725594765907,-0.01850144003531726,30,112
701,48,False,True,False,upper_bound_with_inhaler,-0.009207725594765907,-0.01850144003531726,30,113
701,48,False,True,True,one_hot,,,30,114
701,48,False,True,True,lower_bound,-0.009207725594765907,0.03128770748137112,30,115
701,48,False,True,True,midpoint,-0.009207725594765907,-0.004847059574549454,30,116
701,48,False,True,True,midpoint_with_inhaler,-0.009207725594765907,-0.004847059574549454,30,117
701,48,False,True,True,upper_bound,-0.009207725594765907,-0.01850144003531726,30,118
701,48,False,True,True,upper_bound_with_inhaler,-0.009207725594765907,-0.01850144003531726,30,119
701,48,True,False,False,one_hot,,,30,120
701,48,True,False,False,lower_bound,-0.05133261738731636,-0.07608717456178468,30,121
701,48,True,False,False,midpoint,-0.05133261738731636,-0.055938990820429704,30,122
701,48,True,False,False,midpoint_with_inhaler,-0.05133261738731636,-0.055938990820429704,30,123
701,48,True,False,False,upper_bound,-0.05133261738731636,-0.0437551078847328,30,124
701,48,True,False,False,upper_bound_with_inhaler,-0.05133261738731636,-0.0437551078847328,30,125
701,48,True,False,True,one_hot,,,30,126
701,48,True,False,True,lower_bound,-0.05133261738731636,-0.07608717456178468,30,127
701,48,True,False,True,midpoint,-0.05133261738731636,-0.055938990820429704,30,128
701,48,True,False,True,midpoint_with_inhaler,-0.05133261738731636,-0.055938990820429704,30,129
701,48,True,False,True,upper_bound,-0.05133261738731636,-0.0437551078847328,30,130
701,48,True,False,True,upper_bound_with_inhaler,-0.05133261738731636,-0.0437551078847328,30,131
702,12,False,False,False,one_hot,0.40541111602791496,0.4054111160279149,120,0
702,12,False,False,False,lower_bound,0.46054822036850973,0.9515653479450666,120,1
702,12,False,False,False,midpoint,0.46054822036850973,0.8775797110786313,120,2
702,12,False,False,False,midpoint_with_inhaler,0.46054822036850973,0.8775797110786313,120,3
702,12,False,False,False,upper_bound,0.46054822036850973,0.8302760704620383,120,4
702,12,False,False,False,upper_bound_with_inhaler,0.46054822036850973,0.8302760704620383,120,5
702,12,False,False,True,one_hot,0.40541111602791496,0.4054111160279149,120,6
702,12,False,False,True,lower_bound,0.46054822036850973,0.9515653479450666,120,7
702,12,False,False,True,midpoint,0.46054822036850973,0.8775797110786313,120,8
702,12,False,False,True,midpoint_with_inhaler,0.46054822036850973,0.8775797110786313,120,9
702,12,False,False,True,upper_bound,0.46054822036850973,0.8302760704620383,120,10
702,12,False,False,True,upper_bound_with_inhaler,0.46054822036850973,0.8302760704620383,120,11
702,12,False,True,False,one_hot,0.2850153526876486,0.28501535268764866,120,12
702,12,False,True,False,lower_bound,0.3736645534371735,0.44305582818669814,120,13
702,12,False,True,False,midpoint,0.3736645534371735,0.4519085031531357,120,14
702,12,False,True,False,midpoint_with_inhaler,0.3736645534371735,0.4519085031531357,120,15
702,12,False,True,False,upper_bound,0.3736645534371735,0.4499998586255363,120,16
702,12,False,True,False,upper_bound_with_inhaler,0.3736645534371735,0.4499998586255363,120,17
702,12,False,True,True,one_hot,0.2850153526876486,0.28501535268764866,120,18
702,12,False,True,True,lower_bound,0.3736645534371735,0.44305582818669814,120,19
702,12,False,True,True,midpoint,0.3736645534371735,0.4519085031531357,120,20
702,12,False,True,True,midpoint_with_inhaler,0.3736645534371735,0.4519085031531357,120,21
702,12,False,True,True,upper_bound,0.3736645534371735,0.4499998586255363,120,22
702,12,False,True,True,upper_bound_with_inhaler,0.3736645534371735,0.4499998586255363,120,23
702,12,True,False,False,one_hot,0.3901635458584621,0.3901635458584621,120,24
702,12,True,False,False,lower_bound,0.4892544813531747,0.9734890489565989,120,25
702,12,True,False,False,midpoint,0.4892544813531747,0.9387965321697874,120,26
702,12,True,False,False,midpoint_with_inhaler,0.4892544813531747,0.9387965321697874,120,27
702,12,True,False,False,upper_bound,0.4892544813531747,0.9000135431530615,120,28
702,12,True,False,False,upper_bound_with_inhaler,0.4892544813531747,0.9000135431530615,120,29
702,12,True,False,True,one_hot,0.3901635458584621,0.3901635458584621,120,30
702,12,True,False,True,lower_bound,0.4892544813531747,0.9734890489565989,120,31
702,12,True,False,True,midpoint,0.4892544813531747,0.9387965321697874,120,32
702,12,True,False,True,midpoint_with_inhaler,0.4892544813531747,0.9387965321697874,120,33
702,12,True,False,True,upper_bound,0.4892544813531747,0.9000135431530615,120,34
702,12,True,False,True,upper_bound_with_inhaler,0.4892544813531747,0.9000135431530615,120,35
702,24,False,False,False,one_hot,0.42253515880059206,0.422535158800592,120,36
702,24,False,False,False,lower_bound,0.53065413144374,0.8639425329073986,120,37
702,24,False,False,False,midpoint,0.53065413144374,0.8354688851184549,120,38
702,24,False,False,False,midpoint_with_inhaler,0.53065413144374,0.8354688851184549,120,39
702,24,False,False,False,upper_bound,0.53065413144374,0.8072382751115335,120,40
702,24,False,False,False,upper_bound_with_inhaler,0.53065413144374,0.8072382751115335,120,41
702,24,False,False,True,one_hot,0.42253515880059206,0.422535158800592,120,42
702,24,False,False,True,lower_bound,0.53065413144374,0.8639425329073986,120,43
702,24,False,False,True,midpoint,0.53065413144374,0.8354688851184549,120,44
702,24,False,False,True,midpoint_with_inhaler,0.53065413144374,0.8354688851184549,120,45
702,24,False,False,True,upper_bound,0.53065413144374,0.8072382751115335,120,46
702,24,False,False,True,upper_bound_with_inhaler,0.53065413144374,0.8072382751115335,120,47
702,24,False,True,False,one_hot,0.3734992746529609,0.3734992746529609,120,48
702,24,False,True,False,lower_bound,0.46709902712125506,0.9639719285873761,120,49
702,24,False,True,False,midpoint,0.46709902712125506,0.9185798804173256,120,50
702,24,False,True,False,midpoint_with_inhaler,0.46709902712125506,0.9185798804173256,120,51
702,24,False,True,False,upper_bound,0.46709902712125506,0.8741104418396345,120,52
702,24,False,True,False,upper_bound_with_inhaler,0.46709902712125506,0.8741104418396345,120,53
702,24,False,True,True,one_hot,0.3734992746529609,0.3734992746529609,120,54
702,24,False,True,True,lower_bound,0.46709902712125506,0.9639719285873761,120,55
702,24,False,True,True,midpoint,0.46709902712125506,0.9185798804173256,120,56
702,24,False,True,True,midpoint_with_inhaler,0.46709902712125506,0.9185798804173256,120,57
702,24,False,True,True,upper_bound,0.46709902712125506,0.8741104418396345,120,58
702,24,False,True,True,upper_bound_with_inhaler,0.46709902712125506,0.8741104418396345,120,59
702,24,True,False,False,one_hot,0.42253515880059206,0.422535158800592,120,60
702,24,True,False,False,lower_bound,0.53065413144374,0.8639425329073986,120,61
702,24,True,False,False,midpoint,0.53065413144374,0.8354688851184549,120,62
702,24,True,False,False,midpoint_with_inhaler,0.53065413144374,0.8354688851184549,120,63
702,24,True,False,False,upper_bound,0.53065413144374,0.8072382751115335,120,64
702,24,True,False,False,upper_bound_with_inhaler,0.53065413144374,0.8072382751115335,120,65
702,24,True,False,True,one_hot,0.42253515880059206,0.422535158800592,120,66
702,24,True,False,True,lower_bound,0.53065413144374,0.8639425329073986,120,67
702,24,True,False,True,midpoint,0.53065413144374,0.8354688851184549,120,68
702,24,True,False,True,midpoint_with_inhaler,0.53065413144374,0.8354688851184549,120,69
702,24,True,False,True,upper_bound,0.53065413144374,0.8072382751115335,120,70
702,24,True,False,True,upper_bound_with_inhaler,0.53065413144374,0.8072382751115335,120,71
702,36,False,False,False,one_hot,0.41443545115481506,0.41443545115481506,120,72
702,36,False,False,False,lower_bound,0.5895613428125491,1.3305859537881615,120,73
702,36,False,False,False,midpoint,0.5895613428125491,1.2456715774631526,120,74
702,36,False,False,False,midpoint_with_inhaler,0.5895613428125491,1.2456715774631526,120,75
702,36,False,False,False,upper_bound,0.5895613428125491,1.168923887117106,120,76
702,36,False,False,False,upper_bound_with_inhaler,0.5895613428125491,1.168923887117106,120,77
702,36,False,False,True,one_hot,0.41443545115481506,0.41443545115481506,120,78
702,36,False,False,True,lower_bound,0.5895613428125491,1.3305859537881615,120,79
702,36,False,False,True,midpoint,0.5895613428125491,1.2456715774631526,120,80
702,36,False,False,True,midpoint_with_inhaler,0.5895613428125491,1.2456715774631526,120,81
702,36,False,False,True,upper_bound,0.5895613428125491,1.168923887117106,120,82
702,36,False,False,True,upper_bound_with_inhaler,0.5895613428125491,1.168923887117106,120,83
702,36,True,False,False,one_hot,0.40041543131968593,0.4004154313196858,120,84
702,36,True,False,False,lower_bound,0.46965054688567254,0.6935503699503647,120,85
702,36,True,False,False,midpoint,0.46965054688567254,0.6560782629544123,120,86
702,36,True,False,False,midpoint_with_inhaler,0.46965054688567254,0.6560782629544123,120,87
702,36,True,False,False,upper_bound,0.46965054688567254,0.6245131834038431,120,88
702,36,True,False,False,upper_bound_with_inhaler,0.46965054688567254,0.6245131834038431,120,89
702,36,True,False,True,one_hot,0.40041543131968593,0.4004154313196858,120,90
702,36,True,False,True,lower_bound,0.46965054688567254,0.6935503699503647,120,91
702,36,True,False,True,midpoint,0.46965054688567254,0.6560782629544123,120,92
702,36,True,False,True,midpoint_with_inhaler,0.46965054688567254,0.6560782629544123,120,93
702,36,True,False,True,upper_bound,0.46965054688567254,0.6245131834038431,120,94
702,36,True,False,True,upper_bound_with_inhaler,0.46965054688567254,0.6245131834038431,120,95
702,48,False,False,False,one_hot,0.3257809507170902,0.3257809507170902,120,96
702,48,False,False,False,lower_bound,0.5717986553920352,1.3438691589439198,120,97
702,48,False,False,False,midpoint,0.5717986553920352,1.241044986773286,120,98
702,48,False,False,False,midpoint_with_inhaler,0.5717986553920352,1.241044986773286,120,99
702,48,False,False,False,upper_bound,0.5717986553920352,1.157546751241544,120,100
702,48,False,False,False,upper_bound_with_inhaler,0.5717986553920352,1.157546751241544,120,101
702,48,False,False,True,one_hot,0.3257809507170902,0.3257809507170902,120,102
702,48,False,False,True,lower_bound,0.5717986553920352,1.3438691589439198,120,103
702,48,False,False,True,midpoint,0.5717986553920352,1.241044986773286,120,104
702,48,False,False,True,midpoint_with_inhaler,0.5717986553920352,1.241044986773286,120,105
702,48,False,False,True,upper_bound,0.5717986553920352,1.157546751241544,120,106
702,48,False,False,True,upper_bound_with_inhaler,0.5717986553920352,1.157546751241544,120,107
702,48,False,True,False,one_hot,0.1746522207177116,0.17465222071771166,120,108
702,48,False,True,False,lower_bound,0.2565793992308293,0.49878388167493637,120,109
702,48,False,True,False,midpoint,0.2565793992308293,0.44880954624570935,120,110
702,48,False,True,False,midpoint_with_inhaler,0.2565793992308293,0.44880954624570935,120,111
702,48,False,True,False,upper_bound,0.2565793992308293,0.4105067969469218,120,112
702,48,False,True,False,upper_bound_with_inhaler,0.2565793992308293,0.4105067969469218,120,113
702,48,False,True,True,one_hot,0.1746522207177116,0.17465222071771166,120,114
702,48,False,True,True,lower_bound,0.2565793992308293,0.49878388167493637,120,115
702,48,False,True,True,midpoint,0.2565793992308293,0.44880954624570935,120,116
702,48,False,True,True,midpoint_with_inhaler,0.2565793992308293,0.44880954624570935,120,117
702,48,False,True,True,upper_bound,0.2565793992308293,0.4105067969469218,120,118
702,48,False,True,True,upper_bound_with_inhaler,0.2565793992308293,0.4105067969469218,120,119
702,48,True,False,False,one_hot,0.24108991839775362,0.24108991839775365,120,120
702,48,True,False,False,lower_bound,0.3039897093417958,0.4898476262561934,120,121
702,48,True,False,False,midpoint,0.3039897093417958,0.46693477548643364,120,122
702,48,True,False,False,midpoint_with_inhaler,0.3039897093417958,0.46693477548643364,120,123
702,48,True,False,False,upper_bound,0.3039897093417958,0.4464915410386519,120,124
702,48,True,False,False,upper_bound_with_inhaler,0.3039897093417958,0.4464915410386519,120,125
702,48,True,False,True,one_hot,0.24108991839775362,0.24108991839775365,120,126
702,48,True,False,True,lower_bound,0.3039897093417958,0.4898476262561934,120,127
702,48,True,False,True,midpoint,0.3039897093417958,0.46693477548643364,120,128
702,48,True,False,True,midpoint_with_inhaler,0.3039897093417958,0.46693477548643364,120,129
702,48,True,False,True,upper_bound,0.3039897093417958,0.4464915410386519,120,130
702,48,True,False,True,upper_bound_with_inhaler,0.3039897093417958,0.4464915410386519,120,131
917,12,False,False,False,one_hot,0.6894278330666722,0.689427833066672,9,0
917,12,False,False,False,lower_bound,0.9336745771416642,1.2469190524436649,9,1
917,12,False,False,False,midpoint,0.9336745771416642,1.159512747099269,9,2
917,12,False,False,False,midpoint_with_inhaler,0.9336745771416642,1.159512747099269,9,3
917,12,False,False,False,upper_bound,0.9336745771416642,1.0878283913615843,9,4
917,12,False,False,False,upper_bound_with_inhaler,0.9336745771416642,1.0878283913615843,9,5
917,12,False,False,True,one_hot,0.6894278330666722,0.689427833066672,9,6
917,12,False,False,True,lower_bound,0.9336745771416642,1.2469190524436649,9,7
917,12,False,False,True,midpoint,0.9336745771416642,1.159512747099269,9,8
917,12,False,False,True,midpoint_with_inhaler,0.9336745771416642,1.159512747099269,9,9
917,12,False,False,True,upper_bound,0.9336745771416642,1.0878283913615843,9,10
917,12,False,False,True,upper_bound_with_inhaler,0.9336745771416642,1.0878283913615843,9,11
917,12,False,True,False,one_hot,,,9,12
917,12,False,True,False,lower_bound,0.6627470810464634,1.0482364710586967,9,13
917,12,False,True,False,midpoint,0.6627470810464634,0.9714644308409853,9,14
917,12,False,True,False,midpoint_with_inhaler,0.6627470810464634,1.037840347057642,9,15
917,12,False,True,False,upper_bound,0.6627470810464634,0.8662862622961303,9,16
917,12,False,True,False,upper_bound_with_inhaler,0.6627470810464634,0.9627462064603698,9,17
917,12,False,True,True,one_hot,,,9,18
917,12,False,True,True,lower_bound,0.6627470810464634,1.0482364710586967,9,19
917,12,False,True,True,midpoint,0.6627470810464634,0.9714644308409853,9,20
917,12,False,True,True,midpoint_with_inhaler,0.6627470810464634,1.037840347057642,9,21
917,12,False,True,True,upper_bound,0.6627470810464634,0.8662862622961303,9,22
917,12,False,True,True,upper_bound_with_inhaler,0.6627470810464634,0.9627462064603698,9,23
917,12,True,False,False,one_hot,,,9,24
917,12,True,False,False,lower_bound,0.36436906283132403,0.7726481041815461,9,25
917,12,True,False,False,midpoint,0.36436906283132403,0.6184287312229362,9,26
917,12,True,False,False,midpoint_with_inhaler,0.36436906283132403,0.6184287312229362,9,27
917,12,True,False,False,upper_bound,0.36436906283132403,0.5125631881238469,9,28
917,12,True,False,False,upper_bound_with_inhaler,0.36436906283132403,0.5125631881238469,9,29
917,12,True,False,True,one_hot,,,9,30
917,12,True,False,True,lower_bound,0.36436906283132403,0.7726481041815461,9,31
917,12,True,False,True,midpoint,0.36436906283132403,0.6184287312229362,9,32
917,12,True,False,True,midpoint_with_inhaler,0.36436906283132403,0.6184287312229362,9,33
917,12,True,False,True,upper_bound,0.36436906283132403,0.5125631881238469,9,34
917,12,True,False,True,upper_bound_with_inhaler,0.36436906283132403,0.5125631881238469,9,35
917,24,False,False,False,one_hot,,,9,36
917,24,False,False,False,lower_bound,0.66370911406652,1.1261599992855298,9,37
917,24,False,False,False,midpoint,0.66370911406652,0.9660488511696087,9,38
917,24,False,False,False,midpoint_with_inhaler,0.66370911406652,1.0399275657108085,9,39
917,24,False,False,False,upper_bound,0.66370911406652,0.7990561601793732,9,40
917,24,False,False,False,upper_bound_with_inhaler,0.66370911406652,0.9063313543380592,9,41
917,24,False,False,True,one_hot,,,9,42
917,24,False,False,True,lower_bound,0.66370911406652,1.1261599992855298,9,43
917,24,False,False,True,midpoint,0.66370911406652,0.9660488511696087,9,44
917,24,False,False,True,midpoint_with_inhaler,0.66370911406652,1.0399275657108085,9,45
917,24,False,False,True,upper_bound,0.66370911406652,0.7990561601793732,9,46
917,24,False,False,True,upper_bound_with_inhaler,0.66370911406652,0.9063313543380592,9,47
917,24,False,True,False,one_hot,,,9,48
917,24,False,True,False,lower_bound,0.38206781605715007,0.4555876566053349,9,49
917,24,False,True,False,midpoint,0.38206781605715007,0.4338578375100356,9,50
917,24,False,True,False,midpoint_with_inhaler,0.38206781605715007,0.4338578375100356,9,51
917,24,False,True,False,upper_bound,0.38206781605715007,0.4099724623297489,9,52
917,24,False,True,False,upper_bound_with_inhaler,0.38206781605715007,0.4099724623297489,9,53
917,24,False,True,True,one_hot,,,9,54
917,24,False,True,True,lower_bound,0.38206781605715007,0.4555876566053349,9,55
917,24,False,True,True,midpoint,0.38206781605715007,0.4338578375100356,9,56
917,24,False,True,True,midpoint_with_inhaler,0.38206781605715007,0.4338578375100356,9,57
917,24,False,True,True,upper_bound,0.38206781605715007,0.4099724623297489,9,58
917,24,False,True,True,upper_bound_with_inhaler,0.38206781605715007,0.4099724623297489,9,59
917,24,True,False,False,one_hot,,,9,60
917,24,True,False,False,lower_bound,0.66370911406652,1.1261599992855298,9,61
917,24,True,False,False,midpoint,0.66370911406652,0.9660488511696087,9,62
917,24,True,False,False,midpoint_with_inhaler,0.66370911406652,1.0399275657108085,9,63
917,24,True,False,False,upper_bound,0.66370911406652,0.7990561601793732,9,64
917,24,True,False,False,upper_bound_with_inhaler,0.66370911406652,0.9063313543380592,9,65
917,24,True,False,True,one_hot,,,9,66
917,24,True,False,True,lower_bound,0.66370911406652,1.1261599992855298,9,67
917,24,True,False,True,midpoint,0.66370911406652,0.9660488511696087,9,68
917,24,True,False,True,midpoint_with_inhaler,0.66370911406652,1.0399275657108085,9,69
917,24,True,False,True,upper_bound,0.66370911406652,0.7990561601793732,9,70
917,24,True,False,True,upper_bound_with_inhaler,0.66370911406652,0.9063313543380592,9,71
917,36,False,False,False,one_hot,,,9,72
917,36,False,False,False,lower_bound,0.514503695475657,0.7849126860238762,9,73
917,36,False,False,False,midpoint,0.514503695475657,0.6246131250270519,9,74
917,36,False,False,False,midpoint_with_inhaler,0.514503695475657,0.7740219162737436,9,75
917,36,False,False,False,upper_bound,0.48022255926108287,0.4843216174326719,9,76
917,36,False,False,False,upper_bound_with_inhaler,0.514503695475657,0.7619353500279441,9,77
917,36,False,False,True,one_hot,,,9,78
917,36,False,False,True,lower_bound,0.514503695475657,0.7849126860238762,9,79
917,36,False,False,True,midpoint,0.514503695475657,0.6246131250270519,9,80
917,36,False,False,True,midpoint_with_inhaler,0.514503695475657,0.7740219162737436,9,81
917,36,False,False,True,upper_bound,0.48022255926108287,0.4843216174326719,9,82
917,36,False,False,True,upper_bound_with_inhaler,0.514503695475657,0.7619353500279441,9,83
917,36,True,False,False,one_hot,,,9,84
917,36,True,False,False,lower_bound,-0.3012464061459073,-0.19390572509334317,9,85
917,36,True,False,False,midpoint,-0.3012464061459073,-0.19788688495470086,9,86
917,36,True,False,False,midpoint_with_inhaler,-0.3012464061459073,-0.19788688495470086,9,87
917,36,True,False,False,upper_bound,-0.3012464061459073,-0.19996122379925926,9,88
917,36,True,False,False,upper_bound_with_inhaler,-0.3012464061459073,-0.19996122379925926,9,89
917,36,True,False,True,one_hot,,,9,90
917,36,True,False,True,lower_bound,-0.3012464061459073,-0.19390572509334317,9,91
917,36,True,False,True,midpoint,-0.3012464061459073,-0.19788688495470086,9,92
917,36,True,False,True,midpoint_with_inhaler,-0.3012464061459073,-0.19788688495470086,9,93
917,36,True,False,True,upper_bound,-0.3012464061459073,-0.19996122379925926,9,94
917,36,True,False,True,upper_bound_with_inhaler,-0.3012464061459073,-0.19996122379925926,9,95
917,48,False,False,False,one_hot,,,9,96
917,48,False,False,False,lower_bound,0.2939759532310036,0.31123485289471464,9,97
917,48,False,False,False,midpoint,0.2939759532310036,0.1839617033191118,9,98
917,48,False,False,False,midpoint_with_inhaler,0.2939759532310036,0.3620712323647275,9,99
917,48,False,False,False,upper_bound,0.039673381188131386,0.05380267738899562,9,100
917,48,False,False,False,upper_bound_with_inhaler,0.2939759532310036,0.42076330908710596,9,101
917,48,False,False,True,one_hot,,,9,102
917,48,False,False,True,lower_bound,0.2939759532310036,0.31123485289471464,9,103
917,48,False,False,True,midpoint,0.2939759532310036,0.1839617033191118,9,104
917,48,False,False,True,midpoint_with_inhaler,0.2939759532310036,0.3620712323647275,9,105
917,48,False,False,True,upper_bound,0.039673381188131386,0.05380267738899562,9,106
917,48,False,False,True,upper_bound_with_inhaler,0.2939759532310036,0.42076330908710596,9,107
917,48,False,True,False,one_hot,0.4180480042601457,0.4180480042601458,9,108
917,48,False,True,False,lower_bound,0.4427314968174846,0.46485571111939133,9,109
917,48,False,True,False,midpoint,0.4427314968174846,0.4491555379272967,9,110
917,48,False,True,False,midpoint_with_inhaler,0.4427314968174846,0.4491555379272967,9,111
917,48,False,True,False,upper_bound,0.4427314968174846,0.43091241574692596,9,112
917,48,False,True,False,upper_bound_with_inhaler,0.4427314968174846,0.43091241574692596,9,113
917,48,False,True,True,one_hot,0.4180480042601457,0.4180480042601458,9,114
917,48,False,True,True,lower_bound,0.4427314968174846,0.46485571111939133,9,115
917,48,False,True,True,midpoint,0.4427314968174846,0.4491555379272967,9,116
917,48,False,True,True,midpoint_with_inhaler,0.4427314968174846,0.4491555379272967,9,117
917,48,False,True,True,upper_bound,0.4427314968174846,0.43091241574692596,9,118
917,48,False,True,True,upper_bound_with_inhaler,0.4427314968174846,0.43091241574692596,9,119
917,48,True,False,False,one_hot,,,9,120
917,48,True,False,False,lower_bound,0.313173007119743,0.3532435045824708,9,121
917,48,True,False,False,midpoint,0.313173007119743,0.35178757980584174,9,122
917,48,True,False,False,midpoint_with_inhaler,0.313173007119743,0.35178757980584174,9,123
917,48,True,False,False,upper_bound,0.313173007119743,0.341356482338532,9,124
917,48,True,False,False,upper_bound_with_inhaler,0.313173007119743,0.341356482338532,9,125
917,48,True,False,True,one_hot,,,9,126
917,48,True,False,True,lower_bound,0.313173007119743,0.3532435045824708,9,127
917,48,True,False,True,midpoint,0.313173007119743,0.35178757980584174,9,128
917,48,True,False,True,midpoint_with_inhaler,0.313173007119743,0.35178757980584174,9,129
917,48,True,False,True,upper_bound,0.313173007119743,0.341356482338532,9,130
917,48,True,False,True,upper_bound_with_inhaler,0.313173007119743,0.341356482338532,9,131
939,12,False,False,False,one_hot,-0.008797838606953193,-0.008797838606953167,158,0
939,12,False,False,False,lower_bound,0.28226283476452735,0.29820128284903036,158,1
939,12,False,False,False,midpoint,0.28226283476452735,0.2672870589088548,158,2
939,12,False,False,False,midpoint_with_inhaler,0.28226283476452735,0.2672870589088548,158,3
939,12,False,False,False,upper_bound,0.28226283476452735,0.23726204253142852,158,4
939,12,False,False,False,upper_bound_with_inhaler,0.28226283476452735,0.23726204253142852,158,5
939,12,False,False,True,one_hot,-0.008797838606953193,-0.008797838606953167,158,6
939,12,False,False,True,lower_bound,0.28226283476452735,0.29820128284903036,158,7
939,12,False,False,True,midpoint,0.28226283476452735,0.2672870589088548,158,8
939,12,False,False,True,midpoint_with_inhaler,0.28226283476452735,0.2672870589088548,158,9
939,12,False,False,True,upper_bound,0.28226283476452735,0.23726204253142852,158,10
939,12,False,False,True,upper_bound_with_inhaler,0.28226283476452735,0.23726204253142852,158,11
939,12,False,True,False,one_hot,,,158,12
939,12,False,True,False,lower_bound,0.31832374632753874,0.41816196625543356,158,13
939,12,False,True,False,midpoint,0.31832374632753874,0.3939701722091136,158,14
939,12,False,True,False,midpoint_with_inhaler,0.31832374632753874,0.3939701722091136,158,15
939,12,False,True,False,upper_bound,0.31832374632753874,0.3657289746901955,158,16
939,12,False,True,False,upper_bound_with_inhaler,0.31832374632753874,0.3657289746901955,158,17
939,12,False,True,True,one_hot,,,158,18
939,12,False,True,True,lower_bound,0.31832374632753874,0.41816196625543356,158,19
939,12,False,True,True,midpoint,0.31832374632753874,0.3939701722091136,158,20
939,12,False,True,True,midpoint_with_inhaler,0.31832374632753874,0.3939701722091136,158,21
939,12,False,True,True,upper_bound,0.31832374632753874,0.3657289746901955,158,22
939,12,False,True,True,upper_bound_with_inhaler,0.31832374632753874,0.3657289746901955,158,23
939,12,True,False,False,one_hot,,,158,24
939,12,True,False,False,lower_bound,0.28513181591865194,0.39795077904659115,158,25
939,12,True,False,False,midpoint,0.28513181591865194,0.3592430850556065,158,26
939,12,True,False,False,midpoint_with_inhaler,0.28513181591865194,0.3592430850556065,158,27
939,12,True,False,False,upper_bound,0.28513181591865194,0.32311867906474157,158,28
939,12,True,False,False,upper_bound_with_inhaler,0.28513181591865194,0.32311867906474157,158,29
939,12,True,False,True,one_hot,,,158,30
939,12,True,False,True,lower_bound,0.28513181591865194,0.39795077904659115,158,31
939,12,True,False,True,midpoint,0.28513181591865194,0.3592430850556065,158,32
939,12,True,False,True,midpoint_with_inhaler,0.28513181591865194,0.3592430850556065,158,33
939,12,True,False,True,upper_bound,0.28513181591865194,0.32311867906474157,158,34
939,12,True,False,True,upper_bound_with_inhaler,0.28513181591865194,0.32311867906474157,158,35
939,24,False,False,False,one_hot,,,158,36
939,24,False,False,False,lower_bound,0.43611089158368094,0.49424602230288717,158,37
939,24,False,False,False,midpoint,0.43611089158368094,0.47985447310185403,158,38
939,24,False,False,False,midpoint_with_inhaler,0.43611089158368094,0.47985447310185403,158,39
939,24,False,False,False,upper_bound,0.43611089158368094,0.4626782322233679,158,40
939,24,False,False,False,upper_bound_with_inhaler,0.43611089158368094,0.4626782322233679,158,41
939,24,False,False,True,one_hot,,,158,42
939,24,False,False,True,lower_bound,0.43611089158368094,0.49424602230288717,158,43
939,24,False,False,True,midpoint,0.43611089158368094,0.47985447310185403,158,44
939,24,False,False,True,midpoint_with_inhaler,0.43611089158368094,0.47985447310185403,158,45
939,24,False,False,True,upper_bound,0.43611089158368094,0.4626782322233679,158,46
939,24,False,False,True,upper_bound_with_inhaler,0.43611089158368094,0.4626782322233679,158,47
939,24,False,True,False,one_hot,,,158,48
939,24,False,True,False,lower_bound,0.4349044196345401,0.5124152478709008,158,49
939,24,False,True,False,midpoint,0.4349044196345401,0.529320164124928,158,50
939,24,False,True,False,midpoint_with_inhaler,0.4349044196345401,0.529320164124928,158,51
939,24,False,True,False,upper_bound,0.4349044196345401,0.5277922925860111,158,52
939,24,False,True,False,upper_bound_with_inhaler,0.4349044196345401,0.5277922925860111,158,53
939,24,False,True,True,one_hot,,,158,54
939,24,False,True,True,lower_bound,0.4349044196345401,0.5124152478709008,158,55
939,24,False,True,True,midpoint,0.4349044196345401,0.529320164124928,158,56
939,24,False,True,True,midpoint_with_inhaler,0.4349044196345401,0.529320164124928,158,57
939,24,False,True,True,upper_bound,0.4349044196345401,0.5277922925860111,158,58
939,24,False,True,True,upper_bound_with_inhaler,0.4349044196345401,0.5277922925860111,158,59
939,24,True,False,False,one_hot,,,158,60
939,24,True,False,False,lower_bound,0.43611089158368094,0.49424602230288717,158,61
939,24,True,False,False,midpoint,0.43611089158368094,0.47985447310185403,158,62
939,24,True,False,False,midpoint_with_inhaler,0.43611089158368094,0.47985447310185403,158,63
939,24,True,False,False,upper_bound,0.43611089158368094,0.4626782322233679,158,64
939,24,True,False,False,upper_bound_with_inhaler,0.43611089158368094,0.4626782322233679,158,65
939,24,True,False,True,one_hot,,,158,66
939,24,True,False,True,lower_bound,0.43611089158368094,0.49424602230288717,158,67
939,24,True,False,True,midpoint,0.43611089158368094,0.47985447310185403,158,68
939,24,True,False,True,midpoint_with_inhaler,0.43611089158368094,0.47985447310185403,158,69
939,24,True,False,True,upper_bound,0.43611089158368094,0.4626782322233679,158,70
939,24,True,False,True,upper_bound_with_inhaler,0.43611089158368094,0.4626782322233679,158,71
939,36,False,False,False,one_hot,,,158,72
939,36,False,False,False,lower_bound,0.39480080289559694,0.4894087081115317,158,73
939,36,False,False,False,midpoint,0.39480080289559694,0.4457529129131567,158,74
939,36,False,False,False,midpoint_with_inhaler,0.39480080289559694,0.4457529129131567,158,75
939,36,False,False,False,upper_bound,0.39480080289559694,0.41101742309519734,158,76
939,36,False,False,False,upper_bound_with_inhaler,0.39480080289559694,0.41101742309519734,158,77
939,36,False,False,True,one_hot,,,158,78
939,36,False,False,True,lower_bound,0.39480080289559694,0.4894087081115317,158,79
939,36,False,False,True,midpoint,0.39480080289559694,0.4457529129131567,158,80
939,36,False,False,True,midpoint_with_inhaler,0.39480080289559694,0.4457529129131567,158,81
939,36,False,False,True,upper_bound,0.39480080289559694,0.41101742309519734,158,82
939,36,False,False,True,upper_bound_with_inhaler,0.39480080289559694,0.41101742309519734,158,83
939,36,True,False,False,one_hot,,,158,84
939,36,True,False,False,lower_bound,0.48291665961840685,0.6205814023855477,158,85
939,36,True,False,False,midpoint,0.48291665961840685,0.6471312003311167,158,86
939,36,True,False,False,midpoint_with_inhaler,0.48291665961840685,0.6471312003311167,158,87
939,36,True,False,False,upper_bound,0.48291665961840685,0.6499194694793867,158,88
939,36,True,False,False,upper_bound_with_inhaler,0.48291665961840685,0.6499194694793867,158,89
939,36,True,False,True,one_hot,,,158,90
939,36,True,False,True,lower_bound,0.48291665961840685,0.6205814023855477,158,91
939,36,True,False,True,midpoint,0.48291665961840685,0.6471312003311167,158,92
939,36,True,False,True,midpoint_with_inhaler,0.48291665961840685,0.6471312003311167,158,93
939,36,True,False,True,upper_bound,0.48291665961840685,0.6499194694793867,158,94
939,36,True,False,True,upper_bound_with_inhaler,0.48291665961840685,0.6499194694793867,158,95
939,48,False,False,False,one_hot,,,158,96
939,48,False,False,False,lower_bound,0.39119998267515205,0.49712049068212005,158,97
939,48,False,False,False,midpoint,0.39119998267515205,0.41976276479180935,158,98
939,48,False,False,False,midpoint_with_inhaler,0.39119998267515205,0.43998528359668765,158,99
939,48,False,False,False,upper_bound,0.3617364230957236,0.3573174366939977,158,100
939,48,False,False,False,upper_bound_with_inhaler,0.39119998267515205,0.4211456400942609,158,101
939,48,False,False,True,one_hot,,,158,102
939,48,False,False,True,lower_bound,0.39119998267515205,0.49712049068212005,158,103
939,48,False,False,True,midpoint,0.39119998267515205,0.41976276479180935,158,104
939,48,False,False,True,midpoint_with_inhaler,0.39119998267515205,0.43998528359668765,158,105
939,48,False,False,True,upper_bound,0.3617364230957236,0.3573174366939977,158,106
939,48,False,False,True,upper_bound_with_inhaler,0.39119998267515205,0.4211456400942609,158,107
939,48,False,True,False,one_hot,,,158,108
939,48,False,True,False,lower_bound,0.2826386744717255,0.3777749151999835,158,109
939,48,False,True,False,midpoint,0.2826386744717255,0.3570864854254735,158,110
939,48,False,True,False,midpoint_with_inhaler,0.2826386744717255,0.3570864854254735,158,111
939,48,False,True,False,upper_bound,0.2826386744717255,0.33369852532235966,158,112
939,48,False,True,False,upper_bound_with_inhaler,0.2826386744717255,0.33369852532235966,158,113
939,48,False,True,True,one_hot,,,158,114
939,48,False,True,True,lower_bound,0.2826386744717255,0.3777749151999835,158,115
939,48,False,True,True,midpoint,0.2826386744717255,0.3570864854254735,158,116
939,48,False,True,True,midpoint_with_inhaler,0.2826386744717255,0.3570864854254735,158,117
939,48,False,True,True,upper_bound,0.2826386744717255,0.33369852532235966,158,118
939,48,False,True,True,upper_bound_with_inhaler,0.2826386744717255,0.33369852532235966,158,119
939,48,True,False,False,one_hot,-0.06858784354261895,-0.06858784354261897,158,120
939,48,True,False,False,lower_bound,0.12639513714560077,0.23014118679059103,158,121
939,48,True,False,False,midpoint,0.12639513714560077,0.19301980064730118,158,122
939,48,True,False,False,midpoint_with_inhaler,0.12639513714560077,0.19301980064730118,158,123
939,48,True,False,False,upper_bound,0.12639513714560077,0.16415965340986688,158,124
939,48,True,False,False,upper_bound_with_inhaler,0.12639513714560077,0.16415965340986688,158,125
939,48,True,False,True,one_hot,-0.06858784354261895,-0.06858784354261897,158,126
939,48,True,False,True,lower_bound,0.12639513714560077,0.23014118679059103,158,127
939,48,True,False,True,midpoint,0.12639513714560077,0.19301980064730118,158,128
939,48,True,False,True,midpoint_with_inhaler,0.12639513714560077,0.19301980064730118,158,129
939,48,True,False,True,upper_bound,0.12639513714560077,0.16415965340986688,158,130
939,48,True,False,True,upper_bound_with_inhaler,0.12639513714560077,0.16415965340986688,158,131
