user_key,timestamp_window,use_daily_max_windows,use_calendar_days,filter_out_zero_usage_entries,categorization_method,spearman_z,pearson_z,sample_size,config_idx
113,12,False,False,False,one_hot,0.13418786951837816,0.1341878695183781,158,0
113,12,False,False,False,lower_bound,0.295650163186194,0.36992959887326476,158,1
113,12,False,False,False,midpoint,0.295650163186194,0.3700929380032239,158,2
113,12,False,False,False,midpoint_with_inhaler,0.295650163186194,0.374347254571452,158,3
113,12,False,False,False,upper_bound,0.2960034172254971,0.36813543700739526,158,4
113,12,False,False,False,upper_bound_with_inhaler,0.295650163186194,0.37179842189497647,158,5
113,12,False,False,True,one_hot,0.13418786951837816,0.1341878695183781,158,6
113,12,False,False,True,lower_bound,0.295650163186194,0.36992959887326476,158,7
113,12,False,False,True,midpoint,0.295650163186194,0.3700929380032239,158,8
113,12,False,False,True,midpoint_with_inhaler,0.295650163186194,0.374347254571452,158,9
113,12,False,False,True,upper_bound,0.2960034172254971,0.36813543700739526,158,10
113,12,False,False,True,upper_bound_with_inhaler,0.295650163186194,0.37179842189497647,158,11
113,12,False,True,False,one_hot,0.15848605626117282,0.15848605626117282,158,12
113,12,False,True,False,lower_bound,0.304408256601828,0.3259537948855541,158,13
113,12,False,True,False,midpoint,0.304408256601828,0.3426517006176043,158,14
113,12,False,True,False,midpoint_with_inhaler,0.304408256601828,0.33415525410587105,158,15
113,12,False,True,False,upper_bound,0.30479445151032625,0.3546080276174262,158,16
113,12,False,True,False,upper_bound_with_inhaler,0.304408256601828,0.33863128833933726,158,17
113,12,False,True,True,one_hot,0.15848605626117282,0.15848605626117282,158,18
113,12,False,True,True,lower_bound,0.304408256601828,0.3259537948855541,158,19
113,12,False,True,True,midpoint,0.304408256601828,0.3426517006176043,158,20
113,12,False,True,True,midpoint_with_inhaler,0.304408256601828,0.33415525410587105,158,21
113,12,False,True,True,upper_bound,0.30479445151032625,0.3546080276174262,158,22
113,12,False,True,True,upper_bound_with_inhaler,0.304408256601828,0.33863128833933726,158,23
113,12,True,False,False,one_hot,-0.03780906412267874,-0.03780906412267871,158,24
113,12,True,False,False,lower_bound,0.11703961016737839,0.22867969988661868,158,25
113,12,True,False,False,midpoint,0.11703961016737839,0.22746540451993183,158,26
113,12,True,False,False,midpoint_with_inhaler,0.11703961016737839,0.24943180307367538,158,27
113,12,True,False,False,upper_bound,0.1172555346372966,0.22657013918022115,158,28
113,12,True,False,False,upper_bound_with_inhaler,0.11703961016737839,0.25614849557497477,158,29
113,12,True,False,True,one_hot,-0.03780906412267874,-0.03780906412267871,158,30
113,12,True,False,True,lower_bound,0.11703961016737839,0.22867969988661868,158,31
113,12,True,False,True,midpoint,0.11703961016737839,0.22746540451993183,158,32
113,12,True,False,True,midpoint_with_inhaler,0.11703961016737839,0.24943180307367538,158,33
113,12,True,False,True,upper_bound,0.1172555346372966,0.22657013918022115,158,34
113,12,True,False,True,upper_bound_with_inhaler,0.11703961016737839,0.25614849557497477,158,35
113,24,False,False,False,one_hot,0.05748514673355865,0.057485146733558666,158,36
113,24,False,False,False,lower_bound,0.32586189333589977,0.3962506391663335,158,37
113,24,False,False,False,midpoint,0.32586189333589977,0.380591603562378,158,38
113,24,False,False,False,midpoint_with_inhaler,0.32586189333589977,0.397452926474252,158,39
113,24,False,False,False,upper_bound,0.32590498480569213,0.36295250212630153,158,40
113,24,False,False,False,upper_bound_with_inhaler,0.32586189333589977,0.4023680541754919,158,41
113,24,False,False,True,one_hot,0.05748514673355865,0.057485146733558666,158,42
113,24,False,False,True,lower_bound,0.32586189333589977,0.3962506391663335,158,43
113,24,False,False,True,midpoint,0.32586189333589977,0.380591603562378,158,44
113,24,False,False,True,midpoint_with_inhaler,0.32586189333589977,0.397452926474252,158,45
113,24,False,False,True,upper_bound,0.32590498480569213,0.36295250212630153,158,46
113,24,False,False,True,upper_bound_with_inhaler,0.32586189333589977,0.4023680541754919,158,47
113,24,False,True,False,one_hot,0.14497875297395357,0.14497875297395357,158,48
113,24,False,True,False,lower_bound,0.2313820683828226,0.22785964349909238,158,49
113,24,False,True,False,midpoint,0.2313820683828226,0.25096115499831134,158,50
113,24,False,True,False,midpoint_with_inhaler,0.2313820683828226,0.23293272710782553,158,51
113,24,False,True,False,upper_bound,0.23093072424614522,0.2554328205730919,158,52
113,24,False,True,False,upper_bound_with_inhaler,0.2313820683828226,0.23953104645180798,158,53
113,24,False,True,True,one_hot,0.14497875297395357,0.14497875297395357,158,54
113,24,False,True,True,lower_bound,0.2313820683828226,0.22785964349909238,158,55
113,24,False,True,True,midpoint,0.2313820683828226,0.25096115499831134,158,56
113,24,False,True,True,midpoint_with_inhaler,0.2313820683828226,0.23293272710782553,158,57
113,24,False,True,True,upper_bound,0.23093072424614522,0.2554328205730919,158,58
113,24,False,True,True,upper_bound_with_inhaler,0.2313820683828226,0.23953104645180798,158,59
113,24,True,False,False,one_hot,0.05748514673355865,0.057485146733558666,158,60
113,24,True,False,False,lower_bound,0.32586189333589977,0.3962506391663335,158,61
113,24,True,False,False,midpoint,0.32586189333589977,0.380591603562378,158,62
113,24,True,False,False,midpoint_with_inhaler,0.32586189333589977,0.397452926474252,158,63
113,24,True,False,False,upper_bound,0.32590498480569213,0.36295250212630153,158,64
113,24,True,False,False,upper_bound_with_inhaler,0.32586189333589977,0.4023680541754919,158,65
113,24,True,False,True,one_hot,0.05748514673355865,0.057485146733558666,158,66
113,24,True,False,True,lower_bound,0.32586189333589977,0.3962506391663335,158,67
113,24,True,False,True,midpoint,0.32586189333589977,0.380591603562378,158,68
113,24,True,False,True,midpoint_with_inhaler,0.32586189333589977,0.397452926474252,158,69
113,24,True,False,True,upper_bound,0.32590498480569213,0.36295250212630153,158,70
113,24,True,False,True,upper_bound_with_inhaler,0.32586189333589977,0.4023680541754919,158,71
113,36,False,False,False,one_hot,0.14954006634675884,0.14954006634675884,158,72
113,36,False,False,False,lower_bound,0.35678928444962243,0.3688114424547023,158,73
113,36,False,False,False,midpoint,0.35678928444962243,0.3778720098440394,158,74
113,36,False,False,False,midpoint_with_inhaler,0.35678928444962243,0.38102991104312695,158,75
113,36,False,False,False,upper_bound,0.3564536730337197,0.3748707610252384,158,76
113,36,False,False,False,upper_bound_with_inhaler,0.35678928444962243,0.3876885259336237,158,77
113,36,False,False,True,one_hot,0.14954006634675884,0.14954006634675884,158,78
113,36,False,False,True,lower_bound,0.35678928444962243,0.3688114424547023,158,79
113,36,False,False,True,midpoint,0.35678928444962243,0.3778720098440394,158,80
113,36,False,False,True,midpoint_with_inhaler,0.35678928444962243,0.38102991104312695,158,81
113,36,False,False,True,upper_bound,0.3564536730337197,0.3748707610252384,158,82
113,36,False,False,True,upper_bound_with_inhaler,0.35678928444962243,0.3876885259336237,158,83
113,36,True,False,False,one_hot,0.15093483182004022,0.15093483182004022,158,84
113,36,True,False,False,lower_bound,0.29577831085872286,0.25286122756246077,158,85
113,36,True,False,False,midpoint,0.29577831085872286,0.2742635853105699,158,86
113,36,True,False,False,midpoint_with_inhaler,0.29577831085872286,0.2496629877032653,158,87
113,36,True,False,False,upper_bound,0.2953048415353945,0.2767377673706561,158,88
113,36,True,False,False,upper_bound_with_inhaler,0.29577831085872286,0.25270771540344455,158,89
113,36,True,False,True,one_hot,0.15093483182004022,0.15093483182004022,158,90
113,36,True,False,True,lower_bound,0.29577831085872286,0.25286122756246077,158,91
113,36,True,False,True,midpoint,0.29577831085872286,0.2742635853105699,158,92
113,36,True,False,True,midpoint_with_inhaler,0.29577831085872286,0.2496629877032653,158,93
113,36,True,False,True,upper_bound,0.2953048415353945,0.2767377673706561,158,94
113,36,True,False,True,upper_bound_with_inhaler,0.29577831085872286,0.25270771540344455,158,95
113,48,False,False,False,one_hot,0.019416893633439215,0.01941689363343924,158,96
113,48,False,False,False,lower_bound,0.21215323436126962,0.29844135409241235,158,97
113,48,False,False,False,midpoint,0.21215323436126962,0.2983520889533089,158,98
113,48,False,False,False,midpoint_with_inhaler,0.21215323436126962,0.3220856850926423,158,99
113,48,False,False,False,upper_bound,0.21168203589451015,0.2892573689887521,158,100
113,48,False,False,False,upper_bound_with_inhaler,0.21215323436126962,0.33538537774518107,158,101
113,48,False,False,True,one_hot,0.019416893633439215,0.01941689363343924,158,102
113,48,False,False,True,lower_bound,0.21215323436126962,0.29844135409241235,158,103
113,48,False,False,True,midpoint,0.21215323436126962,0.2983520889533089,158,104
113,48,False,False,True,midpoint_with_inhaler,0.21215323436126962,0.3220856850926423,158,105
113,48,False,False,True,upper_bound,0.21168203589451015,0.2892573689887521,158,106
113,48,False,False,True,upper_bound_with_inhaler,0.21215323436126962,0.33538537774518107,158,107
113,48,False,True,False,one_hot,0.1249859100741196,0.12498591007411965,158,108
113,48,False,True,False,lower_bound,0.1883953431103768,0.10878788878446667,158,109
113,48,False,True,False,midpoint,0.1883953431103768,0.13148920808414374,158,110
113,48,False,True,False,midpoint_with_inhaler,0.1883953431103768,0.09821943758739479,158,111
113,48,False,True,False,upper_bound,0.1889534682716572,0.14577553324790865,158,112
113,48,False,True,False,upper_bound_with_inhaler,0.1883953431103768,0.0982041402968085,158,113
113,48,False,True,True,one_hot,0.1249859100741196,0.12498591007411965,158,114
113,48,False,True,True,lower_bound,0.1883953431103768,0.10878788878446667,158,115
113,48,False,True,True,midpoint,0.1883953431103768,0.13148920808414374,158,116
113,48,False,True,True,midpoint_with_inhaler,0.1883953431103768,0.09821943758739479,158,117
113,48,False,True,True,upper_bound,0.1889534682716572,0.14577553324790865,158,118
113,48,False,True,True,upper_bound_with_inhaler,0.1883953431103768,0.0982041402968085,158,119
113,48,True,False,False,one_hot,0.08510533603688569,0.08510533603688569,158,120
113,48,True,False,False,lower_bound,0.1335534467596334,0.1576428574208981,158,121
113,48,True,False,False,midpoint,0.1335534467596334,0.16469699439165217,158,122
113,48,True,False,False,midpoint_with_inhaler,0.1335534467596334,0.15054218603241096,158,123
113,48,True,False,False,upper_bound,0.13377806374822432,0.16417810899656746,158,124
113,48,True,False,False,upper_bound_with_inhaler,0.1335534467596334,0.14096147116942195,158,125
113,48,True,False,True,one_hot,0.08510533603688569,0.08510533603688569,158,126
113,48,True,False,True,lower_bound,0.1335534467596334,0.1576428574208981,158,127
113,48,True,False,True,midpoint,0.1335534467596334,0.16469699439165217,158,128
113,48,True,False,True,midpoint_with_inhaler,0.1335534467596334,0.15054218603241096,158,129
113,48,True,False,True,upper_bound,0.13377806374822432,0.16417810899656746,158,130
113,48,True,False,True,upper_bound_with_inhaler,0.1335534467596334,0.14096147116942195,158,131
190,12,False,False,False,one_hot,0.19333742851315744,0.1933374285131574,19,0
190,12,False,False,False,lower_bound,0.19333742851315744,0.1933374285131574,19,1
190,12,False,False,False,midpoint,0.19333742851315744,0.19333742851315752,19,2
190,12,False,False,False,midpoint_with_inhaler,0.19333742851315744,0.19333742851315752,19,3
190,12,False,False,False,upper_bound,0.19333742851315744,0.1933374285131574,19,4
190,12,False,False,False,upper_bound_with_inhaler,0.19333742851315744,0.1933374285131574,19,5
190,12,False,False,True,one_hot,0.19333742851315744,0.1933374285131574,19,6
190,12,False,False,True,lower_bound,0.19333742851315744,0.1933374285131574,19,7
190,12,False,False,True,midpoint,0.19333742851315744,0.19333742851315752,19,8
190,12,False,False,True,midpoint_with_inhaler,0.19333742851315744,0.19333742851315752,19,9
190,12,False,False,True,upper_bound,0.19333742851315744,0.1933374285131574,19,10
190,12,False,False,True,upper_bound_with_inhaler,0.19333742851315744,0.1933374285131574,19,11
190,12,False,True,False,one_hot,0.1689490069103114,0.16894900691031142,19,12
190,12,False,True,False,lower_bound,0.1689490069103114,0.16894900691031142,19,13
190,12,False,True,False,midpoint,0.1689490069103114,0.16894900691031142,19,14
190,12,False,True,False,midpoint_with_inhaler,0.1689490069103114,0.16894900691031142,19,15
190,12,False,True,False,upper_bound,0.1689490069103114,0.16894900691031142,19,16
190,12,False,True,False,upper_bound_with_inhaler,0.1689490069103114,0.16894900691031142,19,17
190,12,False,True,True,one_hot,0.1689490069103114,0.16894900691031142,19,18
190,12,False,True,True,lower_bound,0.1689490069103114,0.16894900691031142,19,19
190,12,False,True,True,midpoint,0.1689490069103114,0.16894900691031142,19,20
190,12,False,True,True,midpoint_with_inhaler,0.1689490069103114,0.16894900691031142,19,21
190,12,False,True,True,upper_bound,0.1689490069103114,0.16894900691031142,19,22
190,12,False,True,True,upper_bound_with_inhaler,0.1689490069103114,0.16894900691031142,19,23
190,12,True,False,False,one_hot,-0.06911640417333659,-0.06911640417333662,19,24
190,12,True,False,False,lower_bound,-0.13342319576258893,-0.20486128448397994,19,25
190,12,True,False,False,midpoint,-0.13342319576258893,-0.17745194192506486,19,26
190,12,True,False,False,midpoint_with_inhaler,-0.13342319576258893,-0.17745194192506486,19,27
190,12,True,False,False,upper_bound,-0.13342319576258893,-0.15789116110441892,19,28
190,12,True,False,False,upper_bound_with_inhaler,-0.13342319576258893,-0.15789116110441892,19,29
190,12,True,False,True,one_hot,-0.06911640417333659,-0.06911640417333662,19,30
190,12,True,False,True,lower_bound,-0.13342319576258893,-0.20486128448397994,19,31
190,12,True,False,True,midpoint,-0.13342319576258893,-0.17745194192506486,19,32
190,12,True,False,True,midpoint_with_inhaler,-0.13342319576258893,-0.17745194192506486,19,33
190,12,True,False,True,upper_bound,-0.13342319576258893,-0.15789116110441892,19,34
190,12,True,False,True,upper_bound_with_inhaler,-0.13342319576258893,-0.15789116110441892,19,35
190,24,False,False,False,one_hot,0.03582105708309529,0.03582105708309534,19,36
190,24,False,False,False,lower_bound,0.03582105708309529,0.03582105708309534,19,37
190,24,False,False,False,midpoint,0.03582105708309529,0.035821057083095256,19,38
190,24,False,False,False,midpoint_with_inhaler,0.03582105708309529,0.035821057083095256,19,39
190,24,False,False,False,upper_bound,0.03582105708309529,0.03582105708309534,19,40
190,24,False,False,False,upper_bound_with_inhaler,0.03582105708309529,0.03582105708309534,19,41
190,24,False,False,True,one_hot,0.03582105708309529,0.03582105708309534,19,42
190,24,False,False,True,lower_bound,0.03582105708309529,0.03582105708309534,19,43
190,24,False,False,True,midpoint,0.03582105708309529,0.035821057083095256,19,44
190,24,False,False,True,midpoint_with_inhaler,0.03582105708309529,0.035821057083095256,19,45
190,24,False,False,True,upper_bound,0.03582105708309529,0.03582105708309534,19,46
190,24,False,False,True,upper_bound_with_inhaler,0.03582105708309529,0.03582105708309534,19,47
190,24,False,True,False,one_hot,0.29395814171587453,0.2939581417158746,19,48
190,24,False,True,False,lower_bound,0.29395814171587453,0.2939581417158746,19,49
190,24,False,True,False,midpoint,0.29395814171587453,0.29395814171587453,19,50
190,24,False,True,False,midpoint_with_inhaler,0.29395814171587453,0.29395814171587453,19,51
190,24,False,True,False,upper_bound,0.29395814171587453,0.2939581417158746,19,52
190,24,False,True,False,upper_bound_with_inhaler,0.29395814171587453,0.2939581417158746,19,53
190,24,False,True,True,one_hot,0.29395814171587453,0.2939581417158746,19,54
190,24,False,True,True,lower_bound,0.29395814171587453,0.2939581417158746,19,55
190,24,False,True,True,midpoint,0.29395814171587453,0.29395814171587453,19,56
190,24,False,True,True,midpoint_with_inhaler,0.29395814171587453,0.29395814171587453,19,57
190,24,False,True,True,upper_bound,0.29395814171587453,0.2939581417158746,19,58
190,24,False,True,True,upper_bound_with_inhaler,0.29395814171587453,0.2939581417158746,19,59
190,24,True,False,False,one_hot,0.03582105708309529,0.03582105708309534,19,60
190,24,True,False,False,lower_bound,0.03582105708309529,0.03582105708309534,19,61
190,24,True,False,False,midpoint,0.03582105708309529,0.035821057083095256,19,62
190,24,True,False,False,midpoint_with_inhaler,0.03582105708309529,0.035821057083095256,19,63
190,24,True,False,False,upper_bound,0.03582105708309529,0.03582105708309534,19,64
190,24,True,False,False,upper_bound_with_inhaler,0.03582105708309529,0.03582105708309534,19,65
190,24,True,False,True,one_hot,0.03582105708309529,0.03582105708309534,19,66
190,24,True,False,True,lower_bound,0.03582105708309529,0.03582105708309534,19,67
190,24,True,False,True,midpoint,0.03582105708309529,0.035821057083095256,19,68
190,24,True,False,True,midpoint_with_inhaler,0.03582105708309529,0.035821057083095256,19,69
190,24,True,False,True,upper_bound,0.03582105708309529,0.03582105708309534,19,70
190,24,True,False,True,upper_bound_with_inhaler,0.03582105708309529,0.03582105708309534,19,71
190,36,False,False,False,one_hot,0.2688725760190977,0.26887257601909775,19,72
190,36,False,False,False,lower_bound,0.0656582223417107,-0.11776105402720562,19,73
190,36,False,False,False,midpoint,0.0656582223417107,-0.03769638864846662,19,74
190,36,False,False,False,midpoint_with_inhaler,0.0656582223417107,-0.03769638864846662,19,75
190,36,False,False,False,upper_bound,0.0656582223417107,0.018079507768503967,19,76
190,36,False,False,False,upper_bound_with_inhaler,0.0656582223417107,0.018079507768503967,19,77
190,36,False,False,True,one_hot,0.2688725760190977,0.26887257601909775,19,78
190,36,False,False,True,lower_bound,0.0656582223417107,-0.11776105402720562,19,79
190,36,False,False,True,midpoint,0.0656582223417107,-0.03769638864846662,19,80
190,36,False,False,True,midpoint_with_inhaler,0.0656582223417107,-0.03769638864846662,19,81
190,36,False,False,True,upper_bound,0.0656582223417107,0.018079507768503967,19,82
190,36,False,False,True,upper_bound_with_inhaler,0.0656582223417107,0.018079507768503967,19,83
190,36,True,False,False,one_hot,1.1128754990454974,1.1128754990454977,19,84
190,36,True,False,False,lower_bound,1.0871141473492467,0.8362859825455767,19,85
190,36,True,False,False,midpoint,1.0871141473492467,0.9612619407529983,19,86
190,36,True,False,False,midpoint_with_inhaler,1.0871141473492467,0.9612619407529983,19,87
190,36,True,False,False,upper_bound,1.0871141473492467,1.0281698504405419,19,88
190,36,True,False,False,upper_bound_with_inhaler,1.0871141473492467,1.0281698504405419,19,89
190,36,True,False,True,one_hot,1.1128754990454974,1.1128754990454977,19,90
190,36,True,False,True,lower_bound,1.0871141473492467,0.8362859825455767,19,91
190,36,True,False,True,midpoint,1.0871141473492467,0.9612619407529983,19,92
190,36,True,False,True,midpoint_with_inhaler,1.0871141473492467,0.9612619407529983,19,93
190,36,True,False,True,upper_bound,1.0871141473492467,1.0281698504405419,19,94
190,36,True,False,True,upper_bound_with_inhaler,1.0871141473492467,1.0281698504405419,19,95
190,48,False,False,False,one_hot,0.3786687136573606,0.3786687136573606,19,96
190,48,False,False,False,lower_bound,0.16595853259392862,0.09671395372069176,19,97
190,48,False,False,False,midpoint,0.16595853259392862,0.14454844338840078,19,98
190,48,False,False,False,midpoint_with_inhaler,0.16595853259392862,0.14454844338840078,19,99
190,48,False,False,False,upper_bound,0.16595853259392862,0.18292001808399802,19,100
190,48,False,False,False,upper_bound_with_inhaler,0.16595853259392862,0.18292001808399802,19,101
190,48,False,False,True,one_hot,0.3786687136573606,0.3786687136573606,19,102
190,48,False,False,True,lower_bound,0.16595853259392862,0.09671395372069176,19,103
190,48,False,False,True,midpoint,0.16595853259392862,0.14454844338840078,19,104
190,48,False,False,True,midpoint_with_inhaler,0.16595853259392862,0.14454844338840078,19,105
190,48,False,False,True,upper_bound,0.16595853259392862,0.18292001808399802,19,106
190,48,False,False,True,upper_bound_with_inhaler,0.16595853259392862,0.18292001808399802,19,107
190,48,False,True,False,one_hot,0.03582105708309529,0.03582105708309534,19,108
190,48,False,True,False,lower_bound,0.03582105708309529,0.03582105708309534,19,109
190,48,False,True,False,midpoint,0.03582105708309529,0.035821057083095256,19,110
190,48,False,True,False,midpoint_with_inhaler,0.03582105708309529,0.035821057083095256,19,111
190,48,False,True,False,upper_bound,0.03582105708309529,0.03582105708309534,19,112
190,48,False,True,False,upper_bound_with_inhaler,0.03582105708309529,0.03582105708309534,19,113
190,48,False,True,True,one_hot,0.03582105708309529,0.03582105708309534,19,114
190,48,False,True,True,lower_bound,0.03582105708309529,0.03582105708309534,19,115
190,48,False,True,True,midpoint,0.03582105708309529,0.035821057083095256,19,116
190,48,False,True,True,midpoint_with_inhaler,0.03582105708309529,0.035821057083095256,19,117
190,48,False,True,True,upper_bound,0.03582105708309529,0.03582105708309534,19,118
190,48,False,True,True,upper_bound_with_inhaler,0.03582105708309529,0.03582105708309534,19,119
190,48,True,False,False,one_hot,0.535198960317004,0.5351989603170042,19,120
190,48,True,False,False,lower_bound,0.535198960317004,0.5351989603170042,19,121
190,48,True,False,False,midpoint,0.535198960317004,0.5351989603170039,19,122
190,48,True,False,False,midpoint_with_inhaler,0.535198960317004,0.5351989603170039,19,123
190,48,True,False,False,upper_bound,0.535198960317004,0.5351989603170042,19,124
190,48,True,False,False,upper_bound_with_inhaler,0.535198960317004,0.5351989603170042,19,125
190,48,True,False,True,one_hot,0.535198960317004,0.5351989603170042,19,126
190,48,True,False,True,lower_bound,0.535198960317004,0.5351989603170042,19,127
190,48,True,False,True,midpoint,0.535198960317004,0.5351989603170039,19,128
190,48,True,False,True,midpoint_with_inhaler,0.535198960317004,0.5351989603170039,19,129
190,48,True,False,True,upper_bound,0.535198960317004,0.5351989603170042,19,130
190,48,True,False,True,upper_bound_with_inhaler,0.535198960317004,0.5351989603170042,19,131
294,12,False,False,False,one_hot,-0.017864106618178537,-0.01786410661817854,173,0
294,12,False,False,False,lower_bound,0.22006622880042398,0.24412650325866586,173,1
294,12,False,False,False,midpoint,0.22006622880042398,0.25583041960720704,173,2
294,12,False,False,False,midpoint_with_inhaler,0.22006622880042398,0.25583041960720704,173,3
294,12,False,False,False,upper_bound,0.22006622880042398,0.2604535053899189,173,4
294,12,False,False,False,upper_bound_with_inhaler,0.22006622880042398,0.2604535053899189,173,5
294,12,False,False,True,one_hot,-0.017864106618178537,-0.01786410661817854,173,6
294,12,False,False,True,lower_bound,0.22006622880042398,0.24412650325866586,173,7
294,12,False,False,True,midpoint,0.22006622880042398,0.25583041960720704,173,8
294,12,False,False,True,midpoint_with_inhaler,0.22006622880042398,0.25583041960720704,173,9
294,12,False,False,True,upper_bound,0.22006622880042398,0.2604535053899189,173,10
294,12,False,False,True,upper_bound_with_inhaler,0.22006622880042398,0.2604535053899189,173,11
294,12,False,True,False,one_hot,,,173,12
294,12,False,True,False,lower_bound,0.5161734977087434,0.4476206991496049,173,13
294,12,False,True,False,midpoint,0.5161734977087434,0.48276092728890185,173,14
294,12,False,True,False,midpoint_with_inhaler,0.5161734977087434,0.48276092728890185,173,15
294,12,False,True,False,upper_bound,0.5161734977087434,0.5008990965250961,173,16
294,12,False,True,False,upper_bound_with_inhaler,0.5161734977087434,0.5008990965250961,173,17
294,12,False,True,True,one_hot,,,173,18
294,12,False,True,True,lower_bound,0.5161734977087434,0.4476206991496049,173,19
294,12,False,True,True,midpoint,0.5161734977087434,0.48276092728890185,173,20
294,12,False,True,True,midpoint_with_inhaler,0.5161734977087434,0.48276092728890185,173,21
294,12,False,True,True,upper_bound,0.5161734977087434,0.5008990965250961,173,22
294,12,False,True,True,upper_bound_with_inhaler,0.5161734977087434,0.5008990965250961,173,23
294,12,True,False,False,one_hot,,,173,24
294,12,True,False,False,lower_bound,0.572789791550404,0.5099136125072916,173,25
294,12,True,False,False,midpoint,0.572789791550404,0.5495734435810631,173,26
294,12,True,False,False,midpoint_with_inhaler,0.572789791550404,0.5483009668850506,173,27
294,12,True,False,False,upper_bound,0.572394842091395,0.5669349255383755,173,28
294,12,True,False,False,upper_bound_with_inhaler,0.572789791550404,0.5652144033150593,173,29
294,12,True,False,True,one_hot,,,173,30
294,12,True,False,True,lower_bound,0.572789791550404,0.5099136125072916,173,31
294,12,True,False,True,midpoint,0.572789791550404,0.5495734435810631,173,32
294,12,True,False,True,midpoint_with_inhaler,0.572789791550404,0.5483009668850506,173,33
294,12,True,False,True,upper_bound,0.572394842091395,0.5669349255383755,173,34
294,12,True,False,True,upper_bound_with_inhaler,0.572789791550404,0.5652144033150593,173,35
294,24,False,False,False,one_hot,,,173,36
294,24,False,False,False,lower_bound,0.6281041106618211,0.6346028275584074,173,37
294,24,False,False,False,midpoint,0.6281041106618211,0.6325687240238923,173,38
294,24,False,False,False,midpoint_with_inhaler,0.6281041106618211,0.6353996266762316,173,39
294,24,False,False,False,upper_bound,0.6253170337212169,0.6135957565839831,173,40
294,24,False,False,False,upper_bound_with_inhaler,0.6281041106618211,0.6233406590613637,173,41
294,24,False,False,True,one_hot,,,173,42
294,24,False,False,True,lower_bound,0.6281041106618211,0.6346028275584074,173,43
294,24,False,False,True,midpoint,0.6281041106618211,0.6325687240238923,173,44
294,24,False,False,True,midpoint_with_inhaler,0.6281041106618211,0.6353996266762316,173,45
294,24,False,False,True,upper_bound,0.6253170337212169,0.6135957565839831,173,46
294,24,False,False,True,upper_bound_with_inhaler,0.6281041106618211,0.6233406590613637,173,47
294,24,False,True,False,one_hot,,,173,48
294,24,False,True,False,lower_bound,0.5247997336375582,0.49123144052009976,173,49
294,24,False,True,False,midpoint,0.5247997336375582,0.5164764809464202,173,50
294,24,False,True,False,midpoint_with_inhaler,0.5247997336375582,0.5164764809464202,173,51
294,24,False,True,False,upper_bound,0.5247997336375582,0.5291665702885857,173,52
294,24,False,True,False,upper_bound_with_inhaler,0.5247997336375582,0.5291665702885857,173,53
294,24,False,True,True,one_hot,,,173,54
294,24,False,True,True,lower_bound,0.5247997336375582,0.49123144052009976,173,55
294,24,False,True,True,midpoint,0.5247997336375582,0.5164764809464202,173,56
294,24,False,True,True,midpoint_with_inhaler,0.5247997336375582,0.5164764809464202,173,57
294,24,False,True,True,upper_bound,0.5247997336375582,0.5291665702885857,173,58
294,24,False,True,True,upper_bound_with_inhaler,0.5247997336375582,0.5291665702885857,173,59
294,24,True,False,False,one_hot,,,173,60
294,24,True,False,False,lower_bound,0.6281041106618211,0.6346028275584074,173,61
294,24,True,False,False,midpoint,0.6281041106618211,0.6325687240238923,173,62
294,24,True,False,False,midpoint_with_inhaler,0.6281041106618211,0.6353996266762316,173,63
294,24,True,False,False,upper_bound,0.6253170337212169,0.6135957565839831,173,64
294,24,True,False,False,upper_bound_with_inhaler,0.6281041106618211,0.6233406590613637,173,65
294,24,True,False,True,one_hot,,,173,66
294,24,True,False,True,lower_bound,0.6281041106618211,0.6346028275584074,173,67
294,24,True,False,True,midpoint,0.6281041106618211,0.6325687240238923,173,68
294,24,True,False,True,midpoint_with_inhaler,0.6281041106618211,0.6353996266762316,173,69
294,24,True,False,True,upper_bound,0.6253170337212169,0.6135957565839831,173,70
294,24,True,False,True,upper_bound_with_inhaler,0.6281041106618211,0.6233406590613637,173,71
294,36,False,False,False,one_hot,,,173,72
294,36,False,False,False,lower_bound,0.50684008946955,0.5007627685467012,173,73
294,36,False,False,False,midpoint,0.50684008946955,0.5173679729094344,173,74
294,36,False,False,False,midpoint_with_inhaler,0.50684008946955,0.51596012023812,173,75
294,36,False,False,False,upper_bound,0.48176471397308057,0.5098487973207377,173,76
294,36,False,False,False,upper_bound_with_inhaler,0.50684008946955,0.4884269621734196,173,77
294,36,False,False,True,one_hot,,,173,78
294,36,False,False,True,lower_bound,0.50684008946955,0.5007627685467012,173,79
294,36,False,False,True,midpoint,0.50684008946955,0.5173679729094344,173,80
294,36,False,False,True,midpoint_with_inhaler,0.50684008946955,0.51596012023812,173,81
294,36,False,False,True,upper_bound,0.48176471397308057,0.5098487973207377,173,82
294,36,False,False,True,upper_bound_with_inhaler,0.50684008946955,0.4884269621734196,173,83
294,36,True,False,False,one_hot,,,173,84
294,36,True,False,False,lower_bound,0.41478408014706813,0.41225240112566014,173,85
294,36,True,False,False,midpoint,0.41478408014706813,0.41846176746939506,173,86
294,36,True,False,False,midpoint_with_inhaler,0.41478408014706813,0.42057745119828727,173,87
294,36,True,False,False,upper_bound,0.4123573117804621,0.4203499795847237,173,88
294,36,True,False,False,upper_bound_with_inhaler,0.41478408014706813,0.4273326956236649,173,89
294,36,True,False,True,one_hot,,,173,90
294,36,True,False,True,lower_bound,0.41478408014706813,0.41225240112566014,173,91
294,36,True,False,True,midpoint,0.41478408014706813,0.41846176746939506,173,92
294,36,True,False,True,midpoint_with_inhaler,0.41478408014706813,0.42057745119828727,173,93
294,36,True,False,True,upper_bound,0.4123573117804621,0.4203499795847237,173,94
294,36,True,False,True,upper_bound_with_inhaler,0.41478408014706813,0.4273326956236649,173,95
294,48,False,False,False,one_hot,,,173,96
294,48,False,False,False,lower_bound,0.7352684505229314,0.7182935034525553,173,97
294,48,False,False,False,midpoint,0.7352684505229314,0.698231527753305,173,98
294,48,False,False,False,midpoint_with_inhaler,0.7352684505229314,0.7325799515591948,173,99
294,48,False,False,False,upper_bound,0.6568846743776591,0.6164047023581092,173,100
294,48,False,False,False,upper_bound_with_inhaler,0.7352684505229314,0.6982693284852624,173,101
294,48,False,False,True,one_hot,,,173,102
294,48,False,False,True,lower_bound,0.7352684505229314,0.7182935034525553,173,103
294,48,False,False,True,midpoint,0.7352684505229314,0.698231527753305,173,104
294,48,False,False,True,midpoint_with_inhaler,0.7352684505229314,0.7325799515591948,173,105
294,48,False,False,True,upper_bound,0.6568846743776591,0.6164047023581092,173,106
294,48,False,False,True,upper_bound_with_inhaler,0.7352684505229314,0.6982693284852624,173,107
294,48,False,True,False,one_hot,,,173,108
294,48,False,True,False,lower_bound,0.28680319518926684,0.29826145259438386,173,109
294,48,False,True,False,midpoint,0.28680319518926684,0.29786391872579576,173,110
294,48,False,True,False,midpoint_with_inhaler,0.28680319518926684,0.29786391872579576,173,111
294,48,False,True,False,upper_bound,0.28680319518926684,0.292280607494106,173,112
294,48,False,True,False,upper_bound_with_inhaler,0.28680319518926684,0.292280607494106,173,113
294,48,False,True,True,one_hot,,,173,114
294,48,False,True,True,lower_bound,0.28680319518926684,0.29826145259438386,173,115
294,48,False,True,True,midpoint,0.28680319518926684,0.29786391872579576,173,116
294,48,False,True,True,midpoint_with_inhaler,0.28680319518926684,0.29786391872579576,173,117
294,48,False,True,True,upper_bound,0.28680319518926684,0.292280607494106,173,118
294,48,False,True,True,upper_bound_with_inhaler,0.28680319518926684,0.292280607494106,173,119
294,48,True,False,False,one_hot,,,173,120
294,48,True,False,False,lower_bound,0.40010108264477146,0.3553765303392701,173,121
294,48,True,False,False,midpoint,0.40010108264477146,0.3857083433109542,173,122
294,48,True,False,False,midpoint_with_inhaler,0.40010108264477146,0.38384434499566744,173,123
294,48,True,False,False,upper_bound,0.3985582874361783,0.3957679302568841,173,124
294,48,True,False,False,upper_bound_with_inhaler,0.40010108264477146,0.3968455459062122,173,125
294,48,True,False,True,one_hot,,,173,126
294,48,True,False,True,lower_bound,0.40010108264477146,0.3553765303392701,173,127
294,48,True,False,True,midpoint,0.40010108264477146,0.3857083433109542,173,128
294,48,True,False,True,midpoint_with_inhaler,0.40010108264477146,0.38384434499566744,173,129
294,48,True,False,True,upper_bound,0.3985582874361783,0.3957679302568841,173,130
294,48,True,False,True,upper_bound_with_inhaler,0.40010108264477146,0.3968455459062122,173,131
328,12,False,False,False,one_hot,0.40861767640633306,0.40861767640633306,17,0
328,12,False,False,False,lower_bound,0.35030968983465455,0.09154194364805601,17,1
328,12,False,False,False,midpoint,0.35030968983465455,0.11810949303390353,17,2
328,12,False,False,False,midpoint_with_inhaler,0.35030968983465455,0.11810949303390353,17,3
328,12,False,False,False,upper_bound,0.35030968983465455,0.13413199329733966,17,4
328,12,False,False,False,upper_bound_with_inhaler,0.35030968983465455,0.13413199329733966,17,5
328,12,False,False,True,one_hot,0.40861767640633306,0.40861767640633306,17,6
328,12,False,False,True,lower_bound,0.35030968983465455,0.09154194364805601,17,7
328,12,False,False,True,midpoint,0.35030968983465455,0.11810949303390353,17,8
328,12,False,False,True,midpoint_with_inhaler,0.35030968983465455,0.11810949303390353,17,9
328,12,False,False,True,upper_bound,0.35030968983465455,0.13413199329733966,17,10
328,12,False,False,True,upper_bound_with_inhaler,0.35030968983465455,0.13413199329733966,17,11
328,12,False,True,False,one_hot,0.5418846257365839,0.541884625736584,17,12
328,12,False,True,False,lower_bound,0.47667345370639874,0.1269107433515565,17,13
328,12,False,True,False,midpoint,0.47667345370639874,0.15852100678666325,17,14
328,12,False,True,False,midpoint_with_inhaler,0.47667345370639874,0.15852100678666325,17,15
328,12,False,True,False,upper_bound,0.47667345370639874,0.1776813162534728,17,16
328,12,False,True,False,upper_bound_with_inhaler,0.47667345370639874,0.1776813162534728,17,17
328,12,False,True,True,one_hot,0.5418846257365839,0.541884625736584,17,18
328,12,False,True,True,lower_bound,0.47667345370639874,0.1269107433515565,17,19
328,12,False,True,True,midpoint,0.47667345370639874,0.15852100678666325,17,20
328,12,False,True,True,midpoint_with_inhaler,0.47667345370639874,0.15852100678666325,17,21
328,12,False,True,True,upper_bound,0.47667345370639874,0.1776813162534728,17,22
328,12,False,True,True,upper_bound_with_inhaler,0.47667345370639874,0.1776813162534728,17,23
328,12,True,False,False,one_hot,0.240218647289261,0.24021864728926104,17,24
328,12,True,False,False,lower_bound,0.17932811819187108,0.01935524161901022,17,25
328,12,True,False,False,midpoint,0.17932811819187108,0.036977908442580955,17,26
328,12,True,False,False,midpoint_with_inhaler,0.17932811819187108,0.036977908442580955,17,27
328,12,True,False,False,upper_bound,0.17932811819187108,0.047777311743107176,17,28
328,12,True,False,False,upper_bound_with_inhaler,0.17932811819187108,0.047777311743107176,17,29
328,12,True,False,True,one_hot,0.240218647289261,0.24021864728926104,17,30
328,12,True,False,True,lower_bound,0.17932811819187108,0.01935524161901022,17,31
328,12,True,False,True,midpoint,0.17932811819187108,0.036977908442580955,17,32
328,12,True,False,True,midpoint_with_inhaler,0.17932811819187108,0.036977908442580955,17,33
328,12,True,False,True,upper_bound,0.17932811819187108,0.047777311743107176,17,34
328,12,True,False,True,upper_bound_with_inhaler,0.17932811819187108,0.047777311743107176,17,35
328,24,False,False,False,one_hot,0.3589231765582063,0.3589231765582063,17,36
328,24,False,False,False,lower_bound,0.30156584492225985,0.07390537518759714,17,37
328,24,False,False,False,midpoint,0.30156584492225985,0.09819012452940575,17,38
328,24,False,False,False,midpoint_with_inhaler,0.30156584492225985,0.09819012452940575,17,39
328,24,False,False,False,upper_bound,0.30156584492225985,0.11284318271571442,17,40
328,24,False,False,False,upper_bound_with_inhaler,0.30156584492225985,0.11284318271571442,17,41
328,24,False,False,True,one_hot,0.3589231765582063,0.3589231765582063,17,42
328,24,False,False,True,lower_bound,0.30156584492225985,0.07390537518759714,17,43
328,24,False,False,True,midpoint,0.30156584492225985,0.09819012452940575,17,44
328,24,False,False,True,midpoint_with_inhaler,0.30156584492225985,0.09819012452940575,17,45
328,24,False,False,True,upper_bound,0.30156584492225985,0.11284318271571442,17,46
328,24,False,False,True,upper_bound_with_inhaler,0.30156584492225985,0.11284318271571442,17,47
328,24,False,True,False,one_hot,0.021519895527224667,0.0215198955272247,17,48
328,24,False,True,False,lower_bound,0.0,-0.04178775999896263,17,49
328,24,False,True,False,midpoint,0.0,-0.027284004488847404,17,50
328,24,False,True,False,midpoint_with_inhaler,0.0,-0.027284004488847404,17,51
328,24,False,True,False,upper_bound,0.0,-0.017735031727216657,17,52
328,24,False,True,False,upper_bound_with_inhaler,0.0,-0.017735031727216657,17,53
328,24,False,True,True,one_hot,0.021519895527224667,0.0215198955272247,17,54
328,24,False,True,True,lower_bound,0.0,-0.04178775999896263,17,55
328,24,False,True,True,midpoint,0.0,-0.027284004488847404,17,56
328,24,False,True,True,midpoint_with_inhaler,0.0,-0.027284004488847404,17,57
328,24,False,True,True,upper_bound,0.0,-0.017735031727216657,17,58
328,24,False,True,True,upper_bound_with_inhaler,0.0,-0.017735031727216657,17,59
328,24,True,False,False,one_hot,0.3589231765582063,0.3589231765582063,17,60
328,24,True,False,False,lower_bound,0.30156584492225985,0.07390537518759714,17,61
328,24,True,False,False,midpoint,0.30156584492225985,0.09819012452940575,17,62
328,24,True,False,False,midpoint_with_inhaler,0.30156584492225985,0.09819012452940575,17,63
328,24,True,False,False,upper_bound,0.30156584492225985,0.11284318271571442,17,64
328,24,True,False,False,upper_bound_with_inhaler,0.30156584492225985,0.11284318271571442,17,65
328,24,True,False,True,one_hot,0.3589231765582063,0.3589231765582063,17,66
328,24,True,False,True,lower_bound,0.30156584492225985,0.07390537518759714,17,67
328,24,True,False,True,midpoint,0.30156584492225985,0.09819012452940575,17,68
328,24,True,False,True,midpoint_with_inhaler,0.30156584492225985,0.09819012452940575,17,69
328,24,True,False,True,upper_bound,0.30156584492225985,0.11284318271571442,17,70
328,24,True,False,True,upper_bound_with_inhaler,0.30156584492225985,0.11284318271571442,17,71
328,36,False,False,False,one_hot,0.240218647289261,0.24021864728926104,17,72
328,36,False,False,False,lower_bound,0.17932811819187108,0.01935524161901024,17,73
328,36,False,False,False,midpoint,0.17932811819187108,0.036977908442580955,17,74
328,36,False,False,False,midpoint_with_inhaler,0.17932811819187108,0.036977908442580955,17,75
328,36,False,False,False,upper_bound,0.17932811819187108,0.047777311743107176,17,76
328,36,False,False,False,upper_bound_with_inhaler,0.17932811819187108,0.047777311743107176,17,77
328,36,False,False,True,one_hot,0.240218647289261,0.24021864728926104,17,78
328,36,False,False,True,lower_bound,0.17932811819187108,0.01935524161901024,17,79
328,36,False,False,True,midpoint,0.17932811819187108,0.036977908442580955,17,80
328,36,False,False,True,midpoint_with_inhaler,0.17932811819187108,0.036977908442580955,17,81
328,36,False,False,True,upper_bound,0.17932811819187108,0.047777311743107176,17,82
328,36,False,False,True,upper_bound_with_inhaler,0.17932811819187108,0.047777311743107176,17,83
328,36,True,False,False,one_hot,0.11284318271571438,0.11284318271571438,17,84
328,36,True,False,False,lower_bound,0.11284318271571438,0.11284318271571438,17,85
328,36,True,False,False,midpoint,0.11284318271571438,0.11284318271571438,17,86
328,36,True,False,False,midpoint_with_inhaler,0.11284318271571438,0.11284318271571438,17,87
328,36,True,False,False,upper_bound,0.11284318271571438,0.11284318271571438,17,88
328,36,True,False,False,upper_bound_with_inhaler,0.11284318271571438,0.11284318271571438,17,89
328,36,True,False,True,one_hot,0.11284318271571438,0.11284318271571438,17,90
328,36,True,False,True,lower_bound,0.11284318271571438,0.11284318271571438,17,91
328,36,True,False,True,midpoint,0.11284318271571438,0.11284318271571438,17,92
328,36,True,False,True,midpoint_with_inhaler,0.11284318271571438,0.11284318271571438,17,93
328,36,True,False,True,upper_bound,0.11284318271571438,0.11284318271571438,17,94
328,36,True,False,True,upper_bound_with_inhaler,0.11284318271571438,0.11284318271571438,17,95
328,48,False,False,False,one_hot,0.17066884146429792,0.17066884146429792,17,96
328,48,False,False,False,lower_bound,0.04645133122921934,-0.056106647633248866,17,97
328,48,False,False,False,midpoint,0.04645133122921934,-0.03723850545448854,17,98
328,48,False,False,False,midpoint_with_inhaler,0.04645133122921934,-0.03723850545448854,17,99
328,48,False,False,False,upper_bound,0.04645133122921934,-0.024623273398731497,17,100
328,48,False,False,False,upper_bound_with_inhaler,0.04645133122921934,-0.024623273398731497,17,101
328,48,False,False,True,one_hot,0.17066884146429792,0.17066884146429792,17,102
328,48,False,False,True,lower_bound,0.04645133122921934,-0.056106647633248866,17,103
328,48,False,False,True,midpoint,0.04645133122921934,-0.03723850545448854,17,104
328,48,False,False,True,midpoint_with_inhaler,0.04645133122921934,-0.03723850545448854,17,105
328,48,False,False,True,upper_bound,0.04645133122921934,-0.024623273398731497,17,106
328,48,False,False,True,upper_bound_with_inhaler,0.04645133122921934,-0.024623273398731497,17,107
328,48,False,True,False,one_hot,0.021519895527224667,0.02151989552722467,17,108
328,48,False,True,False,lower_bound,0.16994240400610602,0.4618068341156912,17,109
328,48,False,True,False,midpoint,0.16994240400610602,0.3582744033940909,17,110
328,48,False,True,False,midpoint_with_inhaler,0.16994240400610602,0.3582744033940909,17,111
328,48,False,True,False,upper_bound,0.16994240400610602,0.2917348229231094,17,112
328,48,False,True,False,upper_bound_with_inhaler,0.16994240400610602,0.2917348229231094,17,113
328,48,False,True,True,one_hot,0.021519895527224667,0.02151989552722467,17,114
328,48,False,True,True,lower_bound,0.16994240400610602,0.4618068341156912,17,115
328,48,False,True,True,midpoint,0.16994240400610602,0.3582744033940909,17,116
328,48,False,True,True,midpoint_with_inhaler,0.16994240400610602,0.3582744033940909,17,117
328,48,False,True,True,upper_bound,0.16994240400610602,0.2917348229231094,17,118
328,48,False,True,True,upper_bound_with_inhaler,0.16994240400610602,0.2917348229231094,17,119
328,48,True,False,False,one_hot,0.4678194397177004,0.46781943971770057,17,120
328,48,True,False,False,lower_bound,0.4678194397177004,0.46781943971770057,17,121
328,48,True,False,False,midpoint,0.4678194397177004,0.46781943971770024,17,122
328,48,True,False,False,midpoint_with_inhaler,0.4678194397177004,0.46781943971770024,17,123
328,48,True,False,False,upper_bound,0.4678194397177004,0.46781943971770057,17,124
328,48,True,False,False,upper_bound_with_inhaler,0.4678194397177004,0.46781943971770057,17,125
328,48,True,False,True,one_hot,0.4678194397177004,0.46781943971770057,17,126
328,48,True,False,True,lower_bound,0.4678194397177004,0.46781943971770057,17,127
328,48,True,False,True,midpoint,0.4678194397177004,0.46781943971770024,17,128
328,48,True,False,True,midpoint_with_inhaler,0.4678194397177004,0.46781943971770024,17,129
328,48,True,False,True,upper_bound,0.4678194397177004,0.46781943971770057,17,130
328,48,True,False,True,upper_bound_with_inhaler,0.4678194397177004,0.46781943971770057,17,131
343,12,False,False,False,one_hot,0.4134332930774595,0.4134332930774595,93,0
343,12,False,False,False,lower_bound,0.4046379810088691,0.30110128719473495,93,1
343,12,False,False,False,midpoint,0.4046379810088691,0.3397404980404206,93,2
343,12,False,False,False,midpoint_with_inhaler,0.4046379810088691,0.3397404980404206,93,3
343,12,False,False,False,upper_bound,0.4046379810088691,0.3594740538462681,93,4
343,12,False,False,False,upper_bound_with_inhaler,0.4046379810088691,0.3594740538462681,93,5
343,12,False,False,True,one_hot,0.4134332930774595,0.4134332930774595,93,6
343,12,False,False,True,lower_bound,0.4046379810088691,0.30110128719473495,93,7
343,12,False,False,True,midpoint,0.4046379810088691,0.3397404980404206,93,8
343,12,False,False,True,midpoint_with_inhaler,0.4046379810088691,0.3397404980404206,93,9
343,12,False,False,True,upper_bound,0.4046379810088691,0.3594740538462681,93,10
343,12,False,False,True,upper_bound_with_inhaler,0.4046379810088691,0.3594740538462681,93,11
343,12,False,True,False,one_hot,0.6326802942706903,0.6326802942706903,93,12
343,12,False,True,False,lower_bound,0.6326802942706903,0.6326802942706903,93,13
343,12,False,True,False,midpoint,0.6326802942706903,0.6326802942706903,93,14
343,12,False,True,False,midpoint_with_inhaler,0.6326802942706903,0.6326802942706903,93,15
343,12,False,True,False,upper_bound,0.6326802942706903,0.6326802942706903,93,16
343,12,False,True,False,upper_bound_with_inhaler,0.6326802942706903,0.6326802942706903,93,17
343,12,False,True,True,one_hot,0.6326802942706903,0.6326802942706903,93,18
343,12,False,True,True,lower_bound,0.6326802942706903,0.6326802942706903,93,19
343,12,False,True,True,midpoint,0.6326802942706903,0.6326802942706903,93,20
343,12,False,True,True,midpoint_with_inhaler,0.6326802942706903,0.6326802942706903,93,21
343,12,False,True,True,upper_bound,0.6326802942706903,0.6326802942706903,93,22
343,12,False,True,True,upper_bound_with_inhaler,0.6326802942706903,0.6326802942706903,93,23
343,12,True,False,False,one_hot,0.5254589079679458,0.525458907967946,93,24
343,12,True,False,False,lower_bound,0.5254589079679458,0.525458907967946,93,25
343,12,True,False,False,midpoint,0.5254589079679458,0.5254589079679458,93,26
343,12,True,False,False,midpoint_with_inhaler,0.5254589079679458,0.5254589079679458,93,27
343,12,True,False,False,upper_bound,0.5254589079679458,0.525458907967946,93,28
343,12,True,False,False,upper_bound_with_inhaler,0.5254589079679458,0.525458907967946,93,29
343,12,True,False,True,one_hot,0.5254589079679458,0.525458907967946,93,30
343,12,True,False,True,lower_bound,0.5254589079679458,0.525458907967946,93,31
343,12,True,False,True,midpoint,0.5254589079679458,0.5254589079679458,93,32
343,12,True,False,True,midpoint_with_inhaler,0.5254589079679458,0.5254589079679458,93,33
343,12,True,False,True,upper_bound,0.5254589079679458,0.525458907967946,93,34
343,12,True,False,True,upper_bound_with_inhaler,0.5254589079679458,0.525458907967946,93,35
343,24,False,False,False,one_hot,0.3311148006519953,0.3311148006519954,93,36
343,24,False,False,False,lower_bound,0.3412624739629585,0.3642819554986831,93,37
343,24,False,False,False,midpoint,0.3412624739629585,0.3603643202740475,93,38
343,24,False,False,False,midpoint_with_inhaler,0.3412624739629585,0.3603643202740475,93,39
343,24,False,False,False,upper_bound,0.3412624739629585,0.3559900677694591,93,40
343,24,False,False,False,upper_bound_with_inhaler,0.3412624739629585,0.3559900677694591,93,41
343,24,False,False,True,one_hot,0.3311148006519953,0.3311148006519954,93,42
343,24,False,False,True,lower_bound,0.3412624739629585,0.3642819554986831,93,43
343,24,False,False,True,midpoint,0.3412624739629585,0.3603643202740475,93,44
343,24,False,False,True,midpoint_with_inhaler,0.3412624739629585,0.3603643202740475,93,45
343,24,False,False,True,upper_bound,0.3412624739629585,0.3559900677694591,93,46
343,24,False,False,True,upper_bound_with_inhaler,0.3412624739629585,0.3559900677694591,93,47
343,24,False,True,False,one_hot,0.0896968141943296,0.08969681419432965,93,48
343,24,False,True,False,lower_bound,0.0896968141943296,0.08969681419432965,93,49
343,24,False,True,False,midpoint,0.0896968141943296,0.0896968141943296,93,50
343,24,False,True,False,midpoint_with_inhaler,0.0896968141943296,0.0896968141943296,93,51
343,24,False,True,False,upper_bound,0.0896968141943296,0.08969681419432965,93,52
343,24,False,True,False,upper_bound_with_inhaler,0.0896968141943296,0.08969681419432965,93,53
343,24,False,True,True,one_hot,0.0896968141943296,0.08969681419432965,93,54
343,24,False,True,True,lower_bound,0.0896968141943296,0.08969681419432965,93,55
343,24,False,True,True,midpoint,0.0896968141943296,0.0896968141943296,93,56
343,24,False,True,True,midpoint_with_inhaler,0.0896968141943296,0.0896968141943296,93,57
343,24,False,True,True,upper_bound,0.0896968141943296,0.08969681419432965,93,58
343,24,False,True,True,upper_bound_with_inhaler,0.0896968141943296,0.08969681419432965,93,59
343,24,True,False,False,one_hot,0.3311148006519953,0.3311148006519954,93,60
343,24,True,False,False,lower_bound,0.3412624739629585,0.3642819554986831,93,61
343,24,True,False,False,midpoint,0.3412624739629585,0.3603643202740475,93,62
343,24,True,False,False,midpoint_with_inhaler,0.3412624739629585,0.3603643202740475,93,63
343,24,True,False,False,upper_bound,0.3412624739629585,0.3559900677694591,93,64
343,24,True,False,False,upper_bound_with_inhaler,0.3412624739629585,0.3559900677694591,93,65
343,24,True,False,True,one_hot,0.3311148006519953,0.3311148006519954,93,66
343,24,True,False,True,lower_bound,0.3412624739629585,0.3642819554986831,93,67
343,24,True,False,True,midpoint,0.3412624739629585,0.3603643202740475,93,68
343,24,True,False,True,midpoint_with_inhaler,0.3412624739629585,0.3603643202740475,93,69
343,24,True,False,True,upper_bound,0.3412624739629585,0.3559900677694591,93,70
343,24,True,False,True,upper_bound_with_inhaler,0.3412624739629585,0.3559900677694591,93,71
343,36,False,False,False,one_hot,0.20945065803215934,0.20945065803215934,93,72
343,36,False,False,False,lower_bound,0.21484376440067213,0.21190342562970382,93,73
343,36,False,False,False,midpoint,0.21484376440067213,0.21649129614447707,93,74
343,36,False,False,False,midpoint_with_inhaler,0.21484376440067213,0.21649129614447707,93,75
343,36,False,False,False,upper_bound,0.21484376440067213,0.2172481513201851,93,76
343,36,False,False,False,upper_bound_with_inhaler,0.21484376440067213,0.2172481513201851,93,77
343,36,False,False,True,one_hot,0.20945065803215934,0.20945065803215934,93,78
343,36,False,False,True,lower_bound,0.21484376440067213,0.21190342562970382,93,79
343,36,False,False,True,midpoint,0.21484376440067213,0.21649129614447707,93,80
343,36,False,False,True,midpoint_with_inhaler,0.21484376440067213,0.21649129614447707,93,81
343,36,False,False,True,upper_bound,0.21484376440067213,0.2172481513201851,93,82
343,36,False,False,True,upper_bound_with_inhaler,0.21484376440067213,0.2172481513201851,93,83
343,36,True,False,False,one_hot,0.06233592056941166,0.062335920569411646,93,84
343,36,True,False,False,lower_bound,0.06233592056941166,0.062335920569411646,93,85
343,36,True,False,False,midpoint,0.06233592056941166,0.062335920569411646,93,86
343,36,True,False,False,midpoint_with_inhaler,0.06233592056941166,0.062335920569411646,93,87
343,36,True,False,False,upper_bound,0.06233592056941166,0.062335920569411646,93,88
343,36,True,False,False,upper_bound_with_inhaler,0.06233592056941166,0.062335920569411646,93,89
343,36,True,False,True,one_hot,0.06233592056941166,0.062335920569411646,93,90
343,36,True,False,True,lower_bound,0.06233592056941166,0.062335920569411646,93,91
343,36,True,False,True,midpoint,0.06233592056941166,0.062335920569411646,93,92
343,36,True,False,True,midpoint_with_inhaler,0.06233592056941166,0.062335920569411646,93,93
343,36,True,False,True,upper_bound,0.06233592056941166,0.062335920569411646,93,94
343,36,True,False,True,upper_bound_with_inhaler,0.06233592056941166,0.062335920569411646,93,95
343,48,False,False,False,one_hot,0.2149765327164126,0.21497653271641265,93,96
343,48,False,False,False,lower_bound,0.2225371328517359,0.22012497701434916,93,97
343,48,False,False,False,midpoint,0.2225371328517359,0.2243174353504485,93,98
343,48,False,False,False,midpoint_with_inhaler,0.2225371328517359,0.2243174353504485,93,99
343,48,False,False,False,upper_bound,0.2225371328517359,0.22467056235998173,93,100
343,48,False,False,False,upper_bound_with_inhaler,0.2225371328517359,0.22467056235998173,93,101
343,48,False,False,True,one_hot,0.2149765327164126,0.21497653271641265,93,102
343,48,False,False,True,lower_bound,0.2225371328517359,0.22012497701434916,93,103
343,48,False,False,True,midpoint,0.2225371328517359,0.2243174353504485,93,104
343,48,False,False,True,midpoint_with_inhaler,0.2225371328517359,0.2243174353504485,93,105
343,48,False,False,True,upper_bound,0.2225371328517359,0.22467056235998173,93,106
343,48,False,False,True,upper_bound_with_inhaler,0.2225371328517359,0.22467056235998173,93,107
343,48,False,True,False,one_hot,-0.005238115430547301,-0.005238115430547331,93,108
343,48,False,True,False,lower_bound,-0.005238115430547301,-0.005238115430547331,93,109
343,48,False,True,False,midpoint,-0.005238115430547301,-0.005238115430547352,93,110
343,48,False,True,False,midpoint_with_inhaler,-0.005238115430547301,-0.005238115430547352,93,111
343,48,False,True,False,upper_bound,-0.005238115430547301,-0.005238115430547331,93,112
343,48,False,True,False,upper_bound_with_inhaler,-0.005238115430547301,-0.005238115430547331,93,113
343,48,False,True,True,one_hot,-0.005238115430547301,-0.005238115430547331,93,114
343,48,False,True,True,lower_bound,-0.005238115430547301,-0.005238115430547331,93,115
343,48,False,True,True,midpoint,-0.005238115430547301,-0.005238115430547352,93,116
343,48,False,True,True,midpoint_with_inhaler,-0.005238115430547301,-0.005238115430547352,93,117
343,48,False,True,True,upper_bound,-0.005238115430547301,-0.005238115430547331,93,118
343,48,False,True,True,upper_bound_with_inhaler,-0.005238115430547301,-0.005238115430547331,93,119
343,48,True,False,False,one_hot,-0.01789331606844806,-0.017893316068448028,93,120
343,48,True,False,False,lower_bound,-0.02187805978043072,-0.03768603716315984,93,121
343,48,True,False,False,midpoint,-0.02187805978043072,-0.032187683599015304,93,122
343,48,True,False,False,midpoint_with_inhaler,-0.02187805978043072,-0.032187683599015304,93,123
343,48,True,False,False,upper_bound,-0.02187805978043072,-0.029010373136233742,93,124
343,48,True,False,False,upper_bound_with_inhaler,-0.02187805978043072,-0.029010373136233742,93,125
343,48,True,False,True,one_hot,-0.01789331606844806,-0.017893316068448028,93,126
343,48,True,False,True,lower_bound,-0.02187805978043072,-0.03768603716315984,93,127
343,48,True,False,True,midpoint,-0.02187805978043072,-0.032187683599015304,93,128
343,48,True,False,True,midpoint_with_inhaler,-0.02187805978043072,-0.032187683599015304,93,129
343,48,True,False,True,upper_bound,-0.02187805978043072,-0.029010373136233742,93,130
343,48,True,False,True,upper_bound_with_inhaler,-0.02187805978043072,-0.029010373136233742,93,131
398,12,False,False,False,one_hot,0.5632090646282755,0.5632090646282755,25,0
398,12,False,False,False,lower_bound,0.5632090646282755,0.5632090646282755,25,1
398,12,False,False,False,midpoint,0.5632090646282755,0.5632090646282755,25,2
398,12,False,False,False,midpoint_with_inhaler,0.5632090646282755,0.5632090646282755,25,3
398,12,False,False,False,upper_bound,0.5632090646282755,0.5632090646282755,25,4
398,12,False,False,False,upper_bound_with_inhaler,0.5632090646282755,0.5632090646282755,25,5
398,12,False,False,True,one_hot,0.5632090646282755,0.5632090646282755,25,6
398,12,False,False,True,lower_bound,0.5632090646282755,0.5632090646282755,25,7
398,12,False,False,True,midpoint,0.5632090646282755,0.5632090646282755,25,8
398,12,False,False,True,midpoint_with_inhaler,0.5632090646282755,0.5632090646282755,25,9
398,12,False,False,True,upper_bound,0.5632090646282755,0.5632090646282755,25,10
398,12,False,False,True,upper_bound_with_inhaler,0.5632090646282755,0.5632090646282755,25,11
398,12,False,True,False,one_hot,0.05460869091102009,0.05460869091102009,25,12
398,12,False,True,False,lower_bound,0.05460869091102009,0.05460869091102009,25,13
398,12,False,True,False,midpoint,0.05460869091102009,0.054608690911020066,25,14
398,12,False,True,False,midpoint_with_inhaler,0.05460869091102009,0.054608690911020066,25,15
398,12,False,True,False,upper_bound,0.05460869091102009,0.05460869091102009,25,16
398,12,False,True,False,upper_bound_with_inhaler,0.05460869091102009,0.05460869091102009,25,17
398,12,False,True,True,one_hot,0.05460869091102009,0.05460869091102009,25,18
398,12,False,True,True,lower_bound,0.05460869091102009,0.05460869091102009,25,19
398,12,False,True,True,midpoint,0.05460869091102009,0.054608690911020066,25,20
398,12,False,True,True,midpoint_with_inhaler,0.05460869091102009,0.054608690911020066,25,21
398,12,False,True,True,upper_bound,0.05460869091102009,0.05460869091102009,25,22
398,12,False,True,True,upper_bound_with_inhaler,0.05460869091102009,0.05460869091102009,25,23
398,12,True,False,False,one_hot,0.5632090646282755,0.5632090646282755,25,24
398,12,True,False,False,lower_bound,0.5632090646282755,0.5632090646282755,25,25
398,12,True,False,False,midpoint,0.5632090646282755,0.5632090646282755,25,26
398,12,True,False,False,midpoint_with_inhaler,0.5632090646282755,0.5632090646282755,25,27
398,12,True,False,False,upper_bound,0.5632090646282755,0.5632090646282755,25,28
398,12,True,False,False,upper_bound_with_inhaler,0.5632090646282755,0.5632090646282755,25,29
398,12,True,False,True,one_hot,0.5632090646282755,0.5632090646282755,25,30
398,12,True,False,True,lower_bound,0.5632090646282755,0.5632090646282755,25,31
398,12,True,False,True,midpoint,0.5632090646282755,0.5632090646282755,25,32
398,12,True,False,True,midpoint_with_inhaler,0.5632090646282755,0.5632090646282755,25,33
398,12,True,False,True,upper_bound,0.5632090646282755,0.5632090646282755,25,34
398,12,True,False,True,upper_bound_with_inhaler,0.5632090646282755,0.5632090646282755,25,35
398,24,False,False,False,one_hot,0.8719844026958534,0.8719844026958536,25,36
398,24,False,False,False,lower_bound,0.8719844026958534,0.8719844026958536,25,37
398,24,False,False,False,midpoint,0.8719844026958534,0.8719844026958536,25,38
398,24,False,False,False,midpoint_with_inhaler,0.8719844026958534,0.8719844026958536,25,39
398,24,False,False,False,upper_bound,0.8719844026958534,0.8719844026958536,25,40
398,24,False,False,False,upper_bound_with_inhaler,0.8719844026958534,0.8719844026958536,25,41
398,24,False,False,True,one_hot,0.8719844026958534,0.8719844026958536,25,42
398,24,False,False,True,lower_bound,0.8719844026958534,0.8719844026958536,25,43
398,24,False,False,True,midpoint,0.8719844026958534,0.8719844026958536,25,44
398,24,False,False,True,midpoint_with_inhaler,0.8719844026958534,0.8719844026958536,25,45
398,24,False,False,True,upper_bound,0.8719844026958534,0.8719844026958536,25,46
398,24,False,False,True,upper_bound_with_inhaler,0.8719844026958534,0.8719844026958536,25,47
398,24,False,True,False,one_hot,0.21719646730288525,0.21719646730288522,25,48
398,24,False,True,False,lower_bound,0.21719646730288525,0.21719646730288522,25,49
398,24,False,True,False,midpoint,0.21719646730288525,0.2171964673028852,25,50
398,24,False,True,False,midpoint_with_inhaler,0.21719646730288525,0.2171964673028852,25,51
398,24,False,True,False,upper_bound,0.21719646730288525,0.21719646730288522,25,52
398,24,False,True,False,upper_bound_with_inhaler,0.21719646730288525,0.21719646730288522,25,53
398,24,False,True,True,one_hot,0.21719646730288525,0.21719646730288522,25,54
398,24,False,True,True,lower_bound,0.21719646730288525,0.21719646730288522,25,55
398,24,False,True,True,midpoint,0.21719646730288525,0.2171964673028852,25,56
398,24,False,True,True,midpoint_with_inhaler,0.21719646730288525,0.2171964673028852,25,57
398,24,False,True,True,upper_bound,0.21719646730288525,0.21719646730288522,25,58
398,24,False,True,True,upper_bound_with_inhaler,0.21719646730288525,0.21719646730288522,25,59
398,24,True,False,False,one_hot,0.8719844026958534,0.8719844026958536,25,60
398,24,True,False,False,lower_bound,0.8719844026958534,0.8719844026958536,25,61
398,24,True,False,False,midpoint,0.8719844026958534,0.8719844026958536,25,62
398,24,True,False,False,midpoint_with_inhaler,0.8719844026958534,0.8719844026958536,25,63
398,24,True,False,False,upper_bound,0.8719844026958534,0.8719844026958536,25,64
398,24,True,False,False,upper_bound_with_inhaler,0.8719844026958534,0.8719844026958536,25,65
398,24,True,False,True,one_hot,0.8719844026958534,0.8719844026958536,25,66
398,24,True,False,True,lower_bound,0.8719844026958534,0.8719844026958536,25,67
398,24,True,False,True,midpoint,0.8719844026958534,0.8719844026958536,25,68
398,24,True,False,True,midpoint_with_inhaler,0.8719844026958534,0.8719844026958536,25,69
398,24,True,False,True,upper_bound,0.8719844026958534,0.8719844026958536,25,70
398,24,True,False,True,upper_bound_with_inhaler,0.8719844026958534,0.8719844026958536,25,71
398,36,False,False,False,one_hot,0.5964553654965247,0.5964553654965243,25,72
398,36,False,False,False,lower_bound,0.5964553654965247,0.5964553654965243,25,73
398,36,False,False,False,midpoint,0.5964553654965247,0.5964553654965246,25,74
398,36,False,False,False,midpoint_with_inhaler,0.5964553654965247,0.5964553654965246,25,75
398,36,False,False,False,upper_bound,0.5964553654965247,0.5964553654965243,25,76
398,36,False,False,False,upper_bound_with_inhaler,0.5964553654965247,0.5964553654965243,25,77
398,36,False,False,True,one_hot,0.5964553654965247,0.5964553654965243,25,78
398,36,False,False,True,lower_bound,0.5964553654965247,0.5964553654965243,25,79
398,36,False,False,True,midpoint,0.5964553654965247,0.5964553654965246,25,80
398,36,False,False,True,midpoint_with_inhaler,0.5964553654965247,0.5964553654965246,25,81
398,36,False,False,True,upper_bound,0.5964553654965247,0.5964553654965243,25,82
398,36,False,False,True,upper_bound_with_inhaler,0.5964553654965247,0.5964553654965243,25,83
398,36,True,False,False,one_hot,0.5632090646282755,0.5632090646282755,25,84
398,36,True,False,False,lower_bound,0.5632090646282755,0.5632090646282755,25,85
398,36,True,False,False,midpoint,0.5632090646282755,0.5632090646282755,25,86
398,36,True,False,False,midpoint_with_inhaler,0.5632090646282755,0.5632090646282755,25,87
398,36,True,False,False,upper_bound,0.5632090646282755,0.5632090646282755,25,88
398,36,True,False,False,upper_bound_with_inhaler,0.5632090646282755,0.5632090646282755,25,89
398,36,True,False,True,one_hot,0.5632090646282755,0.5632090646282755,25,90
398,36,True,False,True,lower_bound,0.5632090646282755,0.5632090646282755,25,91
398,36,True,False,True,midpoint,0.5632090646282755,0.5632090646282755,25,92
398,36,True,False,True,midpoint_with_inhaler,0.5632090646282755,0.5632090646282755,25,93
398,36,True,False,True,upper_bound,0.5632090646282755,0.5632090646282755,25,94
398,36,True,False,True,upper_bound_with_inhaler,0.5632090646282755,0.5632090646282755,25,95
398,48,False,False,False,one_hot,0.4900508144975952,0.4900508144975952,25,96
398,48,False,False,False,lower_bound,0.4900508144975952,0.4900508144975952,25,97
398,48,False,False,False,midpoint,0.4900508144975952,0.4900508144975952,25,98
398,48,False,False,False,midpoint_with_inhaler,0.4900508144975952,0.4900508144975952,25,99
398,48,False,False,False,upper_bound,0.4900508144975952,0.4900508144975952,25,100
398,48,False,False,False,upper_bound_with_inhaler,0.4900508144975952,0.4900508144975952,25,101
398,48,False,False,True,one_hot,0.4900508144975952,0.4900508144975952,25,102
398,48,False,False,True,lower_bound,0.4900508144975952,0.4900508144975952,25,103
398,48,False,False,True,midpoint,0.4900508144975952,0.4900508144975952,25,104
398,48,False,False,True,midpoint_with_inhaler,0.4900508144975952,0.4900508144975952,25,105
398,48,False,False,True,upper_bound,0.4900508144975952,0.4900508144975952,25,106
398,48,False,False,True,upper_bound_with_inhaler,0.4900508144975952,0.4900508144975952,25,107
398,48,False,True,False,one_hot,0.6933021920847694,0.6933021920847694,25,108
398,48,False,True,False,lower_bound,0.6933021920847694,0.6933021920847694,25,109
398,48,False,True,False,midpoint,0.6933021920847694,0.6933021920847694,25,110
398,48,False,True,False,midpoint_with_inhaler,0.6933021920847694,0.6933021920847694,25,111
398,48,False,True,False,upper_bound,0.6933021920847694,0.6933021920847694,25,112
398,48,False,True,False,upper_bound_with_inhaler,0.6933021920847694,0.6933021920847694,25,113
398,48,False,True,True,one_hot,0.6933021920847694,0.6933021920847694,25,114
398,48,False,True,True,lower_bound,0.6933021920847694,0.6933021920847694,25,115
398,48,False,True,True,midpoint,0.6933021920847694,0.6933021920847694,25,116
398,48,False,True,True,midpoint_with_inhaler,0.6933021920847694,0.6933021920847694,25,117
398,48,False,True,True,upper_bound,0.6933021920847694,0.6933021920847694,25,118
398,48,False,True,True,upper_bound_with_inhaler,0.6933021920847694,0.6933021920847694,25,119
398,48,True,False,False,one_hot,0.17640223044070494,0.17640223044070505,25,120
398,48,True,False,False,lower_bound,0.17640223044070494,0.17640223044070505,25,121
398,48,True,False,False,midpoint,0.17640223044070494,0.17640223044070502,25,122
398,48,True,False,False,midpoint_with_inhaler,0.17640223044070494,0.17640223044070502,25,123
398,48,True,False,False,upper_bound,0.17640223044070494,0.17640223044070505,25,124
398,48,True,False,False,upper_bound_with_inhaler,0.17640223044070494,0.17640223044070505,25,125
398,48,True,False,True,one_hot,0.17640223044070494,0.17640223044070505,25,126
398,48,True,False,True,lower_bound,0.17640223044070494,0.17640223044070505,25,127
398,48,True,False,True,midpoint,0.17640223044070494,0.17640223044070502,25,128
398,48,True,False,True,midpoint_with_inhaler,0.17640223044070494,0.17640223044070502,25,129
398,48,True,False,True,upper_bound,0.17640223044070494,0.17640223044070505,25,130
398,48,True,False,True,upper_bound_with_inhaler,0.17640223044070494,0.17640223044070505,25,131
447,12,False,False,False,one_hot,0.008531636491060987,0.008531636491060998,89,0
447,12,False,False,False,lower_bound,0.07122149334815468,0.16201956305262988,89,1
447,12,False,False,False,midpoint,0.07122149334815468,0.15580644563251486,89,2
447,12,False,False,False,midpoint_with_inhaler,0.07122149334815468,0.15580644563251486,89,3
447,12,False,False,False,upper_bound,0.07122149334815468,0.14751536367345017,89,4
447,12,False,False,False,upper_bound_with_inhaler,0.07122149334815468,0.14751536367345017,89,5
447,12,False,False,True,one_hot,0.008531636491060987,0.008531636491060998,89,6
447,12,False,False,True,lower_bound,0.07122149334815468,0.16201956305262988,89,7
447,12,False,False,True,midpoint,0.07122149334815468,0.15580644563251486,89,8
447,12,False,False,True,midpoint_with_inhaler,0.07122149334815468,0.15580644563251486,89,9
447,12,False,False,True,upper_bound,0.07122149334815468,0.14751536367345017,89,10
447,12,False,False,True,upper_bound_with_inhaler,0.07122149334815468,0.14751536367345017,89,11
447,12,False,True,False,one_hot,-0.04078802689386722,-0.04078802689386723,89,12
447,12,False,True,False,lower_bound,0.011866296799960136,-0.04630958267606185,89,13
447,12,False,True,False,midpoint,0.011866296799960136,-0.05008691343558451,89,14
447,12,False,True,False,midpoint_with_inhaler,0.011866296799960136,-0.05008691343558451,89,15
447,12,False,True,False,upper_bound,0.011866296799960136,-0.0543714922527864,89,16
447,12,False,True,False,upper_bound_with_inhaler,0.011866296799960136,-0.0543714922527864,89,17
447,12,False,True,True,one_hot,-0.04078802689386722,-0.04078802689386723,89,18
447,12,False,True,True,lower_bound,0.011866296799960136,-0.04630958267606185,89,19
447,12,False,True,True,midpoint,0.011866296799960136,-0.05008691343558451,89,20
447,12,False,True,True,midpoint_with_inhaler,0.011866296799960136,-0.05008691343558451,89,21
447,12,False,True,True,upper_bound,0.011866296799960136,-0.0543714922527864,89,22
447,12,False,True,True,upper_bound_with_inhaler,0.011866296799960136,-0.0543714922527864,89,23
447,12,True,False,False,one_hot,0.11286897313028407,0.11286897313028409,89,24
447,12,True,False,False,lower_bound,-0.09618979353960522,-0.05542244480054923,89,25
447,12,True,False,False,midpoint,-0.09618979353960522,-0.06933276084363477,89,26
447,12,True,False,False,midpoint_with_inhaler,-0.09618979353960522,-0.06933276084363477,89,27
447,12,True,False,False,upper_bound,-0.09618979353960522,-0.08095586980628736,89,28
447,12,True,False,False,upper_bound_with_inhaler,-0.09618979353960522,-0.08095586980628736,89,29
447,12,True,False,True,one_hot,0.11286897313028407,0.11286897313028409,89,30
447,12,True,False,True,lower_bound,-0.09618979353960522,-0.05542244480054923,89,31
447,12,True,False,True,midpoint,-0.09618979353960522,-0.06933276084363477,89,32
447,12,True,False,True,midpoint_with_inhaler,-0.09618979353960522,-0.06933276084363477,89,33
447,12,True,False,True,upper_bound,-0.09618979353960522,-0.08095586980628736,89,34
447,12,True,False,True,upper_bound_with_inhaler,-0.09618979353960522,-0.08095586980628736,89,35
447,24,False,False,False,one_hot,-0.073807619590257,-0.07380761959025703,89,36
447,24,False,False,False,lower_bound,0.006684388880027973,0.17507060686769216,89,37
447,24,False,False,False,midpoint,0.006684388880027973,0.15127352917070158,89,38
447,24,False,False,False,midpoint_with_inhaler,0.006684388880027973,0.15127352917070158,89,39
447,24,False,False,False,upper_bound,0.006684388880027973,0.1340726232592134,89,40
447,24,False,False,False,upper_bound_with_inhaler,0.006684388880027973,0.1340726232592134,89,41
447,24,False,False,True,one_hot,-0.073807619590257,-0.07380761959025703,89,42
447,24,False,False,True,lower_bound,0.006684388880027973,0.17507060686769216,89,43
447,24,False,False,True,midpoint,0.006684388880027973,0.15127352917070158,89,44
447,24,False,False,True,midpoint_with_inhaler,0.006684388880027973,0.15127352917070158,89,45
447,24,False,False,True,upper_bound,0.006684388880027973,0.1340726232592134,89,46
447,24,False,False,True,upper_bound_with_inhaler,0.006684388880027973,0.1340726232592134,89,47
447,24,False,True,False,one_hot,-0.056999939727934636,-0.05699993972793463,89,48
447,24,False,True,False,lower_bound,-0.015657161336578716,0.1392291527354026,89,49
447,24,False,True,False,midpoint,-0.015657161336578716,0.13360663791624627,89,50
447,24,False,True,False,midpoint_with_inhaler,-0.015657161336578716,0.13360663791624627,89,51
447,24,False,True,False,upper_bound,-0.015657161336578716,0.12897947792454495,89,52
447,24,False,True,False,upper_bound_with_inhaler,-0.015657161336578716,0.12897947792454495,89,53
447,24,False,True,True,one_hot,-0.056999939727934636,-0.05699993972793463,89,54
447,24,False,True,True,lower_bound,-0.015657161336578716,0.1392291527354026,89,55
447,24,False,True,True,midpoint,-0.015657161336578716,0.13360663791624627,89,56
447,24,False,True,True,midpoint_with_inhaler,-0.015657161336578716,0.13360663791624627,89,57
447,24,False,True,True,upper_bound,-0.015657161336578716,0.12897947792454495,89,58
447,24,False,True,True,upper_bound_with_inhaler,-0.015657161336578716,0.12897947792454495,89,59
447,24,True,False,False,one_hot,-0.073807619590257,-0.07380761959025703,89,60
447,24,True,False,False,lower_bound,0.006684388880027973,0.17507060686769216,89,61
447,24,True,False,False,midpoint,0.006684388880027973,0.15127352917070158,89,62
447,24,True,False,False,midpoint_with_inhaler,0.006684388880027973,0.15127352917070158,89,63
447,24,True,False,False,upper_bound,0.006684388880027973,0.1340726232592134,89,64
447,24,True,False,False,upper_bound_with_inhaler,0.006684388880027973,0.1340726232592134,89,65
447,24,True,False,True,one_hot,-0.073807619590257,-0.07380761959025703,89,66
447,24,True,False,True,lower_bound,0.006684388880027973,0.17507060686769216,89,67
447,24,True,False,True,midpoint,0.006684388880027973,0.15127352917070158,89,68
447,24,True,False,True,midpoint_with_inhaler,0.006684388880027973,0.15127352917070158,89,69
447,24,True,False,True,upper_bound,0.006684388880027973,0.1340726232592134,89,70
447,24,True,False,True,upper_bound_with_inhaler,0.006684388880027973,0.1340726232592134,89,71
447,36,False,False,False,one_hot,-0.040788026893867235,-0.04078802689386722,89,72
447,36,False,False,False,lower_bound,0.06180676483053203,0.26445924756385936,89,73
447,36,False,False,False,midpoint,0.06180676483053203,0.20379803000429428,89,74
447,36,False,False,False,midpoint_with_inhaler,0.06180676483053203,0.20379803000429428,89,75
447,36,False,False,False,upper_bound,0.06180676483053203,0.16280405928314756,89,76
447,36,False,False,False,upper_bound_with_inhaler,0.06180676483053203,0.16280405928314756,89,77
447,36,False,False,True,one_hot,-0.040788026893867235,-0.04078802689386722,89,78
447,36,False,False,True,lower_bound,0.06180676483053203,0.26445924756385936,89,79
447,36,False,False,True,midpoint,0.06180676483053203,0.20379803000429428,89,80
447,36,False,False,True,midpoint_with_inhaler,0.06180676483053203,0.20379803000429428,89,81
447,36,False,False,True,upper_bound,0.06180676483053203,0.16280405928314756,89,82
447,36,False,False,True,upper_bound_with_inhaler,0.06180676483053203,0.16280405928314756,89,83
447,36,True,False,False,one_hot,-0.07915692197347068,-0.07915692197347067,89,84
447,36,True,False,False,lower_bound,-0.07236660541901102,0.15221165134199147,89,85
447,36,True,False,False,midpoint,-0.07236660541901102,0.08975522098524225,89,86
447,36,True,False,False,midpoint_with_inhaler,-0.07236660541901102,0.08975522098524225,89,87
447,36,True,False,False,upper_bound,-0.07236660541901102,0.04934104032859158,89,88
447,36,True,False,False,upper_bound_with_inhaler,-0.07236660541901102,0.04934104032859158,89,89
447,36,True,False,True,one_hot,-0.07915692197347068,-0.07915692197347067,89,90
447,36,True,False,True,lower_bound,-0.07236660541901102,0.15221165134199147,89,91
447,36,True,False,True,midpoint,-0.07236660541901102,0.08975522098524225,89,92
447,36,True,False,True,midpoint_with_inhaler,-0.07236660541901102,0.08975522098524225,89,93
447,36,True,False,True,upper_bound,-0.07236660541901102,0.04934104032859158,89,94
447,36,True,False,True,upper_bound_with_inhaler,-0.07236660541901102,0.04934104032859158,89,95
447,48,False,False,False,one_hot,-0.03290277943201769,-0.03290277943201768,89,96
447,48,False,False,False,lower_bound,-0.12005476050036576,0.08678066981258817,89,97
447,48,False,False,False,midpoint,-0.12005476050036576,0.009605638893687027,89,98
447,48,False,False,False,midpoint_with_inhaler,-0.12005476050036576,0.03180781538152485,89,99
447,48,False,False,False,upper_bound,-0.12084652424262697,-0.03904491923329131,89,100
447,48,False,False,False,upper_bound_with_inhaler,-0.12005476050036576,-0.02057425327945027,89,101
447,48,False,False,True,one_hot,-0.03290277943201769,-0.03290277943201768,89,102
447,48,False,False,True,lower_bound,-0.12005476050036576,0.08678066981258817,89,103
447,48,False,False,True,midpoint,-0.12005476050036576,0.009605638893687027,89,104
447,48,False,False,True,midpoint_with_inhaler,-0.12005476050036576,0.03180781538152485,89,105
447,48,False,False,True,upper_bound,-0.12084652424262697,-0.03904491923329131,89,106
447,48,False,False,True,upper_bound_with_inhaler,-0.12005476050036576,-0.02057425327945027,89,107
447,48,False,True,False,one_hot,-0.04768555740733141,-0.04768555740733139,89,108
447,48,False,True,False,lower_bound,-0.15385642658253706,-0.11602241326631116,89,109
447,48,False,True,False,midpoint,-0.15385642658253706,-0.13748777096807993,89,110
447,48,False,True,False,midpoint_with_inhaler,-0.15385642658253706,-0.13748777096807993,89,111
447,48,False,True,False,upper_bound,-0.15385642658253706,-0.15085811438812538,89,112
447,48,False,True,False,upper_bound_with_inhaler,-0.15385642658253706,-0.15085811438812538,89,113
447,48,False,True,True,one_hot,-0.04768555740733141,-0.04768555740733139,89,114
447,48,False,True,True,lower_bound,-0.15385642658253706,-0.11602241326631116,89,115
447,48,False,True,True,midpoint,-0.15385642658253706,-0.13748777096807993,89,116
447,48,False,True,True,midpoint_with_inhaler,-0.15385642658253706,-0.13748777096807993,89,117
447,48,False,True,True,upper_bound,-0.15385642658253706,-0.15085811438812538,89,118
447,48,False,True,True,upper_bound_with_inhaler,-0.15385642658253706,-0.15085811438812538,89,119
447,48,True,False,False,one_hot,-0.07649063881005003,-0.07649063881004999,89,120
447,48,True,False,False,lower_bound,-0.2681602912178099,-0.1939337532369394,89,121
447,48,True,False,False,midpoint,-0.2681602912178099,-0.21160204580244169,89,122
447,48,True,False,False,midpoint_with_inhaler,-0.2681602912178099,-0.21160204580244169,89,123
447,48,True,False,False,upper_bound,-0.2681602912178099,-0.2191707771975377,89,124
447,48,True,False,False,upper_bound_with_inhaler,-0.2681602912178099,-0.2191707771975377,89,125
447,48,True,False,True,one_hot,-0.07649063881005003,-0.07649063881004999,89,126
447,48,True,False,True,lower_bound,-0.2681602912178099,-0.1939337532369394,89,127
447,48,True,False,True,midpoint,-0.2681602912178099,-0.21160204580244169,89,128
447,48,True,False,True,midpoint_with_inhaler,-0.2681602912178099,-0.21160204580244169,89,129
447,48,True,False,True,upper_bound,-0.2681602912178099,-0.2191707771975377,89,130
447,48,True,False,True,upper_bound_with_inhaler,-0.2681602912178099,-0.2191707771975377,89,131
454,12,False,False,False,one_hot,,,2,0
454,12,False,False,False,lower_bound,,,2,1
454,12,False,False,False,midpoint,,,2,2
454,12,False,False,False,midpoint_with_inhaler,,,2,3
454,12,False,False,False,upper_bound,,,2,4
454,12,False,False,False,upper_bound_with_inhaler,,,2,5
454,12,False,False,True,one_hot,,,2,6
454,12,False,False,True,lower_bound,,,2,7
454,12,False,False,True,midpoint,,,2,8
454,12,False,False,True,midpoint_with_inhaler,,,2,9
454,12,False,False,True,upper_bound,,,2,10
454,12,False,False,True,upper_bound_with_inhaler,,,2,11
454,12,False,True,False,one_hot,,,2,12
454,12,False,True,False,lower_bound,,,2,13
454,12,False,True,False,midpoint,,,2,14
454,12,False,True,False,midpoint_with_inhaler,,,2,15
454,12,False,True,False,upper_bound,,,2,16
454,12,False,True,False,upper_bound_with_inhaler,,,2,17
454,12,False,True,True,one_hot,,,2,18
454,12,False,True,True,lower_bound,,,2,19
454,12,False,True,True,midpoint,,,2,20
454,12,False,True,True,midpoint_with_inhaler,,,2,21
454,12,False,True,True,upper_bound,,,2,22
454,12,False,True,True,upper_bound_with_inhaler,,,2,23
454,12,True,False,False,one_hot,,,2,24
454,12,True,False,False,lower_bound,,,2,25
454,12,True,False,False,midpoint,,,2,26
454,12,True,False,False,midpoint_with_inhaler,,,2,27
454,12,True,False,False,upper_bound,,,2,28
454,12,True,False,False,upper_bound_with_inhaler,,,2,29
454,12,True,False,True,one_hot,,,2,30
454,12,True,False,True,lower_bound,,,2,31
454,12,True,False,True,midpoint,,,2,32
454,12,True,False,True,midpoint_with_inhaler,,,2,33
454,12,True,False,True,upper_bound,,,2,34
454,12,True,False,True,upper_bound_with_inhaler,,,2,35
454,24,False,False,False,one_hot,,,2,36
454,24,False,False,False,lower_bound,,,2,37
454,24,False,False,False,midpoint,,,2,38
454,24,False,False,False,midpoint_with_inhaler,,,2,39
454,24,False,False,False,upper_bound,,,2,40
454,24,False,False,False,upper_bound_with_inhaler,,,2,41
454,24,False,False,True,one_hot,,,2,42
454,24,False,False,True,lower_bound,,,2,43
454,24,False,False,True,midpoint,,,2,44
454,24,False,False,True,midpoint_with_inhaler,,,2,45
454,24,False,False,True,upper_bound,,,2,46
454,24,False,False,True,upper_bound_with_inhaler,,,2,47
454,24,False,True,False,one_hot,,,2,48
454,24,False,True,False,lower_bound,,,2,49
454,24,False,True,False,midpoint,,,2,50
454,24,False,True,False,midpoint_with_inhaler,,,2,51
454,24,False,True,False,upper_bound,,,2,52
454,24,False,True,False,upper_bound_with_inhaler,,,2,53
454,24,False,True,True,one_hot,,,2,54
454,24,False,True,True,lower_bound,,,2,55
454,24,False,True,True,midpoint,,,2,56
454,24,False,True,True,midpoint_with_inhaler,,,2,57
454,24,False,True,True,upper_bound,,,2,58
454,24,False,True,True,upper_bound_with_inhaler,,,2,59
454,24,True,False,False,one_hot,,,2,60
454,24,True,False,False,lower_bound,,,2,61
454,24,True,False,False,midpoint,,,2,62
454,24,True,False,False,midpoint_with_inhaler,,,2,63
454,24,True,False,False,upper_bound,,,2,64
454,24,True,False,False,upper_bound_with_inhaler,,,2,65
454,24,True,False,True,one_hot,,,2,66
454,24,True,False,True,lower_bound,,,2,67
454,24,True,False,True,midpoint,,,2,68
454,24,True,False,True,midpoint_with_inhaler,,,2,69
454,24,True,False,True,upper_bound,,,2,70
454,24,True,False,True,upper_bound_with_inhaler,,,2,71
454,36,False,False,False,one_hot,,,2,72
454,36,False,False,False,lower_bound,,,2,73
454,36,False,False,False,midpoint,,,2,74
454,36,False,False,False,midpoint_with_inhaler,,,2,75
454,36,False,False,False,upper_bound,,,2,76
454,36,False,False,False,upper_bound_with_inhaler,,,2,77
454,36,False,False,True,one_hot,,,2,78
454,36,False,False,True,lower_bound,,,2,79
454,36,False,False,True,midpoint,,,2,80
454,36,False,False,True,midpoint_with_inhaler,,,2,81
454,36,False,False,True,upper_bound,,,2,82
454,36,False,False,True,upper_bound_with_inhaler,,,2,83
454,36,True,False,False,one_hot,,,2,84
454,36,True,False,False,lower_bound,,,2,85
454,36,True,False,False,midpoint,,,2,86
454,36,True,False,False,midpoint_with_inhaler,,,2,87
454,36,True,False,False,upper_bound,,,2,88
454,36,True,False,False,upper_bound_with_inhaler,,,2,89
454,36,True,False,True,one_hot,,,2,90
454,36,True,False,True,lower_bound,,,2,91
454,36,True,False,True,midpoint,,,2,92
454,36,True,False,True,midpoint_with_inhaler,,,2,93
454,36,True,False,True,upper_bound,,,2,94
454,36,True,False,True,upper_bound_with_inhaler,,,2,95
454,48,False,False,False,one_hot,,,2,96
454,48,False,False,False,lower_bound,,,2,97
454,48,False,False,False,midpoint,,,2,98
454,48,False,False,False,midpoint_with_inhaler,,,2,99
454,48,False,False,False,upper_bound,,,2,100
454,48,False,False,False,upper_bound_with_inhaler,,,2,101
454,48,False,False,True,one_hot,,,2,102
454,48,False,False,True,lower_bound,,,2,103
454,48,False,False,True,midpoint,,,2,104
454,48,False,False,True,midpoint_with_inhaler,,,2,105
454,48,False,False,True,upper_bound,,,2,106
454,48,False,False,True,upper_bound_with_inhaler,,,2,107
454,48,False,True,False,one_hot,,,2,108
454,48,False,True,False,lower_bound,,,2,109
454,48,False,True,False,midpoint,,,2,110
454,48,False,True,False,midpoint_with_inhaler,,,2,111
454,48,False,True,False,upper_bound,,,2,112
454,48,False,True,False,upper_bound_with_inhaler,,,2,113
454,48,False,True,True,one_hot,,,2,114
454,48,False,True,True,lower_bound,,,2,115
454,48,False,True,True,midpoint,,,2,116
454,48,False,True,True,midpoint_with_inhaler,,,2,117
454,48,False,True,True,upper_bound,,,2,118
454,48,False,True,True,upper_bound_with_inhaler,,,2,119
454,48,True,False,False,one_hot,,,2,120
454,48,True,False,False,lower_bound,,,2,121
454,48,True,False,False,midpoint,,,2,122
454,48,True,False,False,midpoint_with_inhaler,,,2,123
454,48,True,False,False,upper_bound,,,2,124
454,48,True,False,False,upper_bound_with_inhaler,,,2,125
454,48,True,False,True,one_hot,,,2,126
454,48,True,False,True,lower_bound,,,2,127
454,48,True,False,True,midpoint,,,2,128
454,48,True,False,True,midpoint_with_inhaler,,,2,129
454,48,True,False,True,upper_bound,,,2,130
454,48,True,False,True,upper_bound_with_inhaler,,,2,131
473,12,False,False,False,one_hot,0.4416484820825069,0.4416484820825069,69,0
473,12,False,False,False,lower_bound,0.8287831576413287,1.0425200602975573,69,1
473,12,False,False,False,midpoint,0.8287831576413287,1.0327916318518087,69,2
473,12,False,False,False,midpoint_with_inhaler,0.8287831576413287,1.0327916318518087,69,3
473,12,False,False,False,upper_bound,0.8279027822992684,1.005991822897269,69,4
473,12,False,False,False,upper_bound_with_inhaler,0.8279027822992684,1.005991822897269,69,5
473,12,False,False,True,one_hot,0.4416484820825069,0.4416484820825069,69,6
473,12,False,False,True,lower_bound,0.8287831576413287,1.0425200602975573,69,7
473,12,False,False,True,midpoint,0.8287831576413287,1.0327916318518087,69,8
473,12,False,False,True,midpoint_with_inhaler,0.8287831576413287,1.0327916318518087,69,9
473,12,False,False,True,upper_bound,0.8279027822992684,1.005991822897269,69,10
473,12,False,False,True,upper_bound_with_inhaler,0.8279027822992684,1.005991822897269,69,11
473,12,False,True,False,one_hot,0.05816987680498358,0.0581698768049836,69,12
473,12,False,True,False,lower_bound,0.6257632689100244,1.0531639442400693,69,13
473,12,False,True,False,midpoint,0.6257632689100244,0.974074511979028,69,14
473,12,False,True,False,midpoint_with_inhaler,0.6257632689100244,0.9948799943950969,69,15
473,12,False,True,False,upper_bound,0.623548666194681,0.9029573594042926,69,16
473,12,False,True,False,upper_bound_with_inhaler,0.6257632689100244,0.9421736526006805,69,17
473,12,False,True,True,one_hot,0.05816987680498358,0.0581698768049836,69,18
473,12,False,True,True,lower_bound,0.6257632689100244,1.0531639442400693,69,19
473,12,False,True,True,midpoint,0.6257632689100244,0.974074511979028,69,20
473,12,False,True,True,midpoint_with_inhaler,0.6257632689100244,0.9948799943950969,69,21
473,12,False,True,True,upper_bound,0.623548666194681,0.9029573594042926,69,22
473,12,False,True,True,upper_bound_with_inhaler,0.6257632689100244,0.9421736526006805,69,23
473,12,True,False,False,one_hot,0.3709097495732446,0.37090974957324446,69,24
473,12,True,False,False,lower_bound,0.5363684706528408,0.7591982302435031,69,25
473,12,True,False,False,midpoint,0.5363684706528408,0.8080909180695319,69,26
473,12,True,False,False,midpoint_with_inhaler,0.5363684706528408,0.7454214870056918,69,27
473,12,True,False,False,upper_bound,0.5397078713101043,0.8279070933429145,69,28
473,12,True,False,False,upper_bound_with_inhaler,0.5363684706528408,0.7474538281531616,69,29
473,12,True,False,True,one_hot,0.3709097495732446,0.37090974957324446,69,30
473,12,True,False,True,lower_bound,0.5363684706528408,0.7591982302435031,69,31
473,12,True,False,True,midpoint,0.5363684706528408,0.8080909180695319,69,32
473,12,True,False,True,midpoint_with_inhaler,0.5363684706528408,0.7454214870056918,69,33
473,12,True,False,True,upper_bound,0.5397078713101043,0.8279070933429145,69,34
473,12,True,False,True,upper_bound_with_inhaler,0.5363684706528408,0.7474538281531616,69,35
473,24,False,False,False,one_hot,0.1975669224926018,0.1975669224926018,69,36
473,24,False,False,False,lower_bound,0.8239919166650663,1.2223746893568979,69,37
473,24,False,False,False,midpoint,0.8239919166650663,1.1645665254731472,69,38
473,24,False,False,False,midpoint_with_inhaler,0.8239919166650663,1.1755727216165046,69,39
473,24,False,False,False,upper_bound,0.8225178290056261,1.1144986261616692,69,40
473,24,False,False,False,upper_bound_with_inhaler,0.8239919166650663,1.141147626634263,69,41
473,24,False,False,True,one_hot,0.1975669224926018,0.1975669224926018,69,42
473,24,False,False,True,lower_bound,0.8239919166650663,1.2223746893568979,69,43
473,24,False,False,True,midpoint,0.8239919166650663,1.1645665254731472,69,44
473,24,False,False,True,midpoint_with_inhaler,0.8239919166650663,1.1755727216165046,69,45
473,24,False,False,True,upper_bound,0.8225178290056261,1.1144986261616692,69,46
473,24,False,False,True,upper_bound_with_inhaler,0.8239919166650663,1.141147626634263,69,47
473,24,False,True,False,one_hot,0.09096444479772588,0.09096444479772584,69,48
473,24,False,True,False,lower_bound,0.3769614843232127,0.447693840845279,69,49
473,24,False,True,False,midpoint,0.3769614843232127,0.4687877902485196,69,50
473,24,False,True,False,midpoint_with_inhaler,0.3769614843232127,0.4579407127320961,69,51
473,24,False,True,False,upper_bound,0.37830619568428214,0.47379408606299417,69,52
473,24,False,True,False,upper_bound_with_inhaler,0.3769614843232127,0.4595361812859109,69,53
473,24,False,True,True,one_hot,0.09096444479772588,0.09096444479772584,69,54
473,24,False,True,True,lower_bound,0.3769614843232127,0.447693840845279,69,55
473,24,False,True,True,midpoint,0.3769614843232127,0.4687877902485196,69,56
473,24,False,True,True,midpoint_with_inhaler,0.3769614843232127,0.4579407127320961,69,57
473,24,False,True,True,upper_bound,0.37830619568428214,0.47379408606299417,69,58
473,24,False,True,True,upper_bound_with_inhaler,0.3769614843232127,0.4595361812859109,69,59
473,24,True,False,False,one_hot,0.1975669224926018,0.1975669224926018,69,60
473,24,True,False,False,lower_bound,0.8239919166650663,1.2223746893568979,69,61
473,24,True,False,False,midpoint,0.8239919166650663,1.1645665254731472,69,62
473,24,True,False,False,midpoint_with_inhaler,0.8239919166650663,1.1755727216165046,69,63
473,24,True,False,False,upper_bound,0.8225178290056261,1.1144986261616692,69,64
473,24,True,False,False,upper_bound_with_inhaler,0.8239919166650663,1.141147626634263,69,65
473,24,True,False,True,one_hot,0.1975669224926018,0.1975669224926018,69,66
473,24,True,False,True,lower_bound,0.8239919166650663,1.2223746893568979,69,67
473,24,True,False,True,midpoint,0.8239919166650663,1.1645665254731472,69,68
473,24,True,False,True,midpoint_with_inhaler,0.8239919166650663,1.1755727216165046,69,69
473,24,True,False,True,upper_bound,0.8225178290056261,1.1144986261616692,69,70
473,24,True,False,True,upper_bound_with_inhaler,0.8239919166650663,1.141147626634263,69,71
473,36,False,False,False,one_hot,0.0735977005478368,0.07359770054783679,69,72
473,36,False,False,False,lower_bound,0.7209521300963552,1.018540847204235,69,73
473,36,False,False,False,midpoint,0.7209521300963552,1.0042683156376424,69,74
473,36,False,False,False,midpoint_with_inhaler,0.7209521300963552,1.00947276982699,69,75
473,36,False,False,False,upper_bound,0.7222646171294125,0.9576239626159387,69,76
473,36,False,False,False,upper_bound_with_inhaler,0.7209521300963552,0.9750457614759096,69,77
473,36,False,False,True,one_hot,0.0735977005478368,0.07359770054783679,69,78
473,36,False,False,True,lower_bound,0.7209521300963552,1.018540847204235,69,79
473,36,False,False,True,midpoint,0.7209521300963552,1.0042683156376424,69,80
473,36,False,False,True,midpoint_with_inhaler,0.7209521300963552,1.00947276982699,69,81
473,36,False,False,True,upper_bound,0.7222646171294125,0.9576239626159387,69,82
473,36,False,False,True,upper_bound_with_inhaler,0.7209521300963552,0.9750457614759096,69,83
473,36,True,False,False,one_hot,0.1552215537668422,0.1552215537668422,69,84
473,36,True,False,False,lower_bound,0.5984160466101363,0.7332696397826222,69,85
473,36,True,False,False,midpoint,0.5984160466101363,0.7147670011232149,69,86
473,36,True,False,False,midpoint_with_inhaler,0.5984160466101363,0.728106408938752,69,87
473,36,True,False,False,upper_bound,0.5987343280771595,0.688971931214616,69,88
473,36,True,False,False,upper_bound_with_inhaler,0.5984160466101363,0.7121490871651548,69,89
473,36,True,False,True,one_hot,0.1552215537668422,0.1552215537668422,69,90
473,36,True,False,True,lower_bound,0.5984160466101363,0.7332696397826222,69,91
473,36,True,False,True,midpoint,0.5984160466101363,0.7147670011232149,69,92
473,36,True,False,True,midpoint_with_inhaler,0.5984160466101363,0.728106408938752,69,93
473,36,True,False,True,upper_bound,0.5987343280771595,0.688971931214616,69,94
473,36,True,False,True,upper_bound_with_inhaler,0.5984160466101363,0.7121490871651548,69,95
473,48,False,False,False,one_hot,0.2674057770588058,0.2674057770588058,69,96
473,48,False,False,False,lower_bound,0.8063319616526063,1.0054595372396185,69,97
473,48,False,False,False,midpoint,0.8063319616526063,0.9624348729296923,69,98
473,48,False,False,False,midpoint_with_inhaler,0.8063319616526063,0.9833283405793397,69,99
473,48,False,False,False,upper_bound,0.8044890345426687,0.8903691274895863,69,100
473,48,False,False,False,upper_bound_with_inhaler,0.8063319616526063,0.860850421457227,69,101
473,48,False,False,True,one_hot,0.2674057770588058,0.2674057770588058,69,102
473,48,False,False,True,lower_bound,0.8063319616526063,1.0054595372396185,69,103
473,48,False,False,True,midpoint,0.8063319616526063,0.9624348729296923,69,104
473,48,False,False,True,midpoint_with_inhaler,0.8063319616526063,0.9833283405793397,69,105
473,48,False,False,True,upper_bound,0.8044890345426687,0.8903691274895863,69,106
473,48,False,False,True,upper_bound_with_inhaler,0.8063319616526063,0.860850421457227,69,107
473,48,False,True,False,one_hot,0.2674057770588058,0.2674057770588058,69,108
473,48,False,True,False,lower_bound,0.2863422503198444,0.39287204964867767,69,109
473,48,False,True,False,midpoint,0.2863422503198444,0.4332181132058601,69,110
473,48,False,True,False,midpoint_with_inhaler,0.2863422503198444,0.4254848320115847,69,111
473,48,False,True,False,upper_bound,0.28434041736474636,0.4579923750294743,69,112
473,48,False,True,False,upper_bound_with_inhaler,0.2863422503198444,0.454322120932582,69,113
473,48,False,True,True,one_hot,0.2674057770588058,0.2674057770588058,69,114
473,48,False,True,True,lower_bound,0.2863422503198444,0.39287204964867767,69,115
473,48,False,True,True,midpoint,0.2863422503198444,0.4332181132058601,69,116
473,48,False,True,True,midpoint_with_inhaler,0.2863422503198444,0.4254848320115847,69,117
473,48,False,True,True,upper_bound,0.28434041736474636,0.4579923750294743,69,118
473,48,False,True,True,upper_bound_with_inhaler,0.2863422503198444,0.454322120932582,69,119
473,48,True,False,False,one_hot,0.1975669224926018,0.1975669224926018,69,120
473,48,True,False,False,lower_bound,0.49151739006318357,0.574240950061211,69,121
473,48,True,False,False,midpoint,0.49151739006318357,0.5812400657142415,69,122
473,48,True,False,False,midpoint_with_inhaler,0.49151739006318357,0.5798514248990657,69,123
473,48,True,False,False,upper_bound,0.4898060208785504,0.5697557612733084,69,124
473,48,True,False,False,upper_bound_with_inhaler,0.49151739006318357,0.581252310581074,69,125
473,48,True,False,True,one_hot,0.1975669224926018,0.1975669224926018,69,126
473,48,True,False,True,lower_bound,0.49151739006318357,0.574240950061211,69,127
473,48,True,False,True,midpoint,0.49151739006318357,0.5812400657142415,69,128
473,48,True,False,True,midpoint_with_inhaler,0.49151739006318357,0.5798514248990657,69,129
473,48,True,False,True,upper_bound,0.4898060208785504,0.5697557612733084,69,130
473,48,True,False,True,upper_bound_with_inhaler,0.49151739006318357,0.581252310581074,69,131
514,12,False,False,False,one_hot,0.15945162287429432,0.15945162287429432,36,0
514,12,False,False,False,lower_bound,0.15945162287429432,0.15945162287429432,36,1
514,12,False,False,False,midpoint,0.15945162287429432,0.15945162287429432,36,2
514,12,False,False,False,midpoint_with_inhaler,0.15945162287429432,0.15945162287429432,36,3
514,12,False,False,False,upper_bound,0.15945162287429432,0.15945162287429432,36,4
514,12,False,False,False,upper_bound_with_inhaler,0.15945162287429432,0.15945162287429432,36,5
514,12,False,False,True,one_hot,0.15945162287429432,0.15945162287429432,36,6
514,12,False,False,True,lower_bound,0.15945162287429432,0.15945162287429432,36,7
514,12,False,False,True,midpoint,0.15945162287429432,0.15945162287429432,36,8
514,12,False,False,True,midpoint_with_inhaler,0.15945162287429432,0.15945162287429432,36,9
514,12,False,False,True,upper_bound,0.15945162287429432,0.15945162287429432,36,10
514,12,False,False,True,upper_bound_with_inhaler,0.15945162287429432,0.15945162287429432,36,11
514,12,False,True,False,one_hot,0.515657675323096,0.5156576753230958,36,12
514,12,False,True,False,lower_bound,0.515657675323096,0.5156576753230958,36,13
514,12,False,True,False,midpoint,0.515657675323096,0.5156576753230961,36,14
514,12,False,True,False,midpoint_with_inhaler,0.515657675323096,0.5156576753230961,36,15
514,12,False,True,False,upper_bound,0.515657675323096,0.5156576753230958,36,16
514,12,False,True,False,upper_bound_with_inhaler,0.515657675323096,0.5156576753230958,36,17
514,12,False,True,True,one_hot,0.515657675323096,0.5156576753230958,36,18
514,12,False,True,True,lower_bound,0.515657675323096,0.5156576753230958,36,19
514,12,False,True,True,midpoint,0.515657675323096,0.5156576753230961,36,20
514,12,False,True,True,midpoint_with_inhaler,0.515657675323096,0.5156576753230961,36,21
514,12,False,True,True,upper_bound,0.515657675323096,0.5156576753230958,36,22
514,12,False,True,True,upper_bound_with_inhaler,0.515657675323096,0.5156576753230958,36,23
514,12,True,False,False,one_hot,0.9627462064603693,0.9627462064603693,36,24
514,12,True,False,False,lower_bound,0.9627462064603693,0.9627462064603693,36,25
514,12,True,False,False,midpoint,0.9627462064603693,0.9627462064603698,36,26
514,12,True,False,False,midpoint_with_inhaler,0.9627462064603693,0.9627462064603698,36,27
514,12,True,False,False,upper_bound,0.9627462064603693,0.9627462064603693,36,28
514,12,True,False,False,upper_bound_with_inhaler,0.9627462064603693,0.9627462064603693,36,29
514,12,True,False,True,one_hot,0.9627462064603693,0.9627462064603693,36,30
514,12,True,False,True,lower_bound,0.9627462064603693,0.9627462064603693,36,31
514,12,True,False,True,midpoint,0.9627462064603693,0.9627462064603698,36,32
514,12,True,False,True,midpoint_with_inhaler,0.9627462064603693,0.9627462064603698,36,33
514,12,True,False,True,upper_bound,0.9627462064603693,0.9627462064603693,36,34
514,12,True,False,True,upper_bound_with_inhaler,0.9627462064603693,0.9627462064603693,36,35
514,24,False,False,False,one_hot,0.23121897667818714,0.23121897667818714,36,36
514,24,False,False,False,lower_bound,0.23121897667818714,0.23121897667818714,36,37
514,24,False,False,False,midpoint,0.23121897667818714,0.23121897667818708,36,38
514,24,False,False,False,midpoint_with_inhaler,0.23121897667818714,0.23121897667818708,36,39
514,24,False,False,False,upper_bound,0.23121897667818714,0.23121897667818714,36,40
514,24,False,False,False,upper_bound_with_inhaler,0.23121897667818714,0.23121897667818714,36,41
514,24,False,False,True,one_hot,0.23121897667818714,0.23121897667818714,36,42
514,24,False,False,True,lower_bound,0.23121897667818714,0.23121897667818714,36,43
514,24,False,False,True,midpoint,0.23121897667818714,0.23121897667818708,36,44
514,24,False,False,True,midpoint_with_inhaler,0.23121897667818714,0.23121897667818708,36,45
514,24,False,False,True,upper_bound,0.23121897667818714,0.23121897667818714,36,46
514,24,False,False,True,upper_bound_with_inhaler,0.23121897667818714,0.23121897667818714,36,47
514,24,False,True,False,one_hot,0.09958624552579487,0.09958624552579484,36,48
514,24,False,True,False,lower_bound,0.09958624552579487,0.09958624552579484,36,49
514,24,False,True,False,midpoint,0.09958624552579487,0.09958624552579483,36,50
514,24,False,True,False,midpoint_with_inhaler,0.09958624552579487,0.09958624552579483,36,51
514,24,False,True,False,upper_bound,0.09958624552579487,0.09958624552579484,36,52
514,24,False,True,False,upper_bound_with_inhaler,0.09958624552579487,0.09958624552579484,36,53
514,24,False,True,True,one_hot,0.09958624552579487,0.09958624552579484,36,54
514,24,False,True,True,lower_bound,0.09958624552579487,0.09958624552579484,36,55
514,24,False,True,True,midpoint,0.09958624552579487,0.09958624552579483,36,56
514,24,False,True,True,midpoint_with_inhaler,0.09958624552579487,0.09958624552579483,36,57
514,24,False,True,True,upper_bound,0.09958624552579487,0.09958624552579484,36,58
514,24,False,True,True,upper_bound_with_inhaler,0.09958624552579487,0.09958624552579484,36,59
514,24,True,False,False,one_hot,0.23121897667818714,0.23121897667818714,36,60
514,24,True,False,False,lower_bound,0.23121897667818714,0.23121897667818714,36,61
514,24,True,False,False,midpoint,0.23121897667818714,0.23121897667818708,36,62
514,24,True,False,False,midpoint_with_inhaler,0.23121897667818714,0.23121897667818708,36,63
514,24,True,False,False,upper_bound,0.23121897667818714,0.23121897667818714,36,64
514,24,True,False,False,upper_bound_with_inhaler,0.23121897667818714,0.23121897667818714,36,65
514,24,True,False,True,one_hot,0.23121897667818714,0.23121897667818714,36,66
514,24,True,False,True,lower_bound,0.23121897667818714,0.23121897667818714,36,67
514,24,True,False,True,midpoint,0.23121897667818714,0.23121897667818708,36,68
514,24,True,False,True,midpoint_with_inhaler,0.23121897667818714,0.23121897667818708,36,69
514,24,True,False,True,upper_bound,0.23121897667818714,0.23121897667818714,36,70
514,24,True,False,True,upper_bound_with_inhaler,0.23121897667818714,0.23121897667818714,36,71
514,36,False,False,False,one_hot,0.3436352407130461,0.3436352407130461,36,72
514,36,False,False,False,lower_bound,0.3436352407130461,0.3436352407130461,36,73
514,36,False,False,False,midpoint,0.3436352407130461,0.34363524071304624,36,74
514,36,False,False,False,midpoint_with_inhaler,0.3436352407130461,0.34363524071304624,36,75
514,36,False,False,False,upper_bound,0.3436352407130461,0.3436352407130461,36,76
514,36,False,False,False,upper_bound_with_inhaler,0.3436352407130461,0.3436352407130461,36,77
514,36,False,False,True,one_hot,0.3436352407130461,0.3436352407130461,36,78
514,36,False,False,True,lower_bound,0.3436352407130461,0.3436352407130461,36,79
514,36,False,False,True,midpoint,0.3436352407130461,0.34363524071304624,36,80
514,36,False,False,True,midpoint_with_inhaler,0.3436352407130461,0.34363524071304624,36,81
514,36,False,False,True,upper_bound,0.3436352407130461,0.3436352407130461,36,82
514,36,False,False,True,upper_bound_with_inhaler,0.3436352407130461,0.3436352407130461,36,83
514,36,True,False,False,one_hot,0.05685737306497463,0.056857373064974674,36,84
514,36,True,False,False,lower_bound,0.05685737306497463,0.056857373064974674,36,85
514,36,True,False,False,midpoint,0.05685737306497463,0.05685737306497464,36,86
514,36,True,False,False,midpoint_with_inhaler,0.05685737306497463,0.05685737306497464,36,87
514,36,True,False,False,upper_bound,0.05685737306497463,0.056857373064974674,36,88
514,36,True,False,False,upper_bound_with_inhaler,0.05685737306497463,0.056857373064974674,36,89
514,36,True,False,True,one_hot,0.05685737306497463,0.056857373064974674,36,90
514,36,True,False,True,lower_bound,0.05685737306497463,0.056857373064974674,36,91
514,36,True,False,True,midpoint,0.05685737306497463,0.05685737306497464,36,92
514,36,True,False,True,midpoint_with_inhaler,0.05685737306497463,0.05685737306497464,36,93
514,36,True,False,True,upper_bound,0.05685737306497463,0.056857373064974674,36,94
514,36,True,False,True,upper_bound_with_inhaler,0.05685737306497463,0.056857373064974674,36,95
514,48,False,False,False,one_hot,0.3258154654932018,0.3258154654932017,36,96
514,48,False,False,False,lower_bound,0.3258154654932018,0.3258154654932017,36,97
514,48,False,False,False,midpoint,0.3258154654932018,0.3258154654932018,36,98
514,48,False,False,False,midpoint_with_inhaler,0.3258154654932018,0.3258154654932018,36,99
514,48,False,False,False,upper_bound,0.3258154654932018,0.3258154654932017,36,100
514,48,False,False,False,upper_bound_with_inhaler,0.3258154654932018,0.3258154654932017,36,101
514,48,False,False,True,one_hot,0.3258154654932018,0.3258154654932017,36,102
514,48,False,False,True,lower_bound,0.3258154654932018,0.3258154654932017,36,103
514,48,False,False,True,midpoint,0.3258154654932018,0.3258154654932018,36,104
514,48,False,False,True,midpoint_with_inhaler,0.3258154654932018,0.3258154654932018,36,105
514,48,False,False,True,upper_bound,0.3258154654932018,0.3258154654932017,36,106
514,48,False,False,True,upper_bound_with_inhaler,0.3258154654932018,0.3258154654932017,36,107
514,48,False,True,False,one_hot,0.042666014010690374,0.042666014010690374,36,108
514,48,False,True,False,lower_bound,0.042666014010690374,0.042666014010690374,36,109
514,48,False,True,False,midpoint,0.042666014010690374,0.042666014010690374,36,110
514,48,False,True,False,midpoint_with_inhaler,0.042666014010690374,0.042666014010690374,36,111
514,48,False,True,False,upper_bound,0.042666014010690374,0.042666014010690374,36,112
514,48,False,True,False,upper_bound_with_inhaler,0.042666014010690374,0.042666014010690374,36,113
514,48,False,True,True,one_hot,0.042666014010690374,0.042666014010690374,36,114
514,48,False,True,True,lower_bound,0.042666014010690374,0.042666014010690374,36,115
514,48,False,True,True,midpoint,0.042666014010690374,0.042666014010690374,36,116
514,48,False,True,True,midpoint_with_inhaler,0.042666014010690374,0.042666014010690374,36,117
514,48,False,True,True,upper_bound,0.042666014010690374,0.042666014010690374,36,118
514,48,False,True,True,upper_bound_with_inhaler,0.042666014010690374,0.042666014010690374,36,119
514,48,True,False,False,one_hot,0.04728075922696391,0.04728075922696393,36,120
514,48,True,False,False,lower_bound,0.04728075922696391,0.04728075922696393,36,121
514,48,True,False,False,midpoint,0.04728075922696391,0.047280759226963925,36,122
514,48,True,False,False,midpoint_with_inhaler,0.04728075922696391,0.047280759226963925,36,123
514,48,True,False,False,upper_bound,0.04728075922696391,0.04728075922696393,36,124
514,48,True,False,False,upper_bound_with_inhaler,0.04728075922696391,0.04728075922696393,36,125
514,48,True,False,True,one_hot,0.04728075922696391,0.04728075922696393,36,126
514,48,True,False,True,lower_bound,0.04728075922696391,0.04728075922696393,36,127
514,48,True,False,True,midpoint,0.04728075922696391,0.047280759226963925,36,128
514,48,True,False,True,midpoint_with_inhaler,0.04728075922696391,0.047280759226963925,36,129
514,48,True,False,True,upper_bound,0.04728075922696391,0.04728075922696393,36,130
514,48,True,False,True,upper_bound_with_inhaler,0.04728075922696391,0.04728075922696393,36,131
625,12,False,False,False,one_hot,-0.01587434915729012,-0.01587434915729012,16,0
625,12,False,False,False,lower_bound,0.1315245153182747,0.36616409632542324,16,1
625,12,False,False,False,midpoint,0.1315245153182747,0.2734293790994412,16,2
625,12,False,False,False,midpoint_with_inhaler,0.1315245153182747,0.2734293790994412,16,3
625,12,False,False,False,upper_bound,0.1315245153182747,0.2116177296053741,16,4
625,12,False,False,False,upper_bound_with_inhaler,0.1315245153182747,0.2116177296053741,16,5
625,12,False,False,True,one_hot,-0.01587434915729012,-0.01587434915729012,16,6
625,12,False,False,True,lower_bound,0.1315245153182747,0.36616409632542324,16,7
625,12,False,False,True,midpoint,0.1315245153182747,0.2734293790994412,16,8
625,12,False,False,True,midpoint_with_inhaler,0.1315245153182747,0.2734293790994412,16,9
625,12,False,False,True,upper_bound,0.1315245153182747,0.2116177296053741,16,10
625,12,False,False,True,upper_bound_with_inhaler,0.1315245153182747,0.2116177296053741,16,11
625,12,False,True,False,one_hot,-0.1012154814198591,-0.1012154814198591,16,12
625,12,False,True,False,lower_bound,0.15031250661915593,0.10091485839387296,16,13
625,12,False,True,False,midpoint,0.15031250661915593,0.07637528704590854,16,14
625,12,False,True,False,midpoint_with_inhaler,0.15031250661915593,0.07637528704590854,16,15
625,12,False,True,False,upper_bound,0.15031250661915593,0.05561281755511217,16,16
625,12,False,True,False,upper_bound_with_inhaler,0.15031250661915593,0.05561281755511217,16,17
625,12,False,True,True,one_hot,-0.1012154814198591,-0.1012154814198591,16,18
625,12,False,True,True,lower_bound,0.15031250661915593,0.10091485839387296,16,19
625,12,False,True,True,midpoint,0.15031250661915593,0.07637528704590854,16,20
625,12,False,True,True,midpoint_with_inhaler,0.15031250661915593,0.07637528704590854,16,21
625,12,False,True,True,upper_bound,0.15031250661915593,0.05561281755511217,16,22
625,12,False,True,True,upper_bound_with_inhaler,0.15031250661915593,0.05561281755511217,16,23
625,12,True,False,False,one_hot,0.3015932993431672,0.3015932993431672,16,24
625,12,True,False,False,lower_bound,0.6637383087387722,0.2840376854279981,16,25
625,12,True,False,False,midpoint,0.6637383087387722,0.30739312198109536,16,26
625,12,True,False,False,midpoint_with_inhaler,0.6637383087387722,0.30739312198109536,16,27
625,12,True,False,False,upper_bound,0.6637383087387722,0.32153155677232476,16,28
625,12,True,False,False,upper_bound_with_inhaler,0.6637383087387722,0.32153155677232476,16,29
625,12,True,False,True,one_hot,0.3015932993431672,0.3015932993431672,16,30
625,12,True,False,True,lower_bound,0.6637383087387722,0.2840376854279981,16,31
625,12,True,False,True,midpoint,0.6637383087387722,0.30739312198109536,16,32
625,12,True,False,True,midpoint_with_inhaler,0.6637383087387722,0.30739312198109536,16,33
625,12,True,False,True,upper_bound,0.6637383087387722,0.32153155677232476,16,34
625,12,True,False,True,upper_bound_with_inhaler,0.6637383087387722,0.32153155677232476,16,35
625,24,False,False,False,one_hot,-0.23177291660755062,-0.23177291660755062,16,36
625,24,False,False,False,lower_bound,-0.14918504591336731,-0.021643822603264647,16,37
625,24,False,False,False,midpoint,-0.14918504591336731,-0.05372821488992921,16,38
625,24,False,False,False,midpoint_with_inhaler,-0.14918504591336731,-0.05372821488992921,16,39
625,24,False,False,False,upper_bound,-0.14918504591336731,-0.07445024461996239,16,40
625,24,False,False,False,upper_bound_with_inhaler,-0.14918504591336731,-0.07445024461996239,16,41
625,24,False,False,True,one_hot,-0.23177291660755062,-0.23177291660755062,16,42
625,24,False,False,True,lower_bound,-0.14918504591336731,-0.021643822603264647,16,43
625,24,False,False,True,midpoint,-0.14918504591336731,-0.05372821488992921,16,44
625,24,False,False,True,midpoint_with_inhaler,-0.14918504591336731,-0.05372821488992921,16,45
625,24,False,False,True,upper_bound,-0.14918504591336731,-0.07445024461996239,16,46
625,24,False,False,True,upper_bound_with_inhaler,-0.14918504591336731,-0.07445024461996239,16,47
625,24,False,True,False,one_hot,0.0728679935556698,0.0728679935556698,16,48
625,24,False,True,False,lower_bound,0.06184952152931366,0.026995641033902548,16,49
625,24,False,True,False,midpoint,0.06184952152931366,-0.0026686777492671795,16,50
625,24,False,True,False,midpoint_with_inhaler,0.06184952152931366,-0.0026686777492671795,16,51
625,24,False,True,False,upper_bound,0.06184952152931366,-0.025202966398495983,16,52
625,24,False,True,False,upper_bound_with_inhaler,0.06184952152931366,-0.025202966398495983,16,53
625,24,False,True,True,one_hot,0.0728679935556698,0.0728679935556698,16,54
625,24,False,True,True,lower_bound,0.06184952152931366,0.026995641033902548,16,55
625,24,False,True,True,midpoint,0.06184952152931366,-0.0026686777492671795,16,56
625,24,False,True,True,midpoint_with_inhaler,0.06184952152931366,-0.0026686777492671795,16,57
625,24,False,True,True,upper_bound,0.06184952152931366,-0.025202966398495983,16,58
625,24,False,True,True,upper_bound_with_inhaler,0.06184952152931366,-0.025202966398495983,16,59
625,24,True,False,False,one_hot,-0.23177291660755062,-0.23177291660755062,16,60
625,24,True,False,False,lower_bound,-0.14918504591336731,-0.021643822603264647,16,61
625,24,True,False,False,midpoint,-0.14918504591336731,-0.05372821488992921,16,62
625,24,True,False,False,midpoint_with_inhaler,-0.14918504591336731,-0.05372821488992921,16,63
625,24,True,False,False,upper_bound,-0.14918504591336731,-0.07445024461996239,16,64
625,24,True,False,False,upper_bound_with_inhaler,-0.14918504591336731,-0.07445024461996239,16,65
625,24,True,False,True,one_hot,-0.23177291660755062,-0.23177291660755062,16,66
625,24,True,False,True,lower_bound,-0.14918504591336731,-0.021643822603264647,16,67
625,24,True,False,True,midpoint,-0.14918504591336731,-0.05372821488992921,16,68
625,24,True,False,True,midpoint_with_inhaler,-0.14918504591336731,-0.05372821488992921,16,69
625,24,True,False,True,upper_bound,-0.14918504591336731,-0.07445024461996239,16,70
625,24,True,False,True,upper_bound_with_inhaler,-0.14918504591336731,-0.07445024461996239,16,71
625,36,False,False,False,one_hot,-0.23177291660755062,-0.23177291660755062,16,72
625,36,False,False,False,lower_bound,-0.06237749025360262,0.1266365208113739,16,73
625,36,False,False,False,midpoint,-0.06237749025360262,0.06188300425862863,16,74
625,36,False,False,False,midpoint_with_inhaler,-0.06237749025360262,0.06188300425862863,16,75
625,36,False,False,False,upper_bound,-0.06237749025360262,0.012164106006547638,16,76
625,36,False,False,False,upper_bound_with_inhaler,-0.06237749025360262,0.012164106006547638,16,77
625,36,False,False,True,one_hot,-0.23177291660755062,-0.23177291660755062,16,78
625,36,False,False,True,lower_bound,-0.06237749025360262,0.1266365208113739,16,79
625,36,False,False,True,midpoint,-0.06237749025360262,0.06188300425862863,16,80
625,36,False,False,True,midpoint_with_inhaler,-0.06237749025360262,0.06188300425862863,16,81
625,36,False,False,True,upper_bound,-0.06237749025360262,0.012164106006547638,16,82
625,36,False,False,True,upper_bound_with_inhaler,-0.06237749025360262,0.012164106006547638,16,83
625,36,True,False,False,one_hot,-0.34657359027997264,-0.34657359027997264,16,84
625,36,True,False,False,lower_bound,0.04742034397762534,0.0782162532021276,16,85
625,36,True,False,False,midpoint,0.04742034397762534,0.04340326279067304,16,86
625,36,True,False,False,midpoint_with_inhaler,0.04742034397762534,0.04340326279067304,16,87
625,36,True,False,False,upper_bound,0.04742034397762534,0.01430567833150433,16,88
625,36,True,False,False,upper_bound_with_inhaler,0.04742034397762534,0.01430567833150433,16,89
625,36,True,False,True,one_hot,-0.34657359027997264,-0.34657359027997264,16,90
625,36,True,False,True,lower_bound,0.04742034397762534,0.0782162532021276,16,91
625,36,True,False,True,midpoint,0.04742034397762534,0.04340326279067304,16,92
625,36,True,False,True,midpoint_with_inhaler,0.04742034397762534,0.04340326279067304,16,93
625,36,True,False,True,upper_bound,0.04742034397762534,0.01430567833150433,16,94
625,36,True,False,True,upper_bound_with_inhaler,0.04742034397762534,0.01430567833150433,16,95
625,48,False,False,False,one_hot,,,16,96
625,48,False,False,False,lower_bound,0.29124125478654417,0.6042899087305407,16,97
625,48,False,False,False,midpoint,0.29124125478654417,0.5526602843051593,16,98
625,48,False,False,False,midpoint_with_inhaler,0.29124125478654417,0.5526602843051593,16,99
625,48,False,False,False,upper_bound,0.29124125478654417,0.5143977599120123,16,100
625,48,False,False,False,upper_bound_with_inhaler,0.29124125478654417,0.5143977599120123,16,101
625,48,False,False,True,one_hot,,,16,102
625,48,False,False,True,lower_bound,0.29124125478654417,0.6042899087305407,16,103
625,48,False,False,True,midpoint,0.29124125478654417,0.5526602843051593,16,104
625,48,False,False,True,midpoint_with_inhaler,0.29124125478654417,0.5526602843051593,16,105
625,48,False,False,True,upper_bound,0.29124125478654417,0.5143977599120123,16,106
625,48,False,False,True,upper_bound_with_inhaler,0.29124125478654417,0.5143977599120123,16,107
625,48,False,True,False,one_hot,0.04765508990216245,0.04765508990216245,16,108
625,48,False,True,False,lower_bound,0.07621560820256942,0.32718347127594977,16,109
625,48,False,True,False,midpoint,0.07621560820256942,0.3275015658220149,16,110
625,48,False,True,False,midpoint_with_inhaler,0.07621560820256942,0.3275015658220149,16,111
625,48,False,True,False,upper_bound,0.07621560820256942,0.3267265987972174,16,112
625,48,False,True,False,upper_bound_with_inhaler,0.07621560820256942,0.3267265987972174,16,113
625,48,False,True,True,one_hot,0.04765508990216245,0.04765508990216245,16,114
625,48,False,True,True,lower_bound,0.07621560820256942,0.32718347127594977,16,115
625,48,False,True,True,midpoint,0.07621560820256942,0.3275015658220149,16,116
625,48,False,True,True,midpoint_with_inhaler,0.07621560820256942,0.3275015658220149,16,117
625,48,False,True,True,upper_bound,0.07621560820256942,0.3267265987972174,16,118
625,48,False,True,True,upper_bound_with_inhaler,0.07621560820256942,0.3267265987972174,16,119
625,48,True,False,False,one_hot,-0.051008913336261,-0.051008913336261,16,120
625,48,True,False,False,lower_bound,0.058134397277007734,0.3279533773089978,16,121
625,48,True,False,False,midpoint,0.058134397277007734,0.3122477435493979,16,122
625,48,True,False,False,midpoint_with_inhaler,0.058134397277007734,0.3122477435493979,16,123
625,48,True,False,False,upper_bound,0.058134397277007734,0.2994241925551438,16,124
625,48,True,False,False,upper_bound_with_inhaler,0.058134397277007734,0.2994241925551438,16,125
625,48,True,False,True,one_hot,-0.051008913336261,-0.051008913336261,16,126
625,48,True,False,True,lower_bound,0.058134397277007734,0.3279533773089978,16,127
625,48,True,False,True,midpoint,0.058134397277007734,0.3122477435493979,16,128
625,48,True,False,True,midpoint_with_inhaler,0.058134397277007734,0.3122477435493979,16,129
625,48,True,False,True,upper_bound,0.058134397277007734,0.2994241925551438,16,130
625,48,True,False,True,upper_bound_with_inhaler,0.058134397277007734,0.2994241925551438,16,131
701,12,False,False,False,one_hot,,,30,0
701,12,False,False,False,lower_bound,-0.019445797551662564,-0.034788992492716234,30,1
701,12,False,False,False,midpoint,-0.019445797551662564,-0.06449494972261174,30,2
701,12,False,False,False,midpoint_with_inhaler,-0.019445797551662564,-0.06449494972261174,30,3
701,12,False,False,False,upper_bound,-0.019445797551662564,-0.08381053033975926,30,4
701,12,False,False,False,upper_bound_with_inhaler,-0.019445797551662564,-0.08381053033975926,30,5
701,12,False,False,True,one_hot,,,30,6
701,12,False,False,True,lower_bound,-0.019445797551662564,-0.034788992492716234,30,7
701,12,False,False,True,midpoint,-0.019445797551662564,-0.06449494972261174,30,8
701,12,False,False,True,midpoint_with_inhaler,-0.019445797551662564,-0.06449494972261174,30,9
701,12,False,False,True,upper_bound,-0.019445797551662564,-0.08381053033975926,30,10
701,12,False,False,True,upper_bound_with_inhaler,-0.019445797551662564,-0.08381053033975926,30,11
701,12,False,True,False,one_hot,,,30,12
701,12,False,True,False,lower_bound,0.20123716985966864,0.2432753658939507,30,13
701,12,False,True,False,midpoint,0.20123716985966864,0.2057259776917156,30,14
701,12,False,True,False,midpoint_with_inhaler,0.20123716985966864,0.2057259776917156,30,15
701,12,False,True,False,upper_bound,0.20123716985966864,0.19045089121942738,30,16
701,12,False,True,False,upper_bound_with_inhaler,0.20123716985966864,0.19045089121942738,30,17
701,12,False,True,True,one_hot,,,30,18
701,12,False,True,True,lower_bound,0.20123716985966864,0.2432753658939507,30,19
701,12,False,True,True,midpoint,0.20123716985966864,0.2057259776917156,30,20
701,12,False,True,True,midpoint_with_inhaler,0.20123716985966864,0.2057259776917156,30,21
701,12,False,True,True,upper_bound,0.20123716985966864,0.19045089121942738,30,22
701,12,False,True,True,upper_bound_with_inhaler,0.20123716985966864,0.19045089121942738,30,23
701,12,True,False,False,one_hot,,,30,24
701,12,True,False,False,lower_bound,0.08211027138438985,0.1167954743958436,30,25
701,12,True,False,False,midpoint,0.08211027138438985,0.08585122873312141,30,26
701,12,True,False,False,midpoint_with_inhaler,0.08211027138438985,0.08585122873312141,30,27
701,12,True,False,False,upper_bound,0.08211027138438985,0.07280739972021257,30,28
701,12,True,False,False,upper_bound_with_inhaler,0.08211027138438985,0.07280739972021257,30,29
701,12,True,False,True,one_hot,,,30,30
701,12,True,False,True,lower_bound,0.08211027138438985,0.1167954743958436,30,31
701,12,True,False,True,midpoint,0.08211027138438985,0.08585122873312141,30,32
701,12,True,False,True,midpoint_with_inhaler,0.08211027138438985,0.08585122873312141,30,33
701,12,True,False,True,upper_bound,0.08211027138438985,0.07280739972021257,30,34
701,12,True,False,True,upper_bound_with_inhaler,0.08211027138438985,0.07280739972021257,30,35
701,24,False,False,False,one_hot,,,30,36
701,24,False,False,False,lower_bound,0.26996224218733883,0.33838654275896046,30,37
701,24,False,False,False,midpoint,0.26996224218733883,0.268612629571938,30,38
701,24,False,False,False,midpoint_with_inhaler,0.26996224218733883,0.268612629571938,30,39
701,24,False,False,False,upper_bound,0.26996224218733883,0.23435346666768414,30,40
701,24,False,False,False,upper_bound_with_inhaler,0.26996224218733883,0.23435346666768414,30,41
701,24,False,False,True,one_hot,,,30,42
701,24,False,False,True,lower_bound,0.26996224218733883,0.33838654275896046,30,43
701,24,False,False,True,midpoint,0.26996224218733883,0.268612629571938,30,44
701,24,False,False,True,midpoint_with_inhaler,0.26996224218733883,0.268612629571938,30,45
701,24,False,False,True,upper_bound,0.26996224218733883,0.23435346666768414,30,46
701,24,False,False,True,upper_bound_with_inhaler,0.26996224218733883,0.23435346666768414,30,47
701,24,False,True,False,one_hot,,,30,48
701,24,False,True,False,lower_bound,0.1529220392849423,0.1371897237233022,30,49
701,24,False,True,False,midpoint,0.1529220392849423,0.15246483489706505,30,50
701,24,False,True,False,midpoint_with_inhaler,0.1529220392849423,0.15246483489706505,30,51
701,24,False,True,False,upper_bound,0.1529220392849423,0.15882150293772726,30,52
701,24,False,True,False,upper_bound_with_inhaler,0.1529220392849423,0.15882150293772726,30,53
701,24,False,True,True,one_hot,,,30,54
701,24,False,True,True,lower_bound,0.1529220392849423,0.1371897237233022,30,55
701,24,False,True,True,midpoint,0.1529220392849423,0.15246483489706505,30,56
701,24,False,True,True,midpoint_with_inhaler,0.1529220392849423,0.15246483489706505,30,57
701,24,False,True,True,upper_bound,0.1529220392849423,0.15882150293772726,30,58
701,24,False,True,True,upper_bound_with_inhaler,0.1529220392849423,0.15882150293772726,30,59
701,24,True,False,False,one_hot,,,30,60
701,24,True,False,False,lower_bound,0.26996224218733883,0.33838654275896046,30,61
701,24,True,False,False,midpoint,0.26996224218733883,0.268612629571938,30,62
701,24,True,False,False,midpoint_with_inhaler,0.26996224218733883,0.268612629571938,30,63
701,24,True,False,False,upper_bound,0.26996224218733883,0.23435346666768414,30,64
701,24,True,False,False,upper_bound_with_inhaler,0.26996224218733883,0.23435346666768414,30,65
701,24,True,False,True,one_hot,,,30,66
701,24,True,False,True,lower_bound,0.26996224218733883,0.33838654275896046,30,67
701,24,True,False,True,midpoint,0.26996224218733883,0.268612629571938,30,68
701,24,True,False,True,midpoint_with_inhaler,0.26996224218733883,0.268612629571938,30,69
701,24,True,False,True,upper_bound,0.26996224218733883,0.23435346666768414,30,70
701,24,True,False,True,upper_bound_with_inhaler,0.26996224218733883,0.23435346666768414,30,71
701,36,False,False,False,one_hot,,,30,72
701,36,False,False,False,lower_bound,0.0846734142501077,0.09801799358531604,30,73
701,36,False,False,False,midpoint,0.0846734142501077,0.09470539461858611,30,74
701,36,False,False,False,midpoint_with_inhaler,0.0846734142501077,0.09470539461858611,30,75
701,36,False,False,False,upper_bound,0.0846734142501077,0.10063295715077655,30,76
701,36,False,False,False,upper_bound_with_inhaler,0.0846734142501077,0.10063295715077655,30,77
701,36,False,False,True,one_hot,,,30,78
701,36,False,False,True,lower_bound,0.0846734142501077,0.09801799358531604,30,79
701,36,False,False,True,midpoint,0.0846734142501077,0.09470539461858611,30,80
701,36,False,False,True,midpoint_with_inhaler,0.0846734142501077,0.09470539461858611,30,81
701,36,False,False,True,upper_bound,0.0846734142501077,0.10063295715077655,30,82
701,36,False,False,True,upper_bound_with_inhaler,0.0846734142501077,0.10063295715077655,30,83
701,36,True,False,False,one_hot,,,30,84
701,36,True,False,False,lower_bound,0.003384518313097105,-0.00287741092411351,30,85
701,36,True,False,False,midpoint,0.003384518313097105,0.0007577257317208365,30,86
701,36,True,False,False,midpoint_with_inhaler,0.003384518313097105,0.0007577257317208365,30,87
701,36,True,False,False,upper_bound,0.003384518313097105,0.001848525680871517,30,88
701,36,True,False,False,upper_bound_with_inhaler,0.003384518313097105,0.001848525680871517,30,89
701,36,True,False,True,one_hot,,,30,90
701,36,True,False,True,lower_bound,0.003384518313097105,-0.00287741092411351,30,91
701,36,True,False,True,midpoint,0.003384518313097105,0.0007577257317208365,30,92
701,36,True,False,True,midpoint_with_inhaler,0.003384518313097105,0.0007577257317208365,30,93
701,36,True,False,True,upper_bound,0.003384518313097105,0.001848525680871517,30,94
701,36,True,False,True,upper_bound_with_inhaler,0.003384518313097105,0.001848525680871517,30,95
701,48,False,False,False,one_hot,,,30,96
701,48,False,False,False,lower_bound,0.21808281979090574,0.31926711179466755,30,97
701,48,False,False,False,midpoint,0.21808281979090574,0.2949717888142167,30,98
701,48,False,False,False,midpoint_with_inhaler,0.21808281979090574,0.2949717888142167,30,99
701,48,False,False,False,upper_bound,0.21808281979090574,0.28290993415169313,30,100
701,48,False,False,False,upper_bound_with_inhaler,0.21808281979090574,0.28290993415169313,30,101
701,48,False,False,True,one_hot,,,30,102
701,48,False,False,True,lower_bound,0.21808281979090574,0.31926711179466755,30,103
701,48,False,False,True,midpoint,0.21808281979090574,0.2949717888142167,30,104
701,48,False,False,True,midpoint_with_inhaler,0.21808281979090574,0.2949717888142167,30,105
701,48,False,False,True,upper_bound,0.21808281979090574,0.28290993415169313,30,106
701,48,False,False,True,upper_bound_with_inhaler,0.21808281979090574,0.28290993415169313,30,107
701,48,False,True,False,one_hot,,,30,108
701,48,False,True,False,lower_bound,-0.19335882003825938,-0.2442326216498106,30,109
701,48,False,True,False,midpoint,-0.19335882003825938,-0.20511615102309455,30,110
701,48,False,True,False,midpoint_with_inhaler,-0.19335882003825938,-0.20511615102309455,30,111
701,48,False,True,False,upper_bound,-0.19335882003825938,-0.17980408953133292,30,112
701,48,False,True,False,upper_bound_with_inhaler,-0.19335882003825938,-0.17980408953133292,30,113
701,48,False,True,True,one_hot,,,30,114
701,48,False,True,True,lower_bound,-0.19335882003825938,-0.2442326216498106,30,115
701,48,False,True,True,midpoint,-0.19335882003825938,-0.20511615102309455,30,116
701,48,False,True,True,midpoint_with_inhaler,-0.19335882003825938,-0.20511615102309455,30,117
701,48,False,True,True,upper_bound,-0.19335882003825938,-0.17980408953133292,30,118
701,48,False,True,True,upper_bound_with_inhaler,-0.19335882003825938,-0.17980408953133292,30,119
701,48,True,False,False,one_hot,,,30,120
701,48,True,False,False,lower_bound,0.06432362020025084,0.05994410406300846,30,121
701,48,True,False,False,midpoint,0.06432362020025084,0.06219313290524576,30,122
701,48,True,False,False,midpoint_with_inhaler,0.06432362020025084,0.06219313290524576,30,123
701,48,True,False,False,upper_bound,0.06432362020025084,0.06204157099940501,30,124
701,48,True,False,False,upper_bound_with_inhaler,0.06432362020025084,0.06204157099940501,30,125
701,48,True,False,True,one_hot,,,30,126
701,48,True,False,True,lower_bound,0.06432362020025084,0.05994410406300846,30,127
701,48,True,False,True,midpoint,0.06432362020025084,0.06219313290524576,30,128
701,48,True,False,True,midpoint_with_inhaler,0.06432362020025084,0.06219313290524576,30,129
701,48,True,False,True,upper_bound,0.06432362020025084,0.06204157099940501,30,130
701,48,True,False,True,upper_bound_with_inhaler,0.06432362020025084,0.06204157099940501,30,131
702,12,False,False,False,one_hot,0.482535041073543,0.482535041073543,120,0
702,12,False,False,False,lower_bound,0.5316729146495919,1.0076632765861162,120,1
702,12,False,False,False,midpoint,0.5316729146495919,0.9409770685699751,120,2
702,12,False,False,False,midpoint_with_inhaler,0.5316729146495919,0.9409770685699751,120,3
702,12,False,False,False,upper_bound,0.5316729146495919,0.896854695484811,120,4
702,12,False,False,False,upper_bound_with_inhaler,0.5316729146495919,0.896854695484811,120,5
702,12,False,False,True,one_hot,0.482535041073543,0.482535041073543,120,6
702,12,False,False,True,lower_bound,0.5316729146495919,1.0076632765861162,120,7
702,12,False,False,True,midpoint,0.5316729146495919,0.9409770685699751,120,8
702,12,False,False,True,midpoint_with_inhaler,0.5316729146495919,0.9409770685699751,120,9
702,12,False,False,True,upper_bound,0.5316729146495919,0.896854695484811,120,10
702,12,False,False,True,upper_bound_with_inhaler,0.5316729146495919,0.896854695484811,120,11
702,12,False,True,False,one_hot,0.3416357182050882,0.3416357182050882,120,12
702,12,False,True,False,lower_bound,0.42603206670158467,0.45442118721770464,120,13
702,12,False,True,False,midpoint,0.42603206670158467,0.4687768320195857,120,14
702,12,False,True,False,midpoint_with_inhaler,0.42603206670158467,0.4687768320195857,120,15
702,12,False,True,False,upper_bound,0.42603206670158467,0.47088108606995943,120,16
702,12,False,True,False,upper_bound_with_inhaler,0.42603206670158467,0.47088108606995943,120,17
702,12,False,True,True,one_hot,0.3416357182050882,0.3416357182050882,120,18
702,12,False,True,True,lower_bound,0.42603206670158467,0.45442118721770464,120,19
702,12,False,True,True,midpoint,0.42603206670158467,0.4687768320195857,120,20
702,12,False,True,True,midpoint_with_inhaler,0.42603206670158467,0.4687768320195857,120,21
702,12,False,True,True,upper_bound,0.42603206670158467,0.47088108606995943,120,22
702,12,False,True,True,upper_bound_with_inhaler,0.42603206670158467,0.47088108606995943,120,23
702,12,True,False,False,one_hot,0.41965968621646865,0.41965968621646865,120,24
702,12,True,False,False,lower_bound,0.5152442967381051,0.9409110975579468,120,25
702,12,True,False,False,midpoint,0.5152442967381051,0.9196838541182982,120,26
702,12,True,False,False,midpoint_with_inhaler,0.5152442967381051,0.9196838541182982,120,27
702,12,True,False,False,upper_bound,0.5152442967381051,0.890136738026506,120,28
702,12,True,False,False,upper_bound_with_inhaler,0.5152442967381051,0.890136738026506,120,29
702,12,True,False,True,one_hot,0.41965968621646865,0.41965968621646865,120,30
702,12,True,False,True,lower_bound,0.5152442967381051,0.9409110975579468,120,31
702,12,True,False,True,midpoint,0.5152442967381051,0.9196838541182982,120,32
702,12,True,False,True,midpoint_with_inhaler,0.5152442967381051,0.9196838541182982,120,33
702,12,True,False,True,upper_bound,0.5152442967381051,0.890136738026506,120,34
702,12,True,False,True,upper_bound_with_inhaler,0.5152442967381051,0.890136738026506,120,35
702,24,False,False,False,one_hot,0.4620206915806937,0.4620206915806938,120,36
702,24,False,False,False,lower_bound,0.5588880679673509,0.9348908148199773,120,37
702,24,False,False,False,midpoint,0.5588880679673509,0.9002407641345125,120,38
702,24,False,False,False,midpoint_with_inhaler,0.5588880679673509,0.9002407641345125,120,39
702,24,False,False,False,upper_bound,0.5588880679673509,0.8675120713504216,120,40
702,24,False,False,False,upper_bound_with_inhaler,0.5588880679673509,0.8675120713504216,120,41
702,24,False,False,True,one_hot,0.4620206915806937,0.4620206915806938,120,42
702,24,False,False,True,lower_bound,0.5588880679673509,0.9348908148199773,120,43
702,24,False,False,True,midpoint,0.5588880679673509,0.9002407641345125,120,44
702,24,False,False,True,midpoint_with_inhaler,0.5588880679673509,0.9002407641345125,120,45
702,24,False,False,True,upper_bound,0.5588880679673509,0.8675120713504216,120,46
702,24,False,False,True,upper_bound_with_inhaler,0.5588880679673509,0.8675120713504216,120,47
702,24,False,True,False,one_hot,0.47357145530561934,0.47357145530561934,120,48
702,24,False,True,False,lower_bound,0.5624581800764119,1.1063293290481682,120,49
702,24,False,True,False,midpoint,0.5624581800764119,1.052826647254463,120,50
702,24,False,True,False,midpoint_with_inhaler,0.5624581800764119,1.052826647254463,120,51
702,24,False,True,False,upper_bound,0.5624581800764119,1.0005808812521788,120,52
702,24,False,True,False,upper_bound_with_inhaler,0.5624581800764119,1.0005808812521788,120,53
702,24,False,True,True,one_hot,0.47357145530561934,0.47357145530561934,120,54
702,24,False,True,True,lower_bound,0.5624581800764119,1.1063293290481682,120,55
702,24,False,True,True,midpoint,0.5624581800764119,1.052826647254463,120,56
702,24,False,True,True,midpoint_with_inhaler,0.5624581800764119,1.052826647254463,120,57
702,24,False,True,True,upper_bound,0.5624581800764119,1.0005808812521788,120,58
702,24,False,True,True,upper_bound_with_inhaler,0.5624581800764119,1.0005808812521788,120,59
702,24,True,False,False,one_hot,0.4620206915806937,0.4620206915806938,120,60
702,24,True,False,False,lower_bound,0.5588880679673509,0.9348908148199773,120,61
702,24,True,False,False,midpoint,0.5588880679673509,0.9002407641345125,120,62
702,24,True,False,False,midpoint_with_inhaler,0.5588880679673509,0.9002407641345125,120,63
702,24,True,False,False,upper_bound,0.5588880679673509,0.8675120713504216,120,64
702,24,True,False,False,upper_bound_with_inhaler,0.5588880679673509,0.8675120713504216,120,65
702,24,True,False,True,one_hot,0.4620206915806937,0.4620206915806938,120,66
702,24,True,False,True,lower_bound,0.5588880679673509,0.9348908148199773,120,67
702,24,True,False,True,midpoint,0.5588880679673509,0.9002407641345125,120,68
702,24,True,False,True,midpoint_with_inhaler,0.5588880679673509,0.9002407641345125,120,69
702,24,True,False,True,upper_bound,0.5588880679673509,0.8675120713504216,120,70
702,24,True,False,True,upper_bound_with_inhaler,0.5588880679673509,0.8675120713504216,120,71
702,36,False,False,False,one_hot,0.39200485431337445,0.39200485431337445,120,72
702,36,False,False,False,lower_bound,0.5836573389441442,1.362868845134728,120,73
702,36,False,False,False,midpoint,0.5836573389441442,1.26367493027671,120,74
702,36,False,False,False,midpoint_with_inhaler,0.5836573389441442,1.26367493027671,120,75
702,36,False,False,False,upper_bound,0.5836573389441442,1.1781226172153945,120,76
702,36,False,False,False,upper_bound_with_inhaler,0.5836573389441442,1.1781226172153945,120,77
702,36,False,False,True,one_hot,0.39200485431337445,0.39200485431337445,120,78
702,36,False,False,True,lower_bound,0.5836573389441442,1.362868845134728,120,79
702,36,False,False,True,midpoint,0.5836573389441442,1.26367493027671,120,80
702,36,False,False,True,midpoint_with_inhaler,0.5836573389441442,1.26367493027671,120,81
702,36,False,False,True,upper_bound,0.5836573389441442,1.1781226172153945,120,82
702,36,False,False,True,upper_bound_with_inhaler,0.5836573389441442,1.1781226172153945,120,83
702,36,True,False,False,one_hot,0.4110823984098572,0.4110823984098572,120,84
702,36,True,False,False,lower_bound,0.4800516729259232,0.7278087538565807,120,85
702,36,True,False,False,midpoint,0.4800516729259232,0.6857743495996583,120,86
702,36,True,False,False,midpoint_with_inhaler,0.4800516729259232,0.6857743495996583,120,87
702,36,True,False,False,upper_bound,0.4800516729259232,0.6508476323878213,120,88
702,36,True,False,False,upper_bound_with_inhaler,0.4800516729259232,0.6508476323878213,120,89
702,36,True,False,True,one_hot,0.4110823984098572,0.4110823984098572,120,90
702,36,True,False,True,lower_bound,0.4800516729259232,0.7278087538565807,120,91
702,36,True,False,True,midpoint,0.4800516729259232,0.6857743495996583,120,92
702,36,True,False,True,midpoint_with_inhaler,0.4800516729259232,0.6857743495996583,120,93
702,36,True,False,True,upper_bound,0.4800516729259232,0.6508476323878213,120,94
702,36,True,False,True,upper_bound_with_inhaler,0.4800516729259232,0.6508476323878213,120,95
702,48,False,False,False,one_hot,0.3509442129040191,0.3509442129040191,120,96
702,48,False,False,False,lower_bound,0.5742302453571619,1.317344373756365,120,97
702,48,False,False,False,midpoint,0.5742302453571619,1.2255256827178183,120,98
702,48,False,False,False,midpoint_with_inhaler,0.5742302453571619,1.2255256827178183,120,99
702,48,False,False,False,upper_bound,0.5742302453571619,1.1489394172250762,120,100
702,48,False,False,False,upper_bound_with_inhaler,0.5742302453571619,1.1489394172250762,120,101
702,48,False,False,True,one_hot,0.3509442129040191,0.3509442129040191,120,102
702,48,False,False,True,lower_bound,0.5742302453571619,1.317344373756365,120,103
702,48,False,False,True,midpoint,0.5742302453571619,1.2255256827178183,120,104
702,48,False,False,True,midpoint_with_inhaler,0.5742302453571619,1.2255256827178183,120,105
702,48,False,False,True,upper_bound,0.5742302453571619,1.1489394172250762,120,106
702,48,False,False,True,upper_bound_with_inhaler,0.5742302453571619,1.1489394172250762,120,107
702,48,False,True,False,one_hot,0.23438398617557363,0.23438398617557363,120,108
702,48,False,True,False,lower_bound,0.30953406373382164,0.5280442273830475,120,109
702,48,False,True,False,midpoint,0.30953406373382164,0.5008918110871572,120,110
702,48,False,True,False,midpoint_with_inhaler,0.30953406373382164,0.5008918110871572,120,111
702,48,False,True,False,upper_bound,0.30953406373382164,0.47683619723160797,120,112
702,48,False,True,False,upper_bound_with_inhaler,0.30953406373382164,0.47683619723160797,120,113
702,48,False,True,True,one_hot,0.23438398617557363,0.23438398617557363,120,114
702,48,False,True,True,lower_bound,0.30953406373382164,0.5280442273830475,120,115
702,48,False,True,True,midpoint,0.30953406373382164,0.5008918110871572,120,116
702,48,False,True,True,midpoint_with_inhaler,0.30953406373382164,0.5008918110871572,120,117
702,48,False,True,True,upper_bound,0.30953406373382164,0.47683619723160797,120,118
702,48,False,True,True,upper_bound_with_inhaler,0.30953406373382164,0.47683619723160797,120,119
702,48,True,False,False,one_hot,0.2879254366504283,0.2879254366504283,120,120
702,48,True,False,False,lower_bound,0.3533988977286542,0.5615481522989597,120,121
702,48,True,False,False,midpoint,0.3533988977286542,0.5279544329136979,120,122
702,48,True,False,False,midpoint_with_inhaler,0.3533988977286542,0.5279544329136979,120,123
702,48,True,False,False,upper_bound,0.3533988977286542,0.5012686383945881,120,124
702,48,True,False,False,upper_bound_with_inhaler,0.3533988977286542,0.5012686383945881,120,125
702,48,True,False,True,one_hot,0.2879254366504283,0.2879254366504283,120,126
702,48,True,False,True,lower_bound,0.3533988977286542,0.5615481522989597,120,127
702,48,True,False,True,midpoint,0.3533988977286542,0.5279544329136979,120,128
702,48,True,False,True,midpoint_with_inhaler,0.3533988977286542,0.5279544329136979,120,129
702,48,True,False,True,upper_bound,0.3533988977286542,0.5012686383945881,120,130
702,48,True,False,True,upper_bound_with_inhaler,0.3533988977286542,0.5012686383945881,120,131
917,12,False,False,False,one_hot,1.0729483047346624,1.0729483047346626,9,0
917,12,False,False,False,lower_bound,1.3663309593140311,1.5397177105775195,9,1
917,12,False,False,False,midpoint,1.3663309593140311,1.386914296387619,9,2
917,12,False,False,False,midpoint_with_inhaler,1.3663309593140311,1.386914296387619,9,3
917,12,False,False,False,upper_bound,1.3663309593140311,1.2769263522839378,9,4
917,12,False,False,False,upper_bound_with_inhaler,1.3663309593140311,1.2769263522839378,9,5
917,12,False,False,True,one_hot,1.0729483047346624,1.0729483047346626,9,6
917,12,False,False,True,lower_bound,1.3663309593140311,1.5397177105775195,9,7
917,12,False,False,True,midpoint,1.3663309593140311,1.386914296387619,9,8
917,12,False,False,True,midpoint_with_inhaler,1.3663309593140311,1.386914296387619,9,9
917,12,False,False,True,upper_bound,1.3663309593140311,1.2769263522839378,9,10
917,12,False,False,True,upper_bound_with_inhaler,1.3663309593140311,1.2769263522839378,9,11
917,12,False,True,False,one_hot,,,9,12
917,12,False,True,False,lower_bound,0.9655495136459369,1.3611340519236406,9,13
917,12,False,True,False,midpoint,0.9655495136459369,1.3297744658113448,9,14
917,12,False,True,False,midpoint_with_inhaler,0.9655495136459369,1.3748039869437654,9,15
917,12,False,True,False,upper_bound,0.9655495136459369,1.2482466684725313,9,16
917,12,False,True,False,upper_bound_with_inhaler,0.9655495136459369,1.3363428290712493,9,17
917,12,False,True,True,one_hot,,,9,18
917,12,False,True,True,lower_bound,0.9655495136459369,1.3611340519236406,9,19
917,12,False,True,True,midpoint,0.9655495136459369,1.3297744658113448,9,20
917,12,False,True,True,midpoint_with_inhaler,0.9655495136459369,1.3748039869437654,9,21
917,12,False,True,True,upper_bound,0.9655495136459369,1.2482466684725313,9,22
917,12,False,True,True,upper_bound_with_inhaler,0.9655495136459369,1.3363428290712493,9,23
917,12,True,False,False,one_hot,0.4180480042601458,0.4180480042601458,9,24
917,12,True,False,False,lower_bound,0.9194815142804138,1.21762601232527,9,25
917,12,True,False,False,midpoint,0.9194815142804138,1.0856004693882106,9,26
917,12,True,False,False,midpoint_with_inhaler,0.9194815142804138,1.0856004693882106,9,27
917,12,True,False,False,upper_bound,0.9194815142804138,0.9888915055392126,9,28
917,12,True,False,False,upper_bound_with_inhaler,0.9194815142804138,0.9888915055392126,9,29
917,12,True,False,True,one_hot,0.4180480042601458,0.4180480042601458,9,30
917,12,True,False,True,lower_bound,0.9194815142804138,1.21762601232527,9,31
917,12,True,False,True,midpoint,0.9194815142804138,1.0856004693882106,9,32
917,12,True,False,True,midpoint_with_inhaler,0.9194815142804138,1.0856004693882106,9,33
917,12,True,False,True,upper_bound,0.9194815142804138,0.9888915055392126,9,34
917,12,True,False,True,upper_bound_with_inhaler,0.9194815142804138,0.9888915055392126,9,35
917,24,False,False,False,one_hot,,,9,36
917,24,False,False,False,lower_bound,0.8962671175565163,1.2728034297717539,9,37
917,24,False,False,False,midpoint,0.8962671175565163,1.26272260877917,9,38
917,24,False,False,False,midpoint_with_inhaler,0.8962671175565163,1.3049928116775111,9,39
917,24,False,False,False,upper_bound,0.8962671175565163,1.1994906347488101,9,40
917,24,False,False,False,upper_bound_with_inhaler,0.8962671175565163,1.283148074114873,9,41
917,24,False,False,True,one_hot,,,9,42
917,24,False,False,True,lower_bound,0.8962671175565163,1.2728034297717539,9,43
917,24,False,False,True,midpoint,0.8962671175565163,1.26272260877917,9,44
917,24,False,False,True,midpoint_with_inhaler,0.8962671175565163,1.3049928116775111,9,45
917,24,False,False,True,upper_bound,0.8962671175565163,1.1994906347488101,9,46
917,24,False,False,True,upper_bound_with_inhaler,0.8962671175565163,1.283148074114873,9,47
917,24,False,True,False,one_hot,,,9,48
917,24,False,True,False,lower_bound,0.38206781605715007,0.455587656605335,9,49
917,24,False,True,False,midpoint,0.38206781605715007,0.43385783751003576,9,50
917,24,False,True,False,midpoint_with_inhaler,0.38206781605715007,0.43385783751003576,9,51
917,24,False,True,False,upper_bound,0.38206781605715007,0.4099724623297489,9,52
917,24,False,True,False,upper_bound_with_inhaler,0.38206781605715007,0.4099724623297489,9,53
917,24,False,True,True,one_hot,,,9,54
917,24,False,True,True,lower_bound,0.38206781605715007,0.455587656605335,9,55
917,24,False,True,True,midpoint,0.38206781605715007,0.43385783751003576,9,56
917,24,False,True,True,midpoint_with_inhaler,0.38206781605715007,0.43385783751003576,9,57
917,24,False,True,True,upper_bound,0.38206781605715007,0.4099724623297489,9,58
917,24,False,True,True,upper_bound_with_inhaler,0.38206781605715007,0.4099724623297489,9,59
917,24,True,False,False,one_hot,,,9,60
917,24,True,False,False,lower_bound,0.8962671175565163,1.2728034297717539,9,61
917,24,True,False,False,midpoint,0.8962671175565163,1.26272260877917,9,62
917,24,True,False,False,midpoint_with_inhaler,0.8962671175565163,1.3049928116775111,9,63
917,24,True,False,False,upper_bound,0.8962671175565163,1.1994906347488101,9,64
917,24,True,False,False,upper_bound_with_inhaler,0.8962671175565163,1.283148074114873,9,65
917,24,True,False,True,one_hot,,,9,66
917,24,True,False,True,lower_bound,0.8962671175565163,1.2728034297717539,9,67
917,24,True,False,True,midpoint,0.8962671175565163,1.26272260877917,9,68
917,24,True,False,True,midpoint_with_inhaler,0.8962671175565163,1.3049928116775111,9,69
917,24,True,False,True,upper_bound,0.8962671175565163,1.1994906347488101,9,70
917,24,True,False,True,upper_bound_with_inhaler,0.8962671175565163,1.283148074114873,9,71
917,36,False,False,False,one_hot,,,9,72
917,36,False,False,False,lower_bound,0.8391910955382257,1.0937226420604045,9,73
917,36,False,False,False,midpoint,0.8391910955382257,0.979276463558985,9,74
917,36,False,False,False,midpoint_with_inhaler,0.8391910955382257,1.1531253683749771,9,75
917,36,False,False,False,upper_bound,0.7890497653341357,0.8667528632105879,9,76
917,36,False,False,False,upper_bound_with_inhaler,0.8391910955382257,1.174134194849229,9,77
917,36,False,False,True,one_hot,,,9,78
917,36,False,False,True,lower_bound,0.8391910955382257,1.0937226420604045,9,79
917,36,False,False,True,midpoint,0.8391910955382257,0.979276463558985,9,80
917,36,False,False,True,midpoint_with_inhaler,0.8391910955382257,1.1531253683749771,9,81
917,36,False,False,True,upper_bound,0.7890497653341357,0.8667528632105879,9,82
917,36,False,False,True,upper_bound_with_inhaler,0.8391910955382257,1.174134194849229,9,83
917,36,True,False,False,one_hot,,,9,84
917,36,True,False,False,lower_bound,0.010597994347177947,0.0691519048436098,9,85
917,36,True,False,False,midpoint,0.010597994347177947,0.10095960340645072,9,86
917,36,True,False,False,midpoint_with_inhaler,0.010597994347177947,0.10095960340645072,9,87
917,36,True,False,False,upper_bound,0.010597994347177947,0.12118525010410668,9,88
917,36,True,False,False,upper_bound_with_inhaler,0.010597994347177947,0.12118525010410668,9,89
917,36,True,False,True,one_hot,,,9,90
917,36,True,False,True,lower_bound,0.010597994347177947,0.0691519048436098,9,91
917,36,True,False,True,midpoint,0.010597994347177947,0.10095960340645072,9,92
917,36,True,False,True,midpoint_with_inhaler,0.010597994347177947,0.10095960340645072,9,93
917,36,True,False,True,upper_bound,0.010597994347177947,0.12118525010410668,9,94
917,36,True,False,True,upper_bound_with_inhaler,0.010597994347177947,0.12118525010410668,9,95
917,48,False,False,False,one_hot,,,9,96
917,48,False,False,False,lower_bound,0.7153849225642811,0.8333124678833278,9,97
917,48,False,False,False,midpoint,0.7153849225642811,0.8206984478813648,9,98
917,48,False,False,False,midpoint_with_inhaler,0.7153849225642811,0.8159559415030179,9,99
917,48,False,False,False,upper_bound,0.7908800283983929,0.8014378751575365,9,100
917,48,False,False,False,upper_bound_with_inhaler,0.7153849225642811,0.7784436810816344,9,101
917,48,False,False,True,one_hot,,,9,102
917,48,False,False,True,lower_bound,0.7153849225642811,0.8333124678833278,9,103
917,48,False,False,True,midpoint,0.7153849225642811,0.8206984478813648,9,104
917,48,False,False,True,midpoint_with_inhaler,0.7153849225642811,0.8159559415030179,9,105
917,48,False,False,True,upper_bound,0.7908800283983929,0.8014378751575365,9,106
917,48,False,False,True,upper_bound_with_inhaler,0.7153849225642811,0.7784436810816344,9,107
917,48,False,True,False,one_hot,0.4180480042601457,0.4180480042601458,9,108
917,48,False,True,False,lower_bound,0.34494548857055973,0.37404995141285435,9,109
917,48,False,True,False,midpoint,0.34494548857055973,0.42005045179538947,9,110
917,48,False,True,False,midpoint_with_inhaler,0.34494548857055973,0.42005045179538947,9,111
917,48,False,True,False,upper_bound,0.34494548857055973,0.4453221599354508,9,112
917,48,False,True,False,upper_bound_with_inhaler,0.34494548857055973,0.4453221599354508,9,113
917,48,False,True,True,one_hot,0.4180480042601457,0.4180480042601458,9,114
917,48,False,True,True,lower_bound,0.34494548857055973,0.37404995141285435,9,115
917,48,False,True,True,midpoint,0.34494548857055973,0.42005045179538947,9,116
917,48,False,True,True,midpoint_with_inhaler,0.34494548857055973,0.42005045179538947,9,117
917,48,False,True,True,upper_bound,0.34494548857055973,0.4453221599354508,9,118
917,48,False,True,True,upper_bound_with_inhaler,0.34494548857055973,0.4453221599354508,9,119
917,48,True,False,False,one_hot,,,9,120
917,48,True,False,False,lower_bound,0.41018524338275214,0.44486815622703213,9,121
917,48,True,False,False,midpoint,0.41018524338275214,0.42276881129726124,9,122
917,48,True,False,False,midpoint_with_inhaler,0.41018524338275214,0.42276881129726124,9,123
917,48,True,False,False,upper_bound,0.41018524338275214,0.3993229700744227,9,124
917,48,True,False,False,upper_bound_with_inhaler,0.41018524338275214,0.3993229700744227,9,125
917,48,True,False,True,one_hot,,,9,126
917,48,True,False,True,lower_bound,0.41018524338275214,0.44486815622703213,9,127
917,48,True,False,True,midpoint,0.41018524338275214,0.42276881129726124,9,128
917,48,True,False,True,midpoint_with_inhaler,0.41018524338275214,0.42276881129726124,9,129
917,48,True,False,True,upper_bound,0.41018524338275214,0.3993229700744227,9,130
917,48,True,False,True,upper_bound_with_inhaler,0.41018524338275214,0.3993229700744227,9,131
939,12,False,False,False,one_hot,0.09328043244581062,0.09328043244581063,158,0
939,12,False,False,False,lower_bound,0.2759974383246328,0.29331819644862045,158,1
939,12,False,False,False,midpoint,0.2759974383246328,0.26530017698690117,158,2
939,12,False,False,False,midpoint_with_inhaler,0.2759974383246328,0.26530017698690117,158,3
939,12,False,False,False,upper_bound,0.2759974383246328,0.23804581426827762,158,4
939,12,False,False,False,upper_bound_with_inhaler,0.2759974383246328,0.23804581426827762,158,5
939,12,False,False,True,one_hot,0.09328043244581062,0.09328043244581063,158,6
939,12,False,False,True,lower_bound,0.2759974383246328,0.29331819644862045,158,7
939,12,False,False,True,midpoint,0.2759974383246328,0.26530017698690117,158,8
939,12,False,False,True,midpoint_with_inhaler,0.2759974383246328,0.26530017698690117,158,9
939,12,False,False,True,upper_bound,0.2759974383246328,0.23804581426827762,158,10
939,12,False,False,True,upper_bound_with_inhaler,0.2759974383246328,0.23804581426827762,158,11
939,12,False,True,False,one_hot,,,158,12
939,12,False,True,False,lower_bound,0.31832374632753874,0.41816196625543356,158,13
939,12,False,True,False,midpoint,0.31832374632753874,0.3939701722091136,158,14
939,12,False,True,False,midpoint_with_inhaler,0.31832374632753874,0.3939701722091136,158,15
939,12,False,True,False,upper_bound,0.31832374632753874,0.3657289746901955,158,16
939,12,False,True,False,upper_bound_with_inhaler,0.31832374632753874,0.3657289746901955,158,17
939,12,False,True,True,one_hot,,,158,18
939,12,False,True,True,lower_bound,0.31832374632753874,0.41816196625543356,158,19
939,12,False,True,True,midpoint,0.31832374632753874,0.3939701722091136,158,20
939,12,False,True,True,midpoint_with_inhaler,0.31832374632753874,0.3939701722091136,158,21
939,12,False,True,True,upper_bound,0.31832374632753874,0.3657289746901955,158,22
939,12,False,True,True,upper_bound_with_inhaler,0.31832374632753874,0.3657289746901955,158,23
939,12,True,False,False,one_hot,,,158,24
939,12,True,False,False,lower_bound,0.3028377171150975,0.3964352312591838,158,25
939,12,True,False,False,midpoint,0.3028377171150975,0.36080338949726415,158,26
939,12,True,False,False,midpoint_with_inhaler,0.3028377171150975,0.36080338949726415,158,27
939,12,True,False,False,upper_bound,0.3028377171150975,0.3269842706197069,158,28
939,12,True,False,False,upper_bound_with_inhaler,0.3028377171150975,0.3269842706197069,158,29
939,12,True,False,True,one_hot,,,158,30
939,12,True,False,True,lower_bound,0.3028377171150975,0.3964352312591838,158,31
939,12,True,False,True,midpoint,0.3028377171150975,0.36080338949726415,158,32
939,12,True,False,True,midpoint_with_inhaler,0.3028377171150975,0.36080338949726415,158,33
939,12,True,False,True,upper_bound,0.3028377171150975,0.3269842706197069,158,34
939,12,True,False,True,upper_bound_with_inhaler,0.3028377171150975,0.3269842706197069,158,35
939,24,False,False,False,one_hot,,,158,36
939,24,False,False,False,lower_bound,0.42876014280128205,0.4896675875481585,158,37
939,24,False,False,False,midpoint,0.42876014280128205,0.4757505149971582,158,38
939,24,False,False,False,midpoint_with_inhaler,0.42876014280128205,0.4757505149971582,158,39
939,24,False,False,False,upper_bound,0.42876014280128205,0.45906084290920407,158,40
939,24,False,False,False,upper_bound_with_inhaler,0.42876014280128205,0.45906084290920407,158,41
939,24,False,False,True,one_hot,,,158,42
939,24,False,False,True,lower_bound,0.42876014280128205,0.4896675875481585,158,43
939,24,False,False,True,midpoint,0.42876014280128205,0.4757505149971582,158,44
939,24,False,False,True,midpoint_with_inhaler,0.42876014280128205,0.4757505149971582,158,45
939,24,False,False,True,upper_bound,0.42876014280128205,0.45906084290920407,158,46
939,24,False,False,True,upper_bound_with_inhaler,0.42876014280128205,0.45906084290920407,158,47
939,24,False,True,False,one_hot,,,158,48
939,24,False,True,False,lower_bound,0.4155873896874888,0.5053189323305713,158,49
939,24,False,True,False,midpoint,0.4155873896874888,0.5210055228048852,158,50
939,24,False,True,False,midpoint_with_inhaler,0.4155873896874888,0.5210055228048852,158,51
939,24,False,True,False,upper_bound,0.4155873896874888,0.5196624895292149,158,52
939,24,False,True,False,upper_bound_with_inhaler,0.4155873896874888,0.5196624895292149,158,53
939,24,False,True,True,one_hot,,,158,54
939,24,False,True,True,lower_bound,0.4155873896874888,0.5053189323305713,158,55
939,24,False,True,True,midpoint,0.4155873896874888,0.5210055228048852,158,56
939,24,False,True,True,midpoint_with_inhaler,0.4155873896874888,0.5210055228048852,158,57
939,24,False,True,True,upper_bound,0.4155873896874888,0.5196624895292149,158,58
939,24,False,True,True,upper_bound_with_inhaler,0.4155873896874888,0.5196624895292149,158,59
939,24,True,False,False,one_hot,,,158,60
939,24,True,False,False,lower_bound,0.42876014280128205,0.4896675875481585,158,61
939,24,True,False,False,midpoint,0.42876014280128205,0.4757505149971582,158,62
939,24,True,False,False,midpoint_with_inhaler,0.42876014280128205,0.4757505149971582,158,63
939,24,True,False,False,upper_bound,0.42876014280128205,0.45906084290920407,158,64
939,24,True,False,False,upper_bound_with_inhaler,0.42876014280128205,0.45906084290920407,158,65
939,24,True,False,True,one_hot,,,158,66
939,24,True,False,True,lower_bound,0.42876014280128205,0.4896675875481585,158,67
939,24,True,False,True,midpoint,0.42876014280128205,0.4757505149971582,158,68
939,24,True,False,True,midpoint_with_inhaler,0.42876014280128205,0.4757505149971582,158,69
939,24,True,False,True,upper_bound,0.42876014280128205,0.45906084290920407,158,70
939,24,True,False,True,upper_bound_with_inhaler,0.42876014280128205,0.45906084290920407,158,71
939,36,False,False,False,one_hot,,,158,72
939,36,False,False,False,lower_bound,0.3828273316622157,0.48379403104203356,158,73
939,36,False,False,False,midpoint,0.3828273316622157,0.43898852702512886,158,74
939,36,False,False,False,midpoint_with_inhaler,0.3828273316622157,0.43898852702512886,158,75
939,36,False,False,False,upper_bound,0.3828273316622157,0.4036174687627334,158,76
939,36,False,False,False,upper_bound_with_inhaler,0.3828273316622157,0.4036174687627334,158,77
939,36,False,False,True,one_hot,,,158,78
939,36,False,False,True,lower_bound,0.3828273316622157,0.48379403104203356,158,79
939,36,False,False,True,midpoint,0.3828273316622157,0.43898852702512886,158,80
939,36,False,False,True,midpoint_with_inhaler,0.3828273316622157,0.43898852702512886,158,81
939,36,False,False,True,upper_bound,0.3828273316622157,0.4036174687627334,158,82
939,36,False,False,True,upper_bound_with_inhaler,0.3828273316622157,0.4036174687627334,158,83
939,36,True,False,False,one_hot,,,158,84
939,36,True,False,False,lower_bound,0.5060257535796912,0.6171883224030116,158,85
939,36,True,False,False,midpoint,0.5060257535796912,0.6456822736117934,158,86
939,36,True,False,False,midpoint_with_inhaler,0.5060257535796912,0.6456822736117934,158,87
939,36,True,False,False,upper_bound,0.5060257535796912,0.6499773073047856,158,88
939,36,True,False,False,upper_bound_with_inhaler,0.5060257535796912,0.6499773073047856,158,89
939,36,True,False,True,one_hot,,,158,90
939,36,True,False,True,lower_bound,0.5060257535796912,0.6171883224030116,158,91
939,36,True,False,True,midpoint,0.5060257535796912,0.6456822736117934,158,92
939,36,True,False,True,midpoint_with_inhaler,0.5060257535796912,0.6456822736117934,158,93
939,36,True,False,True,upper_bound,0.5060257535796912,0.6499773073047856,158,94
939,36,True,False,True,upper_bound_with_inhaler,0.5060257535796912,0.6499773073047856,158,95
939,48,False,False,False,one_hot,,,158,96
939,48,False,False,False,lower_bound,0.377053753408967,0.4931175031132951,158,97
939,48,False,False,False,midpoint,0.377053753408967,0.41337353820750206,158,98
939,48,False,False,False,midpoint_with_inhaler,0.377053753408967,0.43349789822888835,158,99
939,48,False,False,False,upper_bound,0.34831493473139125,0.34965440202970927,158,100
939,48,False,False,False,upper_bound_with_inhaler,0.377053753408967,0.41322480010036355,158,101
939,48,False,False,True,one_hot,,,158,102
939,48,False,False,True,lower_bound,0.377053753408967,0.4931175031132951,158,103
939,48,False,False,True,midpoint,0.377053753408967,0.41337353820750206,158,104
939,48,False,False,True,midpoint_with_inhaler,0.377053753408967,0.43349789822888835,158,105
939,48,False,False,True,upper_bound,0.34831493473139125,0.34965440202970927,158,106
939,48,False,False,True,upper_bound_with_inhaler,0.377053753408967,0.41322480010036355,158,107
939,48,False,True,False,one_hot,,,158,108
939,48,False,True,False,lower_bound,0.26205045910777847,0.3784622096490636,158,109
939,48,False,True,False,midpoint,0.26205045910777847,0.3551244319722028,158,110
939,48,False,True,False,midpoint_with_inhaler,0.26205045910777847,0.3551244319722028,158,111
939,48,False,True,False,upper_bound,0.26205045910777847,0.3297246337989954,158,112
939,48,False,True,False,upper_bound_with_inhaler,0.26205045910777847,0.3297246337989954,158,113
939,48,False,True,True,one_hot,,,158,114
939,48,False,True,True,lower_bound,0.26205045910777847,0.3784622096490636,158,115
939,48,False,True,True,midpoint,0.26205045910777847,0.3551244319722028,158,116
939,48,False,True,True,midpoint_with_inhaler,0.26205045910777847,0.3551244319722028,158,117
939,48,False,True,True,upper_bound,0.26205045910777847,0.3297246337989954,158,118
939,48,False,True,True,upper_bound_with_inhaler,0.26205045910777847,0.3297246337989954,158,119
939,48,True,False,False,one_hot,,,158,120
939,48,True,False,False,lower_bound,0.11875690832224679,0.21981423327220312,158,121
939,48,True,False,False,midpoint,0.11875690832224679,0.18642526715419558,158,122
939,48,True,False,False,midpoint_with_inhaler,0.11875690832224679,0.18642526715419558,158,123
939,48,True,False,False,upper_bound,0.11875690832224679,0.1605314317681475,158,124
939,48,True,False,False,upper_bound_with_inhaler,0.11875690832224679,0.1605314317681475,158,125
939,48,True,False,True,one_hot,,,158,126
939,48,True,False,True,lower_bound,0.11875690832224679,0.21981423327220312,158,127
939,48,True,False,True,midpoint,0.11875690832224679,0.18642526715419558,158,128
939,48,True,False,True,midpoint_with_inhaler,0.11875690832224679,0.18642526715419558,158,129
939,48,True,False,True,upper_bound,0.11875690832224679,0.1605314317681475,158,130
939,48,True,False,True,upper_bound_with_inhaler,0.11875690832224679,0.1605314317681475,158,131
