user_key,timestamp_window,use_daily_max_windows,use_calendar_days,filter_out_zero_usage_entries,categorization_method,spearman_z,pearson_z,sample_size,config_idx
113,12,False,False,False,one_hot,0.14883077321321742,0.14883077321321742,163,0
113,12,False,False,False,lower_bound,0.2859267014365139,0.39114173140532754,163,1
113,12,False,False,False,midpoint,0.2859267014365139,0.3755248243057161,163,2
113,12,False,False,False,midpoint_with_inhaler,0.2859267014365139,0.3755248243057161,163,3
113,12,False,False,False,upper_bound,0.28590887196825104,0.355142442955042,163,4
113,12,False,False,False,upper_bound_with_inhaler,0.28590887196825104,0.355142442955042,163,5
113,12,False,False,True,one_hot,0.14883077321321742,0.14883077321321742,163,6
113,12,False,False,True,lower_bound,0.2859267014365139,0.39114173140532754,163,7
113,12,False,False,True,midpoint,0.2859267014365139,0.3755248243057161,163,8
113,12,False,False,True,midpoint_with_inhaler,0.2859267014365139,0.3755248243057161,163,9
113,12,False,False,True,upper_bound,0.28590887196825104,0.355142442955042,163,10
113,12,False,False,True,upper_bound_with_inhaler,0.28590887196825104,0.355142442955042,163,11
113,12,False,True,False,one_hot,0.1531742013229611,0.15317420132296122,163,12
113,12,False,True,False,lower_bound,0.23494695331354346,0.3202414373182022,163,13
113,12,False,True,False,midpoint,0.23494695331354346,0.30724117056311834,163,14
113,12,False,True,False,midpoint_with_inhaler,0.23494695331354346,0.30724117056311834,163,15
113,12,False,True,False,upper_bound,0.23453332332560206,0.28782280495281787,163,16
113,12,False,True,False,upper_bound_with_inhaler,0.23453332332560206,0.28782280495281787,163,17
113,12,False,True,True,one_hot,0.1531742013229611,0.15317420132296122,163,18
113,12,False,True,True,lower_bound,0.23494695331354346,0.3202414373182022,163,19
113,12,False,True,True,midpoint,0.23494695331354346,0.30724117056311834,163,20
113,12,False,True,True,midpoint_with_inhaler,0.23494695331354346,0.30724117056311834,163,21
113,12,False,True,True,upper_bound,0.23453332332560206,0.28782280495281787,163,22
113,12,False,True,True,upper_bound_with_inhaler,0.23453332332560206,0.28782280495281787,163,23
113,12,True,False,False,one_hot,0.12708232711067013,0.12708232711067016,163,24
113,12,True,False,False,lower_bound,0.23738168929773024,0.30580271755723054,163,25
113,12,True,False,False,midpoint,0.23738168929773024,0.3079451532125597,163,26
113,12,True,False,False,midpoint_with_inhaler,0.23738168929773024,0.3079451532125597,163,27
113,12,True,False,False,upper_bound,0.23772701134422725,0.3033729632014175,163,28
113,12,True,False,False,upper_bound_with_inhaler,0.23772701134422725,0.3033729632014175,163,29
113,12,True,False,True,one_hot,0.12708232711067013,0.12708232711067016,163,30
113,12,True,False,True,lower_bound,0.23738168929773024,0.30580271755723054,163,31
113,12,True,False,True,midpoint,0.23738168929773024,0.3079451532125597,163,32
113,12,True,False,True,midpoint_with_inhaler,0.23738168929773024,0.3079451532125597,163,33
113,12,True,False,True,upper_bound,0.23772701134422725,0.3033729632014175,163,34
113,12,True,False,True,upper_bound_with_inhaler,0.23772701134422725,0.3033729632014175,163,35
113,24,False,False,False,one_hot,0.14728969626872854,0.14728969626872862,163,36
113,24,False,False,False,lower_bound,0.37315871804322553,0.43717935506946026,163,37
113,24,False,False,False,midpoint,0.37315871804322553,0.4304184058453199,163,38
113,24,False,False,False,midpoint_with_inhaler,0.37315871804322553,0.4304184058453199,163,39
113,24,False,False,False,upper_bound,0.3723664019958054,0.4122501244013042,163,40
113,24,False,False,False,upper_bound_with_inhaler,0.3723664019958054,0.4122501244013042,163,41
113,24,False,False,True,one_hot,0.14728969626872854,0.14728969626872862,163,42
113,24,False,False,True,lower_bound,0.37315871804322553,0.43717935506946026,163,43
113,24,False,False,True,midpoint,0.37315871804322553,0.4304184058453199,163,44
113,24,False,False,True,midpoint_with_inhaler,0.37315871804322553,0.4304184058453199,163,45
113,24,False,False,True,upper_bound,0.3723664019958054,0.4122501244013042,163,46
113,24,False,False,True,upper_bound_with_inhaler,0.3723664019958054,0.4122501244013042,163,47
113,24,False,True,False,one_hot,0.084603376569221,0.08460337656922103,163,48
113,24,False,True,False,lower_bound,0.2266430736096644,0.34026638570914236,163,49
113,24,False,True,False,midpoint,0.2266430736096644,0.3338964977338191,163,50
113,24,False,True,False,midpoint_with_inhaler,0.2266430736096644,0.3338964977338191,163,51
113,24,False,True,False,upper_bound,0.22632005355352472,0.32327793394222065,163,52
113,24,False,True,False,upper_bound_with_inhaler,0.22632005355352472,0.32327793394222065,163,53
113,24,False,True,True,one_hot,0.084603376569221,0.08460337656922103,163,54
113,24,False,True,True,lower_bound,0.2266430736096644,0.34026638570914236,163,55
113,24,False,True,True,midpoint,0.2266430736096644,0.3338964977338191,163,56
113,24,False,True,True,midpoint_with_inhaler,0.2266430736096644,0.3338964977338191,163,57
113,24,False,True,True,upper_bound,0.22632005355352472,0.32327793394222065,163,58
113,24,False,True,True,upper_bound_with_inhaler,0.22632005355352472,0.32327793394222065,163,59
113,24,True,False,False,one_hot,0.14728969626872854,0.14728969626872862,163,60
113,24,True,False,False,lower_bound,0.37315871804322553,0.43717935506946026,163,61
113,24,True,False,False,midpoint,0.37315871804322553,0.4304184058453199,163,62
113,24,True,False,False,midpoint_with_inhaler,0.37315871804322553,0.4304184058453199,163,63
113,24,True,False,False,upper_bound,0.3723664019958054,0.4122501244013042,163,64
113,24,True,False,False,upper_bound_with_inhaler,0.3723664019958054,0.4122501244013042,163,65
113,24,True,False,True,one_hot,0.14728969626872854,0.14728969626872862,163,66
113,24,True,False,True,lower_bound,0.37315871804322553,0.43717935506946026,163,67
113,24,True,False,True,midpoint,0.37315871804322553,0.4304184058453199,163,68
113,24,True,False,True,midpoint_with_inhaler,0.37315871804322553,0.4304184058453199,163,69
113,24,True,False,True,upper_bound,0.3723664019958054,0.4122501244013042,163,70
113,24,True,False,True,upper_bound_with_inhaler,0.3723664019958054,0.4122501244013042,163,71
113,36,False,False,False,one_hot,0.16094973321691008,0.16094973321691003,163,72
113,36,False,False,False,lower_bound,0.3200034261261762,0.39436345598432204,163,73
113,36,False,False,False,midpoint,0.3200034261261762,0.40298027758368876,163,74
113,36,False,False,False,midpoint_with_inhaler,0.3200034261261762,0.40405052416430526,163,75
113,36,False,False,False,upper_bound,0.3195114540867286,0.3937499769646306,163,76
113,36,False,False,False,upper_bound_with_inhaler,0.3200034261261762,0.39874971849660573,163,77
113,36,False,False,True,one_hot,0.16094973321691008,0.16094973321691003,163,78
113,36,False,False,True,lower_bound,0.3200034261261762,0.39436345598432204,163,79
113,36,False,False,True,midpoint,0.3200034261261762,0.40298027758368876,163,80
113,36,False,False,True,midpoint_with_inhaler,0.3200034261261762,0.40405052416430526,163,81
113,36,False,False,True,upper_bound,0.3195114540867286,0.3937499769646306,163,82
113,36,False,False,True,upper_bound_with_inhaler,0.3200034261261762,0.39874971849660573,163,83
113,36,True,False,False,one_hot,0.06957551995413307,0.06957551995413307,163,84
113,36,True,False,False,lower_bound,0.2551523354641921,0.33707130294412163,163,85
113,36,True,False,False,midpoint,0.2551523354641921,0.3261696533792369,163,86
113,36,True,False,False,midpoint_with_inhaler,0.2551523354641921,0.3261696533792369,163,87
113,36,True,False,False,upper_bound,0.2544536312667947,0.311447650781287,163,88
113,36,True,False,False,upper_bound_with_inhaler,0.2544536312667947,0.311447650781287,163,89
113,36,True,False,True,one_hot,0.06957551995413307,0.06957551995413307,163,90
113,36,True,False,True,lower_bound,0.2551523354641921,0.33707130294412163,163,91
113,36,True,False,True,midpoint,0.2551523354641921,0.3261696533792369,163,92
113,36,True,False,True,midpoint_with_inhaler,0.2551523354641921,0.3261696533792369,163,93
113,36,True,False,True,upper_bound,0.2544536312667947,0.311447650781287,163,94
113,36,True,False,True,upper_bound_with_inhaler,0.2544536312667947,0.311447650781287,163,95
113,48,False,False,False,one_hot,0.07032659375928325,0.07032659375928325,163,96
113,48,False,False,False,lower_bound,0.34554735830121125,0.40102060810315676,163,97
113,48,False,False,False,midpoint,0.34554735830121125,0.41488246667448186,163,98
113,48,False,False,False,midpoint_with_inhaler,0.34554735830121125,0.4118479959587702,163,99
113,48,False,False,False,upper_bound,0.34503312568050165,0.41312574777565714,163,100
113,48,False,False,False,upper_bound_with_inhaler,0.34554735830121125,0.41739607927379124,163,101
113,48,False,False,True,one_hot,0.07032659375928325,0.07032659375928325,163,102
113,48,False,False,True,lower_bound,0.34554735830121125,0.40102060810315676,163,103
113,48,False,False,True,midpoint,0.34554735830121125,0.41488246667448186,163,104
113,48,False,False,True,midpoint_with_inhaler,0.34554735830121125,0.4118479959587702,163,105
113,48,False,False,True,upper_bound,0.34503312568050165,0.41312574777565714,163,106
113,48,False,False,True,upper_bound_with_inhaler,0.34554735830121125,0.41739607927379124,163,107
113,48,False,True,False,one_hot,-0.02327310734840731,-0.023273107348407335,163,108
113,48,False,True,False,lower_bound,0.03719687720009213,0.013337372818128763,163,109
113,48,False,True,False,midpoint,0.03719687720009213,0.025511868069753384,163,110
113,48,False,True,False,midpoint_with_inhaler,0.03719687720009213,0.025511868069753384,163,111
113,48,False,True,False,upper_bound,0.0368437298607595,0.034330923750286006,163,112
113,48,False,True,False,upper_bound_with_inhaler,0.0368437298607595,0.034330923750286006,163,113
113,48,False,True,True,one_hot,-0.02327310734840731,-0.023273107348407335,163,114
113,48,False,True,True,lower_bound,0.03719687720009213,0.013337372818128763,163,115
113,48,False,True,True,midpoint,0.03719687720009213,0.025511868069753384,163,116
113,48,False,True,True,midpoint_with_inhaler,0.03719687720009213,0.025511868069753384,163,117
113,48,False,True,True,upper_bound,0.0368437298607595,0.034330923750286006,163,118
113,48,False,True,True,upper_bound_with_inhaler,0.0368437298607595,0.034330923750286006,163,119
113,48,True,False,False,one_hot,0.045167041292046406,0.04516704129204648,163,120
113,48,True,False,False,lower_bound,0.13233074184999863,0.14599802831955347,163,121
113,48,True,False,False,midpoint,0.13233074184999863,0.16346737036290748,163,122
113,48,True,False,False,midpoint_with_inhaler,0.13233074184999863,0.16346737036290748,163,123
113,48,True,False,False,upper_bound,0.1322051404652718,0.17329876055543514,163,124
113,48,True,False,False,upper_bound_with_inhaler,0.1322051404652718,0.17329876055543514,163,125
113,48,True,False,True,one_hot,0.045167041292046406,0.04516704129204648,163,126
113,48,True,False,True,lower_bound,0.13233074184999863,0.14599802831955347,163,127
113,48,True,False,True,midpoint,0.13233074184999863,0.16346737036290748,163,128
113,48,True,False,True,midpoint_with_inhaler,0.13233074184999863,0.16346737036290748,163,129
113,48,True,False,True,upper_bound,0.1322051404652718,0.17329876055543514,163,130
113,48,True,False,True,upper_bound_with_inhaler,0.1322051404652718,0.17329876055543514,163,131
190,12,False,False,False,one_hot,-0.08457018786644713,-0.08457018786644713,163,0
190,12,False,False,False,lower_bound,-0.08457018786644713,-0.08457018786644713,163,1
190,12,False,False,False,midpoint,-0.08457018786644713,-0.08457018786644713,163,2
190,12,False,False,False,midpoint_with_inhaler,-0.08457018786644713,-0.08457018786644713,163,3
190,12,False,False,False,upper_bound,-0.08457018786644713,-0.08457018786644713,163,4
190,12,False,False,False,upper_bound_with_inhaler,-0.08457018786644713,-0.08457018786644713,163,5
190,12,False,False,True,one_hot,-0.08457018786644713,-0.08457018786644713,163,6
190,12,False,False,True,lower_bound,-0.08457018786644713,-0.08457018786644713,163,7
190,12,False,False,True,midpoint,-0.08457018786644713,-0.08457018786644713,163,8
190,12,False,False,True,midpoint_with_inhaler,-0.08457018786644713,-0.08457018786644713,163,9
190,12,False,False,True,upper_bound,-0.08457018786644713,-0.08457018786644713,163,10
190,12,False,False,True,upper_bound_with_inhaler,-0.08457018786644713,-0.08457018786644713,163,11
190,12,False,True,False,one_hot,0.19874484466896042,0.19874484466896045,163,12
190,12,False,True,False,lower_bound,0.17890599987626,0.11945949948612825,163,13
190,12,False,True,False,midpoint,0.17890599987626,0.1455302295370161,163,14
190,12,False,True,False,midpoint_with_inhaler,0.17890599987626,0.1455302295370161,163,15
190,12,False,True,False,upper_bound,0.17890599987626,0.1594389000653697,163,16
190,12,False,True,False,upper_bound_with_inhaler,0.17890599987626,0.1594389000653697,163,17
190,12,False,True,True,one_hot,0.19874484466896042,0.19874484466896045,163,18
190,12,False,True,True,lower_bound,0.17890599987626,0.11945949948612825,163,19
190,12,False,True,True,midpoint,0.17890599987626,0.1455302295370161,163,20
190,12,False,True,True,midpoint_with_inhaler,0.17890599987626,0.1455302295370161,163,21
190,12,False,True,True,upper_bound,0.17890599987626,0.1594389000653697,163,22
190,12,False,True,True,upper_bound_with_inhaler,0.17890599987626,0.1594389000653697,163,23
190,12,True,False,False,one_hot,0.02306243358202244,0.023062433582022465,163,24
190,12,True,False,False,lower_bound,0.02306243358202244,0.023062433582022465,163,25
190,12,True,False,False,midpoint,0.02306243358202244,0.02306243358202244,163,26
190,12,True,False,False,midpoint_with_inhaler,0.02306243358202244,0.02306243358202244,163,27
190,12,True,False,False,upper_bound,0.02306243358202244,0.023062433582022465,163,28
190,12,True,False,False,upper_bound_with_inhaler,0.02306243358202244,0.023062433582022465,163,29
190,12,True,False,True,one_hot,0.02306243358202244,0.023062433582022465,163,30
190,12,True,False,True,lower_bound,0.02306243358202244,0.023062433582022465,163,31
190,12,True,False,True,midpoint,0.02306243358202244,0.02306243358202244,163,32
190,12,True,False,True,midpoint_with_inhaler,0.02306243358202244,0.02306243358202244,163,33
190,12,True,False,True,upper_bound,0.02306243358202244,0.023062433582022465,163,34
190,12,True,False,True,upper_bound_with_inhaler,0.02306243358202244,0.023062433582022465,163,35
190,24,False,False,False,one_hot,0.21698984482042075,0.21698984482042064,163,36
190,24,False,False,False,lower_bound,0.21698984482042075,0.21698984482042064,163,37
190,24,False,False,False,midpoint,0.21698984482042075,0.2169898448204206,163,38
190,24,False,False,False,midpoint_with_inhaler,0.21698984482042075,0.2169898448204206,163,39
190,24,False,False,False,upper_bound,0.21698984482042075,0.21698984482042064,163,40
190,24,False,False,False,upper_bound_with_inhaler,0.21698984482042075,0.21698984482042064,163,41
190,24,False,False,True,one_hot,0.21698984482042075,0.21698984482042064,163,42
190,24,False,False,True,lower_bound,0.21698984482042075,0.21698984482042064,163,43
190,24,False,False,True,midpoint,0.21698984482042075,0.2169898448204206,163,44
190,24,False,False,True,midpoint_with_inhaler,0.21698984482042075,0.2169898448204206,163,45
190,24,False,False,True,upper_bound,0.21698984482042075,0.21698984482042064,163,46
190,24,False,False,True,upper_bound_with_inhaler,0.21698984482042075,0.21698984482042064,163,47
190,24,False,True,False,one_hot,0.15616732779776327,0.15616732779776332,163,48
190,24,False,True,False,lower_bound,0.15641649622736611,0.1395969508333384,163,49
190,24,False,True,False,midpoint,0.15641649622736611,0.1488799606589498,163,50
190,24,False,True,False,midpoint_with_inhaler,0.15641649622736611,0.1488799606589498,163,51
190,24,False,True,False,upper_bound,0.15641649622736611,0.1528059854664344,163,52
190,24,False,True,False,upper_bound_with_inhaler,0.15641649622736611,0.1528059854664344,163,53
190,24,False,True,True,one_hot,0.15616732779776327,0.15616732779776332,163,54
190,24,False,True,True,lower_bound,0.15641649622736611,0.1395969508333384,163,55
190,24,False,True,True,midpoint,0.15641649622736611,0.1488799606589498,163,56
190,24,False,True,True,midpoint_with_inhaler,0.15641649622736611,0.1488799606589498,163,57
190,24,False,True,True,upper_bound,0.15641649622736611,0.1528059854664344,163,58
190,24,False,True,True,upper_bound_with_inhaler,0.15641649622736611,0.1528059854664344,163,59
190,24,True,False,False,one_hot,0.21698984482042075,0.21698984482042064,163,60
190,24,True,False,False,lower_bound,0.21698984482042075,0.21698984482042064,163,61
190,24,True,False,False,midpoint,0.21698984482042075,0.2169898448204206,163,62
190,24,True,False,False,midpoint_with_inhaler,0.21698984482042075,0.2169898448204206,163,63
190,24,True,False,False,upper_bound,0.21698984482042075,0.21698984482042064,163,64
190,24,True,False,False,upper_bound_with_inhaler,0.21698984482042075,0.21698984482042064,163,65
190,24,True,False,True,one_hot,0.21698984482042075,0.21698984482042064,163,66
190,24,True,False,True,lower_bound,0.21698984482042075,0.21698984482042064,163,67
190,24,True,False,True,midpoint,0.21698984482042075,0.2169898448204206,163,68
190,24,True,False,True,midpoint_with_inhaler,0.21698984482042075,0.2169898448204206,163,69
190,24,True,False,True,upper_bound,0.21698984482042075,0.21698984482042064,163,70
190,24,True,False,True,upper_bound_with_inhaler,0.21698984482042075,0.21698984482042064,163,71
190,36,False,False,False,one_hot,-0.008950126610893089,-0.008950126610893082,163,72
190,36,False,False,False,lower_bound,-0.03840858406961323,-0.0697109777022225,163,73
190,36,False,False,False,midpoint,-0.03840858406961323,-0.06045036004042127,163,74
190,36,False,False,False,midpoint_with_inhaler,-0.03840858406961323,-0.06045036004042127,163,75
190,36,False,False,False,upper_bound,-0.03840858406961323,-0.05389926675634017,163,76
190,36,False,False,False,upper_bound_with_inhaler,-0.03840858406961323,-0.05389926675634017,163,77
190,36,False,False,True,one_hot,-0.008950126610893089,-0.008950126610893082,163,78
190,36,False,False,True,lower_bound,-0.03840858406961323,-0.0697109777022225,163,79
190,36,False,False,True,midpoint,-0.03840858406961323,-0.06045036004042127,163,80
190,36,False,False,True,midpoint_with_inhaler,-0.03840858406961323,-0.06045036004042127,163,81
190,36,False,False,True,upper_bound,-0.03840858406961323,-0.05389926675634017,163,82
190,36,False,False,True,upper_bound_with_inhaler,-0.03840858406961323,-0.05389926675634017,163,83
190,36,True,False,False,one_hot,0.11414448054280787,0.11414448054280785,163,84
190,36,True,False,False,lower_bound,0.08363836116763072,0.02108717742337721,163,85
190,36,True,False,False,midpoint,0.08363836116763072,0.045418747642798345,163,86
190,36,True,False,False,midpoint_with_inhaler,0.08363836116763072,0.045418747642798345,163,87
190,36,True,False,False,upper_bound,0.08363836116763072,0.060435800912537904,163,88
190,36,True,False,False,upper_bound_with_inhaler,0.08363836116763072,0.060435800912537904,163,89
190,36,True,False,True,one_hot,0.11414448054280787,0.11414448054280785,163,90
190,36,True,False,True,lower_bound,0.08363836116763072,0.02108717742337721,163,91
190,36,True,False,True,midpoint,0.08363836116763072,0.045418747642798345,163,92
190,36,True,False,True,midpoint_with_inhaler,0.08363836116763072,0.045418747642798345,163,93
190,36,True,False,True,upper_bound,0.08363836116763072,0.060435800912537904,163,94
190,36,True,False,True,upper_bound_with_inhaler,0.08363836116763072,0.060435800912537904,163,95
190,48,False,False,False,one_hot,0.11195395799144167,0.11195395799144166,163,96
190,48,False,False,False,lower_bound,0.12089554055670977,0.09194629821913734,163,97
190,48,False,False,False,midpoint,0.12089554055670977,0.0909153838449542,163,98
190,48,False,False,False,midpoint_with_inhaler,0.12089554055670977,0.0909153838449542,163,99
190,48,False,False,False,upper_bound,0.12089554055670977,0.08920718029412168,163,100
190,48,False,False,False,upper_bound_with_inhaler,0.12089554055670977,0.08920718029412168,163,101
190,48,False,False,True,one_hot,0.11195395799144167,0.11195395799144166,163,102
190,48,False,False,True,lower_bound,0.12089554055670977,0.09194629821913734,163,103
190,48,False,False,True,midpoint,0.12089554055670977,0.0909153838449542,163,104
190,48,False,False,True,midpoint_with_inhaler,0.12089554055670977,0.0909153838449542,163,105
190,48,False,False,True,upper_bound,0.12089554055670977,0.08920718029412168,163,106
190,48,False,False,True,upper_bound_with_inhaler,0.12089554055670977,0.08920718029412168,163,107
190,48,False,True,False,one_hot,0.11009362337550438,0.11009362337550437,163,108
190,48,False,True,False,lower_bound,0.10066690903342419,0.07146743611187059,163,109
190,48,False,True,False,midpoint,0.10066690903342419,0.08470433154629949,163,110
190,48,False,True,False,midpoint_with_inhaler,0.10066690903342419,0.08470433154629949,163,111
190,48,False,True,False,upper_bound,0.10066690903342419,0.0914477526764812,163,112
190,48,False,True,False,upper_bound_with_inhaler,0.10066690903342419,0.0914477526764812,163,113
190,48,False,True,True,one_hot,0.11009362337550438,0.11009362337550437,163,114
190,48,False,True,True,lower_bound,0.10066690903342419,0.07146743611187059,163,115
190,48,False,True,True,midpoint,0.10066690903342419,0.08470433154629949,163,116
190,48,False,True,True,midpoint_with_inhaler,0.10066690903342419,0.08470433154629949,163,117
190,48,False,True,True,upper_bound,0.10066690903342419,0.0914477526764812,163,118
190,48,False,True,True,upper_bound_with_inhaler,0.10066690903342419,0.0914477526764812,163,119
190,48,True,False,False,one_hot,0.1480372982522325,0.1480372982522325,163,120
190,48,True,False,False,lower_bound,0.13042067704246524,0.08157006001940441,163,121
190,48,True,False,False,midpoint,0.13042067704246524,0.10293894524511317,163,122
190,48,True,False,False,midpoint_with_inhaler,0.13042067704246524,0.10293894524511317,163,123
190,48,True,False,False,upper_bound,0.13042067704246524,0.11447559848398502,163,124
190,48,True,False,False,upper_bound_with_inhaler,0.13042067704246524,0.11447559848398502,163,125
190,48,True,False,True,one_hot,0.1480372982522325,0.1480372982522325,163,126
190,48,True,False,True,lower_bound,0.13042067704246524,0.08157006001940441,163,127
190,48,True,False,True,midpoint,0.13042067704246524,0.10293894524511317,163,128
190,48,True,False,True,midpoint_with_inhaler,0.13042067704246524,0.10293894524511317,163,129
190,48,True,False,True,upper_bound,0.13042067704246524,0.11447559848398502,163,130
190,48,True,False,True,upper_bound_with_inhaler,0.13042067704246524,0.11447559848398502,163,131
294,12,False,False,False,one_hot,-0.025340152038222246,-0.02534015203822225,173,0
294,12,False,False,False,lower_bound,0.30473089050121277,0.3178443248646614,173,1
294,12,False,False,False,midpoint,0.30473089050121277,0.33005117735437217,173,2
294,12,False,False,False,midpoint_with_inhaler,0.30473089050121277,0.33005117735437217,173,3
294,12,False,False,False,upper_bound,0.30473089050121277,0.3338200529175149,173,4
294,12,False,False,False,upper_bound_with_inhaler,0.30473089050121277,0.3338200529175149,173,5
294,12,False,False,True,one_hot,-0.025340152038222246,-0.02534015203822225,173,6
294,12,False,False,True,lower_bound,0.30473089050121277,0.3178443248646614,173,7
294,12,False,False,True,midpoint,0.30473089050121277,0.33005117735437217,173,8
294,12,False,False,True,midpoint_with_inhaler,0.30473089050121277,0.33005117735437217,173,9
294,12,False,False,True,upper_bound,0.30473089050121277,0.3338200529175149,173,10
294,12,False,False,True,upper_bound_with_inhaler,0.30473089050121277,0.3338200529175149,173,11
294,12,False,True,False,one_hot,,,173,12
294,12,False,True,False,lower_bound,0.49909528142549475,0.44262921701608077,173,13
294,12,False,True,False,midpoint,0.49909528142549475,0.46985676669607723,173,14
294,12,False,True,False,midpoint_with_inhaler,0.49909528142549475,0.46985676669607723,173,15
294,12,False,True,False,upper_bound,0.49909528142549475,0.4824040445566245,173,16
294,12,False,True,False,upper_bound_with_inhaler,0.49909528142549475,0.4824040445566245,173,17
294,12,False,True,True,one_hot,,,173,18
294,12,False,True,True,lower_bound,0.49909528142549475,0.44262921701608077,173,19
294,12,False,True,True,midpoint,0.49909528142549475,0.46985676669607723,173,20
294,12,False,True,True,midpoint_with_inhaler,0.49909528142549475,0.46985676669607723,173,21
294,12,False,True,True,upper_bound,0.49909528142549475,0.4824040445566245,173,22
294,12,False,True,True,upper_bound_with_inhaler,0.49909528142549475,0.4824040445566245,173,23
294,12,True,False,False,one_hot,,,173,24
294,12,True,False,False,lower_bound,0.5474609724153027,0.502152789944715,173,25
294,12,True,False,False,midpoint,0.5474609724153027,0.5347716683557334,173,26
294,12,True,False,False,midpoint_with_inhaler,0.5474609724153027,0.533640334987255,173,27
294,12,True,False,False,upper_bound,0.5470704860031342,0.5469843166749148,173,28
294,12,True,False,False,upper_bound_with_inhaler,0.5474609724153027,0.5456146623146171,173,29
294,12,True,False,True,one_hot,,,173,30
294,12,True,False,True,lower_bound,0.5474609724153027,0.502152789944715,173,31
294,12,True,False,True,midpoint,0.5474609724153027,0.5347716683557334,173,32
294,12,True,False,True,midpoint_with_inhaler,0.5474609724153027,0.533640334987255,173,33
294,12,True,False,True,upper_bound,0.5470704860031342,0.5469843166749148,173,34
294,12,True,False,True,upper_bound_with_inhaler,0.5474609724153027,0.5456146623146171,173,35
294,24,False,False,False,one_hot,,,173,36
294,24,False,False,False,lower_bound,0.6717642937031674,0.6437425636688395,173,37
294,24,False,False,False,midpoint,0.6717642937031674,0.6569625727780155,173,38
294,24,False,False,False,midpoint_with_inhaler,0.6717642937031674,0.6594586151189461,173,39
294,24,False,False,False,upper_bound,0.6677189044385005,0.6494366043943852,173,40
294,24,False,False,False,upper_bound_with_inhaler,0.6717642937031674,0.6584209872485316,173,41
294,24,False,False,True,one_hot,,,173,42
294,24,False,False,True,lower_bound,0.6717642937031674,0.6437425636688395,173,43
294,24,False,False,True,midpoint,0.6717642937031674,0.6569625727780155,173,44
294,24,False,False,True,midpoint_with_inhaler,0.6717642937031674,0.6594586151189461,173,45
294,24,False,False,True,upper_bound,0.6677189044385005,0.6494366043943852,173,46
294,24,False,False,True,upper_bound_with_inhaler,0.6717642937031674,0.6584209872485316,173,47
294,24,False,True,False,one_hot,,,173,48
294,24,False,True,False,lower_bound,0.52052260455492,0.49508956875932153,173,49
294,24,False,True,False,midpoint,0.52052260455492,0.5137389303099742,173,50
294,24,False,True,False,midpoint_with_inhaler,0.52052260455492,0.5137389303099742,173,51
294,24,False,True,False,upper_bound,0.52052260455492,0.5214506484398251,173,52
294,24,False,True,False,upper_bound_with_inhaler,0.52052260455492,0.5214506484398251,173,53
294,24,False,True,True,one_hot,,,173,54
294,24,False,True,True,lower_bound,0.52052260455492,0.49508956875932153,173,55
294,24,False,True,True,midpoint,0.52052260455492,0.5137389303099742,173,56
294,24,False,True,True,midpoint_with_inhaler,0.52052260455492,0.5137389303099742,173,57
294,24,False,True,True,upper_bound,0.52052260455492,0.5214506484398251,173,58
294,24,False,True,True,upper_bound_with_inhaler,0.52052260455492,0.5214506484398251,173,59
294,24,True,False,False,one_hot,,,173,60
294,24,True,False,False,lower_bound,0.6717642937031674,0.6437425636688395,173,61
294,24,True,False,False,midpoint,0.6717642937031674,0.6569625727780155,173,62
294,24,True,False,False,midpoint_with_inhaler,0.6717642937031674,0.6594586151189461,173,63
294,24,True,False,False,upper_bound,0.6677189044385005,0.6494366043943852,173,64
294,24,True,False,False,upper_bound_with_inhaler,0.6717642937031674,0.6584209872485316,173,65
294,24,True,False,True,one_hot,,,173,66
294,24,True,False,True,lower_bound,0.6717642937031674,0.6437425636688395,173,67
294,24,True,False,True,midpoint,0.6717642937031674,0.6569625727780155,173,68
294,24,True,False,True,midpoint_with_inhaler,0.6717642937031674,0.6594586151189461,173,69
294,24,True,False,True,upper_bound,0.6677189044385005,0.6494366043943852,173,70
294,24,True,False,True,upper_bound_with_inhaler,0.6717642937031674,0.6584209872485316,173,71
294,36,False,False,False,one_hot,,,173,72
294,36,False,False,False,lower_bound,0.50684008946955,0.5007627685467012,173,73
294,36,False,False,False,midpoint,0.50684008946955,0.5173679729094345,173,74
294,36,False,False,False,midpoint_with_inhaler,0.50684008946955,0.5155337226664128,173,75
294,36,False,False,False,upper_bound,0.48176471397308057,0.5098487973207376,173,76
294,36,False,False,False,upper_bound_with_inhaler,0.50684008946955,0.4884269621734196,173,77
294,36,False,False,True,one_hot,,,173,78
294,36,False,False,True,lower_bound,0.50684008946955,0.5007627685467012,173,79
294,36,False,False,True,midpoint,0.50684008946955,0.5173679729094345,173,80
294,36,False,False,True,midpoint_with_inhaler,0.50684008946955,0.5155337226664128,173,81
294,36,False,False,True,upper_bound,0.48176471397308057,0.5098487973207376,173,82
294,36,False,False,True,upper_bound_with_inhaler,0.50684008946955,0.4884269621734196,173,83
294,36,True,False,False,one_hot,,,173,84
294,36,True,False,False,lower_bound,0.4183335793445791,0.39274522887726643,173,85
294,36,True,False,False,midpoint,0.4183335793445791,0.4114503978558234,173,86
294,36,True,False,False,midpoint_with_inhaler,0.4183335793445791,0.41354022761468123,173,87
294,36,True,False,False,upper_bound,0.4156025123234533,0.42265309173915255,173,88
294,36,True,False,False,upper_bound_with_inhaler,0.4183335793445791,0.42950368474272627,173,89
294,36,True,False,True,one_hot,,,173,90
294,36,True,False,True,lower_bound,0.4183335793445791,0.39274522887726643,173,91
294,36,True,False,True,midpoint,0.4183335793445791,0.4114503978558234,173,92
294,36,True,False,True,midpoint_with_inhaler,0.4183335793445791,0.41354022761468123,173,93
294,36,True,False,True,upper_bound,0.4156025123234533,0.42265309173915255,173,94
294,36,True,False,True,upper_bound_with_inhaler,0.4183335793445791,0.42950368474272627,173,95
294,48,False,False,False,one_hot,,,173,96
294,48,False,False,False,lower_bound,0.6726941824774206,0.662556887331831,173,97
294,48,False,False,False,midpoint,0.6726941824774206,0.6563391140407636,173,98
294,48,False,False,False,midpoint_with_inhaler,0.6726941824774206,0.6730351884755178,173,99
294,48,False,False,False,upper_bound,0.6303983517058281,0.5941952866510555,173,100
294,48,False,False,False,upper_bound_with_inhaler,0.6726941824774206,0.6301721189450299,173,101
294,48,False,False,True,one_hot,,,173,102
294,48,False,False,True,lower_bound,0.6726941824774206,0.662556887331831,173,103
294,48,False,False,True,midpoint,0.6726941824774206,0.6563391140407636,173,104
294,48,False,False,True,midpoint_with_inhaler,0.6726941824774206,0.6730351884755178,173,105
294,48,False,False,True,upper_bound,0.6303983517058281,0.5941952866510555,173,106
294,48,False,False,True,upper_bound_with_inhaler,0.6726941824774206,0.6301721189450299,173,107
294,48,False,True,False,one_hot,,,173,108
294,48,False,True,False,lower_bound,0.32694768510518507,0.34430602045715275,173,109
294,48,False,True,False,midpoint,0.32694768510518507,0.34283353427971275,173,110
294,48,False,True,False,midpoint_with_inhaler,0.32694768510518507,0.34283353427971275,173,111
294,48,False,True,False,upper_bound,0.32694768510518507,0.33553572168300705,173,112
294,48,False,True,False,upper_bound_with_inhaler,0.32694768510518507,0.33553572168300705,173,113
294,48,False,True,True,one_hot,,,173,114
294,48,False,True,True,lower_bound,0.32694768510518507,0.34430602045715275,173,115
294,48,False,True,True,midpoint,0.32694768510518507,0.34283353427971275,173,116
294,48,False,True,True,midpoint_with_inhaler,0.32694768510518507,0.34283353427971275,173,117
294,48,False,True,True,upper_bound,0.32694768510518507,0.33553572168300705,173,118
294,48,False,True,True,upper_bound_with_inhaler,0.32694768510518507,0.33553572168300705,173,119
294,48,True,False,False,one_hot,,,173,120
294,48,True,False,False,lower_bound,0.4151433970698703,0.3665319019864252,173,121
294,48,True,False,False,midpoint,0.4151433970698703,0.3991190068202088,173,122
294,48,True,False,False,midpoint_with_inhaler,0.4151433970698703,0.3970615700625421,173,123
294,48,True,False,False,upper_bound,0.4135961389409714,0.410927007456799,173,124
294,48,True,False,False,upper_bound_with_inhaler,0.4151433970698703,0.41169452089412073,173,125
294,48,True,False,True,one_hot,,,173,126
294,48,True,False,True,lower_bound,0.4151433970698703,0.3665319019864252,173,127
294,48,True,False,True,midpoint,0.4151433970698703,0.3991190068202088,173,128
294,48,True,False,True,midpoint_with_inhaler,0.4151433970698703,0.3970615700625421,173,129
294,48,True,False,True,upper_bound,0.4135961389409714,0.410927007456799,173,130
294,48,True,False,True,upper_bound_with_inhaler,0.4151433970698703,0.41169452089412073,173,131
328,12,False,False,False,one_hot,0.40861767640633306,0.40861767640633306,17,0
328,12,False,False,False,lower_bound,0.35030968983465455,0.09154194364805601,17,1
328,12,False,False,False,midpoint,0.35030968983465455,0.11810949303390353,17,2
328,12,False,False,False,midpoint_with_inhaler,0.35030968983465455,0.11810949303390353,17,3
328,12,False,False,False,upper_bound,0.35030968983465455,0.13413199329733966,17,4
328,12,False,False,False,upper_bound_with_inhaler,0.35030968983465455,0.13413199329733966,17,5
328,12,False,False,True,one_hot,0.40861767640633306,0.40861767640633306,17,6
328,12,False,False,True,lower_bound,0.35030968983465455,0.09154194364805601,17,7
328,12,False,False,True,midpoint,0.35030968983465455,0.11810949303390353,17,8
328,12,False,False,True,midpoint_with_inhaler,0.35030968983465455,0.11810949303390353,17,9
328,12,False,False,True,upper_bound,0.35030968983465455,0.13413199329733966,17,10
328,12,False,False,True,upper_bound_with_inhaler,0.35030968983465455,0.13413199329733966,17,11
328,12,False,True,False,one_hot,0.240218647289261,0.24021864728926107,17,12
328,12,False,True,False,lower_bound,0.12783272869882822,-0.017735031727216667,17,13
328,12,False,True,False,midpoint,0.12783272869882822,0.006981011874754349,17,14
328,12,False,True,False,midpoint_with_inhaler,0.12783272869882822,0.006981011874754349,17,15
328,12,False,True,False,upper_bound,0.12783272869882822,0.022915456819288856,17,16
328,12,False,True,False,upper_bound_with_inhaler,0.12783272869882822,0.022915456819288856,17,17
328,12,False,True,True,one_hot,0.240218647289261,0.24021864728926107,17,18
328,12,False,True,True,lower_bound,0.12783272869882822,-0.017735031727216667,17,19
328,12,False,True,True,midpoint,0.12783272869882822,0.006981011874754349,17,20
328,12,False,True,True,midpoint_with_inhaler,0.12783272869882822,0.006981011874754349,17,21
328,12,False,True,True,upper_bound,0.12783272869882822,0.022915456819288856,17,22
328,12,False,True,True,upper_bound_with_inhaler,0.12783272869882822,0.022915456819288856,17,23
328,12,True,False,False,one_hot,0.24021864728926093,0.24021864728926107,17,24
328,12,True,False,False,lower_bound,0.1793281181918711,0.019355241619010245,17,25
328,12,True,False,False,midpoint,0.1793281181918711,0.036977908442580955,17,26
328,12,True,False,False,midpoint_with_inhaler,0.1793281181918711,0.036977908442580955,17,27
328,12,True,False,False,upper_bound,0.1793281181918711,0.04777731174310719,17,28
328,12,True,False,False,upper_bound_with_inhaler,0.1793281181918711,0.04777731174310719,17,29
328,12,True,False,True,one_hot,0.24021864728926093,0.24021864728926107,17,30
328,12,True,False,True,lower_bound,0.1793281181918711,0.019355241619010245,17,31
328,12,True,False,True,midpoint,0.1793281181918711,0.036977908442580955,17,32
328,12,True,False,True,midpoint_with_inhaler,0.1793281181918711,0.036977908442580955,17,33
328,12,True,False,True,upper_bound,0.1793281181918711,0.04777731174310719,17,34
328,12,True,False,True,upper_bound_with_inhaler,0.1793281181918711,0.04777731174310719,17,35
328,24,False,False,False,one_hot,0.1341319932973397,0.1341319932973397,17,36
328,24,False,False,False,lower_bound,-6.938893903907228e-18,-0.07734865037354614,17,37
328,24,False,False,False,midpoint,-6.938893903907228e-18,-0.0621626388809024,17,38
328,24,False,False,False,midpoint_with_inhaler,-6.938893903907228e-18,-0.0621626388809024,17,39
328,24,False,False,False,upper_bound,-6.938893903907228e-18,-0.051685753557698576,17,40
328,24,False,False,False,upper_bound_with_inhaler,-6.938893903907228e-18,-0.051685753557698576,17,41
328,24,False,False,True,one_hot,0.1341319932973397,0.1341319932973397,17,42
328,24,False,False,True,lower_bound,-6.938893903907228e-18,-0.07734865037354614,17,43
328,24,False,False,True,midpoint,-6.938893903907228e-18,-0.0621626388809024,17,44
328,24,False,False,True,midpoint_with_inhaler,-6.938893903907228e-18,-0.0621626388809024,17,45
328,24,False,False,True,upper_bound,-6.938893903907228e-18,-0.051685753557698576,17,46
328,24,False,False,True,upper_bound_with_inhaler,-6.938893903907228e-18,-0.051685753557698576,17,47
328,24,False,True,False,one_hot,-0.23193781324801244,-0.23193781324801244,17,48
328,24,False,True,False,lower_bound,-0.24698518601324337,-0.22082762602306227,17,49
328,24,False,True,False,midpoint,-0.24698518601324337,-0.23684907622405457,17,50
328,24,False,True,False,midpoint_with_inhaler,-0.24698518601324337,-0.23684907622405457,17,51
328,24,False,True,False,upper_bound,-0.24698518601324337,-0.24451533406189802,17,52
328,24,False,True,False,upper_bound_with_inhaler,-0.24698518601324337,-0.24451533406189802,17,53
328,24,False,True,True,one_hot,-0.23193781324801244,-0.23193781324801244,17,54
328,24,False,True,True,lower_bound,-0.24698518601324337,-0.22082762602306227,17,55
328,24,False,True,True,midpoint,-0.24698518601324337,-0.23684907622405457,17,56
328,24,False,True,True,midpoint_with_inhaler,-0.24698518601324337,-0.23684907622405457,17,57
328,24,False,True,True,upper_bound,-0.24698518601324337,-0.24451533406189802,17,58
328,24,False,True,True,upper_bound_with_inhaler,-0.24698518601324337,-0.24451533406189802,17,59
328,24,True,False,False,one_hot,0.1341319932973397,0.1341319932973397,17,60
328,24,True,False,False,lower_bound,-6.938893903907228e-18,-0.07734865037354614,17,61
328,24,True,False,False,midpoint,-6.938893903907228e-18,-0.0621626388809024,17,62
328,24,True,False,False,midpoint_with_inhaler,-6.938893903907228e-18,-0.0621626388809024,17,63
328,24,True,False,False,upper_bound,-6.938893903907228e-18,-0.051685753557698576,17,64
328,24,True,False,False,upper_bound_with_inhaler,-6.938893903907228e-18,-0.051685753557698576,17,65
328,24,True,False,True,one_hot,0.1341319932973397,0.1341319932973397,17,66
328,24,True,False,True,lower_bound,-6.938893903907228e-18,-0.07734865037354614,17,67
328,24,True,False,True,midpoint,-6.938893903907228e-18,-0.0621626388809024,17,68
328,24,True,False,True,midpoint_with_inhaler,-6.938893903907228e-18,-0.0621626388809024,17,69
328,24,True,False,True,upper_bound,-6.938893903907228e-18,-0.051685753557698576,17,70
328,24,True,False,True,upper_bound_with_inhaler,-6.938893903907228e-18,-0.051685753557698576,17,71
328,36,False,False,False,one_hot,0.17066884146429798,0.17066884146429792,17,72
328,36,False,False,False,lower_bound,0.10093485547943642,-0.02035173257197865,17,73
328,36,False,False,False,midpoint,0.10093485547943642,-0.007860543813804584,17,74
328,36,False,False,False,midpoint_with_inhaler,0.10093485547943642,-0.007860543813804584,17,75
328,36,False,False,False,upper_bound,0.10093485547943642,6.938893903907228e-18,17,76
328,36,False,False,False,upper_bound_with_inhaler,0.10093485547943642,6.938893903907228e-18,17,77
328,36,False,False,True,one_hot,0.17066884146429798,0.17066884146429792,17,78
328,36,False,False,True,lower_bound,0.10093485547943642,-0.02035173257197865,17,79
328,36,False,False,True,midpoint,0.10093485547943642,-0.007860543813804584,17,80
328,36,False,False,True,midpoint_with_inhaler,0.10093485547943642,-0.007860543813804584,17,81
328,36,False,False,True,upper_bound,0.10093485547943642,6.938893903907228e-18,17,82
328,36,False,False,True,upper_bound_with_inhaler,0.10093485547943642,6.938893903907228e-18,17,83
328,36,True,False,False,one_hot,-0.1665136672773379,-0.16651366727733785,17,84
328,36,True,False,False,lower_bound,-0.17932811819187103,-0.16894900691031142,17,85
328,36,True,False,False,midpoint,-0.17932811819187103,-0.17675833779178293,17,86
328,36,True,False,False,midpoint_with_inhaler,-0.17932811819187103,-0.17675833779178293,17,87
328,36,True,False,False,upper_bound,-0.17932811819187103,-0.1790773454548872,17,88
328,36,True,False,False,upper_bound_with_inhaler,-0.17932811819187103,-0.1790773454548872,17,89
328,36,True,False,True,one_hot,-0.1665136672773379,-0.16651366727733785,17,90
328,36,True,False,True,lower_bound,-0.17932811819187103,-0.16894900691031142,17,91
328,36,True,False,True,midpoint,-0.17932811819187103,-0.17675833779178293,17,92
328,36,True,False,True,midpoint_with_inhaler,-0.17932811819187103,-0.17675833779178293,17,93
328,36,True,False,True,upper_bound,-0.17932811819187103,-0.1790773454548872,17,94
328,36,True,False,True,upper_bound_with_inhaler,-0.17932811819187103,-0.1790773454548872,17,95
328,48,False,False,False,one_hot,0.091541943648056,0.091541943648056,17,96
328,48,False,False,False,lower_bound,-0.17698930116698963,-0.19694937492751743,17,97
328,48,False,False,False,midpoint,-0.17698930116698963,-0.18020585314880433,17,98
328,48,False,False,False,midpoint_with_inhaler,-0.17698930116698963,-0.18020585314880433,17,99
328,48,False,False,False,upper_bound,-0.17698930116698963,-0.1674602688243845,17,100
328,48,False,False,False,upper_bound_with_inhaler,-0.17698930116698963,-0.1674602688243845,17,101
328,48,False,False,True,one_hot,0.091541943648056,0.091541943648056,17,102
328,48,False,False,True,lower_bound,-0.17698930116698963,-0.19694937492751743,17,103
328,48,False,False,True,midpoint,-0.17698930116698963,-0.18020585314880433,17,104
328,48,False,False,True,midpoint_with_inhaler,-0.17698930116698963,-0.18020585314880433,17,105
328,48,False,False,True,upper_bound,-0.17698930116698963,-0.1674602688243845,17,106
328,48,False,False,True,upper_bound_with_inhaler,-0.17698930116698963,-0.1674602688243845,17,107
328,48,False,True,False,one_hot,-0.23193781324801244,-0.23193781324801244,17,108
328,48,False,True,False,lower_bound,-0.23780867947128112,-0.20959995706708806,17,109
328,48,False,True,False,midpoint,-0.23780867947128112,-0.2269706944265648,17,110
328,48,False,True,False,midpoint_with_inhaler,-0.23780867947128112,-0.2269706944265648,17,111
328,48,False,True,False,upper_bound,-0.23780867947128112,-0.23457979804955512,17,112
328,48,False,True,False,upper_bound_with_inhaler,-0.23780867947128112,-0.23457979804955512,17,113
328,48,False,True,True,one_hot,-0.23193781324801244,-0.23193781324801244,17,114
328,48,False,True,True,lower_bound,-0.23780867947128112,-0.20959995706708806,17,115
328,48,False,True,True,midpoint,-0.23780867947128112,-0.2269706944265648,17,116
328,48,False,True,True,midpoint_with_inhaler,-0.23780867947128112,-0.2269706944265648,17,117
328,48,False,True,True,upper_bound,-0.23780867947128112,-0.23457979804955512,17,118
328,48,False,True,True,upper_bound_with_inhaler,-0.23780867947128112,-0.23457979804955512,17,119
328,48,True,False,False,one_hot,-0.11284318271571438,-0.11284318271571438,17,120
328,48,True,False,False,lower_bound,-0.12939699363334925,-0.13319229401224203,17,121
328,48,True,False,False,midpoint,-0.12939699363334925,-0.13398681709561408,17,122
328,48,True,False,False,midpoint_with_inhaler,-0.12939699363334925,-0.13398681709561408,17,123
328,48,True,False,False,upper_bound,-0.12939699363334925,-0.13258916856431116,17,124
328,48,True,False,False,upper_bound_with_inhaler,-0.12939699363334925,-0.13258916856431116,17,125
328,48,True,False,True,one_hot,-0.11284318271571438,-0.11284318271571438,17,126
328,48,True,False,True,lower_bound,-0.12939699363334925,-0.13319229401224203,17,127
328,48,True,False,True,midpoint,-0.12939699363334925,-0.13398681709561408,17,128
328,48,True,False,True,midpoint_with_inhaler,-0.12939699363334925,-0.13398681709561408,17,129
328,48,True,False,True,upper_bound,-0.12939699363334925,-0.13258916856431116,17,130
328,48,True,False,True,upper_bound_with_inhaler,-0.12939699363334925,-0.13258916856431116,17,131
343,12,False,False,False,one_hot,0.46637422994159844,0.4663742299415985,173,0
343,12,False,False,False,lower_bound,0.46637422994159844,0.4663742299415985,173,1
343,12,False,False,False,midpoint,0.46637422994159844,0.46637422994159833,173,2
343,12,False,False,False,midpoint_with_inhaler,0.46637422994159844,0.46637422994159833,173,3
343,12,False,False,False,upper_bound,0.46637422994159844,0.4663742299415985,173,4
343,12,False,False,False,upper_bound_with_inhaler,0.46637422994159844,0.4663742299415985,173,5
343,12,False,False,True,one_hot,0.46637422994159844,0.4663742299415985,173,6
343,12,False,False,True,lower_bound,0.46637422994159844,0.4663742299415985,173,7
343,12,False,False,True,midpoint,0.46637422994159844,0.46637422994159833,173,8
343,12,False,False,True,midpoint_with_inhaler,0.46637422994159844,0.46637422994159833,173,9
343,12,False,False,True,upper_bound,0.46637422994159844,0.4663742299415985,173,10
343,12,False,False,True,upper_bound_with_inhaler,0.46637422994159844,0.4663742299415985,173,11
343,12,False,True,False,one_hot,0.29231914657795255,0.29231914657795255,173,12
343,12,False,True,False,lower_bound,0.29231914657795255,0.29231914657795255,173,13
343,12,False,True,False,midpoint,0.29231914657795255,0.2923191465779525,173,14
343,12,False,True,False,midpoint_with_inhaler,0.29231914657795255,0.2923191465779525,173,15
343,12,False,True,False,upper_bound,0.29231914657795255,0.29231914657795255,173,16
343,12,False,True,False,upper_bound_with_inhaler,0.29231914657795255,0.29231914657795255,173,17
343,12,False,True,True,one_hot,0.29231914657795255,0.29231914657795255,173,18
343,12,False,True,True,lower_bound,0.29231914657795255,0.29231914657795255,173,19
343,12,False,True,True,midpoint,0.29231914657795255,0.2923191465779525,173,20
343,12,False,True,True,midpoint_with_inhaler,0.29231914657795255,0.2923191465779525,173,21
343,12,False,True,True,upper_bound,0.29231914657795255,0.29231914657795255,173,22
343,12,False,True,True,upper_bound_with_inhaler,0.29231914657795255,0.29231914657795255,173,23
343,12,True,False,False,one_hot,0.40095917357238336,0.40095917357238336,173,24
343,12,True,False,False,lower_bound,0.40095917357238336,0.40095917357238336,173,25
343,12,True,False,False,midpoint,0.40095917357238336,0.40095917357238336,173,26
343,12,True,False,False,midpoint_with_inhaler,0.40095917357238336,0.40095917357238336,173,27
343,12,True,False,False,upper_bound,0.40095917357238336,0.40095917357238336,173,28
343,12,True,False,False,upper_bound_with_inhaler,0.40095917357238336,0.40095917357238336,173,29
343,12,True,False,True,one_hot,0.40095917357238336,0.40095917357238336,173,30
343,12,True,False,True,lower_bound,0.40095917357238336,0.40095917357238336,173,31
343,12,True,False,True,midpoint,0.40095917357238336,0.40095917357238336,173,32
343,12,True,False,True,midpoint_with_inhaler,0.40095917357238336,0.40095917357238336,173,33
343,12,True,False,True,upper_bound,0.40095917357238336,0.40095917357238336,173,34
343,12,True,False,True,upper_bound_with_inhaler,0.40095917357238336,0.40095917357238336,173,35
343,24,False,False,False,one_hot,0.28980751343380473,0.28980751343380473,173,36
343,24,False,False,False,lower_bound,0.29743366755797934,0.32620347593104254,173,37
343,24,False,False,False,midpoint,0.29743366755797934,0.3181704694410346,173,38
343,24,False,False,False,midpoint_with_inhaler,0.29743366755797934,0.3181704694410346,173,39
343,24,False,False,False,upper_bound,0.29743366755797934,0.3126657876059896,173,40
343,24,False,False,False,upper_bound_with_inhaler,0.29743366755797934,0.3126657876059896,173,41
343,24,False,False,True,one_hot,0.28980751343380473,0.28980751343380473,173,42
343,24,False,False,True,lower_bound,0.29743366755797934,0.32620347593104254,173,43
343,24,False,False,True,midpoint,0.29743366755797934,0.3181704694410346,173,44
343,24,False,False,True,midpoint_with_inhaler,0.29743366755797934,0.3181704694410346,173,45
343,24,False,False,True,upper_bound,0.29743366755797934,0.3126657876059896,173,46
343,24,False,False,True,upper_bound_with_inhaler,0.29743366755797934,0.3126657876059896,173,47
343,24,False,True,False,one_hot,0.06804893716176248,0.06804893716176244,173,48
343,24,False,True,False,lower_bound,0.06804893716176248,0.06804893716176244,173,49
343,24,False,True,False,midpoint,0.06804893716176248,0.06804893716176244,173,50
343,24,False,True,False,midpoint_with_inhaler,0.06804893716176248,0.06804893716176244,173,51
343,24,False,True,False,upper_bound,0.06804893716176248,0.06804893716176244,173,52
343,24,False,True,False,upper_bound_with_inhaler,0.06804893716176248,0.06804893716176244,173,53
343,24,False,True,True,one_hot,0.06804893716176248,0.06804893716176244,173,54
343,24,False,True,True,lower_bound,0.06804893716176248,0.06804893716176244,173,55
343,24,False,True,True,midpoint,0.06804893716176248,0.06804893716176244,173,56
343,24,False,True,True,midpoint_with_inhaler,0.06804893716176248,0.06804893716176244,173,57
343,24,False,True,True,upper_bound,0.06804893716176248,0.06804893716176244,173,58
343,24,False,True,True,upper_bound_with_inhaler,0.06804893716176248,0.06804893716176244,173,59
343,24,True,False,False,one_hot,0.28980751343380473,0.28980751343380473,173,60
343,24,True,False,False,lower_bound,0.29743366755797934,0.32620347593104254,173,61
343,24,True,False,False,midpoint,0.29743366755797934,0.3181704694410346,173,62
343,24,True,False,False,midpoint_with_inhaler,0.29743366755797934,0.3181704694410346,173,63
343,24,True,False,False,upper_bound,0.29743366755797934,0.3126657876059896,173,64
343,24,True,False,False,upper_bound_with_inhaler,0.29743366755797934,0.3126657876059896,173,65
343,24,True,False,True,one_hot,0.28980751343380473,0.28980751343380473,173,66
343,24,True,False,True,lower_bound,0.29743366755797934,0.32620347593104254,173,67
343,24,True,False,True,midpoint,0.29743366755797934,0.3181704694410346,173,68
343,24,True,False,True,midpoint_with_inhaler,0.29743366755797934,0.3181704694410346,173,69
343,24,True,False,True,upper_bound,0.29743366755797934,0.3126657876059896,173,70
343,24,True,False,True,upper_bound_with_inhaler,0.29743366755797934,0.3126657876059896,173,71
343,36,False,False,False,one_hot,0.2960629686734945,0.2960629686734945,173,72
343,36,False,False,False,lower_bound,0.3049595725369882,0.33262263353931676,173,73
343,36,False,False,False,midpoint,0.3049595725369882,0.32428336783905976,173,74
343,36,False,False,False,midpoint_with_inhaler,0.3049595725369882,0.32428336783905976,173,75
343,36,False,False,False,upper_bound,0.3049595725369882,0.3187032500758515,173,76
343,36,False,False,False,upper_bound_with_inhaler,0.3049595725369882,0.3187032500758515,173,77
343,36,False,False,True,one_hot,0.2960629686734945,0.2960629686734945,173,78
343,36,False,False,True,lower_bound,0.3049595725369882,0.33262263353931676,173,79
343,36,False,False,True,midpoint,0.3049595725369882,0.32428336783905976,173,80
343,36,False,False,True,midpoint_with_inhaler,0.3049595725369882,0.32428336783905976,173,81
343,36,False,False,True,upper_bound,0.3049595725369882,0.3187032500758515,173,82
343,36,False,False,True,upper_bound_with_inhaler,0.3049595725369882,0.3187032500758515,173,83
343,36,True,False,False,one_hot,0.08178905449255049,0.08178905449255049,173,84
343,36,True,False,False,lower_bound,0.08178905449255049,0.08178905449255049,173,85
343,36,True,False,False,midpoint,0.08178905449255049,0.0817890544925505,173,86
343,36,True,False,False,midpoint_with_inhaler,0.08178905449255049,0.0817890544925505,173,87
343,36,True,False,False,upper_bound,0.08178905449255049,0.08178905449255049,173,88
343,36,True,False,False,upper_bound_with_inhaler,0.08178905449255049,0.08178905449255049,173,89
343,36,True,False,True,one_hot,0.08178905449255049,0.08178905449255049,173,90
343,36,True,False,True,lower_bound,0.08178905449255049,0.08178905449255049,173,91
343,36,True,False,True,midpoint,0.08178905449255049,0.0817890544925505,173,92
343,36,True,False,True,midpoint_with_inhaler,0.08178905449255049,0.0817890544925505,173,93
343,36,True,False,True,upper_bound,0.08178905449255049,0.08178905449255049,173,94
343,36,True,False,True,upper_bound_with_inhaler,0.08178905449255049,0.08178905449255049,173,95
343,48,False,False,False,one_hot,0.2073357356012163,0.20733573560121632,173,96
343,48,False,False,False,lower_bound,0.2146038503678956,0.22499266266542456,173,97
343,48,False,False,False,midpoint,0.2146038503678956,0.22321291574841237,173,98
343,48,False,False,False,midpoint_with_inhaler,0.2146038503678956,0.22321291574841237,173,99
343,48,False,False,False,upper_bound,0.2146038503678956,0.2209298643453999,173,100
343,48,False,False,False,upper_bound_with_inhaler,0.2146038503678956,0.2209298643453999,173,101
343,48,False,False,True,one_hot,0.2073357356012163,0.20733573560121632,173,102
343,48,False,False,True,lower_bound,0.2146038503678956,0.22499266266542456,173,103
343,48,False,False,True,midpoint,0.2146038503678956,0.22321291574841237,173,104
343,48,False,False,True,midpoint_with_inhaler,0.2146038503678956,0.22321291574841237,173,105
343,48,False,False,True,upper_bound,0.2146038503678956,0.2209298643453999,173,106
343,48,False,False,True,upper_bound_with_inhaler,0.2146038503678956,0.2209298643453999,173,107
343,48,False,True,False,one_hot,0.0029051249624917606,0.002905124962491792,173,108
343,48,False,True,False,lower_bound,0.0029051249624917606,0.002905124962491792,173,109
343,48,False,True,False,midpoint,0.0029051249624917606,0.0029051249624918213,173,110
343,48,False,True,False,midpoint_with_inhaler,0.0029051249624917606,0.0029051249624918213,173,111
343,48,False,True,False,upper_bound,0.0029051249624917606,0.002905124962491792,173,112
343,48,False,True,False,upper_bound_with_inhaler,0.0029051249624917606,0.002905124962491792,173,113
343,48,False,True,True,one_hot,0.0029051249624917606,0.002905124962491792,173,114
343,48,False,True,True,lower_bound,0.0029051249624917606,0.002905124962491792,173,115
343,48,False,True,True,midpoint,0.0029051249624917606,0.0029051249624918213,173,116
343,48,False,True,True,midpoint_with_inhaler,0.0029051249624917606,0.0029051249624918213,173,117
343,48,False,True,True,upper_bound,0.0029051249624917606,0.002905124962491792,173,118
343,48,False,True,True,upper_bound_with_inhaler,0.0029051249624917606,0.002905124962491792,173,119
343,48,True,False,False,one_hot,0.06205162904500556,0.06205162904500553,173,120
343,48,True,False,False,lower_bound,0.06024124544467122,0.04641223225374754,173,121
343,48,True,False,False,midpoint,0.06024124544467122,0.05185944263978422,173,122
343,48,True,False,False,midpoint_with_inhaler,0.06024124544467122,0.05185944263978422,173,123
343,48,True,False,False,upper_bound,0.06024124544467122,0.05454449100559065,173,124
343,48,True,False,False,upper_bound_with_inhaler,0.06024124544467122,0.05454449100559065,173,125
343,48,True,False,True,one_hot,0.06205162904500556,0.06205162904500553,173,126
343,48,True,False,True,lower_bound,0.06024124544467122,0.04641223225374754,173,127
343,48,True,False,True,midpoint,0.06024124544467122,0.05185944263978422,173,128
343,48,True,False,True,midpoint_with_inhaler,0.06024124544467122,0.05185944263978422,173,129
343,48,True,False,True,upper_bound,0.06024124544467122,0.05454449100559065,173,130
343,48,True,False,True,upper_bound_with_inhaler,0.06024124544467122,0.05454449100559065,173,131
398,12,False,False,False,one_hot,0.5964553654965247,0.5964553654965243,25,0
398,12,False,False,False,lower_bound,0.5964553654965247,0.5964553654965243,25,1
398,12,False,False,False,midpoint,0.5964553654965247,0.5964553654965247,25,2
398,12,False,False,False,midpoint_with_inhaler,0.5964553654965247,0.5964553654965247,25,3
398,12,False,False,False,upper_bound,0.5964553654965247,0.5964553654965243,25,4
398,12,False,False,False,upper_bound_with_inhaler,0.5964553654965247,0.5964553654965243,25,5
398,12,False,False,True,one_hot,0.5964553654965247,0.5964553654965243,25,6
398,12,False,False,True,lower_bound,0.5964553654965247,0.5964553654965243,25,7
398,12,False,False,True,midpoint,0.5964553654965247,0.5964553654965247,25,8
398,12,False,False,True,midpoint_with_inhaler,0.5964553654965247,0.5964553654965247,25,9
398,12,False,False,True,upper_bound,0.5964553654965247,0.5964553654965243,25,10
398,12,False,False,True,upper_bound_with_inhaler,0.5964553654965247,0.5964553654965243,25,11
398,12,False,True,False,one_hot,-0.2036923847888908,-0.20369238478889082,25,12
398,12,False,True,False,lower_bound,-0.2036923847888908,-0.20369238478889082,25,13
398,12,False,True,False,midpoint,-0.2036923847888908,-0.20369238478889082,25,14
398,12,False,True,False,midpoint_with_inhaler,-0.2036923847888908,-0.20369238478889082,25,15
398,12,False,True,False,upper_bound,-0.2036923847888908,-0.20369238478889082,25,16
398,12,False,True,False,upper_bound_with_inhaler,-0.2036923847888908,-0.20369238478889082,25,17
398,12,False,True,True,one_hot,-0.2036923847888908,-0.20369238478889082,25,18
398,12,False,True,True,lower_bound,-0.2036923847888908,-0.20369238478889082,25,19
398,12,False,True,True,midpoint,-0.2036923847888908,-0.20369238478889082,25,20
398,12,False,True,True,midpoint_with_inhaler,-0.2036923847888908,-0.20369238478889082,25,21
398,12,False,True,True,upper_bound,-0.2036923847888908,-0.20369238478889082,25,22
398,12,False,True,True,upper_bound_with_inhaler,-0.2036923847888908,-0.20369238478889082,25,23
398,12,True,False,False,one_hot,0.3398313641010903,0.3398313641010903,25,24
398,12,True,False,False,lower_bound,0.4508252522597781,0.5658049607731234,25,25
398,12,True,False,False,midpoint,0.4508252522597781,0.5244247534310659,25,26
398,12,True,False,False,midpoint_with_inhaler,0.4508252522597781,0.5244247534310659,25,27
398,12,True,False,False,upper_bound,0.4508252522597781,0.4922679147431843,25,28
398,12,True,False,False,upper_bound_with_inhaler,0.4508252522597781,0.4922679147431843,25,29
398,12,True,False,True,one_hot,0.3398313641010903,0.3398313641010903,25,30
398,12,True,False,True,lower_bound,0.4508252522597781,0.5658049607731234,25,31
398,12,True,False,True,midpoint,0.4508252522597781,0.5244247534310659,25,32
398,12,True,False,True,midpoint_with_inhaler,0.4508252522597781,0.5244247534310659,25,33
398,12,True,False,True,upper_bound,0.4508252522597781,0.4922679147431843,25,34
398,12,True,False,True,upper_bound_with_inhaler,0.4508252522597781,0.4922679147431843,25,35
398,24,False,False,False,one_hot,0.37269680214779005,0.37269680214779005,25,36
398,24,False,False,False,lower_bound,0.32286358660139775,0.20946661876876432,25,37
398,24,False,False,False,midpoint,0.32286358660139775,0.26118069728292187,25,38
398,24,False,False,False,midpoint_with_inhaler,0.32286358660139775,0.26118069728292187,25,39
398,24,False,False,False,upper_bound,0.32286358660139775,0.2898626234197707,25,40
398,24,False,False,False,upper_bound_with_inhaler,0.32286358660139775,0.2898626234197707,25,41
398,24,False,False,True,one_hot,0.37269680214779005,0.37269680214779005,25,42
398,24,False,False,True,lower_bound,0.32286358660139775,0.20946661876876432,25,43
398,24,False,False,True,midpoint,0.32286358660139775,0.26118069728292187,25,44
398,24,False,False,True,midpoint_with_inhaler,0.32286358660139775,0.26118069728292187,25,45
398,24,False,False,True,upper_bound,0.32286358660139775,0.2898626234197707,25,46
398,24,False,False,True,upper_bound_with_inhaler,0.32286358660139775,0.2898626234197707,25,47
398,24,False,True,False,one_hot,0.08932388943290377,0.08932388943290372,25,48
398,24,False,True,False,lower_bound,0.07054631996819376,0.012475333630944501,25,49
398,24,False,True,False,midpoint,0.07054631996819376,0.033393461740134016,25,50
398,24,False,True,False,midpoint_with_inhaler,0.07054631996819376,0.033393461740134016,25,51
398,24,False,True,False,upper_bound,0.07054631996819376,0.04586706265729712,25,52
398,24,False,True,False,upper_bound_with_inhaler,0.07054631996819376,0.04586706265729712,25,53
398,24,False,True,True,one_hot,0.08932388943290377,0.08932388943290372,25,54
398,24,False,True,True,lower_bound,0.07054631996819376,0.012475333630944501,25,55
398,24,False,True,True,midpoint,0.07054631996819376,0.033393461740134016,25,56
398,24,False,True,True,midpoint_with_inhaler,0.07054631996819376,0.033393461740134016,25,57
398,24,False,True,True,upper_bound,0.07054631996819376,0.04586706265729712,25,58
398,24,False,True,True,upper_bound_with_inhaler,0.07054631996819376,0.04586706265729712,25,59
398,24,True,False,False,one_hot,0.37269680214779005,0.37269680214779005,25,60
398,24,True,False,False,lower_bound,0.32286358660139775,0.20946661876876432,25,61
398,24,True,False,False,midpoint,0.32286358660139775,0.26118069728292187,25,62
398,24,True,False,False,midpoint_with_inhaler,0.32286358660139775,0.26118069728292187,25,63
398,24,True,False,False,upper_bound,0.32286358660139775,0.2898626234197707,25,64
398,24,True,False,False,upper_bound_with_inhaler,0.32286358660139775,0.2898626234197707,25,65
398,24,True,False,True,one_hot,0.37269680214779005,0.37269680214779005,25,66
398,24,True,False,True,lower_bound,0.32286358660139775,0.20946661876876432,25,67
398,24,True,False,True,midpoint,0.32286358660139775,0.26118069728292187,25,68
398,24,True,False,True,midpoint_with_inhaler,0.32286358660139775,0.26118069728292187,25,69
398,24,True,False,True,upper_bound,0.32286358660139775,0.2898626234197707,25,70
398,24,True,False,True,upper_bound_with_inhaler,0.32286358660139775,0.2898626234197707,25,71
398,36,False,False,False,one_hot,0.2503586145588893,0.2503586145588893,25,72
398,36,False,False,False,lower_bound,0.14871328945537984,0.046960355574924936,25,73
398,36,False,False,False,midpoint,0.14871328945537984,0.09669275847579892,25,74
398,36,False,False,False,midpoint_with_inhaler,0.14871328945537984,0.09669275847579892,25,75
398,36,False,False,False,upper_bound,0.14871328945537984,0.12941558374932532,25,76
398,36,False,False,False,upper_bound_with_inhaler,0.14871328945537984,0.12941558374932532,25,77
398,36,False,False,True,one_hot,0.2503586145588893,0.2503586145588893,25,78
398,36,False,False,True,lower_bound,0.14871328945537984,0.046960355574924936,25,79
398,36,False,False,True,midpoint,0.14871328945537984,0.09669275847579892,25,80
398,36,False,False,True,midpoint_with_inhaler,0.14871328945537984,0.09669275847579892,25,81
398,36,False,False,True,upper_bound,0.14871328945537984,0.12941558374932532,25,82
398,36,False,False,True,upper_bound_with_inhaler,0.14871328945537984,0.12941558374932532,25,83
398,36,True,False,False,one_hot,-0.1700280159993189,-0.17002801599931885,25,84
398,36,True,False,False,lower_bound,-0.1700280159993189,-0.17002801599931885,25,85
398,36,True,False,False,midpoint,-0.1700280159993189,-0.17002801599931885,25,86
398,36,True,False,False,midpoint_with_inhaler,-0.1700280159993189,-0.17002801599931885,25,87
398,36,True,False,False,upper_bound,-0.1700280159993189,-0.17002801599931885,25,88
398,36,True,False,False,upper_bound_with_inhaler,-0.1700280159993189,-0.17002801599931885,25,89
398,36,True,False,True,one_hot,-0.1700280159993189,-0.17002801599931885,25,90
398,36,True,False,True,lower_bound,-0.1700280159993189,-0.17002801599931885,25,91
398,36,True,False,True,midpoint,-0.1700280159993189,-0.17002801599931885,25,92
398,36,True,False,True,midpoint_with_inhaler,-0.1700280159993189,-0.17002801599931885,25,93
398,36,True,False,True,upper_bound,-0.1700280159993189,-0.17002801599931885,25,94
398,36,True,False,True,upper_bound_with_inhaler,-0.1700280159993189,-0.17002801599931885,25,95
398,48,False,False,False,one_hot,0.12941558374932532,0.12941558374932532,25,96
398,48,False,False,False,lower_bound,-0.04341129959208423,-0.0958149507787667,25,97
398,48,False,False,False,midpoint,-0.04341129959208423,-0.065273365848306,25,98
398,48,False,False,False,midpoint_with_inhaler,-0.04341129959208423,-0.065273365848306,25,99
398,48,False,False,False,upper_bound,-0.04341129959208423,-0.039213176746271027,25,100
398,48,False,False,False,upper_bound_with_inhaler,-0.04341129959208423,-0.039213176746271027,25,101
398,48,False,False,True,one_hot,0.12941558374932532,0.12941558374932532,25,102
398,48,False,False,True,lower_bound,-0.04341129959208423,-0.0958149507787667,25,103
398,48,False,False,True,midpoint,-0.04341129959208423,-0.065273365848306,25,104
398,48,False,False,True,midpoint_with_inhaler,-0.04341129959208423,-0.065273365848306,25,105
398,48,False,False,True,upper_bound,-0.04341129959208423,-0.039213176746271027,25,106
398,48,False,False,True,upper_bound_with_inhaler,-0.04341129959208423,-0.039213176746271027,25,107
398,48,False,True,False,one_hot,0.40810088220577584,0.40810088220577595,25,108
398,48,False,True,False,lower_bound,0.3134276134650047,0.14911309957291477,25,109
398,48,False,True,False,midpoint,0.3134276134650047,0.2152142295159134,25,110
398,48,False,True,False,midpoint_with_inhaler,0.3134276134650047,0.2152142295159134,25,111
398,48,False,True,False,upper_bound,0.3134276134650047,0.2569701555572361,25,112
398,48,False,True,False,upper_bound_with_inhaler,0.3134276134650047,0.2569701555572361,25,113
398,48,False,True,True,one_hot,0.40810088220577584,0.40810088220577595,25,114
398,48,False,True,True,lower_bound,0.3134276134650047,0.14911309957291477,25,115
398,48,False,True,True,midpoint,0.3134276134650047,0.2152142295159134,25,116
398,48,False,True,True,midpoint_with_inhaler,0.3134276134650047,0.2152142295159134,25,117
398,48,False,True,True,upper_bound,0.3134276134650047,0.2569701555572361,25,118
398,48,False,True,True,upper_bound_with_inhaler,0.3134276134650047,0.2569701555572361,25,119
398,48,True,False,False,one_hot,0.05280251446166788,0.05280251446166786,25,120
398,48,True,False,False,lower_bound,0.03469100889578106,-0.01247533363094453,25,121
398,48,True,False,False,midpoint,0.03469100889578106,0.0047551524234664575,25,122
398,48,True,False,False,midpoint_with_inhaler,0.03469100889578106,0.0047551524234664575,25,123
398,48,True,False,False,upper_bound,0.03469100889578106,0.015205132524178528,25,124
398,48,True,False,False,upper_bound_with_inhaler,0.03469100889578106,0.015205132524178528,25,125
398,48,True,False,True,one_hot,0.05280251446166788,0.05280251446166786,25,126
398,48,True,False,True,lower_bound,0.03469100889578106,-0.01247533363094453,25,127
398,48,True,False,True,midpoint,0.03469100889578106,0.0047551524234664575,25,128
398,48,True,False,True,midpoint_with_inhaler,0.03469100889578106,0.0047551524234664575,25,129
398,48,True,False,True,upper_bound,0.03469100889578106,0.015205132524178528,25,130
398,48,True,False,True,upper_bound_with_inhaler,0.03469100889578106,0.015205132524178528,25,131
447,12,False,False,False,one_hot,-0.11595308919596882,-0.11595308919596876,99,0
447,12,False,False,False,lower_bound,-0.18705803988553668,-0.029890908444004726,99,1
447,12,False,False,False,midpoint,-0.18705803988553668,-0.09779443831764206,99,2
447,12,False,False,False,midpoint_with_inhaler,-0.18705803988553668,-0.09779443831764206,99,3
447,12,False,False,False,upper_bound,-0.18705803988553668,-0.14097528281326288,99,4
447,12,False,False,False,upper_bound_with_inhaler,-0.18705803988553668,-0.14097528281326288,99,5
447,12,False,False,True,one_hot,-0.11595308919596882,-0.11595308919596876,99,6
447,12,False,False,True,lower_bound,-0.18705803988553668,-0.029890908444004726,99,7
447,12,False,False,True,midpoint,-0.18705803988553668,-0.09779443831764206,99,8
447,12,False,False,True,midpoint_with_inhaler,-0.18705803988553668,-0.09779443831764206,99,9
447,12,False,False,True,upper_bound,-0.18705803988553668,-0.14097528281326288,99,10
447,12,False,False,True,upper_bound_with_inhaler,-0.18705803988553668,-0.14097528281326288,99,11
447,12,False,True,False,one_hot,0.09682486690228717,0.09682486690228716,99,12
447,12,False,True,False,lower_bound,-0.166217467078458,-0.14363746962418777,99,13
447,12,False,True,False,midpoint,-0.166217467078458,-0.13676436059986005,99,14
447,12,False,True,False,midpoint_with_inhaler,-0.166217467078458,-0.13676436059986005,99,15
447,12,False,True,False,upper_bound,-0.166217467078458,-0.12962832961765458,99,16
447,12,False,True,False,upper_bound_with_inhaler,-0.166217467078458,-0.12962832961765458,99,17
447,12,False,True,True,one_hot,0.09682486690228717,0.09682486690228716,99,18
447,12,False,True,True,lower_bound,-0.166217467078458,-0.14363746962418777,99,19
447,12,False,True,True,midpoint,-0.166217467078458,-0.13676436059986005,99,20
447,12,False,True,True,midpoint_with_inhaler,-0.166217467078458,-0.13676436059986005,99,21
447,12,False,True,True,upper_bound,-0.166217467078458,-0.12962832961765458,99,22
447,12,False,True,True,upper_bound_with_inhaler,-0.166217467078458,-0.12962832961765458,99,23
447,12,True,False,False,one_hot,0.1288905049808659,0.12889050498086585,99,24
447,12,True,False,False,lower_bound,0.11115887622234348,0.1410322635307365,99,25
447,12,True,False,False,midpoint,0.11115887622234348,0.14040699466800127,99,26
447,12,True,False,False,midpoint_with_inhaler,0.11115887622234348,0.14040699466800127,99,27
447,12,True,False,False,upper_bound,0.11115887622234348,0.13852072611967295,99,28
447,12,True,False,False,upper_bound_with_inhaler,0.11115887622234348,0.13852072611967295,99,29
447,12,True,False,True,one_hot,0.1288905049808659,0.12889050498086585,99,30
447,12,True,False,True,lower_bound,0.11115887622234348,0.1410322635307365,99,31
447,12,True,False,True,midpoint,0.11115887622234348,0.14040699466800127,99,32
447,12,True,False,True,midpoint_with_inhaler,0.11115887622234348,0.14040699466800127,99,33
447,12,True,False,True,upper_bound,0.11115887622234348,0.13852072611967295,99,34
447,12,True,False,True,upper_bound_with_inhaler,0.11115887622234348,0.13852072611967295,99,35
447,24,False,False,False,one_hot,0.11224045706464716,0.11224045706464719,99,36
447,24,False,False,False,lower_bound,0.1040843765548332,0.2453576314784403,99,37
447,24,False,False,False,midpoint,0.1040843765548332,0.2130061983722933,99,38
447,24,False,False,False,midpoint_with_inhaler,0.1040843765548332,0.2130061983722933,99,39
447,24,False,False,False,upper_bound,0.1040843765548332,0.18817671203262484,99,40
447,24,False,False,False,upper_bound_with_inhaler,0.1040843765548332,0.18817671203262484,99,41
447,24,False,False,True,one_hot,0.11224045706464716,0.11224045706464719,99,42
447,24,False,False,True,lower_bound,0.1040843765548332,0.2453576314784403,99,43
447,24,False,False,True,midpoint,0.1040843765548332,0.2130061983722933,99,44
447,24,False,False,True,midpoint_with_inhaler,0.1040843765548332,0.2130061983722933,99,45
447,24,False,False,True,upper_bound,0.1040843765548332,0.18817671203262484,99,46
447,24,False,False,True,upper_bound_with_inhaler,0.1040843765548332,0.18817671203262484,99,47
447,24,False,True,False,one_hot,-0.01630849422907148,-0.016308494229071473,99,48
447,24,False,True,False,lower_bound,-0.10072400102545882,0.12186416272909355,99,49
447,24,False,True,False,midpoint,-0.10072400102545882,0.06197535788803627,99,50
447,24,False,True,False,midpoint_with_inhaler,-0.10072400102545882,0.06197535788803627,99,51
447,24,False,True,False,upper_bound,-0.10072400102545882,0.022957094429078225,99,52
447,24,False,True,False,upper_bound_with_inhaler,-0.10072400102545882,0.022957094429078225,99,53
447,24,False,True,True,one_hot,-0.01630849422907148,-0.016308494229071473,99,54
447,24,False,True,True,lower_bound,-0.10072400102545882,0.12186416272909355,99,55
447,24,False,True,True,midpoint,-0.10072400102545882,0.06197535788803627,99,56
447,24,False,True,True,midpoint_with_inhaler,-0.10072400102545882,0.06197535788803627,99,57
447,24,False,True,True,upper_bound,-0.10072400102545882,0.022957094429078225,99,58
447,24,False,True,True,upper_bound_with_inhaler,-0.10072400102545882,0.022957094429078225,99,59
447,24,True,False,False,one_hot,0.11224045706464716,0.11224045706464719,99,60
447,24,True,False,False,lower_bound,0.1040843765548332,0.2453576314784403,99,61
447,24,True,False,False,midpoint,0.1040843765548332,0.2130061983722933,99,62
447,24,True,False,False,midpoint_with_inhaler,0.1040843765548332,0.2130061983722933,99,63
447,24,True,False,False,upper_bound,0.1040843765548332,0.18817671203262484,99,64
447,24,True,False,False,upper_bound_with_inhaler,0.1040843765548332,0.18817671203262484,99,65
447,24,True,False,True,one_hot,0.11224045706464716,0.11224045706464719,99,66
447,24,True,False,True,lower_bound,0.1040843765548332,0.2453576314784403,99,67
447,24,True,False,True,midpoint,0.1040843765548332,0.2130061983722933,99,68
447,24,True,False,True,midpoint_with_inhaler,0.1040843765548332,0.2130061983722933,99,69
447,24,True,False,True,upper_bound,0.1040843765548332,0.18817671203262484,99,70
447,24,True,False,True,upper_bound_with_inhaler,0.1040843765548332,0.18817671203262484,99,71
447,36,False,False,False,one_hot,0.20278041614295636,0.20278041614295644,99,72
447,36,False,False,False,lower_bound,0.06966995226692842,0.23389393932776928,99,73
447,36,False,False,False,midpoint,0.06966995226692842,0.20818538928735647,99,74
447,36,False,False,False,midpoint_with_inhaler,0.06966995226692842,0.20818538928735647,99,75
447,36,False,False,False,upper_bound,0.06966995226692842,0.1909778183938364,99,76
447,36,False,False,False,upper_bound_with_inhaler,0.06966995226692842,0.1909778183938364,99,77
447,36,False,False,True,one_hot,0.20278041614295636,0.20278041614295644,99,78
447,36,False,False,True,lower_bound,0.06966995226692842,0.23389393932776928,99,79
447,36,False,False,True,midpoint,0.06966995226692842,0.20818538928735647,99,80
447,36,False,False,True,midpoint_with_inhaler,0.06966995226692842,0.20818538928735647,99,81
447,36,False,False,True,upper_bound,0.06966995226692842,0.1909778183938364,99,82
447,36,False,False,True,upper_bound_with_inhaler,0.06966995226692842,0.1909778183938364,99,83
447,36,True,False,False,one_hot,0.0017675809984975175,0.0017675809984975383,99,84
447,36,True,False,False,lower_bound,0.04142274486489454,0.2280656083971793,99,85
447,36,True,False,False,midpoint,0.04142274486489454,0.1849464320166494,99,86
447,36,True,False,False,midpoint_with_inhaler,0.04142274486489454,0.1849464320166494,99,87
447,36,True,False,False,upper_bound,0.04142274486489454,0.15524658133237265,99,88
447,36,True,False,False,upper_bound_with_inhaler,0.04142274486489454,0.15524658133237265,99,89
447,36,True,False,True,one_hot,0.0017675809984975175,0.0017675809984975383,99,90
447,36,True,False,True,lower_bound,0.04142274486489454,0.2280656083971793,99,91
447,36,True,False,True,midpoint,0.04142274486489454,0.1849464320166494,99,92
447,36,True,False,True,midpoint_with_inhaler,0.04142274486489454,0.1849464320166494,99,93
447,36,True,False,True,upper_bound,0.04142274486489454,0.15524658133237265,99,94
447,36,True,False,True,upper_bound_with_inhaler,0.04142274486489454,0.15524658133237265,99,95
447,48,False,False,False,one_hot,0.2356327295330789,0.2356327295330789,99,96
447,48,False,False,False,lower_bound,0.009642116178227468,0.15734984797635135,99,97
447,48,False,False,False,midpoint,0.009642116178227468,0.1432468093225435,99,98
447,48,False,False,False,midpoint_with_inhaler,0.009642116178227468,0.1432468093225435,99,99
447,48,False,False,False,upper_bound,0.009642116178227468,0.13386285092343014,99,100
447,48,False,False,False,upper_bound_with_inhaler,0.009642116178227468,0.13386285092343014,99,101
447,48,False,False,True,one_hot,0.2356327295330789,0.2356327295330789,99,102
447,48,False,False,True,lower_bound,0.009642116178227468,0.15734984797635135,99,103
447,48,False,False,True,midpoint,0.009642116178227468,0.1432468093225435,99,104
447,48,False,False,True,midpoint_with_inhaler,0.009642116178227468,0.1432468093225435,99,105
447,48,False,False,True,upper_bound,0.009642116178227468,0.13386285092343014,99,106
447,48,False,False,True,upper_bound_with_inhaler,0.009642116178227468,0.13386285092343014,99,107
447,48,False,True,False,one_hot,-0.09643579198362809,-0.09643579198362809,99,108
447,48,False,True,False,lower_bound,-0.2711825581692209,-0.1699977187183731,99,109
447,48,False,True,False,midpoint,-0.2711825581692209,-0.18356070447233677,99,110
447,48,False,True,False,midpoint_with_inhaler,-0.2711825581692209,-0.18356070447233677,99,111
447,48,False,True,False,upper_bound,-0.2711825581692209,-0.19026761736544412,99,112
447,48,False,True,False,upper_bound_with_inhaler,-0.2711825581692209,-0.19026761736544412,99,113
447,48,False,True,True,one_hot,-0.09643579198362809,-0.09643579198362809,99,114
447,48,False,True,True,lower_bound,-0.2711825581692209,-0.1699977187183731,99,115
447,48,False,True,True,midpoint,-0.2711825581692209,-0.18356070447233677,99,116
447,48,False,True,True,midpoint_with_inhaler,-0.2711825581692209,-0.18356070447233677,99,117
447,48,False,True,True,upper_bound,-0.2711825581692209,-0.19026761736544412,99,118
447,48,False,True,True,upper_bound_with_inhaler,-0.2711825581692209,-0.19026761736544412,99,119
447,48,True,False,False,one_hot,0.05756199099416073,0.057561990994160754,99,120
447,48,True,False,False,lower_bound,-0.16012424419486332,-0.07682957198412717,99,121
447,48,True,False,False,midpoint,-0.16012424419486332,-0.07693601662380649,99,122
447,48,True,False,False,midpoint_with_inhaler,-0.16012424419486332,-0.07693601662380649,99,123
447,48,True,False,False,upper_bound,-0.16012424419486332,-0.07456508486728816,99,124
447,48,True,False,False,upper_bound_with_inhaler,-0.16012424419486332,-0.07456508486728816,99,125
447,48,True,False,True,one_hot,0.05756199099416073,0.057561990994160754,99,126
447,48,True,False,True,lower_bound,-0.16012424419486332,-0.07682957198412717,99,127
447,48,True,False,True,midpoint,-0.16012424419486332,-0.07693601662380649,99,128
447,48,True,False,True,midpoint_with_inhaler,-0.16012424419486332,-0.07693601662380649,99,129
447,48,True,False,True,upper_bound,-0.16012424419486332,-0.07456508486728816,99,130
447,48,True,False,True,upper_bound_with_inhaler,-0.16012424419486332,-0.07456508486728816,99,131
454,12,False,False,False,one_hot,-0.27920110829002376,-0.2792011082900237,10,0
454,12,False,False,False,lower_bound,-0.5458492717027692,-0.33331379054548504,10,1
454,12,False,False,False,midpoint,-0.5458492717027692,-0.38972628482693117,10,2
454,12,False,False,False,midpoint_with_inhaler,-0.5458492717027692,-0.38972628482693117,10,3
454,12,False,False,False,upper_bound,-0.5458492717027692,-0.4217569518556307,10,4
454,12,False,False,False,upper_bound_with_inhaler,-0.5458492717027692,-0.4217569518556307,10,5
454,12,False,False,True,one_hot,-0.27920110829002376,-0.2792011082900237,10,6
454,12,False,False,True,lower_bound,-0.5458492717027692,-0.33331379054548504,10,7
454,12,False,False,True,midpoint,-0.5458492717027692,-0.38972628482693117,10,8
454,12,False,False,True,midpoint_with_inhaler,-0.5458492717027692,-0.38972628482693117,10,9
454,12,False,False,True,upper_bound,-0.5458492717027692,-0.4217569518556307,10,10
454,12,False,False,True,upper_bound_with_inhaler,-0.5458492717027692,-0.4217569518556307,10,11
454,12,False,True,False,one_hot,-0.11157177565710484,-0.11157177565710488,10,12
454,12,False,True,False,lower_bound,-0.21665216315954053,-0.23056259088443037,10,13
454,12,False,True,False,midpoint,-0.21665216315954053,-0.23455318484278964,10,14
454,12,False,True,False,midpoint_with_inhaler,-0.21665216315954053,-0.23455318484278964,10,15
454,12,False,True,False,upper_bound,-0.21665216315954053,-0.22628171629409607,10,16
454,12,False,True,False,upper_bound_with_inhaler,-0.21665216315954053,-0.22628171629409607,10,17
454,12,False,True,True,one_hot,-0.11157177565710484,-0.11157177565710488,10,18
454,12,False,True,True,lower_bound,-0.21665216315954053,-0.23056259088443037,10,19
454,12,False,True,True,midpoint,-0.21665216315954053,-0.23455318484278964,10,20
454,12,False,True,True,midpoint_with_inhaler,-0.21665216315954053,-0.23455318484278964,10,21
454,12,False,True,True,upper_bound,-0.21665216315954053,-0.22628171629409607,10,22
454,12,False,True,True,upper_bound_with_inhaler,-0.21665216315954053,-0.22628171629409607,10,23
454,12,True,False,False,one_hot,-0.1682361183106065,-0.16823611831060645,10,24
454,12,True,False,False,lower_bound,-0.5230555723242406,-0.4905626578274587,10,25
454,12,True,False,False,midpoint,-0.5230555723242406,-0.46939510322421824,10,26
454,12,True,False,False,midpoint_with_inhaler,-0.5230555723242406,-0.46939510322421824,10,27
454,12,True,False,False,upper_bound,-0.5230555723242406,-0.4419112241995687,10,28
454,12,True,False,False,upper_bound_with_inhaler,-0.5230555723242406,-0.4419112241995687,10,29
454,12,True,False,True,one_hot,-0.1682361183106065,-0.16823611831060645,10,30
454,12,True,False,True,lower_bound,-0.5230555723242406,-0.4905626578274587,10,31
454,12,True,False,True,midpoint,-0.5230555723242406,-0.46939510322421824,10,32
454,12,True,False,True,midpoint_with_inhaler,-0.5230555723242406,-0.46939510322421824,10,33
454,12,True,False,True,upper_bound,-0.5230555723242406,-0.4419112241995687,10,34
454,12,True,False,True,upper_bound_with_inhaler,-0.5230555723242406,-0.4419112241995687,10,35
454,24,False,False,False,one_hot,-0.1682361183106065,-0.16823611831060645,10,36
454,24,False,False,False,lower_bound,-0.29145490281530606,-0.20033101340368772,10,37
454,24,False,False,False,midpoint,-0.29145490281530606,-0.22573588893136542,10,38
454,24,False,False,False,midpoint_with_inhaler,-0.29145490281530606,-0.22573588893136542,10,39
454,24,False,False,False,upper_bound,-0.29145490281530606,-0.24021864728926093,10,40
454,24,False,False,False,upper_bound_with_inhaler,-0.29145490281530606,-0.24021864728926093,10,41
454,24,False,False,True,one_hot,-0.1682361183106065,-0.16823611831060645,10,42
454,24,False,False,True,lower_bound,-0.29145490281530606,-0.20033101340368772,10,43
454,24,False,False,True,midpoint,-0.29145490281530606,-0.22573588893136542,10,44
454,24,False,False,True,midpoint_with_inhaler,-0.29145490281530606,-0.22573588893136542,10,45
454,24,False,False,True,upper_bound,-0.29145490281530606,-0.24021864728926093,10,46
454,24,False,False,True,upper_bound_with_inhaler,-0.29145490281530606,-0.24021864728926093,10,47
454,24,False,True,False,one_hot,-0.11157177565710484,-0.11157177565710488,10,48
454,24,False,True,False,lower_bound,0.17315830691917639,0.27054863969476217,10,49
454,24,False,True,False,midpoint,0.17315830691917639,0.19877056137512383,10,50
454,24,False,True,False,midpoint_with_inhaler,0.17315830691917639,0.19877056137512383,10,51
454,24,False,True,False,upper_bound,0.17315830691917639,0.1393032719249538,10,52
454,24,False,True,False,upper_bound_with_inhaler,0.17315830691917639,0.1393032719249538,10,53
454,24,False,True,True,one_hot,-0.11157177565710484,-0.11157177565710488,10,54
454,24,False,True,True,lower_bound,0.17315830691917639,0.27054863969476217,10,55
454,24,False,True,True,midpoint,0.17315830691917639,0.19877056137512383,10,56
454,24,False,True,True,midpoint_with_inhaler,0.17315830691917639,0.19877056137512383,10,57
454,24,False,True,True,upper_bound,0.17315830691917639,0.1393032719249538,10,58
454,24,False,True,True,upper_bound_with_inhaler,0.17315830691917639,0.1393032719249538,10,59
454,24,True,False,False,one_hot,-0.1682361183106065,-0.16823611831060645,10,60
454,24,True,False,False,lower_bound,-0.29145490281530606,-0.20033101340368772,10,61
454,24,True,False,False,midpoint,-0.29145490281530606,-0.22573588893136542,10,62
454,24,True,False,False,midpoint_with_inhaler,-0.29145490281530606,-0.22573588893136542,10,63
454,24,True,False,False,upper_bound,-0.29145490281530606,-0.24021864728926093,10,64
454,24,True,False,False,upper_bound_with_inhaler,-0.29145490281530606,-0.24021864728926093,10,65
454,24,True,False,True,one_hot,-0.1682361183106065,-0.16823611831060645,10,66
454,24,True,False,True,lower_bound,-0.29145490281530606,-0.20033101340368772,10,67
454,24,True,False,True,midpoint,-0.29145490281530606,-0.22573588893136542,10,68
454,24,True,False,True,midpoint_with_inhaler,-0.29145490281530606,-0.22573588893136542,10,69
454,24,True,False,True,upper_bound,-0.29145490281530606,-0.24021864728926093,10,70
454,24,True,False,True,upper_bound_with_inhaler,-0.29145490281530606,-0.24021864728926093,10,71
454,36,False,False,False,one_hot,,,10,72
454,36,False,False,False,lower_bound,0.09226970472204159,0.04127442116242629,10,73
454,36,False,False,False,midpoint,0.09226970472204159,0.013508169862780079,10,74
454,36,False,False,False,midpoint_with_inhaler,0.09226970472204159,0.013508169862780079,10,75
454,36,False,False,False,upper_bound,0.09226970472204159,2.7755575615628914e-17,10,76
454,36,False,False,False,upper_bound_with_inhaler,0.09226970472204159,2.7755575615628914e-17,10,77
454,36,False,False,True,one_hot,,,10,78
454,36,False,False,True,lower_bound,0.09226970472204159,0.04127442116242629,10,79
454,36,False,False,True,midpoint,0.09226970472204159,0.013508169862780079,10,80
454,36,False,False,True,midpoint_with_inhaler,0.09226970472204159,0.013508169862780079,10,81
454,36,False,False,True,upper_bound,0.09226970472204159,2.7755575615628914e-17,10,82
454,36,False,False,True,upper_bound_with_inhaler,0.09226970472204159,2.7755575615628914e-17,10,83
454,36,True,False,False,one_hot,-0.22178412719255758,-0.2217841271925576,10,84
454,36,True,False,False,lower_bound,-0.13115705581403653,-0.13531089826100376,10,85
454,36,True,False,False,midpoint,-0.13115705581403653,-0.1514727262412403,10,86
454,36,True,False,False,midpoint_with_inhaler,-0.13115705581403653,-0.1514727262412403,10,87
454,36,True,False,False,upper_bound,-0.13115705581403653,-0.1641075215960431,10,88
454,36,True,False,False,upper_bound_with_inhaler,-0.13115705581403653,-0.1641075215960431,10,89
454,36,True,False,True,one_hot,-0.22178412719255758,-0.2217841271925576,10,90
454,36,True,False,True,lower_bound,-0.13115705581403653,-0.13531089826100376,10,91
454,36,True,False,True,midpoint,-0.13115705581403653,-0.1514727262412403,10,92
454,36,True,False,True,midpoint_with_inhaler,-0.13115705581403653,-0.1514727262412403,10,93
454,36,True,False,True,upper_bound,-0.13115705581403653,-0.1641075215960431,10,94
454,36,True,False,True,upper_bound_with_inhaler,-0.13115705581403653,-0.1641075215960431,10,95
454,48,False,False,False,one_hot,,,10,96
454,48,False,False,False,lower_bound,0.34768842040225556,0.35522047171806653,10,97
454,48,False,False,False,midpoint,0.34768842040225556,0.33827121920545367,10,98
454,48,False,False,False,midpoint_with_inhaler,0.34768842040225556,0.33827121920545367,10,99
454,48,False,False,False,upper_bound,0.34768842040225556,0.32481204061956864,10,100
454,48,False,False,False,upper_bound_with_inhaler,0.34768842040225556,0.32481204061956864,10,101
454,48,False,False,True,one_hot,,,10,102
454,48,False,False,True,lower_bound,0.34768842040225556,0.35522047171806653,10,103
454,48,False,False,True,midpoint,0.34768842040225556,0.33827121920545367,10,104
454,48,False,False,True,midpoint_with_inhaler,0.34768842040225556,0.33827121920545367,10,105
454,48,False,False,True,upper_bound,0.34768842040225556,0.32481204061956864,10,106
454,48,False,False,True,upper_bound_with_inhaler,0.34768842040225556,0.32481204061956864,10,107
454,48,False,True,False,one_hot,-0.11157177565710484,-0.11157177565710488,10,108
454,48,False,True,False,lower_bound,0.42471112321295634,0.3823634552553707,10,109
454,48,False,True,False,midpoint,0.42471112321295634,0.3733853124404352,10,110
454,48,False,True,False,midpoint_with_inhaler,0.42471112321295634,0.3733853124404352,10,111
454,48,False,True,False,upper_bound,0.42471112321295634,0.3465735902799726,10,112
454,48,False,True,False,upper_bound_with_inhaler,0.42471112321295634,0.3465735902799726,10,113
454,48,False,True,True,one_hot,-0.11157177565710484,-0.11157177565710488,10,114
454,48,False,True,True,lower_bound,0.42471112321295634,0.3823634552553707,10,115
454,48,False,True,True,midpoint,0.42471112321295634,0.3733853124404352,10,116
454,48,False,True,True,midpoint_with_inhaler,0.42471112321295634,0.3733853124404352,10,117
454,48,False,True,True,upper_bound,0.42471112321295634,0.3465735902799726,10,118
454,48,False,True,True,upper_bound_with_inhaler,0.42471112321295634,0.3465735902799726,10,119
454,48,True,False,False,one_hot,-0.1682361183106065,-0.16823611831060645,10,120
454,48,True,False,False,lower_bound,-0.27689711217194724,-0.4905626578274587,10,121
454,48,True,False,False,midpoint,-0.27689711217194724,-0.4693951032242182,10,122
454,48,True,False,False,midpoint_with_inhaler,-0.27689711217194724,-0.4693951032242182,10,123
454,48,True,False,False,upper_bound,-0.27689711217194724,-0.4419112241995686,10,124
454,48,True,False,False,upper_bound_with_inhaler,-0.27689711217194724,-0.4419112241995686,10,125
454,48,True,False,True,one_hot,-0.1682361183106065,-0.16823611831060645,10,126
454,48,True,False,True,lower_bound,-0.27689711217194724,-0.4905626578274587,10,127
454,48,True,False,True,midpoint,-0.27689711217194724,-0.4693951032242182,10,128
454,48,True,False,True,midpoint_with_inhaler,-0.27689711217194724,-0.4693951032242182,10,129
454,48,True,False,True,upper_bound,-0.27689711217194724,-0.4419112241995686,10,130
454,48,True,False,True,upper_bound_with_inhaler,-0.27689711217194724,-0.4419112241995686,10,131
473,12,False,False,False,one_hot,0.21468350869221572,0.21468350869221572,69,0
473,12,False,False,False,lower_bound,0.596308266954188,0.9074042692112146,69,1
473,12,False,False,False,midpoint,0.596308266954188,0.8762191031280598,69,2
473,12,False,False,False,midpoint_with_inhaler,0.596308266954188,0.8762191031280598,69,3
473,12,False,False,False,upper_bound,0.5955812701973371,0.8254850073463018,69,4
473,12,False,False,False,upper_bound_with_inhaler,0.5955812701973371,0.8254850073463018,69,5
473,12,False,False,True,one_hot,0.21468350869221572,0.21468350869221572,69,6
473,12,False,False,True,lower_bound,0.596308266954188,0.9074042692112146,69,7
473,12,False,False,True,midpoint,0.596308266954188,0.8762191031280598,69,8
473,12,False,False,True,midpoint_with_inhaler,0.596308266954188,0.8762191031280598,69,9
473,12,False,False,True,upper_bound,0.5955812701973371,0.8254850073463018,69,10
473,12,False,False,True,upper_bound_with_inhaler,0.5955812701973371,0.8254850073463018,69,11
473,12,False,True,False,one_hot,0.37001237598224446,0.3700123759822444,69,12
473,12,False,True,False,lower_bound,0.6984770852587331,0.9664351917805566,69,13
473,12,False,True,False,midpoint,0.6984770852587331,1.0068565448539153,69,14
473,12,False,True,False,midpoint_with_inhaler,0.6984770852587331,1.0068565448539153,69,15
473,12,False,True,False,upper_bound,0.6979218701113019,1.0246411254450507,69,16
473,12,False,True,False,upper_bound_with_inhaler,0.6979218701113019,1.0246411254450507,69,17
473,12,False,True,True,one_hot,0.37001237598224446,0.3700123759822444,69,18
473,12,False,True,True,lower_bound,0.6984770852587331,0.9664351917805566,69,19
473,12,False,True,True,midpoint,0.6984770852587331,1.0068565448539153,69,20
473,12,False,True,True,midpoint_with_inhaler,0.6984770852587331,1.0068565448539153,69,21
473,12,False,True,True,upper_bound,0.6979218701113019,1.0246411254450507,69,22
473,12,False,True,True,upper_bound_with_inhaler,0.6979218701113019,1.0246411254450507,69,23
473,12,True,False,False,one_hot,0.18156444715279227,0.18156444715279224,69,24
473,12,True,False,False,lower_bound,0.4861768024625227,0.662342736143663,69,25
473,12,True,False,False,midpoint,0.4861768024625227,0.7546816436958195,69,26
473,12,True,False,False,midpoint_with_inhaler,0.4861768024625227,0.7546816436958195,69,27
473,12,True,False,False,upper_bound,0.4864032429561642,0.8164025312279719,69,28
473,12,True,False,False,upper_bound_with_inhaler,0.4864032429561642,0.8164025312279719,69,29
473,12,True,False,True,one_hot,0.18156444715279227,0.18156444715279224,69,30
473,12,True,False,True,lower_bound,0.4861768024625227,0.662342736143663,69,31
473,12,True,False,True,midpoint,0.4861768024625227,0.7546816436958195,69,32
473,12,True,False,True,midpoint_with_inhaler,0.4861768024625227,0.7546816436958195,69,33
473,12,True,False,True,upper_bound,0.4864032429561642,0.8164025312279719,69,34
473,12,True,False,True,upper_bound_with_inhaler,0.4864032429561642,0.8164025312279719,69,35
473,24,False,False,False,one_hot,0.10587546887371088,0.10587546887371088,69,36
473,24,False,False,False,lower_bound,0.6817653895611488,1.0715917062033948,69,37
473,24,False,False,False,midpoint,0.6817653895611488,1.0802022770329875,69,38
473,24,False,False,False,midpoint_with_inhaler,0.6817653895611488,1.0802022770329875,69,39
473,24,False,False,False,upper_bound,0.6812385679747439,1.0654232390880143,69,40
473,24,False,False,False,upper_bound_with_inhaler,0.6812385679747439,1.0654232390880143,69,41
473,24,False,False,True,one_hot,0.10587546887371088,0.10587546887371088,69,42
473,24,False,False,True,lower_bound,0.6817653895611488,1.0715917062033948,69,43
473,24,False,False,True,midpoint,0.6817653895611488,1.0802022770329875,69,44
473,24,False,False,True,midpoint_with_inhaler,0.6817653895611488,1.0802022770329875,69,45
473,24,False,False,True,upper_bound,0.6812385679747439,1.0654232390880143,69,46
473,24,False,False,True,upper_bound_with_inhaler,0.6812385679747439,1.0654232390880143,69,47
473,24,False,True,False,one_hot,0.05566377467333719,0.05566377467333718,69,48
473,24,False,True,False,lower_bound,0.3378518523780291,0.4973893134310639,69,49
473,24,False,True,False,midpoint,0.3378518523780291,0.4781193691750638,69,50
473,24,False,True,False,midpoint_with_inhaler,0.3378518523780291,0.4781193691750638,69,51
473,24,False,True,False,upper_bound,0.3360941260660779,0.4597888012342736,69,52
473,24,False,True,False,upper_bound_with_inhaler,0.3360941260660779,0.4597888012342736,69,53
473,24,False,True,True,one_hot,0.05566377467333719,0.05566377467333718,69,54
473,24,False,True,True,lower_bound,0.3378518523780291,0.4973893134310639,69,55
473,24,False,True,True,midpoint,0.3378518523780291,0.4781193691750638,69,56
473,24,False,True,True,midpoint_with_inhaler,0.3378518523780291,0.4781193691750638,69,57
473,24,False,True,True,upper_bound,0.3360941260660779,0.4597888012342736,69,58
473,24,False,True,True,upper_bound_with_inhaler,0.3360941260660779,0.4597888012342736,69,59
473,24,True,False,False,one_hot,0.10587546887371088,0.10587546887371088,69,60
473,24,True,False,False,lower_bound,0.6817653895611488,1.0715917062033948,69,61
473,24,True,False,False,midpoint,0.6817653895611488,1.0802022770329875,69,62
473,24,True,False,False,midpoint_with_inhaler,0.6817653895611488,1.0802022770329875,69,63
473,24,True,False,False,upper_bound,0.6812385679747439,1.0654232390880143,69,64
473,24,True,False,False,upper_bound_with_inhaler,0.6812385679747439,1.0654232390880143,69,65
473,24,True,False,True,one_hot,0.10587546887371088,0.10587546887371088,69,66
473,24,True,False,True,lower_bound,0.6817653895611488,1.0715917062033948,69,67
473,24,True,False,True,midpoint,0.6817653895611488,1.0802022770329875,69,68
473,24,True,False,True,midpoint_with_inhaler,0.6817653895611488,1.0802022770329875,69,69
473,24,True,False,True,upper_bound,0.6812385679747439,1.0654232390880143,69,70
473,24,True,False,True,upper_bound_with_inhaler,0.6812385679747439,1.0654232390880143,69,71
473,36,False,False,False,one_hot,0.33424417481746355,0.3342441748174635,69,72
473,36,False,False,False,lower_bound,0.7101797803784962,0.9305318917695988,69,73
473,36,False,False,False,midpoint,0.7101797803784962,0.8996898920993327,69,74
473,36,False,False,False,midpoint_with_inhaler,0.7101797803784962,0.961678057370955,69,75
473,36,False,False,False,upper_bound,0.7045514987803814,0.8613033869069775,69,76
473,36,False,False,False,upper_bound_with_inhaler,0.7101797803784962,0.976993174892943,69,77
473,36,False,False,True,one_hot,0.33424417481746355,0.3342441748174635,69,78
473,36,False,False,True,lower_bound,0.7101797803784962,0.9305318917695988,69,79
473,36,False,False,True,midpoint,0.7101797803784962,0.8996898920993327,69,80
473,36,False,False,True,midpoint_with_inhaler,0.7101797803784962,0.961678057370955,69,81
473,36,False,False,True,upper_bound,0.7045514987803814,0.8613033869069775,69,82
473,36,False,False,True,upper_bound_with_inhaler,0.7101797803784962,0.976993174892943,69,83
473,36,True,False,False,one_hot,0.2479651635246093,0.24796516352460926,69,84
473,36,True,False,False,lower_bound,0.5319791202521774,0.7296241869898324,69,85
473,36,True,False,False,midpoint,0.5319791202521774,0.705957228727706,69,86
473,36,True,False,False,midpoint_with_inhaler,0.5319791202521774,0.705957228727706,69,87
473,36,True,False,False,upper_bound,0.5311271441559279,0.6816888072854037,69,88
473,36,True,False,False,upper_bound_with_inhaler,0.5311271441559279,0.6816888072854037,69,89
473,36,True,False,True,one_hot,0.2479651635246093,0.24796516352460926,69,90
473,36,True,False,True,lower_bound,0.5319791202521774,0.7296241869898324,69,91
473,36,True,False,True,midpoint,0.5319791202521774,0.705957228727706,69,92
473,36,True,False,True,midpoint_with_inhaler,0.5319791202521774,0.705957228727706,69,93
473,36,True,False,True,upper_bound,0.5311271441559279,0.6816888072854037,69,94
473,36,True,False,True,upper_bound_with_inhaler,0.5311271441559279,0.6816888072854037,69,95
473,48,False,False,False,one_hot,0.18543637695829937,0.1854363769582994,69,96
473,48,False,False,False,lower_bound,0.6307617475736117,0.8786794293140255,69,97
473,48,False,False,False,midpoint,0.6307617475736117,0.8354604390393058,69,98
473,48,False,False,False,midpoint_with_inhaler,0.6307617475736117,0.8797816025754378,69,99
473,48,False,False,False,upper_bound,0.6268254222966602,0.7854159715815974,69,100
473,48,False,False,False,upper_bound_with_inhaler,0.6307617475736117,0.8796550895965256,69,101
473,48,False,False,True,one_hot,0.18543637695829937,0.1854363769582994,69,102
473,48,False,False,True,lower_bound,0.6307617475736117,0.8786794293140255,69,103
473,48,False,False,True,midpoint,0.6307617475736117,0.8354604390393058,69,104
473,48,False,False,True,midpoint_with_inhaler,0.6307617475736117,0.8797816025754378,69,105
473,48,False,False,True,upper_bound,0.6268254222966602,0.7854159715815974,69,106
473,48,False,False,True,upper_bound_with_inhaler,0.6307617475736117,0.8796550895965256,69,107
473,48,False,True,False,one_hot,0.10587546887371095,0.10587546887371098,69,108
473,48,False,True,False,lower_bound,0.3314137754827132,0.3251712388374718,69,109
473,48,False,True,False,midpoint,0.3314137754827132,0.3449492268464093,69,110
473,48,False,True,False,midpoint_with_inhaler,0.3314137754827132,0.3449492268464093,69,111
473,48,False,True,False,upper_bound,0.3293282335058157,0.35282466065461177,69,112
473,48,False,True,False,upper_bound_with_inhaler,0.3293282335058157,0.35282466065461177,69,113
473,48,False,True,True,one_hot,0.10587546887371095,0.10587546887371098,69,114
473,48,False,True,True,lower_bound,0.3314137754827132,0.3251712388374718,69,115
473,48,False,True,True,midpoint,0.3314137754827132,0.3449492268464093,69,116
473,48,False,True,True,midpoint_with_inhaler,0.3314137754827132,0.3449492268464093,69,117
473,48,False,True,True,upper_bound,0.3293282335058157,0.35282466065461177,69,118
473,48,False,True,True,upper_bound_with_inhaler,0.3293282335058157,0.35282466065461177,69,119
473,48,True,False,False,one_hot,0.15522155376684219,0.1552215537668422,69,120
473,48,True,False,False,lower_bound,0.43057082750199943,0.5894600798083143,69,121
473,48,True,False,False,midpoint,0.43057082750199943,0.5732378122676013,69,122
473,48,True,False,False,midpoint_with_inhaler,0.43057082750199943,0.5732378122676013,69,123
473,48,True,False,False,upper_bound,0.42897939310507466,0.5546323219082832,69,124
473,48,True,False,False,upper_bound_with_inhaler,0.42897939310507466,0.5546323219082832,69,125
473,48,True,False,True,one_hot,0.15522155376684219,0.1552215537668422,69,126
473,48,True,False,True,lower_bound,0.43057082750199943,0.5894600798083143,69,127
473,48,True,False,True,midpoint,0.43057082750199943,0.5732378122676013,69,128
473,48,True,False,True,midpoint_with_inhaler,0.43057082750199943,0.5732378122676013,69,129
473,48,True,False,True,upper_bound,0.42897939310507466,0.5546323219082832,69,130
473,48,True,False,True,upper_bound_with_inhaler,0.42897939310507466,0.5546323219082832,69,131
514,12,False,False,False,one_hot,0.22897181558267632,0.22897181558267632,54,0
514,12,False,False,False,lower_bound,0.2166593376333665,0.163142512715424,54,1
514,12,False,False,False,midpoint,0.2166593376333665,0.1863243173069354,54,2
514,12,False,False,False,midpoint_with_inhaler,0.2166593376333665,0.1863243173069354,54,3
514,12,False,False,False,upper_bound,0.2166593376333665,0.19797467498239124,54,4
514,12,False,False,False,upper_bound_with_inhaler,0.2166593376333665,0.19797467498239124,54,5
514,12,False,False,True,one_hot,0.22897181558267632,0.22897181558267632,54,6
514,12,False,False,True,lower_bound,0.2166593376333665,0.163142512715424,54,7
514,12,False,False,True,midpoint,0.2166593376333665,0.1863243173069354,54,8
514,12,False,False,True,midpoint_with_inhaler,0.2166593376333665,0.1863243173069354,54,9
514,12,False,False,True,upper_bound,0.2166593376333665,0.19797467498239124,54,10
514,12,False,False,True,upper_bound_with_inhaler,0.2166593376333665,0.19797467498239124,54,11
514,12,False,True,False,one_hot,0.17587319100127477,0.17587319100127477,54,12
514,12,False,True,False,lower_bound,0.16176760251208183,0.10739829576867242,54,13
514,12,False,True,False,midpoint,0.16176760251208183,0.1301093209900067,54,14
514,12,False,True,False,midpoint_with_inhaler,0.16176760251208183,0.1301093209900067,54,15
514,12,False,True,False,upper_bound,0.16176760251208183,0.14192681360069936,54,16
514,12,False,True,False,upper_bound_with_inhaler,0.16176760251208183,0.14192681360069936,54,17
514,12,False,True,True,one_hot,0.17587319100127477,0.17587319100127477,54,18
514,12,False,True,True,lower_bound,0.16176760251208183,0.10739829576867242,54,19
514,12,False,True,True,midpoint,0.16176760251208183,0.1301093209900067,54,20
514,12,False,True,True,midpoint_with_inhaler,0.16176760251208183,0.1301093209900067,54,21
514,12,False,True,True,upper_bound,0.16176760251208183,0.14192681360069936,54,22
514,12,False,True,True,upper_bound_with_inhaler,0.16176760251208183,0.14192681360069936,54,23
514,12,True,False,False,one_hot,0.12287428921672919,0.12287428921672919,54,24
514,12,True,False,False,lower_bound,0.11166126763670794,0.06967544573382323,54,25
514,12,True,False,False,midpoint,0.11166126763670794,0.08704864246442989,54,26
514,12,True,False,False,midpoint_with_inhaler,0.11166126763670794,0.08704864246442989,54,27
514,12,True,False,False,upper_bound,0.11166126763670794,0.09617042237420888,54,28
514,12,True,False,False,upper_bound_with_inhaler,0.11166126763670794,0.09617042237420888,54,29
514,12,True,False,True,one_hot,0.12287428921672919,0.12287428921672919,54,30
514,12,True,False,True,lower_bound,0.11166126763670794,0.06967544573382323,54,31
514,12,True,False,True,midpoint,0.11166126763670794,0.08704864246442989,54,32
514,12,True,False,True,midpoint_with_inhaler,0.11166126763670794,0.08704864246442989,54,33
514,12,True,False,True,upper_bound,0.11166126763670794,0.09617042237420888,54,34
514,12,True,False,True,upper_bound_with_inhaler,0.11166126763670794,0.09617042237420888,54,35
514,24,False,False,False,one_hot,0.11777957417528864,0.11777957417528857,54,36
514,24,False,False,False,lower_bound,0.15088847043158826,0.239193778200425,54,37
514,24,False,False,False,midpoint,0.15088847043158826,0.20782609897255008,54,38
514,24,False,False,False,midpoint_with_inhaler,0.15088847043158826,0.20782609897255008,54,39
514,24,False,False,False,upper_bound,0.15088847043158826,0.18870957091022467,54,40
514,24,False,False,False,upper_bound_with_inhaler,0.15088847043158826,0.18870957091022467,54,41
514,24,False,False,True,one_hot,0.11777957417528864,0.11777957417528857,54,42
514,24,False,False,True,lower_bound,0.15088847043158826,0.239193778200425,54,43
514,24,False,False,True,midpoint,0.15088847043158826,0.20782609897255008,54,44
514,24,False,False,True,midpoint_with_inhaler,0.15088847043158826,0.20782609897255008,54,45
514,24,False,False,True,upper_bound,0.15088847043158826,0.18870957091022467,54,46
514,24,False,False,True,upper_bound_with_inhaler,0.15088847043158826,0.18870957091022467,54,47
514,24,False,True,False,one_hot,-0.010009346423708066,-0.010009346423708109,54,48
514,24,False,True,False,lower_bound,-0.018232472799031868,-0.04128239241404192,54,49
514,24,False,True,False,midpoint,-0.018232472799031868,-0.03286213803628148,54,50
514,24,False,True,False,midpoint_with_inhaler,-0.018232472799031868,-0.03286213803628148,54,51
514,24,False,True,False,upper_bound,-0.018232472799031868,-0.02787112514686133,54,52
514,24,False,True,False,upper_bound_with_inhaler,-0.018232472799031868,-0.02787112514686133,54,53
514,24,False,True,True,one_hot,-0.010009346423708066,-0.010009346423708109,54,54
514,24,False,True,True,lower_bound,-0.018232472799031868,-0.04128239241404192,54,55
514,24,False,True,True,midpoint,-0.018232472799031868,-0.03286213803628148,54,56
514,24,False,True,True,midpoint_with_inhaler,-0.018232472799031868,-0.03286213803628148,54,57
514,24,False,True,True,upper_bound,-0.018232472799031868,-0.02787112514686133,54,58
514,24,False,True,True,upper_bound_with_inhaler,-0.018232472799031868,-0.02787112514686133,54,59
514,24,True,False,False,one_hot,0.11777957417528864,0.11777957417528857,54,60
514,24,True,False,False,lower_bound,0.15088847043158826,0.239193778200425,54,61
514,24,True,False,False,midpoint,0.15088847043158826,0.20782609897255008,54,62
514,24,True,False,False,midpoint_with_inhaler,0.15088847043158826,0.20782609897255008,54,63
514,24,True,False,False,upper_bound,0.15088847043158826,0.18870957091022467,54,64
514,24,True,False,False,upper_bound_with_inhaler,0.15088847043158826,0.18870957091022467,54,65
514,24,True,False,True,one_hot,0.11777957417528864,0.11777957417528857,54,66
514,24,True,False,True,lower_bound,0.15088847043158826,0.239193778200425,54,67
514,24,True,False,True,midpoint,0.15088847043158826,0.20782609897255008,54,68
514,24,True,False,True,midpoint_with_inhaler,0.15088847043158826,0.20782609897255008,54,69
514,24,True,False,True,upper_bound,0.15088847043158826,0.18870957091022467,54,70
514,24,True,False,True,upper_bound_with_inhaler,0.15088847043158826,0.18870957091022467,54,71
514,36,False,False,False,one_hot,0.04057606157829893,0.0405760615782989,54,72
514,36,False,False,False,lower_bound,0.030629917131510503,-0.0013373617886766184,54,73
514,36,False,False,False,midpoint,0.030629917131510503,0.011132508239961873,54,74
514,36,False,False,False,midpoint_with_inhaler,0.030629917131510503,0.011132508239961873,54,75
514,36,False,False,False,upper_bound,0.030629917131510503,0.0180654887354209,54,76
514,36,False,False,False,upper_bound_with_inhaler,0.030629917131510503,0.0180654887354209,54,77
514,36,False,False,True,one_hot,0.04057606157829893,0.0405760615782989,54,78
514,36,False,False,True,lower_bound,0.030629917131510503,-0.0013373617886766184,54,79
514,36,False,False,True,midpoint,0.030629917131510503,0.011132508239961873,54,80
514,36,False,False,True,midpoint_with_inhaler,0.030629917131510503,0.011132508239961873,54,81
514,36,False,False,True,upper_bound,0.030629917131510503,0.0180654887354209,54,82
514,36,False,False,True,upper_bound_with_inhaler,0.030629917131510503,0.0180654887354209,54,83
514,36,True,False,False,one_hot,0.11777957417528864,0.11777957417528861,54,84
514,36,True,False,False,lower_bound,0.15088847043158826,0.23919377820042503,54,85
514,36,True,False,False,midpoint,0.15088847043158826,0.20782609897255008,54,86
514,36,True,False,False,midpoint_with_inhaler,0.15088847043158826,0.20782609897255008,54,87
514,36,True,False,False,upper_bound,0.15088847043158826,0.18870957091022472,54,88
514,36,True,False,False,upper_bound_with_inhaler,0.15088847043158826,0.18870957091022472,54,89
514,36,True,False,True,one_hot,0.11777957417528864,0.11777957417528861,54,90
514,36,True,False,True,lower_bound,0.15088847043158826,0.23919377820042503,54,91
514,36,True,False,True,midpoint,0.15088847043158826,0.20782609897255008,54,92
514,36,True,False,True,midpoint_with_inhaler,0.15088847043158826,0.20782609897255008,54,93
514,36,True,False,True,upper_bound,0.15088847043158826,0.18870957091022472,54,94
514,36,True,False,True,upper_bound_with_inhaler,0.15088847043158826,0.18870957091022472,54,95
514,48,False,False,False,one_hot,0.07128122812613584,0.07128122812613587,54,96
514,48,False,False,False,lower_bound,0.044784889332629536,-0.03777660346896072,54,97
514,48,False,False,False,midpoint,0.044784889332629536,-0.010077900075389739,54,98
514,48,False,False,False,midpoint_with_inhaler,0.044784889332629536,-0.010077900075389739,54,99
514,48,False,False,False,upper_bound,0.044784889332629536,0.007428155060057919,54,100
514,48,False,False,False,upper_bound_with_inhaler,0.044784889332629536,0.007428155060057919,54,101
514,48,False,False,True,one_hot,0.07128122812613584,0.07128122812613587,54,102
514,48,False,False,True,lower_bound,0.044784889332629536,-0.03777660346896072,54,103
514,48,False,False,True,midpoint,0.044784889332629536,-0.010077900075389739,54,104
514,48,False,False,True,midpoint_with_inhaler,0.044784889332629536,-0.010077900075389739,54,105
514,48,False,False,True,upper_bound,0.044784889332629536,0.007428155060057919,54,106
514,48,False,False,True,upper_bound_with_inhaler,0.044784889332629536,0.007428155060057919,54,107
514,48,False,True,False,one_hot,0.02928179433783383,0.02928179433783383,54,108
514,48,False,True,False,lower_bound,0.02053202267689658,-0.007098375736870591,54,109
514,48,False,True,False,midpoint,0.02053202267689658,0.0035965010821799306,54,110
514,48,False,True,False,midpoint_with_inhaler,0.02053202267689658,0.0035965010821799306,54,111
514,48,False,True,False,upper_bound,0.02053202267689658,0.009587796750850626,54,112
514,48,False,True,False,upper_bound_with_inhaler,0.02053202267689658,0.009587796750850626,54,113
514,48,False,True,True,one_hot,0.02928179433783383,0.02928179433783383,54,114
514,48,False,True,True,lower_bound,0.02053202267689658,-0.007098375736870591,54,115
514,48,False,True,True,midpoint,0.02053202267689658,0.0035965010821799306,54,116
514,48,False,True,True,midpoint_with_inhaler,0.02053202267689658,0.0035965010821799306,54,117
514,48,False,True,True,upper_bound,0.02053202267689658,0.009587796750850626,54,118
514,48,False,True,True,upper_bound_with_inhaler,0.02053202267689658,0.009587796750850626,54,119
514,48,True,False,False,one_hot,0.003165138127515972,0.003165138127515972,54,120
514,48,True,False,False,lower_bound,-0.00628914693887119,-0.03393581334594649,54,121
514,48,True,False,False,midpoint,-0.00628914693887119,-0.023613891131925788,54,122
514,48,True,False,False,midpoint_with_inhaler,-0.00628914693887119,-0.023613891131925788,54,123
514,48,True,False,False,upper_bound,-0.00628914693887119,-0.017624509055715644,54,124
514,48,True,False,False,upper_bound_with_inhaler,-0.00628914693887119,-0.017624509055715644,54,125
514,48,True,False,True,one_hot,0.003165138127515972,0.003165138127515972,54,126
514,48,True,False,True,lower_bound,-0.00628914693887119,-0.03393581334594649,54,127
514,48,True,False,True,midpoint,-0.00628914693887119,-0.023613891131925788,54,128
514,48,True,False,True,midpoint_with_inhaler,-0.00628914693887119,-0.023613891131925788,54,129
514,48,True,False,True,upper_bound,-0.00628914693887119,-0.017624509055715644,54,130
514,48,True,False,True,upper_bound_with_inhaler,-0.00628914693887119,-0.017624509055715644,54,131
625,12,False,False,False,one_hot,0.21060082052297713,0.21060082052297713,62,0
625,12,False,False,False,lower_bound,0.2075074854958602,0.09719135324946204,62,1
625,12,False,False,False,midpoint,0.2075074854958602,0.10010658127647284,62,2
625,12,False,False,False,midpoint_with_inhaler,0.2075074854958602,0.10010658127647284,62,3
625,12,False,False,False,upper_bound,0.2075074854958602,0.10172819002372417,62,4
625,12,False,False,False,upper_bound_with_inhaler,0.2075074854958602,0.10172819002372417,62,5
625,12,False,False,True,one_hot,0.21060082052297713,0.21060082052297713,62,6
625,12,False,False,True,lower_bound,0.2075074854958602,0.09719135324946204,62,7
625,12,False,False,True,midpoint,0.2075074854958602,0.10010658127647284,62,8
625,12,False,False,True,midpoint_with_inhaler,0.2075074854958602,0.10010658127647284,62,9
625,12,False,False,True,upper_bound,0.2075074854958602,0.10172819002372417,62,10
625,12,False,False,True,upper_bound_with_inhaler,0.2075074854958602,0.10172819002372417,62,11
625,12,False,True,False,one_hot,0.17400402654168856,0.17400402654168862,62,12
625,12,False,True,False,lower_bound,0.17513754553498248,0.010803041286513729,62,13
625,12,False,True,False,midpoint,0.17513754553498248,0.045174433081816526,62,14
625,12,False,True,False,midpoint_with_inhaler,0.17513754553498248,0.045174433081816526,62,15
625,12,False,True,False,upper_bound,0.17513754553498248,0.06792500071467047,62,16
625,12,False,True,False,upper_bound_with_inhaler,0.17513754553498248,0.06792500071467047,62,17
625,12,False,True,True,one_hot,0.17400402654168856,0.17400402654168862,62,18
625,12,False,True,True,lower_bound,0.17513754553498248,0.010803041286513729,62,19
625,12,False,True,True,midpoint,0.17513754553498248,0.045174433081816526,62,20
625,12,False,True,True,midpoint_with_inhaler,0.17513754553498248,0.045174433081816526,62,21
625,12,False,True,True,upper_bound,0.17513754553498248,0.06792500071467047,62,22
625,12,False,True,True,upper_bound_with_inhaler,0.17513754553498248,0.06792500071467047,62,23
625,12,True,False,False,one_hot,0.07817733114803958,0.07817733114803958,62,24
625,12,True,False,False,lower_bound,0.01714548488425375,-0.08192346071100173,62,25
625,12,True,False,False,midpoint,0.01714548488425375,-0.056571003552492546,62,26
625,12,True,False,False,midpoint_with_inhaler,0.01714548488425375,-0.056571003552492546,62,27
625,12,True,False,False,upper_bound,0.01714548488425375,-0.03662149148379537,62,28
625,12,True,False,False,upper_bound_with_inhaler,0.01714548488425375,-0.03662149148379537,62,29
625,12,True,False,True,one_hot,0.07817733114803958,0.07817733114803958,62,30
625,12,True,False,True,lower_bound,0.01714548488425375,-0.08192346071100173,62,31
625,12,True,False,True,midpoint,0.01714548488425375,-0.056571003552492546,62,32
625,12,True,False,True,midpoint_with_inhaler,0.01714548488425375,-0.056571003552492546,62,33
625,12,True,False,True,upper_bound,0.01714548488425375,-0.03662149148379537,62,34
625,12,True,False,True,upper_bound_with_inhaler,0.01714548488425375,-0.03662149148379537,62,35
625,24,False,False,False,one_hot,-0.004370216434408846,-0.004370216434408861,62,36
625,24,False,False,False,lower_bound,-0.05673087767131944,-0.1369839604276826,62,37
625,24,False,False,False,midpoint,-0.05673087767131944,-0.13182779293545077,62,38
625,24,False,False,False,midpoint_with_inhaler,-0.05673087767131944,-0.13182779293545077,62,39
625,24,False,False,False,upper_bound,-0.05673087767131944,-0.12569523065262442,62,40
625,24,False,False,False,upper_bound_with_inhaler,-0.05673087767131944,-0.12569523065262442,62,41
625,24,False,False,True,one_hot,-0.004370216434408846,-0.004370216434408861,62,42
625,24,False,False,True,lower_bound,-0.05673087767131944,-0.1369839604276826,62,43
625,24,False,False,True,midpoint,-0.05673087767131944,-0.13182779293545077,62,44
625,24,False,False,True,midpoint_with_inhaler,-0.05673087767131944,-0.13182779293545077,62,45
625,24,False,False,True,upper_bound,-0.05673087767131944,-0.12569523065262442,62,46
625,24,False,False,True,upper_bound_with_inhaler,-0.05673087767131944,-0.12569523065262442,62,47
625,24,False,True,False,one_hot,-0.26533795771923985,-0.26533795771923985,62,48
625,24,False,True,False,lower_bound,-0.19951474837160763,-0.03339247381838428,62,49
625,24,False,True,False,midpoint,-0.19951474837160763,-0.07090112803726471,62,50
625,24,False,True,False,midpoint_with_inhaler,-0.19951474837160763,-0.07090112803726471,62,51
625,24,False,True,False,upper_bound,-0.19951474837160763,-0.09603171620653354,62,52
625,24,False,True,False,upper_bound_with_inhaler,-0.19951474837160763,-0.09603171620653354,62,53
625,24,False,True,True,one_hot,-0.26533795771923985,-0.26533795771923985,62,54
625,24,False,True,True,lower_bound,-0.19951474837160763,-0.03339247381838428,62,55
625,24,False,True,True,midpoint,-0.19951474837160763,-0.07090112803726471,62,56
625,24,False,True,True,midpoint_with_inhaler,-0.19951474837160763,-0.07090112803726471,62,57
625,24,False,True,True,upper_bound,-0.19951474837160763,-0.09603171620653354,62,58
625,24,False,True,True,upper_bound_with_inhaler,-0.19951474837160763,-0.09603171620653354,62,59
625,24,True,False,False,one_hot,-0.004370216434408846,-0.004370216434408861,62,60
625,24,True,False,False,lower_bound,-0.05673087767131944,-0.1369839604276826,62,61
625,24,True,False,False,midpoint,-0.05673087767131944,-0.13182779293545077,62,62
625,24,True,False,False,midpoint_with_inhaler,-0.05673087767131944,-0.13182779293545077,62,63
625,24,True,False,False,upper_bound,-0.05673087767131944,-0.12569523065262442,62,64
625,24,True,False,False,upper_bound_with_inhaler,-0.05673087767131944,-0.12569523065262442,62,65
625,24,True,False,True,one_hot,-0.004370216434408846,-0.004370216434408861,62,66
625,24,True,False,True,lower_bound,-0.05673087767131944,-0.1369839604276826,62,67
625,24,True,False,True,midpoint,-0.05673087767131944,-0.13182779293545077,62,68
625,24,True,False,True,midpoint_with_inhaler,-0.05673087767131944,-0.13182779293545077,62,69
625,24,True,False,True,upper_bound,-0.05673087767131944,-0.12569523065262442,62,70
625,24,True,False,True,upper_bound_with_inhaler,-0.05673087767131944,-0.12569523065262442,62,71
625,36,False,False,False,one_hot,0.46928992746552456,0.4692899274655247,62,72
625,36,False,False,False,lower_bound,0.2631139369341567,0.02075987877492878,62,73
625,36,False,False,False,midpoint,0.2631139369341567,0.0789485313468764,62,74
625,36,False,False,False,midpoint_with_inhaler,0.2631139369341567,0.0789485313468764,62,75
625,36,False,False,False,upper_bound,0.2631139369341567,0.11946482180458937,62,76
625,36,False,False,False,upper_bound_with_inhaler,0.2631139369341567,0.11946482180458937,62,77
625,36,False,False,True,one_hot,0.46928992746552456,0.4692899274655247,62,78
625,36,False,False,True,lower_bound,0.2631139369341567,0.02075987877492878,62,79
625,36,False,False,True,midpoint,0.2631139369341567,0.0789485313468764,62,80
625,36,False,False,True,midpoint_with_inhaler,0.2631139369341567,0.0789485313468764,62,81
625,36,False,False,True,upper_bound,0.2631139369341567,0.11946482180458937,62,82
625,36,False,False,True,upper_bound_with_inhaler,0.2631139369341567,0.11946482180458937,62,83
625,36,True,False,False,one_hot,0.012652316311045186,0.012652316311045207,62,84
625,36,True,False,False,lower_bound,0.03226026773083345,0.045919466927285456,62,85
625,36,True,False,False,midpoint,0.03226026773083345,0.04355245375109938,62,86
625,36,True,False,False,midpoint_with_inhaler,0.03226026773083345,0.04355245375109938,62,87
625,36,True,False,False,upper_bound,0.03226026773083345,0.04212913248222664,62,88
625,36,True,False,False,upper_bound_with_inhaler,0.03226026773083345,0.04212913248222664,62,89
625,36,True,False,True,one_hot,0.012652316311045186,0.012652316311045207,62,90
625,36,True,False,True,lower_bound,0.03226026773083345,0.045919466927285456,62,91
625,36,True,False,True,midpoint,0.03226026773083345,0.04355245375109938,62,92
625,36,True,False,True,midpoint_with_inhaler,0.03226026773083345,0.04355245375109938,62,93
625,36,True,False,True,upper_bound,0.03226026773083345,0.04212913248222664,62,94
625,36,True,False,True,upper_bound_with_inhaler,0.03226026773083345,0.04212913248222664,62,95
625,48,False,False,False,one_hot,-0.09013297126761795,-0.0901329712676179,62,96
625,48,False,False,False,lower_bound,-0.014906814748509632,0.007059122747981718,62,97
625,48,False,False,False,midpoint,-0.014906814748509632,-0.024184791875527578,62,98
625,48,False,False,False,midpoint_with_inhaler,-0.014906814748509632,-0.024184791875527578,62,99
625,48,False,False,False,upper_bound,-0.014906814748509632,-0.04659646211498699,62,100
625,48,False,False,False,upper_bound_with_inhaler,-0.014906814748509632,-0.04659646211498699,62,101
625,48,False,False,True,one_hot,-0.09013297126761795,-0.0901329712676179,62,102
625,48,False,False,True,lower_bound,-0.014906814748509632,0.007059122747981718,62,103
625,48,False,False,True,midpoint,-0.014906814748509632,-0.024184791875527578,62,104
625,48,False,False,True,midpoint_with_inhaler,-0.014906814748509632,-0.024184791875527578,62,105
625,48,False,False,True,upper_bound,-0.014906814748509632,-0.04659646211498699,62,106
625,48,False,False,True,upper_bound_with_inhaler,-0.014906814748509632,-0.04659646211498699,62,107
625,48,False,True,False,one_hot,-0.042041558605270715,-0.04204155860527072,62,108
625,48,False,True,False,lower_bound,0.029416065821428528,0.14780216738062904,62,109
625,48,False,True,False,midpoint,0.029416065821428528,0.15063770459905565,62,110
625,48,False,True,False,midpoint_with_inhaler,0.029416065821428528,0.15063770459905565,62,111
625,48,False,True,False,upper_bound,0.029416065821428528,0.14889746209050864,62,112
625,48,False,True,False,upper_bound_with_inhaler,0.029416065821428528,0.14889746209050864,62,113
625,48,False,True,True,one_hot,-0.042041558605270715,-0.04204155860527072,62,114
625,48,False,True,True,lower_bound,0.029416065821428528,0.14780216738062904,62,115
625,48,False,True,True,midpoint,0.029416065821428528,0.15063770459905565,62,116
625,48,False,True,True,midpoint_with_inhaler,0.029416065821428528,0.15063770459905565,62,117
625,48,False,True,True,upper_bound,0.029416065821428528,0.14889746209050864,62,118
625,48,False,True,True,upper_bound_with_inhaler,0.029416065821428528,0.14889746209050864,62,119
625,48,True,False,False,one_hot,-0.05276408321215721,-0.05276408321215718,62,120
625,48,True,False,False,lower_bound,-0.014153219360434151,0.033313019105484745,62,121
625,48,True,False,False,midpoint,-0.014153219360434151,0.007772117321416405,62,122
625,48,True,False,False,midpoint_with_inhaler,-0.014153219360434151,0.007772117321416405,62,123
625,48,True,False,False,upper_bound,-0.014153219360434151,-0.009822506624504046,62,124
625,48,True,False,False,upper_bound_with_inhaler,-0.014153219360434151,-0.009822506624504046,62,125
625,48,True,False,True,one_hot,-0.05276408321215721,-0.05276408321215718,62,126
625,48,True,False,True,lower_bound,-0.014153219360434151,0.033313019105484745,62,127
625,48,True,False,True,midpoint,-0.014153219360434151,0.007772117321416405,62,128
625,48,True,False,True,midpoint_with_inhaler,-0.014153219360434151,0.007772117321416405,62,129
625,48,True,False,True,upper_bound,-0.014153219360434151,-0.009822506624504046,62,130
625,48,True,False,True,upper_bound_with_inhaler,-0.014153219360434151,-0.009822506624504046,62,131
701,12,False,False,False,one_hot,,,127,0
701,12,False,False,False,lower_bound,0.12120597135912976,0.0852150079323546,127,1
701,12,False,False,False,midpoint,0.12120597135912976,0.09467164666668373,127,2
701,12,False,False,False,midpoint_with_inhaler,0.12120597135912976,0.09467164666668373,127,3
701,12,False,False,False,upper_bound,0.12120597135912976,0.09795836013740306,127,4
701,12,False,False,False,upper_bound_with_inhaler,0.12120597135912976,0.09795836013740306,127,5
701,12,False,False,True,one_hot,,,127,6
701,12,False,False,True,lower_bound,0.12120597135912976,0.0852150079323546,127,7
701,12,False,False,True,midpoint,0.12120597135912976,0.09467164666668373,127,8
701,12,False,False,True,midpoint_with_inhaler,0.12120597135912976,0.09467164666668373,127,9
701,12,False,False,True,upper_bound,0.12120597135912976,0.09795836013740306,127,10
701,12,False,False,True,upper_bound_with_inhaler,0.12120597135912976,0.09795836013740306,127,11
701,12,False,True,False,one_hot,,,127,12
701,12,False,True,False,lower_bound,-0.05721376547298632,-0.10768145813782269,127,13
701,12,False,True,False,midpoint,-0.05721376547298632,-0.09881543348605965,127,14
701,12,False,True,False,midpoint_with_inhaler,-0.05721376547298632,-0.09881543348605965,127,15
701,12,False,True,False,upper_bound,-0.05721376547298632,-0.09186061613569892,127,16
701,12,False,True,False,upper_bound_with_inhaler,-0.05721376547298632,-0.09186061613569892,127,17
701,12,False,True,True,one_hot,,,127,18
701,12,False,True,True,lower_bound,-0.05721376547298632,-0.10768145813782269,127,19
701,12,False,True,True,midpoint,-0.05721376547298632,-0.09881543348605965,127,20
701,12,False,True,True,midpoint_with_inhaler,-0.05721376547298632,-0.09881543348605965,127,21
701,12,False,True,True,upper_bound,-0.05721376547298632,-0.09186061613569892,127,22
701,12,False,True,True,upper_bound_with_inhaler,-0.05721376547298632,-0.09186061613569892,127,23
701,12,True,False,False,one_hot,,,127,24
701,12,True,False,False,lower_bound,0.031271852648016414,0.06578088452179834,127,25
701,12,True,False,False,midpoint,0.031271852648016414,0.06658203209981521,127,26
701,12,True,False,False,midpoint_with_inhaler,0.031271852648016414,0.06658203209981521,127,27
701,12,True,False,False,upper_bound,0.031271852648016414,0.06499137455556417,127,28
701,12,True,False,False,upper_bound_with_inhaler,0.031271852648016414,0.06499137455556417,127,29
701,12,True,False,True,one_hot,,,127,30
701,12,True,False,True,lower_bound,0.031271852648016414,0.06578088452179834,127,31
701,12,True,False,True,midpoint,0.031271852648016414,0.06658203209981521,127,32
701,12,True,False,True,midpoint_with_inhaler,0.031271852648016414,0.06658203209981521,127,33
701,12,True,False,True,upper_bound,0.031271852648016414,0.06499137455556417,127,34
701,12,True,False,True,upper_bound_with_inhaler,0.031271852648016414,0.06499137455556417,127,35
701,24,False,False,False,one_hot,,,127,36
701,24,False,False,False,lower_bound,0.08542775420716354,0.12215723186145566,127,37
701,24,False,False,False,midpoint,0.08542775420716354,0.13812163414580222,127,38
701,24,False,False,False,midpoint_with_inhaler,0.08542775420716354,0.13812163414580222,127,39
701,24,False,False,False,upper_bound,0.08542775420716354,0.14786077994775462,127,40
701,24,False,False,False,upper_bound_with_inhaler,0.08542775420716354,0.14786077994775462,127,41
701,24,False,False,True,one_hot,,,127,42
701,24,False,False,True,lower_bound,0.08542775420716354,0.12215723186145566,127,43
701,24,False,False,True,midpoint,0.08542775420716354,0.13812163414580222,127,44
701,24,False,False,True,midpoint_with_inhaler,0.08542775420716354,0.13812163414580222,127,45
701,24,False,False,True,upper_bound,0.08542775420716354,0.14786077994775462,127,46
701,24,False,False,True,upper_bound_with_inhaler,0.08542775420716354,0.14786077994775462,127,47
701,24,False,True,False,one_hot,,,127,48
701,24,False,True,False,lower_bound,-0.048190880381891725,-0.08432056997482633,127,49
701,24,False,True,False,midpoint,-0.048190880381891725,-0.10055894346188682,127,50
701,24,False,True,False,midpoint_with_inhaler,-0.048190880381891725,-0.10055894346188682,127,51
701,24,False,True,False,upper_bound,-0.048190880381891725,-0.11146329732734284,127,52
701,24,False,True,False,upper_bound_with_inhaler,-0.048190880381891725,-0.11146329732734284,127,53
701,24,False,True,True,one_hot,,,127,54
701,24,False,True,True,lower_bound,-0.048190880381891725,-0.08432056997482633,127,55
701,24,False,True,True,midpoint,-0.048190880381891725,-0.10055894346188682,127,56
701,24,False,True,True,midpoint_with_inhaler,-0.048190880381891725,-0.10055894346188682,127,57
701,24,False,True,True,upper_bound,-0.048190880381891725,-0.11146329732734284,127,58
701,24,False,True,True,upper_bound_with_inhaler,-0.048190880381891725,-0.11146329732734284,127,59
701,24,True,False,False,one_hot,,,127,60
701,24,True,False,False,lower_bound,0.08542775420716354,0.12215723186145566,127,61
701,24,True,False,False,midpoint,0.08542775420716354,0.13812163414580222,127,62
701,24,True,False,False,midpoint_with_inhaler,0.08542775420716354,0.13812163414580222,127,63
701,24,True,False,False,upper_bound,0.08542775420716354,0.14786077994775462,127,64
701,24,True,False,False,upper_bound_with_inhaler,0.08542775420716354,0.14786077994775462,127,65
701,24,True,False,True,one_hot,,,127,66
701,24,True,False,True,lower_bound,0.08542775420716354,0.12215723186145566,127,67
701,24,True,False,True,midpoint,0.08542775420716354,0.13812163414580222,127,68
701,24,True,False,True,midpoint_with_inhaler,0.08542775420716354,0.13812163414580222,127,69
701,24,True,False,True,upper_bound,0.08542775420716354,0.14786077994775462,127,70
701,24,True,False,True,upper_bound_with_inhaler,0.08542775420716354,0.14786077994775462,127,71
701,36,False,False,False,one_hot,,,127,72
701,36,False,False,False,lower_bound,0.055852669283568024,0.06134573284525345,127,73
701,36,False,False,False,midpoint,0.055852669283568024,0.07399336123726373,127,74
701,36,False,False,False,midpoint_with_inhaler,0.055852669283568024,0.07399336123726373,127,75
701,36,False,False,False,upper_bound,0.055852669283568024,0.07974091923315742,127,76
701,36,False,False,False,upper_bound_with_inhaler,0.055852669283568024,0.07974091923315742,127,77
701,36,False,False,True,one_hot,,,127,78
701,36,False,False,True,lower_bound,0.055852669283568024,0.06134573284525345,127,79
701,36,False,False,True,midpoint,0.055852669283568024,0.07399336123726373,127,80
701,36,False,False,True,midpoint_with_inhaler,0.055852669283568024,0.07399336123726373,127,81
701,36,False,False,True,upper_bound,0.055852669283568024,0.07974091923315742,127,82
701,36,False,False,True,upper_bound_with_inhaler,0.055852669283568024,0.07974091923315742,127,83
701,36,True,False,False,one_hot,,,127,84
701,36,True,False,False,lower_bound,-0.0035355189472547227,-0.03200351395436079,127,85
701,36,True,False,False,midpoint,-0.0035355189472547227,-0.023789439036552763,127,86
701,36,True,False,False,midpoint_with_inhaler,-0.0035355189472547227,-0.023789439036552763,127,87
701,36,True,False,False,upper_bound,-0.0035355189472547227,-0.017040469886965857,127,88
701,36,True,False,False,upper_bound_with_inhaler,-0.0035355189472547227,-0.017040469886965857,127,89
701,36,True,False,True,one_hot,,,127,90
701,36,True,False,True,lower_bound,-0.0035355189472547227,-0.03200351395436079,127,91
701,36,True,False,True,midpoint,-0.0035355189472547227,-0.023789439036552763,127,92
701,36,True,False,True,midpoint_with_inhaler,-0.0035355189472547227,-0.023789439036552763,127,93
701,36,True,False,True,upper_bound,-0.0035355189472547227,-0.017040469886965857,127,94
701,36,True,False,True,upper_bound_with_inhaler,-0.0035355189472547227,-0.017040469886965857,127,95
701,48,False,False,False,one_hot,,,127,96
701,48,False,False,False,lower_bound,0.2098279722539548,0.14110944712920215,127,97
701,48,False,False,False,midpoint,0.2098279722539548,0.1739749824228648,127,98
701,48,False,False,False,midpoint_with_inhaler,0.2098279722539548,0.1739749824228648,127,99
701,48,False,False,False,upper_bound,0.2098279722539548,0.19075038446513076,127,100
701,48,False,False,False,upper_bound_with_inhaler,0.2098279722539548,0.19075038446513076,127,101
701,48,False,False,True,one_hot,,,127,102
701,48,False,False,True,lower_bound,0.2098279722539548,0.14110944712920215,127,103
701,48,False,False,True,midpoint,0.2098279722539548,0.1739749824228648,127,104
701,48,False,False,True,midpoint_with_inhaler,0.2098279722539548,0.1739749824228648,127,105
701,48,False,False,True,upper_bound,0.2098279722539548,0.19075038446513076,127,106
701,48,False,False,True,upper_bound_with_inhaler,0.2098279722539548,0.19075038446513076,127,107
701,48,False,True,False,one_hot,,,127,108
701,48,False,True,False,lower_bound,-0.045146213920703136,-0.09418804019301101,127,109
701,48,False,True,False,midpoint,-0.045146213920703136,-0.09768264795120098,127,110
701,48,False,True,False,midpoint_with_inhaler,-0.045146213920703136,-0.09768264795120098,127,111
701,48,False,True,False,upper_bound,-0.045146213920703136,-0.10035946338840838,127,112
701,48,False,True,False,upper_bound_with_inhaler,-0.045146213920703136,-0.10035946338840838,127,113
701,48,False,True,True,one_hot,,,127,114
701,48,False,True,True,lower_bound,-0.045146213920703136,-0.09418804019301101,127,115
701,48,False,True,True,midpoint,-0.045146213920703136,-0.09768264795120098,127,116
701,48,False,True,True,midpoint_with_inhaler,-0.045146213920703136,-0.09768264795120098,127,117
701,48,False,True,True,upper_bound,-0.045146213920703136,-0.10035946338840838,127,118
701,48,False,True,True,upper_bound_with_inhaler,-0.045146213920703136,-0.10035946338840838,127,119
701,48,True,False,False,one_hot,,,127,120
701,48,True,False,False,lower_bound,0.06377322066025662,0.03258462910559404,127,121
701,48,True,False,False,midpoint,0.06377322066025662,0.03809734243439546,127,122
701,48,True,False,False,midpoint_with_inhaler,0.06377322066025662,0.03809734243439546,127,123
701,48,True,False,False,upper_bound,0.06377322066025662,0.041561878494854494,127,124
701,48,True,False,False,upper_bound_with_inhaler,0.06377322066025662,0.041561878494854494,127,125
701,48,True,False,True,one_hot,,,127,126
701,48,True,False,True,lower_bound,0.06377322066025662,0.03258462910559404,127,127
701,48,True,False,True,midpoint,0.06377322066025662,0.03809734243439546,127,128
701,48,True,False,True,midpoint_with_inhaler,0.06377322066025662,0.03809734243439546,127,129
701,48,True,False,True,upper_bound,0.06377322066025662,0.041561878494854494,127,130
701,48,True,False,True,upper_bound_with_inhaler,0.06377322066025662,0.041561878494854494,127,131
702,12,False,False,False,one_hot,0.697855713467579,0.697855713467579,124,0
702,12,False,False,False,lower_bound,0.735673072063221,0.977451465074715,124,1
702,12,False,False,False,midpoint,0.735673072063221,0.895348489219233,124,2
702,12,False,False,False,midpoint_with_inhaler,0.735673072063221,0.895348489219233,124,3
702,12,False,False,False,upper_bound,0.735673072063221,0.8419794307464217,124,4
702,12,False,False,False,upper_bound_with_inhaler,0.735673072063221,0.8419794307464217,124,5
702,12,False,False,True,one_hot,0.697855713467579,0.697855713467579,124,6
702,12,False,False,True,lower_bound,0.735673072063221,0.977451465074715,124,7
702,12,False,False,True,midpoint,0.735673072063221,0.895348489219233,124,8
702,12,False,False,True,midpoint_with_inhaler,0.735673072063221,0.895348489219233,124,9
702,12,False,False,True,upper_bound,0.735673072063221,0.8419794307464217,124,10
702,12,False,False,True,upper_bound_with_inhaler,0.735673072063221,0.8419794307464217,124,11
702,12,False,True,False,one_hot,0.22892088704653724,0.22892088704653724,124,12
702,12,False,True,False,lower_bound,0.32008089698457126,0.4998559478008263,124,13
702,12,False,True,False,midpoint,0.32008089698457126,0.47635239164944837,124,14
702,12,False,True,False,midpoint_with_inhaler,0.32008089698457126,0.47635239164944837,124,15
702,12,False,True,False,upper_bound,0.32008089698457126,0.45493475855613963,124,16
702,12,False,True,False,upper_bound_with_inhaler,0.32008089698457126,0.45493475855613963,124,17
702,12,False,True,True,one_hot,0.22892088704653724,0.22892088704653724,124,18
702,12,False,True,True,lower_bound,0.32008089698457126,0.4998559478008263,124,19
702,12,False,True,True,midpoint,0.32008089698457126,0.47635239164944837,124,20
702,12,False,True,True,midpoint_with_inhaler,0.32008089698457126,0.47635239164944837,124,21
702,12,False,True,True,upper_bound,0.32008089698457126,0.45493475855613963,124,22
702,12,False,True,True,upper_bound_with_inhaler,0.32008089698457126,0.45493475855613963,124,23
702,12,True,False,False,one_hot,0.38629885579883816,0.38629885579883816,124,24
702,12,True,False,False,lower_bound,0.47721309303912074,0.8156222224741112,124,25
702,12,True,False,False,midpoint,0.47721309303912074,0.7920801825451331,124,26
702,12,True,False,False,midpoint_with_inhaler,0.47721309303912074,0.7920801825451331,124,27
702,12,True,False,False,upper_bound,0.47721309303912074,0.7696081421912339,124,28
702,12,True,False,False,upper_bound_with_inhaler,0.47721309303912074,0.7696081421912339,124,29
702,12,True,False,True,one_hot,0.38629885579883816,0.38629885579883816,124,30
702,12,True,False,True,lower_bound,0.47721309303912074,0.8156222224741112,124,31
702,12,True,False,True,midpoint,0.47721309303912074,0.7920801825451331,124,32
702,12,True,False,True,midpoint_with_inhaler,0.47721309303912074,0.7920801825451331,124,33
702,12,True,False,True,upper_bound,0.47721309303912074,0.7696081421912339,124,34
702,12,True,False,True,upper_bound_with_inhaler,0.47721309303912074,0.7696081421912339,124,35
702,24,False,False,False,one_hot,0.4467349628837638,0.44673496288376363,124,36
702,24,False,False,False,lower_bound,0.5617528394103344,0.9744283043890642,124,37
702,24,False,False,False,midpoint,0.5617528394103344,0.9179075172382435,124,38
702,24,False,False,False,midpoint_with_inhaler,0.5617528394103344,0.9179075172382435,124,39
702,24,False,False,False,upper_bound,0.5617528394103344,0.8730339454001641,124,40
702,24,False,False,False,upper_bound_with_inhaler,0.5617528394103344,0.8730339454001641,124,41
702,24,False,False,True,one_hot,0.4467349628837638,0.44673496288376363,124,42
702,24,False,False,True,lower_bound,0.5617528394103344,0.9744283043890642,124,43
702,24,False,False,True,midpoint,0.5617528394103344,0.9179075172382435,124,44
702,24,False,False,True,midpoint_with_inhaler,0.5617528394103344,0.9179075172382435,124,45
702,24,False,False,True,upper_bound,0.5617528394103344,0.8730339454001641,124,46
702,24,False,False,True,upper_bound_with_inhaler,0.5617528394103344,0.8730339454001641,124,47
702,24,False,True,False,one_hot,0.4286111780857097,0.4286111780857097,124,48
702,24,False,True,False,lower_bound,0.5315091879788414,0.9714404534378197,124,49
702,24,False,True,False,midpoint,0.5315091879788414,0.8993932685041293,124,50
702,24,False,True,False,midpoint_with_inhaler,0.5315091879788414,0.8993932685041293,124,51
702,24,False,True,False,upper_bound,0.5315091879788414,0.8492290399301857,124,52
702,24,False,True,False,upper_bound_with_inhaler,0.5315091879788414,0.8492290399301857,124,53
702,24,False,True,True,one_hot,0.4286111780857097,0.4286111780857097,124,54
702,24,False,True,True,lower_bound,0.5315091879788414,0.9714404534378197,124,55
702,24,False,True,True,midpoint,0.5315091879788414,0.8993932685041293,124,56
702,24,False,True,True,midpoint_with_inhaler,0.5315091879788414,0.8993932685041293,124,57
702,24,False,True,True,upper_bound,0.5315091879788414,0.8492290399301857,124,58
702,24,False,True,True,upper_bound_with_inhaler,0.5315091879788414,0.8492290399301857,124,59
702,24,True,False,False,one_hot,0.4467349628837638,0.44673496288376363,124,60
702,24,True,False,False,lower_bound,0.5617528394103344,0.9744283043890642,124,61
702,24,True,False,False,midpoint,0.5617528394103344,0.9179075172382435,124,62
702,24,True,False,False,midpoint_with_inhaler,0.5617528394103344,0.9179075172382435,124,63
702,24,True,False,False,upper_bound,0.5617528394103344,0.8730339454001641,124,64
702,24,True,False,False,upper_bound_with_inhaler,0.5617528394103344,0.8730339454001641,124,65
702,24,True,False,True,one_hot,0.4467349628837638,0.44673496288376363,124,66
702,24,True,False,True,lower_bound,0.5617528394103344,0.9744283043890642,124,67
702,24,True,False,True,midpoint,0.5617528394103344,0.9179075172382435,124,68
702,24,True,False,True,midpoint_with_inhaler,0.5617528394103344,0.9179075172382435,124,69
702,24,True,False,True,upper_bound,0.5617528394103344,0.8730339454001641,124,70
702,24,True,False,True,upper_bound_with_inhaler,0.5617528394103344,0.8730339454001641,124,71
702,36,False,False,False,one_hot,0.40579938948729954,0.40579938948729954,124,72
702,36,False,False,False,lower_bound,0.5790927749330762,1.1145563928179536,124,73
702,36,False,False,False,midpoint,0.5790927749330762,1.0685798436911986,124,74
702,36,False,False,False,midpoint_with_inhaler,0.5790927749330762,1.0685798436911986,124,75
702,36,False,False,False,upper_bound,0.5790927749330762,1.021838787572302,124,76
702,36,False,False,False,upper_bound_with_inhaler,0.5790927749330762,1.021838787572302,124,77
702,36,False,False,True,one_hot,0.40579938948729954,0.40579938948729954,124,78
702,36,False,False,True,lower_bound,0.5790927749330762,1.1145563928179536,124,79
702,36,False,False,True,midpoint,0.5790927749330762,1.0685798436911986,124,80
702,36,False,False,True,midpoint_with_inhaler,0.5790927749330762,1.0685798436911986,124,81
702,36,False,False,True,upper_bound,0.5790927749330762,1.021838787572302,124,82
702,36,False,False,True,upper_bound_with_inhaler,0.5790927749330762,1.021838787572302,124,83
702,36,True,False,False,one_hot,0.3675059285930456,0.3675059285930456,124,84
702,36,True,False,False,lower_bound,0.44931794187539537,0.6969577368018497,124,85
702,36,True,False,False,midpoint,0.44931794187539537,0.658855036120957,124,86
702,36,True,False,False,midpoint_with_inhaler,0.44931794187539537,0.658855036120957,124,87
702,36,True,False,False,upper_bound,0.44931794187539537,0.624205527150348,124,88
702,36,True,False,False,upper_bound_with_inhaler,0.44931794187539537,0.624205527150348,124,89
702,36,True,False,True,one_hot,0.3675059285930456,0.3675059285930456,124,90
702,36,True,False,True,lower_bound,0.44931794187539537,0.6969577368018497,124,91
702,36,True,False,True,midpoint,0.44931794187539537,0.658855036120957,124,92
702,36,True,False,True,midpoint_with_inhaler,0.44931794187539537,0.658855036120957,124,93
702,36,True,False,True,upper_bound,0.44931794187539537,0.624205527150348,124,94
702,36,True,False,True,upper_bound_with_inhaler,0.44931794187539537,0.624205527150348,124,95
702,48,False,False,False,one_hot,0.3915294405921368,0.3915294405921367,124,96
702,48,False,False,False,lower_bound,0.5791298905302886,1.0757705950476757,124,97
702,48,False,False,False,midpoint,0.5791298905302886,1.0392631623292283,124,98
702,48,False,False,False,midpoint_with_inhaler,0.5791298905302886,1.0392631623292283,124,99
702,48,False,False,False,upper_bound,0.5791298905302886,0.9995968421898109,124,100
702,48,False,False,False,upper_bound_with_inhaler,0.5791298905302886,0.9995968421898109,124,101
702,48,False,False,True,one_hot,0.3915294405921368,0.3915294405921367,124,102
702,48,False,False,True,lower_bound,0.5791298905302886,1.0757705950476757,124,103
702,48,False,False,True,midpoint,0.5791298905302886,1.0392631623292283,124,104
702,48,False,False,True,midpoint_with_inhaler,0.5791298905302886,1.0392631623292283,124,105
702,48,False,False,True,upper_bound,0.5791298905302886,0.9995968421898109,124,106
702,48,False,False,True,upper_bound_with_inhaler,0.5791298905302886,0.9995968421898109,124,107
702,48,False,True,False,one_hot,0.13354290711890995,0.1335429071189099,124,108
702,48,False,True,False,lower_bound,0.2024456353360422,0.4574966984754436,124,109
702,48,False,True,False,midpoint,0.2024456353360422,0.4156335318852651,124,110
702,48,False,True,False,midpoint_with_inhaler,0.2024456353360422,0.4156335318852651,124,111
702,48,False,True,False,upper_bound,0.2024456353360422,0.38158183006061824,124,112
702,48,False,True,False,upper_bound_with_inhaler,0.2024456353360422,0.38158183006061824,124,113
702,48,False,True,True,one_hot,0.13354290711890995,0.1335429071189099,124,114
702,48,False,True,True,lower_bound,0.2024456353360422,0.4574966984754436,124,115
702,48,False,True,True,midpoint,0.2024456353360422,0.4156335318852651,124,116
702,48,False,True,True,midpoint_with_inhaler,0.2024456353360422,0.4156335318852651,124,117
702,48,False,True,True,upper_bound,0.2024456353360422,0.38158183006061824,124,118
702,48,False,True,True,upper_bound_with_inhaler,0.2024456353360422,0.38158183006061824,124,119
702,48,True,False,False,one_hot,0.24199747444419503,0.241997474444195,124,120
702,48,True,False,False,lower_bound,0.30873856218328055,0.5486410458716982,124,121
702,48,True,False,False,midpoint,0.30873856218328055,0.5101958267979543,124,122
702,48,True,False,False,midpoint_with_inhaler,0.30873856218328055,0.5101958267979543,124,123
702,48,True,False,False,upper_bound,0.30873856218328055,0.48049140420184716,124,124
702,48,True,False,False,upper_bound_with_inhaler,0.30873856218328055,0.48049140420184716,124,125
702,48,True,False,True,one_hot,0.24199747444419503,0.241997474444195,124,126
702,48,True,False,True,lower_bound,0.30873856218328055,0.5486410458716982,124,127
702,48,True,False,True,midpoint,0.30873856218328055,0.5101958267979543,124,128
702,48,True,False,True,midpoint_with_inhaler,0.30873856218328055,0.5101958267979543,124,129
702,48,True,False,True,upper_bound,0.30873856218328055,0.48049140420184716,124,130
702,48,True,False,True,upper_bound_with_inhaler,0.30873856218328055,0.48049140420184716,124,131
917,12,False,False,False,one_hot,0.4180480042601457,0.4180480042601458,9,0
917,12,False,False,False,lower_bound,1.1276940760091223,1.4482787810763054,9,1
917,12,False,False,False,midpoint,1.1276940760091223,1.459730758865116,9,2
917,12,False,False,False,midpoint_with_inhaler,1.1276940760091223,1.459730758865116,9,3
917,12,False,False,False,upper_bound,1.1276940760091223,1.4024476459762014,9,4
917,12,False,False,False,upper_bound_with_inhaler,1.1276940760091223,1.4024476459762014,9,5
917,12,False,False,True,one_hot,0.4180480042601457,0.4180480042601458,9,6
917,12,False,False,True,lower_bound,1.1276940760091223,1.4482787810763054,9,7
917,12,False,False,True,midpoint,1.1276940760091223,1.459730758865116,9,8
917,12,False,False,True,midpoint_with_inhaler,1.1276940760091223,1.459730758865116,9,9
917,12,False,False,True,upper_bound,1.1276940760091223,1.4024476459762014,9,10
917,12,False,False,True,upper_bound_with_inhaler,1.1276940760091223,1.4024476459762014,9,11
917,12,False,True,False,one_hot,0.4180480042601458,0.4180480042601458,9,12
917,12,False,True,False,lower_bound,0.8332341464454481,0.8627010130355796,9,13
917,12,False,True,False,midpoint,0.8332341464454481,0.8607380939578319,9,14
917,12,False,True,False,midpoint_with_inhaler,0.8332341464454481,0.8607380939578319,9,15
917,12,False,True,False,upper_bound,0.8332341464454481,0.839874013566124,9,16
917,12,False,True,False,upper_bound_with_inhaler,0.8332341464454481,0.839874013566124,9,17
917,12,False,True,True,one_hot,0.4180480042601458,0.4180480042601458,9,18
917,12,False,True,True,lower_bound,0.8332341464454481,0.8627010130355796,9,19
917,12,False,True,True,midpoint,0.8332341464454481,0.8607380939578319,9,20
917,12,False,True,True,midpoint_with_inhaler,0.8332341464454481,0.8607380939578319,9,21
917,12,False,True,True,upper_bound,0.8332341464454481,0.839874013566124,9,22
917,12,False,True,True,upper_bound_with_inhaler,0.8332341464454481,0.839874013566124,9,23
917,12,True,False,False,one_hot,0.4180480042601457,0.4180480042601458,9,24
917,12,True,False,False,lower_bound,0.7448649741840664,0.9791317192731284,9,25
917,12,True,False,False,midpoint,0.7448649741840664,1.0555991737057728,9,26
917,12,True,False,False,midpoint_with_inhaler,0.7448649741840664,1.0555991737057728,9,27
917,12,True,False,False,upper_bound,0.7448649741840664,1.0784647724540606,9,28
917,12,True,False,False,upper_bound_with_inhaler,0.7448649741840664,1.0784647724540606,9,29
917,12,True,False,True,one_hot,0.4180480042601457,0.4180480042601458,9,30
917,12,True,False,True,lower_bound,0.7448649741840664,0.9791317192731284,9,31
917,12,True,False,True,midpoint,0.7448649741840664,1.0555991737057728,9,32
917,12,True,False,True,midpoint_with_inhaler,0.7448649741840664,1.0555991737057728,9,33
917,12,True,False,True,upper_bound,0.7448649741840664,1.0784647724540606,9,34
917,12,True,False,True,upper_bound_with_inhaler,0.7448649741840664,1.0784647724540606,9,35
917,24,False,False,False,one_hot,0.6894278330666722,0.689427833066672,9,36
917,24,False,False,False,lower_bound,1.0229409999480514,0.96778977749106,9,37
917,24,False,False,False,midpoint,1.0229409999480514,0.9493356638023002,9,38
917,24,False,False,False,midpoint_with_inhaler,1.0229409999480514,0.9493356638023002,9,39
917,24,False,False,False,upper_bound,1.0229409999480514,0.919110300313722,9,40
917,24,False,False,False,upper_bound_with_inhaler,1.0229409999480514,0.919110300313722,9,41
917,24,False,False,True,one_hot,0.6894278330666722,0.689427833066672,9,42
917,24,False,False,True,lower_bound,1.0229409999480514,0.96778977749106,9,43
917,24,False,False,True,midpoint,1.0229409999480514,0.9493356638023002,9,44
917,24,False,False,True,midpoint_with_inhaler,1.0229409999480514,0.9493356638023002,9,45
917,24,False,False,True,upper_bound,1.0229409999480514,0.919110300313722,9,46
917,24,False,False,True,upper_bound_with_inhaler,1.0229409999480514,0.919110300313722,9,47
917,24,False,True,False,one_hot,,,9,48
917,24,False,True,False,lower_bound,-0.15996082712778306,0.1939057250933431,9,49
917,24,False,True,False,midpoint,-0.15996082712778306,0.30723109359236045,9,50
917,24,False,True,False,midpoint_with_inhaler,-0.15996082712778306,0.30723109359236045,9,51
917,24,False,True,False,upper_bound,-0.15996082712778306,0.3874678031663369,9,52
917,24,False,True,False,upper_bound_with_inhaler,-0.15996082712778306,0.3874678031663369,9,53
917,24,False,True,True,one_hot,,,9,54
917,24,False,True,True,lower_bound,-0.15996082712778306,0.1939057250933431,9,55
917,24,False,True,True,midpoint,-0.15996082712778306,0.30723109359236045,9,56
917,24,False,True,True,midpoint_with_inhaler,-0.15996082712778306,0.30723109359236045,9,57
917,24,False,True,True,upper_bound,-0.15996082712778306,0.3874678031663369,9,58
917,24,False,True,True,upper_bound_with_inhaler,-0.15996082712778306,0.3874678031663369,9,59
917,24,True,False,False,one_hot,0.6894278330666722,0.689427833066672,9,60
917,24,True,False,False,lower_bound,1.0229409999480514,0.96778977749106,9,61
917,24,True,False,False,midpoint,1.0229409999480514,0.9493356638023002,9,62
917,24,True,False,False,midpoint_with_inhaler,1.0229409999480514,0.9493356638023002,9,63
917,24,True,False,False,upper_bound,1.0229409999480514,0.919110300313722,9,64
917,24,True,False,False,upper_bound_with_inhaler,1.0229409999480514,0.919110300313722,9,65
917,24,True,False,True,one_hot,0.6894278330666722,0.689427833066672,9,66
917,24,True,False,True,lower_bound,1.0229409999480514,0.96778977749106,9,67
917,24,True,False,True,midpoint,1.0229409999480514,0.9493356638023002,9,68
917,24,True,False,True,midpoint_with_inhaler,1.0229409999480514,0.9493356638023002,9,69
917,24,True,False,True,upper_bound,1.0229409999480514,0.919110300313722,9,70
917,24,True,False,True,upper_bound_with_inhaler,1.0229409999480514,0.919110300313722,9,71
917,36,False,False,False,one_hot,,,9,72
917,36,False,False,False,lower_bound,0.4810989802200296,0.8481043428436857,9,73
917,36,False,False,False,midpoint,0.4810989802200296,0.7449405045534937,9,74
917,36,False,False,False,midpoint_with_inhaler,0.4810989802200296,0.7449405045534937,9,75
917,36,False,False,False,upper_bound,0.4810989802200296,0.6670949351014202,9,76
917,36,False,False,False,upper_bound_with_inhaler,0.4810989802200296,0.6670949351014202,9,77
917,36,False,False,True,one_hot,,,9,78
917,36,False,False,True,lower_bound,0.4810989802200296,0.8481043428436857,9,79
917,36,False,False,True,midpoint,0.4810989802200296,0.7449405045534937,9,80
917,36,False,False,True,midpoint_with_inhaler,0.4810989802200296,0.7449405045534937,9,81
917,36,False,False,True,upper_bound,0.4810989802200296,0.6670949351014202,9,82
917,36,False,False,True,upper_bound_with_inhaler,0.4810989802200296,0.6670949351014202,9,83
917,36,True,False,False,one_hot,,,9,84
917,36,True,False,False,lower_bound,6.938893903907228e-17,0.13932017064563437,9,85
917,36,True,False,False,midpoint,6.938893903907228e-17,0.11678800676163965,9,86
917,36,True,False,False,midpoint_with_inhaler,6.938893903907228e-17,0.11678800676163965,9,87
917,36,True,False,False,upper_bound,6.938893903907228e-17,0.10033534773107558,9,88
917,36,True,False,False,upper_bound_with_inhaler,6.938893903907228e-17,0.10033534773107558,9,89
917,36,True,False,True,one_hot,,,9,90
917,36,True,False,True,lower_bound,6.938893903907228e-17,0.13932017064563437,9,91
917,36,True,False,True,midpoint,6.938893903907228e-17,0.11678800676163965,9,92
917,36,True,False,True,midpoint_with_inhaler,6.938893903907228e-17,0.11678800676163965,9,93
917,36,True,False,True,upper_bound,6.938893903907228e-17,0.10033534773107558,9,94
917,36,True,False,True,upper_bound_with_inhaler,6.938893903907228e-17,0.10033534773107558,9,95
917,48,False,False,False,one_hot,,,9,96
917,48,False,False,False,lower_bound,0.10286002792355005,0.6810003420175771,9,97
917,48,False,False,False,midpoint,0.10286002792355005,0.46968131694962134,9,98
917,48,False,False,False,midpoint_with_inhaler,0.10286002792355005,0.5249690044150408,9,99
917,48,False,False,False,upper_bound,0.10286002792355005,0.27755615322693894,9,100
917,48,False,False,False,upper_bound_with_inhaler,0.10286002792355005,0.34211724914710623,9,101
917,48,False,False,True,one_hot,,,9,102
917,48,False,False,True,lower_bound,0.10286002792355005,0.6810003420175771,9,103
917,48,False,False,True,midpoint,0.10286002792355005,0.46968131694962134,9,104
917,48,False,False,True,midpoint_with_inhaler,0.10286002792355005,0.5249690044150408,9,105
917,48,False,False,True,upper_bound,0.10286002792355005,0.27755615322693894,9,106
917,48,False,False,True,upper_bound_with_inhaler,0.10286002792355005,0.34211724914710623,9,107
917,48,False,True,False,one_hot,,,9,108
917,48,False,True,False,lower_bound,1.1858854154511387,0.9993984252598626,9,109
917,48,False,True,False,midpoint,1.1858854154511387,1.020873127634019,9,110
917,48,False,True,False,midpoint_with_inhaler,1.1858854154511387,1.020873127634019,9,111
917,48,False,True,False,upper_bound,1.1858854154511387,1.0327276498525482,9,112
917,48,False,True,False,upper_bound_with_inhaler,1.1858854154511387,1.0327276498525482,9,113
917,48,False,True,True,one_hot,,,9,114
917,48,False,True,True,lower_bound,1.1858854154511387,0.9993984252598626,9,115
917,48,False,True,True,midpoint,1.1858854154511387,1.020873127634019,9,116
917,48,False,True,True,midpoint_with_inhaler,1.1858854154511387,1.020873127634019,9,117
917,48,False,True,True,upper_bound,1.1858854154511387,1.0327276498525482,9,118
917,48,False,True,True,upper_bound_with_inhaler,1.1858854154511387,1.0327276498525482,9,119
917,48,True,False,False,one_hot,0.4180480042601457,0.4180480042601458,9,120
917,48,True,False,False,lower_bound,0.24388705616308956,0.388030885152791,9,121
917,48,True,False,False,midpoint,0.24388705616308956,0.4033602975586239,9,122
917,48,True,False,False,midpoint_with_inhaler,0.24388705616308956,0.4033602975586239,9,123
917,48,True,False,False,upper_bound,0.24388705616308956,0.4048431956473578,9,124
917,48,True,False,False,upper_bound_with_inhaler,0.24388705616308956,0.4048431956473578,9,125
917,48,True,False,True,one_hot,0.4180480042601457,0.4180480042601458,9,126
917,48,True,False,True,lower_bound,0.24388705616308956,0.388030885152791,9,127
917,48,True,False,True,midpoint,0.24388705616308956,0.4033602975586239,9,128
917,48,True,False,True,midpoint_with_inhaler,0.24388705616308956,0.4033602975586239,9,129
917,48,True,False,True,upper_bound,0.24388705616308956,0.4048431956473578,9,130
917,48,True,False,True,upper_bound_with_inhaler,0.24388705616308956,0.4048431956473578,9,131
939,12,False,False,False,one_hot,0.017402822367234245,0.017402822367234273,158,0
939,12,False,False,False,lower_bound,0.29027285348341475,0.30092924005696703,158,1
939,12,False,False,False,midpoint,0.29027285348341475,0.27201670557282337,158,2
939,12,False,False,False,midpoint_with_inhaler,0.29027285348341475,0.27201670557282337,158,3
939,12,False,False,False,upper_bound,0.29027285348341475,0.24329065421814436,158,4
939,12,False,False,False,upper_bound_with_inhaler,0.29027285348341475,0.24329065421814436,158,5
939,12,False,False,True,one_hot,0.017402822367234245,0.017402822367234273,158,6
939,12,False,False,True,lower_bound,0.29027285348341475,0.30092924005696703,158,7
939,12,False,False,True,midpoint,0.29027285348341475,0.27201670557282337,158,8
939,12,False,False,True,midpoint_with_inhaler,0.29027285348341475,0.27201670557282337,158,9
939,12,False,False,True,upper_bound,0.29027285348341475,0.24329065421814436,158,10
939,12,False,False,True,upper_bound_with_inhaler,0.29027285348341475,0.24329065421814436,158,11
939,12,False,True,False,one_hot,,,158,12
939,12,False,True,False,lower_bound,0.31064678241475263,0.41536070024199007,158,13
939,12,False,True,False,midpoint,0.31064678241475263,0.39081256437060036,158,14
939,12,False,True,False,midpoint_with_inhaler,0.31064678241475263,0.39081256437060036,158,15
939,12,False,True,False,upper_bound,0.31064678241475263,0.3627143343758761,158,16
939,12,False,True,False,upper_bound_with_inhaler,0.31064678241475263,0.3627143343758761,158,17
939,12,False,True,True,one_hot,,,158,18
939,12,False,True,True,lower_bound,0.31064678241475263,0.41536070024199007,158,19
939,12,False,True,True,midpoint,0.31064678241475263,0.39081256437060036,158,20
939,12,False,True,True,midpoint_with_inhaler,0.31064678241475263,0.39081256437060036,158,21
939,12,False,True,True,upper_bound,0.31064678241475263,0.3627143343758761,158,22
939,12,False,True,True,upper_bound_with_inhaler,0.31064678241475263,0.3627143343758761,158,23
939,12,True,False,False,one_hot,,,158,24
939,12,True,False,False,lower_bound,0.2872947407355303,0.3949001022663703,158,25
939,12,True,False,False,midpoint,0.2872947407355303,0.35733821114431774,158,26
939,12,True,False,False,midpoint_with_inhaler,0.2872947407355303,0.35733821114431774,158,27
939,12,True,False,False,upper_bound,0.2872947407355303,0.3224461779397017,158,28
939,12,True,False,False,upper_bound_with_inhaler,0.2872947407355303,0.3224461779397017,158,29
939,12,True,False,True,one_hot,,,158,30
939,12,True,False,True,lower_bound,0.2872947407355303,0.3949001022663703,158,31
939,12,True,False,True,midpoint,0.2872947407355303,0.35733821114431774,158,32
939,12,True,False,True,midpoint_with_inhaler,0.2872947407355303,0.35733821114431774,158,33
939,12,True,False,True,upper_bound,0.2872947407355303,0.3224461779397017,158,34
939,12,True,False,True,upper_bound_with_inhaler,0.2872947407355303,0.3224461779397017,158,35
939,24,False,False,False,one_hot,,,158,36
939,24,False,False,False,lower_bound,0.44912139463610223,0.5024730138467091,158,37
939,24,False,False,False,midpoint,0.44912139463610223,0.4913478687446143,158,38
939,24,False,False,False,midpoint_with_inhaler,0.44912139463610223,0.4913478687446143,158,39
939,24,False,False,False,upper_bound,0.44912139463610223,0.4759532436839555,158,40
939,24,False,False,False,upper_bound_with_inhaler,0.44912139463610223,0.4759532436839555,158,41
939,24,False,False,True,one_hot,,,158,42
939,24,False,False,True,lower_bound,0.44912139463610223,0.5024730138467091,158,43
939,24,False,False,True,midpoint,0.44912139463610223,0.4913478687446143,158,44
939,24,False,False,True,midpoint_with_inhaler,0.44912139463610223,0.4913478687446143,158,45
939,24,False,False,True,upper_bound,0.44912139463610223,0.4759532436839555,158,46
939,24,False,False,True,upper_bound_with_inhaler,0.44912139463610223,0.4759532436839555,158,47
939,24,False,True,False,one_hot,,,158,48
939,24,False,True,False,lower_bound,0.43676979427152784,0.5106623069892609,158,49
939,24,False,True,False,midpoint,0.43676979427152784,0.5265775462696183,158,50
939,24,False,True,False,midpoint_with_inhaler,0.43676979427152784,0.5265775462696183,158,51
939,24,False,True,False,upper_bound,0.43676979427152784,0.5251884667638069,158,52
939,24,False,True,False,upper_bound_with_inhaler,0.43676979427152784,0.5251884667638069,158,53
939,24,False,True,True,one_hot,,,158,54
939,24,False,True,True,lower_bound,0.43676979427152784,0.5106623069892609,158,55
939,24,False,True,True,midpoint,0.43676979427152784,0.5265775462696183,158,56
939,24,False,True,True,midpoint_with_inhaler,0.43676979427152784,0.5265775462696183,158,57
939,24,False,True,True,upper_bound,0.43676979427152784,0.5251884667638069,158,58
939,24,False,True,True,upper_bound_with_inhaler,0.43676979427152784,0.5251884667638069,158,59
939,24,True,False,False,one_hot,,,158,60
939,24,True,False,False,lower_bound,0.44912139463610223,0.5024730138467091,158,61
939,24,True,False,False,midpoint,0.44912139463610223,0.4913478687446143,158,62
939,24,True,False,False,midpoint_with_inhaler,0.44912139463610223,0.4913478687446143,158,63
939,24,True,False,False,upper_bound,0.44912139463610223,0.4759532436839555,158,64
939,24,True,False,False,upper_bound_with_inhaler,0.44912139463610223,0.4759532436839555,158,65
939,24,True,False,True,one_hot,,,158,66
939,24,True,False,True,lower_bound,0.44912139463610223,0.5024730138467091,158,67
939,24,True,False,True,midpoint,0.44912139463610223,0.4913478687446143,158,68
939,24,True,False,True,midpoint_with_inhaler,0.44912139463610223,0.4913478687446143,158,69
939,24,True,False,True,upper_bound,0.44912139463610223,0.4759532436839555,158,70
939,24,True,False,True,upper_bound_with_inhaler,0.44912139463610223,0.4759532436839555,158,71
939,36,False,False,False,one_hot,,,158,72
939,36,False,False,False,lower_bound,0.3929830219356128,0.49548386206168193,158,73
939,36,False,False,False,midpoint,0.3929830219356128,0.44886310512563626,158,74
939,36,False,False,False,midpoint_with_inhaler,0.3929830219356128,0.44886310512563626,158,75
939,36,False,False,False,upper_bound,0.3929830219356128,0.4124948642583383,158,76
939,36,False,False,False,upper_bound_with_inhaler,0.3929830219356128,0.4124948642583383,158,77
939,36,False,False,True,one_hot,,,158,78
939,36,False,False,True,lower_bound,0.3929830219356128,0.49548386206168193,158,79
939,36,False,False,True,midpoint,0.3929830219356128,0.44886310512563626,158,80
939,36,False,False,True,midpoint_with_inhaler,0.3929830219356128,0.44886310512563626,158,81
939,36,False,False,True,upper_bound,0.3929830219356128,0.4124948642583383,158,82
939,36,False,False,True,upper_bound_with_inhaler,0.3929830219356128,0.4124948642583383,158,83
939,36,True,False,False,one_hot,,,158,84
939,36,True,False,False,lower_bound,0.5037065342259237,0.6254109521588996,158,85
939,36,True,False,False,midpoint,0.5037065342259237,0.6522230495952853,158,86
939,36,True,False,False,midpoint_with_inhaler,0.5037065342259237,0.6522230495952853,158,87
939,36,True,False,False,upper_bound,0.5037065342259237,0.6550121969616476,158,88
939,36,True,False,False,upper_bound_with_inhaler,0.5037065342259237,0.6550121969616476,158,89
939,36,True,False,True,one_hot,,,158,90
939,36,True,False,True,lower_bound,0.5037065342259237,0.6254109521588996,158,91
939,36,True,False,True,midpoint,0.5037065342259237,0.6522230495952853,158,92
939,36,True,False,True,midpoint_with_inhaler,0.5037065342259237,0.6522230495952853,158,93
939,36,True,False,True,upper_bound,0.5037065342259237,0.6550121969616476,158,94
939,36,True,False,True,upper_bound_with_inhaler,0.5037065342259237,0.6550121969616476,158,95
939,48,False,False,False,one_hot,,,158,96
939,48,False,False,False,lower_bound,0.3977845363912683,0.5224755549633724,158,97
939,48,False,False,False,midpoint,0.3977845363912683,0.4395185127185301,158,98
939,48,False,False,False,midpoint_with_inhaler,0.3977845363912683,0.45924235528947166,158,99
939,48,False,False,False,upper_bound,0.3721028293172119,0.3723118358145318,158,100
939,48,False,False,False,upper_bound_with_inhaler,0.3977845363912683,0.43494702708985916,158,101
939,48,False,False,True,one_hot,,,158,102
939,48,False,False,True,lower_bound,0.3977845363912683,0.5224755549633724,158,103
939,48,False,False,True,midpoint,0.3977845363912683,0.4395185127185301,158,104
939,48,False,False,True,midpoint_with_inhaler,0.3977845363912683,0.45924235528947166,158,105
939,48,False,False,True,upper_bound,0.3721028293172119,0.3723118358145318,158,106
939,48,False,False,True,upper_bound_with_inhaler,0.3977845363912683,0.43494702708985916,158,107
939,48,False,True,False,one_hot,,,158,108
939,48,False,True,False,lower_bound,0.2577790828592889,0.3690317888875488,158,109
939,48,False,True,False,midpoint,0.2577790828592889,0.3429644333506081,158,110
939,48,False,True,False,midpoint_with_inhaler,0.2577790828592889,0.3429644333506081,158,111
939,48,False,True,False,upper_bound,0.2577790828592889,0.3158420426236995,158,112
939,48,False,True,False,upper_bound_with_inhaler,0.2577790828592889,0.3158420426236995,158,113
939,48,False,True,True,one_hot,,,158,114
939,48,False,True,True,lower_bound,0.2577790828592889,0.3690317888875488,158,115
939,48,False,True,True,midpoint,0.2577790828592889,0.3429644333506081,158,116
939,48,False,True,True,midpoint_with_inhaler,0.2577790828592889,0.3429644333506081,158,117
939,48,False,True,True,upper_bound,0.2577790828592889,0.3158420426236995,158,118
939,48,False,True,True,upper_bound_with_inhaler,0.2577790828592889,0.3158420426236995,158,119
939,48,True,False,False,one_hot,0.09328043244581061,0.09328043244581062,158,120
939,48,True,False,False,lower_bound,0.13489792316747098,0.23695156757318378,158,121
939,48,True,False,False,midpoint,0.13489792316747098,0.20064940991052038,158,122
939,48,True,False,False,midpoint_with_inhaler,0.13489792316747098,0.20064940991052038,158,123
939,48,True,False,False,upper_bound,0.13489792316747098,0.17180953688264067,158,124
939,48,True,False,False,upper_bound_with_inhaler,0.13489792316747098,0.17180953688264067,158,125
939,48,True,False,True,one_hot,0.09328043244581061,0.09328043244581062,158,126
939,48,True,False,True,lower_bound,0.13489792316747098,0.23695156757318378,158,127
939,48,True,False,True,midpoint,0.13489792316747098,0.20064940991052038,158,128
939,48,True,False,True,midpoint_with_inhaler,0.13489792316747098,0.20064940991052038,158,129
939,48,True,False,True,upper_bound,0.13489792316747098,0.17180953688264067,158,130
939,48,True,False,True,upper_bound_with_inhaler,0.13489792316747098,0.17180953688264067,158,131
