user_key,timestamp_window,use_daily_max_windows,use_calendar_days,filter_out_zero_usage_entries,categorization_method,spearman_z,pearson_z,sample_size,config_idx
113,12,False,False,False,one_hot,0.08288152013998856,0.08288152013998858,163,0
113,12,False,False,False,lower_bound,0.25902359468583874,0.4107345259906552,163,1
113,12,False,False,False,midpoint,0.25902359468583874,0.39597514669479045,163,2
113,12,False,False,False,midpoint_with_inhaler,0.25902359468583874,0.39597514669479045,163,3
113,12,False,False,False,upper_bound,0.25902359468583874,0.3796407441485485,163,4
113,12,False,False,False,upper_bound_with_inhaler,0.25902359468583874,0.3796407441485485,163,5
113,12,False,False,True,one_hot,0.08288152013998856,0.08288152013998858,163,6
113,12,False,False,True,lower_bound,0.25902359468583874,0.4107345259906552,163,7
113,12,False,False,True,midpoint,0.25902359468583874,0.39597514669479045,163,8
113,12,False,False,True,midpoint_with_inhaler,0.25902359468583874,0.39597514669479045,163,9
113,12,False,False,True,upper_bound,0.25902359468583874,0.3796407441485485,163,10
113,12,False,False,True,upper_bound_with_inhaler,0.25902359468583874,0.3796407441485485,163,11
113,12,False,True,False,one_hot,0.2622319422083913,0.26223194220839136,163,12
113,12,False,True,False,lower_bound,0.3843038125011629,0.37404121276366276,163,13
113,12,False,True,False,midpoint,0.3843038125011629,0.3850241630004359,163,14
113,12,False,True,False,midpoint_with_inhaler,0.3843038125011629,0.3850241630004359,163,15
113,12,False,True,False,upper_bound,0.3843038125011629,0.38644240166032356,163,16
113,12,False,True,False,upper_bound_with_inhaler,0.3843038125011629,0.38644240166032356,163,17
113,12,False,True,True,one_hot,0.2622319422083913,0.26223194220839136,163,18
113,12,False,True,True,lower_bound,0.3843038125011629,0.37404121276366276,163,19
113,12,False,True,True,midpoint,0.3843038125011629,0.3850241630004359,163,20
113,12,False,True,True,midpoint_with_inhaler,0.3843038125011629,0.3850241630004359,163,21
113,12,False,True,True,upper_bound,0.3843038125011629,0.38644240166032356,163,22
113,12,False,True,True,upper_bound_with_inhaler,0.3843038125011629,0.38644240166032356,163,23
113,12,True,False,False,one_hot,0.2269516350737269,0.226951635073727,163,24
113,12,True,False,False,lower_bound,0.32854912762284993,0.4249279627171112,163,25
113,12,True,False,False,midpoint,0.32854912762284993,0.41977787963511354,163,26
113,12,True,False,False,midpoint_with_inhaler,0.32854912762284993,0.41977787963511354,163,27
113,12,True,False,False,upper_bound,0.32854912762284993,0.4114638320038056,163,28
113,12,True,False,False,upper_bound_with_inhaler,0.32854912762284993,0.4114638320038056,163,29
113,12,True,False,True,one_hot,0.2269516350737269,0.226951635073727,163,30
113,12,True,False,True,lower_bound,0.32854912762284993,0.4249279627171112,163,31
113,12,True,False,True,midpoint,0.32854912762284993,0.41977787963511354,163,32
113,12,True,False,True,midpoint_with_inhaler,0.32854912762284993,0.41977787963511354,163,33
113,12,True,False,True,upper_bound,0.32854912762284993,0.4114638320038056,163,34
113,12,True,False,True,upper_bound_with_inhaler,0.32854912762284993,0.4114638320038056,163,35
113,24,False,False,False,one_hot,0.15941859661738864,0.1594185966173887,163,36
113,24,False,False,False,lower_bound,0.31999733935396846,0.3696682965327164,163,37
113,24,False,False,False,midpoint,0.31999733935396846,0.37280425104279935,163,38
113,24,False,False,False,midpoint_with_inhaler,0.31999733935396846,0.37280425104279935,163,39
113,24,False,False,False,upper_bound,0.31999733935396846,0.3687229032651112,163,40
113,24,False,False,False,upper_bound_with_inhaler,0.31999733935396846,0.3687229032651112,163,41
113,24,False,False,True,one_hot,0.15941859661738864,0.1594185966173887,163,42
113,24,False,False,True,lower_bound,0.31999733935396846,0.3696682965327164,163,43
113,24,False,False,True,midpoint,0.31999733935396846,0.37280425104279935,163,44
113,24,False,False,True,midpoint_with_inhaler,0.31999733935396846,0.37280425104279935,163,45
113,24,False,False,True,upper_bound,0.31999733935396846,0.3687229032651112,163,46
113,24,False,False,True,upper_bound_with_inhaler,0.31999733935396846,0.3687229032651112,163,47
113,24,False,True,False,one_hot,0.06860056196836667,0.06860056196836664,163,48
113,24,False,True,False,lower_bound,0.20631583068107984,0.32650621977717303,163,49
113,24,False,True,False,midpoint,0.20631583068107984,0.3250018443556747,163,50
113,24,False,True,False,midpoint_with_inhaler,0.20631583068107984,0.3250018443556747,163,51
113,24,False,True,False,upper_bound,0.20631583068107984,0.321290979966027,163,52
113,24,False,True,False,upper_bound_with_inhaler,0.20631583068107984,0.321290979966027,163,53
113,24,False,True,True,one_hot,0.06860056196836667,0.06860056196836664,163,54
113,24,False,True,True,lower_bound,0.20631583068107984,0.32650621977717303,163,55
113,24,False,True,True,midpoint,0.20631583068107984,0.3250018443556747,163,56
113,24,False,True,True,midpoint_with_inhaler,0.20631583068107984,0.3250018443556747,163,57
113,24,False,True,True,upper_bound,0.20631583068107984,0.321290979966027,163,58
113,24,False,True,True,upper_bound_with_inhaler,0.20631583068107984,0.321290979966027,163,59
113,24,True,False,False,one_hot,0.14728969626872856,0.1472896962687286,163,60
113,24,True,False,False,lower_bound,0.35032238349238143,0.3682792178358715,163,61
113,24,True,False,False,midpoint,0.35032238349238143,0.3834534398486221,163,62
113,24,True,False,False,midpoint_with_inhaler,0.35032238349238143,0.3834534398486221,163,63
113,24,True,False,False,upper_bound,0.35032238349238143,0.3876778354902334,163,64
113,24,True,False,False,upper_bound_with_inhaler,0.35032238349238143,0.3876778354902334,163,65
113,24,True,False,True,one_hot,0.14728969626872856,0.1472896962687286,163,66
113,24,True,False,True,lower_bound,0.35032238349238143,0.3682792178358715,163,67
113,24,True,False,True,midpoint,0.35032238349238143,0.3834534398486221,163,68
113,24,True,False,True,midpoint_with_inhaler,0.35032238349238143,0.3834534398486221,163,69
113,24,True,False,True,upper_bound,0.35032238349238143,0.3876778354902334,163,70
113,24,True,False,True,upper_bound_with_inhaler,0.35032238349238143,0.3876778354902334,163,71
113,36,False,False,False,one_hot,0.25098712575354015,0.25098712575354015,163,72
113,36,False,False,False,lower_bound,0.40756698918789347,0.4083456336988396,163,73
113,36,False,False,False,midpoint,0.40756698918789347,0.42576815441514737,163,74
113,36,False,False,False,midpoint_with_inhaler,0.40756698918789347,0.4231595456504069,163,75
113,36,False,False,False,upper_bound,0.40756740953100723,0.4292873519762793,163,76
113,36,False,False,False,upper_bound_with_inhaler,0.40756698918789347,0.42846721700926343,163,77
113,36,False,False,True,one_hot,0.25098712575354015,0.25098712575354015,163,78
113,36,False,False,True,lower_bound,0.40756698918789347,0.4083456336988396,163,79
113,36,False,False,True,midpoint,0.40756698918789347,0.42576815441514737,163,80
113,36,False,False,True,midpoint_with_inhaler,0.40756698918789347,0.4231595456504069,163,81
113,36,False,False,True,upper_bound,0.40756740953100723,0.4292873519762793,163,82
113,36,False,False,True,upper_bound_with_inhaler,0.40756698918789347,0.42846721700926343,163,83
113,36,True,False,False,one_hot,0.17376314544140992,0.17376314544141,163,84
113,36,True,False,False,lower_bound,0.27212682325103804,0.32561486587656974,163,85
113,36,True,False,False,midpoint,0.27212682325103804,0.3141858576919574,163,86
113,36,True,False,False,midpoint_with_inhaler,0.27212682325103804,0.3141858576919574,163,87
113,36,True,False,False,upper_bound,0.27212682325103804,0.3032959545111817,163,88
113,36,True,False,False,upper_bound_with_inhaler,0.27212682325103804,0.3032959545111817,163,89
113,36,True,False,True,one_hot,0.17376314544140992,0.17376314544141,163,90
113,36,True,False,True,lower_bound,0.27212682325103804,0.32561486587656974,163,91
113,36,True,False,True,midpoint,0.27212682325103804,0.3141858576919574,163,92
113,36,True,False,True,midpoint_with_inhaler,0.27212682325103804,0.3141858576919574,163,93
113,36,True,False,True,upper_bound,0.27212682325103804,0.3032959545111817,163,94
113,36,True,False,True,upper_bound_with_inhaler,0.27212682325103804,0.3032959545111817,163,95
113,48,False,False,False,one_hot,0.22913973448338862,0.22913973448338873,163,96
113,48,False,False,False,lower_bound,0.3725741072529651,0.37259083681185307,163,97
113,48,False,False,False,midpoint,0.3725741072529651,0.384067552328711,163,98
113,48,False,False,False,midpoint_with_inhaler,0.3725741072529651,0.38199862583739935,163,99
113,48,False,False,False,upper_bound,0.3725751844099738,0.38568814631125287,163,100
113,48,False,False,False,upper_bound_with_inhaler,0.3725741072529651,0.3861507396125487,163,101
113,48,False,False,True,one_hot,0.22913973448338862,0.22913973448338873,163,102
113,48,False,False,True,lower_bound,0.3725741072529651,0.37259083681185307,163,103
113,48,False,False,True,midpoint,0.3725741072529651,0.384067552328711,163,104
113,48,False,False,True,midpoint_with_inhaler,0.3725741072529651,0.38199862583739935,163,105
113,48,False,False,True,upper_bound,0.3725751844099738,0.38568814631125287,163,106
113,48,False,False,True,upper_bound_with_inhaler,0.3725741072529651,0.3861507396125487,163,107
113,48,False,True,False,one_hot,-0.01679962670311668,-0.016799626703116622,163,108
113,48,False,True,False,lower_bound,0.056698873465356917,0.02775779170204194,163,109
113,48,False,True,False,midpoint,0.056698873465356917,0.04010405714464803,163,110
113,48,False,True,False,midpoint_with_inhaler,0.056698873465356917,0.04010405714464803,163,111
113,48,False,True,False,upper_bound,0.056698873465356917,0.048671008480915864,163,112
113,48,False,True,False,upper_bound_with_inhaler,0.056698873465356917,0.048671008480915864,163,113
113,48,False,True,True,one_hot,-0.01679962670311668,-0.016799626703116622,163,114
113,48,False,True,True,lower_bound,0.056698873465356917,0.02775779170204194,163,115
113,48,False,True,True,midpoint,0.056698873465356917,0.04010405714464803,163,116
113,48,False,True,True,midpoint_with_inhaler,0.056698873465356917,0.04010405714464803,163,117
113,48,False,True,True,upper_bound,0.056698873465356917,0.048671008480915864,163,118
113,48,False,True,True,upper_bound_with_inhaler,0.056698873465356917,0.048671008480915864,163,119
113,48,True,False,False,one_hot,0.10601888625742323,0.10601888625742323,163,120
113,48,True,False,False,lower_bound,0.12933432199086,0.13238109834038667,163,121
113,48,True,False,False,midpoint,0.12933432199086,0.14710227228436615,163,122
113,48,True,False,False,midpoint_with_inhaler,0.12933432199086,0.14710227228436615,163,123
113,48,True,False,False,upper_bound,0.12933432199086,0.15681404862291726,163,124
113,48,True,False,False,upper_bound_with_inhaler,0.12933432199086,0.15681404862291726,163,125
113,48,True,False,True,one_hot,0.10601888625742323,0.10601888625742323,163,126
113,48,True,False,True,lower_bound,0.12933432199086,0.13238109834038667,163,127
113,48,True,False,True,midpoint,0.12933432199086,0.14710227228436615,163,128
113,48,True,False,True,midpoint_with_inhaler,0.12933432199086,0.14710227228436615,163,129
113,48,True,False,True,upper_bound,0.12933432199086,0.15681404862291726,163,130
113,48,True,False,True,upper_bound_with_inhaler,0.12933432199086,0.15681404862291726,163,131
190,12,False,False,False,one_hot,-0.032204747435156646,-0.03220474743515664,163,0
190,12,False,False,False,lower_bound,-0.032204747435156646,-0.03220474743515664,163,1
190,12,False,False,False,midpoint,-0.032204747435156646,-0.03220474743515663,163,2
190,12,False,False,False,midpoint_with_inhaler,-0.032204747435156646,-0.03220474743515663,163,3
190,12,False,False,False,upper_bound,-0.032204747435156646,-0.03220474743515664,163,4
190,12,False,False,False,upper_bound_with_inhaler,-0.032204747435156646,-0.03220474743515664,163,5
190,12,False,False,True,one_hot,-0.032204747435156646,-0.03220474743515664,163,6
190,12,False,False,True,lower_bound,-0.032204747435156646,-0.03220474743515664,163,7
190,12,False,False,True,midpoint,-0.032204747435156646,-0.03220474743515663,163,8
190,12,False,False,True,midpoint_with_inhaler,-0.032204747435156646,-0.03220474743515663,163,9
190,12,False,False,True,upper_bound,-0.032204747435156646,-0.03220474743515664,163,10
190,12,False,False,True,upper_bound_with_inhaler,-0.032204747435156646,-0.03220474743515664,163,11
190,12,False,True,False,one_hot,0.01824599032865297,0.01824599032865297,163,12
190,12,False,True,False,lower_bound,0.008006374056679248,-0.021098392579742428,163,13
190,12,False,True,False,midpoint,0.008006374056679248,-0.013102830057476476,163,14
190,12,False,True,False,midpoint_with_inhaler,0.008006374056679248,-0.013102830057476476,163,15
190,12,False,True,False,upper_bound,0.008006374056679248,-0.008291277314893491,163,16
190,12,False,True,False,upper_bound_with_inhaler,0.008006374056679248,-0.008291277314893491,163,17
190,12,False,True,True,one_hot,0.01824599032865297,0.01824599032865297,163,18
190,12,False,True,True,lower_bound,0.008006374056679248,-0.021098392579742428,163,19
190,12,False,True,True,midpoint,0.008006374056679248,-0.013102830057476476,163,20
190,12,False,True,True,midpoint_with_inhaler,0.008006374056679248,-0.013102830057476476,163,21
190,12,False,True,True,upper_bound,0.008006374056679248,-0.008291277314893491,163,22
190,12,False,True,True,upper_bound_with_inhaler,0.008006374056679248,-0.008291277314893491,163,23
190,12,True,False,False,one_hot,-0.06373472775503145,-0.06373472775503143,163,24
190,12,True,False,False,lower_bound,-0.06684166505648513,-0.0705338399269541,163,25
190,12,True,False,False,midpoint,-0.06684166505648513,-0.06961812167338152,163,26
190,12,True,False,False,midpoint_with_inhaler,-0.06684166505648513,-0.06961812167338152,163,27
190,12,True,False,False,upper_bound,-0.06684166505648513,-0.06869749980034237,163,28
190,12,True,False,False,upper_bound_with_inhaler,-0.06684166505648513,-0.06869749980034237,163,29
190,12,True,False,True,one_hot,-0.06373472775503145,-0.06373472775503143,163,30
190,12,True,False,True,lower_bound,-0.06684166505648513,-0.0705338399269541,163,31
190,12,True,False,True,midpoint,-0.06684166505648513,-0.06961812167338152,163,32
190,12,True,False,True,midpoint_with_inhaler,-0.06684166505648513,-0.06961812167338152,163,33
190,12,True,False,True,upper_bound,-0.06684166505648513,-0.06869749980034237,163,34
190,12,True,False,True,upper_bound_with_inhaler,-0.06684166505648513,-0.06869749980034237,163,35
190,24,False,False,False,one_hot,0.06042546437794143,0.06042546437794143,163,36
190,24,False,False,False,lower_bound,0.04430602761535376,0.008586155423807246,163,37
190,24,False,False,False,midpoint,0.04430602761535376,0.023271783608421956,163,38
190,24,False,False,False,midpoint_with_inhaler,0.04430602761535376,0.023271783608421956,163,39
190,24,False,False,False,upper_bound,0.04430602761535376,0.03183297400969905,163,40
190,24,False,False,False,upper_bound_with_inhaler,0.04430602761535376,0.03183297400969905,163,41
190,24,False,False,True,one_hot,0.06042546437794143,0.06042546437794143,163,42
190,24,False,False,True,lower_bound,0.04430602761535376,0.008586155423807246,163,43
190,24,False,False,True,midpoint,0.04430602761535376,0.023271783608421956,163,44
190,24,False,False,True,midpoint_with_inhaler,0.04430602761535376,0.023271783608421956,163,45
190,24,False,False,True,upper_bound,0.04430602761535376,0.03183297400969905,163,46
190,24,False,False,True,upper_bound_with_inhaler,0.04430602761535376,0.03183297400969905,163,47
190,24,False,True,False,one_hot,0.2376255545570558,0.23762555455705583,163,48
190,24,False,True,False,lower_bound,0.2136309102443155,0.13500058762352904,163,49
190,24,False,True,False,midpoint,0.2136309102443155,0.1672960764798529,163,50
190,24,False,True,False,midpoint_with_inhaler,0.2136309102443155,0.1672960764798529,163,51
190,24,False,True,False,upper_bound,0.2136309102443155,0.18509855999816274,163,52
190,24,False,True,False,upper_bound_with_inhaler,0.2136309102443155,0.18509855999816274,163,53
190,24,False,True,True,one_hot,0.2376255545570558,0.23762555455705583,163,54
190,24,False,True,True,lower_bound,0.2136309102443155,0.13500058762352904,163,55
190,24,False,True,True,midpoint,0.2136309102443155,0.1672960764798529,163,56
190,24,False,True,True,midpoint_with_inhaler,0.2136309102443155,0.1672960764798529,163,57
190,24,False,True,True,upper_bound,0.2136309102443155,0.18509855999816274,163,58
190,24,False,True,True,upper_bound_with_inhaler,0.2136309102443155,0.18509855999816274,163,59
190,24,True,False,False,one_hot,0.13470998040601526,0.13470998040601528,163,60
190,24,True,False,False,lower_bound,0.11894820374920685,0.07114498899326632,163,61
190,24,True,False,False,midpoint,0.11894820374920685,0.09123914358207497,163,62
190,24,True,False,False,midpoint_with_inhaler,0.11894820374920685,0.09123914358207497,163,63
190,24,True,False,False,upper_bound,0.11894820374920685,0.10218518056357755,163,64
190,24,True,False,False,upper_bound_with_inhaler,0.11894820374920685,0.10218518056357755,163,65
190,24,True,False,True,one_hot,0.13470998040601526,0.13470998040601528,163,66
190,24,True,False,True,lower_bound,0.11894820374920685,0.07114498899326632,163,67
190,24,True,False,True,midpoint,0.11894820374920685,0.09123914358207497,163,68
190,24,True,False,True,midpoint_with_inhaler,0.11894820374920685,0.09123914358207497,163,69
190,24,True,False,True,upper_bound,0.11894820374920685,0.10218518056357755,163,70
190,24,True,False,True,upper_bound_with_inhaler,0.11894820374920685,0.10218518056357755,163,71
190,36,False,False,False,one_hot,0.10112988274478858,0.10112988274478857,163,72
190,36,False,False,False,lower_bound,0.044943954049566914,-0.016136142046883583,163,73
190,36,False,False,False,midpoint,0.044943954049566914,0.010356229719258571,163,74
190,36,False,False,False,midpoint_with_inhaler,0.044943954049566914,0.010356229719258571,163,75
190,36,False,False,False,upper_bound,0.044943954049566914,0.028233411074776865,163,76
190,36,False,False,False,upper_bound_with_inhaler,0.044943954049566914,0.028233411074776865,163,77
190,36,False,False,True,one_hot,0.10112988274478858,0.10112988274478857,163,78
190,36,False,False,True,lower_bound,0.044943954049566914,-0.016136142046883583,163,79
190,36,False,False,True,midpoint,0.044943954049566914,0.010356229719258571,163,80
190,36,False,False,True,midpoint_with_inhaler,0.044943954049566914,0.010356229719258571,163,81
190,36,False,False,True,upper_bound,0.044943954049566914,0.028233411074776865,163,82
190,36,False,False,True,upper_bound_with_inhaler,0.044943954049566914,0.028233411074776865,163,83
190,36,True,False,False,one_hot,0.1354955494377914,0.1354955494377914,163,84
190,36,True,False,False,lower_bound,0.13259148648079533,0.11808655225308068,163,85
190,36,True,False,False,midpoint,0.13259148648079533,0.12480147372269444,163,86
190,36,True,False,False,midpoint_with_inhaler,0.13259148648079533,0.12480147372269444,163,87
190,36,True,False,False,upper_bound,0.13259148648079533,0.12788186124642728,163,88
190,36,True,False,False,upper_bound_with_inhaler,0.13259148648079533,0.12788186124642728,163,89
190,36,True,False,True,one_hot,0.1354955494377914,0.1354955494377914,163,90
190,36,True,False,True,lower_bound,0.13259148648079533,0.11808655225308068,163,91
190,36,True,False,True,midpoint,0.13259148648079533,0.12480147372269444,163,92
190,36,True,False,True,midpoint_with_inhaler,0.13259148648079533,0.12480147372269444,163,93
190,36,True,False,True,upper_bound,0.13259148648079533,0.12788186124642728,163,94
190,36,True,False,True,upper_bound_with_inhaler,0.13259148648079533,0.12788186124642728,163,95
190,48,False,False,False,one_hot,0.10041448354233946,0.10041448354233942,163,96
190,48,False,False,False,lower_bound,0.09269112224534537,0.0693005702987995,163,97
190,48,False,False,False,midpoint,0.09269112224534537,0.07593149009419416,163,98
190,48,False,False,False,midpoint_with_inhaler,0.09269112224534537,0.07593149009419416,163,99
190,48,False,False,False,upper_bound,0.09269112224534537,0.07968228249685046,163,100
190,48,False,False,False,upper_bound_with_inhaler,0.09269112224534537,0.07968228249685046,163,101
190,48,False,False,True,one_hot,0.10041448354233946,0.10041448354233942,163,102
190,48,False,False,True,lower_bound,0.09269112224534537,0.0693005702987995,163,103
190,48,False,False,True,midpoint,0.09269112224534537,0.07593149009419416,163,104
190,48,False,False,True,midpoint_with_inhaler,0.09269112224534537,0.07593149009419416,163,105
190,48,False,False,True,upper_bound,0.09269112224534537,0.07968228249685046,163,106
190,48,False,False,True,upper_bound_with_inhaler,0.09269112224534537,0.07968228249685046,163,107
190,48,False,True,False,one_hot,0.13600294089129425,0.13600294089129433,163,108
190,48,False,True,False,lower_bound,0.14079218918915593,0.11904127764395095,163,109
190,48,False,True,False,midpoint,0.14079218918915593,0.12196896362816838,163,110
190,48,False,True,False,midpoint_with_inhaler,0.14079218918915593,0.12196896362816838,163,111
190,48,False,True,False,upper_bound,0.14079218918915593,0.12272011552473201,163,112
190,48,False,True,False,upper_bound_with_inhaler,0.14079218918915593,0.12272011552473201,163,113
190,48,False,True,True,one_hot,0.13600294089129425,0.13600294089129433,163,114
190,48,False,True,True,lower_bound,0.14079218918915593,0.11904127764395095,163,115
190,48,False,True,True,midpoint,0.14079218918915593,0.12196896362816838,163,116
190,48,False,True,True,midpoint_with_inhaler,0.14079218918915593,0.12196896362816838,163,117
190,48,False,True,True,upper_bound,0.14079218918915593,0.12272011552473201,163,118
190,48,False,True,True,upper_bound_with_inhaler,0.14079218918915593,0.12272011552473201,163,119
190,48,True,False,False,one_hot,0.18648473826099327,0.18648473826099324,163,120
190,48,True,False,False,lower_bound,0.18129013537567873,0.1504271596044243,163,121
190,48,True,False,False,midpoint,0.18129013537567873,0.1656550465196635,163,122
190,48,True,False,False,midpoint_with_inhaler,0.18129013537567873,0.1656550465196635,163,123
190,48,True,False,False,upper_bound,0.18129013537567873,0.17302731927049134,163,124
190,48,True,False,False,upper_bound_with_inhaler,0.18129013537567873,0.17302731927049134,163,125
190,48,True,False,True,one_hot,0.18648473826099327,0.18648473826099324,163,126
190,48,True,False,True,lower_bound,0.18129013537567873,0.1504271596044243,163,127
190,48,True,False,True,midpoint,0.18129013537567873,0.1656550465196635,163,128
190,48,True,False,True,midpoint_with_inhaler,0.18129013537567873,0.1656550465196635,163,129
190,48,True,False,True,upper_bound,0.18129013537567873,0.17302731927049134,163,130
190,48,True,False,True,upper_bound_with_inhaler,0.18129013537567873,0.17302731927049134,163,131
294,12,False,False,False,one_hot,0.16989285149605582,0.16989285149605582,173,0
294,12,False,False,False,lower_bound,0.2501029883568279,0.26636228949116253,173,1
294,12,False,False,False,midpoint,0.2501029883568279,0.2665544193276864,173,2
294,12,False,False,False,midpoint_with_inhaler,0.2501029883568279,0.2665544193276864,173,3
294,12,False,False,False,upper_bound,0.2501029883568279,0.2627135319597088,173,4
294,12,False,False,False,upper_bound_with_inhaler,0.2501029883568279,0.2627135319597088,173,5
294,12,False,False,True,one_hot,0.16989285149605582,0.16989285149605582,173,6
294,12,False,False,True,lower_bound,0.2501029883568279,0.26636228949116253,173,7
294,12,False,False,True,midpoint,0.2501029883568279,0.2665544193276864,173,8
294,12,False,False,True,midpoint_with_inhaler,0.2501029883568279,0.2665544193276864,173,9
294,12,False,False,True,upper_bound,0.2501029883568279,0.2627135319597088,173,10
294,12,False,False,True,upper_bound_with_inhaler,0.2501029883568279,0.2627135319597088,173,11
294,12,False,True,False,one_hot,,,173,12
294,12,False,True,False,lower_bound,0.5361499388771553,0.4799936858964841,173,13
294,12,False,True,False,midpoint,0.5361499388771553,0.5081831213507694,173,14
294,12,False,True,False,midpoint_with_inhaler,0.5361499388771553,0.5081831213507694,173,15
294,12,False,True,False,upper_bound,0.5361499388771553,0.5202276705854186,173,16
294,12,False,True,False,upper_bound_with_inhaler,0.5361499388771553,0.5202276705854186,173,17
294,12,False,True,True,one_hot,,,173,18
294,12,False,True,True,lower_bound,0.5361499388771553,0.4799936858964841,173,19
294,12,False,True,True,midpoint,0.5361499388771553,0.5081831213507694,173,20
294,12,False,True,True,midpoint_with_inhaler,0.5361499388771553,0.5081831213507694,173,21
294,12,False,True,True,upper_bound,0.5361499388771553,0.5202276705854186,173,22
294,12,False,True,True,upper_bound_with_inhaler,0.5361499388771553,0.5202276705854186,173,23
294,12,True,False,False,one_hot,,,173,24
294,12,True,False,False,lower_bound,0.5466938209308313,0.4957612645970575,173,25
294,12,True,False,False,midpoint,0.5466938209308313,0.5287264440659923,173,26
294,12,True,False,False,midpoint_with_inhaler,0.5466938209308313,0.5275915995846708,173,27
294,12,True,False,False,upper_bound,0.5463020582761517,0.5410790307900697,173,28
294,12,True,False,False,upper_bound_with_inhaler,0.5466938209308313,0.5397274199465145,173,29
294,12,True,False,True,one_hot,,,173,30
294,12,True,False,True,lower_bound,0.5466938209308313,0.4957612645970575,173,31
294,12,True,False,True,midpoint,0.5466938209308313,0.5287264440659923,173,32
294,12,True,False,True,midpoint_with_inhaler,0.5466938209308313,0.5275915995846708,173,33
294,12,True,False,True,upper_bound,0.5463020582761517,0.5410790307900697,173,34
294,12,True,False,True,upper_bound_with_inhaler,0.5466938209308313,0.5397274199465145,173,35
294,24,False,False,False,one_hot,,,173,36
294,24,False,False,False,lower_bound,0.6449371104272762,0.6231683583145872,173,37
294,24,False,False,False,midpoint,0.6449371104272762,0.6339564658799265,173,38
294,24,False,False,False,midpoint_with_inhaler,0.6449371104272762,0.6370243551604226,173,39
294,24,False,False,False,upper_bound,0.6409835412553921,0.6252848403436425,173,40
294,24,False,False,False,upper_bound_with_inhaler,0.6449371104272762,0.6348989671243168,173,41
294,24,False,False,True,one_hot,,,173,42
294,24,False,False,True,lower_bound,0.6449371104272762,0.6231683583145872,173,43
294,24,False,False,True,midpoint,0.6449371104272762,0.6339564658799265,173,44
294,24,False,False,True,midpoint_with_inhaler,0.6449371104272762,0.6370243551604226,173,45
294,24,False,False,True,upper_bound,0.6409835412553921,0.6252848403436425,173,46
294,24,False,False,True,upper_bound_with_inhaler,0.6449371104272762,0.6348989671243168,173,47
294,24,False,True,False,one_hot,0.3377744803428151,0.33777448034281515,173,48
294,24,False,True,False,lower_bound,0.48638290363279874,0.46026199763961373,173,49
294,24,False,True,False,midpoint,0.48638290363279874,0.4842237397447183,173,50
294,24,False,True,False,midpoint_with_inhaler,0.48638290363279874,0.4842237397447183,173,51
294,24,False,True,False,upper_bound,0.48638290363279874,0.496218140013343,173,52
294,24,False,True,False,upper_bound_with_inhaler,0.48638290363279874,0.496218140013343,173,53
294,24,False,True,True,one_hot,0.3377744803428151,0.33777448034281515,173,54
294,24,False,True,True,lower_bound,0.48638290363279874,0.46026199763961373,173,55
294,24,False,True,True,midpoint,0.48638290363279874,0.4842237397447183,173,56
294,24,False,True,True,midpoint_with_inhaler,0.48638290363279874,0.4842237397447183,173,57
294,24,False,True,True,upper_bound,0.48638290363279874,0.496218140013343,173,58
294,24,False,True,True,upper_bound_with_inhaler,0.48638290363279874,0.496218140013343,173,59
294,24,True,False,False,one_hot,,,173,60
294,24,True,False,False,lower_bound,0.6706556625718073,0.6713504036838087,173,61
294,24,True,False,False,midpoint,0.6706556625718073,0.6755155221815016,173,62
294,24,True,False,False,midpoint_with_inhaler,0.6706556625718073,0.6772096259435959,173,63
294,24,True,False,False,upper_bound,0.6677548052575353,0.6592338938370643,173,64
294,24,True,False,False,upper_bound_with_inhaler,0.6706556625718073,0.6678771421330842,173,65
294,24,True,False,True,one_hot,,,173,66
294,24,True,False,True,lower_bound,0.6706556625718073,0.6713504036838087,173,67
294,24,True,False,True,midpoint,0.6706556625718073,0.6755155221815016,173,68
294,24,True,False,True,midpoint_with_inhaler,0.6706556625718073,0.6772096259435959,173,69
294,24,True,False,True,upper_bound,0.6677548052575353,0.6592338938370643,173,70
294,24,True,False,True,upper_bound_with_inhaler,0.6706556625718073,0.6678771421330842,173,71
294,36,False,False,False,one_hot,,,173,72
294,36,False,False,False,lower_bound,0.5146285304352712,0.5150723706777217,173,73
294,36,False,False,False,midpoint,0.5146285304352712,0.5210435649063888,173,74
294,36,False,False,False,midpoint_with_inhaler,0.5146285304352712,0.5309847063782182,173,75
294,36,False,False,False,upper_bound,0.47410055700797726,0.5036226248989633,173,76
294,36,False,False,False,upper_bound_with_inhaler,0.5146285304352712,0.5180676073272169,173,77
294,36,False,False,True,one_hot,,,173,78
294,36,False,False,True,lower_bound,0.5146285304352712,0.5150723706777217,173,79
294,36,False,False,True,midpoint,0.5146285304352712,0.5210435649063888,173,80
294,36,False,False,True,midpoint_with_inhaler,0.5146285304352712,0.5309847063782182,173,81
294,36,False,False,True,upper_bound,0.47410055700797726,0.5036226248989633,173,82
294,36,False,False,True,upper_bound_with_inhaler,0.5146285304352712,0.5180676073272169,173,83
294,36,True,False,False,one_hot,,,173,84
294,36,True,False,False,lower_bound,0.4141024831705172,0.38974942582896294,173,85
294,36,True,False,False,midpoint,0.4141024831705172,0.40438261166515427,173,86
294,36,True,False,False,midpoint_with_inhaler,0.4141024831705172,0.40649942828364133,173,87
294,36,True,False,False,upper_bound,0.4113439145762433,0.4125475371860704,173,88
294,36,True,False,False,upper_bound_with_inhaler,0.4141024831705172,0.4194892329718256,173,89
294,36,True,False,True,one_hot,,,173,90
294,36,True,False,True,lower_bound,0.4141024831705172,0.38974942582896294,173,91
294,36,True,False,True,midpoint,0.4141024831705172,0.40438261166515427,173,92
294,36,True,False,True,midpoint_with_inhaler,0.4141024831705172,0.40649942828364133,173,93
294,36,True,False,True,upper_bound,0.4113439145762433,0.4125475371860704,173,94
294,36,True,False,True,upper_bound_with_inhaler,0.4141024831705172,0.4194892329718256,173,95
294,48,False,False,False,one_hot,,,173,96
294,48,False,False,False,lower_bound,0.7219399709555444,0.699796339862266,173,97
294,48,False,False,False,midpoint,0.7219399709555444,0.6768697389907364,173,98
294,48,False,False,False,midpoint_with_inhaler,0.7219399709555444,0.7166725868180028,173,99
294,48,False,False,False,upper_bound,0.6303983517058281,0.5941952866510555,173,100
294,48,False,False,False,upper_bound_with_inhaler,0.7219399709555444,0.690156126169793,173,101
294,48,False,False,True,one_hot,,,173,102
294,48,False,False,True,lower_bound,0.7219399709555444,0.699796339862266,173,103
294,48,False,False,True,midpoint,0.7219399709555444,0.6768697389907364,173,104
294,48,False,False,True,midpoint_with_inhaler,0.7219399709555444,0.7166725868180028,173,105
294,48,False,False,True,upper_bound,0.6303983517058281,0.5941952866510555,173,106
294,48,False,False,True,upper_bound_with_inhaler,0.7219399709555444,0.690156126169793,173,107
294,48,False,True,False,one_hot,,,173,108
294,48,False,True,False,lower_bound,0.3191036601662795,0.33500243986203593,173,109
294,48,False,True,False,midpoint,0.3191036601662795,0.3346520864945234,173,110
294,48,False,True,False,midpoint_with_inhaler,0.3191036601662795,0.33466204669463767,173,111
294,48,False,True,False,upper_bound,0.3186150764105867,0.3268492055563252,173,112
294,48,False,True,False,upper_bound_with_inhaler,0.3191036601662795,0.32789616150871476,173,113
294,48,False,True,True,one_hot,,,173,114
294,48,False,True,True,lower_bound,0.3191036601662795,0.33500243986203593,173,115
294,48,False,True,True,midpoint,0.3191036601662795,0.3346520864945234,173,116
294,48,False,True,True,midpoint_with_inhaler,0.3191036601662795,0.33466204669463767,173,117
294,48,False,True,True,upper_bound,0.3186150764105867,0.3268492055563252,173,118
294,48,False,True,True,upper_bound_with_inhaler,0.3191036601662795,0.32789616150871476,173,119
294,48,True,False,False,one_hot,,,173,120
294,48,True,False,False,lower_bound,0.4454361480148916,0.413974895975729,173,121
294,48,True,False,False,midpoint,0.4454361480148916,0.4440482639662955,173,122
294,48,True,False,False,midpoint_with_inhaler,0.4454361480148916,0.4405261577559611,173,123
294,48,True,False,False,upper_bound,0.44445846005783496,0.4520238787487697,173,124
294,48,True,False,False,upper_bound_with_inhaler,0.4454361480148916,0.45154095735974376,173,125
294,48,True,False,True,one_hot,,,173,126
294,48,True,False,True,lower_bound,0.4454361480148916,0.413974895975729,173,127
294,48,True,False,True,midpoint,0.4454361480148916,0.4440482639662955,173,128
294,48,True,False,True,midpoint_with_inhaler,0.4454361480148916,0.4405261577559611,173,129
294,48,True,False,True,upper_bound,0.44445846005783496,0.4520238787487697,173,130
294,48,True,False,True,upper_bound_with_inhaler,0.4454361480148916,0.45154095735974376,173,131
328,12,False,False,False,one_hot,0.46781943971770057,0.46781943971770057,17,0
328,12,False,False,False,lower_bound,0.407136748606583,0.10916362267706378,17,1
328,12,False,False,False,midpoint,0.407136748606583,0.13815190612589662,17,2
328,12,False,False,False,midpoint_with_inhaler,0.407136748606583,0.13815190612589662,17,3
328,12,False,False,False,upper_bound,0.407136748606583,0.15566111481842884,17,4
328,12,False,False,False,upper_bound_with_inhaler,0.407136748606583,0.15566111481842884,17,5
328,12,False,False,True,one_hot,0.46781943971770057,0.46781943971770057,17,6
328,12,False,False,True,lower_bound,0.407136748606583,0.10916362267706378,17,7
328,12,False,False,True,midpoint,0.407136748606583,0.13815190612589662,17,8
328,12,False,False,True,midpoint_with_inhaler,0.407136748606583,0.13815190612589662,17,9
328,12,False,False,True,upper_bound,0.407136748606583,0.15566111481842884,17,10
328,12,False,False,True,upper_bound_with_inhaler,0.407136748606583,0.15566111481842884,17,11
328,12,False,True,False,one_hot,0.40861767640633306,0.40861767640633306,17,12
328,12,False,True,False,lower_bound,0.35030968983465455,0.091541943648056,17,13
328,12,False,True,False,midpoint,0.35030968983465455,0.11810949303390353,17,14
328,12,False,True,False,midpoint_with_inhaler,0.35030968983465455,0.11810949303390353,17,15
328,12,False,True,False,upper_bound,0.35030968983465455,0.13413199329733963,17,16
328,12,False,True,False,upper_bound_with_inhaler,0.35030968983465455,0.13413199329733963,17,17
328,12,False,True,True,one_hot,0.40861767640633306,0.40861767640633306,17,18
328,12,False,True,True,lower_bound,0.35030968983465455,0.091541943648056,17,19
328,12,False,True,True,midpoint,0.35030968983465455,0.11810949303390353,17,20
328,12,False,True,True,midpoint_with_inhaler,0.35030968983465455,0.11810949303390353,17,21
328,12,False,True,True,upper_bound,0.35030968983465455,0.13413199329733963,17,22
328,12,False,True,True,upper_bound_with_inhaler,0.35030968983465455,0.13413199329733963,17,23
328,12,True,False,False,one_hot,0.3589231765582063,0.3589231765582063,17,24
328,12,True,False,False,lower_bound,0.3015658449222599,0.07390537518759716,17,25
328,12,True,False,False,midpoint,0.3015658449222599,0.09819012452940577,17,26
328,12,True,False,False,midpoint_with_inhaler,0.3015658449222599,0.09819012452940577,17,27
328,12,True,False,False,upper_bound,0.3015658449222599,0.11284318271571442,17,28
328,12,True,False,False,upper_bound_with_inhaler,0.3015658449222599,0.11284318271571442,17,29
328,12,True,False,True,one_hot,0.3589231765582063,0.3589231765582063,17,30
328,12,True,False,True,lower_bound,0.3015658449222599,0.07390537518759716,17,31
328,12,True,False,True,midpoint,0.3015658449222599,0.09819012452940577,17,32
328,12,True,False,True,midpoint_with_inhaler,0.3015658449222599,0.09819012452940577,17,33
328,12,True,False,True,upper_bound,0.3015658449222599,0.11284318271571442,17,34
328,12,True,False,True,upper_bound_with_inhaler,0.3015658449222599,0.11284318271571442,17,35
328,24,False,False,False,one_hot,0.2053880046330666,0.20538800463306664,17,36
328,24,False,False,False,lower_bound,0.1409816090245673,0.0,17,37
328,24,False,False,False,midpoint,0.1409816090245673,0.015202496684727049,17,38
328,24,False,False,False,midpoint_with_inhaler,0.1409816090245673,0.015202496684727049,17,39
328,24,False,False,False,upper_bound,0.1409816090245673,0.0246232733987315,17,40
328,24,False,False,False,upper_bound_with_inhaler,0.1409816090245673,0.0246232733987315,17,41
328,24,False,False,True,one_hot,0.2053880046330666,0.20538800463306664,17,42
328,24,False,False,True,lower_bound,0.1409816090245673,0.0,17,43
328,24,False,False,True,midpoint,0.1409816090245673,0.015202496684727049,17,44
328,24,False,False,True,midpoint_with_inhaler,0.1409816090245673,0.015202496684727049,17,45
328,24,False,False,True,upper_bound,0.1409816090245673,0.0246232733987315,17,46
328,24,False,False,True,upper_bound_with_inhaler,0.1409816090245673,0.0246232733987315,17,47
328,24,False,True,False,one_hot,0.40861767640633306,0.4086176764063331,17,48
328,24,False,True,False,lower_bound,0.35030968983465455,0.19742160566047043,17,49
328,24,False,True,False,midpoint,0.35030968983465455,0.25642701467334883,17,50
328,24,False,True,False,midpoint_with_inhaler,0.35030968983465455,0.25642701467334883,17,51
328,24,False,True,False,upper_bound,0.35030968983465455,0.2917348229231095,17,52
328,24,False,True,False,upper_bound_with_inhaler,0.35030968983465455,0.2917348229231095,17,53
328,24,False,True,True,one_hot,0.40861767640633306,0.4086176764063331,17,54
328,24,False,True,True,lower_bound,0.35030968983465455,0.19742160566047043,17,55
328,24,False,True,True,midpoint,0.35030968983465455,0.25642701467334883,17,56
328,24,False,True,True,midpoint_with_inhaler,0.35030968983465455,0.25642701467334883,17,57
328,24,False,True,True,upper_bound,0.35030968983465455,0.2917348229231095,17,58
328,24,False,True,True,upper_bound_with_inhaler,0.35030968983465455,0.2917348229231095,17,59
328,24,True,False,False,one_hot,0.40861767640633306,0.4086176764063331,17,60
328,24,True,False,False,lower_bound,0.35030968983465455,0.09154194364805601,17,61
328,24,True,False,False,midpoint,0.35030968983465455,0.11810949303390353,17,62
328,24,True,False,False,midpoint_with_inhaler,0.35030968983465455,0.11810949303390353,17,63
328,24,True,False,False,upper_bound,0.35030968983465455,0.13413199329733966,17,64
328,24,True,False,False,upper_bound_with_inhaler,0.35030968983465455,0.13413199329733966,17,65
328,24,True,False,True,one_hot,0.40861767640633306,0.4086176764063331,17,66
328,24,True,False,True,lower_bound,0.35030968983465455,0.09154194364805601,17,67
328,24,True,False,True,midpoint,0.35030968983465455,0.11810949303390353,17,68
328,24,True,False,True,midpoint_with_inhaler,0.35030968983465455,0.11810949303390353,17,69
328,24,True,False,True,upper_bound,0.35030968983465455,0.13413199329733966,17,70
328,24,True,False,True,upper_bound_with_inhaler,0.35030968983465455,0.13413199329733966,17,71
328,36,False,False,False,one_hot,0.2765186331416562,0.27651863314165603,17,72
328,36,False,False,False,lower_bound,0.21784802012063625,0.03798457769888642,17,73
328,36,False,False,False,midpoint,0.21784802012063625,0.05786730990049289,17,74
328,36,False,False,False,midpoint_with_inhaler,0.21784802012063625,0.05786730990049289,17,75
328,36,False,False,False,upper_bound,0.21784802012063625,0.06995692902927214,17,76
328,36,False,False,False,upper_bound_with_inhaler,0.21784802012063625,0.06995692902927214,17,77
328,36,False,False,True,one_hot,0.2765186331416562,0.27651863314165603,17,78
328,36,False,False,True,lower_bound,0.21784802012063625,0.03798457769888642,17,79
328,36,False,False,True,midpoint,0.21784802012063625,0.05786730990049289,17,80
328,36,False,False,True,midpoint_with_inhaler,0.21784802012063625,0.05786730990049289,17,81
328,36,False,False,True,upper_bound,0.21784802012063625,0.06995692902927214,17,82
328,36,False,False,True,upper_bound_with_inhaler,0.21784802012063625,0.06995692902927214,17,83
328,36,True,False,False,one_hot,0.3589231765582063,0.3589231765582063,17,84
328,36,True,False,False,lower_bound,0.3589231765582063,0.3589231765582063,17,85
328,36,True,False,False,midpoint,0.3589231765582063,0.35892317655820616,17,86
328,36,True,False,False,midpoint_with_inhaler,0.3589231765582063,0.35892317655820616,17,87
328,36,True,False,False,upper_bound,0.3589231765582063,0.3589231765582063,17,88
328,36,True,False,False,upper_bound_with_inhaler,0.3589231765582063,0.3589231765582063,17,89
328,36,True,False,True,one_hot,0.3589231765582063,0.3589231765582063,17,90
328,36,True,False,True,lower_bound,0.3589231765582063,0.3589231765582063,17,91
328,36,True,False,True,midpoint,0.3589231765582063,0.35892317655820616,17,92
328,36,True,False,True,midpoint_with_inhaler,0.3589231765582063,0.35892317655820616,17,93
328,36,True,False,True,upper_bound,0.3589231765582063,0.3589231765582063,17,94
328,36,True,False,True,upper_bound_with_inhaler,0.3589231765582063,0.3589231765582063,17,95
328,48,False,False,False,one_hot,0.24021864728926093,0.24021864728926104,17,96
328,48,False,False,False,lower_bound,0.1278327286988282,-0.017735031727216626,17,97
328,48,False,False,False,midpoint,0.1278327286988282,0.006981011874754349,17,98
328,48,False,False,False,midpoint_with_inhaler,0.1278327286988282,0.006981011874754349,17,99
328,48,False,False,False,upper_bound,0.1278327286988282,0.02291545681928885,17,100
328,48,False,False,False,upper_bound_with_inhaler,0.1278327286988282,0.02291545681928885,17,101
328,48,False,False,True,one_hot,0.24021864728926093,0.24021864728926104,17,102
328,48,False,False,True,lower_bound,0.1278327286988282,-0.017735031727216626,17,103
328,48,False,False,True,midpoint,0.1278327286988282,0.006981011874754349,17,104
328,48,False,False,True,midpoint_with_inhaler,0.1278327286988282,0.006981011874754349,17,105
328,48,False,False,True,upper_bound,0.1278327286988282,0.02291545681928885,17,106
328,48,False,False,True,upper_bound_with_inhaler,0.1278327286988282,0.02291545681928885,17,107
328,48,False,True,False,one_hot,-0.06555913024741908,-0.06555913024741908,17,108
328,48,False,True,False,lower_bound,-0.06555913024741908,-0.06555913024741908,17,109
328,48,False,True,False,midpoint,-0.06555913024741908,-0.06555913024741904,17,110
328,48,False,True,False,midpoint_with_inhaler,-0.06555913024741908,-0.06555913024741904,17,111
328,48,False,True,False,upper_bound,-0.06555913024741908,-0.06555913024741908,17,112
328,48,False,True,False,upper_bound_with_inhaler,-0.06555913024741908,-0.06555913024741908,17,113
328,48,False,True,True,one_hot,-0.06555913024741908,-0.06555913024741908,17,114
328,48,False,True,True,lower_bound,-0.06555913024741908,-0.06555913024741908,17,115
328,48,False,True,True,midpoint,-0.06555913024741908,-0.06555913024741904,17,116
328,48,False,True,True,midpoint_with_inhaler,-0.06555913024741908,-0.06555913024741904,17,117
328,48,False,True,True,upper_bound,-0.06555913024741908,-0.06555913024741908,17,118
328,48,False,True,True,upper_bound_with_inhaler,-0.06555913024741908,-0.06555913024741908,17,119
328,48,True,False,False,one_hot,0.021519895527224667,0.021519895527224657,17,120
328,48,True,False,False,lower_bound,0.021519895527224667,0.021519895527224657,17,121
328,48,True,False,False,midpoint,0.021519895527224667,0.0215198955272247,17,122
328,48,True,False,False,midpoint_with_inhaler,0.021519895527224667,0.0215198955272247,17,123
328,48,True,False,False,upper_bound,0.021519895527224667,0.021519895527224657,17,124
328,48,True,False,False,upper_bound_with_inhaler,0.021519895527224667,0.021519895527224657,17,125
328,48,True,False,True,one_hot,0.021519895527224667,0.021519895527224657,17,126
328,48,True,False,True,lower_bound,0.021519895527224667,0.021519895527224657,17,127
328,48,True,False,True,midpoint,0.021519895527224667,0.0215198955272247,17,128
328,48,True,False,True,midpoint_with_inhaler,0.021519895527224667,0.0215198955272247,17,129
328,48,True,False,True,upper_bound,0.021519895527224667,0.021519895527224657,17,130
328,48,True,False,True,upper_bound_with_inhaler,0.021519895527224667,0.021519895527224657,17,131
343,12,False,False,False,one_hot,0.24603828279981066,0.2460382827998107,173,0
343,12,False,False,False,lower_bound,0.24603828279981066,0.2460382827998107,173,1
343,12,False,False,False,midpoint,0.24603828279981066,0.24603828279981066,173,2
343,12,False,False,False,midpoint_with_inhaler,0.24603828279981066,0.24603828279981066,173,3
343,12,False,False,False,upper_bound,0.24603828279981066,0.2460382827998107,173,4
343,12,False,False,False,upper_bound_with_inhaler,0.24603828279981066,0.2460382827998107,173,5
343,12,False,False,True,one_hot,0.24603828279981066,0.2460382827998107,173,6
343,12,False,False,True,lower_bound,0.24603828279981066,0.2460382827998107,173,7
343,12,False,False,True,midpoint,0.24603828279981066,0.24603828279981066,173,8
343,12,False,False,True,midpoint_with_inhaler,0.24603828279981066,0.24603828279981066,173,9
343,12,False,False,True,upper_bound,0.24603828279981066,0.2460382827998107,173,10
343,12,False,False,True,upper_bound_with_inhaler,0.24603828279981066,0.2460382827998107,173,11
343,12,False,True,False,one_hot,0.39104791359962304,0.39104791359962304,173,12
343,12,False,True,False,lower_bound,0.39104791359962304,0.39104791359962304,173,13
343,12,False,True,False,midpoint,0.39104791359962304,0.39104791359962304,173,14
343,12,False,True,False,midpoint_with_inhaler,0.39104791359962304,0.39104791359962304,173,15
343,12,False,True,False,upper_bound,0.39104791359962304,0.39104791359962304,173,16
343,12,False,True,False,upper_bound_with_inhaler,0.39104791359962304,0.39104791359962304,173,17
343,12,False,True,True,one_hot,0.39104791359962304,0.39104791359962304,173,18
343,12,False,True,True,lower_bound,0.39104791359962304,0.39104791359962304,173,19
343,12,False,True,True,midpoint,0.39104791359962304,0.39104791359962304,173,20
343,12,False,True,True,midpoint_with_inhaler,0.39104791359962304,0.39104791359962304,173,21
343,12,False,True,True,upper_bound,0.39104791359962304,0.39104791359962304,173,22
343,12,False,True,True,upper_bound_with_inhaler,0.39104791359962304,0.39104791359962304,173,23
343,12,True,False,False,one_hot,0.36318244320134563,0.36318244320134563,173,24
343,12,True,False,False,lower_bound,0.36318244320134563,0.36318244320134563,173,25
343,12,True,False,False,midpoint,0.36318244320134563,0.36318244320134563,173,26
343,12,True,False,False,midpoint_with_inhaler,0.36318244320134563,0.36318244320134563,173,27
343,12,True,False,False,upper_bound,0.36318244320134563,0.36318244320134563,173,28
343,12,True,False,False,upper_bound_with_inhaler,0.36318244320134563,0.36318244320134563,173,29
343,12,True,False,True,one_hot,0.36318244320134563,0.36318244320134563,173,30
343,12,True,False,True,lower_bound,0.36318244320134563,0.36318244320134563,173,31
343,12,True,False,True,midpoint,0.36318244320134563,0.36318244320134563,173,32
343,12,True,False,True,midpoint_with_inhaler,0.36318244320134563,0.36318244320134563,173,33
343,12,True,False,True,upper_bound,0.36318244320134563,0.36318244320134563,173,34
343,12,True,False,True,upper_bound_with_inhaler,0.36318244320134563,0.36318244320134563,173,35
343,24,False,False,False,one_hot,0.307499020058678,0.307499020058678,173,36
343,24,False,False,False,lower_bound,0.3135442375706289,0.34153972138579747,173,37
343,24,False,False,False,midpoint,0.3135442375706289,0.3351333972706247,173,38
343,24,False,False,False,midpoint_with_inhaler,0.3135442375706289,0.3351333972706247,173,39
343,24,False,False,False,upper_bound,0.3135442375706289,0.3301831788226488,173,40
343,24,False,False,False,upper_bound_with_inhaler,0.3135442375706289,0.3301831788226488,173,41
343,24,False,False,True,one_hot,0.307499020058678,0.307499020058678,173,42
343,24,False,False,True,lower_bound,0.3135442375706289,0.34153972138579747,173,43
343,24,False,False,True,midpoint,0.3135442375706289,0.3351333972706247,173,44
343,24,False,False,True,midpoint_with_inhaler,0.3135442375706289,0.3351333972706247,173,45
343,24,False,False,True,upper_bound,0.3135442375706289,0.3301831788226488,173,46
343,24,False,False,True,upper_bound_with_inhaler,0.3135442375706289,0.3301831788226488,173,47
343,24,False,True,False,one_hot,0.1913568276609135,0.19135682766091355,173,48
343,24,False,True,False,lower_bound,0.1913568276609135,0.19135682766091355,173,49
343,24,False,True,False,midpoint,0.1913568276609135,0.19135682766091355,173,50
343,24,False,True,False,midpoint_with_inhaler,0.1913568276609135,0.19135682766091355,173,51
343,24,False,True,False,upper_bound,0.1913568276609135,0.19135682766091355,173,52
343,24,False,True,False,upper_bound_with_inhaler,0.1913568276609135,0.19135682766091355,173,53
343,24,False,True,True,one_hot,0.1913568276609135,0.19135682766091355,173,54
343,24,False,True,True,lower_bound,0.1913568276609135,0.19135682766091355,173,55
343,24,False,True,True,midpoint,0.1913568276609135,0.19135682766091355,173,56
343,24,False,True,True,midpoint_with_inhaler,0.1913568276609135,0.19135682766091355,173,57
343,24,False,True,True,upper_bound,0.1913568276609135,0.19135682766091355,173,58
343,24,False,True,True,upper_bound_with_inhaler,0.1913568276609135,0.19135682766091355,173,59
343,24,True,False,False,one_hot,0.27298292488042386,0.27298292488042386,173,60
343,24,True,False,False,lower_bound,0.28027548232084676,0.3103458856397606,173,61
343,24,True,False,False,midpoint,0.28027548232084676,0.30193492211207457,173,62
343,24,True,False,False,midpoint_with_inhaler,0.28027548232084676,0.30193492211207457,173,63
343,24,True,False,False,upper_bound,0.28027548232084676,0.2962616906135351,173,64
343,24,True,False,False,upper_bound_with_inhaler,0.28027548232084676,0.2962616906135351,173,65
343,24,True,False,True,one_hot,0.27298292488042386,0.27298292488042386,173,66
343,24,True,False,True,lower_bound,0.28027548232084676,0.3103458856397606,173,67
343,24,True,False,True,midpoint,0.28027548232084676,0.30193492211207457,173,68
343,24,True,False,True,midpoint_with_inhaler,0.28027548232084676,0.30193492211207457,173,69
343,24,True,False,True,upper_bound,0.28027548232084676,0.2962616906135351,173,70
343,24,True,False,True,upper_bound_with_inhaler,0.28027548232084676,0.2962616906135351,173,71
343,36,False,False,False,one_hot,0.2641981302079727,0.2641981302079727,173,72
343,36,False,False,False,lower_bound,0.265760556380141,0.24930095497623028,173,73
343,36,False,False,False,midpoint,0.265760556380141,0.2593235912727081,173,74
343,36,False,False,False,midpoint_with_inhaler,0.265760556380141,0.2593235912727081,173,75
343,36,False,False,False,upper_bound,0.265760556380141,0.2629517997023644,173,76
343,36,False,False,False,upper_bound_with_inhaler,0.265760556380141,0.2629517997023644,173,77
343,36,False,False,True,one_hot,0.2641981302079727,0.2641981302079727,173,78
343,36,False,False,True,lower_bound,0.265760556380141,0.24930095497623028,173,79
343,36,False,False,True,midpoint,0.265760556380141,0.2593235912727081,173,80
343,36,False,False,True,midpoint_with_inhaler,0.265760556380141,0.2593235912727081,173,81
343,36,False,False,True,upper_bound,0.265760556380141,0.2629517997023644,173,82
343,36,False,False,True,upper_bound_with_inhaler,0.265760556380141,0.2629517997023644,173,83
343,36,True,False,False,one_hot,0.05331496439752216,0.053314964397522153,173,84
343,36,True,False,False,lower_bound,0.05331496439752216,0.053314964397522153,173,85
343,36,True,False,False,midpoint,0.05331496439752216,0.05331496439752216,173,86
343,36,True,False,False,midpoint_with_inhaler,0.05331496439752216,0.05331496439752216,173,87
343,36,True,False,False,upper_bound,0.05331496439752216,0.053314964397522153,173,88
343,36,True,False,False,upper_bound_with_inhaler,0.05331496439752216,0.053314964397522153,173,89
343,36,True,False,True,one_hot,0.05331496439752216,0.053314964397522153,173,90
343,36,True,False,True,lower_bound,0.05331496439752216,0.053314964397522153,173,91
343,36,True,False,True,midpoint,0.05331496439752216,0.05331496439752216,173,92
343,36,True,False,True,midpoint_with_inhaler,0.05331496439752216,0.05331496439752216,173,93
343,36,True,False,True,upper_bound,0.05331496439752216,0.053314964397522153,173,94
343,36,True,False,True,upper_bound_with_inhaler,0.05331496439752216,0.053314964397522153,173,95
343,48,False,False,False,one_hot,0.30240553158490946,0.30240553158490946,173,96
343,48,False,False,False,lower_bound,0.3038142973304029,0.2840098094659389,173,97
343,48,False,False,False,midpoint,0.3038142973304029,0.2959294842334354,173,98
343,48,False,False,False,midpoint_with_inhaler,0.3038142973304029,0.2959294842334354,173,99
343,48,False,False,False,upper_bound,0.3038142973304029,0.3002781822562947,173,100
343,48,False,False,False,upper_bound_with_inhaler,0.3038142973304029,0.3002781822562947,173,101
343,48,False,False,True,one_hot,0.30240553158490946,0.30240553158490946,173,102
343,48,False,False,True,lower_bound,0.3038142973304029,0.2840098094659389,173,103
343,48,False,False,True,midpoint,0.3038142973304029,0.2959294842334354,173,104
343,48,False,False,True,midpoint_with_inhaler,0.3038142973304029,0.2959294842334354,173,105
343,48,False,False,True,upper_bound,0.3038142973304029,0.3002781822562947,173,106
343,48,False,False,True,upper_bound_with_inhaler,0.3038142973304029,0.3002781822562947,173,107
343,48,False,True,False,one_hot,-0.008175905513758098,-0.008175905513758115,173,108
343,48,False,True,False,lower_bound,-0.008175905513758098,-0.008175905513758115,173,109
343,48,False,True,False,midpoint,-0.008175905513758098,-0.008175905513758122,173,110
343,48,False,True,False,midpoint_with_inhaler,-0.008175905513758098,-0.008175905513758122,173,111
343,48,False,True,False,upper_bound,-0.008175905513758098,-0.008175905513758115,173,112
343,48,False,True,False,upper_bound_with_inhaler,-0.008175905513758098,-0.008175905513758115,173,113
343,48,False,True,True,one_hot,-0.008175905513758098,-0.008175905513758115,173,114
343,48,False,True,True,lower_bound,-0.008175905513758098,-0.008175905513758115,173,115
343,48,False,True,True,midpoint,-0.008175905513758098,-0.008175905513758122,173,116
343,48,False,True,True,midpoint_with_inhaler,-0.008175905513758098,-0.008175905513758122,173,117
343,48,False,True,True,upper_bound,-0.008175905513758098,-0.008175905513758115,173,118
343,48,False,True,True,upper_bound_with_inhaler,-0.008175905513758098,-0.008175905513758115,173,119
343,48,True,False,False,one_hot,0.16604741528229794,0.166047415282298,173,120
343,48,True,False,False,lower_bound,0.16359055799306685,0.13912611846399678,173,121
343,48,True,False,False,midpoint,0.16359055799306685,0.14919809607122503,173,122
343,48,True,False,False,midpoint_with_inhaler,0.16359055799306685,0.14919809607122503,173,123
343,48,True,False,False,upper_bound,0.16359055799306685,0.15394456121208802,173,124
343,48,True,False,False,upper_bound_with_inhaler,0.16359055799306685,0.15394456121208802,173,125
343,48,True,False,True,one_hot,0.16604741528229794,0.166047415282298,173,126
343,48,True,False,True,lower_bound,0.16359055799306685,0.13912611846399678,173,127
343,48,True,False,True,midpoint,0.16359055799306685,0.14919809607122503,173,128
343,48,True,False,True,midpoint_with_inhaler,0.16359055799306685,0.14919809607122503,173,129
343,48,True,False,True,upper_bound,0.16359055799306685,0.15394456121208802,173,130
343,48,True,False,True,upper_bound_with_inhaler,0.16359055799306685,0.15394456121208802,173,131
398,12,False,False,False,one_hot,0.5632090646282755,0.5632090646282755,25,0
398,12,False,False,False,lower_bound,0.5632090646282755,0.5632090646282755,25,1
398,12,False,False,False,midpoint,0.5632090646282755,0.5632090646282755,25,2
398,12,False,False,False,midpoint_with_inhaler,0.5632090646282755,0.5632090646282755,25,3
398,12,False,False,False,upper_bound,0.5632090646282755,0.5632090646282755,25,4
398,12,False,False,False,upper_bound_with_inhaler,0.5632090646282755,0.5632090646282755,25,5
398,12,False,False,True,one_hot,0.5632090646282755,0.5632090646282755,25,6
398,12,False,False,True,lower_bound,0.5632090646282755,0.5632090646282755,25,7
398,12,False,False,True,midpoint,0.5632090646282755,0.5632090646282755,25,8
398,12,False,False,True,midpoint_with_inhaler,0.5632090646282755,0.5632090646282755,25,9
398,12,False,False,True,upper_bound,0.5632090646282755,0.5632090646282755,25,10
398,12,False,False,True,upper_bound_with_inhaler,0.5632090646282755,0.5632090646282755,25,11
398,12,False,True,False,one_hot,0.05460869091102009,0.05460869091102009,25,12
398,12,False,True,False,lower_bound,0.05460869091102009,0.05460869091102009,25,13
398,12,False,True,False,midpoint,0.05460869091102009,0.054608690911020066,25,14
398,12,False,True,False,midpoint_with_inhaler,0.05460869091102009,0.054608690911020066,25,15
398,12,False,True,False,upper_bound,0.05460869091102009,0.05460869091102009,25,16
398,12,False,True,False,upper_bound_with_inhaler,0.05460869091102009,0.05460869091102009,25,17
398,12,False,True,True,one_hot,0.05460869091102009,0.05460869091102009,25,18
398,12,False,True,True,lower_bound,0.05460869091102009,0.05460869091102009,25,19
398,12,False,True,True,midpoint,0.05460869091102009,0.054608690911020066,25,20
398,12,False,True,True,midpoint_with_inhaler,0.05460869091102009,0.054608690911020066,25,21
398,12,False,True,True,upper_bound,0.05460869091102009,0.05460869091102009,25,22
398,12,False,True,True,upper_bound_with_inhaler,0.05460869091102009,0.05460869091102009,25,23
398,12,True,False,False,one_hot,0.42933080951875935,0.42933080951875946,25,24
398,12,True,False,False,lower_bound,0.42933080951875935,0.42933080951875946,25,25
398,12,True,False,False,midpoint,0.42933080951875935,0.42933080951875946,25,26
398,12,True,False,False,midpoint_with_inhaler,0.42933080951875935,0.42933080951875946,25,27
398,12,True,False,False,upper_bound,0.42933080951875935,0.42933080951875946,25,28
398,12,True,False,False,upper_bound_with_inhaler,0.42933080951875935,0.42933080951875946,25,29
398,12,True,False,True,one_hot,0.42933080951875935,0.42933080951875946,25,30
398,12,True,False,True,lower_bound,0.42933080951875935,0.42933080951875946,25,31
398,12,True,False,True,midpoint,0.42933080951875935,0.42933080951875946,25,32
398,12,True,False,True,midpoint_with_inhaler,0.42933080951875935,0.42933080951875946,25,33
398,12,True,False,True,upper_bound,0.42933080951875935,0.42933080951875946,25,34
398,12,True,False,True,upper_bound_with_inhaler,0.42933080951875935,0.42933080951875946,25,35
398,24,False,False,False,one_hot,0.49332224920885037,0.49332224920885026,25,36
398,24,False,False,False,lower_bound,0.49332224920885037,0.49332224920885026,25,37
398,24,False,False,False,midpoint,0.49332224920885037,0.49332224920885015,25,38
398,24,False,False,False,midpoint_with_inhaler,0.49332224920885037,0.49332224920885015,25,39
398,24,False,False,False,upper_bound,0.49332224920885037,0.49332224920885026,25,40
398,24,False,False,False,upper_bound_with_inhaler,0.49332224920885037,0.49332224920885026,25,41
398,24,False,False,True,one_hot,0.49332224920885037,0.49332224920885026,25,42
398,24,False,False,True,lower_bound,0.49332224920885037,0.49332224920885026,25,43
398,24,False,False,True,midpoint,0.49332224920885037,0.49332224920885015,25,44
398,24,False,False,True,midpoint_with_inhaler,0.49332224920885037,0.49332224920885015,25,45
398,24,False,False,True,upper_bound,0.49332224920885037,0.49332224920885026,25,46
398,24,False,False,True,upper_bound_with_inhaler,0.49332224920885037,0.49332224920885026,25,47
398,24,False,True,False,one_hot,0.3398313641010904,0.3398313641010904,25,48
398,24,False,True,False,lower_bound,0.3398313641010904,0.3398313641010904,25,49
398,24,False,True,False,midpoint,0.3398313641010904,0.3398313641010904,25,50
398,24,False,True,False,midpoint_with_inhaler,0.3398313641010904,0.3398313641010904,25,51
398,24,False,True,False,upper_bound,0.3398313641010904,0.3398313641010904,25,52
398,24,False,True,False,upper_bound_with_inhaler,0.3398313641010904,0.3398313641010904,25,53
398,24,False,True,True,one_hot,0.3398313641010904,0.3398313641010904,25,54
398,24,False,True,True,lower_bound,0.3398313641010904,0.3398313641010904,25,55
398,24,False,True,True,midpoint,0.3398313641010904,0.3398313641010904,25,56
398,24,False,True,True,midpoint_with_inhaler,0.3398313641010904,0.3398313641010904,25,57
398,24,False,True,True,upper_bound,0.3398313641010904,0.3398313641010904,25,58
398,24,False,True,True,upper_bound_with_inhaler,0.3398313641010904,0.3398313641010904,25,59
398,24,True,False,False,one_hot,0.3707002608294455,0.3707002608294454,25,60
398,24,True,False,False,lower_bound,0.3707002608294455,0.3707002608294454,25,61
398,24,True,False,False,midpoint,0.3707002608294455,0.3707002608294455,25,62
398,24,True,False,False,midpoint_with_inhaler,0.3707002608294455,0.3707002608294455,25,63
398,24,True,False,False,upper_bound,0.3707002608294455,0.3707002608294454,25,64
398,24,True,False,False,upper_bound_with_inhaler,0.3707002608294455,0.3707002608294454,25,65
398,24,True,False,True,one_hot,0.3707002608294455,0.3707002608294454,25,66
398,24,True,False,True,lower_bound,0.3707002608294455,0.3707002608294454,25,67
398,24,True,False,True,midpoint,0.3707002608294455,0.3707002608294455,25,68
398,24,True,False,True,midpoint_with_inhaler,0.3707002608294455,0.3707002608294455,25,69
398,24,True,False,True,upper_bound,0.3707002608294455,0.3707002608294454,25,70
398,24,True,False,True,upper_bound_with_inhaler,0.3707002608294455,0.3707002608294454,25,71
398,36,False,False,False,one_hot,0.7517788836230028,0.7517788836230028,25,72
398,36,False,False,False,lower_bound,0.7517788836230028,0.7517788836230028,25,73
398,36,False,False,False,midpoint,0.7517788836230028,0.7517788836230024,25,74
398,36,False,False,False,midpoint_with_inhaler,0.7517788836230028,0.7517788836230024,25,75
398,36,False,False,False,upper_bound,0.7517788836230028,0.7517788836230028,25,76
398,36,False,False,False,upper_bound_with_inhaler,0.7517788836230028,0.7517788836230028,25,77
398,36,False,False,True,one_hot,0.7517788836230028,0.7517788836230028,25,78
398,36,False,False,True,lower_bound,0.7517788836230028,0.7517788836230028,25,79
398,36,False,False,True,midpoint,0.7517788836230028,0.7517788836230024,25,80
398,36,False,False,True,midpoint_with_inhaler,0.7517788836230028,0.7517788836230024,25,81
398,36,False,False,True,upper_bound,0.7517788836230028,0.7517788836230028,25,82
398,36,False,False,True,upper_bound_with_inhaler,0.7517788836230028,0.7517788836230028,25,83
398,36,True,False,False,one_hot,0.6933021920847694,0.6933021920847694,25,84
398,36,True,False,False,lower_bound,0.6933021920847694,0.6933021920847694,25,85
398,36,True,False,False,midpoint,0.6933021920847694,0.6933021920847694,25,86
398,36,True,False,False,midpoint_with_inhaler,0.6933021920847694,0.6933021920847694,25,87
398,36,True,False,False,upper_bound,0.6933021920847694,0.6933021920847694,25,88
398,36,True,False,False,upper_bound_with_inhaler,0.6933021920847694,0.6933021920847694,25,89
398,36,True,False,True,one_hot,0.6933021920847694,0.6933021920847694,25,90
398,36,True,False,True,lower_bound,0.6933021920847694,0.6933021920847694,25,91
398,36,True,False,True,midpoint,0.6933021920847694,0.6933021920847694,25,92
398,36,True,False,True,midpoint_with_inhaler,0.6933021920847694,0.6933021920847694,25,93
398,36,True,False,True,upper_bound,0.6933021920847694,0.6933021920847694,25,94
398,36,True,False,True,upper_bound_with_inhaler,0.6933021920847694,0.6933021920847694,25,95
398,48,False,False,False,one_hot,0.4900508144975953,0.4900508144975952,25,96
398,48,False,False,False,lower_bound,0.4900508144975953,0.4900508144975952,25,97
398,48,False,False,False,midpoint,0.4900508144975953,0.4900508144975952,25,98
398,48,False,False,False,midpoint_with_inhaler,0.4900508144975953,0.4900508144975952,25,99
398,48,False,False,False,upper_bound,0.4900508144975953,0.4900508144975952,25,100
398,48,False,False,False,upper_bound_with_inhaler,0.4900508144975953,0.4900508144975952,25,101
398,48,False,False,True,one_hot,0.4900508144975953,0.4900508144975952,25,102
398,48,False,False,True,lower_bound,0.4900508144975953,0.4900508144975952,25,103
398,48,False,False,True,midpoint,0.4900508144975953,0.4900508144975952,25,104
398,48,False,False,True,midpoint_with_inhaler,0.4900508144975953,0.4900508144975952,25,105
398,48,False,False,True,upper_bound,0.4900508144975953,0.4900508144975952,25,106
398,48,False,False,True,upper_bound_with_inhaler,0.4900508144975953,0.4900508144975952,25,107
398,48,False,True,False,one_hot,0.3398313641010904,0.3398313641010904,25,108
398,48,False,True,False,lower_bound,0.3398313641010904,0.3398313641010904,25,109
398,48,False,True,False,midpoint,0.3398313641010904,0.3398313641010904,25,110
398,48,False,True,False,midpoint_with_inhaler,0.3398313641010904,0.3398313641010904,25,111
398,48,False,True,False,upper_bound,0.3398313641010904,0.3398313641010904,25,112
398,48,False,True,False,upper_bound_with_inhaler,0.3398313641010904,0.3398313641010904,25,113
398,48,False,True,True,one_hot,0.3398313641010904,0.3398313641010904,25,114
398,48,False,True,True,lower_bound,0.3398313641010904,0.3398313641010904,25,115
398,48,False,True,True,midpoint,0.3398313641010904,0.3398313641010904,25,116
398,48,False,True,True,midpoint_with_inhaler,0.3398313641010904,0.3398313641010904,25,117
398,48,False,True,True,upper_bound,0.3398313641010904,0.3398313641010904,25,118
398,48,False,True,True,upper_bound_with_inhaler,0.3398313641010904,0.3398313641010904,25,119
398,48,True,False,False,one_hot,0.42933080951875935,0.42933080951875946,25,120
398,48,True,False,False,lower_bound,0.42933080951875935,0.42933080951875946,25,121
398,48,True,False,False,midpoint,0.42933080951875935,0.42933080951875946,25,122
398,48,True,False,False,midpoint_with_inhaler,0.42933080951875935,0.42933080951875946,25,123
398,48,True,False,False,upper_bound,0.42933080951875935,0.42933080951875946,25,124
398,48,True,False,False,upper_bound_with_inhaler,0.42933080951875935,0.42933080951875946,25,125
398,48,True,False,True,one_hot,0.42933080951875935,0.42933080951875946,25,126
398,48,True,False,True,lower_bound,0.42933080951875935,0.42933080951875946,25,127
398,48,True,False,True,midpoint,0.42933080951875935,0.42933080951875946,25,128
398,48,True,False,True,midpoint_with_inhaler,0.42933080951875935,0.42933080951875946,25,129
398,48,True,False,True,upper_bound,0.42933080951875935,0.42933080951875946,25,130
398,48,True,False,True,upper_bound_with_inhaler,0.42933080951875935,0.42933080951875946,25,131
447,12,False,False,False,one_hot,-0.03663752383552802,-0.03663752383552802,99,0
447,12,False,False,False,lower_bound,-0.01740107854921534,0.07195362844825662,99,1
447,12,False,False,False,midpoint,-0.01740107854921534,0.03859023810381701,99,2
447,12,False,False,False,midpoint_with_inhaler,-0.01740107854921534,0.03859023810381701,99,3
447,12,False,False,False,upper_bound,-0.01740107854921534,0.017542336890137785,99,4
447,12,False,False,False,upper_bound_with_inhaler,-0.01740107854921534,0.017542336890137785,99,5
447,12,False,False,True,one_hot,-0.03663752383552802,-0.03663752383552802,99,6
447,12,False,False,True,lower_bound,-0.01740107854921534,0.07195362844825662,99,7
447,12,False,False,True,midpoint,-0.01740107854921534,0.03859023810381701,99,8
447,12,False,False,True,midpoint_with_inhaler,-0.01740107854921534,0.03859023810381701,99,9
447,12,False,False,True,upper_bound,-0.01740107854921534,0.017542336890137785,99,10
447,12,False,False,True,upper_bound_with_inhaler,-0.01740107854921534,0.017542336890137785,99,11
447,12,False,True,False,one_hot,0.10439519300472275,0.10439519300472273,99,12
447,12,False,True,False,lower_bound,-0.1371644666662394,-0.11766646166934965,99,13
447,12,False,True,False,midpoint,-0.1371644666662394,-0.1152734681173061,99,14
447,12,False,True,False,midpoint_with_inhaler,-0.1371644666662394,-0.1152734681173061,99,15
447,12,False,True,False,upper_bound,-0.1371644666662394,-0.11050658109561447,99,16
447,12,False,True,False,upper_bound_with_inhaler,-0.1371644666662394,-0.11050658109561447,99,17
447,12,False,True,True,one_hot,0.10439519300472275,0.10439519300472273,99,18
447,12,False,True,True,lower_bound,-0.1371644666662394,-0.11766646166934965,99,19
447,12,False,True,True,midpoint,-0.1371644666662394,-0.1152734681173061,99,20
447,12,False,True,True,midpoint_with_inhaler,-0.1371644666662394,-0.1152734681173061,99,21
447,12,False,True,True,upper_bound,-0.1371644666662394,-0.11050658109561447,99,22
447,12,False,True,True,upper_bound_with_inhaler,-0.1371644666662394,-0.11050658109561447,99,23
447,12,True,False,False,one_hot,0.3258630051723811,0.3258630051723811,99,24
447,12,True,False,False,lower_bound,-0.08591386814980037,0.01737884515770494,99,25
447,12,True,False,False,midpoint,-0.08591386814980037,0.002031792710911226,99,26
447,12,True,False,False,midpoint_with_inhaler,-0.08591386814980037,0.002031792710911226,99,27
447,12,True,False,False,upper_bound,-0.08591386814980037,-0.008272992351161735,99,28
447,12,True,False,False,upper_bound_with_inhaler,-0.08591386814980037,-0.008272992351161735,99,29
447,12,True,False,True,one_hot,0.3258630051723811,0.3258630051723811,99,30
447,12,True,False,True,lower_bound,-0.08591386814980037,0.01737884515770494,99,31
447,12,True,False,True,midpoint,-0.08591386814980037,0.002031792710911226,99,32
447,12,True,False,True,midpoint_with_inhaler,-0.08591386814980037,0.002031792710911226,99,33
447,12,True,False,True,upper_bound,-0.08591386814980037,-0.008272992351161735,99,34
447,12,True,False,True,upper_bound_with_inhaler,-0.08591386814980037,-0.008272992351161735,99,35
447,24,False,False,False,one_hot,0.11971980810452562,0.1197198081045256,99,36
447,24,False,False,False,lower_bound,-0.09338004733027826,0.12259914849647888,99,37
447,24,False,False,False,midpoint,-0.09338004733027826,0.07195048020899726,99,38
447,24,False,False,False,midpoint_with_inhaler,-0.09338004733027826,0.07195048020899726,99,39
447,24,False,False,False,upper_bound,-0.09338004733027826,0.03765174998943364,99,40
447,24,False,False,False,upper_bound_with_inhaler,-0.09338004733027826,0.03765174998943364,99,41
447,24,False,False,True,one_hot,0.11971980810452562,0.1197198081045256,99,42
447,24,False,False,True,lower_bound,-0.09338004733027826,0.12259914849647888,99,43
447,24,False,False,True,midpoint,-0.09338004733027826,0.07195048020899726,99,44
447,24,False,False,True,midpoint_with_inhaler,-0.09338004733027826,0.07195048020899726,99,45
447,24,False,False,True,upper_bound,-0.09338004733027826,0.03765174998943364,99,46
447,24,False,False,True,upper_bound_with_inhaler,-0.09338004733027826,0.03765174998943364,99,47
447,24,False,True,False,one_hot,0.07444096135901757,0.07444096135901758,99,48
447,24,False,True,False,lower_bound,0.06173536999088098,0.21896602783101524,99,49
447,24,False,True,False,midpoint,0.06173536999088098,0.1829899838095701,99,50
447,24,False,True,False,midpoint_with_inhaler,0.06173536999088098,0.1829899838095701,99,51
447,24,False,True,False,upper_bound,0.06173536999088098,0.15897694914235125,99,52
447,24,False,True,False,upper_bound_with_inhaler,0.06173536999088098,0.15897694914235125,99,53
447,24,False,True,True,one_hot,0.07444096135901757,0.07444096135901758,99,54
447,24,False,True,True,lower_bound,0.06173536999088098,0.21896602783101524,99,55
447,24,False,True,True,midpoint,0.06173536999088098,0.1829899838095701,99,56
447,24,False,True,True,midpoint_with_inhaler,0.06173536999088098,0.1829899838095701,99,57
447,24,False,True,True,upper_bound,0.06173536999088098,0.15897694914235125,99,58
447,24,False,True,True,upper_bound_with_inhaler,0.06173536999088098,0.15897694914235125,99,59
447,24,True,False,False,one_hot,0.03488704780728835,0.03488704780728831,99,60
447,24,True,False,False,lower_bound,0.0630595265745503,0.16894737527739143,99,61
447,24,True,False,False,midpoint,0.0630595265745503,0.15905343325397614,99,62
447,24,True,False,False,midpoint_with_inhaler,0.0630595265745503,0.15905343325397614,99,63
447,24,True,False,False,upper_bound,0.0630595265745503,0.15124743134029905,99,64
447,24,True,False,False,upper_bound_with_inhaler,0.0630595265745503,0.15124743134029905,99,65
447,24,True,False,True,one_hot,0.03488704780728835,0.03488704780728831,99,66
447,24,True,False,True,lower_bound,0.0630595265745503,0.16894737527739143,99,67
447,24,True,False,True,midpoint,0.0630595265745503,0.15905343325397614,99,68
447,24,True,False,True,midpoint_with_inhaler,0.0630595265745503,0.15905343325397614,99,69
447,24,True,False,True,upper_bound,0.0630595265745503,0.15124743134029905,99,70
447,24,True,False,True,upper_bound_with_inhaler,0.0630595265745503,0.15124743134029905,99,71
447,36,False,False,False,one_hot,0.07444096135901755,0.07444096135901761,99,72
447,36,False,False,False,lower_bound,0.08415984492010901,0.23485452391585218,99,73
447,36,False,False,False,midpoint,0.08415984492010901,0.1948854639968351,99,74
447,36,False,False,False,midpoint_with_inhaler,0.08415984492010901,0.1948854639968351,99,75
447,36,False,False,False,upper_bound,0.08415984492010901,0.16647540792660273,99,76
447,36,False,False,False,upper_bound_with_inhaler,0.08415984492010901,0.16647540792660273,99,77
447,36,False,False,True,one_hot,0.07444096135901755,0.07444096135901761,99,78
447,36,False,False,True,lower_bound,0.08415984492010901,0.23485452391585218,99,79
447,36,False,False,True,midpoint,0.08415984492010901,0.1948854639968351,99,80
447,36,False,False,True,midpoint_with_inhaler,0.08415984492010901,0.1948854639968351,99,81
447,36,False,False,True,upper_bound,0.08415984492010901,0.16647540792660273,99,82
447,36,False,False,True,upper_bound_with_inhaler,0.08415984492010901,0.16647540792660273,99,83
447,36,True,False,False,one_hot,0.20530815881500714,0.20530815881500714,99,84
447,36,True,False,False,lower_bound,0.03375704601628889,0.21314837410057713,99,85
447,36,True,False,False,midpoint,0.03375704601628889,0.17292430665568792,99,86
447,36,True,False,False,midpoint_with_inhaler,0.03375704601628889,0.17292430665568792,99,87
447,36,True,False,False,upper_bound,0.03375704601628889,0.1464815309094606,99,88
447,36,True,False,False,upper_bound_with_inhaler,0.03375704601628889,0.1464815309094606,99,89
447,36,True,False,True,one_hot,0.20530815881500714,0.20530815881500714,99,90
447,36,True,False,True,lower_bound,0.03375704601628889,0.21314837410057713,99,91
447,36,True,False,True,midpoint,0.03375704601628889,0.17292430665568792,99,92
447,36,True,False,True,midpoint_with_inhaler,0.03375704601628889,0.17292430665568792,99,93
447,36,True,False,True,upper_bound,0.03375704601628889,0.1464815309094606,99,94
447,36,True,False,True,upper_bound_with_inhaler,0.03375704601628889,0.1464815309094606,99,95
447,48,False,False,False,one_hot,0.06288278099234781,0.06288278099234783,99,96
447,48,False,False,False,lower_bound,0.09212314481606089,0.19398464306311755,99,97
447,48,False,False,False,midpoint,0.09212314481606089,0.1775440373794855,99,98
447,48,False,False,False,midpoint_with_inhaler,0.09212314481606089,0.1775440373794855,99,99
447,48,False,False,False,upper_bound,0.09212314481606089,0.16459384615201936,99,100
447,48,False,False,False,upper_bound_with_inhaler,0.09212314481606089,0.16459384615201936,99,101
447,48,False,False,True,one_hot,0.06288278099234781,0.06288278099234783,99,102
447,48,False,False,True,lower_bound,0.09212314481606089,0.19398464306311755,99,103
447,48,False,False,True,midpoint,0.09212314481606089,0.1775440373794855,99,104
447,48,False,False,True,midpoint_with_inhaler,0.09212314481606089,0.1775440373794855,99,105
447,48,False,False,True,upper_bound,0.09212314481606089,0.16459384615201936,99,106
447,48,False,False,True,upper_bound_with_inhaler,0.09212314481606089,0.16459384615201936,99,107
447,48,False,True,False,one_hot,0.16730344912712314,0.16730344912712322,99,108
447,48,False,True,False,lower_bound,-0.1114920249219769,-0.06392733661098421,99,109
447,48,False,True,False,midpoint,-0.1114920249219769,-0.05865057990528511,99,110
447,48,False,True,False,midpoint_with_inhaler,-0.1114920249219769,-0.05865057990528511,99,111
447,48,False,True,False,upper_bound,-0.1114920249219769,-0.05519243326938164,99,112
447,48,False,True,False,upper_bound_with_inhaler,-0.1114920249219769,-0.05519243326938164,99,113
447,48,False,True,True,one_hot,0.16730344912712314,0.16730344912712322,99,114
447,48,False,True,True,lower_bound,-0.1114920249219769,-0.06392733661098421,99,115
447,48,False,True,True,midpoint,-0.1114920249219769,-0.05865057990528511,99,116
447,48,False,True,True,midpoint_with_inhaler,-0.1114920249219769,-0.05865057990528511,99,117
447,48,False,True,True,upper_bound,-0.1114920249219769,-0.05519243326938164,99,118
447,48,False,True,True,upper_bound_with_inhaler,-0.1114920249219769,-0.05519243326938164,99,119
447,48,True,False,False,one_hot,0.2806245498693799,0.2806245498693799,99,120
447,48,True,False,False,lower_bound,0.0363787288509635,0.07283767436671709,99,121
447,48,True,False,False,midpoint,0.0363787288509635,0.07011681828503613,99,122
447,48,True,False,False,midpoint_with_inhaler,0.0363787288509635,0.07011681828503613,99,123
447,48,True,False,False,upper_bound,0.0363787288509635,0.06616019477195859,99,124
447,48,True,False,False,upper_bound_with_inhaler,0.0363787288509635,0.06616019477195859,99,125
447,48,True,False,True,one_hot,0.2806245498693799,0.2806245498693799,99,126
447,48,True,False,True,lower_bound,0.0363787288509635,0.07283767436671709,99,127
447,48,True,False,True,midpoint,0.0363787288509635,0.07011681828503613,99,128
447,48,True,False,True,midpoint_with_inhaler,0.0363787288509635,0.07011681828503613,99,129
447,48,True,False,True,upper_bound,0.0363787288509635,0.06616019477195859,99,130
447,48,True,False,True,upper_bound_with_inhaler,0.0363787288509635,0.06616019477195859,99,131
454,12,False,False,False,one_hot,-0.3465735902799726,-0.34657359027997264,10,0
454,12,False,False,False,lower_bound,-0.07985119160830406,-0.08827366139212141,10,1
454,12,False,False,False,midpoint,-0.07985119160830406,-0.12217034941141369,10,2
454,12,False,False,False,midpoint_with_inhaler,-0.07985119160830406,-0.12217034941141369,10,3
454,12,False,False,False,upper_bound,-0.07985119160830406,-0.15019039049512609,10,4
454,12,False,False,False,upper_bound_with_inhaler,-0.07985119160830406,-0.15019039049512609,10,5
454,12,False,False,True,one_hot,-0.3465735902799726,-0.34657359027997264,10,6
454,12,False,False,True,lower_bound,-0.07985119160830406,-0.08827366139212141,10,7
454,12,False,False,True,midpoint,-0.07985119160830406,-0.12217034941141369,10,8
454,12,False,False,True,midpoint_with_inhaler,-0.07985119160830406,-0.12217034941141369,10,9
454,12,False,False,True,upper_bound,-0.07985119160830406,-0.15019039049512609,10,10
454,12,False,False,True,upper_bound_with_inhaler,-0.07985119160830406,-0.15019039049512609,10,11
454,12,False,True,False,one_hot,-0.1682361183106065,-0.1682361183106064,10,12
454,12,False,True,False,lower_bound,-0.1884453292569135,-0.15416151863877414,10,13
454,12,False,True,False,midpoint,-0.1884453292569135,-0.19158363263276995,10,14
454,12,False,True,False,midpoint_with_inhaler,-0.1884453292569135,-0.19158363263276995,10,15
454,12,False,True,False,upper_bound,-0.1884453292569135,-0.20615043029684751,10,16
454,12,False,True,False,upper_bound_with_inhaler,-0.1884453292569135,-0.20615043029684751,10,17
454,12,False,True,True,one_hot,-0.1682361183106065,-0.1682361183106064,10,18
454,12,False,True,True,lower_bound,-0.1884453292569135,-0.15416151863877414,10,19
454,12,False,True,True,midpoint,-0.1884453292569135,-0.19158363263276995,10,20
454,12,False,True,True,midpoint_with_inhaler,-0.1884453292569135,-0.19158363263276995,10,21
454,12,False,True,True,upper_bound,-0.1884453292569135,-0.20615043029684751,10,22
454,12,False,True,True,upper_bound_with_inhaler,-0.1884453292569135,-0.20615043029684751,10,23
454,12,True,False,False,one_hot,-0.1682361183106065,-0.16823611831060645,10,24
454,12,True,False,False,lower_bound,-0.29145490281530606,-0.2003310134036877,10,25
454,12,True,False,False,midpoint,-0.29145490281530606,-0.22573588893136542,10,26
454,12,True,False,False,midpoint_with_inhaler,-0.29145490281530606,-0.22573588893136542,10,27
454,12,True,False,False,upper_bound,-0.29145490281530606,-0.24021864728926093,10,28
454,12,True,False,False,upper_bound_with_inhaler,-0.29145490281530606,-0.24021864728926093,10,29
454,12,True,False,True,one_hot,-0.1682361183106065,-0.16823611831060645,10,30
454,12,True,False,True,lower_bound,-0.29145490281530606,-0.2003310134036877,10,31
454,12,True,False,True,midpoint,-0.29145490281530606,-0.22573588893136542,10,32
454,12,True,False,True,midpoint_with_inhaler,-0.29145490281530606,-0.22573588893136542,10,33
454,12,True,False,True,upper_bound,-0.29145490281530606,-0.24021864728926093,10,34
454,12,True,False,True,upper_bound_with_inhaler,-0.29145490281530606,-0.24021864728926093,10,35
454,24,False,False,False,one_hot,-0.1682361183106065,-0.1682361183106064,10,36
454,24,False,False,False,lower_bound,0.23433900730661067,0.25483805721792097,10,37
454,24,False,False,False,midpoint,0.23433900730661067,0.2305235728643063,10,38
454,24,False,False,False,midpoint_with_inhaler,0.23433900730661067,0.2305235728643063,10,39
454,24,False,False,False,upper_bound,0.23433900730661067,0.20190432464515984,10,40
454,24,False,False,False,upper_bound_with_inhaler,0.23433900730661067,0.20190432464515984,10,41
454,24,False,False,True,one_hot,-0.1682361183106065,-0.1682361183106064,10,42
454,24,False,False,True,lower_bound,0.23433900730661067,0.25483805721792097,10,43
454,24,False,False,True,midpoint,0.23433900730661067,0.2305235728643063,10,44
454,24,False,False,True,midpoint_with_inhaler,0.23433900730661067,0.2305235728643063,10,45
454,24,False,False,True,upper_bound,0.23433900730661067,0.20190432464515984,10,46
454,24,False,False,True,upper_bound_with_inhaler,0.23433900730661067,0.20190432464515984,10,47
454,24,False,True,False,one_hot,-0.11157177565710484,-0.11157177565710488,10,48
454,24,False,True,False,lower_bound,-0.1478943299923847,-0.12960566175323784,10,49
454,24,False,True,False,midpoint,-0.1478943299923847,-0.2024609576908176,10,50
454,24,False,True,False,midpoint_with_inhaler,-0.1478943299923847,-0.2024609576908176,10,51
454,24,False,True,False,upper_bound,-0.1478943299923847,-0.25376228905381204,10,52
454,24,False,True,False,upper_bound_with_inhaler,-0.1478943299923847,-0.25376228905381204,10,53
454,24,False,True,True,one_hot,-0.11157177565710484,-0.11157177565710488,10,54
454,24,False,True,True,lower_bound,-0.1478943299923847,-0.12960566175323784,10,55
454,24,False,True,True,midpoint,-0.1478943299923847,-0.2024609576908176,10,56
454,24,False,True,True,midpoint_with_inhaler,-0.1478943299923847,-0.2024609576908176,10,57
454,24,False,True,True,upper_bound,-0.1478943299923847,-0.25376228905381204,10,58
454,24,False,True,True,upper_bound_with_inhaler,-0.1478943299923847,-0.25376228905381204,10,59
454,24,True,False,False,one_hot,,,10,60
454,24,True,False,False,lower_bound,-0.28647444595936533,-0.2705486396947623,10,61
454,24,True,False,False,midpoint,-0.28647444595936533,-0.20545302412205071,10,62
454,24,True,False,False,midpoint_with_inhaler,-0.28647444595936533,-0.20545302412205071,10,63
454,24,True,False,False,upper_bound,-0.28647444595936533,-0.15019039049512606,10,64
454,24,True,False,False,upper_bound_with_inhaler,-0.28647444595936533,-0.15019039049512606,10,65
454,24,True,False,True,one_hot,,,10,66
454,24,True,False,True,lower_bound,-0.28647444595936533,-0.2705486396947623,10,67
454,24,True,False,True,midpoint,-0.28647444595936533,-0.20545302412205071,10,68
454,24,True,False,True,midpoint_with_inhaler,-0.28647444595936533,-0.20545302412205071,10,69
454,24,True,False,True,upper_bound,-0.28647444595936533,-0.15019039049512606,10,70
454,24,True,False,True,upper_bound_with_inhaler,-0.28647444595936533,-0.15019039049512606,10,71
454,36,False,False,False,one_hot,-0.11157177565710484,-0.11157177565710488,10,72
454,36,False,False,False,lower_bound,-0.37331447731927153,-0.36998963519130634,10,73
454,36,False,False,False,midpoint,-0.37331447731927153,-0.335793141542866,10,74
454,36,False,False,False,midpoint_with_inhaler,-0.37331447731927153,-0.335793141542866,10,75
454,36,False,False,False,upper_bound,-0.37331447731927153,-0.3011368850771562,10,76
454,36,False,False,False,upper_bound_with_inhaler,-0.37331447731927153,-0.3011368850771562,10,77
454,36,False,False,True,one_hot,-0.11157177565710484,-0.11157177565710488,10,78
454,36,False,False,True,lower_bound,-0.37331447731927153,-0.36998963519130634,10,79
454,36,False,False,True,midpoint,-0.37331447731927153,-0.335793141542866,10,80
454,36,False,False,True,midpoint_with_inhaler,-0.37331447731927153,-0.335793141542866,10,81
454,36,False,False,True,upper_bound,-0.37331447731927153,-0.3011368850771562,10,82
454,36,False,False,True,upper_bound_with_inhaler,-0.37331447731927153,-0.3011368850771562,10,83
454,36,True,False,False,one_hot,-0.1682361183106065,-0.16823611831060645,10,84
454,36,True,False,False,lower_bound,-0.7204910847136244,-0.8328331460708636,10,85
454,36,True,False,False,midpoint,-0.7204910847136244,-0.8731865008506595,10,86
454,36,True,False,False,midpoint_with_inhaler,-0.7204910847136244,-0.8731865008506595,10,87
454,36,True,False,False,upper_bound,-0.7204910847136244,-0.8518710106485171,10,88
454,36,True,False,False,upper_bound_with_inhaler,-0.7204910847136244,-0.8518710106485171,10,89
454,36,True,False,True,one_hot,-0.1682361183106065,-0.16823611831060645,10,90
454,36,True,False,True,lower_bound,-0.7204910847136244,-0.8328331460708636,10,91
454,36,True,False,True,midpoint,-0.7204910847136244,-0.8731865008506595,10,92
454,36,True,False,True,midpoint_with_inhaler,-0.7204910847136244,-0.8731865008506595,10,93
454,36,True,False,True,upper_bound,-0.7204910847136244,-0.8518710106485171,10,94
454,36,True,False,True,upper_bound_with_inhaler,-0.7204910847136244,-0.8518710106485171,10,95
454,48,False,False,False,one_hot,,,10,96
454,48,False,False,False,lower_bound,-0.007936674578145031,0.06571938758240257,10,97
454,48,False,False,False,midpoint,-0.007936674578145031,0.12650152692146377,10,98
454,48,False,False,False,midpoint_with_inhaler,-0.007936674578145031,0.12650152692146377,10,99
454,48,False,False,False,upper_bound,-0.007936674578145031,0.1641075215960431,10,100
454,48,False,False,False,upper_bound_with_inhaler,-0.007936674578145031,0.1641075215960431,10,101
454,48,False,False,True,one_hot,,,10,102
454,48,False,False,True,lower_bound,-0.007936674578145031,0.06571938758240257,10,103
454,48,False,False,True,midpoint,-0.007936674578145031,0.12650152692146377,10,104
454,48,False,False,True,midpoint_with_inhaler,-0.007936674578145031,0.12650152692146377,10,105
454,48,False,False,True,upper_bound,-0.007936674578145031,0.1641075215960431,10,106
454,48,False,False,True,upper_bound_with_inhaler,-0.007936674578145031,0.1641075215960431,10,107
454,48,False,True,False,one_hot,-0.11157177565710484,-0.11157177565710488,10,108
454,48,False,True,False,lower_bound,-0.272130719023544,-0.27054863969476217,10,109
454,48,False,True,False,midpoint,-0.272130719023544,-0.26250775180900127,10,110
454,48,False,True,False,midpoint_with_inhaler,-0.272130719023544,-0.26250775180900127,10,111
454,48,False,True,False,upper_bound,-0.272130719023544,-0.253762289053812,10,112
454,48,False,True,False,upper_bound_with_inhaler,-0.272130719023544,-0.253762289053812,10,113
454,48,False,True,True,one_hot,-0.11157177565710484,-0.11157177565710488,10,114
454,48,False,True,True,lower_bound,-0.272130719023544,-0.27054863969476217,10,115
454,48,False,True,True,midpoint,-0.272130719023544,-0.26250775180900127,10,116
454,48,False,True,True,midpoint_with_inhaler,-0.272130719023544,-0.26250775180900127,10,117
454,48,False,True,True,upper_bound,-0.272130719023544,-0.253762289053812,10,118
454,48,False,True,True,upper_bound_with_inhaler,-0.272130719023544,-0.253762289053812,10,119
454,48,True,False,False,one_hot,-0.1682361183106065,-0.16823611831060645,10,120
454,48,True,False,False,lower_bound,-0.29145490281530606,-0.20033101340368772,10,121
454,48,True,False,False,midpoint,-0.29145490281530606,-0.22573588893136542,10,122
454,48,True,False,False,midpoint_with_inhaler,-0.29145490281530606,-0.22573588893136542,10,123
454,48,True,False,False,upper_bound,-0.29145490281530606,-0.24021864728926093,10,124
454,48,True,False,False,upper_bound_with_inhaler,-0.29145490281530606,-0.24021864728926093,10,125
454,48,True,False,True,one_hot,-0.1682361183106065,-0.16823611831060645,10,126
454,48,True,False,True,lower_bound,-0.29145490281530606,-0.20033101340368772,10,127
454,48,True,False,True,midpoint,-0.29145490281530606,-0.22573588893136542,10,128
454,48,True,False,True,midpoint_with_inhaler,-0.29145490281530606,-0.22573588893136542,10,129
454,48,True,False,True,upper_bound,-0.29145490281530606,-0.24021864728926093,10,130
454,48,True,False,True,upper_bound_with_inhaler,-0.29145490281530606,-0.24021864728926093,10,131
473,12,False,False,False,one_hot,0.4311004561945332,0.431100456194533,69,0
473,12,False,False,False,lower_bound,0.6761718672789696,0.827919370943133,69,1
473,12,False,False,False,midpoint,0.6761718672789696,0.8411457994262808,69,2
473,12,False,False,False,midpoint_with_inhaler,0.6761718672789696,0.8411457994262808,69,3
473,12,False,False,False,upper_bound,0.6761718672789696,0.8342657214210967,69,4
473,12,False,False,False,upper_bound_with_inhaler,0.6761718672789696,0.8342657214210967,69,5
473,12,False,False,True,one_hot,0.4311004561945332,0.431100456194533,69,6
473,12,False,False,True,lower_bound,0.6761718672789696,0.827919370943133,69,7
473,12,False,False,True,midpoint,0.6761718672789696,0.8411457994262808,69,8
473,12,False,False,True,midpoint_with_inhaler,0.6761718672789696,0.8411457994262808,69,9
473,12,False,False,True,upper_bound,0.6761718672789696,0.8342657214210967,69,10
473,12,False,False,True,upper_bound_with_inhaler,0.6761718672789696,0.8342657214210967,69,11
473,12,False,True,False,one_hot,0.4280363769043009,0.42803637690430074,69,12
473,12,False,True,False,lower_bound,0.6783495725062609,0.913523802368032,69,13
473,12,False,True,False,midpoint,0.6783495725062609,0.981401481328851,69,14
473,12,False,True,False,midpoint_with_inhaler,0.6783495725062609,0.981401481328851,69,15
473,12,False,True,False,upper_bound,0.6783495725062609,1.0244509633396641,69,16
473,12,False,True,False,upper_bound_with_inhaler,0.6783495725062609,1.0244509633396641,69,17
473,12,False,True,True,one_hot,0.4280363769043009,0.42803637690430074,69,18
473,12,False,True,True,lower_bound,0.6783495725062609,0.913523802368032,69,19
473,12,False,True,True,midpoint,0.6783495725062609,0.981401481328851,69,20
473,12,False,True,True,midpoint_with_inhaler,0.6783495725062609,0.981401481328851,69,21
473,12,False,True,True,upper_bound,0.6783495725062609,1.0244509633396641,69,22
473,12,False,True,True,upper_bound_with_inhaler,0.6783495725062609,1.0244509633396641,69,23
473,12,True,False,False,one_hot,0.1815644471527923,0.18156444715279224,69,24
473,12,True,False,False,lower_bound,0.58393702759315,0.7357895146186334,69,25
473,12,True,False,False,midpoint,0.58393702759315,0.8119803322372905,69,26
473,12,True,False,False,midpoint_with_inhaler,0.58393702759315,0.8119803322372905,69,27
473,12,True,False,False,upper_bound,0.58393702759315,0.8636587923828468,69,28
473,12,True,False,False,upper_bound_with_inhaler,0.58393702759315,0.8636587923828468,69,29
473,12,True,False,True,one_hot,0.1815644471527923,0.18156444715279224,69,30
473,12,True,False,True,lower_bound,0.58393702759315,0.7357895146186334,69,31
473,12,True,False,True,midpoint,0.58393702759315,0.8119803322372905,69,32
473,12,True,False,True,midpoint_with_inhaler,0.58393702759315,0.8119803322372905,69,33
473,12,True,False,True,upper_bound,0.58393702759315,0.8636587923828468,69,34
473,12,True,False,True,upper_bound_with_inhaler,0.58393702759315,0.8636587923828468,69,35
473,24,False,False,False,one_hot,0.13198373481535222,0.13198373481535217,69,36
473,24,False,False,False,lower_bound,0.6673465080154248,1.0028279117641636,69,37
473,24,False,False,False,midpoint,0.6673465080154248,1.0373610841245893,69,38
473,24,False,False,False,midpoint_with_inhaler,0.6673465080154248,1.0373610841245893,69,39
473,24,False,False,False,upper_bound,0.6673465080154248,1.0467513906547183,69,40
473,24,False,False,False,upper_bound_with_inhaler,0.6673465080154248,1.0467513906547183,69,41
473,24,False,False,True,one_hot,0.13198373481535222,0.13198373481535217,69,42
473,24,False,False,True,lower_bound,0.6673465080154248,1.0028279117641636,69,43
473,24,False,False,True,midpoint,0.6673465080154248,1.0373610841245893,69,44
473,24,False,False,True,midpoint_with_inhaler,0.6673465080154248,1.0373610841245893,69,45
473,24,False,False,True,upper_bound,0.6673465080154248,1.0467513906547183,69,46
473,24,False,False,True,upper_bound_with_inhaler,0.6673465080154248,1.0467513906547183,69,47
473,24,False,True,False,one_hot,0.10587546887371088,0.10587546887371088,69,48
473,24,False,True,False,lower_bound,0.3205526291338514,0.455878590346396,69,49
473,24,False,True,False,midpoint,0.3205526291338514,0.4564010952410397,69,50
473,24,False,True,False,midpoint_with_inhaler,0.3205526291338514,0.4564010952410397,69,51
473,24,False,True,False,upper_bound,0.3205526291338514,0.45427275603122325,69,52
473,24,False,True,False,upper_bound_with_inhaler,0.3205526291338514,0.45427275603122325,69,53
473,24,False,True,True,one_hot,0.10587546887371088,0.10587546887371088,69,54
473,24,False,True,True,lower_bound,0.3205526291338514,0.455878590346396,69,55
473,24,False,True,True,midpoint,0.3205526291338514,0.4564010952410397,69,56
473,24,False,True,True,midpoint_with_inhaler,0.3205526291338514,0.4564010952410397,69,57
473,24,False,True,True,upper_bound,0.3205526291338514,0.45427275603122325,69,58
473,24,False,True,True,upper_bound_with_inhaler,0.3205526291338514,0.45427275603122325,69,59
473,24,True,False,False,one_hot,0.4836077171282416,0.48360771712824147,69,60
473,24,True,False,False,lower_bound,0.7000114056819837,0.9821798408990006,69,61
473,24,True,False,False,midpoint,0.7000114056819837,1.0343722955425096,69,62
473,24,True,False,False,midpoint_with_inhaler,0.7000114056819837,1.0343722955425096,69,63
473,24,True,False,False,upper_bound,0.7000114056819837,1.0600286455457244,69,64
473,24,True,False,False,upper_bound_with_inhaler,0.7000114056819837,1.0600286455457244,69,65
473,24,True,False,True,one_hot,0.4836077171282416,0.48360771712824147,69,66
473,24,True,False,True,lower_bound,0.7000114056819837,0.9821798408990006,69,67
473,24,True,False,True,midpoint,0.7000114056819837,1.0343722955425096,69,68
473,24,True,False,True,midpoint_with_inhaler,0.7000114056819837,1.0343722955425096,69,69
473,24,True,False,True,upper_bound,0.7000114056819837,1.0600286455457244,69,70
473,24,True,False,True,upper_bound_with_inhaler,0.7000114056819837,1.0600286455457244,69,71
473,36,False,False,False,one_hot,0.39428195804753985,0.39428195804753957,69,72
473,36,False,False,False,lower_bound,0.727168642098437,0.9316529193505803,69,73
473,36,False,False,False,midpoint,0.727168642098437,0.916579678462033,69,74
473,36,False,False,False,midpoint_with_inhaler,0.727168642098437,0.9572253311814192,69,75
473,36,False,False,False,upper_bound,0.7222065346811339,0.8849641902420957,69,76
473,36,False,False,False,upper_bound_with_inhaler,0.727168642098437,0.9689492133309964,69,77
473,36,False,False,True,one_hot,0.39428195804753985,0.39428195804753957,69,78
473,36,False,False,True,lower_bound,0.727168642098437,0.9316529193505803,69,79
473,36,False,False,True,midpoint,0.727168642098437,0.916579678462033,69,80
473,36,False,False,True,midpoint_with_inhaler,0.727168642098437,0.9572253311814192,69,81
473,36,False,False,True,upper_bound,0.7222065346811339,0.8849641902420957,69,82
473,36,False,False,True,upper_bound_with_inhaler,0.727168642098437,0.9689492133309964,69,83
473,36,True,False,False,one_hot,0.1975669224926018,0.19756692249260174,69,84
473,36,True,False,False,lower_bound,0.42061368739266153,0.6314296322605754,69,85
473,36,True,False,False,midpoint,0.42061368739266153,0.6180673793708319,69,86
473,36,True,False,False,midpoint_with_inhaler,0.42061368739266153,0.6180673793708319,69,87
473,36,True,False,False,upper_bound,0.42061368739266153,0.6051874029619807,69,88
473,36,True,False,False,upper_bound_with_inhaler,0.42061368739266153,0.6051874029619807,69,89
473,36,True,False,True,one_hot,0.1975669224926018,0.19756692249260174,69,90
473,36,True,False,True,lower_bound,0.42061368739266153,0.6314296322605754,69,91
473,36,True,False,True,midpoint,0.42061368739266153,0.6180673793708319,69,92
473,36,True,False,True,midpoint_with_inhaler,0.42061368739266153,0.6180673793708319,69,93
473,36,True,False,True,upper_bound,0.42061368739266153,0.6051874029619807,69,94
473,36,True,False,True,upper_bound_with_inhaler,0.42061368739266153,0.6051874029619807,69,95
473,48,False,False,False,one_hot,-0.08038380700403039,-0.08038380700403039,69,96
473,48,False,False,False,lower_bound,0.6144580794739514,0.8652502658178406,69,97
473,48,False,False,False,midpoint,0.6144580794739514,0.8273868744498905,69,98
473,48,False,False,False,midpoint_with_inhaler,0.6144580794739514,0.8545409039919954,69,99
473,48,False,False,False,upper_bound,0.6111402627529905,0.7782230024832599,69,100
473,48,False,False,False,upper_bound_with_inhaler,0.6144580794739514,0.8374185049220674,69,101
473,48,False,False,True,one_hot,-0.08038380700403039,-0.08038380700403039,69,102
473,48,False,False,True,lower_bound,0.6144580794739514,0.8652502658178406,69,103
473,48,False,False,True,midpoint,0.6144580794739514,0.8273868744498905,69,104
473,48,False,False,True,midpoint_with_inhaler,0.6144580794739514,0.8545409039919954,69,105
473,48,False,False,True,upper_bound,0.6111402627529905,0.7782230024832599,69,106
473,48,False,False,True,upper_bound_with_inhaler,0.6144580794739514,0.8374185049220674,69,107
473,48,False,True,False,one_hot,0.013431190323729034,0.013431190323729027,69,108
473,48,False,True,False,lower_bound,0.2958730975680179,0.31179347053759626,69,109
473,48,False,True,False,midpoint,0.2958730975680179,0.3404337350129157,69,110
473,48,False,True,False,midpoint_with_inhaler,0.2958730975680179,0.3404337350129157,69,111
473,48,False,True,False,upper_bound,0.2958730975680179,0.35811511668761326,69,112
473,48,False,True,False,upper_bound_with_inhaler,0.2958730975680179,0.35811511668761326,69,113
473,48,False,True,True,one_hot,0.013431190323729034,0.013431190323729027,69,114
473,48,False,True,True,lower_bound,0.2958730975680179,0.31179347053759626,69,115
473,48,False,True,True,midpoint,0.2958730975680179,0.3404337350129157,69,116
473,48,False,True,True,midpoint_with_inhaler,0.2958730975680179,0.3404337350129157,69,117
473,48,False,True,True,upper_bound,0.2958730975680179,0.35811511668761326,69,118
473,48,False,True,True,upper_bound_with_inhaler,0.2958730975680179,0.35811511668761326,69,119
473,48,True,False,False,one_hot,0.21468350869221572,0.21468350869221572,69,120
473,48,True,False,False,lower_bound,0.44111365952473675,0.5607229451431922,69,121
473,48,True,False,False,midpoint,0.44111365952473675,0.5643435062359852,69,122
473,48,True,False,False,midpoint_with_inhaler,0.44111365952473675,0.5643435062359852,69,123
473,48,True,False,False,upper_bound,0.44111365952473675,0.5628559589982276,69,124
473,48,True,False,False,upper_bound_with_inhaler,0.44111365952473675,0.5628559589982276,69,125
473,48,True,False,True,one_hot,0.21468350869221572,0.21468350869221572,69,126
473,48,True,False,True,lower_bound,0.44111365952473675,0.5607229451431922,69,127
473,48,True,False,True,midpoint,0.44111365952473675,0.5643435062359852,69,128
473,48,True,False,True,midpoint_with_inhaler,0.44111365952473675,0.5643435062359852,69,129
473,48,True,False,True,upper_bound,0.44111365952473675,0.5628559589982276,69,130
473,48,True,False,True,upper_bound_with_inhaler,0.44111365952473675,0.5628559589982276,69,131
514,12,False,False,False,one_hot,0.11405053140673697,0.11405053140673692,54,0
514,12,False,False,False,lower_bound,0.10499875913449157,0.06990444152611465,54,1
514,12,False,False,False,midpoint,0.10499875913449157,0.08459950803870696,54,2
514,12,False,False,False,midpoint_with_inhaler,0.10499875913449157,0.08459950803870696,54,3
514,12,False,False,False,upper_bound,0.10499875913449157,0.09222677437739257,54,4
514,12,False,False,False,upper_bound_with_inhaler,0.10499875913449157,0.09222677437739257,54,5
514,12,False,False,True,one_hot,0.11405053140673697,0.11405053140673692,54,6
514,12,False,False,True,lower_bound,0.10499875913449157,0.06990444152611465,54,7
514,12,False,False,True,midpoint,0.10499875913449157,0.08459950803870696,54,8
514,12,False,False,True,midpoint_with_inhaler,0.10499875913449157,0.08459950803870696,54,9
514,12,False,False,True,upper_bound,0.10499875913449157,0.09222677437739257,54,10
514,12,False,False,True,upper_bound_with_inhaler,0.10499875913449157,0.09222677437739257,54,11
514,12,False,True,False,one_hot,0.22126943275917954,0.22126943275917954,54,12
514,12,False,True,False,lower_bound,0.2530043165994157,0.3289549299228399,54,13
514,12,False,True,False,midpoint,0.2530043165994157,0.3038524938958724,54,14
514,12,False,True,False,midpoint_with_inhaler,0.2530043165994157,0.3038524938958724,54,15
514,12,False,True,False,upper_bound,0.2530043165994157,0.28741239063198204,54,16
514,12,False,True,False,upper_bound_with_inhaler,0.2530043165994157,0.28741239063198204,54,17
514,12,False,True,True,one_hot,0.22126943275917954,0.22126943275917954,54,18
514,12,False,True,True,lower_bound,0.2530043165994157,0.3289549299228399,54,19
514,12,False,True,True,midpoint,0.2530043165994157,0.3038524938958724,54,20
514,12,False,True,True,midpoint_with_inhaler,0.2530043165994157,0.3038524938958724,54,21
514,12,False,True,True,upper_bound,0.2530043165994157,0.28741239063198204,54,22
514,12,False,True,True,upper_bound_with_inhaler,0.2530043165994157,0.28741239063198204,54,23
514,12,True,False,False,one_hot,0.17182443403991063,0.17182443403991057,54,24
514,12,True,False,False,lower_bound,0.19811495497715653,0.2616150605184931,54,25
514,12,True,False,False,midpoint,0.19811495497715653,0.24045448099615097,54,26
514,12,True,False,False,midpoint_with_inhaler,0.19811495497715653,0.24045448099615097,54,27
514,12,True,False,False,upper_bound,0.19811495497715653,0.22671753705570663,54,28
514,12,True,False,False,upper_bound_with_inhaler,0.19811495497715653,0.22671753705570663,54,29
514,12,True,False,True,one_hot,0.17182443403991063,0.17182443403991057,54,30
514,12,True,False,True,lower_bound,0.19811495497715653,0.2616150605184931,54,31
514,12,True,False,True,midpoint,0.19811495497715653,0.24045448099615097,54,32
514,12,True,False,True,midpoint_with_inhaler,0.19811495497715653,0.24045448099615097,54,33
514,12,True,False,True,upper_bound,0.19811495497715653,0.22671753705570663,54,34
514,12,True,False,True,upper_bound_with_inhaler,0.19811495497715653,0.22671753705570663,54,35
514,24,False,False,False,one_hot,0.07153668951098019,0.07153668951098016,54,36
514,24,False,False,False,lower_bound,0.06216137563354685,0.029447024485032815,54,37
514,24,False,False,False,midpoint,0.06216137563354685,0.04264200552128809,54,38
514,24,False,False,False,midpoint_with_inhaler,0.06216137563354685,0.04264200552128809,54,39
514,24,False,False,False,upper_bound,0.06216137563354685,0.049743661812664035,54,40
514,24,False,False,False,upper_bound_with_inhaler,0.06216137563354685,0.049743661812664035,54,41
514,24,False,False,True,one_hot,0.07153668951098019,0.07153668951098016,54,42
514,24,False,False,True,lower_bound,0.06216137563354685,0.029447024485032815,54,43
514,24,False,False,True,midpoint,0.06216137563354685,0.04264200552128809,54,44
514,24,False,False,True,midpoint_with_inhaler,0.06216137563354685,0.04264200552128809,54,45
514,24,False,False,True,upper_bound,0.06216137563354685,0.049743661812664035,54,46
514,24,False,False,True,upper_bound_with_inhaler,0.06216137563354685,0.049743661812664035,54,47
514,24,False,True,False,one_hot,-0.10042638056258024,-0.10042638056258027,54,48
514,24,False,True,False,lower_bound,-0.10646856653768168,-0.11604316817760325,54,49
514,24,False,True,False,midpoint,-0.10646856653768168,-0.1139738591843147,54,50
514,24,False,True,False,midpoint_with_inhaler,-0.10646856653768168,-0.1139738591843147,54,51
514,24,False,True,False,upper_bound,-0.10646856653768168,-0.1119206272391763,54,52
514,24,False,True,False,upper_bound_with_inhaler,-0.10646856653768168,-0.1119206272391763,54,53
514,24,False,True,True,one_hot,-0.10042638056258024,-0.10042638056258027,54,54
514,24,False,True,True,lower_bound,-0.10646856653768168,-0.11604316817760325,54,55
514,24,False,True,True,midpoint,-0.10646856653768168,-0.1139738591843147,54,56
514,24,False,True,True,midpoint_with_inhaler,-0.10646856653768168,-0.1139738591843147,54,57
514,24,False,True,True,upper_bound,-0.10646856653768168,-0.1119206272391763,54,58
514,24,False,True,True,upper_bound_with_inhaler,-0.10646856653768168,-0.1119206272391763,54,59
514,24,True,False,False,one_hot,0.12287428921672916,0.12287428921672916,54,60
514,24,True,False,False,lower_bound,0.11166126763670792,0.06967544573382321,54,61
514,24,True,False,False,midpoint,0.11166126763670792,0.08704864246442989,54,62
514,24,True,False,False,midpoint_with_inhaler,0.11166126763670792,0.08704864246442989,54,63
514,24,True,False,False,upper_bound,0.11166126763670792,0.09617042237420885,54,64
514,24,True,False,False,upper_bound_with_inhaler,0.11166126763670792,0.09617042237420885,54,65
514,24,True,False,True,one_hot,0.12287428921672916,0.12287428921672916,54,66
514,24,True,False,True,lower_bound,0.11166126763670792,0.06967544573382321,54,67
514,24,True,False,True,midpoint,0.11166126763670792,0.08704864246442989,54,68
514,24,True,False,True,midpoint_with_inhaler,0.11166126763670792,0.08704864246442989,54,69
514,24,True,False,True,upper_bound,0.11166126763670792,0.09617042237420885,54,70
514,24,True,False,True,upper_bound_with_inhaler,0.11166126763670792,0.09617042237420885,54,71
514,36,False,False,False,one_hot,-0.01000934642370808,-0.010009346423708093,54,72
514,36,False,False,False,lower_bound,-0.018232472799031868,-0.04128239241404192,54,73
514,36,False,False,False,midpoint,-0.018232472799031868,-0.03286213803628146,54,74
514,36,False,False,False,midpoint_with_inhaler,-0.018232472799031868,-0.03286213803628146,54,75
514,36,False,False,False,upper_bound,-0.018232472799031868,-0.027871125146861336,54,76
514,36,False,False,False,upper_bound_with_inhaler,-0.018232472799031868,-0.027871125146861336,54,77
514,36,False,False,True,one_hot,-0.01000934642370808,-0.010009346423708093,54,78
514,36,False,False,True,lower_bound,-0.018232472799031868,-0.04128239241404192,54,79
514,36,False,False,True,midpoint,-0.018232472799031868,-0.03286213803628146,54,80
514,36,False,False,True,midpoint_with_inhaler,-0.018232472799031868,-0.03286213803628146,54,81
514,36,False,False,True,upper_bound,-0.018232472799031868,-0.027871125146861336,54,82
514,36,False,False,True,upper_bound_with_inhaler,-0.018232472799031868,-0.027871125146861336,54,83
514,36,True,False,False,one_hot,-0.025000425506430717,-0.025000425506430685,54,84
514,36,True,False,False,lower_bound,-0.0319384502578486,-0.050087320555396275,54,85
514,36,True,False,False,midpoint,-0.0319384502578486,-0.043709397381041744,54,86
514,36,True,False,False,midpoint_with_inhaler,-0.0319384502578486,-0.043709397381041744,54,87
514,36,True,False,False,upper_bound,-0.0319384502578486,-0.039783113538895166,54,88
514,36,True,False,False,upper_bound_with_inhaler,-0.0319384502578486,-0.039783113538895166,54,89
514,36,True,False,True,one_hot,-0.025000425506430717,-0.025000425506430685,54,90
514,36,True,False,True,lower_bound,-0.0319384502578486,-0.050087320555396275,54,91
514,36,True,False,True,midpoint,-0.0319384502578486,-0.043709397381041744,54,92
514,36,True,False,True,midpoint_with_inhaler,-0.0319384502578486,-0.043709397381041744,54,93
514,36,True,False,True,upper_bound,-0.0319384502578486,-0.039783113538895166,54,94
514,36,True,False,True,upper_bound_with_inhaler,-0.0319384502578486,-0.039783113538895166,54,95
514,48,False,False,False,one_hot,0.09751173312717028,0.09751173312717028,54,96
514,48,False,False,False,lower_bound,0.11977473259192237,0.1771322572865324,54,97
514,48,False,False,False,midpoint,0.11977473259192237,0.1571712593041195,54,98
514,48,False,False,False,midpoint_with_inhaler,0.11977473259192237,0.1571712593041195,54,99
514,48,False,False,False,upper_bound,0.11977473259192237,0.14476118508256647,54,100
514,48,False,False,False,upper_bound_with_inhaler,0.11977473259192237,0.14476118508256647,54,101
514,48,False,False,True,one_hot,0.09751173312717028,0.09751173312717028,54,102
514,48,False,False,True,lower_bound,0.11977473259192237,0.1771322572865324,54,103
514,48,False,False,True,midpoint,0.11977473259192237,0.1571712593041195,54,104
514,48,False,False,True,midpoint_with_inhaler,0.11977473259192237,0.1571712593041195,54,105
514,48,False,False,True,upper_bound,0.11977473259192237,0.14476118508256647,54,106
514,48,False,False,True,upper_bound_with_inhaler,0.11977473259192237,0.14476118508256647,54,107
514,48,False,True,False,one_hot,0.1355328032369398,0.1355328032369398,54,108
514,48,False,True,False,lower_bound,0.12212961076287299,0.07289158407969616,54,109
514,48,False,True,False,midpoint,0.12212961076287299,0.09312836377936001,54,110
514,48,False,True,False,midpoint_with_inhaler,0.12212961076287299,0.09312836377936001,54,111
514,48,False,True,False,upper_bound,0.12212961076287299,0.10382356813445444,54,112
514,48,False,True,False,upper_bound_with_inhaler,0.12212961076287299,0.10382356813445444,54,113
514,48,False,True,True,one_hot,0.1355328032369398,0.1355328032369398,54,114
514,48,False,True,True,lower_bound,0.12212961076287299,0.07289158407969616,54,115
514,48,False,True,True,midpoint,0.12212961076287299,0.09312836377936001,54,116
514,48,False,True,True,midpoint_with_inhaler,0.12212961076287299,0.09312836377936001,54,117
514,48,False,True,True,upper_bound,0.12212961076287299,0.10382356813445444,54,118
514,48,False,True,True,upper_bound_with_inhaler,0.12212961076287299,0.10382356813445444,54,119
514,48,True,False,False,one_hot,-0.010009346423708059,-0.010009346423708123,54,120
514,48,True,False,False,lower_bound,-0.01823247279903186,-0.041282392414041885,54,121
514,48,True,False,False,midpoint,-0.01823247279903186,-0.03286213803628148,54,122
514,48,True,False,False,midpoint_with_inhaler,-0.01823247279903186,-0.03286213803628148,54,123
514,48,True,False,False,upper_bound,-0.01823247279903186,-0.027871125146861322,54,124
514,48,True,False,False,upper_bound_with_inhaler,-0.01823247279903186,-0.027871125146861322,54,125
514,48,True,False,True,one_hot,-0.010009346423708059,-0.010009346423708123,54,126
514,48,True,False,True,lower_bound,-0.01823247279903186,-0.041282392414041885,54,127
514,48,True,False,True,midpoint,-0.01823247279903186,-0.03286213803628148,54,128
514,48,True,False,True,midpoint_with_inhaler,-0.01823247279903186,-0.03286213803628148,54,129
514,48,True,False,True,upper_bound,-0.01823247279903186,-0.027871125146861322,54,130
514,48,True,False,True,upper_bound_with_inhaler,-0.01823247279903186,-0.027871125146861322,54,131
625,12,False,False,False,one_hot,0.06226923165558238,0.06226923165558238,62,0
625,12,False,False,False,lower_bound,0.1246593717284339,0.1544465939823729,62,1
625,12,False,False,False,midpoint,0.1246593717284339,0.1608799919756372,62,2
625,12,False,False,False,midpoint_with_inhaler,0.1246593717284339,0.1608799919756372,62,3
625,12,False,False,False,upper_bound,0.1246593717284339,0.15854189191431808,62,4
625,12,False,False,False,upper_bound_with_inhaler,0.1246593717284339,0.15854189191431808,62,5
625,12,False,False,True,one_hot,0.06226923165558238,0.06226923165558238,62,6
625,12,False,False,True,lower_bound,0.1246593717284339,0.1544465939823729,62,7
625,12,False,False,True,midpoint,0.1246593717284339,0.1608799919756372,62,8
625,12,False,False,True,midpoint_with_inhaler,0.1246593717284339,0.1608799919756372,62,9
625,12,False,False,True,upper_bound,0.1246593717284339,0.15854189191431808,62,10
625,12,False,False,True,upper_bound_with_inhaler,0.1246593717284339,0.15854189191431808,62,11
625,12,False,True,False,one_hot,0.3122922545613242,0.31229225456132437,62,12
625,12,False,True,False,lower_bound,0.2884367116838008,0.14831890225126143,62,13
625,12,False,True,False,midpoint,0.2884367116838008,0.1848347904635925,62,14
625,12,False,True,False,midpoint_with_inhaler,0.2884367116838008,0.1848347904635925,62,15
625,12,False,True,False,upper_bound,0.2884367116838008,0.20956578628110697,62,16
625,12,False,True,False,upper_bound_with_inhaler,0.2884367116838008,0.20956578628110697,62,17
625,12,False,True,True,one_hot,0.3122922545613242,0.31229225456132437,62,18
625,12,False,True,True,lower_bound,0.2884367116838008,0.14831890225126143,62,19
625,12,False,True,True,midpoint,0.2884367116838008,0.1848347904635925,62,20
625,12,False,True,True,midpoint_with_inhaler,0.2884367116838008,0.1848347904635925,62,21
625,12,False,True,True,upper_bound,0.2884367116838008,0.20956578628110697,62,22
625,12,False,True,True,upper_bound_with_inhaler,0.2884367116838008,0.20956578628110697,62,23
625,12,True,False,False,one_hot,-0.09442269947092871,-0.09442269947092871,62,24
625,12,True,False,False,lower_bound,-0.10026647373418979,-0.10992793570712829,62,25
625,12,True,False,False,midpoint,-0.10026647373418979,-0.11182103903835064,62,26
625,12,True,False,False,midpoint_with_inhaler,-0.10026647373418979,-0.11182103903835064,62,27
625,12,True,False,False,upper_bound,-0.10026647373418979,-0.11226563494594499,62,28
625,12,True,False,False,upper_bound_with_inhaler,-0.10026647373418979,-0.11226563494594499,62,29
625,12,True,False,True,one_hot,-0.09442269947092871,-0.09442269947092871,62,30
625,12,True,False,True,lower_bound,-0.10026647373418979,-0.10992793570712829,62,31
625,12,True,False,True,midpoint,-0.10026647373418979,-0.11182103903835064,62,32
625,12,True,False,True,midpoint_with_inhaler,-0.10026647373418979,-0.11182103903835064,62,33
625,12,True,False,True,upper_bound,-0.10026647373418979,-0.11226563494594499,62,34
625,12,True,False,True,upper_bound_with_inhaler,-0.10026647373418979,-0.11226563494594499,62,35
625,24,False,False,False,one_hot,0.22091567135212004,0.22091567135212006,62,36
625,24,False,False,False,lower_bound,0.18595232354922342,0.06699559691833554,62,37
625,24,False,False,False,midpoint,0.18595232354922342,0.09161774458077482,62,38
625,24,False,False,False,midpoint_with_inhaler,0.18595232354922342,0.09161774458077482,62,39
625,24,False,False,False,upper_bound,0.18595232354922342,0.10752966679137757,62,40
625,24,False,False,False,upper_bound_with_inhaler,0.18595232354922342,0.10752966679137757,62,41
625,24,False,False,True,one_hot,0.22091567135212004,0.22091567135212006,62,42
625,24,False,False,True,lower_bound,0.18595232354922342,0.06699559691833554,62,43
625,24,False,False,True,midpoint,0.18595232354922342,0.09161774458077482,62,44
625,24,False,False,True,midpoint_with_inhaler,0.18595232354922342,0.09161774458077482,62,45
625,24,False,False,True,upper_bound,0.18595232354922342,0.10752966679137757,62,46
625,24,False,False,True,upper_bound_with_inhaler,0.18595232354922342,0.10752966679137757,62,47
625,24,False,True,False,one_hot,0.11491405307687387,0.11491405307687387,62,48
625,24,False,True,False,lower_bound,0.13565380523682805,0.056303921318549444,62,49
625,24,False,True,False,midpoint,0.13565380523682805,0.05858203067482144,62,50
625,24,False,True,False,midpoint_with_inhaler,0.13565380523682805,0.05858203067482144,62,51
625,24,False,True,False,upper_bound,0.13565380523682805,0.05701879408882861,62,52
625,24,False,True,False,upper_bound_with_inhaler,0.13565380523682805,0.05701879408882861,62,53
625,24,False,True,True,one_hot,0.11491405307687387,0.11491405307687387,62,54
625,24,False,True,True,lower_bound,0.13565380523682805,0.056303921318549444,62,55
625,24,False,True,True,midpoint,0.13565380523682805,0.05858203067482144,62,56
625,24,False,True,True,midpoint_with_inhaler,0.13565380523682805,0.05858203067482144,62,57
625,24,False,True,True,upper_bound,0.13565380523682805,0.05701879408882861,62,58
625,24,False,True,True,upper_bound_with_inhaler,0.13565380523682805,0.05701879408882861,62,59
625,24,True,False,False,one_hot,0.20393401596584093,0.20393401596584093,62,60
625,24,True,False,False,lower_bound,0.18479414558629542,0.08210872903199976,62,61
625,24,True,False,False,midpoint,0.18479414558629542,0.085567823654579,62,62
625,24,True,False,False,midpoint_with_inhaler,0.18479414558629542,0.085567823654579,62,63
625,24,True,False,False,upper_bound,0.18479414558629542,0.08687121253089206,62,64
625,24,True,False,False,upper_bound_with_inhaler,0.18479414558629542,0.08687121253089206,62,65
625,24,True,False,True,one_hot,0.20393401596584093,0.20393401596584093,62,66
625,24,True,False,True,lower_bound,0.18479414558629542,0.08210872903199976,62,67
625,24,True,False,True,midpoint,0.18479414558629542,0.085567823654579,62,68
625,24,True,False,True,midpoint_with_inhaler,0.18479414558629542,0.085567823654579,62,69
625,24,True,False,True,upper_bound,0.18479414558629542,0.08687121253089206,62,70
625,24,True,False,True,upper_bound_with_inhaler,0.18479414558629542,0.08687121253089206,62,71
625,36,False,False,False,one_hot,-0.1321764780955768,-0.1321764780955768,62,72
625,36,False,False,False,lower_bound,-0.015064028445189084,0.05086855524104298,62,73
625,36,False,False,False,midpoint,-0.015064028445189084,0.04026685436040576,62,74
625,36,False,False,False,midpoint_with_inhaler,-0.015064028445189084,0.04026685436040576,62,75
625,36,False,False,False,upper_bound,-0.015064028445189084,0.030959409683796745,62,76
625,36,False,False,False,upper_bound_with_inhaler,-0.015064028445189084,0.030959409683796745,62,77
625,36,False,False,True,one_hot,-0.1321764780955768,-0.1321764780955768,62,78
625,36,False,False,True,lower_bound,-0.015064028445189084,0.05086855524104298,62,79
625,36,False,False,True,midpoint,-0.015064028445189084,0.04026685436040576,62,80
625,36,False,False,True,midpoint_with_inhaler,-0.015064028445189084,0.04026685436040576,62,81
625,36,False,False,True,upper_bound,-0.015064028445189084,0.030959409683796745,62,82
625,36,False,False,True,upper_bound_with_inhaler,-0.015064028445189084,0.030959409683796745,62,83
625,36,True,False,False,one_hot,0.1820769572675913,0.1820769572675913,62,84
625,36,True,False,False,lower_bound,0.18525979956160485,0.023142690746292268,62,85
625,36,True,False,False,midpoint,0.18525979956160485,0.031206433430154303,62,86
625,36,True,False,False,midpoint_with_inhaler,0.18525979956160485,0.031206433430154303,62,87
625,36,True,False,False,upper_bound,0.18525979956160485,0.03656099925711814,62,88
625,36,True,False,False,upper_bound_with_inhaler,0.18525979956160485,0.03656099925711814,62,89
625,36,True,False,True,one_hot,0.1820769572675913,0.1820769572675913,62,90
625,36,True,False,True,lower_bound,0.18525979956160485,0.023142690746292268,62,91
625,36,True,False,True,midpoint,0.18525979956160485,0.031206433430154303,62,92
625,36,True,False,True,midpoint_with_inhaler,0.18525979956160485,0.031206433430154303,62,93
625,36,True,False,True,upper_bound,0.18525979956160485,0.03656099925711814,62,94
625,36,True,False,True,upper_bound_with_inhaler,0.18525979956160485,0.03656099925711814,62,95
625,48,False,False,False,one_hot,0.0455123803249756,0.0455123803249756,62,96
625,48,False,False,False,lower_bound,0.17787888049393086,0.09497469426764929,62,97
625,48,False,False,False,midpoint,0.17787888049393086,0.08473055766545999,62,98
625,48,False,False,False,midpoint_with_inhaler,0.17787888049393086,0.08473055766545999,62,99
625,48,False,False,False,upper_bound,0.17787888049393086,0.07314605404785615,62,100
625,48,False,False,False,upper_bound_with_inhaler,0.17787888049393086,0.07314605404785615,62,101
625,48,False,False,True,one_hot,0.0455123803249756,0.0455123803249756,62,102
625,48,False,False,True,lower_bound,0.17787888049393086,0.09497469426764929,62,103
625,48,False,False,True,midpoint,0.17787888049393086,0.08473055766545999,62,104
625,48,False,False,True,midpoint_with_inhaler,0.17787888049393086,0.08473055766545999,62,105
625,48,False,False,True,upper_bound,0.17787888049393086,0.07314605404785615,62,106
625,48,False,False,True,upper_bound_with_inhaler,0.17787888049393086,0.07314605404785615,62,107
625,48,False,True,False,one_hot,-0.07223348075581648,-0.07223348075581651,62,108
625,48,False,True,False,lower_bound,-0.024890033684234696,-0.012680407939472891,62,109
625,48,False,True,False,midpoint,-0.024890033684234696,-0.031246981756077,62,110
625,48,False,True,False,midpoint_with_inhaler,-0.024890033684234696,-0.031246981756077,62,111
625,48,False,True,False,upper_bound,-0.024890033684234696,-0.04511376286344415,62,112
625,48,False,True,False,upper_bound_with_inhaler,-0.024890033684234696,-0.04511376286344415,62,113
625,48,False,True,True,one_hot,-0.07223348075581648,-0.07223348075581651,62,114
625,48,False,True,True,lower_bound,-0.024890033684234696,-0.012680407939472891,62,115
625,48,False,True,True,midpoint,-0.024890033684234696,-0.031246981756077,62,116
625,48,False,True,True,midpoint_with_inhaler,-0.024890033684234696,-0.031246981756077,62,117
625,48,False,True,True,upper_bound,-0.024890033684234696,-0.04511376286344415,62,118
625,48,False,True,True,upper_bound_with_inhaler,-0.024890033684234696,-0.04511376286344415,62,119
625,48,True,False,False,one_hot,0.05586488589050537,0.05586488589050537,62,120
625,48,True,False,False,lower_bound,0.054883016469688156,0.07882084276463505,62,121
625,48,True,False,False,midpoint,0.054883016469688156,0.1009505388371674,62,122
625,48,True,False,False,midpoint_with_inhaler,0.054883016469688156,0.1009505388371674,62,123
625,48,True,False,False,upper_bound,0.054883016469688156,0.11388334824594191,62,124
625,48,True,False,False,upper_bound_with_inhaler,0.054883016469688156,0.11388334824594191,62,125
625,48,True,False,True,one_hot,0.05586488589050537,0.05586488589050537,62,126
625,48,True,False,True,lower_bound,0.054883016469688156,0.07882084276463505,62,127
625,48,True,False,True,midpoint,0.054883016469688156,0.1009505388371674,62,128
625,48,True,False,True,midpoint_with_inhaler,0.054883016469688156,0.1009505388371674,62,129
625,48,True,False,True,upper_bound,0.054883016469688156,0.11388334824594191,62,130
625,48,True,False,True,upper_bound_with_inhaler,0.054883016469688156,0.11388334824594191,62,131
701,12,False,False,False,one_hot,,,127,0
701,12,False,False,False,lower_bound,-0.05009073632756997,-0.05062354946303044,127,1
701,12,False,False,False,midpoint,-0.05009073632756997,-0.06689532509278026,127,2
701,12,False,False,False,midpoint_with_inhaler,-0.05009073632756997,-0.06689532509278026,127,3
701,12,False,False,False,upper_bound,-0.05009073632756997,-0.07344436302704282,127,4
701,12,False,False,False,upper_bound_with_inhaler,-0.05009073632756997,-0.07344436302704282,127,5
701,12,False,False,True,one_hot,,,127,6
701,12,False,False,True,lower_bound,-0.05009073632756997,-0.05062354946303044,127,7
701,12,False,False,True,midpoint,-0.05009073632756997,-0.06689532509278026,127,8
701,12,False,False,True,midpoint_with_inhaler,-0.05009073632756997,-0.06689532509278026,127,9
701,12,False,False,True,upper_bound,-0.05009073632756997,-0.07344436302704282,127,10
701,12,False,False,True,upper_bound_with_inhaler,-0.05009073632756997,-0.07344436302704282,127,11
701,12,False,True,False,one_hot,,,127,12
701,12,False,True,False,lower_bound,-0.03283156305502209,-0.021025161044437708,127,13
701,12,False,True,False,midpoint,-0.03283156305502209,-0.03938587641071247,127,14
701,12,False,True,False,midpoint_with_inhaler,-0.03283156305502209,-0.03938587641071247,127,15
701,12,False,True,False,upper_bound,-0.03283156305502209,-0.0520065505866998,127,16
701,12,False,True,False,upper_bound_with_inhaler,-0.03283156305502209,-0.0520065505866998,127,17
701,12,False,True,True,one_hot,,,127,18
701,12,False,True,True,lower_bound,-0.03283156305502209,-0.021025161044437708,127,19
701,12,False,True,True,midpoint,-0.03283156305502209,-0.03938587641071247,127,20
701,12,False,True,True,midpoint_with_inhaler,-0.03283156305502209,-0.03938587641071247,127,21
701,12,False,True,True,upper_bound,-0.03283156305502209,-0.0520065505866998,127,22
701,12,False,True,True,upper_bound_with_inhaler,-0.03283156305502209,-0.0520065505866998,127,23
701,12,True,False,False,one_hot,,,127,24
701,12,True,False,False,lower_bound,-0.033900040512996076,0.003047929191166896,127,25
701,12,True,False,False,midpoint,-0.033900040512996076,-0.007747920732168399,127,26
701,12,True,False,False,midpoint_with_inhaler,-0.033900040512996076,-0.007747920732168399,127,27
701,12,True,False,False,upper_bound,-0.033900040512996076,-0.01226973410739757,127,28
701,12,True,False,False,upper_bound_with_inhaler,-0.033900040512996076,-0.01226973410739757,127,29
701,12,True,False,True,one_hot,,,127,30
701,12,True,False,True,lower_bound,-0.033900040512996076,0.003047929191166896,127,31
701,12,True,False,True,midpoint,-0.033900040512996076,-0.007747920732168399,127,32
701,12,True,False,True,midpoint_with_inhaler,-0.033900040512996076,-0.007747920732168399,127,33
701,12,True,False,True,upper_bound,-0.033900040512996076,-0.01226973410739757,127,34
701,12,True,False,True,upper_bound_with_inhaler,-0.033900040512996076,-0.01226973410739757,127,35
701,24,False,False,False,one_hot,,,127,36
701,24,False,False,False,lower_bound,-0.030349531745584222,0.03152331881021292,127,37
701,24,False,False,False,midpoint,-0.030349531745584222,0.0064470975687287825,127,38
701,24,False,False,False,midpoint_with_inhaler,-0.030349531745584222,0.0064470975687287825,127,39
701,24,False,False,False,upper_bound,-0.030349531745584222,-0.010773364780429019,127,40
701,24,False,False,False,upper_bound_with_inhaler,-0.030349531745584222,-0.010773364780429019,127,41
701,24,False,False,True,one_hot,,,127,42
701,24,False,False,True,lower_bound,-0.030349531745584222,0.03152331881021292,127,43
701,24,False,False,True,midpoint,-0.030349531745584222,0.0064470975687287825,127,44
701,24,False,False,True,midpoint_with_inhaler,-0.030349531745584222,0.0064470975687287825,127,45
701,24,False,False,True,upper_bound,-0.030349531745584222,-0.010773364780429019,127,46
701,24,False,False,True,upper_bound_with_inhaler,-0.030349531745584222,-0.010773364780429019,127,47
701,24,False,True,False,one_hot,,,127,48
701,24,False,True,False,lower_bound,-0.03626780387529809,-0.018438625393367616,127,49
701,24,False,True,False,midpoint,-0.03626780387529809,-0.01776602947690861,127,50
701,24,False,True,False,midpoint_with_inhaler,-0.03626780387529809,-0.01776602947690861,127,51
701,24,False,True,False,upper_bound,-0.03626780387529809,-0.015287099324547523,127,52
701,24,False,True,False,upper_bound_with_inhaler,-0.03626780387529809,-0.015287099324547523,127,53
701,24,False,True,True,one_hot,,,127,54
701,24,False,True,True,lower_bound,-0.03626780387529809,-0.018438625393367616,127,55
701,24,False,True,True,midpoint,-0.03626780387529809,-0.01776602947690861,127,56
701,24,False,True,True,midpoint_with_inhaler,-0.03626780387529809,-0.01776602947690861,127,57
701,24,False,True,True,upper_bound,-0.03626780387529809,-0.015287099324547523,127,58
701,24,False,True,True,upper_bound_with_inhaler,-0.03626780387529809,-0.015287099324547523,127,59
701,24,True,False,False,one_hot,,,127,60
701,24,True,False,False,lower_bound,0.03336390882064657,0.03737149859517585,127,61
701,24,True,False,False,midpoint,0.03336390882064657,0.05445396780171363,127,62
701,24,True,False,False,midpoint_with_inhaler,0.03336390882064657,0.05445396780171363,127,63
701,24,True,False,False,upper_bound,0.03336390882064657,0.06872715635677376,127,64
701,24,True,False,False,upper_bound_with_inhaler,0.03336390882064657,0.06872715635677376,127,65
701,24,True,False,True,one_hot,,,127,66
701,24,True,False,True,lower_bound,0.03336390882064657,0.03737149859517585,127,67
701,24,True,False,True,midpoint,0.03336390882064657,0.05445396780171363,127,68
701,24,True,False,True,midpoint_with_inhaler,0.03336390882064657,0.05445396780171363,127,69
701,24,True,False,True,upper_bound,0.03336390882064657,0.06872715635677376,127,70
701,24,True,False,True,upper_bound_with_inhaler,0.03336390882064657,0.06872715635677376,127,71
701,36,False,False,False,one_hot,,,127,72
701,36,False,False,False,lower_bound,0.160607848111378,0.13839447351259912,127,73
701,36,False,False,False,midpoint,0.160607848111378,0.14355390363752235,127,74
701,36,False,False,False,midpoint_with_inhaler,0.160607848111378,0.14355390363752235,127,75
701,36,False,False,False,upper_bound,0.160607848111378,0.1436192760512426,127,76
701,36,False,False,False,upper_bound_with_inhaler,0.160607848111378,0.1436192760512426,127,77
701,36,False,False,True,one_hot,,,127,78
701,36,False,False,True,lower_bound,0.160607848111378,0.13839447351259912,127,79
701,36,False,False,True,midpoint,0.160607848111378,0.14355390363752235,127,80
701,36,False,False,True,midpoint_with_inhaler,0.160607848111378,0.14355390363752235,127,81
701,36,False,False,True,upper_bound,0.160607848111378,0.1436192760512426,127,82
701,36,False,False,True,upper_bound_with_inhaler,0.160607848111378,0.1436192760512426,127,83
701,36,True,False,False,one_hot,,,127,84
701,36,True,False,False,lower_bound,0.0826537132451021,0.07003393229379147,127,85
701,36,True,False,False,midpoint,0.0826537132451021,0.06888534626016857,127,86
701,36,True,False,False,midpoint_with_inhaler,0.0826537132451021,0.06888534626016857,127,87
701,36,True,False,False,upper_bound,0.0826537132451021,0.06688351668470763,127,88
701,36,True,False,False,upper_bound_with_inhaler,0.0826537132451021,0.06688351668470763,127,89
701,36,True,False,True,one_hot,,,127,90
701,36,True,False,True,lower_bound,0.0826537132451021,0.07003393229379147,127,91
701,36,True,False,True,midpoint,0.0826537132451021,0.06888534626016857,127,92
701,36,True,False,True,midpoint_with_inhaler,0.0826537132451021,0.06888534626016857,127,93
701,36,True,False,True,upper_bound,0.0826537132451021,0.06688351668470763,127,94
701,36,True,False,True,upper_bound_with_inhaler,0.0826537132451021,0.06688351668470763,127,95
701,48,False,False,False,one_hot,,,127,96
701,48,False,False,False,lower_bound,0.05503588070737673,0.0737183866082499,127,97
701,48,False,False,False,midpoint,0.05503588070737673,0.06264591000209391,127,98
701,48,False,False,False,midpoint_with_inhaler,0.05503588070737673,0.06264591000209391,127,99
701,48,False,False,False,upper_bound,0.05503588070737673,0.050187766740696256,127,100
701,48,False,False,False,upper_bound_with_inhaler,0.05503588070737673,0.050187766740696256,127,101
701,48,False,False,True,one_hot,,,127,102
701,48,False,False,True,lower_bound,0.05503588070737673,0.0737183866082499,127,103
701,48,False,False,True,midpoint,0.05503588070737673,0.06264591000209391,127,104
701,48,False,False,True,midpoint_with_inhaler,0.05503588070737673,0.06264591000209391,127,105
701,48,False,False,True,upper_bound,0.05503588070737673,0.050187766740696256,127,106
701,48,False,False,True,upper_bound_with_inhaler,0.05503588070737673,0.050187766740696256,127,107
701,48,False,True,False,one_hot,,,127,108
701,48,False,True,False,lower_bound,0.020041877060375562,0.05714264512472445,127,109
701,48,False,True,False,midpoint,0.020041877060375562,0.05381949566867182,127,110
701,48,False,True,False,midpoint_with_inhaler,0.020041877060375562,0.05381949566867182,127,111
701,48,False,True,False,upper_bound,0.020041877060375562,0.05083162514449169,127,112
701,48,False,True,False,upper_bound_with_inhaler,0.020041877060375562,0.05083162514449169,127,113
701,48,False,True,True,one_hot,,,127,114
701,48,False,True,True,lower_bound,0.020041877060375562,0.05714264512472445,127,115
701,48,False,True,True,midpoint,0.020041877060375562,0.05381949566867182,127,116
701,48,False,True,True,midpoint_with_inhaler,0.020041877060375562,0.05381949566867182,127,117
701,48,False,True,True,upper_bound,0.020041877060375562,0.05083162514449169,127,118
701,48,False,True,True,upper_bound_with_inhaler,0.020041877060375562,0.05083162514449169,127,119
701,48,True,False,False,one_hot,,,127,120
701,48,True,False,False,lower_bound,0.04642671304704758,0.03658334432998465,127,121
701,48,True,False,False,midpoint,0.04642671304704758,0.0420617922883031,127,122
701,48,True,False,False,midpoint_with_inhaler,0.04642671304704758,0.0420617922883031,127,123
701,48,True,False,False,upper_bound,0.04642671304704758,0.045407557412996846,127,124
701,48,True,False,False,upper_bound_with_inhaler,0.04642671304704758,0.045407557412996846,127,125
701,48,True,False,True,one_hot,,,127,126
701,48,True,False,True,lower_bound,0.04642671304704758,0.03658334432998465,127,127
701,48,True,False,True,midpoint,0.04642671304704758,0.0420617922883031,127,128
701,48,True,False,True,midpoint_with_inhaler,0.04642671304704758,0.0420617922883031,127,129
701,48,True,False,True,upper_bound,0.04642671304704758,0.045407557412996846,127,130
701,48,True,False,True,upper_bound_with_inhaler,0.04642671304704758,0.045407557412996846,127,131
702,12,False,False,False,one_hot,0.625115727973626,0.625115727973626,124,0
702,12,False,False,False,lower_bound,0.6670826198345898,0.9367899998976442,124,1
702,12,False,False,False,midpoint,0.6670826198345898,0.849660962215033,124,2
702,12,False,False,False,midpoint_with_inhaler,0.6670826198345898,0.849660962215033,124,3
702,12,False,False,False,upper_bound,0.6670826198345898,0.794317131514028,124,4
702,12,False,False,False,upper_bound_with_inhaler,0.6670826198345898,0.794317131514028,124,5
702,12,False,False,True,one_hot,0.625115727973626,0.625115727973626,124,6
702,12,False,False,True,lower_bound,0.6670826198345898,0.9367899998976442,124,7
702,12,False,False,True,midpoint,0.6670826198345898,0.849660962215033,124,8
702,12,False,False,True,midpoint_with_inhaler,0.6670826198345898,0.849660962215033,124,9
702,12,False,False,True,upper_bound,0.6670826198345898,0.794317131514028,124,10
702,12,False,False,True,upper_bound_with_inhaler,0.6670826198345898,0.794317131514028,124,11
702,12,False,True,False,one_hot,0.4355183838088151,0.4355183838088151,124,12
702,12,False,True,False,lower_bound,0.5215606751721518,0.5793576294773384,124,13
702,12,False,True,False,midpoint,0.5215606751721518,0.5692508806232085,124,14
702,12,False,True,False,midpoint_with_inhaler,0.5215606751721518,0.5692508806232085,124,15
702,12,False,True,False,upper_bound,0.5215606751721518,0.5569641075986477,124,16
702,12,False,True,False,upper_bound_with_inhaler,0.5215606751721518,0.5569641075986477,124,17
702,12,False,True,True,one_hot,0.4355183838088151,0.4355183838088151,124,18
702,12,False,True,True,lower_bound,0.5215606751721518,0.5793576294773384,124,19
702,12,False,True,True,midpoint,0.5215606751721518,0.5692508806232085,124,20
702,12,False,True,True,midpoint_with_inhaler,0.5215606751721518,0.5692508806232085,124,21
702,12,False,True,True,upper_bound,0.5215606751721518,0.5569641075986477,124,22
702,12,False,True,True,upper_bound_with_inhaler,0.5215606751721518,0.5569641075986477,124,23
702,12,True,False,False,one_hot,0.4276907805520911,0.4276907805520911,124,24
702,12,True,False,False,lower_bound,0.5178355298656122,0.8823014169168979,124,25
702,12,True,False,False,midpoint,0.5178355298656122,0.849570494600135,124,26
702,12,True,False,False,midpoint_with_inhaler,0.5178355298656122,0.849570494600135,124,27
702,12,True,False,False,upper_bound,0.5178355298656122,0.8216671342967783,124,28
702,12,True,False,False,upper_bound_with_inhaler,0.5178355298656122,0.8216671342967783,124,29
702,12,True,False,True,one_hot,0.4276907805520911,0.4276907805520911,124,30
702,12,True,False,True,lower_bound,0.5178355298656122,0.8823014169168979,124,31
702,12,True,False,True,midpoint,0.5178355298656122,0.849570494600135,124,32
702,12,True,False,True,midpoint_with_inhaler,0.5178355298656122,0.849570494600135,124,33
702,12,True,False,True,upper_bound,0.5178355298656122,0.8216671342967783,124,34
702,12,True,False,True,upper_bound_with_inhaler,0.5178355298656122,0.8216671342967783,124,35
702,24,False,False,False,one_hot,0.5857822778952733,0.5857822778952734,124,36
702,24,False,False,False,lower_bound,0.6851599717009609,1.131219049526663,124,37
702,24,False,False,False,midpoint,0.6851599717009609,1.070152298702447,124,38
702,24,False,False,False,midpoint_with_inhaler,0.6851599717009609,1.070152298702447,124,39
702,24,False,False,False,upper_bound,0.6851599717009609,1.0210483134901784,124,40
702,24,False,False,False,upper_bound_with_inhaler,0.6851599717009609,1.0210483134901784,124,41
702,24,False,False,True,one_hot,0.5857822778952733,0.5857822778952734,124,42
702,24,False,False,True,lower_bound,0.6851599717009609,1.131219049526663,124,43
702,24,False,False,True,midpoint,0.6851599717009609,1.070152298702447,124,44
702,24,False,False,True,midpoint_with_inhaler,0.6851599717009609,1.070152298702447,124,45
702,24,False,False,True,upper_bound,0.6851599717009609,1.0210483134901784,124,46
702,24,False,False,True,upper_bound_with_inhaler,0.6851599717009609,1.0210483134901784,124,47
702,24,False,True,False,one_hot,0.5577580700873133,0.5577580700873133,124,48
702,24,False,True,False,lower_bound,0.6389995233989153,1.049958040235532,124,49
702,24,False,True,False,midpoint,0.6389995233989153,0.9947389592156305,124,50
702,24,False,True,False,midpoint_with_inhaler,0.6389995233989153,0.9947389592156305,124,51
702,24,False,True,False,upper_bound,0.6389995233989153,0.9527023337153829,124,52
702,24,False,True,False,upper_bound_with_inhaler,0.6389995233989153,0.9527023337153829,124,53
702,24,False,True,True,one_hot,0.5577580700873133,0.5577580700873133,124,54
702,24,False,True,True,lower_bound,0.6389995233989153,1.049958040235532,124,55
702,24,False,True,True,midpoint,0.6389995233989153,0.9947389592156305,124,56
702,24,False,True,True,midpoint_with_inhaler,0.6389995233989153,0.9947389592156305,124,57
702,24,False,True,True,upper_bound,0.6389995233989153,0.9527023337153829,124,58
702,24,False,True,True,upper_bound_with_inhaler,0.6389995233989153,0.9527023337153829,124,59
702,24,True,False,False,one_hot,0.5200338534288845,0.5200338534288848,124,60
702,24,True,False,False,lower_bound,0.62910901881438,1.0881116307670844,124,61
702,24,True,False,False,midpoint,0.62910901881438,1.0179911641619475,124,62
702,24,True,False,False,midpoint_with_inhaler,0.62910901881438,1.0179911641619475,124,63
702,24,True,False,False,upper_bound,0.62910901881438,0.9649548058416093,124,64
702,24,True,False,False,upper_bound_with_inhaler,0.62910901881438,0.9649548058416093,124,65
702,24,True,False,True,one_hot,0.5200338534288845,0.5200338534288848,124,66
702,24,True,False,True,lower_bound,0.62910901881438,1.0881116307670844,124,67
702,24,True,False,True,midpoint,0.62910901881438,1.0179911641619475,124,68
702,24,True,False,True,midpoint_with_inhaler,0.62910901881438,1.0179911641619475,124,69
702,24,True,False,True,upper_bound,0.62910901881438,0.9649548058416093,124,70
702,24,True,False,True,upper_bound_with_inhaler,0.62910901881438,0.9649548058416093,124,71
702,36,False,False,False,one_hot,0.5286155577840619,0.5286155577840619,124,72
702,36,False,False,False,lower_bound,0.6696222368706105,1.193653237310186,124,73
702,36,False,False,False,midpoint,0.6696222368706105,1.151882364045607,124,74
702,36,False,False,False,midpoint_with_inhaler,0.6696222368706105,1.151882364045607,124,75
702,36,False,False,False,upper_bound,0.6696222368706105,1.1065354436411694,124,76
702,36,False,False,False,upper_bound_with_inhaler,0.6696222368706105,1.1065354436411694,124,77
702,36,False,False,True,one_hot,0.5286155577840619,0.5286155577840619,124,78
702,36,False,False,True,lower_bound,0.6696222368706105,1.193653237310186,124,79
702,36,False,False,True,midpoint,0.6696222368706105,1.151882364045607,124,80
702,36,False,False,True,midpoint_with_inhaler,0.6696222368706105,1.151882364045607,124,81
702,36,False,False,True,upper_bound,0.6696222368706105,1.1065354436411694,124,82
702,36,False,False,True,upper_bound_with_inhaler,0.6696222368706105,1.1065354436411694,124,83
702,36,True,False,False,one_hot,0.3412259457215986,0.3412259457215986,124,84
702,36,True,False,False,lower_bound,0.4137539073238102,0.6837988400247922,124,85
702,36,True,False,False,midpoint,0.4137539073238102,0.6361945700026846,124,86
702,36,True,False,False,midpoint_with_inhaler,0.4137539073238102,0.6361945700026846,124,87
702,36,True,False,False,upper_bound,0.4137539073238102,0.5980251927196651,124,88
702,36,True,False,False,upper_bound_with_inhaler,0.4137539073238102,0.5980251927196651,124,89
702,36,True,False,True,one_hot,0.3412259457215986,0.3412259457215986,124,90
702,36,True,False,True,lower_bound,0.4137539073238102,0.6837988400247922,124,91
702,36,True,False,True,midpoint,0.4137539073238102,0.6361945700026846,124,92
702,36,True,False,True,midpoint_with_inhaler,0.4137539073238102,0.6361945700026846,124,93
702,36,True,False,True,upper_bound,0.4137539073238102,0.5980251927196651,124,94
702,36,True,False,True,upper_bound_with_inhaler,0.4137539073238102,0.5980251927196651,124,95
702,48,False,False,False,one_hot,0.3778278777000876,0.37782787770008736,124,96
702,48,False,False,False,lower_bound,0.565636330768924,1.0492483812438993,124,97
702,48,False,False,False,midpoint,0.565636330768924,1.0168602032302767,124,98
702,48,False,False,False,midpoint_with_inhaler,0.565636330768924,1.0168602032302767,124,99
702,48,False,False,False,upper_bound,0.565636330768924,0.9802374897929219,124,100
702,48,False,False,False,upper_bound_with_inhaler,0.565636330768924,0.9802374897929219,124,101
702,48,False,False,True,one_hot,0.3778278777000876,0.37782787770008736,124,102
702,48,False,False,True,lower_bound,0.565636330768924,1.0492483812438993,124,103
702,48,False,False,True,midpoint,0.565636330768924,1.0168602032302767,124,104
702,48,False,False,True,midpoint_with_inhaler,0.565636330768924,1.0168602032302767,124,105
702,48,False,False,True,upper_bound,0.565636330768924,0.9802374897929219,124,106
702,48,False,False,True,upper_bound_with_inhaler,0.565636330768924,0.9802374897929219,124,107
702,48,False,True,False,one_hot,0.22686575031573314,0.22686575031573314,124,108
702,48,False,True,False,lower_bound,0.29221912042931364,0.4353411387673456,124,109
702,48,False,True,False,midpoint,0.29221912042931364,0.40323015081196545,124,110
702,48,False,True,False,midpoint_with_inhaler,0.29221912042931364,0.40323015081196545,124,111
702,48,False,True,False,upper_bound,0.29221912042931364,0.3779835049519731,124,112
702,48,False,True,False,upper_bound_with_inhaler,0.29221912042931364,0.3779835049519731,124,113
702,48,False,True,True,one_hot,0.22686575031573314,0.22686575031573314,124,114
702,48,False,True,True,lower_bound,0.29221912042931364,0.4353411387673456,124,115
702,48,False,True,True,midpoint,0.29221912042931364,0.40323015081196545,124,116
702,48,False,True,True,midpoint_with_inhaler,0.29221912042931364,0.40323015081196545,124,117
702,48,False,True,True,upper_bound,0.29221912042931364,0.3779835049519731,124,118
702,48,False,True,True,upper_bound_with_inhaler,0.29221912042931364,0.3779835049519731,124,119
702,48,True,False,False,one_hot,0.4276907805520911,0.4276907805520911,124,120
702,48,True,False,False,lower_bound,0.47699866073039804,0.6149401947011859,124,121
702,48,True,False,False,midpoint,0.47699866073039804,0.5954350150930069,124,122
702,48,True,False,False,midpoint_with_inhaler,0.47699866073039804,0.5954350150930069,124,123
702,48,True,False,False,upper_bound,0.47699866073039804,0.5770489059416544,124,124
702,48,True,False,False,upper_bound_with_inhaler,0.47699866073039804,0.5770489059416544,124,125
702,48,True,False,True,one_hot,0.4276907805520911,0.4276907805520911,124,126
702,48,True,False,True,lower_bound,0.47699866073039804,0.6149401947011859,124,127
702,48,True,False,True,midpoint,0.47699866073039804,0.5954350150930069,124,128
702,48,True,False,True,midpoint_with_inhaler,0.47699866073039804,0.5954350150930069,124,129
702,48,True,False,True,upper_bound,0.47699866073039804,0.5770489059416544,124,130
702,48,True,False,True,upper_bound_with_inhaler,0.47699866073039804,0.5770489059416544,124,131
917,12,False,False,False,one_hot,1.0986122886681098,1.0986122886681098,9,0
917,12,False,False,False,lower_bound,1.369425150625599,1.508546891090028,9,1
917,12,False,False,False,midpoint,1.369425150625599,1.5955332163667915,9,2
917,12,False,False,False,midpoint_with_inhaler,1.369425150625599,1.5955332163667915,9,3
917,12,False,False,False,upper_bound,1.369425150625599,1.60473394696126,9,4
917,12,False,False,False,upper_bound_with_inhaler,1.369425150625599,1.60473394696126,9,5
917,12,False,False,True,one_hot,1.0986122886681098,1.0986122886681098,9,6
917,12,False,False,True,lower_bound,1.369425150625599,1.508546891090028,9,7
917,12,False,False,True,midpoint,1.369425150625599,1.5955332163667915,9,8
917,12,False,False,True,midpoint_with_inhaler,1.369425150625599,1.5955332163667915,9,9
917,12,False,False,True,upper_bound,1.369425150625599,1.60473394696126,9,10
917,12,False,False,True,upper_bound_with_inhaler,1.369425150625599,1.60473394696126,9,11
917,12,False,True,False,one_hot,0.4180480042601457,0.4180480042601458,9,12
917,12,False,True,False,lower_bound,0.8332341464454481,0.8627010130355793,9,13
917,12,False,True,False,midpoint,0.8332341464454481,0.8607380939578321,9,14
917,12,False,True,False,midpoint_with_inhaler,0.8332341464454481,0.8607380939578321,9,15
917,12,False,True,False,upper_bound,0.8332341464454481,0.839874013566124,9,16
917,12,False,True,False,upper_bound_with_inhaler,0.8332341464454481,0.839874013566124,9,17
917,12,False,True,True,one_hot,0.4180480042601457,0.4180480042601458,9,18
917,12,False,True,True,lower_bound,0.8332341464454481,0.8627010130355793,9,19
917,12,False,True,True,midpoint,0.8332341464454481,0.8607380939578321,9,20
917,12,False,True,True,midpoint_with_inhaler,0.8332341464454481,0.8607380939578321,9,21
917,12,False,True,True,upper_bound,0.8332341464454481,0.839874013566124,9,22
917,12,False,True,True,upper_bound_with_inhaler,0.8332341464454481,0.839874013566124,9,23
917,12,True,False,False,one_hot,0.4180480042601457,0.4180480042601458,9,24
917,12,True,False,False,lower_bound,0.5244563100579188,0.7365200430813368,9,25
917,12,True,False,False,midpoint,0.5244563100579188,0.8320703619950742,9,26
917,12,True,False,False,midpoint_with_inhaler,0.5244563100579188,0.8320703619950742,9,27
917,12,True,False,False,upper_bound,0.5244563100579188,0.8813735870195429,9,28
917,12,True,False,False,upper_bound_with_inhaler,0.5244563100579188,0.8813735870195429,9,29
917,12,True,False,True,one_hot,0.4180480042601457,0.4180480042601458,9,30
917,12,True,False,True,lower_bound,0.5244563100579188,0.7365200430813368,9,31
917,12,True,False,True,midpoint,0.5244563100579188,0.8320703619950742,9,32
917,12,True,False,True,midpoint_with_inhaler,0.5244563100579188,0.8320703619950742,9,33
917,12,True,False,True,upper_bound,0.5244563100579188,0.8813735870195429,9,34
917,12,True,False,True,upper_bound_with_inhaler,0.5244563100579188,0.8813735870195429,9,35
917,24,False,False,False,one_hot,,,9,36
917,24,False,False,False,lower_bound,0.8160725805236702,0.7988890412832663,9,37
917,24,False,False,False,midpoint,0.8160725805236702,0.9012836999464422,9,38
917,24,False,False,False,midpoint_with_inhaler,0.8160725805236702,0.9012836999464422,9,39
917,24,False,False,False,upper_bound,0.8160725805236702,0.9661733671251899,9,40
917,24,False,False,False,upper_bound_with_inhaler,0.8160725805236702,0.9661733671251899,9,41
917,24,False,False,True,one_hot,,,9,42
917,24,False,False,True,lower_bound,0.8160725805236702,0.7988890412832663,9,43
917,24,False,False,True,midpoint,0.8160725805236702,0.9012836999464422,9,44
917,24,False,False,True,midpoint_with_inhaler,0.8160725805236702,0.9012836999464422,9,45
917,24,False,False,True,upper_bound,0.8160725805236702,0.9661733671251899,9,46
917,24,False,False,True,upper_bound_with_inhaler,0.8160725805236702,0.9661733671251899,9,47
917,24,False,True,False,one_hot,0.6894278330666723,0.6894278330666723,9,48
917,24,False,True,False,lower_bound,0.8332341464454481,1.0095852860300658,9,49
917,24,False,True,False,midpoint,0.8332341464454481,1.0955050625838174,9,50
917,24,False,True,False,midpoint_with_inhaler,0.8332341464454481,1.0955050625838174,9,51
917,24,False,True,False,upper_bound,0.8332341464454481,1.1275023745613129,9,52
917,24,False,True,False,upper_bound_with_inhaler,0.8332341464454481,1.1275023745613129,9,53
917,24,False,True,True,one_hot,0.6894278330666723,0.6894278330666723,9,54
917,24,False,True,True,lower_bound,0.8332341464454481,1.0095852860300658,9,55
917,24,False,True,True,midpoint,0.8332341464454481,1.0955050625838174,9,56
917,24,False,True,True,midpoint_with_inhaler,0.8332341464454481,1.0955050625838174,9,57
917,24,False,True,True,upper_bound,0.8332341464454481,1.1275023745613129,9,58
917,24,False,True,True,upper_bound_with_inhaler,0.8332341464454481,1.1275023745613129,9,59
917,24,True,False,False,one_hot,0.4180480042601457,0.4180480042601458,9,60
917,24,True,False,False,lower_bound,0.9975672940503284,0.9326939622902116,9,61
917,24,True,False,False,midpoint,0.9975672940503284,1.0037594946820765,9,62
917,24,True,False,False,midpoint_with_inhaler,0.9975672940503284,1.0037594946820765,9,63
917,24,True,False,False,upper_bound,0.9975672940503284,1.0461845544216688,9,64
917,24,True,False,False,upper_bound_with_inhaler,0.9975672940503284,1.0461845544216688,9,65
917,24,True,False,True,one_hot,0.4180480042601457,0.4180480042601458,9,66
917,24,True,False,True,lower_bound,0.9975672940503284,0.9326939622902116,9,67
917,24,True,False,True,midpoint,0.9975672940503284,1.0037594946820765,9,68
917,24,True,False,True,midpoint_with_inhaler,0.9975672940503284,1.0037594946820765,9,69
917,24,True,False,True,upper_bound,0.9975672940503284,1.0461845544216688,9,70
917,24,True,False,True,upper_bound_with_inhaler,0.9975672940503284,1.0461845544216688,9,71
917,36,False,False,False,one_hot,,,9,72
917,36,False,False,False,lower_bound,0.5244563100579186,0.8112698538537293,9,73
917,36,False,False,False,midpoint,0.5244563100579186,0.7345393349508529,9,74
917,36,False,False,False,midpoint_with_inhaler,0.5244563100579186,0.7345393349508529,9,75
917,36,False,False,False,upper_bound,0.5244563100579186,0.6807614011272394,9,76
917,36,False,False,False,upper_bound_with_inhaler,0.5244563100579186,0.6807614011272394,9,77
917,36,False,False,True,one_hot,,,9,78
917,36,False,False,True,lower_bound,0.5244563100579186,0.8112698538537293,9,79
917,36,False,False,True,midpoint,0.5244563100579186,0.7345393349508529,9,80
917,36,False,False,True,midpoint_with_inhaler,0.5244563100579186,0.7345393349508529,9,81
917,36,False,False,True,upper_bound,0.5244563100579186,0.6807614011272394,9,82
917,36,False,False,True,upper_bound_with_inhaler,0.5244563100579186,0.6807614011272394,9,83
917,36,True,False,False,one_hot,,,9,84
917,36,True,False,False,lower_bound,1.0292929815966976,0.8022858253563304,9,85
917,36,True,False,False,midpoint,1.0292929815966976,0.7869560736739774,9,86
917,36,True,False,False,midpoint_with_inhaler,1.0292929815966976,0.7869560736739774,9,87
917,36,True,False,False,upper_bound,1.0292929815966976,0.7750287209249122,9,88
917,36,True,False,False,upper_bound_with_inhaler,1.0292929815966976,0.7750287209249122,9,89
917,36,True,False,True,one_hot,,,9,90
917,36,True,False,True,lower_bound,1.0292929815966976,0.8022858253563304,9,91
917,36,True,False,True,midpoint,1.0292929815966976,0.7869560736739774,9,92
917,36,True,False,True,midpoint_with_inhaler,1.0292929815966976,0.7869560736739774,9,93
917,36,True,False,True,upper_bound,1.0292929815966976,0.7750287209249122,9,94
917,36,True,False,True,upper_bound_with_inhaler,1.0292929815966976,0.7750287209249122,9,95
917,48,False,False,False,one_hot,,,9,96
917,48,False,False,False,lower_bound,0.9655495136459367,1.3611340519236406,9,97
917,48,False,False,False,midpoint,0.9655495136459367,1.3297744658113448,9,98
917,48,False,False,False,midpoint_with_inhaler,0.9655495136459367,1.3585348641382404,9,99
917,48,False,False,False,upper_bound,0.9655495136459367,1.2482466684725313,9,100
917,48,False,False,False,upper_bound_with_inhaler,0.9655495136459367,1.2995095719433838,9,101
917,48,False,False,True,one_hot,,,9,102
917,48,False,False,True,lower_bound,0.9655495136459367,1.3611340519236406,9,103
917,48,False,False,True,midpoint,0.9655495136459367,1.3297744658113448,9,104
917,48,False,False,True,midpoint_with_inhaler,0.9655495136459367,1.3585348641382404,9,105
917,48,False,False,True,upper_bound,0.9655495136459367,1.2482466684725313,9,106
917,48,False,False,True,upper_bound_with_inhaler,0.9655495136459367,1.2995095719433838,9,107
917,48,False,True,False,one_hot,0.4180480042601457,0.4180480042601458,9,108
917,48,False,True,False,lower_bound,0.18036741367580583,0.23900181641003554,9,109
917,48,False,True,False,midpoint,0.18036741367580583,0.23774969977945895,9,110
917,48,False,True,False,midpoint_with_inhaler,0.18036741367580583,0.23774969977945895,9,111
917,48,False,True,False,upper_bound,0.18036741367580583,0.24030072982007333,9,112
917,48,False,True,False,upper_bound_with_inhaler,0.18036741367580583,0.24030072982007333,9,113
917,48,False,True,True,one_hot,0.4180480042601457,0.4180480042601458,9,114
917,48,False,True,True,lower_bound,0.18036741367580583,0.23900181641003554,9,115
917,48,False,True,True,midpoint,0.18036741367580583,0.23774969977945895,9,116
917,48,False,True,True,midpoint_with_inhaler,0.18036741367580583,0.23774969977945895,9,117
917,48,False,True,True,upper_bound,0.18036741367580583,0.24030072982007333,9,118
917,48,False,True,True,upper_bound_with_inhaler,0.18036741367580583,0.24030072982007333,9,119
917,48,True,False,False,one_hot,0.6894278330666723,0.6894278330666723,9,120
917,48,True,False,False,lower_bound,0.9468419731643304,1.0639116051063855,9,121
917,48,True,False,False,midpoint,0.9468419731643304,1.1377514729039584,9,122
917,48,True,False,False,midpoint_with_inhaler,0.9468419731643304,1.1377514729039584,9,123
917,48,True,False,False,upper_bound,0.9468419731643304,1.159334123928993,9,124
917,48,True,False,False,upper_bound_with_inhaler,0.9468419731643304,1.159334123928993,9,125
917,48,True,False,True,one_hot,0.6894278330666723,0.6894278330666723,9,126
917,48,True,False,True,lower_bound,0.9468419731643304,1.0639116051063855,9,127
917,48,True,False,True,midpoint,0.9468419731643304,1.1377514729039584,9,128
917,48,True,False,True,midpoint_with_inhaler,0.9468419731643304,1.1377514729039584,9,129
917,48,True,False,True,upper_bound,0.9468419731643304,1.159334123928993,9,130
917,48,True,False,True,upper_bound_with_inhaler,0.9468419731643304,1.159334123928993,9,131
939,12,False,False,False,one_hot,-0.09746338736332168,-0.0974633873633217,158,0
939,12,False,False,False,lower_bound,0.2655037487462476,0.2862709760719784,158,1
939,12,False,False,False,midpoint,0.2655037487462476,0.2544275793752909,158,2
939,12,False,False,False,midpoint_with_inhaler,0.2655037487462476,0.2544275793752909,158,3
939,12,False,False,False,upper_bound,0.2655037487462476,0.22359536924293483,158,4
939,12,False,False,False,upper_bound_with_inhaler,0.2655037487462476,0.22359536924293483,158,5
939,12,False,False,True,one_hot,-0.09746338736332168,-0.0974633873633217,158,6
939,12,False,False,True,lower_bound,0.2655037487462476,0.2862709760719784,158,7
939,12,False,False,True,midpoint,0.2655037487462476,0.2544275793752909,158,8
939,12,False,False,True,midpoint_with_inhaler,0.2655037487462476,0.2544275793752909,158,9
939,12,False,False,True,upper_bound,0.2655037487462476,0.22359536924293483,158,10
939,12,False,False,True,upper_bound_with_inhaler,0.2655037487462476,0.22359536924293483,158,11
939,12,False,True,False,one_hot,,,158,12
939,12,False,True,False,lower_bound,0.31064678241475263,0.41536070024199007,158,13
939,12,False,True,False,midpoint,0.31064678241475263,0.39081256437060036,158,14
939,12,False,True,False,midpoint_with_inhaler,0.31064678241475263,0.39081256437060036,158,15
939,12,False,True,False,upper_bound,0.31064678241475263,0.3627143343758761,158,16
939,12,False,True,False,upper_bound_with_inhaler,0.31064678241475263,0.3627143343758761,158,17
939,12,False,True,True,one_hot,,,158,18
939,12,False,True,True,lower_bound,0.31064678241475263,0.41536070024199007,158,19
939,12,False,True,True,midpoint,0.31064678241475263,0.39081256437060036,158,20
939,12,False,True,True,midpoint_with_inhaler,0.31064678241475263,0.39081256437060036,158,21
939,12,False,True,True,upper_bound,0.31064678241475263,0.3627143343758761,158,22
939,12,False,True,True,upper_bound_with_inhaler,0.31064678241475263,0.3627143343758761,158,23
939,12,True,False,False,one_hot,,,158,24
939,12,True,False,False,lower_bound,0.2894806977995277,0.39196419968499585,158,25
939,12,True,False,False,midpoint,0.2894806977995277,0.35555193749928166,158,26
939,12,True,False,False,midpoint_with_inhaler,0.2894806977995277,0.35555193749928166,158,27
939,12,True,False,False,upper_bound,0.2894806977995277,0.32187498483316557,158,28
939,12,True,False,False,upper_bound_with_inhaler,0.2894806977995277,0.32187498483316557,158,29
939,12,True,False,True,one_hot,,,158,30
939,12,True,False,True,lower_bound,0.2894806977995277,0.39196419968499585,158,31
939,12,True,False,True,midpoint,0.2894806977995277,0.35555193749928166,158,32
939,12,True,False,True,midpoint_with_inhaler,0.2894806977995277,0.35555193749928166,158,33
939,12,True,False,True,upper_bound,0.2894806977995277,0.32187498483316557,158,34
939,12,True,False,True,upper_bound_with_inhaler,0.2894806977995277,0.32187498483316557,158,35
939,24,False,False,False,one_hot,,,158,36
939,24,False,False,False,lower_bound,0.41754636339514906,0.48817364486119497,158,37
939,24,False,False,False,midpoint,0.41754636339514906,0.4730066841083754,158,38
939,24,False,False,False,midpoint_with_inhaler,0.41754636339514906,0.4730066841083754,158,39
939,24,False,False,False,upper_bound,0.41754636339514906,0.4555211586894538,158,40
939,24,False,False,False,upper_bound_with_inhaler,0.41754636339514906,0.4555211586894538,158,41
939,24,False,False,True,one_hot,,,158,42
939,24,False,False,True,lower_bound,0.41754636339514906,0.48817364486119497,158,43
939,24,False,False,True,midpoint,0.41754636339514906,0.4730066841083754,158,44
939,24,False,False,True,midpoint_with_inhaler,0.41754636339514906,0.4730066841083754,158,45
939,24,False,False,True,upper_bound,0.41754636339514906,0.4555211586894538,158,46
939,24,False,False,True,upper_bound_with_inhaler,0.41754636339514906,0.4555211586894538,158,47
939,24,False,True,False,one_hot,,,158,48
939,24,False,True,False,lower_bound,0.43676979427152784,0.5106623069892609,158,49
939,24,False,True,False,midpoint,0.43676979427152784,0.5265775462696183,158,50
939,24,False,True,False,midpoint_with_inhaler,0.43676979427152784,0.5265775462696183,158,51
939,24,False,True,False,upper_bound,0.43676979427152784,0.5251884667638069,158,52
939,24,False,True,False,upper_bound_with_inhaler,0.43676979427152784,0.5251884667638069,158,53
939,24,False,True,True,one_hot,,,158,54
939,24,False,True,True,lower_bound,0.43676979427152784,0.5106623069892609,158,55
939,24,False,True,True,midpoint,0.43676979427152784,0.5265775462696183,158,56
939,24,False,True,True,midpoint_with_inhaler,0.43676979427152784,0.5265775462696183,158,57
939,24,False,True,True,upper_bound,0.43676979427152784,0.5251884667638069,158,58
939,24,False,True,True,upper_bound_with_inhaler,0.43676979427152784,0.5251884667638069,158,59
939,24,True,False,False,one_hot,,,158,60
939,24,True,False,False,lower_bound,0.43695774178258906,0.502378505395096,158,61
939,24,True,False,False,midpoint,0.43695774178258906,0.48929045631626594,158,62
939,24,True,False,False,midpoint_with_inhaler,0.43695774178258906,0.48929045631626594,158,63
939,24,True,False,False,upper_bound,0.43695774178258906,0.4727982327539693,158,64
939,24,True,False,False,upper_bound_with_inhaler,0.43695774178258906,0.4727982327539693,158,65
939,24,True,False,True,one_hot,,,158,66
939,24,True,False,True,lower_bound,0.43695774178258906,0.502378505395096,158,67
939,24,True,False,True,midpoint,0.43695774178258906,0.48929045631626594,158,68
939,24,True,False,True,midpoint_with_inhaler,0.43695774178258906,0.48929045631626594,158,69
939,24,True,False,True,upper_bound,0.43695774178258906,0.4727982327539693,158,70
939,24,True,False,True,upper_bound_with_inhaler,0.43695774178258906,0.4727982327539693,158,71
939,36,False,False,False,one_hot,,,158,72
939,36,False,False,False,lower_bound,0.38096281807484855,0.48973467221954253,158,73
939,36,False,False,False,midpoint,0.38096281807484855,0.44200362180318514,158,74
939,36,False,False,False,midpoint_with_inhaler,0.38096281807484855,0.44200362180318514,158,75
939,36,False,False,False,upper_bound,0.38096281807484855,0.4050282883437734,158,76
939,36,False,False,False,upper_bound_with_inhaler,0.38096281807484855,0.4050282883437734,158,77
939,36,False,False,True,one_hot,,,158,78
939,36,False,False,True,lower_bound,0.38096281807484855,0.48973467221954253,158,79
939,36,False,False,True,midpoint,0.38096281807484855,0.44200362180318514,158,80
939,36,False,False,True,midpoint_with_inhaler,0.38096281807484855,0.44200362180318514,158,81
939,36,False,False,True,upper_bound,0.38096281807484855,0.4050282883437734,158,82
939,36,False,False,True,upper_bound_with_inhaler,0.38096281807484855,0.4050282883437734,158,83
939,36,True,False,False,one_hot,,,158,84
939,36,True,False,False,lower_bound,0.5037065342259237,0.6254109521588995,158,85
939,36,True,False,False,midpoint,0.5037065342259237,0.6522230495952853,158,86
939,36,True,False,False,midpoint_with_inhaler,0.5037065342259237,0.6522230495952853,158,87
939,36,True,False,False,upper_bound,0.5037065342259237,0.6550121969616476,158,88
939,36,True,False,False,upper_bound_with_inhaler,0.5037065342259237,0.6550121969616476,158,89
939,36,True,False,True,one_hot,,,158,90
939,36,True,False,True,lower_bound,0.5037065342259237,0.6254109521588995,158,91
939,36,True,False,True,midpoint,0.5037065342259237,0.6522230495952853,158,92
939,36,True,False,True,midpoint_with_inhaler,0.5037065342259237,0.6522230495952853,158,93
939,36,True,False,True,upper_bound,0.5037065342259237,0.6550121969616476,158,94
939,36,True,False,True,upper_bound_with_inhaler,0.5037065342259237,0.6550121969616476,158,95
939,48,False,False,False,one_hot,,,158,96
939,48,False,False,False,lower_bound,0.3944551746332748,0.518421933024848,158,97
939,48,False,False,False,midpoint,0.3944551746332748,0.4355871993524882,158,98
939,48,False,False,False,midpoint_with_inhaler,0.3944551746332748,0.455303166106883,158,99
939,48,False,False,False,upper_bound,0.36882620897461177,0.3687886175634245,158,100
939,48,False,False,False,upper_bound_with_inhaler,0.3944551746332748,0.4313684384090052,158,101
939,48,False,False,True,one_hot,,,158,102
939,48,False,False,True,lower_bound,0.3944551746332748,0.518421933024848,158,103
939,48,False,False,True,midpoint,0.3944551746332748,0.4355871993524882,158,104
939,48,False,False,True,midpoint_with_inhaler,0.3944551746332748,0.455303166106883,158,105
939,48,False,False,True,upper_bound,0.36882620897461177,0.3687886175634245,158,106
939,48,False,False,True,upper_bound_with_inhaler,0.3944551746332748,0.4313684384090052,158,107
939,48,False,True,False,one_hot,,,158,108
939,48,False,True,False,lower_bound,0.26205045910777847,0.3784622096490636,158,109
939,48,False,True,False,midpoint,0.26205045910777847,0.3551244319722028,158,110
939,48,False,True,False,midpoint_with_inhaler,0.26205045910777847,0.3551244319722028,158,111
939,48,False,True,False,upper_bound,0.26205045910777847,0.3297246337989954,158,112
939,48,False,True,False,upper_bound_with_inhaler,0.26205045910777847,0.3297246337989954,158,113
939,48,False,True,True,one_hot,,,158,114
939,48,False,True,True,lower_bound,0.26205045910777847,0.3784622096490636,158,115
939,48,False,True,True,midpoint,0.26205045910777847,0.3551244319722028,158,116
939,48,False,True,True,midpoint_with_inhaler,0.26205045910777847,0.3551244319722028,158,117
939,48,False,True,True,upper_bound,0.26205045910777847,0.3297246337989954,158,118
939,48,False,True,True,upper_bound_with_inhaler,0.26205045910777847,0.3297246337989954,158,119
939,48,True,False,False,one_hot,,,158,120
939,48,True,False,False,lower_bound,0.14114847020848956,0.2292504433150554,158,121
939,48,True,False,False,midpoint,0.14114847020848956,0.1921686292625866,158,122
939,48,True,False,False,midpoint_with_inhaler,0.14114847020848956,0.1921686292625866,158,123
939,48,True,False,False,upper_bound,0.14114847020848956,0.1625200296588016,158,124
939,48,True,False,False,upper_bound_with_inhaler,0.14114847020848956,0.1625200296588016,158,125
939,48,True,False,True,one_hot,,,158,126
939,48,True,False,True,lower_bound,0.14114847020848956,0.2292504433150554,158,127
939,48,True,False,True,midpoint,0.14114847020848956,0.1921686292625866,158,128
939,48,True,False,True,midpoint_with_inhaler,0.14114847020848956,0.1921686292625866,158,129
939,48,True,False,True,upper_bound,0.14114847020848956,0.1625200296588016,158,130
939,48,True,False,True,upper_bound_with_inhaler,0.14114847020848956,0.1625200296588016,158,131
