user_key,timestamp_window,use_daily_max_windows,use_calendar_days,filter_out_zero_usage_entries,categorization_method,spearman_z,pearson_z,sample_size,config_idx
113,12,False,False,False,one_hot,0.1863883827692993,0.1863883827692993,158,0
113,12,False,False,False,lower_bound,0.29408411888777697,0.3412973269738762,158,1
113,12,False,False,False,midpoint,0.29408411888777697,0.34994676998591184,158,2
113,12,False,False,False,midpoint_with_inhaler,0.29408411888777697,0.36163094592152645,158,3
113,12,False,False,False,upper_bound,0.29440997228943855,0.35600276229784245,158,4
113,12,False,False,False,upper_bound_with_inhaler,0.29408411888777697,0.3645512335607399,158,5
113,12,False,False,True,one_hot,0.1863883827692993,0.1863883827692993,158,6
113,12,False,False,True,lower_bound,0.29408411888777697,0.3412973269738762,158,7
113,12,False,False,True,midpoint,0.29408411888777697,0.34994676998591184,158,8
113,12,False,False,True,midpoint_with_inhaler,0.29408411888777697,0.36163094592152645,158,9
113,12,False,False,True,upper_bound,0.29440997228943855,0.35600276229784245,158,10
113,12,False,False,True,upper_bound_with_inhaler,0.29408411888777697,0.3645512335607399,158,11
113,12,False,True,False,one_hot,0.2527694633032131,0.2527694633032131,158,12
113,12,False,True,False,lower_bound,0.267019185183878,0.2802168911580061,158,13
113,12,False,True,False,midpoint,0.267019185183878,0.2926920053298074,158,14
113,12,False,True,False,midpoint_with_inhaler,0.267019185183878,0.2988680418756605,158,15
113,12,False,True,False,upper_bound,0.2667297912774222,0.30202959840416593,158,16
113,12,False,True,False,upper_bound_with_inhaler,0.267019185183878,0.30704801593197417,158,17
113,12,False,True,True,one_hot,0.2527694633032131,0.2527694633032131,158,18
113,12,False,True,True,lower_bound,0.267019185183878,0.2802168911580061,158,19
113,12,False,True,True,midpoint,0.267019185183878,0.2926920053298074,158,20
113,12,False,True,True,midpoint_with_inhaler,0.267019185183878,0.2988680418756605,158,21
113,12,False,True,True,upper_bound,0.2667297912774222,0.30202959840416593,158,22
113,12,False,True,True,upper_bound_with_inhaler,0.267019185183878,0.30704801593197417,158,23
113,12,True,False,False,one_hot,0.1353687525178949,0.13536875251789487,158,24
113,12,True,False,False,lower_bound,0.19059190516991587,0.25472392305123354,158,25
113,12,True,False,False,midpoint,0.19059190516991587,0.2679760992222223,158,26
113,12,True,False,False,midpoint_with_inhaler,0.19059190516991587,0.280374441481966,158,27
113,12,True,False,False,upper_bound,0.19081654869589554,0.28031315771378773,158,28
113,12,True,False,False,upper_bound_with_inhaler,0.19059190516991587,0.2926846311825915,158,29
113,12,True,False,True,one_hot,0.1353687525178949,0.13536875251789487,158,30
113,12,True,False,True,lower_bound,0.19059190516991587,0.25472392305123354,158,31
113,12,True,False,True,midpoint,0.19059190516991587,0.2679760992222223,158,32
113,12,True,False,True,midpoint_with_inhaler,0.19059190516991587,0.280374441481966,158,33
113,12,True,False,True,upper_bound,0.19081654869589554,0.28031315771378773,158,34
113,12,True,False,True,upper_bound_with_inhaler,0.19059190516991587,0.2926846311825915,158,35
113,24,False,False,False,one_hot,0.20624228330805552,0.2062422833080554,158,36
113,24,False,False,False,lower_bound,0.34684282374760117,0.3833110587593653,158,37
113,24,False,False,False,midpoint,0.34684282374760117,0.3798709501092468,158,38
113,24,False,False,False,midpoint_with_inhaler,0.34684282374760117,0.3972292579288177,158,39
113,24,False,False,False,upper_bound,0.3462079934288846,0.3722113061794343,158,40
113,24,False,False,False,upper_bound_with_inhaler,0.34684282374760117,0.40995023953558246,158,41
113,24,False,False,True,one_hot,0.20624228330805552,0.2062422833080554,158,42
113,24,False,False,True,lower_bound,0.34684282374760117,0.3833110587593653,158,43
113,24,False,False,True,midpoint,0.34684282374760117,0.3798709501092468,158,44
113,24,False,False,True,midpoint_with_inhaler,0.34684282374760117,0.3972292579288177,158,45
113,24,False,False,True,upper_bound,0.3462079934288846,0.3722113061794343,158,46
113,24,False,False,True,upper_bound_with_inhaler,0.34684282374760117,0.40995023953558246,158,47
113,24,False,True,False,one_hot,0.044031720877565544,0.044031720877565565,158,48
113,24,False,True,False,lower_bound,0.19207727474905437,0.21067953359723546,158,49
113,24,False,True,False,midpoint,0.19207727474905437,0.2268935187504387,158,50
113,24,False,True,False,midpoint_with_inhaler,0.19207727474905437,0.21383540329262476,158,51
113,24,False,True,False,upper_bound,0.19159042970773643,0.2268662959439924,158,52
113,24,False,True,False,upper_bound_with_inhaler,0.19207727474905437,0.2187848003346849,158,53
113,24,False,True,True,one_hot,0.044031720877565544,0.044031720877565565,158,54
113,24,False,True,True,lower_bound,0.19207727474905437,0.21067953359723546,158,55
113,24,False,True,True,midpoint,0.19207727474905437,0.2268935187504387,158,56
113,24,False,True,True,midpoint_with_inhaler,0.19207727474905437,0.21383540329262476,158,57
113,24,False,True,True,upper_bound,0.19159042970773643,0.2268662959439924,158,58
113,24,False,True,True,upper_bound_with_inhaler,0.19207727474905437,0.2187848003346849,158,59
113,24,True,False,False,one_hot,0.20624228330805552,0.2062422833080554,158,60
113,24,True,False,False,lower_bound,0.34684282374760117,0.3833110587593653,158,61
113,24,True,False,False,midpoint,0.34684282374760117,0.3798709501092468,158,62
113,24,True,False,False,midpoint_with_inhaler,0.34684282374760117,0.3972292579288177,158,63
113,24,True,False,False,upper_bound,0.3462079934288846,0.3722113061794343,158,64
113,24,True,False,False,upper_bound_with_inhaler,0.34684282374760117,0.40995023953558246,158,65
113,24,True,False,True,one_hot,0.20624228330805552,0.2062422833080554,158,66
113,24,True,False,True,lower_bound,0.34684282374760117,0.3833110587593653,158,67
113,24,True,False,True,midpoint,0.34684282374760117,0.3798709501092468,158,68
113,24,True,False,True,midpoint_with_inhaler,0.34684282374760117,0.3972292579288177,158,69
113,24,True,False,True,upper_bound,0.3462079934288846,0.3722113061794343,158,70
113,24,True,False,True,upper_bound_with_inhaler,0.34684282374760117,0.40995023953558246,158,71
113,36,False,False,False,one_hot,0.20535769517862074,0.2053576951786207,158,72
113,36,False,False,False,lower_bound,0.37417868322815084,0.3678817070847594,158,73
113,36,False,False,False,midpoint,0.37417868322815084,0.3769508536494879,158,74
113,36,False,False,False,midpoint_with_inhaler,0.37417868322815084,0.38031590239574975,158,75
113,36,False,False,False,upper_bound,0.37385369409747304,0.374761832231513,158,76
113,36,False,False,False,upper_bound_with_inhaler,0.37417868322815084,0.38745521899195157,158,77
113,36,False,False,True,one_hot,0.20535769517862074,0.2053576951786207,158,78
113,36,False,False,True,lower_bound,0.37417868322815084,0.3678817070847594,158,79
113,36,False,False,True,midpoint,0.37417868322815084,0.3769508536494879,158,80
113,36,False,False,True,midpoint_with_inhaler,0.37417868322815084,0.38031590239574975,158,81
113,36,False,False,True,upper_bound,0.37385369409747304,0.374761832231513,158,82
113,36,False,False,True,upper_bound_with_inhaler,0.37417868322815084,0.38745521899195157,158,83
113,36,True,False,False,one_hot,0.1081773100261068,0.10817731002610677,158,84
113,36,True,False,False,lower_bound,0.23745820069128254,0.233345005527523,158,85
113,36,True,False,False,midpoint,0.23745820069128254,0.2424951366614564,158,86
113,36,True,False,False,midpoint_with_inhaler,0.23745820069128254,0.22582851200333115,158,87
113,36,True,False,False,upper_bound,0.23697082229673375,0.23545121381692616,158,88
113,36,True,False,False,upper_bound_with_inhaler,0.23745820069128254,0.22502952113802996,158,89
113,36,True,False,True,one_hot,0.1081773100261068,0.10817731002610677,158,90
113,36,True,False,True,lower_bound,0.23745820069128254,0.233345005527523,158,91
113,36,True,False,True,midpoint,0.23745820069128254,0.2424951366614564,158,92
113,36,True,False,True,midpoint_with_inhaler,0.23745820069128254,0.22582851200333115,158,93
113,36,True,False,True,upper_bound,0.23697082229673375,0.23545121381692616,158,94
113,36,True,False,True,upper_bound_with_inhaler,0.23745820069128254,0.22502952113802996,158,95
113,48,False,False,False,one_hot,0.3124235837388359,0.3124235837388359,158,96
113,48,False,False,False,lower_bound,0.28953145971171723,0.3230415769466943,158,97
113,48,False,False,False,midpoint,0.28953145971171723,0.3277488394079564,158,98
113,48,False,False,False,midpoint_with_inhaler,0.28953145971171723,0.3434182459087537,158,99
113,48,False,False,False,upper_bound,0.28909652942064534,0.32200356322283025,158,100
113,48,False,False,False,upper_bound_with_inhaler,0.28953145971171723,0.3537449804046653,158,101
113,48,False,False,True,one_hot,0.3124235837388359,0.3124235837388359,158,102
113,48,False,False,True,lower_bound,0.28953145971171723,0.3230415769466943,158,103
113,48,False,False,True,midpoint,0.28953145971171723,0.3277488394079564,158,104
113,48,False,False,True,midpoint_with_inhaler,0.28953145971171723,0.3434182459087537,158,105
113,48,False,False,True,upper_bound,0.28909652942064534,0.32200356322283025,158,106
113,48,False,False,True,upper_bound_with_inhaler,0.28953145971171723,0.3537449804046653,158,107
113,48,False,True,False,one_hot,0.1918102726362645,0.19181027263626443,158,108
113,48,False,True,False,lower_bound,0.23243762240629554,0.16749622843769804,158,109
113,48,False,True,False,midpoint,0.23243762240629554,0.19459438051417366,158,110
113,48,False,True,False,midpoint_with_inhaler,0.23243762240629554,0.15683122897950505,158,111
113,48,False,True,False,upper_bound,0.2326684856430955,0.21147082127425867,158,112
113,48,False,True,False,upper_bound_with_inhaler,0.23243762240629554,0.15773713521833188,158,113
113,48,False,True,True,one_hot,0.1918102726362645,0.19181027263626443,158,114
113,48,False,True,True,lower_bound,0.23243762240629554,0.16749622843769804,158,115
113,48,False,True,True,midpoint,0.23243762240629554,0.19459438051417366,158,116
113,48,False,True,True,midpoint_with_inhaler,0.23243762240629554,0.15683122897950505,158,117
113,48,False,True,True,upper_bound,0.2326684856430955,0.21147082127425867,158,118
113,48,False,True,True,upper_bound_with_inhaler,0.23243762240629554,0.15773713521833188,158,119
113,48,True,False,False,one_hot,0.15848605626117288,0.15848605626117282,158,120
113,48,True,False,False,lower_bound,0.258968538518626,0.18510393385079926,158,121
113,48,True,False,False,midpoint,0.258968538518626,0.2068565169105847,158,122
113,48,True,False,False,midpoint_with_inhaler,0.258968538518626,0.18463801562067975,158,123
113,48,True,False,False,upper_bound,0.2585631945268086,0.218331848474737,158,124
113,48,True,False,False,upper_bound_with_inhaler,0.258968538518626,0.1770415299622,158,125
113,48,True,False,True,one_hot,0.15848605626117288,0.15848605626117282,158,126
113,48,True,False,True,lower_bound,0.258968538518626,0.18510393385079926,158,127
113,48,True,False,True,midpoint,0.258968538518626,0.2068565169105847,158,128
113,48,True,False,True,midpoint_with_inhaler,0.258968538518626,0.18463801562067975,158,129
113,48,True,False,True,upper_bound,0.2585631945268086,0.218331848474737,158,130
113,48,True,False,True,upper_bound_with_inhaler,0.258968538518626,0.1770415299622,158,131
190,12,False,False,False,one_hot,0.23560551097621057,0.23560551097621066,19,0
190,12,False,False,False,lower_bound,0.23560551097621057,0.23560551097621066,19,1
190,12,False,False,False,midpoint,0.23560551097621057,0.23560551097621063,19,2
190,12,False,False,False,midpoint_with_inhaler,0.23560551097621057,0.23560551097621063,19,3
190,12,False,False,False,upper_bound,0.23560551097621057,0.23560551097621066,19,4
190,12,False,False,False,upper_bound_with_inhaler,0.23560551097621057,0.23560551097621066,19,5
190,12,False,False,True,one_hot,0.23560551097621057,0.23560551097621066,19,6
190,12,False,False,True,lower_bound,0.23560551097621057,0.23560551097621066,19,7
190,12,False,False,True,midpoint,0.23560551097621057,0.23560551097621063,19,8
190,12,False,False,True,midpoint_with_inhaler,0.23560551097621057,0.23560551097621063,19,9
190,12,False,False,True,upper_bound,0.23560551097621057,0.23560551097621066,19,10
190,12,False,False,True,upper_bound_with_inhaler,0.23560551097621057,0.23560551097621066,19,11
190,12,False,True,False,one_hot,-0.06911640417333659,-0.06911640417333662,19,12
190,12,False,True,False,lower_bound,-0.06911640417333659,-0.06911640417333662,19,13
190,12,False,True,False,midpoint,-0.06911640417333659,-0.06911640417333659,19,14
190,12,False,True,False,midpoint_with_inhaler,-0.06911640417333659,-0.06911640417333659,19,15
190,12,False,True,False,upper_bound,-0.06911640417333659,-0.06911640417333662,19,16
190,12,False,True,False,upper_bound_with_inhaler,-0.06911640417333659,-0.06911640417333662,19,17
190,12,False,True,True,one_hot,-0.06911640417333659,-0.06911640417333662,19,18
190,12,False,True,True,lower_bound,-0.06911640417333659,-0.06911640417333662,19,19
190,12,False,True,True,midpoint,-0.06911640417333659,-0.06911640417333659,19,20
190,12,False,True,True,midpoint_with_inhaler,-0.06911640417333659,-0.06911640417333659,19,21
190,12,False,True,True,upper_bound,-0.06911640417333659,-0.06911640417333662,19,22
190,12,False,True,True,upper_bound_with_inhaler,-0.06911640417333659,-0.06911640417333662,19,23
190,12,True,False,False,one_hot,0.15064349547191652,0.15064349547191655,19,24
190,12,True,False,False,lower_bound,0.06641601910557476,-0.05444986082829034,19,25
190,12,True,False,False,midpoint,0.06641601910557476,-0.003027811000562391,19,26
190,12,True,False,False,midpoint_with_inhaler,0.06641601910557476,-0.003027811000562391,19,27
190,12,True,False,False,upper_bound,0.06641601910557476,0.029369452414546422,19,28
190,12,True,False,False,upper_bound_with_inhaler,0.06641601910557476,0.029369452414546422,19,29
190,12,True,False,True,one_hot,0.15064349547191652,0.15064349547191655,19,30
190,12,True,False,True,lower_bound,0.06641601910557476,-0.05444986082829034,19,31
190,12,True,False,True,midpoint,0.06641601910557476,-0.003027811000562391,19,32
190,12,True,False,True,midpoint_with_inhaler,0.06641601910557476,-0.003027811000562391,19,33
190,12,True,False,True,upper_bound,0.06641601910557476,0.029369452414546422,19,34
190,12,True,False,True,upper_bound_with_inhaler,0.06641601910557476,0.029369452414546422,19,35
190,24,False,False,False,one_hot,-0.19333742851315744,-0.1933374285131574,19,36
190,24,False,False,False,lower_bound,-0.2551558420790048,-0.29603288868665156,19,37
190,24,False,False,False,midpoint,-0.2551558420790048,-0.28276009583720546,19,38
190,24,False,False,False,midpoint_with_inhaler,-0.2551558420790048,-0.28276009583720546,19,39
190,24,False,False,False,upper_bound,-0.2551558420790048,-0.2701004140079832,19,40
190,24,False,False,False,upper_bound_with_inhaler,-0.2551558420790048,-0.2701004140079832,19,41
190,24,False,False,True,one_hot,-0.19333742851315744,-0.1933374285131574,19,42
190,24,False,False,True,lower_bound,-0.2551558420790048,-0.29603288868665156,19,43
190,24,False,False,True,midpoint,-0.2551558420790048,-0.28276009583720546,19,44
190,24,False,False,True,midpoint_with_inhaler,-0.2551558420790048,-0.28276009583720546,19,45
190,24,False,False,True,upper_bound,-0.2551558420790048,-0.2701004140079832,19,46
190,24,False,False,True,upper_bound_with_inhaler,-0.2551558420790048,-0.2701004140079832,19,47
190,24,False,True,False,one_hot,0.15235374089211762,0.1523537408921177,19,48
190,24,False,True,False,lower_bound,0.15235374089211762,0.1523537408921177,19,49
190,24,False,True,False,midpoint,0.15235374089211762,0.1523537408921177,19,50
190,24,False,True,False,midpoint_with_inhaler,0.15235374089211762,0.1523537408921177,19,51
190,24,False,True,False,upper_bound,0.15235374089211762,0.1523537408921177,19,52
190,24,False,True,False,upper_bound_with_inhaler,0.15235374089211762,0.1523537408921177,19,53
190,24,False,True,True,one_hot,0.15235374089211762,0.1523537408921177,19,54
190,24,False,True,True,lower_bound,0.15235374089211762,0.1523537408921177,19,55
190,24,False,True,True,midpoint,0.15235374089211762,0.1523537408921177,19,56
190,24,False,True,True,midpoint_with_inhaler,0.15235374089211762,0.1523537408921177,19,57
190,24,False,True,True,upper_bound,0.15235374089211762,0.1523537408921177,19,58
190,24,False,True,True,upper_bound_with_inhaler,0.15235374089211762,0.1523537408921177,19,59
190,24,True,False,False,one_hot,-0.19333742851315744,-0.1933374285131574,19,60
190,24,True,False,False,lower_bound,-0.2551558420790048,-0.29603288868665156,19,61
190,24,True,False,False,midpoint,-0.2551558420790048,-0.28276009583720546,19,62
190,24,True,False,False,midpoint_with_inhaler,-0.2551558420790048,-0.28276009583720546,19,63
190,24,True,False,False,upper_bound,-0.2551558420790048,-0.2701004140079832,19,64
190,24,True,False,False,upper_bound_with_inhaler,-0.2551558420790048,-0.2701004140079832,19,65
190,24,True,False,True,one_hot,-0.19333742851315744,-0.1933374285131574,19,66
190,24,True,False,True,lower_bound,-0.2551558420790048,-0.29603288868665156,19,67
190,24,True,False,True,midpoint,-0.2551558420790048,-0.28276009583720546,19,68
190,24,True,False,True,midpoint_with_inhaler,-0.2551558420790048,-0.28276009583720546,19,69
190,24,True,False,True,upper_bound,-0.2551558420790048,-0.2701004140079832,19,70
190,24,True,False,True,upper_bound_with_inhaler,-0.2551558420790048,-0.2701004140079832,19,71
190,36,False,False,False,one_hot,0.41246454071714395,0.41246454071714395,19,72
190,36,False,False,False,lower_bound,0.14739770611677058,-0.06055976345145181,19,73
190,36,False,False,False,midpoint,0.14739770611677058,0.036457740536523134,19,74
190,36,False,False,False,midpoint_with_inhaler,0.14739770611677058,0.036457740536523134,19,75
190,36,False,False,False,upper_bound,0.14739770611677058,0.10450512630117918,19,76
190,36,False,False,False,upper_bound_with_inhaler,0.14739770611677058,0.10450512630117918,19,77
190,36,False,False,True,one_hot,0.41246454071714395,0.41246454071714395,19,78
190,36,False,False,True,lower_bound,0.14739770611677058,-0.06055976345145181,19,79
190,36,False,False,True,midpoint,0.14739770611677058,0.036457740536523134,19,80
190,36,False,False,True,midpoint_with_inhaler,0.14739770611677058,0.036457740536523134,19,81
190,36,False,False,True,upper_bound,0.14739770611677058,0.10450512630117918,19,82
190,36,False,False,True,upper_bound_with_inhaler,0.14739770611677058,0.10450512630117918,19,83
190,36,True,False,False,one_hot,0.41246454071714395,0.41246454071714395,19,84
190,36,True,False,False,lower_bound,0.41246454071714395,0.41246454071714395,19,85
190,36,True,False,False,midpoint,0.41246454071714395,0.41246454071714395,19,86
190,36,True,False,False,midpoint_with_inhaler,0.41246454071714395,0.41246454071714395,19,87
190,36,True,False,False,upper_bound,0.41246454071714395,0.41246454071714395,19,88
190,36,True,False,False,upper_bound_with_inhaler,0.41246454071714395,0.41246454071714395,19,89
190,36,True,False,True,one_hot,0.41246454071714395,0.41246454071714395,19,90
190,36,True,False,True,lower_bound,0.41246454071714395,0.41246454071714395,19,91
190,36,True,False,True,midpoint,0.41246454071714395,0.41246454071714395,19,92
190,36,True,False,True,midpoint_with_inhaler,0.41246454071714395,0.41246454071714395,19,93
190,36,True,False,True,upper_bound,0.41246454071714395,0.41246454071714395,19,94
190,36,True,False,True,upper_bound_with_inhaler,0.41246454071714395,0.41246454071714395,19,95
190,48,False,False,False,one_hot,-0.22744953600579132,-0.22744953600579132,19,96
190,48,False,False,False,lower_bound,-0.11302512669319352,-0.0829739714764401,19,97
190,48,False,False,False,midpoint,-0.11302512669319352,-0.10610815809414238,19,98
190,48,False,False,False,midpoint_with_inhaler,-0.11302512669319352,-0.10610815809414238,19,99
190,48,False,False,False,upper_bound,-0.11302512669319352,-0.12569002247268812,19,100
190,48,False,False,False,upper_bound_with_inhaler,-0.11302512669319352,-0.12569002247268812,19,101
190,48,False,False,True,one_hot,-0.22744953600579132,-0.22744953600579132,19,102
190,48,False,False,True,lower_bound,-0.11302512669319352,-0.0829739714764401,19,103
190,48,False,False,True,midpoint,-0.11302512669319352,-0.10610815809414238,19,104
190,48,False,False,True,midpoint_with_inhaler,-0.11302512669319352,-0.10610815809414238,19,105
190,48,False,False,True,upper_bound,-0.11302512669319352,-0.12569002247268812,19,106
190,48,False,False,True,upper_bound_with_inhaler,-0.11302512669319352,-0.12569002247268812,19,107
190,48,False,True,False,one_hot,0.15235374089211765,0.15235374089211765,19,108
190,48,False,True,False,lower_bound,0.04730024134977121,-0.06635106422334167,19,109
190,48,False,True,False,midpoint,0.04730024134977121,-0.013087745928998763,19,110
190,48,False,True,False,midpoint_with_inhaler,0.04730024134977121,-0.013087745928998763,19,111
190,48,False,True,False,upper_bound,0.04730024134977121,0.021299105708943823,19,112
190,48,False,True,False,upper_bound_with_inhaler,0.04730024134977121,0.021299105708943823,19,113
190,48,False,True,True,one_hot,0.15235374089211765,0.15235374089211765,19,114
190,48,False,True,True,lower_bound,0.04730024134977121,-0.06635106422334167,19,115
190,48,False,True,True,midpoint,0.04730024134977121,-0.013087745928998763,19,116
190,48,False,True,True,midpoint_with_inhaler,0.04730024134977121,-0.013087745928998763,19,117
190,48,False,True,True,upper_bound,0.04730024134977121,0.021299105708943823,19,118
190,48,False,True,True,upper_bound_with_inhaler,0.04730024134977121,0.021299105708943823,19,119
190,48,True,False,False,one_hot,0.41246454071714406,0.41246454071714395,19,120
190,48,True,False,False,lower_bound,0.41246454071714406,0.41246454071714395,19,121
190,48,True,False,False,midpoint,0.41246454071714406,0.41246454071714406,19,122
190,48,True,False,False,midpoint_with_inhaler,0.41246454071714406,0.41246454071714406,19,123
190,48,True,False,False,upper_bound,0.41246454071714406,0.41246454071714395,19,124
190,48,True,False,False,upper_bound_with_inhaler,0.41246454071714406,0.41246454071714395,19,125
190,48,True,False,True,one_hot,0.41246454071714406,0.41246454071714395,19,126
190,48,True,False,True,lower_bound,0.41246454071714406,0.41246454071714395,19,127
190,48,True,False,True,midpoint,0.41246454071714406,0.41246454071714406,19,128
190,48,True,False,True,midpoint_with_inhaler,0.41246454071714406,0.41246454071714406,19,129
190,48,True,False,True,upper_bound,0.41246454071714406,0.41246454071714395,19,130
190,48,True,False,True,upper_bound_with_inhaler,0.41246454071714406,0.41246454071714395,19,131
294,12,False,False,False,one_hot,-0.02534015203822225,-0.02534015203822225,173,0
294,12,False,False,False,lower_bound,0.2852042873330823,0.2834310632925153,173,1
294,12,False,False,False,midpoint,0.2852042873330823,0.30180106322480954,173,2
294,12,False,False,False,midpoint_with_inhaler,0.2852042873330823,0.30180106322480954,173,3
294,12,False,False,False,upper_bound,0.2852042873330823,0.3100587834913149,173,4
294,12,False,False,False,upper_bound_with_inhaler,0.2852042873330823,0.3100587834913149,173,5
294,12,False,False,True,one_hot,-0.02534015203822225,-0.02534015203822225,173,6
294,12,False,False,True,lower_bound,0.2852042873330823,0.2834310632925153,173,7
294,12,False,False,True,midpoint,0.2852042873330823,0.30180106322480954,173,8
294,12,False,False,True,midpoint_with_inhaler,0.2852042873330823,0.30180106322480954,173,9
294,12,False,False,True,upper_bound,0.2852042873330823,0.3100587834913149,173,10
294,12,False,False,True,upper_bound_with_inhaler,0.2852042873330823,0.3100587834913149,173,11
294,12,False,True,False,one_hot,,,173,12
294,12,False,True,False,lower_bound,0.5266711362624377,0.46484927495755424,173,13
294,12,False,True,False,midpoint,0.5266711362624377,0.5007289656202591,173,14
294,12,False,True,False,midpoint_with_inhaler,0.5266711362624377,0.5007289656202591,173,15
294,12,False,True,False,upper_bound,0.5266711362624377,0.5191866055713833,173,16
294,12,False,True,False,upper_bound_with_inhaler,0.5266711362624377,0.5191866055713833,173,17
294,12,False,True,True,one_hot,,,173,18
294,12,False,True,True,lower_bound,0.5266711362624377,0.46484927495755424,173,19
294,12,False,True,True,midpoint,0.5266711362624377,0.5007289656202591,173,20
294,12,False,True,True,midpoint_with_inhaler,0.5266711362624377,0.5007289656202591,173,21
294,12,False,True,True,upper_bound,0.5266711362624377,0.5191866055713833,173,22
294,12,False,True,True,upper_bound_with_inhaler,0.5266711362624377,0.5191866055713833,173,23
294,12,True,False,False,one_hot,,,173,24
294,12,True,False,False,lower_bound,0.5591009790496934,0.498468388348598,173,25
294,12,True,False,False,midpoint,0.5591009790496934,0.5353990410897639,173,26
294,12,True,False,False,midpoint_with_inhaler,0.5591009790496934,0.5347930409900791,173,27
294,12,True,False,False,upper_bound,0.5587330490147513,0.5508018924289141,173,28
294,12,True,False,False,upper_bound_with_inhaler,0.5591009790496934,0.5494421034138731,173,29
294,12,True,False,True,one_hot,,,173,30
294,12,True,False,True,lower_bound,0.5591009790496934,0.498468388348598,173,31
294,12,True,False,True,midpoint,0.5591009790496934,0.5353990410897639,173,32
294,12,True,False,True,midpoint_with_inhaler,0.5591009790496934,0.5347930409900791,173,33
294,12,True,False,True,upper_bound,0.5587330490147513,0.5508018924289141,173,34
294,12,True,False,True,upper_bound_with_inhaler,0.5591009790496934,0.5494421034138731,173,35
294,24,False,False,False,one_hot,,,173,36
294,24,False,False,False,lower_bound,0.6455603187499843,0.6380638306978741,173,37
294,24,False,False,False,midpoint,0.6455603187499843,0.6421324620199832,173,38
294,24,False,False,False,midpoint_with_inhaler,0.6455603187499843,0.6449594457778968,173,39
294,24,False,False,False,upper_bound,0.6419578988086433,0.6285611842771006,173,40
294,24,False,False,False,upper_bound_with_inhaler,0.6455603187499843,0.6383547307156667,173,41
294,24,False,False,True,one_hot,,,173,42
294,24,False,False,True,lower_bound,0.6455603187499843,0.6380638306978741,173,43
294,24,False,False,True,midpoint,0.6455603187499843,0.6421324620199832,173,44
294,24,False,False,True,midpoint_with_inhaler,0.6455603187499843,0.6449594457778968,173,45
294,24,False,False,True,upper_bound,0.6419578988086433,0.6285611842771006,173,46
294,24,False,False,True,upper_bound_with_inhaler,0.6455603187499843,0.6383547307156667,173,47
294,24,False,True,False,one_hot,,,173,48
294,24,False,True,False,lower_bound,0.4819896185766659,0.43422547015792246,173,49
294,24,False,True,False,midpoint,0.4819896185766659,0.4612058737904238,173,50
294,24,False,True,False,midpoint_with_inhaler,0.4819896185766659,0.4612058737904238,173,51
294,24,False,True,False,upper_bound,0.4819896185766659,0.4756697784504698,173,52
294,24,False,True,False,upper_bound_with_inhaler,0.4819896185766659,0.4756697784504698,173,53
294,24,False,True,True,one_hot,,,173,54
294,24,False,True,True,lower_bound,0.4819896185766659,0.43422547015792246,173,55
294,24,False,True,True,midpoint,0.4819896185766659,0.4612058737904238,173,56
294,24,False,True,True,midpoint_with_inhaler,0.4819896185766659,0.4612058737904238,173,57
294,24,False,True,True,upper_bound,0.4819896185766659,0.4756697784504698,173,58
294,24,False,True,True,upper_bound_with_inhaler,0.4819896185766659,0.4756697784504698,173,59
294,24,True,False,False,one_hot,,,173,60
294,24,True,False,False,lower_bound,0.6455603187499843,0.6380638306978741,173,61
294,24,True,False,False,midpoint,0.6455603187499843,0.6421324620199832,173,62
294,24,True,False,False,midpoint_with_inhaler,0.6455603187499843,0.6449594457778968,173,63
294,24,True,False,False,upper_bound,0.6419578988086433,0.6285611842771006,173,64
294,24,True,False,False,upper_bound_with_inhaler,0.6455603187499843,0.6383547307156667,173,65
294,24,True,False,True,one_hot,,,173,66
294,24,True,False,True,lower_bound,0.6455603187499843,0.6380638306978741,173,67
294,24,True,False,True,midpoint,0.6455603187499843,0.6421324620199832,173,68
294,24,True,False,True,midpoint_with_inhaler,0.6455603187499843,0.6449594457778968,173,69
294,24,True,False,True,upper_bound,0.6419578988086433,0.6285611842771006,173,70
294,24,True,False,True,upper_bound_with_inhaler,0.6455603187499843,0.6383547307156667,173,71
294,36,False,False,False,one_hot,,,173,72
294,36,False,False,False,lower_bound,0.5717029054332992,0.5633808440390452,173,73
294,36,False,False,False,midpoint,0.5717029054332992,0.5772630728836533,173,74
294,36,False,False,False,midpoint_with_inhaler,0.5717029054332992,0.5796288676021292,173,75
294,36,False,False,False,upper_bound,0.5355537228707427,0.5613567071687812,173,76
294,36,False,False,False,upper_bound_with_inhaler,0.5717029054332992,0.5574076535851418,173,77
294,36,False,False,True,one_hot,,,173,78
294,36,False,False,True,lower_bound,0.5717029054332992,0.5633808440390452,173,79
294,36,False,False,True,midpoint,0.5717029054332992,0.5772630728836533,173,80
294,36,False,False,True,midpoint_with_inhaler,0.5717029054332992,0.5796288676021292,173,81
294,36,False,False,True,upper_bound,0.5355537228707427,0.5613567071687812,173,82
294,36,False,False,True,upper_bound_with_inhaler,0.5717029054332992,0.5574076535851418,173,83
294,36,True,False,False,one_hot,,,173,84
294,36,True,False,False,lower_bound,0.4576230170897902,0.435377914730988,173,85
294,36,True,False,False,midpoint,0.4576230170897902,0.45314596175858374,173,86
294,36,True,False,False,midpoint_with_inhaler,0.4576230170897902,0.4532293669766997,173,87
294,36,True,False,False,upper_bound,0.45740191761269805,0.46188171138573236,173,88
294,36,True,False,False,upper_bound_with_inhaler,0.4576230170897902,0.4622045988978927,173,89
294,36,True,False,True,one_hot,,,173,90
294,36,True,False,True,lower_bound,0.4576230170897902,0.435377914730988,173,91
294,36,True,False,True,midpoint,0.4576230170897902,0.45314596175858374,173,92
294,36,True,False,True,midpoint_with_inhaler,0.4576230170897902,0.4532293669766997,173,93
294,36,True,False,True,upper_bound,0.45740191761269805,0.46188171138573236,173,94
294,36,True,False,True,upper_bound_with_inhaler,0.4576230170897902,0.4622045988978927,173,95
294,48,False,False,False,one_hot,,,173,96
294,48,False,False,False,lower_bound,0.7424224975090805,0.7234784558378673,173,97
294,48,False,False,False,midpoint,0.7424224975090805,0.7038364265339386,173,98
294,48,False,False,False,midpoint_with_inhaler,0.7424224975090805,0.7388401625457146,173,99
294,48,False,False,False,upper_bound,0.6569321731640042,0.6196003319841057,173,100
294,48,False,False,False,upper_bound_with_inhaler,0.7424224975090805,0.7060477515002805,173,101
294,48,False,False,True,one_hot,,,173,102
294,48,False,False,True,lower_bound,0.7424224975090805,0.7234784558378673,173,103
294,48,False,False,True,midpoint,0.7424224975090805,0.7038364265339386,173,104
294,48,False,False,True,midpoint_with_inhaler,0.7424224975090805,0.7388401625457146,173,105
294,48,False,False,True,upper_bound,0.6569321731640042,0.6196003319841057,173,106
294,48,False,False,True,upper_bound_with_inhaler,0.7424224975090805,0.7060477515002805,173,107
294,48,False,True,False,one_hot,,,173,108
294,48,False,True,False,lower_bound,0.29202235129423193,0.2935097499896478,173,109
294,48,False,True,False,midpoint,0.29202235129423193,0.29754458980072274,173,110
294,48,False,True,False,midpoint_with_inhaler,0.29202235129423193,0.29754458980072274,173,111
294,48,False,True,False,upper_bound,0.29202235129423193,0.29577320143483576,173,112
294,48,False,True,False,upper_bound_with_inhaler,0.29202235129423193,0.29577320143483576,173,113
294,48,False,True,True,one_hot,,,173,114
294,48,False,True,True,lower_bound,0.29202235129423193,0.2935097499896478,173,115
294,48,False,True,True,midpoint,0.29202235129423193,0.29754458980072274,173,116
294,48,False,True,True,midpoint_with_inhaler,0.29202235129423193,0.29754458980072274,173,117
294,48,False,True,True,upper_bound,0.29202235129423193,0.29577320143483576,173,118
294,48,False,True,True,upper_bound_with_inhaler,0.29202235129423193,0.29577320143483576,173,119
294,48,True,False,False,one_hot,,,173,120
294,48,True,False,False,lower_bound,0.4013795325286982,0.36795002235637714,173,121
294,48,True,False,False,midpoint,0.4013795325286982,0.3948760882419875,173,122
294,48,True,False,False,midpoint_with_inhaler,0.4013795325286982,0.39349471438919686,173,123
294,48,True,False,False,upper_bound,0.40011440879638815,0.40261692821648015,173,124
294,48,True,False,False,upper_bound_with_inhaler,0.4013795325286982,0.40355916213416226,173,125
294,48,True,False,True,one_hot,,,173,126
294,48,True,False,True,lower_bound,0.4013795325286982,0.36795002235637714,173,127
294,48,True,False,True,midpoint,0.4013795325286982,0.3948760882419875,173,128
294,48,True,False,True,midpoint_with_inhaler,0.4013795325286982,0.39349471438919686,173,129
294,48,True,False,True,upper_bound,0.40011440879638815,0.40261692821648015,173,130
294,48,True,False,True,upper_bound_with_inhaler,0.4013795325286982,0.40355916213416226,173,131
328,12,False,False,False,one_hot,0.2765186331416562,0.27651863314165603,17,0
328,12,False,False,False,lower_bound,0.21784802012063625,0.03798457769888642,17,1
328,12,False,False,False,midpoint,0.21784802012063625,0.05786730990049289,17,2
328,12,False,False,False,midpoint_with_inhaler,0.21784802012063625,0.05786730990049289,17,3
328,12,False,False,False,upper_bound,0.21784802012063625,0.06995692902927211,17,4
328,12,False,False,False,upper_bound_with_inhaler,0.21784802012063625,0.06995692902927211,17,5
328,12,False,False,True,one_hot,0.2765186331416562,0.27651863314165603,17,6
328,12,False,False,True,lower_bound,0.21784802012063625,0.03798457769888642,17,7
328,12,False,False,True,midpoint,0.21784802012063625,0.05786730990049289,17,8
328,12,False,False,True,midpoint_with_inhaler,0.21784802012063625,0.05786730990049289,17,9
328,12,False,False,True,upper_bound,0.21784802012063625,0.06995692902927211,17,10
328,12,False,False,True,upper_bound_with_inhaler,0.21784802012063625,0.06995692902927211,17,11
328,12,False,True,False,one_hot,0.2053880046330666,0.20538800463306664,17,12
328,12,False,True,False,lower_bound,0.1409816090245673,0.0,17,13
328,12,False,True,False,midpoint,0.1409816090245673,0.015202496684727049,17,14
328,12,False,True,False,midpoint_with_inhaler,0.1409816090245673,0.015202496684727049,17,15
328,12,False,True,False,upper_bound,0.1409816090245673,0.024623273398731518,17,16
328,12,False,True,False,upper_bound_with_inhaler,0.1409816090245673,0.024623273398731518,17,17
328,12,False,True,True,one_hot,0.2053880046330666,0.20538800463306664,17,18
328,12,False,True,True,lower_bound,0.1409816090245673,0.0,17,19
328,12,False,True,True,midpoint,0.1409816090245673,0.015202496684727049,17,20
328,12,False,True,True,midpoint_with_inhaler,0.1409816090245673,0.015202496684727049,17,21
328,12,False,True,True,upper_bound,0.1409816090245673,0.024623273398731518,17,22
328,12,False,True,True,upper_bound_with_inhaler,0.1409816090245673,0.024623273398731518,17,23
328,12,True,False,False,one_hot,0.2053880046330666,0.20538800463306664,17,24
328,12,True,False,False,lower_bound,0.1409816090245673,0.0,17,25
328,12,True,False,False,midpoint,0.1409816090245673,0.015202496684727049,17,26
328,12,True,False,False,midpoint_with_inhaler,0.1409816090245673,0.015202496684727049,17,27
328,12,True,False,False,upper_bound,0.1409816090245673,0.024623273398731518,17,28
328,12,True,False,False,upper_bound_with_inhaler,0.1409816090245673,0.024623273398731518,17,29
328,12,True,False,True,one_hot,0.2053880046330666,0.20538800463306664,17,30
328,12,True,False,True,lower_bound,0.1409816090245673,0.0,17,31
328,12,True,False,True,midpoint,0.1409816090245673,0.015202496684727049,17,32
328,12,True,False,True,midpoint_with_inhaler,0.1409816090245673,0.015202496684727049,17,33
328,12,True,False,True,upper_bound,0.1409816090245673,0.024623273398731518,17,34
328,12,True,False,True,upper_bound_with_inhaler,0.1409816090245673,0.024623273398731518,17,35
328,24,False,False,False,one_hot,0.1341319932973397,0.1341319932973397,17,36
328,24,False,False,False,lower_bound,-0.04636314538825323,-0.10916362267706377,17,37
328,24,False,False,False,midpoint,-0.04636314538825323,-0.08956989144233944,17,38
328,24,False,False,False,midpoint_with_inhaler,-0.04636314538825323,-0.08956989144233944,17,39
328,24,False,False,False,upper_bound,-0.04636314538825323,-0.07537791718588373,17,40
328,24,False,False,False,upper_bound_with_inhaler,-0.04636314538825323,-0.07537791718588373,17,41
328,24,False,False,True,one_hot,0.1341319932973397,0.1341319932973397,17,42
328,24,False,False,True,lower_bound,-0.04636314538825323,-0.10916362267706377,17,43
328,24,False,False,True,midpoint,-0.04636314538825323,-0.08956989144233944,17,44
328,24,False,False,True,midpoint_with_inhaler,-0.04636314538825323,-0.08956989144233944,17,45
328,24,False,False,True,upper_bound,-0.04636314538825323,-0.07537791718588373,17,46
328,24,False,False,True,upper_bound_with_inhaler,-0.04636314538825323,-0.07537791718588373,17,47
328,24,False,True,False,one_hot,-0.11284318271571438,-0.11284318271571438,17,48
328,24,False,True,False,lower_bound,-0.11284318271571438,-0.11284318271571438,17,49
328,24,False,True,False,midpoint,-0.11284318271571438,-0.11284318271571438,17,50
328,24,False,True,False,midpoint_with_inhaler,-0.11284318271571438,-0.11284318271571438,17,51
328,24,False,True,False,upper_bound,-0.11284318271571438,-0.11284318271571438,17,52
328,24,False,True,False,upper_bound_with_inhaler,-0.11284318271571438,-0.11284318271571438,17,53
328,24,False,True,True,one_hot,-0.11284318271571438,-0.11284318271571438,17,54
328,24,False,True,True,lower_bound,-0.11284318271571438,-0.11284318271571438,17,55
328,24,False,True,True,midpoint,-0.11284318271571438,-0.11284318271571438,17,56
328,24,False,True,True,midpoint_with_inhaler,-0.11284318271571438,-0.11284318271571438,17,57
328,24,False,True,True,upper_bound,-0.11284318271571438,-0.11284318271571438,17,58
328,24,False,True,True,upper_bound_with_inhaler,-0.11284318271571438,-0.11284318271571438,17,59
328,24,True,False,False,one_hot,0.1341319932973397,0.1341319932973397,17,60
328,24,True,False,False,lower_bound,-0.04636314538825323,-0.10916362267706377,17,61
328,24,True,False,False,midpoint,-0.04636314538825323,-0.08956989144233944,17,62
328,24,True,False,False,midpoint_with_inhaler,-0.04636314538825323,-0.08956989144233944,17,63
328,24,True,False,False,upper_bound,-0.04636314538825323,-0.07537791718588373,17,64
328,24,True,False,False,upper_bound_with_inhaler,-0.04636314538825323,-0.07537791718588373,17,65
328,24,True,False,True,one_hot,0.1341319932973397,0.1341319932973397,17,66
328,24,True,False,True,lower_bound,-0.04636314538825323,-0.10916362267706377,17,67
328,24,True,False,True,midpoint,-0.04636314538825323,-0.08956989144233944,17,68
328,24,True,False,True,midpoint_with_inhaler,-0.04636314538825323,-0.08956989144233944,17,69
328,24,True,False,True,upper_bound,-0.04636314538825323,-0.07537791718588373,17,70
328,24,True,False,True,upper_bound_with_inhaler,-0.04636314538825323,-0.07537791718588373,17,71
328,36,False,False,False,one_hot,0.1341319932973397,0.1341319932973397,17,72
328,36,False,False,False,lower_bound,-0.04636314538825323,-0.10916362267706375,17,73
328,36,False,False,False,midpoint,-0.04636314538825323,-0.08956989144233941,17,74
328,36,False,False,False,midpoint_with_inhaler,-0.04636314538825323,-0.08956989144233941,17,75
328,36,False,False,False,upper_bound,-0.04636314538825323,-0.07537791718588374,17,76
328,36,False,False,False,upper_bound_with_inhaler,-0.04636314538825323,-0.07537791718588374,17,77
328,36,False,False,True,one_hot,0.1341319932973397,0.1341319932973397,17,78
328,36,False,False,True,lower_bound,-0.04636314538825323,-0.10916362267706375,17,79
328,36,False,False,True,midpoint,-0.04636314538825323,-0.08956989144233941,17,80
328,36,False,False,True,midpoint_with_inhaler,-0.04636314538825323,-0.08956989144233941,17,81
328,36,False,False,True,upper_bound,-0.04636314538825323,-0.07537791718588374,17,82
328,36,False,False,True,upper_bound_with_inhaler,-0.04636314538825323,-0.07537791718588374,17,83
328,36,True,False,False,one_hot,0.240218647289261,0.24021864728926104,17,84
328,36,True,False,False,lower_bound,0.12793525279233856,0.02462327339873151,17,85
328,36,True,False,False,midpoint,0.12793525279233856,0.07213307729606297,17,86
328,36,True,False,False,midpoint_with_inhaler,0.12793525279233856,0.07213307729606297,17,87
328,36,True,False,False,upper_bound,0.12793525279233856,0.1048289049070824,17,88
328,36,True,False,False,upper_bound_with_inhaler,0.12793525279233856,0.1048289049070824,17,89
328,36,True,False,True,one_hot,0.240218647289261,0.24021864728926104,17,90
328,36,True,False,True,lower_bound,0.12793525279233856,0.02462327339873151,17,91
328,36,True,False,True,midpoint,0.12793525279233856,0.07213307729606297,17,92
328,36,True,False,True,midpoint_with_inhaler,0.12793525279233856,0.07213307729606297,17,93
328,36,True,False,True,upper_bound,0.12793525279233856,0.1048289049070824,17,94
328,36,True,False,True,upper_bound_with_inhaler,0.12793525279233856,0.1048289049070824,17,95
328,48,False,False,False,one_hot,0.091541943648056,0.091541943648056,17,96
328,48,False,False,False,lower_bound,-0.14016459097773865,-0.16334351149245643,17,97
328,48,False,False,False,midpoint,-0.14016459097773865,-0.14542925351488625,17,98
328,48,False,False,False,midpoint_with_inhaler,-0.14016459097773865,-0.14542925351488625,17,99
328,48,False,False,False,upper_bound,-0.14016459097773865,-0.13115705581403658,17,100
328,48,False,False,False,upper_bound_with_inhaler,-0.14016459097773865,-0.13115705581403658,17,101
328,48,False,False,True,one_hot,0.091541943648056,0.091541943648056,17,102
328,48,False,False,True,lower_bound,-0.14016459097773865,-0.16334351149245643,17,103
328,48,False,False,True,midpoint,-0.14016459097773865,-0.14542925351488625,17,104
328,48,False,False,True,midpoint_with_inhaler,-0.14016459097773865,-0.14542925351488625,17,105
328,48,False,False,True,upper_bound,-0.14016459097773865,-0.13115705581403658,17,106
328,48,False,False,True,upper_bound_with_inhaler,-0.14016459097773865,-0.13115705581403658,17,107
328,48,False,True,False,one_hot,-0.23193781324801244,-0.23193781324801252,17,108
328,48,False,True,False,lower_bound,-0.23780867947128112,-0.209599957067088,17,109
328,48,False,True,False,midpoint,-0.23780867947128112,-0.22697069442656473,17,110
328,48,False,True,False,midpoint_with_inhaler,-0.23780867947128112,-0.22697069442656473,17,111
328,48,False,True,False,upper_bound,-0.23780867947128112,-0.23457979804955512,17,112
328,48,False,True,False,upper_bound_with_inhaler,-0.23780867947128112,-0.23457979804955512,17,113
328,48,False,True,True,one_hot,-0.23193781324801244,-0.23193781324801252,17,114
328,48,False,True,True,lower_bound,-0.23780867947128112,-0.209599957067088,17,115
328,48,False,True,True,midpoint,-0.23780867947128112,-0.22697069442656473,17,116
328,48,False,True,True,midpoint_with_inhaler,-0.23780867947128112,-0.22697069442656473,17,117
328,48,False,True,True,upper_bound,-0.23780867947128112,-0.23457979804955512,17,118
328,48,False,True,True,upper_bound_with_inhaler,-0.23780867947128112,-0.23457979804955512,17,119
328,48,True,False,False,one_hot,-0.2319378132480125,-0.23193781324801255,17,120
328,48,True,False,False,lower_bound,-0.2319378132480125,-0.23193781324801255,17,121
328,48,True,False,False,midpoint,-0.2319378132480125,-0.2319378132480125,17,122
328,48,True,False,False,midpoint_with_inhaler,-0.2319378132480125,-0.2319378132480125,17,123
328,48,True,False,False,upper_bound,-0.2319378132480125,-0.23193781324801255,17,124
328,48,True,False,False,upper_bound_with_inhaler,-0.2319378132480125,-0.23193781324801255,17,125
328,48,True,False,True,one_hot,-0.2319378132480125,-0.23193781324801255,17,126
328,48,True,False,True,lower_bound,-0.2319378132480125,-0.23193781324801255,17,127
328,48,True,False,True,midpoint,-0.2319378132480125,-0.2319378132480125,17,128
328,48,True,False,True,midpoint_with_inhaler,-0.2319378132480125,-0.2319378132480125,17,129
328,48,True,False,True,upper_bound,-0.2319378132480125,-0.23193781324801255,17,130
328,48,True,False,True,upper_bound_with_inhaler,-0.2319378132480125,-0.23193781324801255,17,131
343,12,False,False,False,one_hot,0.3858002922990556,0.3858002922990556,93,0
343,12,False,False,False,lower_bound,0.3858002922990556,0.3858002922990556,93,1
343,12,False,False,False,midpoint,0.3858002922990556,0.3858002922990556,93,2
343,12,False,False,False,midpoint_with_inhaler,0.3858002922990556,0.3858002922990556,93,3
343,12,False,False,False,upper_bound,0.3858002922990556,0.3858002922990556,93,4
343,12,False,False,False,upper_bound_with_inhaler,0.3858002922990556,0.3858002922990556,93,5
343,12,False,False,True,one_hot,0.3858002922990556,0.3858002922990556,93,6
343,12,False,False,True,lower_bound,0.3858002922990556,0.3858002922990556,93,7
343,12,False,False,True,midpoint,0.3858002922990556,0.3858002922990556,93,8
343,12,False,False,True,midpoint_with_inhaler,0.3858002922990556,0.3858002922990556,93,9
343,12,False,False,True,upper_bound,0.3858002922990556,0.3858002922990556,93,10
343,12,False,False,True,upper_bound_with_inhaler,0.3858002922990556,0.3858002922990556,93,11
343,12,False,True,False,one_hot,0.4453238158775562,0.4453238158775562,93,12
343,12,False,True,False,lower_bound,0.4453238158775562,0.4453238158775562,93,13
343,12,False,True,False,midpoint,0.4453238158775562,0.4453238158775562,93,14
343,12,False,True,False,midpoint_with_inhaler,0.4453238158775562,0.4453238158775562,93,15
343,12,False,True,False,upper_bound,0.4453238158775562,0.4453238158775562,93,16
343,12,False,True,False,upper_bound_with_inhaler,0.4453238158775562,0.4453238158775562,93,17
343,12,False,True,True,one_hot,0.4453238158775562,0.4453238158775562,93,18
343,12,False,True,True,lower_bound,0.4453238158775562,0.4453238158775562,93,19
343,12,False,True,True,midpoint,0.4453238158775562,0.4453238158775562,93,20
343,12,False,True,True,midpoint_with_inhaler,0.4453238158775562,0.4453238158775562,93,21
343,12,False,True,True,upper_bound,0.4453238158775562,0.4453238158775562,93,22
343,12,False,True,True,upper_bound_with_inhaler,0.4453238158775562,0.4453238158775562,93,23
343,12,True,False,False,one_hot,0.4453238158775562,0.44532381587755615,93,24
343,12,True,False,False,lower_bound,0.4453238158775562,0.44532381587755615,93,25
343,12,True,False,False,midpoint,0.4453238158775562,0.44532381587755615,93,26
343,12,True,False,False,midpoint_with_inhaler,0.4453238158775562,0.44532381587755615,93,27
343,12,True,False,False,upper_bound,0.4453238158775562,0.44532381587755615,93,28
343,12,True,False,False,upper_bound_with_inhaler,0.4453238158775562,0.44532381587755615,93,29
343,12,True,False,True,one_hot,0.4453238158775562,0.44532381587755615,93,30
343,12,True,False,True,lower_bound,0.4453238158775562,0.44532381587755615,93,31
343,12,True,False,True,midpoint,0.4453238158775562,0.44532381587755615,93,32
343,12,True,False,True,midpoint_with_inhaler,0.4453238158775562,0.44532381587755615,93,33
343,12,True,False,True,upper_bound,0.4453238158775562,0.44532381587755615,93,34
343,12,True,False,True,upper_bound_with_inhaler,0.4453238158775562,0.44532381587755615,93,35
343,24,False,False,False,one_hot,0.3081580121152981,0.3081580121152981,93,36
343,24,False,False,False,lower_bound,0.3104610656361786,0.28857853175317405,93,37
343,24,False,False,False,midpoint,0.3104610656361786,0.3017209667360829,93,38
343,24,False,False,False,midpoint_with_inhaler,0.3104610656361786,0.3017209667360829,93,39
343,24,False,False,False,upper_bound,0.3104610656361786,0.30662287421343487,93,40
343,24,False,False,False,upper_bound_with_inhaler,0.3104610656361786,0.30662287421343487,93,41
343,24,False,False,True,one_hot,0.3081580121152981,0.3081580121152981,93,42
343,24,False,False,True,lower_bound,0.3104610656361786,0.28857853175317405,93,43
343,24,False,False,True,midpoint,0.3104610656361786,0.3017209667360829,93,44
343,24,False,False,True,midpoint_with_inhaler,0.3104610656361786,0.3017209667360829,93,45
343,24,False,False,True,upper_bound,0.3104610656361786,0.30662287421343487,93,46
343,24,False,False,True,upper_bound_with_inhaler,0.3104610656361786,0.30662287421343487,93,47
343,24,False,True,False,one_hot,0.09009575310528312,0.09009575310528316,93,48
343,24,False,True,False,lower_bound,0.09009575310528312,0.09009575310528316,93,49
343,24,False,True,False,midpoint,0.09009575310528312,0.09009575310528313,93,50
343,24,False,True,False,midpoint_with_inhaler,0.09009575310528312,0.09009575310528313,93,51
343,24,False,True,False,upper_bound,0.09009575310528312,0.09009575310528316,93,52
343,24,False,True,False,upper_bound_with_inhaler,0.09009575310528312,0.09009575310528316,93,53
343,24,False,True,True,one_hot,0.09009575310528312,0.09009575310528316,93,54
343,24,False,True,True,lower_bound,0.09009575310528312,0.09009575310528316,93,55
343,24,False,True,True,midpoint,0.09009575310528312,0.09009575310528313,93,56
343,24,False,True,True,midpoint_with_inhaler,0.09009575310528312,0.09009575310528313,93,57
343,24,False,True,True,upper_bound,0.09009575310528312,0.09009575310528316,93,58
343,24,False,True,True,upper_bound_with_inhaler,0.09009575310528312,0.09009575310528316,93,59
343,24,True,False,False,one_hot,0.3081580121152981,0.3081580121152981,93,60
343,24,True,False,False,lower_bound,0.3104610656361786,0.28857853175317405,93,61
343,24,True,False,False,midpoint,0.3104610656361786,0.3017209667360829,93,62
343,24,True,False,False,midpoint_with_inhaler,0.3104610656361786,0.3017209667360829,93,63
343,24,True,False,False,upper_bound,0.3104610656361786,0.30662287421343487,93,64
343,24,True,False,False,upper_bound_with_inhaler,0.3104610656361786,0.30662287421343487,93,65
343,24,True,False,True,one_hot,0.3081580121152981,0.3081580121152981,93,66
343,24,True,False,True,lower_bound,0.3104610656361786,0.28857853175317405,93,67
343,24,True,False,True,midpoint,0.3104610656361786,0.3017209667360829,93,68
343,24,True,False,True,midpoint_with_inhaler,0.3104610656361786,0.3017209667360829,93,69
343,24,True,False,True,upper_bound,0.3104610656361786,0.30662287421343487,93,70
343,24,True,False,True,upper_bound_with_inhaler,0.3104610656361786,0.30662287421343487,93,71
343,36,False,False,False,one_hot,0.3349416498659338,0.3349416498659338,93,72
343,36,False,False,False,lower_bound,0.3473580599738482,0.37050135093786973,93,73
343,36,False,False,False,midpoint,0.3473580599738482,0.36552629327919994,93,74
343,36,False,False,False,midpoint_with_inhaler,0.3473580599738482,0.36552629327919994,93,75
343,36,False,False,False,upper_bound,0.3473580599738482,0.36066174702209336,93,76
343,36,False,False,False,upper_bound_with_inhaler,0.3473580599738482,0.36066174702209336,93,77
343,36,False,False,True,one_hot,0.3349416498659338,0.3349416498659338,93,78
343,36,False,False,True,lower_bound,0.3473580599738482,0.37050135093786973,93,79
343,36,False,False,True,midpoint,0.3473580599738482,0.36552629327919994,93,80
343,36,False,False,True,midpoint_with_inhaler,0.3473580599738482,0.36552629327919994,93,81
343,36,False,False,True,upper_bound,0.3473580599738482,0.36066174702209336,93,82
343,36,False,False,True,upper_bound_with_inhaler,0.3473580599738482,0.36066174702209336,93,83
343,36,True,False,False,one_hot,0.2372748058037183,0.23727480580371826,93,84
343,36,True,False,False,lower_bound,0.2372748058037183,0.23727480580371826,93,85
343,36,True,False,False,midpoint,0.2372748058037183,0.23727480580371826,93,86
343,36,True,False,False,midpoint_with_inhaler,0.2372748058037183,0.23727480580371826,93,87
343,36,True,False,False,upper_bound,0.2372748058037183,0.23727480580371826,93,88
343,36,True,False,False,upper_bound_with_inhaler,0.2372748058037183,0.23727480580371826,93,89
343,36,True,False,True,one_hot,0.2372748058037183,0.23727480580371826,93,90
343,36,True,False,True,lower_bound,0.2372748058037183,0.23727480580371826,93,91
343,36,True,False,True,midpoint,0.2372748058037183,0.23727480580371826,93,92
343,36,True,False,True,midpoint_with_inhaler,0.2372748058037183,0.23727480580371826,93,93
343,36,True,False,True,upper_bound,0.2372748058037183,0.23727480580371826,93,94
343,36,True,False,True,upper_bound_with_inhaler,0.2372748058037183,0.23727480580371826,93,95
343,48,False,False,False,one_hot,0.31147555724711823,0.31147555724711845,93,96
343,48,False,False,False,lower_bound,0.31630539485035825,0.2990720445622148,93,97
343,48,False,False,False,midpoint,0.31630539485035825,0.3108265936730906,93,98
343,48,False,False,False,midpoint_with_inhaler,0.31630539485035825,0.3108265936730906,93,99
343,48,False,False,False,upper_bound,0.31630539485035825,0.3146054940821108,93,100
343,48,False,False,False,upper_bound_with_inhaler,0.31630539485035825,0.3146054940821108,93,101
343,48,False,False,True,one_hot,0.31147555724711823,0.31147555724711845,93,102
343,48,False,False,True,lower_bound,0.31630539485035825,0.2990720445622148,93,103
343,48,False,False,True,midpoint,0.31630539485035825,0.3108265936730906,93,104
343,48,False,False,True,midpoint_with_inhaler,0.31630539485035825,0.3108265936730906,93,105
343,48,False,False,True,upper_bound,0.31630539485035825,0.3146054940821108,93,106
343,48,False,False,True,upper_bound_with_inhaler,0.31630539485035825,0.3146054940821108,93,107
343,48,False,True,False,one_hot,0.09015113628948045,0.09015113628948047,93,108
343,48,False,True,False,lower_bound,0.09015113628948045,0.09015113628948047,93,109
343,48,False,True,False,midpoint,0.09015113628948045,0.09015113628948052,93,110
343,48,False,True,False,midpoint_with_inhaler,0.09015113628948045,0.09015113628948052,93,111
343,48,False,True,False,upper_bound,0.09015113628948045,0.09015113628948047,93,112
343,48,False,True,False,upper_bound_with_inhaler,0.09015113628948045,0.09015113628948047,93,113
343,48,False,True,True,one_hot,0.09015113628948045,0.09015113628948047,93,114
343,48,False,True,True,lower_bound,0.09015113628948045,0.09015113628948047,93,115
343,48,False,True,True,midpoint,0.09015113628948045,0.09015113628948052,93,116
343,48,False,True,True,midpoint_with_inhaler,0.09015113628948045,0.09015113628948052,93,117
343,48,False,True,True,upper_bound,0.09015113628948045,0.09015113628948047,93,118
343,48,False,True,True,upper_bound_with_inhaler,0.09015113628948045,0.09015113628948047,93,119
343,48,True,False,False,one_hot,-0.008487384429054928,-0.008487384429054909,93,120
343,48,True,False,False,lower_bound,-0.012100884300145213,-0.030103203343532496,93,121
343,48,True,False,False,midpoint,-0.012100884300145213,-0.02402111109688828,93,122
343,48,True,False,False,midpoint_with_inhaler,-0.012100884300145213,-0.02402111109688828,93,123
343,48,True,False,False,upper_bound,-0.012100884300145213,-0.020535745936746886,93,124
343,48,True,False,False,upper_bound_with_inhaler,-0.012100884300145213,-0.020535745936746886,93,125
343,48,True,False,True,one_hot,-0.008487384429054928,-0.008487384429054909,93,126
343,48,True,False,True,lower_bound,-0.012100884300145213,-0.030103203343532496,93,127
343,48,True,False,True,midpoint,-0.012100884300145213,-0.02402111109688828,93,128
343,48,True,False,True,midpoint_with_inhaler,-0.012100884300145213,-0.02402111109688828,93,129
343,48,True,False,True,upper_bound,-0.012100884300145213,-0.020535745936746886,93,130
343,48,True,False,True,upper_bound_with_inhaler,-0.012100884300145213,-0.020535745936746886,93,131
398,12,False,False,False,one_hot,0.017473191989172427,0.01747319198917236,25,0
398,12,False,False,False,lower_bound,0.017473191989172427,0.01747319198917236,25,1
398,12,False,False,False,midpoint,0.017473191989172427,0.01747319198917236,25,2
398,12,False,False,False,midpoint_with_inhaler,0.017473191989172427,0.01747319198917236,25,3
398,12,False,False,False,upper_bound,0.017473191989172427,0.01747319198917236,25,4
398,12,False,False,False,upper_bound_with_inhaler,0.017473191989172427,0.01747319198917236,25,5
398,12,False,False,True,one_hot,0.017473191989172427,0.01747319198917236,25,6
398,12,False,False,True,lower_bound,0.017473191989172427,0.01747319198917236,25,7
398,12,False,False,True,midpoint,0.017473191989172427,0.01747319198917236,25,8
398,12,False,False,True,midpoint_with_inhaler,0.017473191989172427,0.01747319198917236,25,9
398,12,False,False,True,upper_bound,0.017473191989172427,0.01747319198917236,25,10
398,12,False,False,True,upper_bound_with_inhaler,0.017473191989172427,0.01747319198917236,25,11
398,12,False,True,False,one_hot,-0.01747319198917242,-0.017473191989172358,25,12
398,12,False,True,False,lower_bound,-0.03427768043780489,-0.06307760329410847,25,13
398,12,False,True,False,midpoint,-0.03427768043780489,-0.05273168386243905,25,14
398,12,False,True,False,midpoint_with_inhaler,-0.03427768043780489,-0.05273168386243905,25,15
398,12,False,True,False,upper_bound,-0.03427768043780489,-0.045867062657297154,25,16
398,12,False,True,False,upper_bound_with_inhaler,-0.03427768043780489,-0.045867062657297154,25,17
398,12,False,True,True,one_hot,-0.01747319198917242,-0.017473191989172358,25,18
398,12,False,True,True,lower_bound,-0.03427768043780489,-0.06307760329410847,25,19
398,12,False,True,True,midpoint,-0.03427768043780489,-0.05273168386243905,25,20
398,12,False,True,True,midpoint_with_inhaler,-0.03427768043780489,-0.05273168386243905,25,21
398,12,False,True,True,upper_bound,-0.03427768043780489,-0.045867062657297154,25,22
398,12,False,True,True,upper_bound_with_inhaler,-0.03427768043780489,-0.045867062657297154,25,23
398,12,True,False,False,one_hot,0.02916886186960468,0.029168861869604688,25,24
398,12,True,False,False,lower_bound,-0.026811290005444924,-0.0884873414231447,25,25
398,12,True,False,False,midpoint,-0.026811290005444924,-0.07723512801127787,25,26
398,12,True,False,False,midpoint_with_inhaler,-0.026811290005444924,-0.07723512801127787,25,27
398,12,True,False,False,upper_bound,-0.026811290005444924,-0.0696560179105785,25,28
398,12,True,False,False,upper_bound_with_inhaler,-0.026811290005444924,-0.0696560179105785,25,29
398,12,True,False,True,one_hot,0.02916886186960468,0.029168861869604688,25,30
398,12,True,False,True,lower_bound,-0.026811290005444924,-0.0884873414231447,25,31
398,12,True,False,True,midpoint,-0.026811290005444924,-0.07723512801127787,25,32
398,12,True,False,True,midpoint_with_inhaler,-0.026811290005444924,-0.07723512801127787,25,33
398,12,True,False,True,upper_bound,-0.026811290005444924,-0.0696560179105785,25,34
398,12,True,False,True,upper_bound_with_inhaler,-0.026811290005444924,-0.0696560179105785,25,35
398,24,False,False,False,one_hot,0.3398313641010903,0.3398313641010904,25,36
398,24,False,False,False,lower_bound,0.3398313641010903,0.3398313641010904,25,37
398,24,False,False,False,midpoint,0.3398313641010903,0.3398313641010904,25,38
398,24,False,False,False,midpoint_with_inhaler,0.3398313641010903,0.3398313641010904,25,39
398,24,False,False,False,upper_bound,0.3398313641010903,0.3398313641010904,25,40
398,24,False,False,False,upper_bound_with_inhaler,0.3398313641010903,0.3398313641010904,25,41
398,24,False,False,True,one_hot,0.3398313641010903,0.3398313641010904,25,42
398,24,False,False,True,lower_bound,0.3398313641010903,0.3398313641010904,25,43
398,24,False,False,True,midpoint,0.3398313641010903,0.3398313641010904,25,44
398,24,False,False,True,midpoint_with_inhaler,0.3398313641010903,0.3398313641010904,25,45
398,24,False,False,True,upper_bound,0.3398313641010903,0.3398313641010904,25,46
398,24,False,False,True,upper_bound_with_inhaler,0.3398313641010903,0.3398313641010904,25,47
398,24,False,True,False,one_hot,0.2036923847888908,0.20369238478889082,25,48
398,24,False,True,False,lower_bound,0.17302761029625396,0.09477385804869749,25,49
398,24,False,True,False,midpoint,0.17302761029625396,0.12760593737040424,25,50
398,24,False,True,False,midpoint_with_inhaler,0.17302761029625396,0.12760593737040424,25,51
398,24,False,True,False,upper_bound,0.17302761029625396,0.14617624644822313,25,52
398,24,False,True,False,upper_bound_with_inhaler,0.17302761029625396,0.14617624644822313,25,53
398,24,False,True,True,one_hot,0.2036923847888908,0.20369238478889082,25,54
398,24,False,True,True,lower_bound,0.17302761029625396,0.09477385804869749,25,55
398,24,False,True,True,midpoint,0.17302761029625396,0.12760593737040424,25,56
398,24,False,True,True,midpoint_with_inhaler,0.17302761029625396,0.12760593737040424,25,57
398,24,False,True,True,upper_bound,0.17302761029625396,0.14617624644822313,25,58
398,24,False,True,True,upper_bound_with_inhaler,0.17302761029625396,0.14617624644822313,25,59
398,24,True,False,False,one_hot,0.3398313641010903,0.3398313641010904,25,60
398,24,True,False,False,lower_bound,0.3398313641010903,0.3398313641010904,25,61
398,24,True,False,False,midpoint,0.3398313641010903,0.3398313641010904,25,62
398,24,True,False,False,midpoint_with_inhaler,0.3398313641010903,0.3398313641010904,25,63
398,24,True,False,False,upper_bound,0.3398313641010903,0.3398313641010904,25,64
398,24,True,False,False,upper_bound_with_inhaler,0.3398313641010903,0.3398313641010904,25,65
398,24,True,False,True,one_hot,0.3398313641010903,0.3398313641010904,25,66
398,24,True,False,True,lower_bound,0.3398313641010903,0.3398313641010904,25,67
398,24,True,False,True,midpoint,0.3398313641010903,0.3398313641010904,25,68
398,24,True,False,True,midpoint_with_inhaler,0.3398313641010903,0.3398313641010904,25,69
398,24,True,False,True,upper_bound,0.3398313641010903,0.3398313641010904,25,70
398,24,True,False,True,upper_bound_with_inhaler,0.3398313641010903,0.3398313641010904,25,71
398,36,False,False,False,one_hot,0.19283124040599242,0.19283124040599237,25,72
398,36,False,False,False,lower_bound,0.03839137263230831,-0.04389160996832094,25,73
398,36,False,False,False,midpoint,0.03839137263230831,-3.469446951953614e-18,25,74
398,36,False,False,False,midpoint_with_inhaler,0.03839137263230831,-3.469446951953614e-18,25,75
398,36,False,False,False,upper_bound,0.03839137263230831,0.03309819208823922,25,76
398,36,False,False,False,upper_bound_with_inhaler,0.03839137263230831,0.03309819208823922,25,77
398,36,False,False,True,one_hot,0.19283124040599242,0.19283124040599237,25,78
398,36,False,False,True,lower_bound,0.03839137263230831,-0.04389160996832094,25,79
398,36,False,False,True,midpoint,0.03839137263230831,-3.469446951953614e-18,25,80
398,36,False,False,True,midpoint_with_inhaler,0.03839137263230831,-3.469446951953614e-18,25,81
398,36,False,False,True,upper_bound,0.03839137263230831,0.03309819208823922,25,82
398,36,False,False,True,upper_bound_with_inhaler,0.03839137263230831,0.03309819208823922,25,83
398,36,True,False,False,one_hot,0.13443467391583067,0.13443467391583064,25,84
398,36,True,False,False,lower_bound,0.07645709585116332,-0.005362463501166946,25,85
398,36,True,False,False,midpoint,0.07645709585116332,0.028008440396754097,25,86
398,36,True,False,False,midpoint_with_inhaler,0.07645709585116332,0.028008440396754097,25,87
398,36,True,False,False,upper_bound,0.07645709585116332,0.04975773490869071,25,88
398,36,True,False,False,upper_bound_with_inhaler,0.07645709585116332,0.04975773490869071,25,89
398,36,True,False,True,one_hot,0.13443467391583067,0.13443467391583064,25,90
398,36,True,False,True,lower_bound,0.07645709585116332,-0.005362463501166946,25,91
398,36,True,False,True,midpoint,0.07645709585116332,0.028008440396754097,25,92
398,36,True,False,True,midpoint_with_inhaler,0.07645709585116332,0.028008440396754097,25,93
398,36,True,False,True,upper_bound,0.07645709585116332,0.04975773490869071,25,94
398,36,True,False,True,upper_bound_with_inhaler,0.07645709585116332,0.04975773490869071,25,95
398,48,False,False,False,one_hot,0.19283124040599237,0.19283124040599237,25,96
398,48,False,False,False,lower_bound,-0.06878939026050276,-0.1552720801054576,25,97
398,48,False,False,False,midpoint,-0.06878939026050276,-0.1265502005420615,25,98
398,48,False,False,False,midpoint_with_inhaler,-0.06878939026050276,-0.1265502005420615,25,99
398,48,False,False,False,upper_bound,-0.06878939026050276,-0.10607475140596881,25,100
398,48,False,False,False,upper_bound_with_inhaler,-0.06878939026050276,-0.10607475140596881,25,101
398,48,False,False,True,one_hot,0.19283124040599237,0.19283124040599237,25,102
398,48,False,False,True,lower_bound,-0.06878939026050276,-0.1552720801054576,25,103
398,48,False,False,True,midpoint,-0.06878939026050276,-0.1265502005420615,25,104
398,48,False,False,True,midpoint_with_inhaler,-0.06878939026050276,-0.1265502005420615,25,105
398,48,False,False,True,upper_bound,-0.06878939026050276,-0.10607475140596881,25,106
398,48,False,False,True,upper_bound_with_inhaler,-0.06878939026050276,-0.10607475140596881,25,107
398,48,False,True,False,one_hot,-0.10755568980847273,-0.10755568980847281,25,108
398,48,False,True,False,lower_bound,-0.13115705581403655,-0.13327291731529414,25,109
398,48,False,True,False,midpoint,-0.13115705581403655,-0.1342510860138614,25,110
398,48,False,True,False,midpoint_with_inhaler,-0.13115705581403655,-0.1342510860138614,25,111
398,48,False,True,False,upper_bound,-0.13115705581403655,-0.1324660512544893,25,112
398,48,False,True,False,upper_bound_with_inhaler,-0.13115705581403655,-0.1324660512544893,25,113
398,48,False,True,True,one_hot,-0.10755568980847273,-0.10755568980847281,25,114
398,48,False,True,True,lower_bound,-0.13115705581403655,-0.13327291731529414,25,115
398,48,False,True,True,midpoint,-0.13115705581403655,-0.1342510860138614,25,116
398,48,False,True,True,midpoint_with_inhaler,-0.13115705581403655,-0.1342510860138614,25,117
398,48,False,True,True,upper_bound,-0.13115705581403655,-0.1324660512544893,25,118
398,48,False,True,True,upper_bound_with_inhaler,-0.13115705581403655,-0.1324660512544893,25,119
398,48,True,False,False,one_hot,0.27962689694628484,0.27962689694628484,25,120
398,48,True,False,False,lower_bound,0.319088966184849,0.3476884204022555,25,121
398,48,True,False,False,midpoint,0.319088966184849,0.34544826184613114,25,122
398,48,True,False,False,midpoint_with_inhaler,0.319088966184849,0.34544826184613114,25,123
398,48,True,False,False,upper_bound,0.319088966184849,0.3398313641010903,25,124
398,48,True,False,False,upper_bound_with_inhaler,0.319088966184849,0.3398313641010903,25,125
398,48,True,False,True,one_hot,0.27962689694628484,0.27962689694628484,25,126
398,48,True,False,True,lower_bound,0.319088966184849,0.3476884204022555,25,127
398,48,True,False,True,midpoint,0.319088966184849,0.34544826184613114,25,128
398,48,True,False,True,midpoint_with_inhaler,0.319088966184849,0.34544826184613114,25,129
398,48,True,False,True,upper_bound,0.319088966184849,0.3398313641010903,25,130
398,48,True,False,True,upper_bound_with_inhaler,0.319088966184849,0.3398313641010903,25,131
447,12,False,False,False,one_hot,0.02951285185498538,0.029512851854985343,89,0
447,12,False,False,False,lower_bound,0.08345440030483545,0.1672172759384726,89,1
447,12,False,False,False,midpoint,0.08345440030483545,0.16560477559042977,89,2
447,12,False,False,False,midpoint_with_inhaler,0.08345440030483545,0.16560477559042977,89,3
447,12,False,False,False,upper_bound,0.08345440030483545,0.16025785806451198,89,4
447,12,False,False,False,upper_bound_with_inhaler,0.08345440030483545,0.16025785806451198,89,5
447,12,False,False,True,one_hot,0.02951285185498538,0.029512851854985343,89,6
447,12,False,False,True,lower_bound,0.08345440030483545,0.1672172759384726,89,7
447,12,False,False,True,midpoint,0.08345440030483545,0.16560477559042977,89,8
447,12,False,False,True,midpoint_with_inhaler,0.08345440030483545,0.16560477559042977,89,9
447,12,False,False,True,upper_bound,0.08345440030483545,0.16025785806451198,89,10
447,12,False,False,True,upper_bound_with_inhaler,0.08345440030483545,0.16025785806451198,89,11
447,12,False,True,False,one_hot,-0.0656011010919222,-0.06560110109192221,89,12
447,12,False,True,False,lower_bound,-0.1514404117028567,-0.13580888756152348,89,13
447,12,False,True,False,midpoint,-0.1514404117028567,-0.15158382267889717,89,14
447,12,False,True,False,midpoint_with_inhaler,-0.1514404117028567,-0.15158382267889717,89,15
447,12,False,True,False,upper_bound,-0.1514404117028567,-0.16124818129504065,89,16
447,12,False,True,False,upper_bound_with_inhaler,-0.1514404117028567,-0.16124818129504065,89,17
447,12,False,True,True,one_hot,-0.0656011010919222,-0.06560110109192221,89,18
447,12,False,True,True,lower_bound,-0.1514404117028567,-0.13580888756152348,89,19
447,12,False,True,True,midpoint,-0.1514404117028567,-0.15158382267889717,89,20
447,12,False,True,True,midpoint_with_inhaler,-0.1514404117028567,-0.15158382267889717,89,21
447,12,False,True,True,upper_bound,-0.1514404117028567,-0.16124818129504065,89,22
447,12,False,True,True,upper_bound_with_inhaler,-0.1514404117028567,-0.16124818129504065,89,23
447,12,True,False,False,one_hot,0.14369289578780509,0.14369289578780514,89,24
447,12,True,False,False,lower_bound,-0.04856585936992567,-0.04888832138105957,89,25
447,12,True,False,False,midpoint,-0.04856585936992567,-0.057016997614582614,89,26
447,12,True,False,False,midpoint_with_inhaler,-0.04856585936992567,-0.057016997614582614,89,27
447,12,True,False,False,upper_bound,-0.04856585936992567,-0.06399652784679868,89,28
447,12,True,False,False,upper_bound_with_inhaler,-0.04856585936992567,-0.06399652784679868,89,29
447,12,True,False,True,one_hot,0.14369289578780509,0.14369289578780514,89,30
447,12,True,False,True,lower_bound,-0.04856585936992567,-0.04888832138105957,89,31
447,12,True,False,True,midpoint,-0.04856585936992567,-0.057016997614582614,89,32
447,12,True,False,True,midpoint_with_inhaler,-0.04856585936992567,-0.057016997614582614,89,33
447,12,True,False,True,upper_bound,-0.04856585936992567,-0.06399652784679868,89,34
447,12,True,False,True,upper_bound_with_inhaler,-0.04856585936992567,-0.06399652784679868,89,35
447,24,False,False,False,one_hot,-0.07110251112704405,-0.07110251112704409,89,36
447,24,False,False,False,lower_bound,0.07494274810252353,0.2574226412686414,89,37
447,24,False,False,False,midpoint,0.07494274810252353,0.21759058068355944,89,38
447,24,False,False,False,midpoint_with_inhaler,0.07494274810252353,0.21759058068355944,89,39
447,24,False,False,False,upper_bound,0.07494274810252353,0.18558924451361192,89,40
447,24,False,False,False,upper_bound_with_inhaler,0.07494274810252353,0.18558924451361192,89,41
447,24,False,False,True,one_hot,-0.07110251112704405,-0.07110251112704409,89,42
447,24,False,False,True,lower_bound,0.07494274810252353,0.2574226412686414,89,43
447,24,False,False,True,midpoint,0.07494274810252353,0.21759058068355944,89,44
447,24,False,False,True,midpoint_with_inhaler,0.07494274810252353,0.21759058068355944,89,45
447,24,False,False,True,upper_bound,0.07494274810252353,0.18558924451361192,89,46
447,24,False,False,True,upper_bound_with_inhaler,0.07494274810252353,0.18558924451361192,89,47
447,24,False,True,False,one_hot,-0.06560110109192221,-0.06560110109192221,89,48
447,24,False,True,False,lower_bound,0.09842970851453667,0.22504739802195609,89,49
447,24,False,True,False,midpoint,0.09842970851453667,0.20587634973305077,89,50
447,24,False,True,False,midpoint_with_inhaler,0.09842970851453667,0.20587634973305077,89,51
447,24,False,True,False,upper_bound,0.09842970851453667,0.1894858654003145,89,52
447,24,False,True,False,upper_bound_with_inhaler,0.09842970851453667,0.1894858654003145,89,53
447,24,False,True,True,one_hot,-0.06560110109192221,-0.06560110109192221,89,54
447,24,False,True,True,lower_bound,0.09842970851453667,0.22504739802195609,89,55
447,24,False,True,True,midpoint,0.09842970851453667,0.20587634973305077,89,56
447,24,False,True,True,midpoint_with_inhaler,0.09842970851453667,0.20587634973305077,89,57
447,24,False,True,True,upper_bound,0.09842970851453667,0.1894858654003145,89,58
447,24,False,True,True,upper_bound_with_inhaler,0.09842970851453667,0.1894858654003145,89,59
447,24,True,False,False,one_hot,-0.07110251112704405,-0.07110251112704409,89,60
447,24,True,False,False,lower_bound,0.07494274810252353,0.2574226412686414,89,61
447,24,True,False,False,midpoint,0.07494274810252353,0.21759058068355944,89,62
447,24,True,False,False,midpoint_with_inhaler,0.07494274810252353,0.21759058068355944,89,63
447,24,True,False,False,upper_bound,0.07494274810252353,0.18558924451361192,89,64
447,24,True,False,False,upper_bound_with_inhaler,0.07494274810252353,0.18558924451361192,89,65
447,24,True,False,True,one_hot,-0.07110251112704405,-0.07110251112704409,89,66
447,24,True,False,True,lower_bound,0.07494274810252353,0.2574226412686414,89,67
447,24,True,False,True,midpoint,0.07494274810252353,0.21759058068355944,89,68
447,24,True,False,True,midpoint_with_inhaler,0.07494274810252353,0.21759058068355944,89,69
447,24,True,False,True,upper_bound,0.07494274810252353,0.18558924451361192,89,70
447,24,True,False,True,upper_bound_with_inhaler,0.07494274810252353,0.18558924451361192,89,71
447,36,False,False,False,one_hot,-0.04078802689386722,-0.04078802689386722,89,72
447,36,False,False,False,lower_bound,0.04363679722883998,0.2619885445310695,89,73
447,36,False,False,False,midpoint,0.04363679722883998,0.2094414925780074,89,74
447,36,False,False,False,midpoint_with_inhaler,0.04363679722883998,0.2094414925780074,89,75
447,36,False,False,False,upper_bound,0.04363679722883998,0.17408649647687152,89,76
447,36,False,False,False,upper_bound_with_inhaler,0.04363679722883998,0.17408649647687152,89,77
447,36,False,False,True,one_hot,-0.04078802689386722,-0.04078802689386722,89,78
447,36,False,False,True,lower_bound,0.04363679722883998,0.2619885445310695,89,79
447,36,False,False,True,midpoint,0.04363679722883998,0.2094414925780074,89,80
447,36,False,False,True,midpoint_with_inhaler,0.04363679722883998,0.2094414925780074,89,81
447,36,False,False,True,upper_bound,0.04363679722883998,0.17408649647687152,89,82
447,36,False,False,True,upper_bound_with_inhaler,0.04363679722883998,0.17408649647687152,89,83
447,36,True,False,False,one_hot,-0.05699993972793462,-0.05699993972793464,89,84
447,36,True,False,False,lower_bound,0.07394510998771142,0.22862538021788814,89,85
447,36,True,False,False,midpoint,0.07394510998771142,0.18899557874865952,89,86
447,36,True,False,False,midpoint_with_inhaler,0.07394510998771142,0.18899557874865952,89,87
447,36,True,False,False,upper_bound,0.07394510998771142,0.16375832469003865,89,88
447,36,True,False,False,upper_bound_with_inhaler,0.07394510998771142,0.16375832469003865,89,89
447,36,True,False,True,one_hot,-0.05699993972793462,-0.05699993972793464,89,90
447,36,True,False,True,lower_bound,0.07394510998771142,0.22862538021788814,89,91
447,36,True,False,True,midpoint,0.07394510998771142,0.18899557874865952,89,92
447,36,True,False,True,midpoint_with_inhaler,0.07394510998771142,0.18899557874865952,89,93
447,36,True,False,True,upper_bound,0.07394510998771142,0.16375832469003865,89,94
447,36,True,False,True,upper_bound_with_inhaler,0.07394510998771142,0.16375832469003865,89,95
447,48,False,False,False,one_hot,-0.028325846940638572,-0.02832584694063858,89,96
447,48,False,False,False,lower_bound,-0.04176070248899908,0.14516970586727931,89,97
447,48,False,False,False,midpoint,-0.04176070248899908,0.07357961789631003,89,98
447,48,False,False,False,midpoint_with_inhaler,-0.04176070248899908,0.10259793957528937,89,99
447,48,False,False,False,upper_bound,-0.04279588334872328,0.027273436185806563,89,100
447,48,False,False,False,upper_bound_with_inhaler,-0.04176070248899908,0.05166143132034635,89,101
447,48,False,False,True,one_hot,-0.028325846940638572,-0.02832584694063858,89,102
447,48,False,False,True,lower_bound,-0.04176070248899908,0.14516970586727931,89,103
447,48,False,False,True,midpoint,-0.04176070248899908,0.07357961789631003,89,104
447,48,False,False,True,midpoint_with_inhaler,-0.04176070248899908,0.10259793957528937,89,105
447,48,False,False,True,upper_bound,-0.04279588334872328,0.027273436185806563,89,106
447,48,False,False,True,upper_bound_with_inhaler,-0.04176070248899908,0.05166143132034635,89,107
447,48,False,True,False,one_hot,0.14369289578780514,0.14369289578780517,89,108
447,48,False,True,False,lower_bound,-0.054062261119040333,-0.049074600044382306,89,109
447,48,False,True,False,midpoint,-0.054062261119040333,-0.0555727308892513,89,110
447,48,False,True,False,midpoint_with_inhaler,-0.054062261119040333,-0.0555727308892513,89,111
447,48,False,True,False,upper_bound,-0.054062261119040333,-0.05813932356288282,89,112
447,48,False,True,False,upper_bound_with_inhaler,-0.054062261119040333,-0.05813932356288282,89,113
447,48,False,True,True,one_hot,0.14369289578780514,0.14369289578780517,89,114
447,48,False,True,True,lower_bound,-0.054062261119040333,-0.049074600044382306,89,115
447,48,False,True,True,midpoint,-0.054062261119040333,-0.0555727308892513,89,116
447,48,False,True,True,midpoint_with_inhaler,-0.054062261119040333,-0.0555727308892513,89,117
447,48,False,True,True,upper_bound,-0.054062261119040333,-0.05813932356288282,89,118
447,48,False,True,True,upper_bound_with_inhaler,-0.054062261119040333,-0.05813932356288282,89,119
447,48,True,False,False,one_hot,-0.07110251112704406,-0.07110251112704408,89,120
447,48,True,False,False,lower_bound,-0.15528123274038702,-0.10953404368383171,89,121
447,48,True,False,False,midpoint,-0.15528123274038702,-0.1259278152254491,89,122
447,48,True,False,False,midpoint_with_inhaler,-0.15528123274038702,-0.1259278152254491,89,123
447,48,True,False,False,upper_bound,-0.15528123274038702,-0.13499689998507472,89,124
447,48,True,False,False,upper_bound_with_inhaler,-0.15528123274038702,-0.13499689998507472,89,125
447,48,True,False,True,one_hot,-0.07110251112704406,-0.07110251112704408,89,126
447,48,True,False,True,lower_bound,-0.15528123274038702,-0.10953404368383171,89,127
447,48,True,False,True,midpoint,-0.15528123274038702,-0.1259278152254491,89,128
447,48,True,False,True,midpoint_with_inhaler,-0.15528123274038702,-0.1259278152254491,89,129
447,48,True,False,True,upper_bound,-0.15528123274038702,-0.13499689998507472,89,130
447,48,True,False,True,upper_bound_with_inhaler,-0.15528123274038702,-0.13499689998507472,89,131
454,12,False,False,False,one_hot,,,2,0
454,12,False,False,False,lower_bound,,,2,1
454,12,False,False,False,midpoint,,,2,2
454,12,False,False,False,midpoint_with_inhaler,,,2,3
454,12,False,False,False,upper_bound,,,2,4
454,12,False,False,False,upper_bound_with_inhaler,,,2,5
454,12,False,False,True,one_hot,,,2,6
454,12,False,False,True,lower_bound,,,2,7
454,12,False,False,True,midpoint,,,2,8
454,12,False,False,True,midpoint_with_inhaler,,,2,9
454,12,False,False,True,upper_bound,,,2,10
454,12,False,False,True,upper_bound_with_inhaler,,,2,11
454,12,False,True,False,one_hot,,,2,12
454,12,False,True,False,lower_bound,,,2,13
454,12,False,True,False,midpoint,,,2,14
454,12,False,True,False,midpoint_with_inhaler,,,2,15
454,12,False,True,False,upper_bound,,,2,16
454,12,False,True,False,upper_bound_with_inhaler,,,2,17
454,12,False,True,True,one_hot,,,2,18
454,12,False,True,True,lower_bound,,,2,19
454,12,False,True,True,midpoint,,,2,20
454,12,False,True,True,midpoint_with_inhaler,,,2,21
454,12,False,True,True,upper_bound,,,2,22
454,12,False,True,True,upper_bound_with_inhaler,,,2,23
454,12,True,False,False,one_hot,,,2,24
454,12,True,False,False,lower_bound,,,2,25
454,12,True,False,False,midpoint,,,2,26
454,12,True,False,False,midpoint_with_inhaler,,,2,27
454,12,True,False,False,upper_bound,,,2,28
454,12,True,False,False,upper_bound_with_inhaler,,,2,29
454,12,True,False,True,one_hot,,,2,30
454,12,True,False,True,lower_bound,,,2,31
454,12,True,False,True,midpoint,,,2,32
454,12,True,False,True,midpoint_with_inhaler,,,2,33
454,12,True,False,True,upper_bound,,,2,34
454,12,True,False,True,upper_bound_with_inhaler,,,2,35
454,24,False,False,False,one_hot,,,2,36
454,24,False,False,False,lower_bound,,,2,37
454,24,False,False,False,midpoint,,,2,38
454,24,False,False,False,midpoint_with_inhaler,,,2,39
454,24,False,False,False,upper_bound,,,2,40
454,24,False,False,False,upper_bound_with_inhaler,,,2,41
454,24,False,False,True,one_hot,,,2,42
454,24,False,False,True,lower_bound,,,2,43
454,24,False,False,True,midpoint,,,2,44
454,24,False,False,True,midpoint_with_inhaler,,,2,45
454,24,False,False,True,upper_bound,,,2,46
454,24,False,False,True,upper_bound_with_inhaler,,,2,47
454,24,False,True,False,one_hot,,,2,48
454,24,False,True,False,lower_bound,,,2,49
454,24,False,True,False,midpoint,,,2,50
454,24,False,True,False,midpoint_with_inhaler,,,2,51
454,24,False,True,False,upper_bound,,,2,52
454,24,False,True,False,upper_bound_with_inhaler,,,2,53
454,24,False,True,True,one_hot,,,2,54
454,24,False,True,True,lower_bound,,,2,55
454,24,False,True,True,midpoint,,,2,56
454,24,False,True,True,midpoint_with_inhaler,,,2,57
454,24,False,True,True,upper_bound,,,2,58
454,24,False,True,True,upper_bound_with_inhaler,,,2,59
454,24,True,False,False,one_hot,,,2,60
454,24,True,False,False,lower_bound,,,2,61
454,24,True,False,False,midpoint,,,2,62
454,24,True,False,False,midpoint_with_inhaler,,,2,63
454,24,True,False,False,upper_bound,,,2,64
454,24,True,False,False,upper_bound_with_inhaler,,,2,65
454,24,True,False,True,one_hot,,,2,66
454,24,True,False,True,lower_bound,,,2,67
454,24,True,False,True,midpoint,,,2,68
454,24,True,False,True,midpoint_with_inhaler,,,2,69
454,24,True,False,True,upper_bound,,,2,70
454,24,True,False,True,upper_bound_with_inhaler,,,2,71
454,36,False,False,False,one_hot,,,2,72
454,36,False,False,False,lower_bound,,,2,73
454,36,False,False,False,midpoint,,,2,74
454,36,False,False,False,midpoint_with_inhaler,,,2,75
454,36,False,False,False,upper_bound,,,2,76
454,36,False,False,False,upper_bound_with_inhaler,,,2,77
454,36,False,False,True,one_hot,,,2,78
454,36,False,False,True,lower_bound,,,2,79
454,36,False,False,True,midpoint,,,2,80
454,36,False,False,True,midpoint_with_inhaler,,,2,81
454,36,False,False,True,upper_bound,,,2,82
454,36,False,False,True,upper_bound_with_inhaler,,,2,83
454,36,True,False,False,one_hot,,,2,84
454,36,True,False,False,lower_bound,,,2,85
454,36,True,False,False,midpoint,,,2,86
454,36,True,False,False,midpoint_with_inhaler,,,2,87
454,36,True,False,False,upper_bound,,,2,88
454,36,True,False,False,upper_bound_with_inhaler,,,2,89
454,36,True,False,True,one_hot,,,2,90
454,36,True,False,True,lower_bound,,,2,91
454,36,True,False,True,midpoint,,,2,92
454,36,True,False,True,midpoint_with_inhaler,,,2,93
454,36,True,False,True,upper_bound,,,2,94
454,36,True,False,True,upper_bound_with_inhaler,,,2,95
454,48,False,False,False,one_hot,,,2,96
454,48,False,False,False,lower_bound,,,2,97
454,48,False,False,False,midpoint,,,2,98
454,48,False,False,False,midpoint_with_inhaler,,,2,99
454,48,False,False,False,upper_bound,,,2,100
454,48,False,False,False,upper_bound_with_inhaler,,,2,101
454,48,False,False,True,one_hot,,,2,102
454,48,False,False,True,lower_bound,,,2,103
454,48,False,False,True,midpoint,,,2,104
454,48,False,False,True,midpoint_with_inhaler,,,2,105
454,48,False,False,True,upper_bound,,,2,106
454,48,False,False,True,upper_bound_with_inhaler,,,2,107
454,48,False,True,False,one_hot,,,2,108
454,48,False,True,False,lower_bound,,,2,109
454,48,False,True,False,midpoint,,,2,110
454,48,False,True,False,midpoint_with_inhaler,,,2,111
454,48,False,True,False,upper_bound,,,2,112
454,48,False,True,False,upper_bound_with_inhaler,,,2,113
454,48,False,True,True,one_hot,,,2,114
454,48,False,True,True,lower_bound,,,2,115
454,48,False,True,True,midpoint,,,2,116
454,48,False,True,True,midpoint_with_inhaler,,,2,117
454,48,False,True,True,upper_bound,,,2,118
454,48,False,True,True,upper_bound_with_inhaler,,,2,119
454,48,True,False,False,one_hot,,,2,120
454,48,True,False,False,lower_bound,,,2,121
454,48,True,False,False,midpoint,,,2,122
454,48,True,False,False,midpoint_with_inhaler,,,2,123
454,48,True,False,False,upper_bound,,,2,124
454,48,True,False,False,upper_bound_with_inhaler,,,2,125
454,48,True,False,True,one_hot,,,2,126
454,48,True,False,True,lower_bound,,,2,127
454,48,True,False,True,midpoint,,,2,128
454,48,True,False,True,midpoint_with_inhaler,,,2,129
454,48,True,False,True,upper_bound,,,2,130
454,48,True,False,True,upper_bound_with_inhaler,,,2,131
473,12,False,False,False,one_hot,0.35256472160544927,0.3525647216054493,69,0
473,12,False,False,False,lower_bound,0.7016610966517224,1.0143275221794605,69,1
473,12,False,False,False,midpoint,0.7016610966517224,0.9927742212259139,69,2
473,12,False,False,False,midpoint_with_inhaler,0.7016610966517224,0.9927742212259139,69,3
473,12,False,False,False,upper_bound,0.7009323969470491,0.9607912664524243,69,4
473,12,False,False,False,upper_bound_with_inhaler,0.7009323969470491,0.9607912664524243,69,5
473,12,False,False,True,one_hot,0.35256472160544927,0.3525647216054493,69,6
473,12,False,False,True,lower_bound,0.7016610966517224,1.0143275221794605,69,7
473,12,False,False,True,midpoint,0.7016610966517224,0.9927742212259139,69,8
473,12,False,False,True,midpoint_with_inhaler,0.7016610966517224,0.9927742212259139,69,9
473,12,False,False,True,upper_bound,0.7009323969470491,0.9607912664524243,69,10
473,12,False,False,True,upper_bound_with_inhaler,0.7009323969470491,0.9607912664524243,69,11
473,12,False,True,False,one_hot,0.2674057770588057,0.2674057770588057,69,12
473,12,False,True,False,lower_bound,0.5836193166018037,1.040878486081838,69,13
473,12,False,True,False,midpoint,0.5836193166018037,0.9903204612754831,69,14
473,12,False,True,False,midpoint_with_inhaler,0.5836193166018037,1.0111052399232026,69,15
473,12,False,True,False,upper_bound,0.5814553049750998,0.9392644137159162,69,16
473,12,False,True,False,upper_bound_with_inhaler,0.5836193166018037,0.9787753584173035,69,17
473,12,False,True,True,one_hot,0.2674057770588057,0.2674057770588057,69,18
473,12,False,True,True,lower_bound,0.5836193166018037,1.040878486081838,69,19
473,12,False,True,True,midpoint,0.5836193166018037,0.9903204612754831,69,20
473,12,False,True,True,midpoint_with_inhaler,0.5836193166018037,1.0111052399232026,69,21
473,12,False,True,True,upper_bound,0.5814553049750998,0.9392644137159162,69,22
473,12,False,True,True,upper_bound_with_inhaler,0.5836193166018037,0.9787753584173035,69,23
473,12,True,False,False,one_hot,0.3107136622912357,0.3107136622912357,69,24
473,12,True,False,False,lower_bound,0.5826983453459339,0.7828607183079236,69,25
473,12,True,False,False,midpoint,0.5826983453459339,0.8494542582390034,69,26
473,12,True,False,False,midpoint_with_inhaler,0.5826983453459339,0.7792266949910911,69,27
473,12,True,False,False,upper_bound,0.5870384516158283,0.8840193993198203,69,28
473,12,True,False,False,upper_bound_with_inhaler,0.5826983453459339,0.7883965681861894,69,29
473,12,True,False,True,one_hot,0.3107136622912357,0.3107136622912357,69,30
473,12,True,False,True,lower_bound,0.5826983453459339,0.7828607183079236,69,31
473,12,True,False,True,midpoint,0.5826983453459339,0.8494542582390034,69,32
473,12,True,False,True,midpoint_with_inhaler,0.5826983453459339,0.7792266949910911,69,33
473,12,True,False,True,upper_bound,0.5870384516158283,0.8840193993198203,69,34
473,12,True,False,True,upper_bound_with_inhaler,0.5826983453459339,0.7883965681861894,69,35
473,24,False,False,False,one_hot,-0.1655793207133695,-0.16557932071336948,69,36
473,24,False,False,False,lower_bound,0.5311729025627798,1.0998365037985762,69,37
473,24,False,False,False,midpoint,0.5311729025627798,1.0271222760385121,69,38
473,24,False,False,False,midpoint_with_inhaler,0.5311729025627798,1.0386886051350037,69,39
473,24,False,False,False,upper_bound,0.5300289672119511,0.9692190551911226,69,40
473,24,False,False,False,upper_bound_with_inhaler,0.5311729025627798,0.9973787744382229,69,41
473,24,False,False,True,one_hot,-0.1655793207133695,-0.16557932071336948,69,42
473,24,False,False,True,lower_bound,0.5311729025627798,1.0998365037985762,69,43
473,24,False,False,True,midpoint,0.5311729025627798,1.0271222760385121,69,44
473,24,False,False,True,midpoint_with_inhaler,0.5311729025627798,1.0386886051350037,69,45
473,24,False,False,True,upper_bound,0.5300289672119511,0.9692190551911226,69,46
473,24,False,False,True,upper_bound_with_inhaler,0.5311729025627798,0.9973787744382229,69,47
473,24,False,True,False,one_hot,0.058169876804983596,0.05816987680498361,69,48
473,24,False,True,False,lower_bound,0.4377773986320448,0.504689320153345,69,49
473,24,False,True,False,midpoint,0.4377773986320448,0.5525913894221529,69,50
473,24,False,True,False,midpoint_with_inhaler,0.4377773986320448,0.5366679854950295,69,51
473,24,False,True,False,upper_bound,0.43974035426322294,0.5791695859329132,69,52
473,24,False,True,False,upper_bound_with_inhaler,0.4377773986320448,0.5549217399616716,69,53
473,24,False,True,True,one_hot,0.058169876804983596,0.05816987680498361,69,54
473,24,False,True,True,lower_bound,0.4377773986320448,0.504689320153345,69,55
473,24,False,True,True,midpoint,0.4377773986320448,0.5525913894221529,69,56
473,24,False,True,True,midpoint_with_inhaler,0.4377773986320448,0.5366679854950295,69,57
473,24,False,True,True,upper_bound,0.43974035426322294,0.5791695859329132,69,58
473,24,False,True,True,upper_bound_with_inhaler,0.4377773986320448,0.5549217399616716,69,59
473,24,True,False,False,one_hot,-0.1655793207133695,-0.16557932071336948,69,60
473,24,True,False,False,lower_bound,0.5311729025627798,1.0998365037985762,69,61
473,24,True,False,False,midpoint,0.5311729025627798,1.0271222760385121,69,62
473,24,True,False,False,midpoint_with_inhaler,0.5311729025627798,1.0386886051350037,69,63
473,24,True,False,False,upper_bound,0.5300289672119511,0.9692190551911226,69,64
473,24,True,False,False,upper_bound_with_inhaler,0.5311729025627798,0.9973787744382229,69,65
473,24,True,False,True,one_hot,-0.1655793207133695,-0.16557932071336948,69,66
473,24,True,False,True,lower_bound,0.5311729025627798,1.0998365037985762,69,67
473,24,True,False,True,midpoint,0.5311729025627798,1.0271222760385121,69,68
473,24,True,False,True,midpoint_with_inhaler,0.5311729025627798,1.0386886051350037,69,69
473,24,True,False,True,upper_bound,0.5300289672119511,0.9692190551911226,69,70
473,24,True,False,True,upper_bound_with_inhaler,0.5311729025627798,0.9973787744382229,69,71
473,36,False,False,False,one_hot,0.18543637695829937,0.1854363769582994,69,72
473,36,False,False,False,lower_bound,0.6320263608083074,0.9818608624376981,69,73
473,36,False,False,False,midpoint,0.6320263608083074,0.9602161625865041,69,74
473,36,False,False,False,midpoint_with_inhaler,0.6320263608083074,0.9779517030334187,69,75
473,36,False,False,False,upper_bound,0.6330797674604713,0.9085255965705196,69,76
473,36,False,False,False,upper_bound_with_inhaler,0.6320263608083074,0.9501687598597407,69,77
473,36,False,False,True,one_hot,0.18543637695829937,0.1854363769582994,69,78
473,36,False,False,True,lower_bound,0.6320263608083074,0.9818608624376981,69,79
473,36,False,False,True,midpoint,0.6320263608083074,0.9602161625865041,69,80
473,36,False,False,True,midpoint_with_inhaler,0.6320263608083074,0.9779517030334187,69,81
473,36,False,False,True,upper_bound,0.6330797674604713,0.9085255965705196,69,82
473,36,False,False,True,upper_bound_with_inhaler,0.6320263608083074,0.9501687598597407,69,83
473,36,True,False,False,one_hot,0.13198373481535228,0.13198373481535222,69,84
473,36,True,False,False,lower_bound,0.4389624605528146,0.6762792972868175,69,85
473,36,True,False,False,midpoint,0.4389624605528146,0.6632640075550612,69,86
473,36,True,False,False,midpoint_with_inhaler,0.4389624605528146,0.6808195574549062,69,87
473,36,True,False,False,upper_bound,0.43912324360851657,0.6439912572066075,69,88
473,36,True,False,False,upper_bound_with_inhaler,0.4389624605528146,0.6713339539078913,69,89
473,36,True,False,True,one_hot,0.13198373481535228,0.13198373481535222,69,90
473,36,True,False,True,lower_bound,0.4389624605528146,0.6762792972868175,69,91
473,36,True,False,True,midpoint,0.4389624605528146,0.6632640075550612,69,92
473,36,True,False,True,midpoint_with_inhaler,0.4389624605528146,0.6808195574549062,69,93
473,36,True,False,True,upper_bound,0.43912324360851657,0.6439912572066075,69,94
473,36,True,False,True,upper_bound_with_inhaler,0.4389624605528146,0.6713339539078913,69,95
473,48,False,False,False,one_hot,0.18543637695829937,0.1854363769582994,69,96
473,48,False,False,False,lower_bound,0.6726656766532368,0.9086041664947694,69,97
473,48,False,False,False,midpoint,0.6726656766532368,0.847963359880162,69,98
473,48,False,False,False,midpoint_with_inhaler,0.6726656766532368,0.915210098836151,69,99
473,48,False,False,False,upper_bound,0.6599045654523477,0.7675017825136076,69,100
473,48,False,False,False,upper_bound_with_inhaler,0.6726656766532368,0.8297689942531443,69,101
473,48,False,False,True,one_hot,0.18543637695829937,0.1854363769582994,69,102
473,48,False,False,True,lower_bound,0.6726656766532368,0.9086041664947694,69,103
473,48,False,False,True,midpoint,0.6726656766532368,0.847963359880162,69,104
473,48,False,False,True,midpoint_with_inhaler,0.6726656766532368,0.915210098836151,69,105
473,48,False,False,True,upper_bound,0.6599045654523477,0.7675017825136076,69,106
473,48,False,False,True,upper_bound_with_inhaler,0.6726656766532368,0.8297689942531443,69,107
473,48,False,True,False,one_hot,0.013431190323729022,0.013431190323729044,69,108
473,48,False,True,False,lower_bound,0.25423672475679976,0.33763535117331084,69,109
473,48,False,True,False,midpoint,0.25423672475679976,0.3641656670990618,69,110
473,48,False,True,False,midpoint_with_inhaler,0.25423672475679976,0.36246320021355416,69,111
473,48,False,True,False,upper_bound,0.2522579034992164,0.3772719962937169,69,112
473,48,False,True,False,upper_bound_with_inhaler,0.25423672475679976,0.3810234141607014,69,113
473,48,False,True,True,one_hot,0.013431190323729022,0.013431190323729044,69,114
473,48,False,True,True,lower_bound,0.25423672475679976,0.33763535117331084,69,115
473,48,False,True,True,midpoint,0.25423672475679976,0.3641656670990618,69,116
473,48,False,True,True,midpoint_with_inhaler,0.25423672475679976,0.36246320021355416,69,117
473,48,False,True,True,upper_bound,0.2522579034992164,0.3772719962937169,69,118
473,48,False,True,True,upper_bound_with_inhaler,0.25423672475679976,0.3810234141607014,69,119
473,48,True,False,False,one_hot,0.013431190323729034,0.013431190323729044,69,120
473,48,True,False,False,lower_bound,0.5818488954374668,0.6181147413671364,69,121
473,48,True,False,False,midpoint,0.5818488954374668,0.6364330982831546,69,122
473,48,True,False,False,midpoint_with_inhaler,0.5818488954374668,0.6268310668323492,69,123
473,48,True,False,False,upper_bound,0.580087595252018,0.6314472585169852,69,124
473,48,True,False,False,upper_bound_with_inhaler,0.5818488954374668,0.6353709036835572,69,125
473,48,True,False,True,one_hot,0.013431190323729034,0.013431190323729044,69,126
473,48,True,False,True,lower_bound,0.5818488954374668,0.6181147413671364,69,127
473,48,True,False,True,midpoint,0.5818488954374668,0.6364330982831546,69,128
473,48,True,False,True,midpoint_with_inhaler,0.5818488954374668,0.6268310668323492,69,129
473,48,True,False,True,upper_bound,0.580087595252018,0.6314472585169852,69,130
473,48,True,False,True,upper_bound_with_inhaler,0.5818488954374668,0.6353709036835572,69,131
514,12,False,False,False,one_hot,0.21652209511742335,0.21652209511742332,36,0
514,12,False,False,False,lower_bound,0.21652209511742335,0.21652209511742332,36,1
514,12,False,False,False,midpoint,0.21652209511742335,0.21652209511742332,36,2
514,12,False,False,False,midpoint_with_inhaler,0.21652209511742335,0.21652209511742332,36,3
514,12,False,False,False,upper_bound,0.21652209511742335,0.21652209511742332,36,4
514,12,False,False,False,upper_bound_with_inhaler,0.21652209511742335,0.21652209511742332,36,5
514,12,False,False,True,one_hot,0.21652209511742335,0.21652209511742332,36,6
514,12,False,False,True,lower_bound,0.21652209511742335,0.21652209511742332,36,7
514,12,False,False,True,midpoint,0.21652209511742335,0.21652209511742332,36,8
514,12,False,False,True,midpoint_with_inhaler,0.21652209511742335,0.21652209511742332,36,9
514,12,False,False,True,upper_bound,0.21652209511742335,0.21652209511742332,36,10
514,12,False,False,True,upper_bound_with_inhaler,0.21652209511742335,0.21652209511742332,36,11
514,12,False,True,False,one_hot,0.27920110829002376,0.27920110829002376,36,12
514,12,False,True,False,lower_bound,0.27920110829002376,0.27920110829002376,36,13
514,12,False,True,False,midpoint,0.27920110829002376,0.27920110829002376,36,14
514,12,False,True,False,midpoint_with_inhaler,0.27920110829002376,0.27920110829002376,36,15
514,12,False,True,False,upper_bound,0.27920110829002376,0.27920110829002376,36,16
514,12,False,True,False,upper_bound_with_inhaler,0.27920110829002376,0.27920110829002376,36,17
514,12,False,True,True,one_hot,0.27920110829002376,0.27920110829002376,36,18
514,12,False,True,True,lower_bound,0.27920110829002376,0.27920110829002376,36,19
514,12,False,True,True,midpoint,0.27920110829002376,0.27920110829002376,36,20
514,12,False,True,True,midpoint_with_inhaler,0.27920110829002376,0.27920110829002376,36,21
514,12,False,True,True,upper_bound,0.27920110829002376,0.27920110829002376,36,22
514,12,False,True,True,upper_bound_with_inhaler,0.27920110829002376,0.27920110829002376,36,23
514,12,True,False,False,one_hot,0.513226853673276,0.513226853673276,36,24
514,12,True,False,False,lower_bound,0.513226853673276,0.513226853673276,36,25
514,12,True,False,False,midpoint,0.513226853673276,0.513226853673276,36,26
514,12,True,False,False,midpoint_with_inhaler,0.513226853673276,0.513226853673276,36,27
514,12,True,False,False,upper_bound,0.513226853673276,0.513226853673276,36,28
514,12,True,False,False,upper_bound_with_inhaler,0.513226853673276,0.513226853673276,36,29
514,12,True,False,True,one_hot,0.513226853673276,0.513226853673276,36,30
514,12,True,False,True,lower_bound,0.513226853673276,0.513226853673276,36,31
514,12,True,False,True,midpoint,0.513226853673276,0.513226853673276,36,32
514,12,True,False,True,midpoint_with_inhaler,0.513226853673276,0.513226853673276,36,33
514,12,True,False,True,upper_bound,0.513226853673276,0.513226853673276,36,34
514,12,True,False,True,upper_bound_with_inhaler,0.513226853673276,0.513226853673276,36,35
514,24,False,False,False,one_hot,0.19128149982092846,0.1912814998209284,36,36
514,24,False,False,False,lower_bound,0.19128149982092846,0.1912814998209284,36,37
514,24,False,False,False,midpoint,0.19128149982092846,0.19128149982092849,36,38
514,24,False,False,False,midpoint_with_inhaler,0.19128149982092846,0.19128149982092849,36,39
514,24,False,False,False,upper_bound,0.19128149982092846,0.1912814998209284,36,40
514,24,False,False,False,upper_bound_with_inhaler,0.19128149982092846,0.1912814998209284,36,41
514,24,False,False,True,one_hot,0.19128149982092846,0.1912814998209284,36,42
514,24,False,False,True,lower_bound,0.19128149982092846,0.1912814998209284,36,43
514,24,False,False,True,midpoint,0.19128149982092846,0.19128149982092849,36,44
514,24,False,False,True,midpoint_with_inhaler,0.19128149982092846,0.19128149982092849,36,45
514,24,False,False,True,upper_bound,0.19128149982092846,0.1912814998209284,36,46
514,24,False,False,True,upper_bound_with_inhaler,0.19128149982092846,0.1912814998209284,36,47
514,24,False,True,False,one_hot,-0.1140847538564419,-0.11408475385644186,36,48
514,24,False,True,False,lower_bound,-0.1140847538564419,-0.11408475385644186,36,49
514,24,False,True,False,midpoint,-0.1140847538564419,-0.1140847538564419,36,50
514,24,False,True,False,midpoint_with_inhaler,-0.1140847538564419,-0.1140847538564419,36,51
514,24,False,True,False,upper_bound,-0.1140847538564419,-0.11408475385644186,36,52
514,24,False,True,False,upper_bound_with_inhaler,-0.1140847538564419,-0.11408475385644186,36,53
514,24,False,True,True,one_hot,-0.1140847538564419,-0.11408475385644186,36,54
514,24,False,True,True,lower_bound,-0.1140847538564419,-0.11408475385644186,36,55
514,24,False,True,True,midpoint,-0.1140847538564419,-0.1140847538564419,36,56
514,24,False,True,True,midpoint_with_inhaler,-0.1140847538564419,-0.1140847538564419,36,57
514,24,False,True,True,upper_bound,-0.1140847538564419,-0.11408475385644186,36,58
514,24,False,True,True,upper_bound_with_inhaler,-0.1140847538564419,-0.11408475385644186,36,59
514,24,True,False,False,one_hot,0.19128149982092846,0.1912814998209284,36,60
514,24,True,False,False,lower_bound,0.19128149982092846,0.1912814998209284,36,61
514,24,True,False,False,midpoint,0.19128149982092846,0.19128149982092849,36,62
514,24,True,False,False,midpoint_with_inhaler,0.19128149982092846,0.19128149982092849,36,63
514,24,True,False,False,upper_bound,0.19128149982092846,0.1912814998209284,36,64
514,24,True,False,False,upper_bound_with_inhaler,0.19128149982092846,0.1912814998209284,36,65
514,24,True,False,True,one_hot,0.19128149982092846,0.1912814998209284,36,66
514,24,True,False,True,lower_bound,0.19128149982092846,0.1912814998209284,36,67
514,24,True,False,True,midpoint,0.19128149982092846,0.19128149982092849,36,68
514,24,True,False,True,midpoint_with_inhaler,0.19128149982092846,0.19128149982092849,36,69
514,24,True,False,True,upper_bound,0.19128149982092846,0.1912814998209284,36,70
514,24,True,False,True,upper_bound_with_inhaler,0.19128149982092846,0.1912814998209284,36,71
514,36,False,False,False,one_hot,0.27920110829002376,0.2792011082900237,36,72
514,36,False,False,False,lower_bound,0.27920110829002376,0.2792011082900237,36,73
514,36,False,False,False,midpoint,0.27920110829002376,0.27920110829002376,36,74
514,36,False,False,False,midpoint_with_inhaler,0.27920110829002376,0.27920110829002376,36,75
514,36,False,False,False,upper_bound,0.27920110829002376,0.2792011082900237,36,76
514,36,False,False,False,upper_bound_with_inhaler,0.27920110829002376,0.2792011082900237,36,77
514,36,False,False,True,one_hot,0.27920110829002376,0.2792011082900237,36,78
514,36,False,False,True,lower_bound,0.27920110829002376,0.2792011082900237,36,79
514,36,False,False,True,midpoint,0.27920110829002376,0.27920110829002376,36,80
514,36,False,False,True,midpoint_with_inhaler,0.27920110829002376,0.27920110829002376,36,81
514,36,False,False,True,upper_bound,0.27920110829002376,0.2792011082900237,36,82
514,36,False,False,True,upper_bound_with_inhaler,0.27920110829002376,0.2792011082900237,36,83
514,36,True,False,False,one_hot,0.25343600911808534,0.25343600911808534,36,84
514,36,True,False,False,lower_bound,0.25343600911808534,0.25343600911808534,36,85
514,36,True,False,False,midpoint,0.25343600911808534,0.25343600911808534,36,86
514,36,True,False,False,midpoint_with_inhaler,0.25343600911808534,0.25343600911808534,36,87
514,36,True,False,False,upper_bound,0.25343600911808534,0.25343600911808534,36,88
514,36,True,False,False,upper_bound_with_inhaler,0.25343600911808534,0.25343600911808534,36,89
514,36,True,False,True,one_hot,0.25343600911808534,0.25343600911808534,36,90
514,36,True,False,True,lower_bound,0.25343600911808534,0.25343600911808534,36,91
514,36,True,False,True,midpoint,0.25343600911808534,0.25343600911808534,36,92
514,36,True,False,True,midpoint_with_inhaler,0.25343600911808534,0.25343600911808534,36,93
514,36,True,False,True,upper_bound,0.25343600911808534,0.25343600911808534,36,94
514,36,True,False,True,upper_bound_with_inhaler,0.25343600911808534,0.25343600911808534,36,95
514,48,False,False,False,one_hot,0.039364794231119965,0.039364794231119965,36,96
514,48,False,False,False,lower_bound,0.039364794231119965,0.039364794231119965,36,97
514,48,False,False,False,midpoint,0.039364794231119965,0.03936479423111996,36,98
514,48,False,False,False,midpoint_with_inhaler,0.039364794231119965,0.03936479423111996,36,99
514,48,False,False,False,upper_bound,0.039364794231119965,0.039364794231119965,36,100
514,48,False,False,False,upper_bound_with_inhaler,0.039364794231119965,0.039364794231119965,36,101
514,48,False,False,True,one_hot,0.039364794231119965,0.039364794231119965,36,102
514,48,False,False,True,lower_bound,0.039364794231119965,0.039364794231119965,36,103
514,48,False,False,True,midpoint,0.039364794231119965,0.03936479423111996,36,104
514,48,False,False,True,midpoint_with_inhaler,0.039364794231119965,0.03936479423111996,36,105
514,48,False,False,True,upper_bound,0.039364794231119965,0.039364794231119965,36,106
514,48,False,False,True,upper_bound_with_inhaler,0.039364794231119965,0.039364794231119965,36,107
514,48,False,True,False,one_hot,-1.734723475976807e-17,2.7755575615628914e-17,36,108
514,48,False,True,False,lower_bound,-1.734723475976807e-17,2.7755575615628914e-17,36,109
514,48,False,True,False,midpoint,-1.734723475976807e-17,-1.734723475976807e-17,36,110
514,48,False,True,False,midpoint_with_inhaler,-1.734723475976807e-17,-1.734723475976807e-17,36,111
514,48,False,True,False,upper_bound,-1.734723475976807e-17,2.7755575615628914e-17,36,112
514,48,False,True,False,upper_bound_with_inhaler,-1.734723475976807e-17,2.7755575615628914e-17,36,113
514,48,False,True,True,one_hot,-1.734723475976807e-17,2.7755575615628914e-17,36,114
514,48,False,True,True,lower_bound,-1.734723475976807e-17,2.7755575615628914e-17,36,115
514,48,False,True,True,midpoint,-1.734723475976807e-17,-1.734723475976807e-17,36,116
514,48,False,True,True,midpoint_with_inhaler,-1.734723475976807e-17,-1.734723475976807e-17,36,117
514,48,False,True,True,upper_bound,-1.734723475976807e-17,2.7755575615628914e-17,36,118
514,48,False,True,True,upper_bound_with_inhaler,-1.734723475976807e-17,2.7755575615628914e-17,36,119
514,48,True,False,False,one_hot,0.27920110829002376,0.27920110829002376,36,120
514,48,True,False,False,lower_bound,0.27920110829002376,0.27920110829002376,36,121
514,48,True,False,False,midpoint,0.27920110829002376,0.27920110829002376,36,122
514,48,True,False,False,midpoint_with_inhaler,0.27920110829002376,0.27920110829002376,36,123
514,48,True,False,False,upper_bound,0.27920110829002376,0.27920110829002376,36,124
514,48,True,False,False,upper_bound_with_inhaler,0.27920110829002376,0.27920110829002376,36,125
514,48,True,False,True,one_hot,0.27920110829002376,0.27920110829002376,36,126
514,48,True,False,True,lower_bound,0.27920110829002376,0.27920110829002376,36,127
514,48,True,False,True,midpoint,0.27920110829002376,0.27920110829002376,36,128
514,48,True,False,True,midpoint_with_inhaler,0.27920110829002376,0.27920110829002376,36,129
514,48,True,False,True,upper_bound,0.27920110829002376,0.27920110829002376,36,130
514,48,True,False,True,upper_bound_with_inhaler,0.27920110829002376,0.27920110829002376,36,131
625,12,False,False,False,one_hot,0.27669261909239323,0.27669261909239323,16,0
625,12,False,False,False,lower_bound,0.368601661721772,0.520876279108375,16,1
625,12,False,False,False,midpoint,0.368601661721772,0.46997683693721126,16,2
625,12,False,False,False,midpoint_with_inhaler,0.368601661721772,0.46997683693721126,16,3
625,12,False,False,False,upper_bound,0.368601661721772,0.43350736324528255,16,4
625,12,False,False,False,upper_bound_with_inhaler,0.368601661721772,0.43350736324528255,16,5
625,12,False,False,True,one_hot,0.27669261909239323,0.27669261909239323,16,6
625,12,False,False,True,lower_bound,0.368601661721772,0.520876279108375,16,7
625,12,False,False,True,midpoint,0.368601661721772,0.46997683693721126,16,8
625,12,False,False,True,midpoint_with_inhaler,0.368601661721772,0.46997683693721126,16,9
625,12,False,False,True,upper_bound,0.368601661721772,0.43350736324528255,16,10
625,12,False,False,True,upper_bound_with_inhaler,0.368601661721772,0.43350736324528255,16,11
625,12,False,True,False,one_hot,0.09790159931512978,0.09790159931512978,16,12
625,12,False,True,False,lower_bound,0.2653017271831899,0.19878399215274214,16,13
625,12,False,True,False,midpoint,0.2653017271831899,0.210160863159579,16,14
625,12,False,True,False,midpoint_with_inhaler,0.2653017271831899,0.210160863159579,16,15
625,12,False,True,False,upper_bound,0.2653017271831899,0.2163193320442165,16,16
625,12,False,True,False,upper_bound_with_inhaler,0.2653017271831899,0.2163193320442165,16,17
625,12,False,True,True,one_hot,0.09790159931512978,0.09790159931512978,16,18
625,12,False,True,True,lower_bound,0.2653017271831899,0.19878399215274214,16,19
625,12,False,True,True,midpoint,0.2653017271831899,0.210160863159579,16,20
625,12,False,True,True,midpoint_with_inhaler,0.2653017271831899,0.210160863159579,16,21
625,12,False,True,True,upper_bound,0.2653017271831899,0.2163193320442165,16,22
625,12,False,True,True,upper_bound_with_inhaler,0.2653017271831899,0.2163193320442165,16,23
625,12,True,False,False,one_hot,,,16,24
625,12,True,False,False,lower_bound,0.40583559361681343,0.20384712204520652,16,25
625,12,True,False,False,midpoint,0.40583559361681343,0.2172790661147111,16,26
625,12,True,False,False,midpoint_with_inhaler,0.40583559361681343,0.2172790661147111,16,27
625,12,True,False,False,upper_bound,0.40583559361681343,0.2251519677350393,16,28
625,12,True,False,False,upper_bound_with_inhaler,0.40583559361681343,0.2251519677350393,16,29
625,12,True,False,True,one_hot,,,16,30
625,12,True,False,True,lower_bound,0.40583559361681343,0.20384712204520652,16,31
625,12,True,False,True,midpoint,0.40583559361681343,0.2172790661147111,16,32
625,12,True,False,True,midpoint_with_inhaler,0.40583559361681343,0.2172790661147111,16,33
625,12,True,False,True,upper_bound,0.40583559361681343,0.2251519677350393,16,34
625,12,True,False,True,upper_bound_with_inhaler,0.40583559361681343,0.2251519677350393,16,35
625,24,False,False,False,one_hot,0.0728679935556698,0.0728679935556698,16,36
625,24,False,False,False,lower_bound,0.045453392527472714,-0.03318007715682208,16,37
625,24,False,False,False,midpoint,0.045453392527472714,-0.07665391323793619,16,38
625,24,False,False,False,midpoint_with_inhaler,0.045453392527472714,-0.07665391323793619,16,39
625,24,False,False,False,upper_bound,0.045453392527472714,-0.10441601582737886,16,40
625,24,False,False,False,upper_bound_with_inhaler,0.045453392527472714,-0.10441601582737886,16,41
625,24,False,False,True,one_hot,0.0728679935556698,0.0728679935556698,16,42
625,24,False,False,True,lower_bound,0.045453392527472714,-0.03318007715682208,16,43
625,24,False,False,True,midpoint,0.045453392527472714,-0.07665391323793619,16,44
625,24,False,False,True,midpoint_with_inhaler,0.045453392527472714,-0.07665391323793619,16,45
625,24,False,False,True,upper_bound,0.045453392527472714,-0.10441601582737886,16,46
625,24,False,False,True,upper_bound_with_inhaler,0.045453392527472714,-0.10441601582737886,16,47
625,24,False,True,False,one_hot,0.04765508990216243,0.04765508990216243,16,48
625,24,False,True,False,lower_bound,0.15735973286632132,-0.05543601174508859,16,49
625,24,False,True,False,midpoint,0.15735973286632132,-0.05770059053277636,16,50
625,24,False,True,False,midpoint_with_inhaler,0.15735973286632132,-0.05770059053277636,16,51
625,24,False,True,False,upper_bound,0.15735973286632132,-0.057228589979901864,16,52
625,24,False,True,False,upper_bound_with_inhaler,0.15735973286632132,-0.057228589979901864,16,53
625,24,False,True,True,one_hot,0.04765508990216243,0.04765508990216243,16,54
625,24,False,True,True,lower_bound,0.15735973286632132,-0.05543601174508859,16,55
625,24,False,True,True,midpoint,0.15735973286632132,-0.05770059053277636,16,56
625,24,False,True,True,midpoint_with_inhaler,0.15735973286632132,-0.05770059053277636,16,57
625,24,False,True,True,upper_bound,0.15735973286632132,-0.057228589979901864,16,58
625,24,False,True,True,upper_bound_with_inhaler,0.15735973286632132,-0.057228589979901864,16,59
625,24,True,False,False,one_hot,0.0728679935556698,0.0728679935556698,16,60
625,24,True,False,False,lower_bound,0.045453392527472714,-0.03318007715682208,16,61
625,24,True,False,False,midpoint,0.045453392527472714,-0.07665391323793619,16,62
625,24,True,False,False,midpoint_with_inhaler,0.045453392527472714,-0.07665391323793619,16,63
625,24,True,False,False,upper_bound,0.045453392527472714,-0.10441601582737886,16,64
625,24,True,False,False,upper_bound_with_inhaler,0.045453392527472714,-0.10441601582737886,16,65
625,24,True,False,True,one_hot,0.0728679935556698,0.0728679935556698,16,66
625,24,True,False,True,lower_bound,0.045453392527472714,-0.03318007715682208,16,67
625,24,True,False,True,midpoint,0.045453392527472714,-0.07665391323793619,16,68
625,24,True,False,True,midpoint_with_inhaler,0.045453392527472714,-0.07665391323793619,16,69
625,24,True,False,True,upper_bound,0.045453392527472714,-0.10441601582737886,16,70
625,24,True,False,True,upper_bound_with_inhaler,0.045453392527472714,-0.10441601582737886,16,71
625,36,False,False,False,one_hot,0.3015932993431673,0.3015932993431673,16,72
625,36,False,False,False,lower_bound,-0.11977602737226388,-0.1601218847331367,16,73
625,36,False,False,False,midpoint,-0.11977602737226388,-0.17892824884344738,16,74
625,36,False,False,False,midpoint_with_inhaler,-0.11977602737226388,-0.17892824884344738,16,75
625,36,False,False,False,upper_bound,-0.11977602737226388,-0.18760159529697948,16,76
625,36,False,False,False,upper_bound_with_inhaler,-0.11977602737226388,-0.18760159529697948,16,77
625,36,False,False,True,one_hot,0.3015932993431673,0.3015932993431673,16,78
625,36,False,False,True,lower_bound,-0.11977602737226388,-0.1601218847331367,16,79
625,36,False,False,True,midpoint,-0.11977602737226388,-0.17892824884344738,16,80
625,36,False,False,True,midpoint_with_inhaler,-0.11977602737226388,-0.17892824884344738,16,81
625,36,False,False,True,upper_bound,-0.11977602737226388,-0.18760159529697948,16,82
625,36,False,False,True,upper_bound_with_inhaler,-0.11977602737226388,-0.18760159529697948,16,83
625,36,True,False,False,one_hot,0.3015932993431673,0.3015932993431673,16,84
625,36,True,False,False,lower_bound,0.21384417428842628,-0.0657859193755221,16,85
625,36,True,False,False,midpoint,0.21384417428842628,-0.08586687493257063,16,86
625,36,True,False,False,midpoint_with_inhaler,0.21384417428842628,-0.08586687493257063,16,87
625,36,True,False,False,upper_bound,0.21384417428842628,-0.0988536751198796,16,88
625,36,True,False,False,upper_bound_with_inhaler,0.21384417428842628,-0.0988536751198796,16,89
625,36,True,False,True,one_hot,0.3015932993431673,0.3015932993431673,16,90
625,36,True,False,True,lower_bound,0.21384417428842628,-0.0657859193755221,16,91
625,36,True,False,True,midpoint,0.21384417428842628,-0.08586687493257063,16,92
625,36,True,False,True,midpoint_with_inhaler,0.21384417428842628,-0.08586687493257063,16,93
625,36,True,False,True,upper_bound,0.21384417428842628,-0.0988536751198796,16,94
625,36,True,False,True,upper_bound_with_inhaler,0.21384417428842628,-0.0988536751198796,16,95
625,48,False,False,False,one_hot,0.04765508990216243,0.04765508990216243,16,96
625,48,False,False,False,lower_bound,-1.3877787807814457e-17,0.2444528495472338,16,97
625,48,False,False,False,midpoint,-1.3877787807814457e-17,0.18401330251532033,16,98
625,48,False,False,False,midpoint_with_inhaler,-1.3877787807814457e-17,0.18401330251532033,16,99
625,48,False,False,False,upper_bound,-1.3877787807814457e-17,0.1409541445270734,16,100
625,48,False,False,False,upper_bound_with_inhaler,-1.3877787807814457e-17,0.1409541445270734,16,101
625,48,False,False,True,one_hot,0.04765508990216243,0.04765508990216243,16,102
625,48,False,False,True,lower_bound,-1.3877787807814457e-17,0.2444528495472338,16,103
625,48,False,False,True,midpoint,-1.3877787807814457e-17,0.18401330251532033,16,104
625,48,False,False,True,midpoint_with_inhaler,-1.3877787807814457e-17,0.18401330251532033,16,105
625,48,False,False,True,upper_bound,-1.3877787807814457e-17,0.1409541445270734,16,106
625,48,False,False,True,upper_bound_with_inhaler,-1.3877787807814457e-17,0.1409541445270734,16,107
625,48,False,True,False,one_hot,-0.05100891333626098,-0.05100891333626098,16,108
625,48,False,True,False,lower_bound,-0.08271391012986105,0.28669135482605757,16,109
625,48,False,True,False,midpoint,-0.08271391012986105,0.25826628859449685,16,110
625,48,False,True,False,midpoint_with_inhaler,-0.08271391012986105,0.25826628859449685,16,111
625,48,False,True,False,upper_bound,-0.08271391012986105,0.23641163955646682,16,112
625,48,False,True,False,upper_bound_with_inhaler,-0.08271391012986105,0.23641163955646682,16,113
625,48,False,True,True,one_hot,-0.05100891333626098,-0.05100891333626098,16,114
625,48,False,True,True,lower_bound,-0.08271391012986105,0.28669135482605757,16,115
625,48,False,True,True,midpoint,-0.08271391012986105,0.25826628859449685,16,116
625,48,False,True,True,midpoint_with_inhaler,-0.08271391012986105,0.25826628859449685,16,117
625,48,False,True,True,upper_bound,-0.08271391012986105,0.23641163955646682,16,118
625,48,False,True,True,upper_bound_with_inhaler,-0.08271391012986105,0.23641163955646682,16,119
625,48,True,False,False,one_hot,-0.051008913336261,-0.051008913336261,16,120
625,48,True,False,False,lower_bound,0.0050637401155443195,0.34425798343334335,16,121
625,48,True,False,False,midpoint,0.0050637401155443195,0.31194456828966866,16,122
625,48,True,False,False,midpoint_with_inhaler,0.0050637401155443195,0.31194456828966866,16,123
625,48,True,False,False,upper_bound,0.0050637401155443195,0.28551593374839007,16,124
625,48,True,False,False,upper_bound_with_inhaler,0.0050637401155443195,0.28551593374839007,16,125
625,48,True,False,True,one_hot,-0.051008913336261,-0.051008913336261,16,126
625,48,True,False,True,lower_bound,0.0050637401155443195,0.34425798343334335,16,127
625,48,True,False,True,midpoint,0.0050637401155443195,0.31194456828966866,16,128
625,48,True,False,True,midpoint_with_inhaler,0.0050637401155443195,0.31194456828966866,16,129
625,48,True,False,True,upper_bound,0.0050637401155443195,0.28551593374839007,16,130
625,48,True,False,True,upper_bound_with_inhaler,0.0050637401155443195,0.28551593374839007,16,131
701,12,False,False,False,one_hot,,,30,0
701,12,False,False,False,lower_bound,0.1115149858630645,0.048637210367789875,30,1
701,12,False,False,False,midpoint,0.1115149858630645,0.03633370896135716,30,2
701,12,False,False,False,midpoint_with_inhaler,0.1115149858630645,0.03633370896135716,30,3
701,12,False,False,False,upper_bound,0.1115149858630645,0.028855515692894875,30,4
701,12,False,False,False,upper_bound_with_inhaler,0.1115149858630645,0.028855515692894875,30,5
701,12,False,False,True,one_hot,,,30,6
701,12,False,False,True,lower_bound,0.1115149858630645,0.048637210367789875,30,7
701,12,False,False,True,midpoint,0.1115149858630645,0.03633370896135716,30,8
701,12,False,False,True,midpoint_with_inhaler,0.1115149858630645,0.03633370896135716,30,9
701,12,False,False,True,upper_bound,0.1115149858630645,0.028855515692894875,30,10
701,12,False,False,True,upper_bound_with_inhaler,0.1115149858630645,0.028855515692894875,30,11
701,12,False,True,False,one_hot,,,30,12
701,12,False,True,False,lower_bound,0.20123716985966864,0.2432753658939507,30,13
701,12,False,True,False,midpoint,0.20123716985966864,0.2057259776917156,30,14
701,12,False,True,False,midpoint_with_inhaler,0.20123716985966864,0.2057259776917156,30,15
701,12,False,True,False,upper_bound,0.20123716985966864,0.19045089121942738,30,16
701,12,False,True,False,upper_bound_with_inhaler,0.20123716985966864,0.19045089121942738,30,17
701,12,False,True,True,one_hot,,,30,18
701,12,False,True,True,lower_bound,0.20123716985966864,0.2432753658939507,30,19
701,12,False,True,True,midpoint,0.20123716985966864,0.2057259776917156,30,20
701,12,False,True,True,midpoint_with_inhaler,0.20123716985966864,0.2057259776917156,30,21
701,12,False,True,True,upper_bound,0.20123716985966864,0.19045089121942738,30,22
701,12,False,True,True,upper_bound_with_inhaler,0.20123716985966864,0.19045089121942738,30,23
701,12,True,False,False,one_hot,,,30,24
701,12,True,False,False,lower_bound,0.08211027138438985,0.1167954743958436,30,25
701,12,True,False,False,midpoint,0.08211027138438985,0.08585122873312141,30,26
701,12,True,False,False,midpoint_with_inhaler,0.08211027138438985,0.08585122873312141,30,27
701,12,True,False,False,upper_bound,0.08211027138438985,0.07280739972021257,30,28
701,12,True,False,False,upper_bound_with_inhaler,0.08211027138438985,0.07280739972021257,30,29
701,12,True,False,True,one_hot,,,30,30
701,12,True,False,True,lower_bound,0.08211027138438985,0.1167954743958436,30,31
701,12,True,False,True,midpoint,0.08211027138438985,0.08585122873312141,30,32
701,12,True,False,True,midpoint_with_inhaler,0.08211027138438985,0.08585122873312141,30,33
701,12,True,False,True,upper_bound,0.08211027138438985,0.07280739972021257,30,34
701,12,True,False,True,upper_bound_with_inhaler,0.08211027138438985,0.07280739972021257,30,35
701,24,False,False,False,one_hot,,,30,36
701,24,False,False,False,lower_bound,0.26996224218733883,0.33838654275896046,30,37
701,24,False,False,False,midpoint,0.26996224218733883,0.268612629571938,30,38
701,24,False,False,False,midpoint_with_inhaler,0.26996224218733883,0.268612629571938,30,39
701,24,False,False,False,upper_bound,0.26996224218733883,0.23435346666768414,30,40
701,24,False,False,False,upper_bound_with_inhaler,0.26996224218733883,0.23435346666768414,30,41
701,24,False,False,True,one_hot,,,30,42
701,24,False,False,True,lower_bound,0.26996224218733883,0.33838654275896046,30,43
701,24,False,False,True,midpoint,0.26996224218733883,0.268612629571938,30,44
701,24,False,False,True,midpoint_with_inhaler,0.26996224218733883,0.268612629571938,30,45
701,24,False,False,True,upper_bound,0.26996224218733883,0.23435346666768414,30,46
701,24,False,False,True,upper_bound_with_inhaler,0.26996224218733883,0.23435346666768414,30,47
701,24,False,True,False,one_hot,,,30,48
701,24,False,True,False,lower_bound,-0.020610102350035877,-0.22545261869776256,30,49
701,24,False,True,False,midpoint,-0.020610102350035877,-0.111772559858912,30,50
701,24,False,True,False,midpoint_with_inhaler,-0.020610102350035877,-0.111772559858912,30,51
701,24,False,True,False,upper_bound,-0.020610102350035877,-0.05240729348958299,30,52
701,24,False,True,False,upper_bound_with_inhaler,-0.020610102350035877,-0.05240729348958299,30,53
701,24,False,True,True,one_hot,,,30,54
701,24,False,True,True,lower_bound,-0.020610102350035877,-0.22545261869776256,30,55
701,24,False,True,True,midpoint,-0.020610102350035877,-0.111772559858912,30,56
701,24,False,True,True,midpoint_with_inhaler,-0.020610102350035877,-0.111772559858912,30,57
701,24,False,True,True,upper_bound,-0.020610102350035877,-0.05240729348958299,30,58
701,24,False,True,True,upper_bound_with_inhaler,-0.020610102350035877,-0.05240729348958299,30,59
701,24,True,False,False,one_hot,,,30,60
701,24,True,False,False,lower_bound,0.26996224218733883,0.33838654275896046,30,61
701,24,True,False,False,midpoint,0.26996224218733883,0.268612629571938,30,62
701,24,True,False,False,midpoint_with_inhaler,0.26996224218733883,0.268612629571938,30,63
701,24,True,False,False,upper_bound,0.26996224218733883,0.23435346666768414,30,64
701,24,True,False,False,upper_bound_with_inhaler,0.26996224218733883,0.23435346666768414,30,65
701,24,True,False,True,one_hot,,,30,66
701,24,True,False,True,lower_bound,0.26996224218733883,0.33838654275896046,30,67
701,24,True,False,True,midpoint,0.26996224218733883,0.268612629571938,30,68
701,24,True,False,True,midpoint_with_inhaler,0.26996224218733883,0.268612629571938,30,69
701,24,True,False,True,upper_bound,0.26996224218733883,0.23435346666768414,30,70
701,24,True,False,True,upper_bound_with_inhaler,0.26996224218733883,0.23435346666768414,30,71
701,36,False,False,False,one_hot,,,30,72
701,36,False,False,False,lower_bound,0.0846734142501077,0.09801799358531604,30,73
701,36,False,False,False,midpoint,0.0846734142501077,0.09470539461858611,30,74
701,36,False,False,False,midpoint_with_inhaler,0.0846734142501077,0.09470539461858611,30,75
701,36,False,False,False,upper_bound,0.0846734142501077,0.10063295715077655,30,76
701,36,False,False,False,upper_bound_with_inhaler,0.0846734142501077,0.10063295715077655,30,77
701,36,False,False,True,one_hot,,,30,78
701,36,False,False,True,lower_bound,0.0846734142501077,0.09801799358531604,30,79
701,36,False,False,True,midpoint,0.0846734142501077,0.09470539461858611,30,80
701,36,False,False,True,midpoint_with_inhaler,0.0846734142501077,0.09470539461858611,30,81
701,36,False,False,True,upper_bound,0.0846734142501077,0.10063295715077655,30,82
701,36,False,False,True,upper_bound_with_inhaler,0.0846734142501077,0.10063295715077655,30,83
701,36,True,False,False,one_hot,,,30,84
701,36,True,False,False,lower_bound,0.003384518313097105,-0.00287741092411351,30,85
701,36,True,False,False,midpoint,0.003384518313097105,0.0007577257317208365,30,86
701,36,True,False,False,midpoint_with_inhaler,0.003384518313097105,0.0007577257317208365,30,87
701,36,True,False,False,upper_bound,0.003384518313097105,0.001848525680871517,30,88
701,36,True,False,False,upper_bound_with_inhaler,0.003384518313097105,0.001848525680871517,30,89
701,36,True,False,True,one_hot,,,30,90
701,36,True,False,True,lower_bound,0.003384518313097105,-0.00287741092411351,30,91
701,36,True,False,True,midpoint,0.003384518313097105,0.0007577257317208365,30,92
701,36,True,False,True,midpoint_with_inhaler,0.003384518313097105,0.0007577257317208365,30,93
701,36,True,False,True,upper_bound,0.003384518313097105,0.001848525680871517,30,94
701,36,True,False,True,upper_bound_with_inhaler,0.003384518313097105,0.001848525680871517,30,95
701,48,False,False,False,one_hot,,,30,96
701,48,False,False,False,lower_bound,0.21808281979090574,0.31926711179466755,30,97
701,48,False,False,False,midpoint,0.21808281979090574,0.2949717888142167,30,98
701,48,False,False,False,midpoint_with_inhaler,0.21808281979090574,0.2949717888142167,30,99
701,48,False,False,False,upper_bound,0.21808281979090574,0.28290993415169313,30,100
701,48,False,False,False,upper_bound_with_inhaler,0.21808281979090574,0.28290993415169313,30,101
701,48,False,False,True,one_hot,,,30,102
701,48,False,False,True,lower_bound,0.21808281979090574,0.31926711179466755,30,103
701,48,False,False,True,midpoint,0.21808281979090574,0.2949717888142167,30,104
701,48,False,False,True,midpoint_with_inhaler,0.21808281979090574,0.2949717888142167,30,105
701,48,False,False,True,upper_bound,0.21808281979090574,0.28290993415169313,30,106
701,48,False,False,True,upper_bound_with_inhaler,0.21808281979090574,0.28290993415169313,30,107
701,48,False,True,False,one_hot,,,30,108
701,48,False,True,False,lower_bound,-0.15347623702428084,-0.2079965745630617,30,109
701,48,False,True,False,midpoint,-0.15347623702428084,-0.16249735782011096,30,110
701,48,False,True,False,midpoint_with_inhaler,-0.15347623702428084,-0.16249735782011096,30,111
701,48,False,True,False,upper_bound,-0.15347623702428084,-0.13397272219816397,30,112
701,48,False,True,False,upper_bound_with_inhaler,-0.15347623702428084,-0.13397272219816397,30,113
701,48,False,True,True,one_hot,,,30,114
701,48,False,True,True,lower_bound,-0.15347623702428084,-0.2079965745630617,30,115
701,48,False,True,True,midpoint,-0.15347623702428084,-0.16249735782011096,30,116
701,48,False,True,True,midpoint_with_inhaler,-0.15347623702428084,-0.16249735782011096,30,117
701,48,False,True,True,upper_bound,-0.15347623702428084,-0.13397272219816397,30,118
701,48,False,True,True,upper_bound_with_inhaler,-0.15347623702428084,-0.13397272219816397,30,119
701,48,True,False,False,one_hot,,,30,120
701,48,True,False,False,lower_bound,0.06432362020025084,0.05994410406300846,30,121
701,48,True,False,False,midpoint,0.06432362020025084,0.06219313290524576,30,122
701,48,True,False,False,midpoint_with_inhaler,0.06432362020025084,0.06219313290524576,30,123
701,48,True,False,False,upper_bound,0.06432362020025084,0.06204157099940501,30,124
701,48,True,False,False,upper_bound_with_inhaler,0.06432362020025084,0.06204157099940501,30,125
701,48,True,False,True,one_hot,,,30,126
701,48,True,False,True,lower_bound,0.06432362020025084,0.05994410406300846,30,127
701,48,True,False,True,midpoint,0.06432362020025084,0.06219313290524576,30,128
701,48,True,False,True,midpoint_with_inhaler,0.06432362020025084,0.06219313290524576,30,129
701,48,True,False,True,upper_bound,0.06432362020025084,0.06204157099940501,30,130
701,48,True,False,True,upper_bound_with_inhaler,0.06432362020025084,0.06204157099940501,30,131
702,12,False,False,False,one_hot,0.5218669160901559,0.521866916090156,120,0
702,12,False,False,False,lower_bound,0.5701971583711272,1.015443766233694,120,1
702,12,False,False,False,midpoint,0.5701971583711272,0.9529651370647317,120,2
702,12,False,False,False,midpoint_with_inhaler,0.5701971583711272,0.9529651370647317,120,3
702,12,False,False,False,upper_bound,0.5701971583711272,0.9117237472685376,120,4
702,12,False,False,False,upper_bound_with_inhaler,0.5701971583711272,0.9117237472685376,120,5
702,12,False,False,True,one_hot,0.5218669160901559,0.521866916090156,120,6
702,12,False,False,True,lower_bound,0.5701971583711272,1.015443766233694,120,7
702,12,False,False,True,midpoint,0.5701971583711272,0.9529651370647317,120,8
702,12,False,False,True,midpoint_with_inhaler,0.5701971583711272,0.9529651370647317,120,9
702,12,False,False,True,upper_bound,0.5701971583711272,0.9117237472685376,120,10
702,12,False,False,True,upper_bound_with_inhaler,0.5701971583711272,0.9117237472685376,120,11
702,12,False,True,False,one_hot,0.351496703765744,0.351496703765744,120,12
702,12,False,True,False,lower_bound,0.4224707247473752,0.42828894759603797,120,13
702,12,False,True,False,midpoint,0.4224707247473752,0.44769601902772693,120,14
702,12,False,True,False,midpoint_with_inhaler,0.4224707247473752,0.44769601902772693,120,15
702,12,False,True,False,upper_bound,0.4224707247473752,0.45419228461586936,120,16
702,12,False,True,False,upper_bound_with_inhaler,0.4224707247473752,0.45419228461586936,120,17
702,12,False,True,True,one_hot,0.351496703765744,0.351496703765744,120,18
702,12,False,True,True,lower_bound,0.4224707247473752,0.42828894759603797,120,19
702,12,False,True,True,midpoint,0.4224707247473752,0.44769601902772693,120,20
702,12,False,True,True,midpoint_with_inhaler,0.4224707247473752,0.44769601902772693,120,21
702,12,False,True,True,upper_bound,0.4224707247473752,0.45419228461586936,120,22
702,12,False,True,True,upper_bound_with_inhaler,0.4224707247473752,0.45419228461586936,120,23
702,12,True,False,False,one_hot,0.2797206577876939,0.2797206577876939,120,24
702,12,True,False,False,lower_bound,0.3919812256522978,0.9262339913947211,120,25
702,12,True,False,False,midpoint,0.3919812256522978,0.8764823475249575,120,26
702,12,True,False,False,midpoint_with_inhaler,0.3919812256522978,0.8764823475249575,120,27
702,12,True,False,False,upper_bound,0.3919812256522978,0.8294129481526186,120,28
702,12,True,False,False,upper_bound_with_inhaler,0.3919812256522978,0.8294129481526186,120,29
702,12,True,False,True,one_hot,0.2797206577876939,0.2797206577876939,120,30
702,12,True,False,True,lower_bound,0.3919812256522978,0.9262339913947211,120,31
702,12,True,False,True,midpoint,0.3919812256522978,0.8764823475249575,120,32
702,12,True,False,True,midpoint_with_inhaler,0.3919812256522978,0.8764823475249575,120,33
702,12,True,False,True,upper_bound,0.3919812256522978,0.8294129481526186,120,34
702,12,True,False,True,upper_bound_with_inhaler,0.3919812256522978,0.8294129481526186,120,35
702,24,False,False,False,one_hot,0.5811226766081378,0.5811226766081378,120,36
702,24,False,False,False,lower_bound,0.6843800065436078,1.1296653166422739,120,37
702,24,False,False,False,midpoint,0.6843800065436078,1.0683623147233563,120,38
702,24,False,False,False,midpoint_with_inhaler,0.6843800065436078,1.0683623147233563,120,39
702,24,False,False,False,upper_bound,0.6843800065436078,1.0190454870401424,120,40
702,24,False,False,False,upper_bound_with_inhaler,0.6843800065436078,1.0190454870401424,120,41
702,24,False,False,True,one_hot,0.5811226766081378,0.5811226766081378,120,42
702,24,False,False,True,lower_bound,0.6843800065436078,1.1296653166422739,120,43
702,24,False,False,True,midpoint,0.6843800065436078,1.0683623147233563,120,44
702,24,False,False,True,midpoint_with_inhaler,0.6843800065436078,1.0683623147233563,120,45
702,24,False,False,True,upper_bound,0.6843800065436078,1.0190454870401424,120,46
702,24,False,False,True,upper_bound_with_inhaler,0.6843800065436078,1.0190454870401424,120,47
702,24,False,True,False,one_hot,0.3485365287768772,0.3485365287768772,120,48
702,24,False,True,False,lower_bound,0.44821067904896794,0.9532230338002574,120,49
702,24,False,True,False,midpoint,0.44821067904896794,0.9040365072256107,120,50
702,24,False,True,False,midpoint_with_inhaler,0.44821067904896794,0.9040365072256107,120,51
702,24,False,True,False,upper_bound,0.44821067904896794,0.8573330429182368,120,52
702,24,False,True,False,upper_bound_with_inhaler,0.44821067904896794,0.8573330429182368,120,53
702,24,False,True,True,one_hot,0.3485365287768772,0.3485365287768772,120,54
702,24,False,True,True,lower_bound,0.44821067904896794,0.9532230338002574,120,55
702,24,False,True,True,midpoint,0.44821067904896794,0.9040365072256107,120,56
702,24,False,True,True,midpoint_with_inhaler,0.44821067904896794,0.9040365072256107,120,57
702,24,False,True,True,upper_bound,0.44821067904896794,0.8573330429182368,120,58
702,24,False,True,True,upper_bound_with_inhaler,0.44821067904896794,0.8573330429182368,120,59
702,24,True,False,False,one_hot,0.5811226766081378,0.5811226766081378,120,60
702,24,True,False,False,lower_bound,0.6843800065436078,1.1296653166422739,120,61
702,24,True,False,False,midpoint,0.6843800065436078,1.0683623147233563,120,62
702,24,True,False,False,midpoint_with_inhaler,0.6843800065436078,1.0683623147233563,120,63
702,24,True,False,False,upper_bound,0.6843800065436078,1.0190454870401424,120,64
702,24,True,False,False,upper_bound_with_inhaler,0.6843800065436078,1.0190454870401424,120,65
702,24,True,False,True,one_hot,0.5811226766081378,0.5811226766081378,120,66
702,24,True,False,True,lower_bound,0.6843800065436078,1.1296653166422739,120,67
702,24,True,False,True,midpoint,0.6843800065436078,1.0683623147233563,120,68
702,24,True,False,True,midpoint_with_inhaler,0.6843800065436078,1.0683623147233563,120,69
702,24,True,False,True,upper_bound,0.6843800065436078,1.0190454870401424,120,70
702,24,True,False,True,upper_bound_with_inhaler,0.6843800065436078,1.0190454870401424,120,71
702,36,False,False,False,one_hot,0.44685930676611196,0.44685930676611196,120,72
702,36,False,False,False,lower_bound,0.6168965364057516,1.3813246367036411,120,73
702,36,False,False,False,midpoint,0.6168965364057516,1.2883129773124902,120,74
702,36,False,False,False,midpoint_with_inhaler,0.6168965364057516,1.2883129773124902,120,75
702,36,False,False,False,upper_bound,0.6168965364057516,1.2059666652215433,120,76
702,36,False,False,False,upper_bound_with_inhaler,0.6168965364057516,1.2059666652215433,120,77
702,36,False,False,True,one_hot,0.44685930676611196,0.44685930676611196,120,78
702,36,False,False,True,lower_bound,0.6168965364057516,1.3813246367036411,120,79
702,36,False,False,True,midpoint,0.6168965364057516,1.2883129773124902,120,80
702,36,False,False,True,midpoint_with_inhaler,0.6168965364057516,1.2883129773124902,120,81
702,36,False,False,True,upper_bound,0.6168965364057516,1.2059666652215433,120,82
702,36,False,False,True,upper_bound_with_inhaler,0.6168965364057516,1.2059666652215433,120,83
702,36,True,False,False,one_hot,0.40515727440646826,0.40515727440646826,120,84
702,36,True,False,False,lower_bound,0.5048980337265546,0.720608695375094,120,85
702,36,True,False,False,midpoint,0.5048980337265546,0.6812377555352619,120,86
702,36,True,False,False,midpoint_with_inhaler,0.5048980337265546,0.6812377555352619,120,87
702,36,True,False,False,upper_bound,0.5048980337265546,0.6468749081758602,120,88
702,36,True,False,False,upper_bound_with_inhaler,0.5048980337265546,0.6468749081758602,120,89
702,36,True,False,True,one_hot,0.40515727440646826,0.40515727440646826,120,90
702,36,True,False,True,lower_bound,0.5048980337265546,0.720608695375094,120,91
702,36,True,False,True,midpoint,0.5048980337265546,0.6812377555352619,120,92
702,36,True,False,True,midpoint_with_inhaler,0.5048980337265546,0.6812377555352619,120,93
702,36,True,False,True,upper_bound,0.5048980337265546,0.6468749081758602,120,94
702,36,True,False,True,upper_bound_with_inhaler,0.5048980337265546,0.6468749081758602,120,95
702,48,False,False,False,one_hot,0.29046981337066513,0.29046981337066513,120,96
702,48,False,False,False,lower_bound,0.5403005601415508,1.2597110218347758,120,97
702,48,False,False,False,midpoint,0.5403005601415508,1.1785827010935281,120,98
702,48,False,False,False,midpoint_with_inhaler,0.5403005601415508,1.1785827010935281,120,99
702,48,False,False,False,upper_bound,0.5403005601415508,1.10838505971657,120,100
702,48,False,False,False,upper_bound_with_inhaler,0.5403005601415508,1.10838505971657,120,101
702,48,False,False,True,one_hot,0.29046981337066513,0.29046981337066513,120,102
702,48,False,False,True,lower_bound,0.5403005601415508,1.2597110218347758,120,103
702,48,False,False,True,midpoint,0.5403005601415508,1.1785827010935281,120,104
702,48,False,False,True,midpoint_with_inhaler,0.5403005601415508,1.1785827010935281,120,105
702,48,False,False,True,upper_bound,0.5403005601415508,1.10838505971657,120,106
702,48,False,False,True,upper_bound_with_inhaler,0.5403005601415508,1.10838505971657,120,107
702,48,False,True,False,one_hot,0.11015053423563896,0.11015053423563896,120,108
702,48,False,True,False,lower_bound,0.1786891451295366,0.4567961284990441,120,109
702,48,False,True,False,midpoint,0.1786891451295366,0.4081729203400574,120,110
702,48,False,True,False,midpoint_with_inhaler,0.1786891451295366,0.4081729203400574,120,111
702,48,False,True,False,upper_bound,0.1786891451295366,0.3711520042891974,120,112
702,48,False,True,False,upper_bound_with_inhaler,0.1786891451295366,0.3711520042891974,120,113
702,48,False,True,True,one_hot,0.11015053423563896,0.11015053423563896,120,114
702,48,False,True,True,lower_bound,0.1786891451295366,0.4567961284990441,120,115
702,48,False,True,True,midpoint,0.1786891451295366,0.4081729203400574,120,116
702,48,False,True,True,midpoint_with_inhaler,0.1786891451295366,0.4081729203400574,120,117
702,48,False,True,True,upper_bound,0.1786891451295366,0.3711520042891974,120,118
702,48,False,True,True,upper_bound_with_inhaler,0.1786891451295366,0.3711520042891974,120,119
702,48,True,False,False,one_hot,0.351496703765744,0.351496703765744,120,120
702,48,True,False,False,lower_bound,0.40253297291162626,0.5599854746408764,120,121
702,48,True,False,False,midpoint,0.40253297291162626,0.5420509019331862,120,122
702,48,True,False,False,midpoint_with_inhaler,0.40253297291162626,0.5420509019331862,120,123
702,48,True,False,False,upper_bound,0.40253297291162626,0.5243832931868908,120,124
702,48,True,False,False,upper_bound_with_inhaler,0.40253297291162626,0.5243832931868908,120,125
702,48,True,False,True,one_hot,0.351496703765744,0.351496703765744,120,126
702,48,True,False,True,lower_bound,0.40253297291162626,0.5599854746408764,120,127
702,48,True,False,True,midpoint,0.40253297291162626,0.5420509019331862,120,128
702,48,True,False,True,midpoint_with_inhaler,0.40253297291162626,0.5420509019331862,120,129
702,48,True,False,True,upper_bound,0.40253297291162626,0.5243832931868908,120,130
702,48,True,False,True,upper_bound_with_inhaler,0.40253297291162626,0.5243832931868908,120,131
917,12,False,False,False,one_hot,,,9,0
917,12,False,False,False,lower_bound,0.8544675592963211,1.213051415169113,9,1
917,12,False,False,False,midpoint,0.8544675592963211,1.1148793017572882,9,2
917,12,False,False,False,midpoint_with_inhaler,0.8544675592963211,1.1148793017572882,9,3
917,12,False,False,False,upper_bound,0.8544675592963211,1.034100214067405,9,4
917,12,False,False,False,upper_bound_with_inhaler,0.8544675592963211,1.034100214067405,9,5
917,12,False,False,True,one_hot,,,9,6
917,12,False,False,True,lower_bound,0.8544675592963211,1.213051415169113,9,7
917,12,False,False,True,midpoint,0.8544675592963211,1.1148793017572882,9,8
917,12,False,False,True,midpoint_with_inhaler,0.8544675592963211,1.1148793017572882,9,9
917,12,False,False,True,upper_bound,0.8544675592963211,1.034100214067405,9,10
917,12,False,False,True,upper_bound_with_inhaler,0.8544675592963211,1.034100214067405,9,11
917,12,False,True,False,one_hot,,,9,12
917,12,False,True,False,lower_bound,0.4053651540646536,0.824458509600596,9,13
917,12,False,True,False,midpoint,0.4053651540646536,0.6709497994893001,9,14
917,12,False,True,False,midpoint_with_inhaler,0.4053651540646536,0.7655097292108499,9,15
917,12,False,True,False,upper_bound,0.4053651540646536,0.5167198831531318,9,16
917,12,False,True,False,upper_bound_with_inhaler,0.4053651540646536,0.6355926036350371,9,17
917,12,False,True,True,one_hot,,,9,18
917,12,False,True,True,lower_bound,0.4053651540646536,0.824458509600596,9,19
917,12,False,True,True,midpoint,0.4053651540646536,0.6709497994893001,9,20
917,12,False,True,True,midpoint_with_inhaler,0.4053651540646536,0.7655097292108499,9,21
917,12,False,True,True,upper_bound,0.4053651540646536,0.5167198831531318,9,22
917,12,False,True,True,upper_bound_with_inhaler,0.4053651540646536,0.6355926036350371,9,23
917,12,True,False,False,one_hot,,,9,24
917,12,True,False,False,lower_bound,0.36436906283132403,0.7726481041815461,9,25
917,12,True,False,False,midpoint,0.36436906283132403,0.6184287312229362,9,26
917,12,True,False,False,midpoint_with_inhaler,0.36436906283132403,0.6184287312229362,9,27
917,12,True,False,False,upper_bound,0.36436906283132403,0.5125631881238469,9,28
917,12,True,False,False,upper_bound_with_inhaler,0.36436906283132403,0.5125631881238469,9,29
917,12,True,False,True,one_hot,,,9,30
917,12,True,False,True,lower_bound,0.36436906283132403,0.7726481041815461,9,31
917,12,True,False,True,midpoint,0.36436906283132403,0.6184287312229362,9,32
917,12,True,False,True,midpoint_with_inhaler,0.36436906283132403,0.6184287312229362,9,33
917,12,True,False,True,upper_bound,0.36436906283132403,0.5125631881238469,9,34
917,12,True,False,True,upper_bound_with_inhaler,0.36436906283132403,0.5125631881238469,9,35
917,24,False,False,False,one_hot,,,9,36
917,24,False,False,False,lower_bound,1.1567880932598418,1.4463510469504546,9,37
917,24,False,False,False,midpoint,1.1567880932598418,1.30568659267434,9,38
917,24,False,False,False,midpoint_with_inhaler,1.1567880932598418,1.3787048637719632,9,39
917,24,False,False,False,upper_bound,1.1567880932598418,1.128319122705435,9,40
917,24,False,False,False,upper_bound_with_inhaler,1.1567880932598418,1.2519711956134953,9,41
917,24,False,False,True,one_hot,,,9,42
917,24,False,False,True,lower_bound,1.1567880932598418,1.4463510469504546,9,43
917,24,False,False,True,midpoint,1.1567880932598418,1.30568659267434,9,44
917,24,False,False,True,midpoint_with_inhaler,1.1567880932598418,1.3787048637719632,9,45
917,24,False,False,True,upper_bound,1.1567880932598418,1.128319122705435,9,46
917,24,False,False,True,upper_bound_with_inhaler,1.1567880932598418,1.2519711956134953,9,47
917,24,False,True,False,one_hot,,,9,48
917,24,False,True,False,lower_bound,-0.07121097247764169,0.06396627243024638,9,49
917,24,False,True,False,midpoint,-0.07121097247764169,0.053940165044111435,9,50
917,24,False,True,False,midpoint_with_inhaler,-0.07121097247764169,0.053940165044111435,9,51
917,24,False,True,False,upper_bound,-0.07121097247764169,0.046297626494762815,9,52
917,24,False,True,False,upper_bound_with_inhaler,-0.07121097247764169,0.046297626494762815,9,53
917,24,False,True,True,one_hot,,,9,54
917,24,False,True,True,lower_bound,-0.07121097247764169,0.06396627243024638,9,55
917,24,False,True,True,midpoint,-0.07121097247764169,0.053940165044111435,9,56
917,24,False,True,True,midpoint_with_inhaler,-0.07121097247764169,0.053940165044111435,9,57
917,24,False,True,True,upper_bound,-0.07121097247764169,0.046297626494762815,9,58
917,24,False,True,True,upper_bound_with_inhaler,-0.07121097247764169,0.046297626494762815,9,59
917,24,True,False,False,one_hot,,,9,60
917,24,True,False,False,lower_bound,1.1567880932598418,1.4463510469504546,9,61
917,24,True,False,False,midpoint,1.1567880932598418,1.30568659267434,9,62
917,24,True,False,False,midpoint_with_inhaler,1.1567880932598418,1.3787048637719632,9,63
917,24,True,False,False,upper_bound,1.1567880932598418,1.128319122705435,9,64
917,24,True,False,False,upper_bound_with_inhaler,1.1567880932598418,1.2519711956134953,9,65
917,24,True,False,True,one_hot,,,9,66
917,24,True,False,True,lower_bound,1.1567880932598418,1.4463510469504546,9,67
917,24,True,False,True,midpoint,1.1567880932598418,1.30568659267434,9,68
917,24,True,False,True,midpoint_with_inhaler,1.1567880932598418,1.3787048637719632,9,69
917,24,True,False,True,upper_bound,1.1567880932598418,1.128319122705435,9,70
917,24,True,False,True,upper_bound_with_inhaler,1.1567880932598418,1.2519711956134953,9,71
917,36,False,False,False,one_hot,,,9,72
917,36,False,False,False,lower_bound,0.46861383340488766,0.7630782830552985,9,73
917,36,False,False,False,midpoint,0.46861383340488766,0.6060423674985984,9,74
917,36,False,False,False,midpoint_with_inhaler,0.46861383340488766,0.7594439121815167,9,75
917,36,False,False,False,upper_bound,0.4356054399348708,0.4625587281250505,9,76
917,36,False,False,False,upper_bound_with_inhaler,0.46861383340488766,0.7513166223529418,9,77
917,36,False,False,True,one_hot,,,9,78
917,36,False,False,True,lower_bound,0.46861383340488766,0.7630782830552985,9,79
917,36,False,False,True,midpoint,0.46861383340488766,0.6060423674985984,9,80
917,36,False,False,True,midpoint_with_inhaler,0.46861383340488766,0.7594439121815167,9,81
917,36,False,False,True,upper_bound,0.4356054399348708,0.4625587281250505,9,82
917,36,False,False,True,upper_bound_with_inhaler,0.46861383340488766,0.7513166223529418,9,83
917,36,True,False,False,one_hot,,,9,84
917,36,True,False,False,lower_bound,0.1771887553447437,0.2984714567701603,9,85
917,36,True,False,False,midpoint,0.1771887553447437,0.2898582134791633,9,86
917,36,True,False,False,midpoint_with_inhaler,0.1771887553447437,0.2898582134791633,9,87
917,36,True,False,False,upper_bound,0.1771887553447437,0.28120962157023205,9,88
917,36,True,False,False,upper_bound_with_inhaler,0.1771887553447437,0.28120962157023205,9,89
917,36,True,False,True,one_hot,,,9,90
917,36,True,False,True,lower_bound,0.1771887553447437,0.2984714567701603,9,91
917,36,True,False,True,midpoint,0.1771887553447437,0.2898582134791633,9,92
917,36,True,False,True,midpoint_with_inhaler,0.1771887553447437,0.2898582134791633,9,93
917,36,True,False,True,upper_bound,0.1771887553447437,0.28120962157023205,9,94
917,36,True,False,True,upper_bound_with_inhaler,0.1771887553447437,0.28120962157023205,9,95
917,48,False,False,False,one_hot,,,9,96
917,48,False,False,False,lower_bound,0.4064651067206609,0.4618244586127366,9,97
917,48,False,False,False,midpoint,0.4064651067206609,0.37221208280073725,9,98
917,48,False,False,False,midpoint_with_inhaler,0.4064651067206609,0.48710975256582867,9,99
917,48,False,False,False,upper_bound,0.27564313134129625,0.28191349005636235,9,100
917,48,False,False,False,upper_bound_with_inhaler,0.4064651067206609,0.5156576753230958,9,101
917,48,False,False,True,one_hot,,,9,102
917,48,False,False,True,lower_bound,0.4064651067206609,0.4618244586127366,9,103
917,48,False,False,True,midpoint,0.4064651067206609,0.37221208280073725,9,104
917,48,False,False,True,midpoint_with_inhaler,0.4064651067206609,0.48710975256582867,9,105
917,48,False,False,True,upper_bound,0.27564313134129625,0.28191349005636235,9,106
917,48,False,False,True,upper_bound_with_inhaler,0.4064651067206609,0.5156576753230958,9,107
917,48,False,True,False,one_hot,,,9,108
917,48,False,True,False,lower_bound,0.22722738976606893,0.2570055010861108,9,109
917,48,False,True,False,midpoint,0.22722738976606893,0.2780042841834125,9,110
917,48,False,True,False,midpoint_with_inhaler,0.22722738976606893,0.2780042841834125,9,111
917,48,False,True,False,upper_bound,0.22722738976606893,0.28127058858358833,9,112
917,48,False,True,False,upper_bound_with_inhaler,0.22722738976606893,0.28127058858358833,9,113
917,48,False,True,True,one_hot,,,9,114
917,48,False,True,True,lower_bound,0.22722738976606893,0.2570055010861108,9,115
917,48,False,True,True,midpoint,0.22722738976606893,0.2780042841834125,9,116
917,48,False,True,True,midpoint_with_inhaler,0.22722738976606893,0.2780042841834125,9,117
917,48,False,True,True,upper_bound,0.22722738976606893,0.28127058858358833,9,118
917,48,False,True,True,upper_bound_with_inhaler,0.22722738976606893,0.28127058858358833,9,119
917,48,True,False,False,one_hot,,,9,120
917,48,True,False,False,lower_bound,0.12201261942862401,0.09703128033947706,9,121
917,48,True,False,False,midpoint,0.12201261942862401,0.1313056053420976,9,122
917,48,True,False,False,midpoint_with_inhaler,0.12201261942862401,0.1313056053420976,9,123
917,48,True,False,False,upper_bound,0.12201261942862401,0.15270810125711937,9,124
917,48,True,False,False,upper_bound_with_inhaler,0.12201261942862401,0.15270810125711937,9,125
917,48,True,False,True,one_hot,,,9,126
917,48,True,False,True,lower_bound,0.12201261942862401,0.09703128033947706,9,127
917,48,True,False,True,midpoint,0.12201261942862401,0.1313056053420976,9,128
917,48,True,False,True,midpoint_with_inhaler,0.12201261942862401,0.1313056053420976,9,129
917,48,True,False,True,upper_bound,0.12201261942862401,0.15270810125711937,9,130
917,48,True,False,True,upper_bound_with_inhaler,0.12201261942862401,0.15270810125711937,9,131
939,12,False,False,False,one_hot,,,158,0
939,12,False,False,False,lower_bound,0.16649616599887718,0.18238184037975827,158,1
939,12,False,False,False,midpoint,0.16649616599887718,0.1609747145817221,158,2
939,12,False,False,False,midpoint_with_inhaler,0.16649616599887718,0.1609747145817221,158,3
939,12,False,False,False,upper_bound,0.16649616599887718,0.14211970289994408,158,4
939,12,False,False,False,upper_bound_with_inhaler,0.16649616599887718,0.14211970289994408,158,5
939,12,False,False,True,one_hot,,,158,6
939,12,False,False,True,lower_bound,0.16649616599887718,0.18238184037975827,158,7
939,12,False,False,True,midpoint,0.16649616599887718,0.1609747145817221,158,8
939,12,False,False,True,midpoint_with_inhaler,0.16649616599887718,0.1609747145817221,158,9
939,12,False,False,True,upper_bound,0.16649616599887718,0.14211970289994408,158,10
939,12,False,False,True,upper_bound_with_inhaler,0.16649616599887718,0.14211970289994408,158,11
939,12,False,True,False,one_hot,,,158,12
939,12,False,True,False,lower_bound,0.28476926595978486,0.3494880424294575,158,13
939,12,False,True,False,midpoint,0.28476926595978486,0.32297616890220165,158,14
939,12,False,True,False,midpoint_with_inhaler,0.28476926595978486,0.32297616890220165,158,15
939,12,False,True,False,upper_bound,0.28476926595978486,0.29517805984252643,158,16
939,12,False,True,False,upper_bound_with_inhaler,0.28476926595978486,0.29517805984252643,158,17
939,12,False,True,True,one_hot,,,158,18
939,12,False,True,True,lower_bound,0.28476926595978486,0.3494880424294575,158,19
939,12,False,True,True,midpoint,0.28476926595978486,0.32297616890220165,158,20
939,12,False,True,True,midpoint_with_inhaler,0.28476926595978486,0.32297616890220165,158,21
939,12,False,True,True,upper_bound,0.28476926595978486,0.29517805984252643,158,22
939,12,False,True,True,upper_bound_with_inhaler,0.28476926595978486,0.29517805984252643,158,23
939,12,True,False,False,one_hot,,,158,24
939,12,True,False,False,lower_bound,0.16200617211656115,0.2737300068515785,158,25
939,12,True,False,False,midpoint,0.16200617211656115,0.23349036080134156,158,26
939,12,True,False,False,midpoint_with_inhaler,0.16200617211656115,0.23349036080134156,158,27
939,12,True,False,False,upper_bound,0.16200617211656115,0.20145707774092886,158,28
939,12,True,False,False,upper_bound_with_inhaler,0.16200617211656115,0.20145707774092886,158,29
939,12,True,False,True,one_hot,,,158,30
939,12,True,False,True,lower_bound,0.16200617211656115,0.2737300068515785,158,31
939,12,True,False,True,midpoint,0.16200617211656115,0.23349036080134156,158,32
939,12,True,False,True,midpoint_with_inhaler,0.16200617211656115,0.23349036080134156,158,33
939,12,True,False,True,upper_bound,0.16200617211656115,0.20145707774092886,158,34
939,12,True,False,True,upper_bound_with_inhaler,0.16200617211656115,0.20145707774092886,158,35
939,24,False,False,False,one_hot,,,158,36
939,24,False,False,False,lower_bound,0.42940332213387544,0.47933168722169417,158,37
939,24,False,False,False,midpoint,0.42940332213387544,0.46930832880486056,158,38
939,24,False,False,False,midpoint_with_inhaler,0.42940332213387544,0.46930832880486056,158,39
939,24,False,False,False,upper_bound,0.42940332213387544,0.45678325896534133,158,40
939,24,False,False,False,upper_bound_with_inhaler,0.42940332213387544,0.45678325896534133,158,41
939,24,False,False,True,one_hot,,,158,42
939,24,False,False,True,lower_bound,0.42940332213387544,0.47933168722169417,158,43
939,24,False,False,True,midpoint,0.42940332213387544,0.46930832880486056,158,44
939,24,False,False,True,midpoint_with_inhaler,0.42940332213387544,0.46930832880486056,158,45
939,24,False,False,True,upper_bound,0.42940332213387544,0.45678325896534133,158,46
939,24,False,False,True,upper_bound_with_inhaler,0.42940332213387544,0.45678325896534133,158,47
939,24,False,True,False,one_hot,,,158,48
939,24,False,True,False,lower_bound,0.4621497193070545,0.47457928852588177,158,49
939,24,False,True,False,midpoint,0.4621497193070545,0.5013318738887576,158,50
939,24,False,True,False,midpoint_with_inhaler,0.4621497193070545,0.5013318738887576,158,51
939,24,False,True,False,upper_bound,0.4621497193070545,0.508785880308254,158,52
939,24,False,True,False,upper_bound_with_inhaler,0.4621497193070545,0.508785880308254,158,53
939,24,False,True,True,one_hot,,,158,54
939,24,False,True,True,lower_bound,0.4621497193070545,0.47457928852588177,158,55
939,24,False,True,True,midpoint,0.4621497193070545,0.5013318738887576,158,56
939,24,False,True,True,midpoint_with_inhaler,0.4621497193070545,0.5013318738887576,158,57
939,24,False,True,True,upper_bound,0.4621497193070545,0.508785880308254,158,58
939,24,False,True,True,upper_bound_with_inhaler,0.4621497193070545,0.508785880308254,158,59
939,24,True,False,False,one_hot,,,158,60
939,24,True,False,False,lower_bound,0.42940332213387544,0.47933168722169417,158,61
939,24,True,False,False,midpoint,0.42940332213387544,0.46930832880486056,158,62
939,24,True,False,False,midpoint_with_inhaler,0.42940332213387544,0.46930832880486056,158,63
939,24,True,False,False,upper_bound,0.42940332213387544,0.45678325896534133,158,64
939,24,True,False,False,upper_bound_with_inhaler,0.42940332213387544,0.45678325896534133,158,65
939,24,True,False,True,one_hot,,,158,66
939,24,True,False,True,lower_bound,0.42940332213387544,0.47933168722169417,158,67
939,24,True,False,True,midpoint,0.42940332213387544,0.46930832880486056,158,68
939,24,True,False,True,midpoint_with_inhaler,0.42940332213387544,0.46930832880486056,158,69
939,24,True,False,True,upper_bound,0.42940332213387544,0.45678325896534133,158,70
939,24,True,False,True,upper_bound_with_inhaler,0.42940332213387544,0.45678325896534133,158,71
939,36,False,False,False,one_hot,,,158,72
939,36,False,False,False,lower_bound,0.46976507489027053,0.5288226186061453,158,73
939,36,False,False,False,midpoint,0.46976507489027053,0.481150241726083,158,74
939,36,False,False,False,midpoint_with_inhaler,0.46976507489027053,0.4862558937156498,158,75
939,36,False,False,False,upper_bound,0.4592538895592713,0.4341376710443121,158,76
939,36,False,False,False,upper_bound_with_inhaler,0.46976507489027053,0.4462614838628568,158,77
939,36,False,False,True,one_hot,,,158,78
939,36,False,False,True,lower_bound,0.46976507489027053,0.5288226186061453,158,79
939,36,False,False,True,midpoint,0.46976507489027053,0.481150241726083,158,80
939,36,False,False,True,midpoint_with_inhaler,0.46976507489027053,0.4862558937156498,158,81
939,36,False,False,True,upper_bound,0.4592538895592713,0.4341376710443121,158,82
939,36,False,False,True,upper_bound_with_inhaler,0.46976507489027053,0.4462614838628568,158,83
939,36,True,False,False,one_hot,,,158,84
939,36,True,False,False,lower_bound,0.48833841408240636,0.5673085228860149,158,85
939,36,True,False,False,midpoint,0.48833841408240636,0.5791641197787812,158,86
939,36,True,False,False,midpoint_with_inhaler,0.48833841408240636,0.5791641197787812,158,87
939,36,True,False,False,upper_bound,0.48833841408240636,0.5744957830857336,158,88
939,36,True,False,False,upper_bound_with_inhaler,0.48833841408240636,0.5744957830857336,158,89
939,36,True,False,True,one_hot,,,158,90
939,36,True,False,True,lower_bound,0.48833841408240636,0.5673085228860149,158,91
939,36,True,False,True,midpoint,0.48833841408240636,0.5791641197787812,158,92
939,36,True,False,True,midpoint_with_inhaler,0.48833841408240636,0.5791641197787812,158,93
939,36,True,False,True,upper_bound,0.48833841408240636,0.5744957830857336,158,94
939,36,True,False,True,upper_bound_with_inhaler,0.48833841408240636,0.5744957830857336,158,95
939,48,False,False,False,one_hot,,,158,96
939,48,False,False,False,lower_bound,0.38877580083436925,0.4980729738801211,158,97
939,48,False,False,False,midpoint,0.38877580083436925,0.4039633543185166,158,98
939,48,False,False,False,midpoint_with_inhaler,0.38877580083436925,0.4347136003076407,158,99
939,48,False,False,False,upper_bound,0.3178144891638163,0.3178890902429129,158,100
939,48,False,False,False,upper_bound_with_inhaler,0.38877580083436925,0.4315644356117992,158,101
939,48,False,False,True,one_hot,,,158,102
939,48,False,False,True,lower_bound,0.38877580083436925,0.4980729738801211,158,103
939,48,False,False,True,midpoint,0.38877580083436925,0.4039633543185166,158,104
939,48,False,False,True,midpoint_with_inhaler,0.38877580083436925,0.4347136003076407,158,105
939,48,False,False,True,upper_bound,0.3178144891638163,0.3178890902429129,158,106
939,48,False,False,True,upper_bound_with_inhaler,0.38877580083436925,0.4315644356117992,158,107
939,48,False,True,False,one_hot,,,158,108
939,48,False,True,False,lower_bound,0.17407766115157675,0.27875070585322886,158,109
939,48,False,True,False,midpoint,0.17407766115157675,0.2606946562469267,158,110
939,48,False,True,False,midpoint_with_inhaler,0.17407766115157675,0.2606946562469267,158,111
939,48,False,True,False,upper_bound,0.17407766115157675,0.24302345567438144,158,112
939,48,False,True,False,upper_bound_with_inhaler,0.17407766115157675,0.24302345567438144,158,113
939,48,False,True,True,one_hot,,,158,114
939,48,False,True,True,lower_bound,0.17407766115157675,0.27875070585322886,158,115
939,48,False,True,True,midpoint,0.17407766115157675,0.2606946562469267,158,116
939,48,False,True,True,midpoint_with_inhaler,0.17407766115157675,0.2606946562469267,158,117
939,48,False,True,True,upper_bound,0.17407766115157675,0.24302345567438144,158,118
939,48,False,True,True,upper_bound_with_inhaler,0.17407766115157675,0.24302345567438144,158,119
939,48,True,False,False,one_hot,,,158,120
939,48,True,False,False,lower_bound,0.1327705473127413,0.22652538187454566,158,121
939,48,True,False,False,midpoint,0.1327705473127413,0.19674259413166495,158,122
939,48,True,False,False,midpoint_with_inhaler,0.1327705473127413,0.19674259413166495,158,123
939,48,True,False,False,upper_bound,0.1327705473127413,0.17187549341008931,158,124
939,48,True,False,False,upper_bound_with_inhaler,0.1327705473127413,0.17187549341008931,158,125
939,48,True,False,True,one_hot,,,158,126
939,48,True,False,True,lower_bound,0.1327705473127413,0.22652538187454566,158,127
939,48,True,False,True,midpoint,0.1327705473127413,0.19674259413166495,158,128
939,48,True,False,True,midpoint_with_inhaler,0.1327705473127413,0.19674259413166495,158,129
939,48,True,False,True,upper_bound,0.1327705473127413,0.17187549341008931,158,130
939,48,True,False,True,upper_bound_with_inhaler,0.1327705473127413,0.17187549341008931,158,131
