user_key,timestamp_window,use_daily_max_windows,use_calendar_days,filter_out_zero_usage_entries,categorization_method,spearman_z,pearson_z,sample_size,config_idx
113,12,False,False,False,one_hot,0.091062436310966,0.091062436310966,158,0
113,12,False,False,False,lower_bound,0.21734589098824988,0.4169812241213564,158,1
113,12,False,False,False,midpoint,0.21734589098824988,0.3834123734388835,158,2
113,12,False,False,False,midpoint_with_inhaler,0.21734589098824988,0.3834123734388835,158,3
113,12,False,False,False,upper_bound,0.2168976217706311,0.34952927368524206,158,4
113,12,False,False,False,upper_bound_with_inhaler,0.2168976217706311,0.34952927368524206,158,5
113,12,False,False,True,one_hot,0.091062436310966,0.091062436310966,158,6
113,12,False,False,True,lower_bound,0.21734589098824988,0.4169812241213564,158,7
113,12,False,False,True,midpoint,0.21734589098824988,0.3834123734388835,158,8
113,12,False,False,True,midpoint_with_inhaler,0.21734589098824988,0.3834123734388835,158,9
113,12,False,False,True,upper_bound,0.2168976217706311,0.34952927368524206,158,10
113,12,False,False,True,upper_bound_with_inhaler,0.2168976217706311,0.34952927368524206,158,11
113,12,False,True,False,one_hot,0.22804198365748832,0.22804198365748832,158,12
113,12,False,True,False,lower_bound,0.3145999041023251,0.3473408899499972,158,13
113,12,False,True,False,midpoint,0.3145999041023251,0.35615912913465564,158,14
113,12,False,True,False,midpoint_with_inhaler,0.3145999041023251,0.35615912913465564,158,15
113,12,False,True,False,upper_bound,0.31497246153460956,0.3543292688826394,158,16
113,12,False,True,False,upper_bound_with_inhaler,0.31497246153460956,0.3543292688826394,158,17
113,12,False,True,True,one_hot,0.22804198365748832,0.22804198365748832,158,18
113,12,False,True,True,lower_bound,0.3145999041023251,0.3473408899499972,158,19
113,12,False,True,True,midpoint,0.3145999041023251,0.35615912913465564,158,20
113,12,False,True,True,midpoint_with_inhaler,0.3145999041023251,0.35615912913465564,158,21
113,12,False,True,True,upper_bound,0.31497246153460956,0.3543292688826394,158,22
113,12,False,True,True,upper_bound_with_inhaler,0.31497246153460956,0.3543292688826394,158,23
113,12,True,False,False,one_hot,0.1009434615123624,0.1009434615123624,158,24
113,12,True,False,False,lower_bound,0.2637877130124747,0.34601577332771855,158,25
113,12,True,False,False,midpoint,0.2637877130124747,0.35109741330659494,158,26
113,12,True,False,False,midpoint_with_inhaler,0.2637877130124747,0.35109741330659494,158,27
113,12,True,False,False,upper_bound,0.2640347420617611,0.3465081114764897,158,28
113,12,True,False,False,upper_bound_with_inhaler,0.2640347420617611,0.3465081114764897,158,29
113,12,True,False,True,one_hot,0.1009434615123624,0.1009434615123624,158,30
113,12,True,False,True,lower_bound,0.2637877130124747,0.34601577332771855,158,31
113,12,True,False,True,midpoint,0.2637877130124747,0.35109741330659494,158,32
113,12,True,False,True,midpoint_with_inhaler,0.2637877130124747,0.35109741330659494,158,33
113,12,True,False,True,upper_bound,0.2640347420617611,0.3465081114764897,158,34
113,12,True,False,True,upper_bound_with_inhaler,0.2640347420617611,0.3465081114764897,158,35
113,24,False,False,False,one_hot,0.17734068090363297,0.17734068090363295,158,36
113,24,False,False,False,lower_bound,0.3826851386804748,0.43926479862329654,158,37
113,24,False,False,False,midpoint,0.3826851386804748,0.4393142715097934,158,38
113,24,False,False,False,midpoint_with_inhaler,0.3826851386804748,0.4393142715097934,158,39
113,24,False,False,False,upper_bound,0.3822991376934148,0.4255958684667355,158,40
113,24,False,False,False,upper_bound_with_inhaler,0.3822991376934148,0.4255958684667355,158,41
113,24,False,False,True,one_hot,0.17734068090363297,0.17734068090363295,158,42
113,24,False,False,True,lower_bound,0.3826851386804748,0.43926479862329654,158,43
113,24,False,False,True,midpoint,0.3826851386804748,0.4393142715097934,158,44
113,24,False,False,True,midpoint_with_inhaler,0.3826851386804748,0.4393142715097934,158,45
113,24,False,False,True,upper_bound,0.3822991376934148,0.4255958684667355,158,46
113,24,False,False,True,upper_bound_with_inhaler,0.3822991376934148,0.4255958684667355,158,47
113,24,False,True,False,one_hot,0.004848326950322684,0.004848326950322707,158,48
113,24,False,True,False,lower_bound,0.2108389981224051,0.3463250220461771,158,49
113,24,False,True,False,midpoint,0.2108389981224051,0.3270220695734983,158,50
113,24,False,True,False,midpoint_with_inhaler,0.2108389981224051,0.3270220695734983,158,51
113,24,False,True,False,upper_bound,0.2101163102163951,0.30712672199174484,158,52
113,24,False,True,False,upper_bound_with_inhaler,0.2101163102163951,0.30712672199174484,158,53
113,24,False,True,True,one_hot,0.004848326950322684,0.004848326950322707,158,54
113,24,False,True,True,lower_bound,0.2108389981224051,0.3463250220461771,158,55
113,24,False,True,True,midpoint,0.2108389981224051,0.3270220695734983,158,56
113,24,False,True,True,midpoint_with_inhaler,0.2108389981224051,0.3270220695734983,158,57
113,24,False,True,True,upper_bound,0.2101163102163951,0.30712672199174484,158,58
113,24,False,True,True,upper_bound_with_inhaler,0.2101163102163951,0.30712672199174484,158,59
113,24,True,False,False,one_hot,0.17734068090363297,0.17734068090363295,158,60
113,24,True,False,False,lower_bound,0.3826851386804748,0.43926479862329654,158,61
113,24,True,False,False,midpoint,0.3826851386804748,0.4393142715097934,158,62
113,24,True,False,False,midpoint_with_inhaler,0.3826851386804748,0.4393142715097934,158,63
113,24,True,False,False,upper_bound,0.3822991376934148,0.4255958684667355,158,64
113,24,True,False,False,upper_bound_with_inhaler,0.3822991376934148,0.4255958684667355,158,65
113,24,True,False,True,one_hot,0.17734068090363297,0.17734068090363295,158,66
113,24,True,False,True,lower_bound,0.3826851386804748,0.43926479862329654,158,67
113,24,True,False,True,midpoint,0.3826851386804748,0.4393142715097934,158,68
113,24,True,False,True,midpoint_with_inhaler,0.3826851386804748,0.4393142715097934,158,69
113,24,True,False,True,upper_bound,0.3822991376934148,0.4255958684667355,158,70
113,24,True,False,True,upper_bound_with_inhaler,0.3822991376934148,0.4255958684667355,158,71
113,36,False,False,False,one_hot,0.22524814582847186,0.22524814582847183,158,72
113,36,False,False,False,lower_bound,0.3611508356029097,0.4201265660273682,158,73
113,36,False,False,False,midpoint,0.3611508356029097,0.4367108659519109,158,74
113,36,False,False,False,midpoint_with_inhaler,0.3611508356029097,0.43662468701036977,158,75
113,36,False,False,False,upper_bound,0.36062177168974047,0.43369519164970316,158,76
113,36,False,False,False,upper_bound_with_inhaler,0.3611508356029097,0.4379866141789152,158,77
113,36,False,False,True,one_hot,0.22524814582847186,0.22524814582847183,158,78
113,36,False,False,True,lower_bound,0.3611508356029097,0.4201265660273682,158,79
113,36,False,False,True,midpoint,0.3611508356029097,0.4367108659519109,158,80
113,36,False,False,True,midpoint_with_inhaler,0.3611508356029097,0.43662468701036977,158,81
113,36,False,False,True,upper_bound,0.36062177168974047,0.43369519164970316,158,82
113,36,False,False,True,upper_bound_with_inhaler,0.3611508356029097,0.4379866141789152,158,83
113,36,True,False,False,one_hot,0.2905089325254671,0.2905089325254671,158,84
113,36,True,False,False,lower_bound,0.3825055559059639,0.3853366238437871,158,85
113,36,True,False,False,midpoint,0.3825055559059639,0.3839667630648272,158,86
113,36,True,False,False,midpoint_with_inhaler,0.3825055559059639,0.3839667630648272,158,87
113,36,True,False,False,upper_bound,0.3821422259814838,0.37545965456397706,158,88
113,36,True,False,False,upper_bound_with_inhaler,0.3821422259814838,0.37545965456397706,158,89
113,36,True,False,True,one_hot,0.2905089325254671,0.2905089325254671,158,90
113,36,True,False,True,lower_bound,0.3825055559059639,0.3853366238437871,158,91
113,36,True,False,True,midpoint,0.3825055559059639,0.3839667630648272,158,92
113,36,True,False,True,midpoint_with_inhaler,0.3825055559059639,0.3839667630648272,158,93
113,36,True,False,True,upper_bound,0.3821422259814838,0.37545965456397706,158,94
113,36,True,False,True,upper_bound_with_inhaler,0.3821422259814838,0.37545965456397706,158,95
113,48,False,False,False,one_hot,0.16583886084976002,0.16583886084975996,158,96
113,48,False,False,False,lower_bound,0.2915152653091575,0.3473110070903907,158,97
113,48,False,False,False,midpoint,0.2915152653091575,0.36262233884374406,158,98
113,48,False,False,False,midpoint_with_inhaler,0.2915152653091575,0.362525467254915,158,99
113,48,False,False,False,upper_bound,0.2909067652917902,0.363343230936158,158,100
113,48,False,False,False,upper_bound_with_inhaler,0.2915152653091575,0.36960336525519527,158,101
113,48,False,False,True,one_hot,0.16583886084976002,0.16583886084975996,158,102
113,48,False,False,True,lower_bound,0.2915152653091575,0.3473110070903907,158,103
113,48,False,False,True,midpoint,0.2915152653091575,0.36262233884374406,158,104
113,48,False,False,True,midpoint_with_inhaler,0.2915152653091575,0.362525467254915,158,105
113,48,False,False,True,upper_bound,0.2909067652917902,0.363343230936158,158,106
113,48,False,False,True,upper_bound_with_inhaler,0.2915152653091575,0.36960336525519527,158,107
113,48,False,True,False,one_hot,0.020862649551599135,0.020862649551599097,158,108
113,48,False,True,False,lower_bound,0.0689668861377663,0.031055375502065937,158,109
113,48,False,True,False,midpoint,0.0689668861377663,0.05296769178662715,158,110
113,48,False,True,False,midpoint_with_inhaler,0.0689668861377663,0.05296769178662715,158,111
113,48,False,True,False,upper_bound,0.0693490010440431,0.06772717293190757,158,112
113,48,False,True,False,upper_bound_with_inhaler,0.0693490010440431,0.06772717293190757,158,113
113,48,False,True,True,one_hot,0.020862649551599135,0.020862649551599097,158,114
113,48,False,True,True,lower_bound,0.0689668861377663,0.031055375502065937,158,115
113,48,False,True,True,midpoint,0.0689668861377663,0.05296769178662715,158,116
113,48,False,True,True,midpoint_with_inhaler,0.0689668861377663,0.05296769178662715,158,117
113,48,False,True,True,upper_bound,0.0693490010440431,0.06772717293190757,158,118
113,48,False,True,True,upper_bound_with_inhaler,0.0693490010440431,0.06772717293190757,158,119
113,48,True,False,False,one_hot,0.20381839501624124,0.20381839501624133,158,120
113,48,True,False,False,lower_bound,0.27406772719000055,0.21974339074559607,158,121
113,48,True,False,False,midpoint,0.27406772719000055,0.24416333693370776,158,122
113,48,True,False,False,midpoint_with_inhaler,0.27406772719000055,0.24416333693370776,158,123
113,48,True,False,False,upper_bound,0.27428144244553393,0.2591689794789188,158,124
113,48,True,False,False,upper_bound_with_inhaler,0.27428144244553393,0.2591689794789188,158,125
113,48,True,False,True,one_hot,0.20381839501624124,0.20381839501624133,158,126
113,48,True,False,True,lower_bound,0.27406772719000055,0.21974339074559607,158,127
113,48,True,False,True,midpoint,0.27406772719000055,0.24416333693370776,158,128
113,48,True,False,True,midpoint_with_inhaler,0.27406772719000055,0.24416333693370776,158,129
113,48,True,False,True,upper_bound,0.27428144244553393,0.2591689794789188,158,130
113,48,True,False,True,upper_bound_with_inhaler,0.27428144244553393,0.2591689794789188,158,131
190,12,False,False,False,one_hot,0.23560551097621057,0.23560551097621066,19,0
190,12,False,False,False,lower_bound,0.23560551097621057,0.23560551097621066,19,1
190,12,False,False,False,midpoint,0.23560551097621057,0.23560551097621063,19,2
190,12,False,False,False,midpoint_with_inhaler,0.23560551097621057,0.23560551097621063,19,3
190,12,False,False,False,upper_bound,0.23560551097621057,0.23560551097621066,19,4
190,12,False,False,False,upper_bound_with_inhaler,0.23560551097621057,0.23560551097621066,19,5
190,12,False,False,True,one_hot,0.23560551097621057,0.23560551097621066,19,6
190,12,False,False,True,lower_bound,0.23560551097621057,0.23560551097621066,19,7
190,12,False,False,True,midpoint,0.23560551097621057,0.23560551097621063,19,8
190,12,False,False,True,midpoint_with_inhaler,0.23560551097621057,0.23560551097621063,19,9
190,12,False,False,True,upper_bound,0.23560551097621057,0.23560551097621066,19,10
190,12,False,False,True,upper_bound_with_inhaler,0.23560551097621057,0.23560551097621066,19,11
190,12,False,True,False,one_hot,-0.06911640417333659,-0.06911640417333662,19,12
190,12,False,True,False,lower_bound,-0.06911640417333659,-0.06911640417333662,19,13
190,12,False,True,False,midpoint,-0.06911640417333659,-0.06911640417333659,19,14
190,12,False,True,False,midpoint_with_inhaler,-0.06911640417333659,-0.06911640417333659,19,15
190,12,False,True,False,upper_bound,-0.06911640417333659,-0.06911640417333662,19,16
190,12,False,True,False,upper_bound_with_inhaler,-0.06911640417333659,-0.06911640417333662,19,17
190,12,False,True,True,one_hot,-0.06911640417333659,-0.06911640417333662,19,18
190,12,False,True,True,lower_bound,-0.06911640417333659,-0.06911640417333662,19,19
190,12,False,True,True,midpoint,-0.06911640417333659,-0.06911640417333659,19,20
190,12,False,True,True,midpoint_with_inhaler,-0.06911640417333659,-0.06911640417333659,19,21
190,12,False,True,True,upper_bound,-0.06911640417333659,-0.06911640417333662,19,22
190,12,False,True,True,upper_bound_with_inhaler,-0.06911640417333659,-0.06911640417333662,19,23
190,12,True,False,False,one_hot,0.15064349547191652,0.15064349547191655,19,24
190,12,True,False,False,lower_bound,0.06641601910557476,-0.05444986082829034,19,25
190,12,True,False,False,midpoint,0.06641601910557476,-0.003027811000562391,19,26
190,12,True,False,False,midpoint_with_inhaler,0.06641601910557476,-0.003027811000562391,19,27
190,12,True,False,False,upper_bound,0.06641601910557476,0.029369452414546422,19,28
190,12,True,False,False,upper_bound_with_inhaler,0.06641601910557476,0.029369452414546422,19,29
190,12,True,False,True,one_hot,0.15064349547191652,0.15064349547191655,19,30
190,12,True,False,True,lower_bound,0.06641601910557476,-0.05444986082829034,19,31
190,12,True,False,True,midpoint,0.06641601910557476,-0.003027811000562391,19,32
190,12,True,False,True,midpoint_with_inhaler,0.06641601910557476,-0.003027811000562391,19,33
190,12,True,False,True,upper_bound,0.06641601910557476,0.029369452414546422,19,34
190,12,True,False,True,upper_bound_with_inhaler,0.06641601910557476,0.029369452414546422,19,35
190,24,False,False,False,one_hot,-0.19333742851315744,-0.1933374285131574,19,36
190,24,False,False,False,lower_bound,-0.2551558420790048,-0.29603288868665156,19,37
190,24,False,False,False,midpoint,-0.2551558420790048,-0.28276009583720546,19,38
190,24,False,False,False,midpoint_with_inhaler,-0.2551558420790048,-0.28276009583720546,19,39
190,24,False,False,False,upper_bound,-0.2551558420790048,-0.2701004140079832,19,40
190,24,False,False,False,upper_bound_with_inhaler,-0.2551558420790048,-0.2701004140079832,19,41
190,24,False,False,True,one_hot,-0.19333742851315744,-0.1933374285131574,19,42
190,24,False,False,True,lower_bound,-0.2551558420790048,-0.29603288868665156,19,43
190,24,False,False,True,midpoint,-0.2551558420790048,-0.28276009583720546,19,44
190,24,False,False,True,midpoint_with_inhaler,-0.2551558420790048,-0.28276009583720546,19,45
190,24,False,False,True,upper_bound,-0.2551558420790048,-0.2701004140079832,19,46
190,24,False,False,True,upper_bound_with_inhaler,-0.2551558420790048,-0.2701004140079832,19,47
190,24,False,True,False,one_hot,0.15235374089211762,0.1523537408921177,19,48
190,24,False,True,False,lower_bound,0.15235374089211762,0.1523537408921177,19,49
190,24,False,True,False,midpoint,0.15235374089211762,0.1523537408921177,19,50
190,24,False,True,False,midpoint_with_inhaler,0.15235374089211762,0.1523537408921177,19,51
190,24,False,True,False,upper_bound,0.15235374089211762,0.1523537408921177,19,52
190,24,False,True,False,upper_bound_with_inhaler,0.15235374089211762,0.1523537408921177,19,53
190,24,False,True,True,one_hot,0.15235374089211762,0.1523537408921177,19,54
190,24,False,True,True,lower_bound,0.15235374089211762,0.1523537408921177,19,55
190,24,False,True,True,midpoint,0.15235374089211762,0.1523537408921177,19,56
190,24,False,True,True,midpoint_with_inhaler,0.15235374089211762,0.1523537408921177,19,57
190,24,False,True,True,upper_bound,0.15235374089211762,0.1523537408921177,19,58
190,24,False,True,True,upper_bound_with_inhaler,0.15235374089211762,0.1523537408921177,19,59
190,24,True,False,False,one_hot,-0.19333742851315744,-0.1933374285131574,19,60
190,24,True,False,False,lower_bound,-0.2551558420790048,-0.29603288868665156,19,61
190,24,True,False,False,midpoint,-0.2551558420790048,-0.28276009583720546,19,62
190,24,True,False,False,midpoint_with_inhaler,-0.2551558420790048,-0.28276009583720546,19,63
190,24,True,False,False,upper_bound,-0.2551558420790048,-0.2701004140079832,19,64
190,24,True,False,False,upper_bound_with_inhaler,-0.2551558420790048,-0.2701004140079832,19,65
190,24,True,False,True,one_hot,-0.19333742851315744,-0.1933374285131574,19,66
190,24,True,False,True,lower_bound,-0.2551558420790048,-0.29603288868665156,19,67
190,24,True,False,True,midpoint,-0.2551558420790048,-0.28276009583720546,19,68
190,24,True,False,True,midpoint_with_inhaler,-0.2551558420790048,-0.28276009583720546,19,69
190,24,True,False,True,upper_bound,-0.2551558420790048,-0.2701004140079832,19,70
190,24,True,False,True,upper_bound_with_inhaler,-0.2551558420790048,-0.2701004140079832,19,71
190,36,False,False,False,one_hot,0.41246454071714395,0.41246454071714395,19,72
190,36,False,False,False,lower_bound,0.14739770611677058,-0.06055976345145181,19,73
190,36,False,False,False,midpoint,0.14739770611677058,0.036457740536523134,19,74
190,36,False,False,False,midpoint_with_inhaler,0.14739770611677058,0.036457740536523134,19,75
190,36,False,False,False,upper_bound,0.14739770611677058,0.10450512630117918,19,76
190,36,False,False,False,upper_bound_with_inhaler,0.14739770611677058,0.10450512630117918,19,77
190,36,False,False,True,one_hot,0.41246454071714395,0.41246454071714395,19,78
190,36,False,False,True,lower_bound,0.14739770611677058,-0.06055976345145181,19,79
190,36,False,False,True,midpoint,0.14739770611677058,0.036457740536523134,19,80
190,36,False,False,True,midpoint_with_inhaler,0.14739770611677058,0.036457740536523134,19,81
190,36,False,False,True,upper_bound,0.14739770611677058,0.10450512630117918,19,82
190,36,False,False,True,upper_bound_with_inhaler,0.14739770611677058,0.10450512630117918,19,83
190,36,True,False,False,one_hot,0.41246454071714395,0.41246454071714395,19,84
190,36,True,False,False,lower_bound,0.41246454071714395,0.41246454071714395,19,85
190,36,True,False,False,midpoint,0.41246454071714395,0.41246454071714395,19,86
190,36,True,False,False,midpoint_with_inhaler,0.41246454071714395,0.41246454071714395,19,87
190,36,True,False,False,upper_bound,0.41246454071714395,0.41246454071714395,19,88
190,36,True,False,False,upper_bound_with_inhaler,0.41246454071714395,0.41246454071714395,19,89
190,36,True,False,True,one_hot,0.41246454071714395,0.41246454071714395,19,90
190,36,True,False,True,lower_bound,0.41246454071714395,0.41246454071714395,19,91
190,36,True,False,True,midpoint,0.41246454071714395,0.41246454071714395,19,92
190,36,True,False,True,midpoint_with_inhaler,0.41246454071714395,0.41246454071714395,19,93
190,36,True,False,True,upper_bound,0.41246454071714395,0.41246454071714395,19,94
190,36,True,False,True,upper_bound_with_inhaler,0.41246454071714395,0.41246454071714395,19,95
190,48,False,False,False,one_hot,-0.22744953600579132,-0.22744953600579132,19,96
190,48,False,False,False,lower_bound,-0.11302512669319352,-0.0829739714764401,19,97
190,48,False,False,False,midpoint,-0.11302512669319352,-0.10610815809414238,19,98
190,48,False,False,False,midpoint_with_inhaler,-0.11302512669319352,-0.10610815809414238,19,99
190,48,False,False,False,upper_bound,-0.11302512669319352,-0.12569002247268812,19,100
190,48,False,False,False,upper_bound_with_inhaler,-0.11302512669319352,-0.12569002247268812,19,101
190,48,False,False,True,one_hot,-0.22744953600579132,-0.22744953600579132,19,102
190,48,False,False,True,lower_bound,-0.11302512669319352,-0.0829739714764401,19,103
190,48,False,False,True,midpoint,-0.11302512669319352,-0.10610815809414238,19,104
190,48,False,False,True,midpoint_with_inhaler,-0.11302512669319352,-0.10610815809414238,19,105
190,48,False,False,True,upper_bound,-0.11302512669319352,-0.12569002247268812,19,106
190,48,False,False,True,upper_bound_with_inhaler,-0.11302512669319352,-0.12569002247268812,19,107
190,48,False,True,False,one_hot,0.15235374089211765,0.15235374089211765,19,108
190,48,False,True,False,lower_bound,0.04730024134977121,-0.06635106422334167,19,109
190,48,False,True,False,midpoint,0.04730024134977121,-0.013087745928998763,19,110
190,48,False,True,False,midpoint_with_inhaler,0.04730024134977121,-0.013087745928998763,19,111
190,48,False,True,False,upper_bound,0.04730024134977121,0.021299105708943823,19,112
190,48,False,True,False,upper_bound_with_inhaler,0.04730024134977121,0.021299105708943823,19,113
190,48,False,True,True,one_hot,0.15235374089211765,0.15235374089211765,19,114
190,48,False,True,True,lower_bound,0.04730024134977121,-0.06635106422334167,19,115
190,48,False,True,True,midpoint,0.04730024134977121,-0.013087745928998763,19,116
190,48,False,True,True,midpoint_with_inhaler,0.04730024134977121,-0.013087745928998763,19,117
190,48,False,True,True,upper_bound,0.04730024134977121,0.021299105708943823,19,118
190,48,False,True,True,upper_bound_with_inhaler,0.04730024134977121,0.021299105708943823,19,119
190,48,True,False,False,one_hot,0.41246454071714406,0.41246454071714395,19,120
190,48,True,False,False,lower_bound,0.41246454071714406,0.41246454071714395,19,121
190,48,True,False,False,midpoint,0.41246454071714406,0.41246454071714406,19,122
190,48,True,False,False,midpoint_with_inhaler,0.41246454071714406,0.41246454071714406,19,123
190,48,True,False,False,upper_bound,0.41246454071714406,0.41246454071714395,19,124
190,48,True,False,False,upper_bound_with_inhaler,0.41246454071714406,0.41246454071714395,19,125
190,48,True,False,True,one_hot,0.41246454071714406,0.41246454071714395,19,126
190,48,True,False,True,lower_bound,0.41246454071714406,0.41246454071714395,19,127
190,48,True,False,True,midpoint,0.41246454071714406,0.41246454071714406,19,128
190,48,True,False,True,midpoint_with_inhaler,0.41246454071714406,0.41246454071714406,19,129
190,48,True,False,True,upper_bound,0.41246454071714406,0.41246454071714395,19,130
190,48,True,False,True,upper_bound_with_inhaler,0.41246454071714406,0.41246454071714395,19,131
294,12,False,False,False,one_hot,0.16989285149605576,0.16989285149605582,173,0
294,12,False,False,False,lower_bound,0.30277120138629765,0.32705363627376194,173,1
294,12,False,False,False,midpoint,0.30277120138629765,0.3356577230896879,173,2
294,12,False,False,False,midpoint_with_inhaler,0.30277120138629765,0.3356577230896879,173,3
294,12,False,False,False,upper_bound,0.30277120138629765,0.3370338691856532,173,4
294,12,False,False,False,upper_bound_with_inhaler,0.30277120138629765,0.3370338691856532,173,5
294,12,False,False,True,one_hot,0.16989285149605576,0.16989285149605582,173,6
294,12,False,False,True,lower_bound,0.30277120138629765,0.32705363627376194,173,7
294,12,False,False,True,midpoint,0.30277120138629765,0.3356577230896879,173,8
294,12,False,False,True,midpoint_with_inhaler,0.30277120138629765,0.3356577230896879,173,9
294,12,False,False,True,upper_bound,0.30277120138629765,0.3370338691856532,173,10
294,12,False,False,True,upper_bound_with_inhaler,0.30277120138629765,0.3370338691856532,173,11
294,12,False,True,False,one_hot,,,173,12
294,12,False,True,False,lower_bound,0.5486709628529,0.497200363808782,173,13
294,12,False,True,False,midpoint,0.5486709628529,0.5296141068374469,173,14
294,12,False,True,False,midpoint_with_inhaler,0.5486709628529,0.5296141068374469,173,15
294,12,False,True,False,upper_bound,0.5486709628529,0.5444890163556771,173,16
294,12,False,True,False,upper_bound_with_inhaler,0.5486709628529,0.5444890163556771,173,17
294,12,False,True,True,one_hot,,,173,18
294,12,False,True,True,lower_bound,0.5486709628529,0.497200363808782,173,19
294,12,False,True,True,midpoint,0.5486709628529,0.5296141068374469,173,20
294,12,False,True,True,midpoint_with_inhaler,0.5486709628529,0.5296141068374469,173,21
294,12,False,True,True,upper_bound,0.5486709628529,0.5444890163556771,173,22
294,12,False,True,True,upper_bound_with_inhaler,0.5486709628529,0.5444890163556771,173,23
294,12,True,False,False,one_hot,,,173,24
294,12,True,False,False,lower_bound,0.5589023984364454,0.5019525382818837,173,25
294,12,True,False,False,midpoint,0.5589023984364454,0.5378014696473771,173,26
294,12,True,False,False,midpoint_with_inhaler,0.5589023984364454,0.5366629306198634,173,27
294,12,True,False,False,upper_bound,0.558521970306686,0.5524515147304453,173,28
294,12,True,False,False,upper_bound_with_inhaler,0.5589023984364454,0.5510395211667798,173,29
294,12,True,False,True,one_hot,,,173,30
294,12,True,False,True,lower_bound,0.5589023984364454,0.5019525382818837,173,31
294,12,True,False,True,midpoint,0.5589023984364454,0.5378014696473771,173,32
294,12,True,False,True,midpoint_with_inhaler,0.5589023984364454,0.5366629306198634,173,33
294,12,True,False,True,upper_bound,0.558521970306686,0.5524515147304453,173,34
294,12,True,False,True,upper_bound_with_inhaler,0.5589023984364454,0.5510395211667798,173,35
294,24,False,False,False,one_hot,,,173,36
294,24,False,False,False,lower_bound,0.6521228510296799,0.6470915484199972,173,37
294,24,False,False,False,midpoint,0.6521228510296799,0.6519483561756387,173,38
294,24,False,False,False,midpoint_with_inhaler,0.6521228510296799,0.6542975121963756,173,39
294,24,False,False,False,upper_bound,0.649284070397369,0.6376383644014677,173,40
294,24,False,False,False,upper_bound_with_inhaler,0.6521228510296799,0.6467427410484983,173,41
294,24,False,False,True,one_hot,,,173,42
294,24,False,False,True,lower_bound,0.6521228510296799,0.6470915484199972,173,43
294,24,False,False,True,midpoint,0.6521228510296799,0.6519483561756387,173,44
294,24,False,False,True,midpoint_with_inhaler,0.6521228510296799,0.6542975121963756,173,45
294,24,False,False,True,upper_bound,0.649284070397369,0.6376383644014677,173,46
294,24,False,False,True,upper_bound_with_inhaler,0.6521228510296799,0.6467427410484983,173,47
294,24,False,True,False,one_hot,,,173,48
294,24,False,True,False,lower_bound,0.5204291185472101,0.4824513757235677,173,49
294,24,False,True,False,midpoint,0.5204291185472101,0.5070593141563983,173,50
294,24,False,True,False,midpoint_with_inhaler,0.5204291185472101,0.5070593141563983,173,51
294,24,False,True,False,upper_bound,0.5204291185472101,0.5188126500135094,173,52
294,24,False,True,False,upper_bound_with_inhaler,0.5204291185472101,0.5188126500135094,173,53
294,24,False,True,True,one_hot,,,173,54
294,24,False,True,True,lower_bound,0.5204291185472101,0.4824513757235677,173,55
294,24,False,True,True,midpoint,0.5204291185472101,0.5070593141563983,173,56
294,24,False,True,True,midpoint_with_inhaler,0.5204291185472101,0.5070593141563983,173,57
294,24,False,True,True,upper_bound,0.5204291185472101,0.5188126500135094,173,58
294,24,False,True,True,upper_bound_with_inhaler,0.5204291185472101,0.5188126500135094,173,59
294,24,True,False,False,one_hot,,,173,60
294,24,True,False,False,lower_bound,0.6521228510296799,0.6470915484199972,173,61
294,24,True,False,False,midpoint,0.6521228510296799,0.6519483561756387,173,62
294,24,True,False,False,midpoint_with_inhaler,0.6521228510296799,0.6542975121963756,173,63
294,24,True,False,False,upper_bound,0.649284070397369,0.6376383644014677,173,64
294,24,True,False,False,upper_bound_with_inhaler,0.6521228510296799,0.6467427410484983,173,65
294,24,True,False,True,one_hot,,,173,66
294,24,True,False,True,lower_bound,0.6521228510296799,0.6470915484199972,173,67
294,24,True,False,True,midpoint,0.6521228510296799,0.6519483561756387,173,68
294,24,True,False,True,midpoint_with_inhaler,0.6521228510296799,0.6542975121963756,173,69
294,24,True,False,True,upper_bound,0.649284070397369,0.6376383644014677,173,70
294,24,True,False,True,upper_bound_with_inhaler,0.6521228510296799,0.6467427410484983,173,71
294,36,False,False,False,one_hot,,,173,72
294,36,False,False,False,lower_bound,0.5573677399996594,0.5573125067828437,173,73
294,36,False,False,False,midpoint,0.5573677399996594,0.5670463069980101,173,74
294,36,False,False,False,midpoint_with_inhaler,0.5573677399996594,0.570422148831894,173,75
294,36,False,False,False,upper_bound,0.5263068635625757,0.5497387986420451,173,76
294,36,False,False,False,upper_bound_with_inhaler,0.5573677399996594,0.5441217747346343,173,77
294,36,False,False,True,one_hot,,,173,78
294,36,False,False,True,lower_bound,0.5573677399996594,0.5573125067828437,173,79
294,36,False,False,True,midpoint,0.5573677399996594,0.5670463069980101,173,80
294,36,False,False,True,midpoint_with_inhaler,0.5573677399996594,0.570422148831894,173,81
294,36,False,False,True,upper_bound,0.5263068635625757,0.5497387986420451,173,82
294,36,False,False,True,upper_bound_with_inhaler,0.5573677399996594,0.5441217747346343,173,83
294,36,True,False,False,one_hot,,,173,84
294,36,True,False,False,lower_bound,0.47718638382777306,0.4643660009441076,173,85
294,36,True,False,False,midpoint,0.47718638382777306,0.476751875353347,173,86
294,36,True,False,False,midpoint_with_inhaler,0.47718638382777306,0.4788035576555365,173,87
294,36,True,False,False,upper_bound,0.4747620668436146,0.48134589036686176,173,88
294,36,True,False,False,upper_bound_with_inhaler,0.47718638382777306,0.48818868174457886,173,89
294,36,True,False,True,one_hot,,,173,90
294,36,True,False,True,lower_bound,0.47718638382777306,0.4643660009441076,173,91
294,36,True,False,True,midpoint,0.47718638382777306,0.476751875353347,173,92
294,36,True,False,True,midpoint_with_inhaler,0.47718638382777306,0.4788035576555365,173,93
294,36,True,False,True,upper_bound,0.4747620668436146,0.48134589036686176,173,94
294,36,True,False,True,upper_bound_with_inhaler,0.47718638382777306,0.48818868174457886,173,95
294,48,False,False,False,one_hot,,,173,96
294,48,False,False,False,lower_bound,0.7098989793145283,0.6989683257023441,173,97
294,48,False,False,False,midpoint,0.7098989793145283,0.6875957155011236,173,98
294,48,False,False,False,midpoint_with_inhaler,0.7098989793145283,0.7099174090933772,173,99
294,48,False,False,False,upper_bound,0.6568846743776591,0.616404702358109,173,100
294,48,False,False,False,upper_bound_with_inhaler,0.7098989793145283,0.6673259308531466,173,101
294,48,False,False,True,one_hot,,,173,102
294,48,False,False,True,lower_bound,0.7098989793145283,0.6989683257023441,173,103
294,48,False,False,True,midpoint,0.7098989793145283,0.6875957155011236,173,104
294,48,False,False,True,midpoint_with_inhaler,0.7098989793145283,0.7099174090933772,173,105
294,48,False,False,True,upper_bound,0.6568846743776591,0.616404702358109,173,106
294,48,False,False,True,upper_bound_with_inhaler,0.7098989793145283,0.6673259308531466,173,107
294,48,False,True,False,one_hot,,,173,108
294,48,False,True,False,lower_bound,0.2876779336149767,0.29957313102290234,173,109
294,48,False,True,False,midpoint,0.2876779336149767,0.29903649785190956,173,110
294,48,False,True,False,midpoint_with_inhaler,0.2876779336149767,0.29903649785190956,173,111
294,48,False,True,False,upper_bound,0.2876779336149767,0.29352190538947937,173,112
294,48,False,True,False,upper_bound_with_inhaler,0.2876779336149767,0.29352190538947937,173,113
294,48,False,True,True,one_hot,,,173,114
294,48,False,True,True,lower_bound,0.2876779336149767,0.29957313102290234,173,115
294,48,False,True,True,midpoint,0.2876779336149767,0.29903649785190956,173,116
294,48,False,True,True,midpoint_with_inhaler,0.2876779336149767,0.29903649785190956,173,117
294,48,False,True,True,upper_bound,0.2876779336149767,0.29352190538947937,173,118
294,48,False,True,True,upper_bound_with_inhaler,0.2876779336149767,0.29352190538947937,173,119
294,48,True,False,False,one_hot,,,173,120
294,48,True,False,False,lower_bound,0.41583949573652856,0.38291297602754865,173,121
294,48,True,False,False,midpoint,0.41583949573652856,0.4120570398021151,173,122
294,48,True,False,False,midpoint_with_inhaler,0.41583949573652856,0.40936033781757564,173,123
294,48,True,False,False,upper_bound,0.41487443740261676,0.4201344984898525,173,124
294,48,True,False,False,upper_bound_with_inhaler,0.41583949573652856,0.42045354236916116,173,125
294,48,True,False,True,one_hot,,,173,126
294,48,True,False,True,lower_bound,0.41583949573652856,0.38291297602754865,173,127
294,48,True,False,True,midpoint,0.41583949573652856,0.4120570398021151,173,128
294,48,True,False,True,midpoint_with_inhaler,0.41583949573652856,0.40936033781757564,173,129
294,48,True,False,True,upper_bound,0.41487443740261676,0.4201344984898525,173,130
294,48,True,False,True,upper_bound_with_inhaler,0.41583949573652856,0.42045354236916116,173,131
328,12,False,False,False,one_hot,0.5418846257365839,0.541884625736584,17,0
328,12,False,False,False,lower_bound,0.47667345370639874,0.1269107433515565,17,1
328,12,False,False,False,midpoint,0.47667345370639874,0.15852100678666325,17,2
328,12,False,False,False,midpoint_with_inhaler,0.47667345370639874,0.15852100678666325,17,3
328,12,False,False,False,upper_bound,0.47667345370639874,0.1776813162534728,17,4
328,12,False,False,False,upper_bound_with_inhaler,0.47667345370639874,0.1776813162534728,17,5
328,12,False,False,True,one_hot,0.5418846257365839,0.541884625736584,17,6
328,12,False,False,True,lower_bound,0.47667345370639874,0.1269107433515565,17,7
328,12,False,False,True,midpoint,0.47667345370639874,0.15852100678666325,17,8
328,12,False,False,True,midpoint_with_inhaler,0.47667345370639874,0.15852100678666325,17,9
328,12,False,False,True,upper_bound,0.47667345370639874,0.1776813162534728,17,10
328,12,False,False,True,upper_bound_with_inhaler,0.47667345370639874,0.1776813162534728,17,11
328,12,False,True,False,one_hot,0.3589231765582063,0.3589231765582063,17,12
328,12,False,True,False,lower_bound,0.30156584492225985,0.07390537518759714,17,13
328,12,False,True,False,midpoint,0.30156584492225985,0.09819012452940576,17,14
328,12,False,True,False,midpoint_with_inhaler,0.30156584492225985,0.09819012452940576,17,15
328,12,False,True,False,upper_bound,0.30156584492225985,0.11284318271571442,17,16
328,12,False,True,False,upper_bound_with_inhaler,0.30156584492225985,0.11284318271571442,17,17
328,12,False,True,True,one_hot,0.3589231765582063,0.3589231765582063,17,18
328,12,False,True,True,lower_bound,0.30156584492225985,0.07390537518759714,17,19
328,12,False,True,True,midpoint,0.30156584492225985,0.09819012452940576,17,20
328,12,False,True,True,midpoint_with_inhaler,0.30156584492225985,0.09819012452940576,17,21
328,12,False,True,True,upper_bound,0.30156584492225985,0.11284318271571442,17,22
328,12,False,True,True,upper_bound_with_inhaler,0.30156584492225985,0.11284318271571442,17,23
328,12,True,False,False,one_hot,0.5418846257365839,0.541884625736584,17,24
328,12,True,False,False,lower_bound,0.47667345370639874,0.1269107433515565,17,25
328,12,True,False,False,midpoint,0.47667345370639874,0.15852100678666328,17,26
328,12,True,False,False,midpoint_with_inhaler,0.47667345370639874,0.15852100678666328,17,27
328,12,True,False,False,upper_bound,0.47667345370639874,0.17768131625347286,17,28
328,12,True,False,False,upper_bound_with_inhaler,0.47667345370639874,0.17768131625347286,17,29
328,12,True,False,True,one_hot,0.5418846257365839,0.541884625736584,17,30
328,12,True,False,True,lower_bound,0.47667345370639874,0.1269107433515565,17,31
328,12,True,False,True,midpoint,0.47667345370639874,0.15852100678666328,17,32
328,12,True,False,True,midpoint_with_inhaler,0.47667345370639874,0.15852100678666328,17,33
328,12,True,False,True,upper_bound,0.47667345370639874,0.17768131625347286,17,34
328,12,True,False,True,upper_bound_with_inhaler,0.47667345370639874,0.17768131625347286,17,35
328,24,False,False,False,one_hot,0.3589231765582063,0.3589231765582063,17,36
328,24,False,False,False,lower_bound,0.30156584492225985,0.07390537518759716,17,37
328,24,False,False,False,midpoint,0.30156584492225985,0.09819012452940575,17,38
328,24,False,False,False,midpoint_with_inhaler,0.30156584492225985,0.09819012452940575,17,39
328,24,False,False,False,upper_bound,0.30156584492225985,0.11284318271571442,17,40
328,24,False,False,False,upper_bound_with_inhaler,0.30156584492225985,0.11284318271571442,17,41
328,24,False,False,True,one_hot,0.3589231765582063,0.3589231765582063,17,42
328,24,False,False,True,lower_bound,0.30156584492225985,0.07390537518759716,17,43
328,24,False,False,True,midpoint,0.30156584492225985,0.09819012452940575,17,44
328,24,False,False,True,midpoint_with_inhaler,0.30156584492225985,0.09819012452940575,17,45
328,24,False,False,True,upper_bound,0.30156584492225985,0.11284318271571442,17,46
328,24,False,False,True,upper_bound_with_inhaler,0.30156584492225985,0.11284318271571442,17,47
328,24,False,True,False,one_hot,0.11284318271571431,0.1128431827157144,17,48
328,24,False,True,False,lower_bound,0.11284318271571431,0.1128431827157144,17,49
328,24,False,True,False,midpoint,0.11284318271571431,0.11284318271571431,17,50
328,24,False,True,False,midpoint_with_inhaler,0.11284318271571431,0.11284318271571431,17,51
328,24,False,True,False,upper_bound,0.11284318271571431,0.1128431827157144,17,52
328,24,False,True,False,upper_bound_with_inhaler,0.11284318271571431,0.1128431827157144,17,53
328,24,False,True,True,one_hot,0.11284318271571431,0.1128431827157144,17,54
328,24,False,True,True,lower_bound,0.11284318271571431,0.1128431827157144,17,55
328,24,False,True,True,midpoint,0.11284318271571431,0.11284318271571431,17,56
328,24,False,True,True,midpoint_with_inhaler,0.11284318271571431,0.11284318271571431,17,57
328,24,False,True,True,upper_bound,0.11284318271571431,0.1128431827157144,17,58
328,24,False,True,True,upper_bound_with_inhaler,0.11284318271571431,0.1128431827157144,17,59
328,24,True,False,False,one_hot,0.3589231765582063,0.3589231765582063,17,60
328,24,True,False,False,lower_bound,0.30156584492225985,0.07390537518759716,17,61
328,24,True,False,False,midpoint,0.30156584492225985,0.09819012452940575,17,62
328,24,True,False,False,midpoint_with_inhaler,0.30156584492225985,0.09819012452940575,17,63
328,24,True,False,False,upper_bound,0.30156584492225985,0.11284318271571442,17,64
328,24,True,False,False,upper_bound_with_inhaler,0.30156584492225985,0.11284318271571442,17,65
328,24,True,False,True,one_hot,0.3589231765582063,0.3589231765582063,17,66
328,24,True,False,True,lower_bound,0.30156584492225985,0.07390537518759716,17,67
328,24,True,False,True,midpoint,0.30156584492225985,0.09819012452940575,17,68
328,24,True,False,True,midpoint_with_inhaler,0.30156584492225985,0.09819012452940575,17,69
328,24,True,False,True,upper_bound,0.30156584492225985,0.11284318271571442,17,70
328,24,True,False,True,upper_bound_with_inhaler,0.30156584492225985,0.11284318271571442,17,71
328,36,False,False,False,one_hot,0.17066884146429792,0.17066884146429792,17,72
328,36,False,False,False,lower_bound,0.10093485547943641,-0.020351732571978646,17,73
328,36,False,False,False,midpoint,0.10093485547943641,-0.007860543813804584,17,74
328,36,False,False,False,midpoint_with_inhaler,0.10093485547943641,-0.007860543813804584,17,75
328,36,False,False,False,upper_bound,0.10093485547943641,6.938893903907228e-18,17,76
328,36,False,False,False,upper_bound_with_inhaler,0.10093485547943641,6.938893903907228e-18,17,77
328,36,False,False,True,one_hot,0.17066884146429792,0.17066884146429792,17,78
328,36,False,False,True,lower_bound,0.10093485547943641,-0.020351732571978646,17,79
328,36,False,False,True,midpoint,0.10093485547943641,-0.007860543813804584,17,80
328,36,False,False,True,midpoint_with_inhaler,0.10093485547943641,-0.007860543813804584,17,81
328,36,False,False,True,upper_bound,0.10093485547943641,6.938893903907228e-18,17,82
328,36,False,False,True,upper_bound_with_inhaler,0.10093485547943641,6.938893903907228e-18,17,83
328,36,True,False,False,one_hot,-0.06555913024741908,-0.06555913024741908,17,84
328,36,True,False,False,lower_bound,-0.06555913024741908,-0.06555913024741908,17,85
328,36,True,False,False,midpoint,-0.06555913024741908,-0.06555913024741908,17,86
328,36,True,False,False,midpoint_with_inhaler,-0.06555913024741908,-0.06555913024741908,17,87
328,36,True,False,False,upper_bound,-0.06555913024741908,-0.06555913024741908,17,88
328,36,True,False,False,upper_bound_with_inhaler,-0.06555913024741908,-0.06555913024741908,17,89
328,36,True,False,True,one_hot,-0.06555913024741908,-0.06555913024741908,17,90
328,36,True,False,True,lower_bound,-0.06555913024741908,-0.06555913024741908,17,91
328,36,True,False,True,midpoint,-0.06555913024741908,-0.06555913024741908,17,92
328,36,True,False,True,midpoint_with_inhaler,-0.06555913024741908,-0.06555913024741908,17,93
328,36,True,False,True,upper_bound,-0.06555913024741908,-0.06555913024741908,17,94
328,36,True,False,True,upper_bound_with_inhaler,-0.06555913024741908,-0.06555913024741908,17,95
328,48,False,False,False,one_hot,0.2053880046330666,0.20538800463306664,17,96
328,48,False,False,False,lower_bound,0.1409816090245673,0.0,17,97
328,48,False,False,False,midpoint,0.1409816090245673,0.015202496684727042,17,98
328,48,False,False,False,midpoint_with_inhaler,0.1409816090245673,0.015202496684727042,17,99
328,48,False,False,False,upper_bound,0.1409816090245673,0.024623273398731525,17,100
328,48,False,False,False,upper_bound_with_inhaler,0.1409816090245673,0.024623273398731525,17,101
328,48,False,False,True,one_hot,0.2053880046330666,0.20538800463306664,17,102
328,48,False,False,True,lower_bound,0.1409816090245673,0.0,17,103
328,48,False,False,True,midpoint,0.1409816090245673,0.015202496684727042,17,104
328,48,False,False,True,midpoint_with_inhaler,0.1409816090245673,0.015202496684727042,17,105
328,48,False,False,True,upper_bound,0.1409816090245673,0.024623273398731525,17,106
328,48,False,False,True,upper_bound_with_inhaler,0.1409816090245673,0.024623273398731525,17,107
328,48,False,True,False,one_hot,0.1665136672773379,0.1665136672773379,17,108
328,48,False,True,False,lower_bound,0.1665136672773379,0.1665136672773379,17,109
328,48,False,True,False,midpoint,0.1665136672773379,0.16651366727733788,17,110
328,48,False,True,False,midpoint_with_inhaler,0.1665136672773379,0.16651366727733788,17,111
328,48,False,True,False,upper_bound,0.1665136672773379,0.1665136672773379,17,112
328,48,False,True,False,upper_bound_with_inhaler,0.1665136672773379,0.1665136672773379,17,113
328,48,False,True,True,one_hot,0.1665136672773379,0.1665136672773379,17,114
328,48,False,True,True,lower_bound,0.1665136672773379,0.1665136672773379,17,115
328,48,False,True,True,midpoint,0.1665136672773379,0.16651366727733788,17,116
328,48,False,True,True,midpoint_with_inhaler,0.1665136672773379,0.16651366727733788,17,117
328,48,False,True,True,upper_bound,0.1665136672773379,0.1665136672773379,17,118
328,48,False,True,True,upper_bound_with_inhaler,0.1665136672773379,0.1665136672773379,17,119
328,48,True,False,False,one_hot,-0.06555913024741905,-0.06555913024741908,17,120
328,48,True,False,False,lower_bound,-0.06555913024741905,-0.06555913024741908,17,121
328,48,True,False,False,midpoint,-0.06555913024741905,-0.06555913024741904,17,122
328,48,True,False,False,midpoint_with_inhaler,-0.06555913024741905,-0.06555913024741904,17,123
328,48,True,False,False,upper_bound,-0.06555913024741905,-0.06555913024741908,17,124
328,48,True,False,False,upper_bound_with_inhaler,-0.06555913024741905,-0.06555913024741908,17,125
328,48,True,False,True,one_hot,-0.06555913024741905,-0.06555913024741908,17,126
328,48,True,False,True,lower_bound,-0.06555913024741905,-0.06555913024741908,17,127
328,48,True,False,True,midpoint,-0.06555913024741905,-0.06555913024741904,17,128
328,48,True,False,True,midpoint_with_inhaler,-0.06555913024741905,-0.06555913024741904,17,129
328,48,True,False,True,upper_bound,-0.06555913024741905,-0.06555913024741908,17,130
328,48,True,False,True,upper_bound_with_inhaler,-0.06555913024741905,-0.06555913024741908,17,131
343,12,False,False,False,one_hot,0.3858002922990556,0.3858002922990556,93,0
343,12,False,False,False,lower_bound,0.3858002922990556,0.3858002922990556,93,1
343,12,False,False,False,midpoint,0.3858002922990556,0.3858002922990556,93,2
343,12,False,False,False,midpoint_with_inhaler,0.3858002922990556,0.3858002922990556,93,3
343,12,False,False,False,upper_bound,0.3858002922990556,0.3858002922990556,93,4
343,12,False,False,False,upper_bound_with_inhaler,0.3858002922990556,0.3858002922990556,93,5
343,12,False,False,True,one_hot,0.3858002922990556,0.3858002922990556,93,6
343,12,False,False,True,lower_bound,0.3858002922990556,0.3858002922990556,93,7
343,12,False,False,True,midpoint,0.3858002922990556,0.3858002922990556,93,8
343,12,False,False,True,midpoint_with_inhaler,0.3858002922990556,0.3858002922990556,93,9
343,12,False,False,True,upper_bound,0.3858002922990556,0.3858002922990556,93,10
343,12,False,False,True,upper_bound_with_inhaler,0.3858002922990556,0.3858002922990556,93,11
343,12,False,True,False,one_hot,0.4453238158775562,0.4453238158775562,93,12
343,12,False,True,False,lower_bound,0.4453238158775562,0.4453238158775562,93,13
343,12,False,True,False,midpoint,0.4453238158775562,0.4453238158775562,93,14
343,12,False,True,False,midpoint_with_inhaler,0.4453238158775562,0.4453238158775562,93,15
343,12,False,True,False,upper_bound,0.4453238158775562,0.4453238158775562,93,16
343,12,False,True,False,upper_bound_with_inhaler,0.4453238158775562,0.4453238158775562,93,17
343,12,False,True,True,one_hot,0.4453238158775562,0.4453238158775562,93,18
343,12,False,True,True,lower_bound,0.4453238158775562,0.4453238158775562,93,19
343,12,False,True,True,midpoint,0.4453238158775562,0.4453238158775562,93,20
343,12,False,True,True,midpoint_with_inhaler,0.4453238158775562,0.4453238158775562,93,21
343,12,False,True,True,upper_bound,0.4453238158775562,0.4453238158775562,93,22
343,12,False,True,True,upper_bound_with_inhaler,0.4453238158775562,0.4453238158775562,93,23
343,12,True,False,False,one_hot,0.4453238158775562,0.44532381587755615,93,24
343,12,True,False,False,lower_bound,0.4453238158775562,0.44532381587755615,93,25
343,12,True,False,False,midpoint,0.4453238158775562,0.44532381587755615,93,26
343,12,True,False,False,midpoint_with_inhaler,0.4453238158775562,0.44532381587755615,93,27
343,12,True,False,False,upper_bound,0.4453238158775562,0.44532381587755615,93,28
343,12,True,False,False,upper_bound_with_inhaler,0.4453238158775562,0.44532381587755615,93,29
343,12,True,False,True,one_hot,0.4453238158775562,0.44532381587755615,93,30
343,12,True,False,True,lower_bound,0.4453238158775562,0.44532381587755615,93,31
343,12,True,False,True,midpoint,0.4453238158775562,0.44532381587755615,93,32
343,12,True,False,True,midpoint_with_inhaler,0.4453238158775562,0.44532381587755615,93,33
343,12,True,False,True,upper_bound,0.4453238158775562,0.44532381587755615,93,34
343,12,True,False,True,upper_bound_with_inhaler,0.4453238158775562,0.44532381587755615,93,35
343,24,False,False,False,one_hot,0.3081580121152981,0.3081580121152981,93,36
343,24,False,False,False,lower_bound,0.3104610656361786,0.28857853175317405,93,37
343,24,False,False,False,midpoint,0.3104610656361786,0.3017209667360829,93,38
343,24,False,False,False,midpoint_with_inhaler,0.3104610656361786,0.3017209667360829,93,39
343,24,False,False,False,upper_bound,0.3104610656361786,0.30662287421343487,93,40
343,24,False,False,False,upper_bound_with_inhaler,0.3104610656361786,0.30662287421343487,93,41
343,24,False,False,True,one_hot,0.3081580121152981,0.3081580121152981,93,42
343,24,False,False,True,lower_bound,0.3104610656361786,0.28857853175317405,93,43
343,24,False,False,True,midpoint,0.3104610656361786,0.3017209667360829,93,44
343,24,False,False,True,midpoint_with_inhaler,0.3104610656361786,0.3017209667360829,93,45
343,24,False,False,True,upper_bound,0.3104610656361786,0.30662287421343487,93,46
343,24,False,False,True,upper_bound_with_inhaler,0.3104610656361786,0.30662287421343487,93,47
343,24,False,True,False,one_hot,0.09009575310528312,0.09009575310528316,93,48
343,24,False,True,False,lower_bound,0.09009575310528312,0.09009575310528316,93,49
343,24,False,True,False,midpoint,0.09009575310528312,0.09009575310528313,93,50
343,24,False,True,False,midpoint_with_inhaler,0.09009575310528312,0.09009575310528313,93,51
343,24,False,True,False,upper_bound,0.09009575310528312,0.09009575310528316,93,52
343,24,False,True,False,upper_bound_with_inhaler,0.09009575310528312,0.09009575310528316,93,53
343,24,False,True,True,one_hot,0.09009575310528312,0.09009575310528316,93,54
343,24,False,True,True,lower_bound,0.09009575310528312,0.09009575310528316,93,55
343,24,False,True,True,midpoint,0.09009575310528312,0.09009575310528313,93,56
343,24,False,True,True,midpoint_with_inhaler,0.09009575310528312,0.09009575310528313,93,57
343,24,False,True,True,upper_bound,0.09009575310528312,0.09009575310528316,93,58
343,24,False,True,True,upper_bound_with_inhaler,0.09009575310528312,0.09009575310528316,93,59
343,24,True,False,False,one_hot,0.3081580121152981,0.3081580121152981,93,60
343,24,True,False,False,lower_bound,0.3104610656361786,0.28857853175317405,93,61
343,24,True,False,False,midpoint,0.3104610656361786,0.3017209667360829,93,62
343,24,True,False,False,midpoint_with_inhaler,0.3104610656361786,0.3017209667360829,93,63
343,24,True,False,False,upper_bound,0.3104610656361786,0.30662287421343487,93,64
343,24,True,False,False,upper_bound_with_inhaler,0.3104610656361786,0.30662287421343487,93,65
343,24,True,False,True,one_hot,0.3081580121152981,0.3081580121152981,93,66
343,24,True,False,True,lower_bound,0.3104610656361786,0.28857853175317405,93,67
343,24,True,False,True,midpoint,0.3104610656361786,0.3017209667360829,93,68
343,24,True,False,True,midpoint_with_inhaler,0.3104610656361786,0.3017209667360829,93,69
343,24,True,False,True,upper_bound,0.3104610656361786,0.30662287421343487,93,70
343,24,True,False,True,upper_bound_with_inhaler,0.3104610656361786,0.30662287421343487,93,71
343,36,False,False,False,one_hot,0.3349416498659338,0.3349416498659338,93,72
343,36,False,False,False,lower_bound,0.3473580599738482,0.37050135093786973,93,73
343,36,False,False,False,midpoint,0.3473580599738482,0.36552629327919994,93,74
343,36,False,False,False,midpoint_with_inhaler,0.3473580599738482,0.36552629327919994,93,75
343,36,False,False,False,upper_bound,0.3473580599738482,0.36066174702209336,93,76
343,36,False,False,False,upper_bound_with_inhaler,0.3473580599738482,0.36066174702209336,93,77
343,36,False,False,True,one_hot,0.3349416498659338,0.3349416498659338,93,78
343,36,False,False,True,lower_bound,0.3473580599738482,0.37050135093786973,93,79
343,36,False,False,True,midpoint,0.3473580599738482,0.36552629327919994,93,80
343,36,False,False,True,midpoint_with_inhaler,0.3473580599738482,0.36552629327919994,93,81
343,36,False,False,True,upper_bound,0.3473580599738482,0.36066174702209336,93,82
343,36,False,False,True,upper_bound_with_inhaler,0.3473580599738482,0.36066174702209336,93,83
343,36,True,False,False,one_hot,0.2372748058037183,0.23727480580371826,93,84
343,36,True,False,False,lower_bound,0.2372748058037183,0.23727480580371826,93,85
343,36,True,False,False,midpoint,0.2372748058037183,0.23727480580371826,93,86
343,36,True,False,False,midpoint_with_inhaler,0.2372748058037183,0.23727480580371826,93,87
343,36,True,False,False,upper_bound,0.2372748058037183,0.23727480580371826,93,88
343,36,True,False,False,upper_bound_with_inhaler,0.2372748058037183,0.23727480580371826,93,89
343,36,True,False,True,one_hot,0.2372748058037183,0.23727480580371826,93,90
343,36,True,False,True,lower_bound,0.2372748058037183,0.23727480580371826,93,91
343,36,True,False,True,midpoint,0.2372748058037183,0.23727480580371826,93,92
343,36,True,False,True,midpoint_with_inhaler,0.2372748058037183,0.23727480580371826,93,93
343,36,True,False,True,upper_bound,0.2372748058037183,0.23727480580371826,93,94
343,36,True,False,True,upper_bound_with_inhaler,0.2372748058037183,0.23727480580371826,93,95
343,48,False,False,False,one_hot,0.31147555724711823,0.31147555724711845,93,96
343,48,False,False,False,lower_bound,0.31630539485035825,0.2990720445622148,93,97
343,48,False,False,False,midpoint,0.31630539485035825,0.3108265936730906,93,98
343,48,False,False,False,midpoint_with_inhaler,0.31630539485035825,0.3108265936730906,93,99
343,48,False,False,False,upper_bound,0.31630539485035825,0.3146054940821108,93,100
343,48,False,False,False,upper_bound_with_inhaler,0.31630539485035825,0.3146054940821108,93,101
343,48,False,False,True,one_hot,0.31147555724711823,0.31147555724711845,93,102
343,48,False,False,True,lower_bound,0.31630539485035825,0.2990720445622148,93,103
343,48,False,False,True,midpoint,0.31630539485035825,0.3108265936730906,93,104
343,48,False,False,True,midpoint_with_inhaler,0.31630539485035825,0.3108265936730906,93,105
343,48,False,False,True,upper_bound,0.31630539485035825,0.3146054940821108,93,106
343,48,False,False,True,upper_bound_with_inhaler,0.31630539485035825,0.3146054940821108,93,107
343,48,False,True,False,one_hot,0.09015113628948045,0.09015113628948047,93,108
343,48,False,True,False,lower_bound,0.09015113628948045,0.09015113628948047,93,109
343,48,False,True,False,midpoint,0.09015113628948045,0.09015113628948052,93,110
343,48,False,True,False,midpoint_with_inhaler,0.09015113628948045,0.09015113628948052,93,111
343,48,False,True,False,upper_bound,0.09015113628948045,0.09015113628948047,93,112
343,48,False,True,False,upper_bound_with_inhaler,0.09015113628948045,0.09015113628948047,93,113
343,48,False,True,True,one_hot,0.09015113628948045,0.09015113628948047,93,114
343,48,False,True,True,lower_bound,0.09015113628948045,0.09015113628948047,93,115
343,48,False,True,True,midpoint,0.09015113628948045,0.09015113628948052,93,116
343,48,False,True,True,midpoint_with_inhaler,0.09015113628948045,0.09015113628948052,93,117
343,48,False,True,True,upper_bound,0.09015113628948045,0.09015113628948047,93,118
343,48,False,True,True,upper_bound_with_inhaler,0.09015113628948045,0.09015113628948047,93,119
343,48,True,False,False,one_hot,-0.008487384429054928,-0.008487384429054909,93,120
343,48,True,False,False,lower_bound,-0.012100884300145213,-0.030103203343532496,93,121
343,48,True,False,False,midpoint,-0.012100884300145213,-0.02402111109688828,93,122
343,48,True,False,False,midpoint_with_inhaler,-0.012100884300145213,-0.02402111109688828,93,123
343,48,True,False,False,upper_bound,-0.012100884300145213,-0.020535745936746886,93,124
343,48,True,False,False,upper_bound_with_inhaler,-0.012100884300145213,-0.020535745936746886,93,125
343,48,True,False,True,one_hot,-0.008487384429054928,-0.008487384429054909,93,126
343,48,True,False,True,lower_bound,-0.012100884300145213,-0.030103203343532496,93,127
343,48,True,False,True,midpoint,-0.012100884300145213,-0.02402111109688828,93,128
343,48,True,False,True,midpoint_with_inhaler,-0.012100884300145213,-0.02402111109688828,93,129
343,48,True,False,True,upper_bound,-0.012100884300145213,-0.020535745936746886,93,130
343,48,True,False,True,upper_bound_with_inhaler,-0.012100884300145213,-0.020535745936746886,93,131
398,12,False,False,False,one_hot,0.42933080951875935,0.4293308095187595,25,0
398,12,False,False,False,lower_bound,0.42933080951875935,0.4293308095187595,25,1
398,12,False,False,False,midpoint,0.42933080951875935,0.4293308095187595,25,2
398,12,False,False,False,midpoint_with_inhaler,0.42933080951875935,0.4293308095187595,25,3
398,12,False,False,False,upper_bound,0.42933080951875935,0.4293308095187595,25,4
398,12,False,False,False,upper_bound_with_inhaler,0.42933080951875935,0.4293308095187595,25,5
398,12,False,False,True,one_hot,0.42933080951875935,0.4293308095187595,25,6
398,12,False,False,True,lower_bound,0.42933080951875935,0.4293308095187595,25,7
398,12,False,False,True,midpoint,0.42933080951875935,0.4293308095187595,25,8
398,12,False,False,True,midpoint_with_inhaler,0.42933080951875935,0.4293308095187595,25,9
398,12,False,False,True,upper_bound,0.42933080951875935,0.4293308095187595,25,10
398,12,False,False,True,upper_bound_with_inhaler,0.42933080951875935,0.4293308095187595,25,11
398,12,False,True,False,one_hot,0.05460869091102008,0.05460869091102008,25,12
398,12,False,True,False,lower_bound,0.05460869091102008,0.05460869091102008,25,13
398,12,False,True,False,midpoint,0.05460869091102008,0.05460869091102007,25,14
398,12,False,True,False,midpoint_with_inhaler,0.05460869091102008,0.05460869091102007,25,15
398,12,False,True,False,upper_bound,0.05460869091102008,0.05460869091102008,25,16
398,12,False,True,False,upper_bound_with_inhaler,0.05460869091102008,0.05460869091102008,25,17
398,12,False,True,True,one_hot,0.05460869091102008,0.05460869091102008,25,18
398,12,False,True,True,lower_bound,0.05460869091102008,0.05460869091102008,25,19
398,12,False,True,True,midpoint,0.05460869091102008,0.05460869091102007,25,20
398,12,False,True,True,midpoint_with_inhaler,0.05460869091102008,0.05460869091102007,25,21
398,12,False,True,True,upper_bound,0.05460869091102008,0.05460869091102008,25,22
398,12,False,True,True,upper_bound_with_inhaler,0.05460869091102008,0.05460869091102008,25,23
398,12,True,False,False,one_hot,0.4264003414857713,0.4264003414857713,25,24
398,12,True,False,False,lower_bound,0.4264003414857713,0.4264003414857713,25,25
398,12,True,False,False,midpoint,0.4264003414857713,0.42640034148577116,25,26
398,12,True,False,False,midpoint_with_inhaler,0.4264003414857713,0.42640034148577116,25,27
398,12,True,False,False,upper_bound,0.4264003414857713,0.4264003414857713,25,28
398,12,True,False,False,upper_bound_with_inhaler,0.4264003414857713,0.4264003414857713,25,29
398,12,True,False,True,one_hot,0.4264003414857713,0.4264003414857713,25,30
398,12,True,False,True,lower_bound,0.4264003414857713,0.4264003414857713,25,31
398,12,True,False,True,midpoint,0.4264003414857713,0.42640034148577116,25,32
398,12,True,False,True,midpoint_with_inhaler,0.4264003414857713,0.42640034148577116,25,33
398,12,True,False,True,upper_bound,0.4264003414857713,0.4264003414857713,25,34
398,12,True,False,True,upper_bound_with_inhaler,0.4264003414857713,0.4264003414857713,25,35
398,24,False,False,False,one_hot,0.8719844026958534,0.8719844026958536,25,36
398,24,False,False,False,lower_bound,0.8719844026958534,0.8719844026958536,25,37
398,24,False,False,False,midpoint,0.8719844026958534,0.8719844026958536,25,38
398,24,False,False,False,midpoint_with_inhaler,0.8719844026958534,0.8719844026958536,25,39
398,24,False,False,False,upper_bound,0.8719844026958534,0.8719844026958536,25,40
398,24,False,False,False,upper_bound_with_inhaler,0.8719844026958534,0.8719844026958536,25,41
398,24,False,False,True,one_hot,0.8719844026958534,0.8719844026958536,25,42
398,24,False,False,True,lower_bound,0.8719844026958534,0.8719844026958536,25,43
398,24,False,False,True,midpoint,0.8719844026958534,0.8719844026958536,25,44
398,24,False,False,True,midpoint_with_inhaler,0.8719844026958534,0.8719844026958536,25,45
398,24,False,False,True,upper_bound,0.8719844026958534,0.8719844026958536,25,46
398,24,False,False,True,upper_bound_with_inhaler,0.8719844026958534,0.8719844026958536,25,47
398,24,False,True,False,one_hot,0.8719844026958534,0.8719844026958534,25,48
398,24,False,True,False,lower_bound,0.8719844026958534,0.8719844026958534,25,49
398,24,False,True,False,midpoint,0.8719844026958534,0.8719844026958534,25,50
398,24,False,True,False,midpoint_with_inhaler,0.8719844026958534,0.8719844026958534,25,51
398,24,False,True,False,upper_bound,0.8719844026958534,0.8719844026958534,25,52
398,24,False,True,False,upper_bound_with_inhaler,0.8719844026958534,0.8719844026958534,25,53
398,24,False,True,True,one_hot,0.8719844026958534,0.8719844026958534,25,54
398,24,False,True,True,lower_bound,0.8719844026958534,0.8719844026958534,25,55
398,24,False,True,True,midpoint,0.8719844026958534,0.8719844026958534,25,56
398,24,False,True,True,midpoint_with_inhaler,0.8719844026958534,0.8719844026958534,25,57
398,24,False,True,True,upper_bound,0.8719844026958534,0.8719844026958534,25,58
398,24,False,True,True,upper_bound_with_inhaler,0.8719844026958534,0.8719844026958534,25,59
398,24,True,False,False,one_hot,0.8719844026958534,0.8719844026958536,25,60
398,24,True,False,False,lower_bound,0.8719844026958534,0.8719844026958536,25,61
398,24,True,False,False,midpoint,0.8719844026958534,0.8719844026958536,25,62
398,24,True,False,False,midpoint_with_inhaler,0.8719844026958534,0.8719844026958536,25,63
398,24,True,False,False,upper_bound,0.8719844026958534,0.8719844026958536,25,64
398,24,True,False,False,upper_bound_with_inhaler,0.8719844026958534,0.8719844026958536,25,65
398,24,True,False,True,one_hot,0.8719844026958534,0.8719844026958536,25,66
398,24,True,False,True,lower_bound,0.8719844026958534,0.8719844026958536,25,67
398,24,True,False,True,midpoint,0.8719844026958534,0.8719844026958536,25,68
398,24,True,False,True,midpoint_with_inhaler,0.8719844026958534,0.8719844026958536,25,69
398,24,True,False,True,upper_bound,0.8719844026958534,0.8719844026958536,25,70
398,24,True,False,True,upper_bound_with_inhaler,0.8719844026958534,0.8719844026958536,25,71
398,36,False,False,False,one_hot,0.5964553654965247,0.5964553654965243,25,72
398,36,False,False,False,lower_bound,0.5964553654965247,0.5964553654965243,25,73
398,36,False,False,False,midpoint,0.5964553654965247,0.5964553654965247,25,74
398,36,False,False,False,midpoint_with_inhaler,0.5964553654965247,0.5964553654965247,25,75
398,36,False,False,False,upper_bound,0.5964553654965247,0.5964553654965243,25,76
398,36,False,False,False,upper_bound_with_inhaler,0.5964553654965247,0.5964553654965243,25,77
398,36,False,False,True,one_hot,0.5964553654965247,0.5964553654965243,25,78
398,36,False,False,True,lower_bound,0.5964553654965247,0.5964553654965243,25,79
398,36,False,False,True,midpoint,0.5964553654965247,0.5964553654965247,25,80
398,36,False,False,True,midpoint_with_inhaler,0.5964553654965247,0.5964553654965247,25,81
398,36,False,False,True,upper_bound,0.5964553654965247,0.5964553654965243,25,82
398,36,False,False,True,upper_bound_with_inhaler,0.5964553654965247,0.5964553654965243,25,83
398,36,True,False,False,one_hot,0.3398313641010904,0.3398313641010904,25,84
398,36,True,False,False,lower_bound,0.3398313641010904,0.3398313641010904,25,85
398,36,True,False,False,midpoint,0.3398313641010904,0.3398313641010904,25,86
398,36,True,False,False,midpoint_with_inhaler,0.3398313641010904,0.3398313641010904,25,87
398,36,True,False,False,upper_bound,0.3398313641010904,0.3398313641010904,25,88
398,36,True,False,False,upper_bound_with_inhaler,0.3398313641010904,0.3398313641010904,25,89
398,36,True,False,True,one_hot,0.3398313641010904,0.3398313641010904,25,90
398,36,True,False,True,lower_bound,0.3398313641010904,0.3398313641010904,25,91
398,36,True,False,True,midpoint,0.3398313641010904,0.3398313641010904,25,92
398,36,True,False,True,midpoint_with_inhaler,0.3398313641010904,0.3398313641010904,25,93
398,36,True,False,True,upper_bound,0.3398313641010904,0.3398313641010904,25,94
398,36,True,False,True,upper_bound_with_inhaler,0.3398313641010904,0.3398313641010904,25,95
398,48,False,False,False,one_hot,0.5391786241303731,0.539178624130373,25,96
398,48,False,False,False,lower_bound,0.5391786241303731,0.539178624130373,25,97
398,48,False,False,False,midpoint,0.5391786241303731,0.5391786241303731,25,98
398,48,False,False,False,midpoint_with_inhaler,0.5391786241303731,0.5391786241303731,25,99
398,48,False,False,False,upper_bound,0.5391786241303731,0.539178624130373,25,100
398,48,False,False,False,upper_bound_with_inhaler,0.5391786241303731,0.539178624130373,25,101
398,48,False,False,True,one_hot,0.5391786241303731,0.539178624130373,25,102
398,48,False,False,True,lower_bound,0.5391786241303731,0.539178624130373,25,103
398,48,False,False,True,midpoint,0.5391786241303731,0.5391786241303731,25,104
398,48,False,False,True,midpoint_with_inhaler,0.5391786241303731,0.5391786241303731,25,105
398,48,False,False,True,upper_bound,0.5391786241303731,0.539178624130373,25,106
398,48,False,False,True,upper_bound_with_inhaler,0.5391786241303731,0.539178624130373,25,107
398,48,False,True,False,one_hot,0.27222470796464765,0.2722247079646477,25,108
398,48,False,True,False,lower_bound,0.27222470796464765,0.2722247079646477,25,109
398,48,False,True,False,midpoint,0.27222470796464765,0.2722247079646477,25,110
398,48,False,True,False,midpoint_with_inhaler,0.27222470796464765,0.2722247079646477,25,111
398,48,False,True,False,upper_bound,0.27222470796464765,0.2722247079646477,25,112
398,48,False,True,False,upper_bound_with_inhaler,0.27222470796464765,0.2722247079646477,25,113
398,48,False,True,True,one_hot,0.27222470796464765,0.2722247079646477,25,114
398,48,False,True,True,lower_bound,0.27222470796464765,0.2722247079646477,25,115
398,48,False,True,True,midpoint,0.27222470796464765,0.2722247079646477,25,116
398,48,False,True,True,midpoint_with_inhaler,0.27222470796464765,0.2722247079646477,25,117
398,48,False,True,True,upper_bound,0.27222470796464765,0.2722247079646477,25,118
398,48,False,True,True,upper_bound_with_inhaler,0.27222470796464765,0.2722247079646477,25,119
398,48,True,False,False,one_hot,0.10755568980847277,0.10755568980847278,25,120
398,48,True,False,False,lower_bound,0.10755568980847277,0.10755568980847278,25,121
398,48,True,False,False,midpoint,0.10755568980847277,0.10755568980847278,25,122
398,48,True,False,False,midpoint_with_inhaler,0.10755568980847277,0.10755568980847278,25,123
398,48,True,False,False,upper_bound,0.10755568980847277,0.10755568980847278,25,124
398,48,True,False,False,upper_bound_with_inhaler,0.10755568980847277,0.10755568980847278,25,125
398,48,True,False,True,one_hot,0.10755568980847277,0.10755568980847278,25,126
398,48,True,False,True,lower_bound,0.10755568980847277,0.10755568980847278,25,127
398,48,True,False,True,midpoint,0.10755568980847277,0.10755568980847278,25,128
398,48,True,False,True,midpoint_with_inhaler,0.10755568980847277,0.10755568980847278,25,129
398,48,True,False,True,upper_bound,0.10755568980847277,0.10755568980847278,25,130
398,48,True,False,True,upper_bound_with_inhaler,0.10755568980847277,0.10755568980847278,25,131
447,12,False,False,False,one_hot,0.12267711638509117,0.12267711638509117,89,0
447,12,False,False,False,lower_bound,0.04521661454852975,0.12488841228226426,89,1
447,12,False,False,False,midpoint,0.04521661454852975,0.10035075812441314,89,2
447,12,False,False,False,midpoint_with_inhaler,0.04521661454852975,0.10035075812441314,89,3
447,12,False,False,False,upper_bound,0.04521661454852975,0.08360217515281744,89,4
447,12,False,False,False,upper_bound_with_inhaler,0.04521661454852975,0.08360217515281744,89,5
447,12,False,False,True,one_hot,0.12267711638509117,0.12267711638509117,89,6
447,12,False,False,True,lower_bound,0.04521661454852975,0.12488841228226426,89,7
447,12,False,False,True,midpoint,0.04521661454852975,0.10035075812441314,89,8
447,12,False,False,True,midpoint_with_inhaler,0.04521661454852975,0.10035075812441314,89,9
447,12,False,False,True,upper_bound,0.04521661454852975,0.08360217515281744,89,10
447,12,False,False,True,upper_bound_with_inhaler,0.04521661454852975,0.08360217515281744,89,11
447,12,False,True,False,one_hot,0.08386377902434157,0.08386377902434158,89,12
447,12,False,True,False,lower_bound,-0.17634367082114547,-0.15667212201064426,89,13
447,12,False,True,False,midpoint,-0.17634367082114547,-0.14949981854306116,89,14
447,12,False,True,False,midpoint_with_inhaler,-0.17634367082114547,-0.14949981854306116,89,15
447,12,False,True,False,upper_bound,-0.17634367082114547,-0.14111429953283178,89,16
447,12,False,True,False,upper_bound_with_inhaler,-0.17634367082114547,-0.14111429953283178,89,17
447,12,False,True,True,one_hot,0.08386377902434157,0.08386377902434158,89,18
447,12,False,True,True,lower_bound,-0.17634367082114547,-0.15667212201064426,89,19
447,12,False,True,True,midpoint,-0.17634367082114547,-0.14949981854306116,89,20
447,12,False,True,True,midpoint_with_inhaler,-0.17634367082114547,-0.14949981854306116,89,21
447,12,False,True,True,upper_bound,-0.17634367082114547,-0.14111429953283178,89,22
447,12,False,True,True,upper_bound_with_inhaler,-0.17634367082114547,-0.14111429953283178,89,23
447,12,True,False,False,one_hot,-0.08974517315044511,-0.08974517315044513,89,24
447,12,True,False,False,lower_bound,-0.052829555193749024,0.02453511719772523,89,25
447,12,True,False,False,midpoint,-0.052829555193749024,0.014913890201174547,89,26
447,12,True,False,False,midpoint_with_inhaler,-0.052829555193749024,0.014913890201174547,89,27
447,12,True,False,False,upper_bound,-0.052829555193749024,0.008842814061939626,89,28
447,12,True,False,False,upper_bound_with_inhaler,-0.052829555193749024,0.008842814061939626,89,29
447,12,True,False,True,one_hot,-0.08974517315044511,-0.08974517315044513,89,30
447,12,True,False,True,lower_bound,-0.052829555193749024,0.02453511719772523,89,31
447,12,True,False,True,midpoint,-0.052829555193749024,0.014913890201174547,89,32
447,12,True,False,True,midpoint_with_inhaler,-0.052829555193749024,0.014913890201174547,89,33
447,12,True,False,True,upper_bound,-0.052829555193749024,0.008842814061939626,89,34
447,12,True,False,True,upper_bound_with_inhaler,-0.052829555193749024,0.008842814061939626,89,35
447,24,False,False,False,one_hot,0.06941717771691419,0.06941717771691422,89,36
447,24,False,False,False,lower_bound,0.14194287216080614,0.26667820623266136,89,37
447,24,False,False,False,midpoint,0.14194287216080614,0.23813636435479837,89,38
447,24,False,False,False,midpoint_with_inhaler,0.14194287216080614,0.23813636435479837,89,39
447,24,False,False,False,upper_bound,0.14194287216080614,0.21675041085165625,89,40
447,24,False,False,False,upper_bound_with_inhaler,0.14194287216080614,0.21675041085165625,89,41
447,24,False,False,True,one_hot,0.06941717771691419,0.06941717771691422,89,42
447,24,False,False,True,lower_bound,0.14194287216080614,0.26667820623266136,89,43
447,24,False,False,True,midpoint,0.14194287216080614,0.23813636435479837,89,44
447,24,False,False,True,midpoint_with_inhaler,0.14194287216080614,0.23813636435479837,89,45
447,24,False,False,True,upper_bound,0.14194287216080614,0.21675041085165625,89,46
447,24,False,False,True,upper_bound_with_inhaler,0.14194287216080614,0.21675041085165625,89,47
447,24,False,True,False,one_hot,0.11286897313028404,0.11286897313028407,89,48
447,24,False,True,False,lower_bound,0.02954510186264576,0.17026301256509616,89,49
447,24,False,True,False,midpoint,0.02954510186264576,0.14781885403988684,89,50
447,24,False,True,False,midpoint_with_inhaler,0.02954510186264576,0.14781885403988684,89,51
447,24,False,True,False,upper_bound,0.02954510186264576,0.1336195017100927,89,52
447,24,False,True,False,upper_bound_with_inhaler,0.02954510186264576,0.1336195017100927,89,53
447,24,False,True,True,one_hot,0.11286897313028404,0.11286897313028407,89,54
447,24,False,True,True,lower_bound,0.02954510186264576,0.17026301256509616,89,55
447,24,False,True,True,midpoint,0.02954510186264576,0.14781885403988684,89,56
447,24,False,True,True,midpoint_with_inhaler,0.02954510186264576,0.14781885403988684,89,57
447,24,False,True,True,upper_bound,0.02954510186264576,0.1336195017100927,89,58
447,24,False,True,True,upper_bound_with_inhaler,0.02954510186264576,0.1336195017100927,89,59
447,24,True,False,False,one_hot,0.06941717771691419,0.06941717771691422,89,60
447,24,True,False,False,lower_bound,0.14194287216080614,0.26667820623266136,89,61
447,24,True,False,False,midpoint,0.14194287216080614,0.23813636435479837,89,62
447,24,True,False,False,midpoint_with_inhaler,0.14194287216080614,0.23813636435479837,89,63
447,24,True,False,False,upper_bound,0.14194287216080614,0.21675041085165625,89,64
447,24,True,False,False,upper_bound_with_inhaler,0.14194287216080614,0.21675041085165625,89,65
447,24,True,False,True,one_hot,0.06941717771691419,0.06941717771691422,89,66
447,24,True,False,True,lower_bound,0.14194287216080614,0.26667820623266136,89,67
447,24,True,False,True,midpoint,0.14194287216080614,0.23813636435479837,89,68
447,24,True,False,True,midpoint_with_inhaler,0.14194287216080614,0.23813636435479837,89,69
447,24,True,False,True,upper_bound,0.14194287216080614,0.21675041085165625,89,70
447,24,True,False,True,upper_bound_with_inhaler,0.14194287216080614,0.21675041085165625,89,71
447,36,False,False,False,one_hot,-0.056999939727934636,-0.056999939727934636,89,72
447,36,False,False,False,lower_bound,-0.12590577203214692,0.10610081836583123,89,73
447,36,False,False,False,midpoint,-0.12590577203214692,0.05073025329639693,89,74
447,36,False,False,False,midpoint_with_inhaler,-0.12590577203214692,0.05073025329639693,89,75
447,36,False,False,False,upper_bound,-0.12590577203214692,0.01370291758875005,89,76
447,36,False,False,False,upper_bound_with_inhaler,-0.12590577203214692,0.01370291758875005,89,77
447,36,False,False,True,one_hot,-0.056999939727934636,-0.056999939727934636,89,78
447,36,False,False,True,lower_bound,-0.12590577203214692,0.10610081836583123,89,79
447,36,False,False,True,midpoint,-0.12590577203214692,0.05073025329639693,89,80
447,36,False,False,True,midpoint_with_inhaler,-0.12590577203214692,0.05073025329639693,89,81
447,36,False,False,True,upper_bound,-0.12590577203214692,0.01370291758875005,89,82
447,36,False,False,True,upper_bound_with_inhaler,-0.12590577203214692,0.01370291758875005,89,83
447,36,True,False,False,one_hot,0.09456950669993844,0.09456950669993845,89,84
447,36,True,False,False,lower_bound,0.07462187084305338,0.23204861530144957,89,85
447,36,True,False,False,midpoint,0.07462187084305338,0.20355303864607152,89,86
447,36,True,False,False,midpoint_with_inhaler,0.07462187084305338,0.20355303864607152,89,87
447,36,True,False,False,upper_bound,0.07462187084305338,0.1865039916505981,89,88
447,36,True,False,False,upper_bound_with_inhaler,0.07462187084305338,0.1865039916505981,89,89
447,36,True,False,True,one_hot,0.09456950669993844,0.09456950669993845,89,90
447,36,True,False,True,lower_bound,0.07462187084305338,0.23204861530144957,89,91
447,36,True,False,True,midpoint,0.07462187084305338,0.20355303864607152,89,92
447,36,True,False,True,midpoint_with_inhaler,0.07462187084305338,0.20355303864607152,89,93
447,36,True,False,True,upper_bound,0.07462187084305338,0.1865039916505981,89,94
447,36,True,False,True,upper_bound_with_inhaler,0.07462187084305338,0.1865039916505981,89,95
447,48,False,False,False,one_hot,0.2033511582492147,0.2033511582492147,89,96
447,48,False,False,False,lower_bound,-0.0592569510293233,0.09753578575743951,89,97
447,48,False,False,False,midpoint,-0.0592569510293233,0.07423805908695374,89,98
447,48,False,False,False,midpoint_with_inhaler,-0.0592569510293233,0.07423805908695374,89,99
447,48,False,False,False,upper_bound,-0.0592569510293233,0.05724244656724108,89,100
447,48,False,False,False,upper_bound_with_inhaler,-0.0592569510293233,0.05724244656724108,89,101
447,48,False,False,True,one_hot,0.2033511582492147,0.2033511582492147,89,102
447,48,False,False,True,lower_bound,-0.0592569510293233,0.09753578575743951,89,103
447,48,False,False,True,midpoint,-0.0592569510293233,0.07423805908695374,89,104
447,48,False,False,True,midpoint_with_inhaler,-0.0592569510293233,0.07423805908695374,89,105
447,48,False,False,True,upper_bound,-0.0592569510293233,0.05724244656724108,89,106
447,48,False,False,True,upper_bound_with_inhaler,-0.0592569510293233,0.05724244656724108,89,107
447,48,False,True,False,one_hot,-0.07110251112704406,-0.07110251112704408,89,108
447,48,False,True,False,lower_bound,-0.10118968280471882,-0.06085573576581593,89,109
447,48,False,True,False,midpoint,-0.10118968280471882,-0.042948664878409315,89,110
447,48,False,True,False,midpoint_with_inhaler,-0.10118968280471882,-0.042948664878409315,89,111
447,48,False,True,False,upper_bound,-0.10118968280471882,-0.03031177558988226,89,112
447,48,False,True,False,upper_bound_with_inhaler,-0.10118968280471882,-0.03031177558988226,89,113
447,48,False,True,True,one_hot,-0.07110251112704406,-0.07110251112704408,89,114
447,48,False,True,True,lower_bound,-0.10118968280471882,-0.06085573576581593,89,115
447,48,False,True,True,midpoint,-0.10118968280471882,-0.042948664878409315,89,116
447,48,False,True,True,midpoint_with_inhaler,-0.10118968280471882,-0.042948664878409315,89,117
447,48,False,True,True,upper_bound,-0.10118968280471882,-0.03031177558988226,89,118
447,48,False,True,True,upper_bound_with_inhaler,-0.10118968280471882,-0.03031177558988226,89,119
447,48,True,False,False,one_hot,0.06494199614503127,0.06494199614503125,89,120
447,48,True,False,False,lower_bound,-0.1067329023532775,-0.061040668872921325,89,121
447,48,True,False,False,midpoint,-0.1067329023532775,-0.060433479877774275,89,122
447,48,True,False,False,midpoint_with_inhaler,-0.1067329023532775,-0.060433479877774275,89,123
447,48,True,False,False,upper_bound,-0.1067329023532775,-0.060196727095675535,89,124
447,48,True,False,False,upper_bound_with_inhaler,-0.1067329023532775,-0.060196727095675535,89,125
447,48,True,False,True,one_hot,0.06494199614503127,0.06494199614503125,89,126
447,48,True,False,True,lower_bound,-0.1067329023532775,-0.061040668872921325,89,127
447,48,True,False,True,midpoint,-0.1067329023532775,-0.060433479877774275,89,128
447,48,True,False,True,midpoint_with_inhaler,-0.1067329023532775,-0.060433479877774275,89,129
447,48,True,False,True,upper_bound,-0.1067329023532775,-0.060196727095675535,89,130
447,48,True,False,True,upper_bound_with_inhaler,-0.1067329023532775,-0.060196727095675535,89,131
454,12,False,False,False,one_hot,,,2,0
454,12,False,False,False,lower_bound,,,2,1
454,12,False,False,False,midpoint,,,2,2
454,12,False,False,False,midpoint_with_inhaler,,,2,3
454,12,False,False,False,upper_bound,,,2,4
454,12,False,False,False,upper_bound_with_inhaler,,,2,5
454,12,False,False,True,one_hot,,,2,6
454,12,False,False,True,lower_bound,,,2,7
454,12,False,False,True,midpoint,,,2,8
454,12,False,False,True,midpoint_with_inhaler,,,2,9
454,12,False,False,True,upper_bound,,,2,10
454,12,False,False,True,upper_bound_with_inhaler,,,2,11
454,12,False,True,False,one_hot,,,2,12
454,12,False,True,False,lower_bound,,,2,13
454,12,False,True,False,midpoint,,,2,14
454,12,False,True,False,midpoint_with_inhaler,,,2,15
454,12,False,True,False,upper_bound,,,2,16
454,12,False,True,False,upper_bound_with_inhaler,,,2,17
454,12,False,True,True,one_hot,,,2,18
454,12,False,True,True,lower_bound,,,2,19
454,12,False,True,True,midpoint,,,2,20
454,12,False,True,True,midpoint_with_inhaler,,,2,21
454,12,False,True,True,upper_bound,,,2,22
454,12,False,True,True,upper_bound_with_inhaler,,,2,23
454,12,True,False,False,one_hot,,,2,24
454,12,True,False,False,lower_bound,,,2,25
454,12,True,False,False,midpoint,,,2,26
454,12,True,False,False,midpoint_with_inhaler,,,2,27
454,12,True,False,False,upper_bound,,,2,28
454,12,True,False,False,upper_bound_with_inhaler,,,2,29
454,12,True,False,True,one_hot,,,2,30
454,12,True,False,True,lower_bound,,,2,31
454,12,True,False,True,midpoint,,,2,32
454,12,True,False,True,midpoint_with_inhaler,,,2,33
454,12,True,False,True,upper_bound,,,2,34
454,12,True,False,True,upper_bound_with_inhaler,,,2,35
454,24,False,False,False,one_hot,,,2,36
454,24,False,False,False,lower_bound,,,2,37
454,24,False,False,False,midpoint,,,2,38
454,24,False,False,False,midpoint_with_inhaler,,,2,39
454,24,False,False,False,upper_bound,,,2,40
454,24,False,False,False,upper_bound_with_inhaler,,,2,41
454,24,False,False,True,one_hot,,,2,42
454,24,False,False,True,lower_bound,,,2,43
454,24,False,False,True,midpoint,,,2,44
454,24,False,False,True,midpoint_with_inhaler,,,2,45
454,24,False,False,True,upper_bound,,,2,46
454,24,False,False,True,upper_bound_with_inhaler,,,2,47
454,24,False,True,False,one_hot,,,2,48
454,24,False,True,False,lower_bound,,,2,49
454,24,False,True,False,midpoint,,,2,50
454,24,False,True,False,midpoint_with_inhaler,,,2,51
454,24,False,True,False,upper_bound,,,2,52
454,24,False,True,False,upper_bound_with_inhaler,,,2,53
454,24,False,True,True,one_hot,,,2,54
454,24,False,True,True,lower_bound,,,2,55
454,24,False,True,True,midpoint,,,2,56
454,24,False,True,True,midpoint_with_inhaler,,,2,57
454,24,False,True,True,upper_bound,,,2,58
454,24,False,True,True,upper_bound_with_inhaler,,,2,59
454,24,True,False,False,one_hot,,,2,60
454,24,True,False,False,lower_bound,,,2,61
454,24,True,False,False,midpoint,,,2,62
454,24,True,False,False,midpoint_with_inhaler,,,2,63
454,24,True,False,False,upper_bound,,,2,64
454,24,True,False,False,upper_bound_with_inhaler,,,2,65
454,24,True,False,True,one_hot,,,2,66
454,24,True,False,True,lower_bound,,,2,67
454,24,True,False,True,midpoint,,,2,68
454,24,True,False,True,midpoint_with_inhaler,,,2,69
454,24,True,False,True,upper_bound,,,2,70
454,24,True,False,True,upper_bound_with_inhaler,,,2,71
454,36,False,False,False,one_hot,,,2,72
454,36,False,False,False,lower_bound,,,2,73
454,36,False,False,False,midpoint,,,2,74
454,36,False,False,False,midpoint_with_inhaler,,,2,75
454,36,False,False,False,upper_bound,,,2,76
454,36,False,False,False,upper_bound_with_inhaler,,,2,77
454,36,False,False,True,one_hot,,,2,78
454,36,False,False,True,lower_bound,,,2,79
454,36,False,False,True,midpoint,,,2,80
454,36,False,False,True,midpoint_with_inhaler,,,2,81
454,36,False,False,True,upper_bound,,,2,82
454,36,False,False,True,upper_bound_with_inhaler,,,2,83
454,36,True,False,False,one_hot,,,2,84
454,36,True,False,False,lower_bound,,,2,85
454,36,True,False,False,midpoint,,,2,86
454,36,True,False,False,midpoint_with_inhaler,,,2,87
454,36,True,False,False,upper_bound,,,2,88
454,36,True,False,False,upper_bound_with_inhaler,,,2,89
454,36,True,False,True,one_hot,,,2,90
454,36,True,False,True,lower_bound,,,2,91
454,36,True,False,True,midpoint,,,2,92
454,36,True,False,True,midpoint_with_inhaler,,,2,93
454,36,True,False,True,upper_bound,,,2,94
454,36,True,False,True,upper_bound_with_inhaler,,,2,95
454,48,False,False,False,one_hot,,,2,96
454,48,False,False,False,lower_bound,,,2,97
454,48,False,False,False,midpoint,,,2,98
454,48,False,False,False,midpoint_with_inhaler,,,2,99
454,48,False,False,False,upper_bound,,,2,100
454,48,False,False,False,upper_bound_with_inhaler,,,2,101
454,48,False,False,True,one_hot,,,2,102
454,48,False,False,True,lower_bound,,,2,103
454,48,False,False,True,midpoint,,,2,104
454,48,False,False,True,midpoint_with_inhaler,,,2,105
454,48,False,False,True,upper_bound,,,2,106
454,48,False,False,True,upper_bound_with_inhaler,,,2,107
454,48,False,True,False,one_hot,,,2,108
454,48,False,True,False,lower_bound,,,2,109
454,48,False,True,False,midpoint,,,2,110
454,48,False,True,False,midpoint_with_inhaler,,,2,111
454,48,False,True,False,upper_bound,,,2,112
454,48,False,True,False,upper_bound_with_inhaler,,,2,113
454,48,False,True,True,one_hot,,,2,114
454,48,False,True,True,lower_bound,,,2,115
454,48,False,True,True,midpoint,,,2,116
454,48,False,True,True,midpoint_with_inhaler,,,2,117
454,48,False,True,True,upper_bound,,,2,118
454,48,False,True,True,upper_bound_with_inhaler,,,2,119
454,48,True,False,False,one_hot,,,2,120
454,48,True,False,False,lower_bound,,,2,121
454,48,True,False,False,midpoint,,,2,122
454,48,True,False,False,midpoint_with_inhaler,,,2,123
454,48,True,False,False,upper_bound,,,2,124
454,48,True,False,False,upper_bound_with_inhaler,,,2,125
454,48,True,False,True,one_hot,,,2,126
454,48,True,False,True,lower_bound,,,2,127
454,48,True,False,True,midpoint,,,2,128
454,48,True,False,True,midpoint_with_inhaler,,,2,129
454,48,True,False,True,upper_bound,,,2,130
454,48,True,False,True,upper_bound_with_inhaler,,,2,131
473,12,False,False,False,one_hot,0.41898060075369115,0.41898060075369115,69,0
473,12,False,False,False,lower_bound,0.6680504742357499,0.8921619387878882,69,1
473,12,False,False,False,midpoint,0.6680504742357499,0.8854385688124748,69,2
473,12,False,False,False,midpoint_with_inhaler,0.6680504742357499,0.8854385688124748,69,3
473,12,False,False,False,upper_bound,0.6672943388255969,0.8543440221334712,69,4
473,12,False,False,False,upper_bound_with_inhaler,0.6672943388255969,0.8543440221334712,69,5
473,12,False,False,True,one_hot,0.41898060075369115,0.41898060075369115,69,6
473,12,False,False,True,lower_bound,0.6680504742357499,0.8921619387878882,69,7
473,12,False,False,True,midpoint,0.6680504742357499,0.8854385688124748,69,8
473,12,False,False,True,midpoint_with_inhaler,0.6680504742357499,0.8854385688124748,69,9
473,12,False,False,True,upper_bound,0.6672943388255969,0.8543440221334712,69,10
473,12,False,False,True,upper_bound_with_inhaler,0.6672943388255969,0.8543440221334712,69,11
473,12,False,True,False,one_hot,0.2450539551613989,0.24505395516139886,69,12
473,12,False,True,False,lower_bound,0.5839026975926311,0.9057919142022941,69,13
473,12,False,True,False,midpoint,0.5839026975926311,0.9544280222979953,69,14
473,12,False,True,False,midpoint_with_inhaler,0.5839026975926311,0.9544280222979953,69,15
473,12,False,True,False,upper_bound,0.5833837416508296,0.979600390664049,69,16
473,12,False,True,False,upper_bound_with_inhaler,0.5833837416508296,0.979600390664049,69,17
473,12,False,True,True,one_hot,0.2450539551613989,0.24505395516139886,69,18
473,12,False,True,True,lower_bound,0.5839026975926311,0.9057919142022941,69,19
473,12,False,True,True,midpoint,0.5839026975926311,0.9544280222979953,69,20
473,12,False,True,True,midpoint_with_inhaler,0.5839026975926311,0.9544280222979953,69,21
473,12,False,True,True,upper_bound,0.5833837416508296,0.979600390664049,69,22
473,12,False,True,True,upper_bound_with_inhaler,0.5833837416508296,0.979600390664049,69,23
473,12,True,False,False,one_hot,0.058169876804983596,0.05816987680498361,69,24
473,12,True,False,False,lower_bound,0.46404706208321533,0.6583881774160161,69,25
473,12,True,False,False,midpoint,0.46404706208321533,0.7471905204176645,69,26
473,12,True,False,False,midpoint_with_inhaler,0.46404706208321533,0.7471905204176645,69,27
473,12,True,False,False,upper_bound,0.46426587544618686,0.8052887300884276,69,28
473,12,True,False,False,upper_bound_with_inhaler,0.46426587544618686,0.8052887300884276,69,29
473,12,True,False,True,one_hot,0.058169876804983596,0.05816987680498361,69,30
473,12,True,False,True,lower_bound,0.46404706208321533,0.6583881774160161,69,31
473,12,True,False,True,midpoint,0.46404706208321533,0.7471905204176645,69,32
473,12,True,False,True,midpoint_with_inhaler,0.46404706208321533,0.7471905204176645,69,33
473,12,True,False,True,upper_bound,0.46426587544618686,0.8052887300884276,69,34
473,12,True,False,True,upper_bound_with_inhaler,0.46426587544618686,0.8052887300884276,69,35
473,24,False,False,False,one_hot,0.36629617886395877,0.36629617886395877,69,36
473,24,False,False,False,lower_bound,0.796108854041437,1.1197408445688566,69,37
473,24,False,False,False,midpoint,0.796108854041437,1.1319069539688142,69,38
473,24,False,False,False,midpoint_with_inhaler,0.796108854041437,1.1319069539688142,69,39
473,24,False,False,False,upper_bound,0.7955391171188705,1.1191741849542969,69,40
473,24,False,False,False,upper_bound_with_inhaler,0.7955391171188705,1.1191741849542969,69,41
473,24,False,False,True,one_hot,0.36629617886395877,0.36629617886395877,69,42
473,24,False,False,True,lower_bound,0.796108854041437,1.1197408445688566,69,43
473,24,False,False,True,midpoint,0.796108854041437,1.1319069539688142,69,44
473,24,False,False,True,midpoint_with_inhaler,0.796108854041437,1.1319069539688142,69,45
473,24,False,False,True,upper_bound,0.7955391171188705,1.1191741849542969,69,46
473,24,False,False,True,upper_bound_with_inhaler,0.7955391171188705,1.1191741849542969,69,47
473,24,False,True,False,one_hot,0.08579290385203793,0.08579290385203794,69,48
473,24,False,True,False,lower_bound,0.3985941289709983,0.560328240482528,69,49
473,24,False,True,False,midpoint,0.3985941289709983,0.5400382795867293,69,50
473,24,False,True,False,midpoint_with_inhaler,0.3985941289709983,0.5400382795867293,69,51
473,24,False,True,False,upper_bound,0.39692983612910915,0.5210866096721919,69,52
473,24,False,True,False,upper_bound_with_inhaler,0.39692983612910915,0.5210866096721919,69,53
473,24,False,True,True,one_hot,0.08579290385203793,0.08579290385203794,69,54
473,24,False,True,True,lower_bound,0.3985941289709983,0.560328240482528,69,55
473,24,False,True,True,midpoint,0.3985941289709983,0.5400382795867293,69,56
473,24,False,True,True,midpoint_with_inhaler,0.3985941289709983,0.5400382795867293,69,57
473,24,False,True,True,upper_bound,0.39692983612910915,0.5210866096721919,69,58
473,24,False,True,True,upper_bound_with_inhaler,0.39692983612910915,0.5210866096721919,69,59
473,24,True,False,False,one_hot,0.36629617886395877,0.36629617886395877,69,60
473,24,True,False,False,lower_bound,0.796108854041437,1.1197408445688566,69,61
473,24,True,False,False,midpoint,0.796108854041437,1.1319069539688142,69,62
473,24,True,False,False,midpoint_with_inhaler,0.796108854041437,1.1319069539688142,69,63
473,24,True,False,False,upper_bound,0.7955391171188705,1.1191741849542969,69,64
473,24,True,False,False,upper_bound_with_inhaler,0.7955391171188705,1.1191741849542969,69,65
473,24,True,False,True,one_hot,0.36629617886395877,0.36629617886395877,69,66
473,24,True,False,True,lower_bound,0.796108854041437,1.1197408445688566,69,67
473,24,True,False,True,midpoint,0.796108854041437,1.1319069539688142,69,68
473,24,True,False,True,midpoint_with_inhaler,0.796108854041437,1.1319069539688142,69,69
473,24,True,False,True,upper_bound,0.7955391171188705,1.1191741849542969,69,70
473,24,True,False,True,upper_bound_with_inhaler,0.7955391171188705,1.1191741849542969,69,71
473,36,False,False,False,one_hot,0.0735977005478368,0.07359770054783679,69,72
473,36,False,False,False,lower_bound,0.6279543512254103,0.9188536860753429,69,73
473,36,False,False,False,midpoint,0.6279543512254103,0.8716169073118675,69,74
473,36,False,False,False,midpoint_with_inhaler,0.6279543512254103,0.9343223305442016,69,75
473,36,False,False,False,upper_bound,0.6227005865269176,0.8215788038434692,69,76
473,36,False,False,False,upper_bound_with_inhaler,0.6279543512254103,0.9385891611607892,69,77
473,36,False,False,True,one_hot,0.0735977005478368,0.07359770054783679,69,78
473,36,False,False,True,lower_bound,0.6279543512254103,0.9188536860753429,69,79
473,36,False,False,True,midpoint,0.6279543512254103,0.8716169073118675,69,80
473,36,False,False,True,midpoint_with_inhaler,0.6279543512254103,0.9343223305442016,69,81
473,36,False,False,True,upper_bound,0.6227005865269176,0.8215788038434692,69,82
473,36,False,False,True,upper_bound_with_inhaler,0.6279543512254103,0.9385891611607892,69,83
473,36,True,False,False,one_hot,0.18156444715279227,0.18156444715279227,69,84
473,36,True,False,False,lower_bound,0.4267725892083244,0.6703869822422172,69,85
473,36,True,False,False,midpoint,0.4267725892083244,0.6563836999521423,69,86
473,36,True,False,False,midpoint_with_inhaler,0.4267725892083244,0.6563836999521423,69,87
473,36,True,False,False,upper_bound,0.42588030723144993,0.6391351343671154,69,88
473,36,True,False,False,upper_bound_with_inhaler,0.42588030723144993,0.6391351343671154,69,89
473,36,True,False,True,one_hot,0.18156444715279227,0.18156444715279227,69,90
473,36,True,False,True,lower_bound,0.4267725892083244,0.6703869822422172,69,91
473,36,True,False,True,midpoint,0.4267725892083244,0.6563836999521423,69,92
473,36,True,False,True,midpoint_with_inhaler,0.4267725892083244,0.6563836999521423,69,93
473,36,True,False,True,upper_bound,0.42588030723144993,0.6391351343671154,69,94
473,36,True,False,True,upper_bound_with_inhaler,0.42588030723144993,0.6391351343671154,69,95
473,48,False,False,False,one_hot,-0.08038380700403039,-0.08038380700403039,69,96
473,48,False,False,False,lower_bound,0.6118316935016865,0.8768738169467369,69,97
473,48,False,False,False,midpoint,0.6118316935016865,0.8352831494044481,69,98
473,48,False,False,False,midpoint_with_inhaler,0.6118316935016865,0.8802558923408218,69,99
473,48,False,False,False,upper_bound,0.6079593764396315,0.786279834964607,69,100
473,48,False,False,False,upper_bound_with_inhaler,0.6118316935016865,0.8816948056799846,69,101
473,48,False,False,True,one_hot,-0.08038380700403039,-0.08038380700403039,69,102
473,48,False,False,True,lower_bound,0.6118316935016865,0.8768738169467369,69,103
473,48,False,False,True,midpoint,0.6118316935016865,0.8352831494044481,69,104
473,48,False,False,True,midpoint_with_inhaler,0.6118316935016865,0.8802558923408218,69,105
473,48,False,False,True,upper_bound,0.6079593764396315,0.786279834964607,69,106
473,48,False,False,True,upper_bound_with_inhaler,0.6118316935016865,0.8816948056799846,69,107
473,48,False,True,False,one_hot,0.11847244654699368,0.11847244654699368,69,108
473,48,False,True,False,lower_bound,0.21397563812889503,0.26585422474394776,69,109
473,48,False,True,False,midpoint,0.21397563812889503,0.2865616721923654,69,110
473,48,False,True,False,midpoint_with_inhaler,0.21397563812889503,0.2865616721923654,69,111
473,48,False,True,False,upper_bound,0.21225993737580548,0.29691516124950623,69,112
473,48,False,True,False,upper_bound_with_inhaler,0.21225993737580548,0.29691516124950623,69,113
473,48,False,True,True,one_hot,0.11847244654699368,0.11847244654699368,69,114
473,48,False,True,True,lower_bound,0.21397563812889503,0.26585422474394776,69,115
473,48,False,True,True,midpoint,0.21397563812889503,0.2865616721923654,69,116
473,48,False,True,True,midpoint_with_inhaler,0.21397563812889503,0.2865616721923654,69,117
473,48,False,True,True,upper_bound,0.21225993737580548,0.29691516124950623,69,118
473,48,False,True,True,upper_bound_with_inhaler,0.21225993737580548,0.29691516124950623,69,119
473,48,True,False,False,one_hot,-0.013607996367304894,-0.013607996367304915,69,120
473,48,True,False,False,lower_bound,0.33108363519578643,0.5521584128993288,69,121
473,48,True,False,False,midpoint,0.33108363519578643,0.525555725004585,69,122
473,48,True,False,False,midpoint_with_inhaler,0.33108363519578643,0.525555725004585,69,123
473,48,True,False,False,upper_bound,0.32953571475162496,0.4995404086628564,69,124
473,48,True,False,False,upper_bound_with_inhaler,0.32953571475162496,0.4995404086628564,69,125
473,48,True,False,True,one_hot,-0.013607996367304894,-0.013607996367304915,69,126
473,48,True,False,True,lower_bound,0.33108363519578643,0.5521584128993288,69,127
473,48,True,False,True,midpoint,0.33108363519578643,0.525555725004585,69,128
473,48,True,False,True,midpoint_with_inhaler,0.33108363519578643,0.525555725004585,69,129
473,48,True,False,True,upper_bound,0.32953571475162496,0.4995404086628564,69,130
473,48,True,False,True,upper_bound_with_inhaler,0.32953571475162496,0.4995404086628564,69,131
514,12,False,False,False,one_hot,0.21652209511742335,0.21652209511742332,36,0
514,12,False,False,False,lower_bound,0.21652209511742335,0.21652209511742332,36,1
514,12,False,False,False,midpoint,0.21652209511742335,0.21652209511742332,36,2
514,12,False,False,False,midpoint_with_inhaler,0.21652209511742335,0.21652209511742332,36,3
514,12,False,False,False,upper_bound,0.21652209511742335,0.21652209511742332,36,4
514,12,False,False,False,upper_bound_with_inhaler,0.21652209511742335,0.21652209511742332,36,5
514,12,False,False,True,one_hot,0.21652209511742335,0.21652209511742332,36,6
514,12,False,False,True,lower_bound,0.21652209511742335,0.21652209511742332,36,7
514,12,False,False,True,midpoint,0.21652209511742335,0.21652209511742332,36,8
514,12,False,False,True,midpoint_with_inhaler,0.21652209511742335,0.21652209511742332,36,9
514,12,False,False,True,upper_bound,0.21652209511742335,0.21652209511742332,36,10
514,12,False,False,True,upper_bound_with_inhaler,0.21652209511742335,0.21652209511742332,36,11
514,12,False,True,False,one_hot,0.27920110829002376,0.27920110829002376,36,12
514,12,False,True,False,lower_bound,0.27920110829002376,0.27920110829002376,36,13
514,12,False,True,False,midpoint,0.27920110829002376,0.27920110829002376,36,14
514,12,False,True,False,midpoint_with_inhaler,0.27920110829002376,0.27920110829002376,36,15
514,12,False,True,False,upper_bound,0.27920110829002376,0.27920110829002376,36,16
514,12,False,True,False,upper_bound_with_inhaler,0.27920110829002376,0.27920110829002376,36,17
514,12,False,True,True,one_hot,0.27920110829002376,0.27920110829002376,36,18
514,12,False,True,True,lower_bound,0.27920110829002376,0.27920110829002376,36,19
514,12,False,True,True,midpoint,0.27920110829002376,0.27920110829002376,36,20
514,12,False,True,True,midpoint_with_inhaler,0.27920110829002376,0.27920110829002376,36,21
514,12,False,True,True,upper_bound,0.27920110829002376,0.27920110829002376,36,22
514,12,False,True,True,upper_bound_with_inhaler,0.27920110829002376,0.27920110829002376,36,23
514,12,True,False,False,one_hot,0.513226853673276,0.513226853673276,36,24
514,12,True,False,False,lower_bound,0.513226853673276,0.513226853673276,36,25
514,12,True,False,False,midpoint,0.513226853673276,0.513226853673276,36,26
514,12,True,False,False,midpoint_with_inhaler,0.513226853673276,0.513226853673276,36,27
514,12,True,False,False,upper_bound,0.513226853673276,0.513226853673276,36,28
514,12,True,False,False,upper_bound_with_inhaler,0.513226853673276,0.513226853673276,36,29
514,12,True,False,True,one_hot,0.513226853673276,0.513226853673276,36,30
514,12,True,False,True,lower_bound,0.513226853673276,0.513226853673276,36,31
514,12,True,False,True,midpoint,0.513226853673276,0.513226853673276,36,32
514,12,True,False,True,midpoint_with_inhaler,0.513226853673276,0.513226853673276,36,33
514,12,True,False,True,upper_bound,0.513226853673276,0.513226853673276,36,34
514,12,True,False,True,upper_bound_with_inhaler,0.513226853673276,0.513226853673276,36,35
514,24,False,False,False,one_hot,0.19128149982092846,0.1912814998209284,36,36
514,24,False,False,False,lower_bound,0.19128149982092846,0.1912814998209284,36,37
514,24,False,False,False,midpoint,0.19128149982092846,0.19128149982092849,36,38
514,24,False,False,False,midpoint_with_inhaler,0.19128149982092846,0.19128149982092849,36,39
514,24,False,False,False,upper_bound,0.19128149982092846,0.1912814998209284,36,40
514,24,False,False,False,upper_bound_with_inhaler,0.19128149982092846,0.1912814998209284,36,41
514,24,False,False,True,one_hot,0.19128149982092846,0.1912814998209284,36,42
514,24,False,False,True,lower_bound,0.19128149982092846,0.1912814998209284,36,43
514,24,False,False,True,midpoint,0.19128149982092846,0.19128149982092849,36,44
514,24,False,False,True,midpoint_with_inhaler,0.19128149982092846,0.19128149982092849,36,45
514,24,False,False,True,upper_bound,0.19128149982092846,0.1912814998209284,36,46
514,24,False,False,True,upper_bound_with_inhaler,0.19128149982092846,0.1912814998209284,36,47
514,24,False,True,False,one_hot,-0.1140847538564419,-0.11408475385644186,36,48
514,24,False,True,False,lower_bound,-0.1140847538564419,-0.11408475385644186,36,49
514,24,False,True,False,midpoint,-0.1140847538564419,-0.1140847538564419,36,50
514,24,False,True,False,midpoint_with_inhaler,-0.1140847538564419,-0.1140847538564419,36,51
514,24,False,True,False,upper_bound,-0.1140847538564419,-0.11408475385644186,36,52
514,24,False,True,False,upper_bound_with_inhaler,-0.1140847538564419,-0.11408475385644186,36,53
514,24,False,True,True,one_hot,-0.1140847538564419,-0.11408475385644186,36,54
514,24,False,True,True,lower_bound,-0.1140847538564419,-0.11408475385644186,36,55
514,24,False,True,True,midpoint,-0.1140847538564419,-0.1140847538564419,36,56
514,24,False,True,True,midpoint_with_inhaler,-0.1140847538564419,-0.1140847538564419,36,57
514,24,False,True,True,upper_bound,-0.1140847538564419,-0.11408475385644186,36,58
514,24,False,True,True,upper_bound_with_inhaler,-0.1140847538564419,-0.11408475385644186,36,59
514,24,True,False,False,one_hot,0.19128149982092846,0.1912814998209284,36,60
514,24,True,False,False,lower_bound,0.19128149982092846,0.1912814998209284,36,61
514,24,True,False,False,midpoint,0.19128149982092846,0.19128149982092849,36,62
514,24,True,False,False,midpoint_with_inhaler,0.19128149982092846,0.19128149982092849,36,63
514,24,True,False,False,upper_bound,0.19128149982092846,0.1912814998209284,36,64
514,24,True,False,False,upper_bound_with_inhaler,0.19128149982092846,0.1912814998209284,36,65
514,24,True,False,True,one_hot,0.19128149982092846,0.1912814998209284,36,66
514,24,True,False,True,lower_bound,0.19128149982092846,0.1912814998209284,36,67
514,24,True,False,True,midpoint,0.19128149982092846,0.19128149982092849,36,68
514,24,True,False,True,midpoint_with_inhaler,0.19128149982092846,0.19128149982092849,36,69
514,24,True,False,True,upper_bound,0.19128149982092846,0.1912814998209284,36,70
514,24,True,False,True,upper_bound_with_inhaler,0.19128149982092846,0.1912814998209284,36,71
514,36,False,False,False,one_hot,0.27920110829002376,0.2792011082900237,36,72
514,36,False,False,False,lower_bound,0.27920110829002376,0.2792011082900237,36,73
514,36,False,False,False,midpoint,0.27920110829002376,0.27920110829002376,36,74
514,36,False,False,False,midpoint_with_inhaler,0.27920110829002376,0.27920110829002376,36,75
514,36,False,False,False,upper_bound,0.27920110829002376,0.2792011082900237,36,76
514,36,False,False,False,upper_bound_with_inhaler,0.27920110829002376,0.2792011082900237,36,77
514,36,False,False,True,one_hot,0.27920110829002376,0.2792011082900237,36,78
514,36,False,False,True,lower_bound,0.27920110829002376,0.2792011082900237,36,79
514,36,False,False,True,midpoint,0.27920110829002376,0.27920110829002376,36,80
514,36,False,False,True,midpoint_with_inhaler,0.27920110829002376,0.27920110829002376,36,81
514,36,False,False,True,upper_bound,0.27920110829002376,0.2792011082900237,36,82
514,36,False,False,True,upper_bound_with_inhaler,0.27920110829002376,0.2792011082900237,36,83
514,36,True,False,False,one_hot,0.25343600911808534,0.25343600911808534,36,84
514,36,True,False,False,lower_bound,0.25343600911808534,0.25343600911808534,36,85
514,36,True,False,False,midpoint,0.25343600911808534,0.25343600911808534,36,86
514,36,True,False,False,midpoint_with_inhaler,0.25343600911808534,0.25343600911808534,36,87
514,36,True,False,False,upper_bound,0.25343600911808534,0.25343600911808534,36,88
514,36,True,False,False,upper_bound_with_inhaler,0.25343600911808534,0.25343600911808534,36,89
514,36,True,False,True,one_hot,0.25343600911808534,0.25343600911808534,36,90
514,36,True,False,True,lower_bound,0.25343600911808534,0.25343600911808534,36,91
514,36,True,False,True,midpoint,0.25343600911808534,0.25343600911808534,36,92
514,36,True,False,True,midpoint_with_inhaler,0.25343600911808534,0.25343600911808534,36,93
514,36,True,False,True,upper_bound,0.25343600911808534,0.25343600911808534,36,94
514,36,True,False,True,upper_bound_with_inhaler,0.25343600911808534,0.25343600911808534,36,95
514,48,False,False,False,one_hot,0.039364794231119965,0.039364794231119965,36,96
514,48,False,False,False,lower_bound,0.039364794231119965,0.039364794231119965,36,97
514,48,False,False,False,midpoint,0.039364794231119965,0.03936479423111996,36,98
514,48,False,False,False,midpoint_with_inhaler,0.039364794231119965,0.03936479423111996,36,99
514,48,False,False,False,upper_bound,0.039364794231119965,0.039364794231119965,36,100
514,48,False,False,False,upper_bound_with_inhaler,0.039364794231119965,0.039364794231119965,36,101
514,48,False,False,True,one_hot,0.039364794231119965,0.039364794231119965,36,102
514,48,False,False,True,lower_bound,0.039364794231119965,0.039364794231119965,36,103
514,48,False,False,True,midpoint,0.039364794231119965,0.03936479423111996,36,104
514,48,False,False,True,midpoint_with_inhaler,0.039364794231119965,0.03936479423111996,36,105
514,48,False,False,True,upper_bound,0.039364794231119965,0.039364794231119965,36,106
514,48,False,False,True,upper_bound_with_inhaler,0.039364794231119965,0.039364794231119965,36,107
514,48,False,True,False,one_hot,-1.734723475976807e-17,2.7755575615628914e-17,36,108
514,48,False,True,False,lower_bound,-1.734723475976807e-17,2.7755575615628914e-17,36,109
514,48,False,True,False,midpoint,-1.734723475976807e-17,-1.734723475976807e-17,36,110
514,48,False,True,False,midpoint_with_inhaler,-1.734723475976807e-17,-1.734723475976807e-17,36,111
514,48,False,True,False,upper_bound,-1.734723475976807e-17,2.7755575615628914e-17,36,112
514,48,False,True,False,upper_bound_with_inhaler,-1.734723475976807e-17,2.7755575615628914e-17,36,113
514,48,False,True,True,one_hot,-1.734723475976807e-17,2.7755575615628914e-17,36,114
514,48,False,True,True,lower_bound,-1.734723475976807e-17,2.7755575615628914e-17,36,115
514,48,False,True,True,midpoint,-1.734723475976807e-17,-1.734723475976807e-17,36,116
514,48,False,True,True,midpoint_with_inhaler,-1.734723475976807e-17,-1.734723475976807e-17,36,117
514,48,False,True,True,upper_bound,-1.734723475976807e-17,2.7755575615628914e-17,36,118
514,48,False,True,True,upper_bound_with_inhaler,-1.734723475976807e-17,2.7755575615628914e-17,36,119
514,48,True,False,False,one_hot,0.27920110829002376,0.27920110829002376,36,120
514,48,True,False,False,lower_bound,0.27920110829002376,0.27920110829002376,36,121
514,48,True,False,False,midpoint,0.27920110829002376,0.27920110829002376,36,122
514,48,True,False,False,midpoint_with_inhaler,0.27920110829002376,0.27920110829002376,36,123
514,48,True,False,False,upper_bound,0.27920110829002376,0.27920110829002376,36,124
514,48,True,False,False,upper_bound_with_inhaler,0.27920110829002376,0.27920110829002376,36,125
514,48,True,False,True,one_hot,0.27920110829002376,0.27920110829002376,36,126
514,48,True,False,True,lower_bound,0.27920110829002376,0.27920110829002376,36,127
514,48,True,False,True,midpoint,0.27920110829002376,0.27920110829002376,36,128
514,48,True,False,True,midpoint_with_inhaler,0.27920110829002376,0.27920110829002376,36,129
514,48,True,False,True,upper_bound,0.27920110829002376,0.27920110829002376,36,130
514,48,True,False,True,upper_bound_with_inhaler,0.27920110829002376,0.27920110829002376,36,131
625,12,False,False,False,one_hot,0.334743493041456,0.334743493041456,16,0
625,12,False,False,False,lower_bound,0.2578604885150778,0.16413158042228299,16,1
625,12,False,False,False,midpoint,0.2578604885150778,0.20250897038803306,16,2
625,12,False,False,False,midpoint_with_inhaler,0.2578604885150778,0.20250897038803306,16,3
625,12,False,False,False,upper_bound,0.2578604885150778,0.2286356297237655,16,4
625,12,False,False,False,upper_bound_with_inhaler,0.2578604885150778,0.2286356297237655,16,5
625,12,False,False,True,one_hot,0.334743493041456,0.334743493041456,16,6
625,12,False,False,True,lower_bound,0.2578604885150778,0.16413158042228299,16,7
625,12,False,False,True,midpoint,0.2578604885150778,0.20250897038803306,16,8
625,12,False,False,True,midpoint_with_inhaler,0.2578604885150778,0.20250897038803306,16,9
625,12,False,False,True,upper_bound,0.2578604885150778,0.2286356297237655,16,10
625,12,False,False,True,upper_bound_with_inhaler,0.2578604885150778,0.2286356297237655,16,11
625,12,False,True,False,one_hot,-0.05100891333626096,-0.05100891333626096,16,12
625,12,False,True,False,lower_bound,-0.07486603166848933,-0.08939405509441377,16,13
625,12,False,True,False,midpoint,-0.07486603166848933,-0.05030161241188303,16,14
625,12,False,True,False,midpoint_with_inhaler,-0.07486603166848933,-0.05030161241188303,16,15
625,12,False,True,False,upper_bound,-0.07486603166848933,-0.02156488316456675,16,16
625,12,False,True,False,upper_bound_with_inhaler,-0.07486603166848933,-0.02156488316456675,16,17
625,12,False,True,True,one_hot,-0.05100891333626096,-0.05100891333626096,16,18
625,12,False,True,True,lower_bound,-0.07486603166848933,-0.08939405509441377,16,19
625,12,False,True,True,midpoint,-0.07486603166848933,-0.05030161241188303,16,20
625,12,False,True,True,midpoint_with_inhaler,-0.07486603166848933,-0.05030161241188303,16,21
625,12,False,True,True,upper_bound,-0.07486603166848933,-0.02156488316456675,16,22
625,12,False,True,True,upper_bound_with_inhaler,-0.07486603166848933,-0.02156488316456675,16,23
625,12,True,False,False,one_hot,-0.051008913336260994,-0.051008913336260994,16,24
625,12,True,False,False,lower_bound,-0.0009291580562881647,-0.0031387571022138358,16,25
625,12,True,False,False,midpoint,-0.0009291580562881647,0.025863708837065274,16,26
625,12,True,False,False,midpoint_with_inhaler,-0.0009291580562881647,0.025863708837065274,16,27
625,12,True,False,False,upper_bound,-0.0009291580562881647,0.0449769613474041,16,28
625,12,True,False,False,upper_bound_with_inhaler,-0.0009291580562881647,0.0449769613474041,16,29
625,12,True,False,True,one_hot,-0.051008913336260994,-0.051008913336260994,16,30
625,12,True,False,True,lower_bound,-0.0009291580562881647,-0.0031387571022138358,16,31
625,12,True,False,True,midpoint,-0.0009291580562881647,0.025863708837065274,16,32
625,12,True,False,True,midpoint_with_inhaler,-0.0009291580562881647,0.025863708837065274,16,33
625,12,True,False,True,upper_bound,-0.0009291580562881647,0.0449769613474041,16,34
625,12,True,False,True,upper_bound_with_inhaler,-0.0009291580562881647,0.0449769613474041,16,35
625,24,False,False,False,one_hot,0.5395654417108194,0.5395654417108194,16,36
625,24,False,False,False,lower_bound,0.42880885269652563,0.18244388909597445,16,37
625,24,False,False,False,midpoint,0.42880885269652563,0.1750258615769732,16,38
625,24,False,False,False,midpoint_with_inhaler,0.42880885269652563,0.1750258615769732,16,39
625,24,False,False,False,upper_bound,0.42880885269652563,0.1682361183106065,16,40
625,24,False,False,False,upper_bound_with_inhaler,0.42880885269652563,0.1682361183106065,16,41
625,24,False,False,True,one_hot,0.5395654417108194,0.5395654417108194,16,42
625,24,False,False,True,lower_bound,0.42880885269652563,0.18244388909597445,16,43
625,24,False,False,True,midpoint,0.42880885269652563,0.1750258615769732,16,44
625,24,False,False,True,midpoint_with_inhaler,0.42880885269652563,0.1750258615769732,16,45
625,24,False,False,True,upper_bound,0.42880885269652563,0.1682361183106065,16,46
625,24,False,False,True,upper_bound_with_inhaler,0.42880885269652563,0.1682361183106065,16,47
625,24,False,True,False,one_hot,0.3015932993431672,0.3015932993431672,16,48
625,24,False,True,False,lower_bound,0.2138441742884263,0.07064388596208274,16,49
625,24,False,True,False,midpoint,0.2138441742884263,0.029651736447390376,16,50
625,24,False,True,False,midpoint_with_inhaler,0.2138441742884263,0.029651736447390376,16,51
625,24,False,True,False,upper_bound,0.2138441742884263,5.551115123125783e-17,16,52
625,24,False,True,False,upper_bound_with_inhaler,0.2138441742884263,5.551115123125783e-17,16,53
625,24,False,True,True,one_hot,0.3015932993431672,0.3015932993431672,16,54
625,24,False,True,True,lower_bound,0.2138441742884263,0.07064388596208274,16,55
625,24,False,True,True,midpoint,0.2138441742884263,0.029651736447390376,16,56
625,24,False,True,True,midpoint_with_inhaler,0.2138441742884263,0.029651736447390376,16,57
625,24,False,True,True,upper_bound,0.2138441742884263,5.551115123125783e-17,16,58
625,24,False,True,True,upper_bound_with_inhaler,0.2138441742884263,5.551115123125783e-17,16,59
625,24,True,False,False,one_hot,0.5395654417108194,0.5395654417108194,16,60
625,24,True,False,False,lower_bound,0.42880885269652563,0.18244388909597445,16,61
625,24,True,False,False,midpoint,0.42880885269652563,0.1750258615769732,16,62
625,24,True,False,False,midpoint_with_inhaler,0.42880885269652563,0.1750258615769732,16,63
625,24,True,False,False,upper_bound,0.42880885269652563,0.1682361183106065,16,64
625,24,True,False,False,upper_bound_with_inhaler,0.42880885269652563,0.1682361183106065,16,65
625,24,True,False,True,one_hot,0.5395654417108194,0.5395654417108194,16,66
625,24,True,False,True,lower_bound,0.42880885269652563,0.18244388909597445,16,67
625,24,True,False,True,midpoint,0.42880885269652563,0.1750258615769732,16,68
625,24,True,False,True,midpoint_with_inhaler,0.42880885269652563,0.1750258615769732,16,69
625,24,True,False,True,upper_bound,0.42880885269652563,0.1682361183106065,16,70
625,24,True,False,True,upper_bound_with_inhaler,0.42880885269652563,0.1682361183106065,16,71
625,36,False,False,False,one_hot,-0.10121548141985907,-0.10121548141985907,16,72
625,36,False,False,False,lower_bound,-0.1917355894313838,-0.011435441609486677,16,73
625,36,False,False,False,midpoint,-0.1917355894313838,-0.025381083806561334,16,74
625,36,False,False,False,midpoint_with_inhaler,-0.1917355894313838,-0.025381083806561334,16,75
625,36,False,False,False,upper_bound,-0.1917355894313838,-0.035752309907211295,16,76
625,36,False,False,False,upper_bound_with_inhaler,-0.1917355894313838,-0.035752309907211295,16,77
625,36,False,False,True,one_hot,-0.10121548141985907,-0.10121548141985907,16,78
625,36,False,False,True,lower_bound,-0.1917355894313838,-0.011435441609486677,16,79
625,36,False,False,True,midpoint,-0.1917355894313838,-0.025381083806561334,16,80
625,36,False,False,True,midpoint_with_inhaler,-0.1917355894313838,-0.025381083806561334,16,81
625,36,False,False,True,upper_bound,-0.1917355894313838,-0.035752309907211295,16,82
625,36,False,False,True,upper_bound_with_inhaler,-0.1917355894313838,-0.035752309907211295,16,83
625,36,True,False,False,one_hot,-0.10121548141985907,-0.10121548141985907,16,84
625,36,True,False,False,lower_bound,0.04262115253070709,0.05767215611498681,16,85
625,36,True,False,False,midpoint,0.04262115253070709,-0.01787257609194989,16,86
625,36,True,False,False,midpoint_with_inhaler,0.04262115253070709,-0.01787257609194989,16,87
625,36,True,False,False,upper_bound,0.04262115253070709,-0.06961705422786586,16,88
625,36,True,False,False,upper_bound_with_inhaler,0.04262115253070709,-0.06961705422786586,16,89
625,36,True,False,True,one_hot,-0.10121548141985907,-0.10121548141985907,16,90
625,36,True,False,True,lower_bound,0.04262115253070709,0.05767215611498681,16,91
625,36,True,False,True,midpoint,0.04262115253070709,-0.01787257609194989,16,92
625,36,True,False,True,midpoint_with_inhaler,0.04262115253070709,-0.01787257609194989,16,93
625,36,True,False,True,upper_bound,0.04262115253070709,-0.06961705422786586,16,94
625,36,True,False,True,upper_bound_with_inhaler,0.04262115253070709,-0.06961705422786586,16,95
625,48,False,False,False,one_hot,-0.23177291660755062,-0.23177291660755062,16,96
625,48,False,False,False,lower_bound,0.3876404168785681,0.5981545215840648,16,97
625,48,False,False,False,midpoint,0.3876404168785681,0.5145112181887301,16,98
625,48,False,False,False,midpoint_with_inhaler,0.3876404168785681,0.5145112181887301,16,99
625,48,False,False,False,upper_bound,0.3876404168785681,0.4440899233530647,16,100
625,48,False,False,False,upper_bound_with_inhaler,0.3876404168785681,0.4440899233530647,16,101
625,48,False,False,True,one_hot,-0.23177291660755062,-0.23177291660755062,16,102
625,48,False,False,True,lower_bound,0.3876404168785681,0.5981545215840648,16,103
625,48,False,False,True,midpoint,0.3876404168785681,0.5145112181887301,16,104
625,48,False,False,True,midpoint_with_inhaler,0.3876404168785681,0.5145112181887301,16,105
625,48,False,False,True,upper_bound,0.3876404168785681,0.4440899233530647,16,106
625,48,False,False,True,upper_bound_with_inhaler,0.3876404168785681,0.4440899233530647,16,107
625,48,False,True,False,one_hot,0.3811393090159241,0.3811393090159241,16,108
625,48,False,True,False,lower_bound,0.5519987056368005,0.5460030566402195,16,109
625,48,False,True,False,midpoint,0.5519987056368005,0.5916598728980879,16,110
625,48,False,True,False,midpoint_with_inhaler,0.5519987056368005,0.5916598728980879,16,111
625,48,False,True,False,upper_bound,0.5519987056368005,0.602799344310555,16,112
625,48,False,True,False,upper_bound_with_inhaler,0.5519987056368005,0.602799344310555,16,113
625,48,False,True,True,one_hot,0.3811393090159241,0.3811393090159241,16,114
625,48,False,True,True,lower_bound,0.5519987056368005,0.5460030566402195,16,115
625,48,False,True,True,midpoint,0.5519987056368005,0.5916598728980879,16,116
625,48,False,True,True,midpoint_with_inhaler,0.5519987056368005,0.5916598728980879,16,117
625,48,False,True,True,upper_bound,0.5519987056368005,0.602799344310555,16,118
625,48,False,True,True,upper_bound_with_inhaler,0.5519987056368005,0.602799344310555,16,119
625,48,True,False,False,one_hot,-0.051008913336260994,-0.051008913336260994,16,120
625,48,True,False,False,lower_bound,0.25444050318247624,0.5011735321789789,16,121
625,48,True,False,False,midpoint,0.25444050318247624,0.4720918344725017,16,122
625,48,True,False,False,midpoint_with_inhaler,0.25444050318247624,0.4720918344725017,16,123
625,48,True,False,False,upper_bound,0.25444050318247624,0.4352137370045931,16,124
625,48,True,False,False,upper_bound_with_inhaler,0.25444050318247624,0.4352137370045931,16,125
625,48,True,False,True,one_hot,-0.051008913336260994,-0.051008913336260994,16,126
625,48,True,False,True,lower_bound,0.25444050318247624,0.5011735321789789,16,127
625,48,True,False,True,midpoint,0.25444050318247624,0.4720918344725017,16,128
625,48,True,False,True,midpoint_with_inhaler,0.25444050318247624,0.4720918344725017,16,129
625,48,True,False,True,upper_bound,0.25444050318247624,0.4352137370045931,16,130
625,48,True,False,True,upper_bound_with_inhaler,0.25444050318247624,0.4352137370045931,16,131
701,12,False,False,False,one_hot,,,30,0
701,12,False,False,False,lower_bound,0.28863699108147006,0.27974703721456157,30,1
701,12,False,False,False,midpoint,0.28863699108147006,0.2942224642024293,30,2
701,12,False,False,False,midpoint_with_inhaler,0.28863699108147006,0.2942224642024293,30,3
701,12,False,False,False,upper_bound,0.28863699108147006,0.2950825246821075,30,4
701,12,False,False,False,upper_bound_with_inhaler,0.28863699108147006,0.2950825246821075,30,5
701,12,False,False,True,one_hot,,,30,6
701,12,False,False,True,lower_bound,0.28863699108147006,0.27974703721456157,30,7
701,12,False,False,True,midpoint,0.28863699108147006,0.2942224642024293,30,8
701,12,False,False,True,midpoint_with_inhaler,0.28863699108147006,0.2942224642024293,30,9
701,12,False,False,True,upper_bound,0.28863699108147006,0.2950825246821075,30,10
701,12,False,False,True,upper_bound_with_inhaler,0.28863699108147006,0.2950825246821075,30,11
701,12,False,True,False,one_hot,,,30,12
701,12,False,True,False,lower_bound,0.3853472740318273,0.39914780971036123,30,13
701,12,False,True,False,midpoint,0.3853472740318273,0.4005800490375745,30,14
701,12,False,True,False,midpoint_with_inhaler,0.3853472740318273,0.4005800490375745,30,15
701,12,False,True,False,upper_bound,0.3853472740318273,0.39571024300988344,30,16
701,12,False,True,False,upper_bound_with_inhaler,0.3853472740318273,0.39571024300988344,30,17
701,12,False,True,True,one_hot,,,30,18
701,12,False,True,True,lower_bound,0.3853472740318273,0.39914780971036123,30,19
701,12,False,True,True,midpoint,0.3853472740318273,0.4005800490375745,30,20
701,12,False,True,True,midpoint_with_inhaler,0.3853472740318273,0.4005800490375745,30,21
701,12,False,True,True,upper_bound,0.3853472740318273,0.39571024300988344,30,22
701,12,False,True,True,upper_bound_with_inhaler,0.3853472740318273,0.39571024300988344,30,23
701,12,True,False,False,one_hot,,,30,24
701,12,True,False,False,lower_bound,0.20235518962500026,0.23582659091166366,30,25
701,12,True,False,False,midpoint,0.20235518962500026,0.24193550715616816,30,26
701,12,True,False,False,midpoint_with_inhaler,0.20235518962500026,0.24193550715616816,30,27
701,12,True,False,False,upper_bound,0.20235518962500026,0.24749241140288877,30,28
701,12,True,False,False,upper_bound_with_inhaler,0.20235518962500026,0.24749241140288877,30,29
701,12,True,False,True,one_hot,,,30,30
701,12,True,False,True,lower_bound,0.20235518962500026,0.23582659091166366,30,31
701,12,True,False,True,midpoint,0.20235518962500026,0.24193550715616816,30,32
701,12,True,False,True,midpoint_with_inhaler,0.20235518962500026,0.24193550715616816,30,33
701,12,True,False,True,upper_bound,0.20235518962500026,0.24749241140288877,30,34
701,12,True,False,True,upper_bound_with_inhaler,0.20235518962500026,0.24749241140288877,30,35
701,24,False,False,False,one_hot,,,30,36
701,24,False,False,False,lower_bound,0.29954155341793387,0.32181289037244837,30,37
701,24,False,False,False,midpoint,0.29954155341793387,0.32663185815366635,30,38
701,24,False,False,False,midpoint_with_inhaler,0.29954155341793387,0.32663185815366635,30,39
701,24,False,False,False,upper_bound,0.29954155341793387,0.3270558394879105,30,40
701,24,False,False,False,upper_bound_with_inhaler,0.29954155341793387,0.3270558394879105,30,41
701,24,False,False,True,one_hot,,,30,42
701,24,False,False,True,lower_bound,0.29954155341793387,0.32181289037244837,30,43
701,24,False,False,True,midpoint,0.29954155341793387,0.32663185815366635,30,44
701,24,False,False,True,midpoint_with_inhaler,0.29954155341793387,0.32663185815366635,30,45
701,24,False,False,True,upper_bound,0.29954155341793387,0.3270558394879105,30,46
701,24,False,False,True,upper_bound_with_inhaler,0.29954155341793387,0.3270558394879105,30,47
701,24,False,True,False,one_hot,,,30,48
701,24,False,True,False,lower_bound,0.06045959955922776,0.014472881388239118,30,49
701,24,False,True,False,midpoint,0.06045959955922776,0.01047051857313312,30,50
701,24,False,True,False,midpoint_with_inhaler,0.06045959955922776,0.01047051857313312,30,51
701,24,False,True,False,upper_bound,0.06045959955922776,-0.001627921225153014,30,52
701,24,False,True,False,upper_bound_with_inhaler,0.06045959955922776,-0.001627921225153014,30,53
701,24,False,True,True,one_hot,,,30,54
701,24,False,True,True,lower_bound,0.06045959955922776,0.014472881388239118,30,55
701,24,False,True,True,midpoint,0.06045959955922776,0.01047051857313312,30,56
701,24,False,True,True,midpoint_with_inhaler,0.06045959955922776,0.01047051857313312,30,57
701,24,False,True,True,upper_bound,0.06045959955922776,-0.001627921225153014,30,58
701,24,False,True,True,upper_bound_with_inhaler,0.06045959955922776,-0.001627921225153014,30,59
701,24,True,False,False,one_hot,,,30,60
701,24,True,False,False,lower_bound,0.29954155341793387,0.32181289037244837,30,61
701,24,True,False,False,midpoint,0.29954155341793387,0.32663185815366635,30,62
701,24,True,False,False,midpoint_with_inhaler,0.29954155341793387,0.32663185815366635,30,63
701,24,True,False,False,upper_bound,0.29954155341793387,0.3270558394879105,30,64
701,24,True,False,False,upper_bound_with_inhaler,0.29954155341793387,0.3270558394879105,30,65
701,24,True,False,True,one_hot,,,30,66
701,24,True,False,True,lower_bound,0.29954155341793387,0.32181289037244837,30,67
701,24,True,False,True,midpoint,0.29954155341793387,0.32663185815366635,30,68
701,24,True,False,True,midpoint_with_inhaler,0.29954155341793387,0.32663185815366635,30,69
701,24,True,False,True,upper_bound,0.29954155341793387,0.3270558394879105,30,70
701,24,True,False,True,upper_bound_with_inhaler,0.29954155341793387,0.3270558394879105,30,71
701,36,False,False,False,one_hot,,,30,72
701,36,False,False,False,lower_bound,0.29278895335776345,0.35418547075938484,30,73
701,36,False,False,False,midpoint,0.29278895335776345,0.28714963482819145,30,74
701,36,False,False,False,midpoint_with_inhaler,0.29278895335776345,0.28714963482819145,30,75
701,36,False,False,False,upper_bound,0.29278895335776345,0.2514227089478458,30,76
701,36,False,False,False,upper_bound_with_inhaler,0.29278895335776345,0.2514227089478458,30,77
701,36,False,False,True,one_hot,,,30,78
701,36,False,False,True,lower_bound,0.29278895335776345,0.35418547075938484,30,79
701,36,False,False,True,midpoint,0.29278895335776345,0.28714963482819145,30,80
701,36,False,False,True,midpoint_with_inhaler,0.29278895335776345,0.28714963482819145,30,81
701,36,False,False,True,upper_bound,0.29278895335776345,0.2514227089478458,30,82
701,36,False,False,True,upper_bound_with_inhaler,0.29278895335776345,0.2514227089478458,30,83
701,36,True,False,False,one_hot,,,30,84
701,36,True,False,False,lower_bound,0.07741933683635085,0.1236370518080331,30,85
701,36,True,False,False,midpoint,0.07741933683635085,0.13340757208524118,30,86
701,36,True,False,False,midpoint_with_inhaler,0.07741933683635085,0.13340757208524118,30,87
701,36,True,False,False,upper_bound,0.07741933683635085,0.14591161379503223,30,88
701,36,True,False,False,upper_bound_with_inhaler,0.07741933683635085,0.14591161379503223,30,89
701,36,True,False,True,one_hot,,,30,90
701,36,True,False,True,lower_bound,0.07741933683635085,0.1236370518080331,30,91
701,36,True,False,True,midpoint,0.07741933683635085,0.13340757208524118,30,92
701,36,True,False,True,midpoint_with_inhaler,0.07741933683635085,0.13340757208524118,30,93
701,36,True,False,True,upper_bound,0.07741933683635085,0.14591161379503223,30,94
701,36,True,False,True,upper_bound_with_inhaler,0.07741933683635085,0.14591161379503223,30,95
701,48,False,False,False,one_hot,,,30,96
701,48,False,False,False,lower_bound,0.24416650013269897,0.35327522939714684,30,97
701,48,False,False,False,midpoint,0.24416650013269897,0.2822490552709522,30,98
701,48,False,False,False,midpoint_with_inhaler,0.24416650013269897,0.2822490552709522,30,99
701,48,False,False,False,upper_bound,0.24416650013269897,0.24622071194137476,30,100
701,48,False,False,False,upper_bound_with_inhaler,0.24416650013269897,0.24622071194137476,30,101
701,48,False,False,True,one_hot,,,30,102
701,48,False,False,True,lower_bound,0.24416650013269897,0.35327522939714684,30,103
701,48,False,False,True,midpoint,0.24416650013269897,0.2822490552709522,30,104
701,48,False,False,True,midpoint_with_inhaler,0.24416650013269897,0.2822490552709522,30,105
701,48,False,False,True,upper_bound,0.24416650013269897,0.24622071194137476,30,106
701,48,False,False,True,upper_bound_with_inhaler,0.24416650013269897,0.24622071194137476,30,107
701,48,False,True,False,one_hot,,,30,108
701,48,False,True,False,lower_bound,-0.11045141877195178,-0.13539888330540006,30,109
701,48,False,True,False,midpoint,-0.11045141877195178,-0.1354120370948555,30,110
701,48,False,True,False,midpoint_with_inhaler,-0.11045141877195178,-0.1354120370948555,30,111
701,48,False,True,False,upper_bound,-0.11045141877195178,-0.13848438720103687,30,112
701,48,False,True,False,upper_bound_with_inhaler,-0.11045141877195178,-0.13848438720103687,30,113
701,48,False,True,True,one_hot,,,30,114
701,48,False,True,True,lower_bound,-0.11045141877195178,-0.13539888330540006,30,115
701,48,False,True,True,midpoint,-0.11045141877195178,-0.1354120370948555,30,116
701,48,False,True,True,midpoint_with_inhaler,-0.11045141877195178,-0.1354120370948555,30,117
701,48,False,True,True,upper_bound,-0.11045141877195178,-0.13848438720103687,30,118
701,48,False,True,True,upper_bound_with_inhaler,-0.11045141877195178,-0.13848438720103687,30,119
701,48,True,False,False,one_hot,,,30,120
701,48,True,False,False,lower_bound,0.009050996040286936,0.0033614568968569976,30,121
701,48,True,False,False,midpoint,0.009050996040286936,0.0258366599226199,30,122
701,48,True,False,False,midpoint_with_inhaler,0.009050996040286936,0.0258366599226199,30,123
701,48,True,False,False,upper_bound,0.009050996040286936,0.03758263157195116,30,124
701,48,True,False,False,upper_bound_with_inhaler,0.009050996040286936,0.03758263157195116,30,125
701,48,True,False,True,one_hot,,,30,126
701,48,True,False,True,lower_bound,0.009050996040286936,0.0033614568968569976,30,127
701,48,True,False,True,midpoint,0.009050996040286936,0.0258366599226199,30,128
701,48,True,False,True,midpoint_with_inhaler,0.009050996040286936,0.0258366599226199,30,129
701,48,True,False,True,upper_bound,0.009050996040286936,0.03758263157195116,30,130
701,48,True,False,True,upper_bound_with_inhaler,0.009050996040286936,0.03758263157195116,30,131
702,12,False,False,False,one_hot,0.6031953042162688,0.6031953042162688,120,0
702,12,False,False,False,lower_bound,0.646253603096526,0.9419986347017226,120,1
702,12,False,False,False,midpoint,0.646253603096526,0.8522590700070704,120,2
702,12,False,False,False,midpoint_with_inhaler,0.646253603096526,0.8522590700070704,120,3
702,12,False,False,False,upper_bound,0.646253603096526,0.7945501606682898,120,4
702,12,False,False,False,upper_bound_with_inhaler,0.646253603096526,0.7945501606682898,120,5
702,12,False,False,True,one_hot,0.6031953042162688,0.6031953042162688,120,6
702,12,False,False,True,lower_bound,0.646253603096526,0.9419986347017226,120,7
702,12,False,False,True,midpoint,0.646253603096526,0.8522590700070704,120,8
702,12,False,False,True,midpoint_with_inhaler,0.646253603096526,0.8522590700070704,120,9
702,12,False,False,True,upper_bound,0.646253603096526,0.7945501606682898,120,10
702,12,False,False,True,upper_bound_with_inhaler,0.646253603096526,0.7945501606682898,120,11
702,12,False,True,False,one_hot,0.2757419262745833,0.2757419262745833,120,12
702,12,False,True,False,lower_bound,0.3553071362990724,0.4945061354653342,120,13
702,12,False,True,False,midpoint,0.3553071362990724,0.48284637784631823,120,14
702,12,False,True,False,midpoint_with_inhaler,0.3553071362990724,0.48284637784631823,120,15
702,12,False,True,False,upper_bound,0.3553071362990724,0.4687914670044186,120,16
702,12,False,True,False,upper_bound_with_inhaler,0.3553071362990724,0.4687914670044186,120,17
702,12,False,True,True,one_hot,0.2757419262745833,0.2757419262745833,120,18
702,12,False,True,True,lower_bound,0.3553071362990724,0.4945061354653342,120,19
702,12,False,True,True,midpoint,0.3553071362990724,0.48284637784631823,120,20
702,12,False,True,True,midpoint_with_inhaler,0.3553071362990724,0.48284637784631823,120,21
702,12,False,True,True,upper_bound,0.3553071362990724,0.4687914670044186,120,22
702,12,False,True,True,upper_bound_with_inhaler,0.3553071362990724,0.4687914670044186,120,23
702,12,True,False,False,one_hot,0.351496703765744,0.351496703765744,120,24
702,12,True,False,False,lower_bound,0.44918486108064526,0.8521990000509457,120,25
702,12,True,False,False,midpoint,0.44918486108064526,0.8112030351520915,120,26
702,12,True,False,False,midpoint_with_inhaler,0.44918486108064526,0.8112030351520915,120,27
702,12,True,False,False,upper_bound,0.44918486108064526,0.7784455725853194,120,28
702,12,True,False,False,upper_bound_with_inhaler,0.44918486108064526,0.7784455725853194,120,29
702,12,True,False,True,one_hot,0.351496703765744,0.351496703765744,120,30
702,12,True,False,True,lower_bound,0.44918486108064526,0.8521990000509457,120,31
702,12,True,False,True,midpoint,0.44918486108064526,0.8112030351520915,120,32
702,12,True,False,True,midpoint_with_inhaler,0.44918486108064526,0.8112030351520915,120,33
702,12,True,False,True,upper_bound,0.44918486108064526,0.7784455725853194,120,34
702,12,True,False,True,upper_bound_with_inhaler,0.44918486108064526,0.7784455725853194,120,35
702,24,False,False,False,one_hot,0.6418215030176453,0.6418215030176453,120,36
702,24,False,False,False,lower_bound,0.7299183946690587,1.178840998832822,120,37
702,24,False,False,False,midpoint,0.7299183946690587,1.1275873824123892,120,38
702,24,False,False,False,midpoint_with_inhaler,0.7299183946690587,1.1275873824123892,120,39
702,24,False,False,False,upper_bound,0.7299183946690587,1.0820581308671477,120,40
702,24,False,False,False,upper_bound_with_inhaler,0.7299183946690587,1.0820581308671477,120,41
702,24,False,False,True,one_hot,0.6418215030176453,0.6418215030176453,120,42
702,24,False,False,True,lower_bound,0.7299183946690587,1.178840998832822,120,43
702,24,False,False,True,midpoint,0.7299183946690587,1.1275873824123892,120,44
702,24,False,False,True,midpoint_with_inhaler,0.7299183946690587,1.1275873824123892,120,45
702,24,False,False,True,upper_bound,0.7299183946690587,1.0820581308671477,120,46
702,24,False,False,True,upper_bound_with_inhaler,0.7299183946690587,1.0820581308671477,120,47
702,24,False,True,False,one_hot,0.47050306357165644,0.4705030635716564,120,48
702,24,False,True,False,lower_bound,0.5598317034383817,0.9380535466963092,120,49
702,24,False,True,False,midpoint,0.5598317034383817,0.8923530423523661,120,50
702,24,False,True,False,midpoint_with_inhaler,0.5598317034383817,0.8923530423523661,120,51
702,24,False,True,False,upper_bound,0.5598317034383817,0.8561123708654435,120,52
702,24,False,True,False,upper_bound_with_inhaler,0.5598317034383817,0.8561123708654435,120,53
702,24,False,True,True,one_hot,0.47050306357165644,0.4705030635716564,120,54
702,24,False,True,True,lower_bound,0.5598317034383817,0.9380535466963092,120,55
702,24,False,True,True,midpoint,0.5598317034383817,0.8923530423523661,120,56
702,24,False,True,True,midpoint_with_inhaler,0.5598317034383817,0.8923530423523661,120,57
702,24,False,True,True,upper_bound,0.5598317034383817,0.8561123708654435,120,58
702,24,False,True,True,upper_bound_with_inhaler,0.5598317034383817,0.8561123708654435,120,59
702,24,True,False,False,one_hot,0.6418215030176453,0.6418215030176453,120,60
702,24,True,False,False,lower_bound,0.7299183946690587,1.178840998832822,120,61
702,24,True,False,False,midpoint,0.7299183946690587,1.1275873824123892,120,62
702,24,True,False,False,midpoint_with_inhaler,0.7299183946690587,1.1275873824123892,120,63
702,24,True,False,False,upper_bound,0.7299183946690587,1.0820581308671477,120,64
702,24,True,False,False,upper_bound_with_inhaler,0.7299183946690587,1.0820581308671477,120,65
702,24,True,False,True,one_hot,0.6418215030176453,0.6418215030176453,120,66
702,24,True,False,True,lower_bound,0.7299183946690587,1.178840998832822,120,67
702,24,True,False,True,midpoint,0.7299183946690587,1.1275873824123892,120,68
702,24,True,False,True,midpoint_with_inhaler,0.7299183946690587,1.1275873824123892,120,69
702,24,True,False,True,upper_bound,0.7299183946690587,1.0820581308671477,120,70
702,24,True,False,True,upper_bound_with_inhaler,0.7299183946690587,1.0820581308671477,120,71
702,36,False,False,False,one_hot,0.5578354811248829,0.5578354811248829,120,72
702,36,False,False,False,lower_bound,0.6962175384857152,1.2041963322916396,120,73
702,36,False,False,False,midpoint,0.6962175384857152,1.1666408966635873,120,74
702,36,False,False,False,midpoint_with_inhaler,0.6962175384857152,1.1666408966635873,120,75
702,36,False,False,False,upper_bound,0.6962175384857152,1.1234796497071335,120,76
702,36,False,False,False,upper_bound_with_inhaler,0.6962175384857152,1.1234796497071335,120,77
702,36,False,False,True,one_hot,0.5578354811248829,0.5578354811248829,120,78
702,36,False,False,True,lower_bound,0.6962175384857152,1.2041963322916396,120,79
702,36,False,False,True,midpoint,0.6962175384857152,1.1666408966635873,120,80
702,36,False,False,True,midpoint_with_inhaler,0.6962175384857152,1.1666408966635873,120,81
702,36,False,False,True,upper_bound,0.6962175384857152,1.1234796497071335,120,82
702,36,False,False,True,upper_bound_with_inhaler,0.6962175384857152,1.1234796497071335,120,83
702,36,True,False,False,one_hot,0.3801995840444848,0.3801995840444848,120,84
702,36,True,False,False,lower_bound,0.45394514979237816,0.7388178152084877,120,85
702,36,True,False,False,midpoint,0.45394514979237816,0.6837599192983873,120,86
702,36,True,False,False,midpoint_with_inhaler,0.45394514979237816,0.6837599192983873,120,87
702,36,True,False,False,upper_bound,0.45394514979237816,0.6411404324307607,120,88
702,36,True,False,False,upper_bound_with_inhaler,0.45394514979237816,0.6411404324307607,120,89
702,36,True,False,True,one_hot,0.3801995840444848,0.3801995840444848,120,90
702,36,True,False,True,lower_bound,0.45394514979237816,0.7388178152084877,120,91
702,36,True,False,True,midpoint,0.45394514979237816,0.6837599192983873,120,92
702,36,True,False,True,midpoint_with_inhaler,0.45394514979237816,0.6837599192983873,120,93
702,36,True,False,True,upper_bound,0.45394514979237816,0.6411404324307607,120,94
702,36,True,False,True,upper_bound_with_inhaler,0.45394514979237816,0.6411404324307607,120,95
702,48,False,False,False,one_hot,0.3778067170399742,0.37780671703997426,120,96
702,48,False,False,False,lower_bound,0.5774922322181923,1.0739001635217436,120,97
702,48,False,False,False,midpoint,0.5774922322181923,1.0369092872188468,120,98
702,48,False,False,False,midpoint_with_inhaler,0.5774922322181923,1.0369092872188468,120,99
702,48,False,False,False,upper_bound,0.5774922322181923,0.9967615003861222,120,100
702,48,False,False,False,upper_bound_with_inhaler,0.5774922322181923,0.9967615003861222,120,101
702,48,False,False,True,one_hot,0.3778067170399742,0.37780671703997426,120,102
702,48,False,False,True,lower_bound,0.5774922322181923,1.0739001635217436,120,103
702,48,False,False,True,midpoint,0.5774922322181923,1.0369092872188468,120,104
702,48,False,False,True,midpoint_with_inhaler,0.5774922322181923,1.0369092872188468,120,105
702,48,False,False,True,upper_bound,0.5774922322181923,0.9967615003861222,120,106
702,48,False,False,True,upper_bound_with_inhaler,0.5774922322181923,0.9967615003861222,120,107
702,48,False,True,False,one_hot,0.1908789659884496,0.1908789659884496,120,108
702,48,False,True,False,lower_bound,0.24872306217949275,0.4439972802849167,120,109
702,48,False,True,False,midpoint,0.24872306217949275,0.41020714028365235,120,110
702,48,False,True,False,midpoint_with_inhaler,0.24872306217949275,0.41020714028365235,120,111
702,48,False,True,False,upper_bound,0.24872306217949275,0.38272562385612974,120,112
702,48,False,True,False,upper_bound_with_inhaler,0.24872306217949275,0.38272562385612974,120,113
702,48,False,True,True,one_hot,0.1908789659884496,0.1908789659884496,120,114
702,48,False,True,True,lower_bound,0.24872306217949275,0.4439972802849167,120,115
702,48,False,True,True,midpoint,0.24872306217949275,0.41020714028365235,120,116
702,48,False,True,True,midpoint_with_inhaler,0.24872306217949275,0.41020714028365235,120,117
702,48,False,True,True,upper_bound,0.24872306217949275,0.38272562385612974,120,118
702,48,False,True,True,upper_bound_with_inhaler,0.24872306217949275,0.38272562385612974,120,119
702,48,True,False,False,one_hot,0.45770509407536974,0.45770509407536974,120,120
702,48,True,False,False,lower_bound,0.4982318337822447,0.5929148259941588,120,121
702,48,True,False,False,midpoint,0.4982318337822447,0.5858394462810788,120,122
702,48,True,False,False,midpoint_with_inhaler,0.4982318337822447,0.5858394462810788,120,123
702,48,True,False,False,upper_bound,0.4982318337822447,0.5749834289277679,120,124
702,48,True,False,False,upper_bound_with_inhaler,0.4982318337822447,0.5749834289277679,120,125
702,48,True,False,True,one_hot,0.45770509407536974,0.45770509407536974,120,126
702,48,True,False,True,lower_bound,0.4982318337822447,0.5929148259941588,120,127
702,48,True,False,True,midpoint,0.4982318337822447,0.5858394462810788,120,128
702,48,True,False,True,midpoint_with_inhaler,0.4982318337822447,0.5858394462810788,120,129
702,48,True,False,True,upper_bound,0.4982318337822447,0.5749834289277679,120,130
702,48,True,False,True,upper_bound_with_inhaler,0.4982318337822447,0.5749834289277679,120,131
917,12,False,False,False,one_hot,0.6183813135744636,0.6183813135744636,9,0
917,12,False,False,False,lower_bound,1.0345701870184785,1.3712838560479947,9,1
917,12,False,False,False,midpoint,1.0345701870184785,1.395213841345499,9,2
917,12,False,False,False,midpoint_with_inhaler,1.0345701870184785,1.395213841345499,9,3
917,12,False,False,False,upper_bound,1.0345701870184785,1.370952902216443,9,4
917,12,False,False,False,upper_bound_with_inhaler,1.0345701870184785,1.370952902216443,9,5
917,12,False,False,True,one_hot,0.6183813135744636,0.6183813135744636,9,6
917,12,False,False,True,lower_bound,1.0345701870184785,1.3712838560479947,9,7
917,12,False,False,True,midpoint,1.0345701870184785,1.395213841345499,9,8
917,12,False,False,True,midpoint_with_inhaler,1.0345701870184785,1.395213841345499,9,9
917,12,False,False,True,upper_bound,1.0345701870184785,1.370952902216443,9,10
917,12,False,False,True,upper_bound_with_inhaler,1.0345701870184785,1.370952902216443,9,11
917,12,False,True,False,one_hot,,,9,12
917,12,False,True,False,lower_bound,0.807581527321419,0.8573950133068088,9,13
917,12,False,True,False,midpoint,0.807581527321419,0.8515301877222653,9,14
917,12,False,True,False,midpoint_with_inhaler,0.807581527321419,0.8515301877222653,9,15
917,12,False,True,False,upper_bound,0.807581527321419,0.8249814744299925,9,16
917,12,False,True,False,upper_bound_with_inhaler,0.807581527321419,0.8249814744299925,9,17
917,12,False,True,True,one_hot,,,9,18
917,12,False,True,True,lower_bound,0.807581527321419,0.8573950133068088,9,19
917,12,False,True,True,midpoint,0.807581527321419,0.8515301877222653,9,20
917,12,False,True,True,midpoint_with_inhaler,0.807581527321419,0.8515301877222653,9,21
917,12,False,True,True,upper_bound,0.807581527321419,0.8249814744299925,9,22
917,12,False,True,True,upper_bound_with_inhaler,0.807581527321419,0.8249814744299925,9,23
917,12,True,False,False,one_hot,0.6894278330666723,0.6894278330666723,9,24
917,12,True,False,False,lower_bound,0.8332341464454481,1.0095852860300658,9,25
917,12,True,False,False,midpoint,0.8332341464454481,1.0955050625838174,9,26
917,12,True,False,False,midpoint_with_inhaler,0.8332341464454481,1.0955050625838174,9,27
917,12,True,False,False,upper_bound,0.8332341464454481,1.1275023745613129,9,28
917,12,True,False,False,upper_bound_with_inhaler,0.8332341464454481,1.1275023745613129,9,29
917,12,True,False,True,one_hot,0.6894278330666723,0.6894278330666723,9,30
917,12,True,False,True,lower_bound,0.8332341464454481,1.0095852860300658,9,31
917,12,True,False,True,midpoint,0.8332341464454481,1.0955050625838174,9,32
917,12,True,False,True,midpoint_with_inhaler,0.8332341464454481,1.0955050625838174,9,33
917,12,True,False,True,upper_bound,0.8332341464454481,1.1275023745613129,9,34
917,12,True,False,True,upper_bound_with_inhaler,0.8332341464454481,1.1275023745613129,9,35
917,24,False,False,False,one_hot,0.4180480042601457,0.4180480042601458,9,36
917,24,False,False,False,lower_bound,1.275113531822125,0.9911961799866943,9,37
917,24,False,False,False,midpoint,1.275113531822125,1.0271461115266924,9,38
917,24,False,False,False,midpoint_with_inhaler,1.275113531822125,1.0271461115266924,9,39
917,24,False,False,False,upper_bound,1.275113531822125,1.0428662880177335,9,40
917,24,False,False,False,upper_bound_with_inhaler,1.275113531822125,1.0428662880177335,9,41
917,24,False,False,True,one_hot,0.4180480042601457,0.4180480042601458,9,42
917,24,False,False,True,lower_bound,1.275113531822125,0.9911961799866943,9,43
917,24,False,False,True,midpoint,1.275113531822125,1.0271461115266924,9,44
917,24,False,False,True,midpoint_with_inhaler,1.275113531822125,1.0271461115266924,9,45
917,24,False,False,True,upper_bound,1.275113531822125,1.0428662880177335,9,46
917,24,False,False,True,upper_bound_with_inhaler,1.275113531822125,1.0428662880177335,9,47
917,24,False,True,False,one_hot,0.4180480042601457,0.4180480042601458,9,48
917,24,False,True,False,lower_bound,0.7448649741840664,0.9791317192731284,9,49
917,24,False,True,False,midpoint,0.7448649741840664,1.0555991737057728,9,50
917,24,False,True,False,midpoint_with_inhaler,0.7448649741840664,1.0555991737057728,9,51
917,24,False,True,False,upper_bound,0.7448649741840664,1.0784647724540606,9,52
917,24,False,True,False,upper_bound_with_inhaler,0.7448649741840664,1.0784647724540606,9,53
917,24,False,True,True,one_hot,0.4180480042601457,0.4180480042601458,9,54
917,24,False,True,True,lower_bound,0.7448649741840664,0.9791317192731284,9,55
917,24,False,True,True,midpoint,0.7448649741840664,1.0555991737057728,9,56
917,24,False,True,True,midpoint_with_inhaler,0.7448649741840664,1.0555991737057728,9,57
917,24,False,True,True,upper_bound,0.7448649741840664,1.0784647724540606,9,58
917,24,False,True,True,upper_bound_with_inhaler,0.7448649741840664,1.0784647724540606,9,59
917,24,True,False,False,one_hot,0.4180480042601457,0.4180480042601458,9,60
917,24,True,False,False,lower_bound,1.275113531822125,0.9911961799866943,9,61
917,24,True,False,False,midpoint,1.275113531822125,1.0271461115266924,9,62
917,24,True,False,False,midpoint_with_inhaler,1.275113531822125,1.0271461115266924,9,63
917,24,True,False,False,upper_bound,1.275113531822125,1.0428662880177335,9,64
917,24,True,False,False,upper_bound_with_inhaler,1.275113531822125,1.0428662880177335,9,65
917,24,True,False,True,one_hot,0.4180480042601457,0.4180480042601458,9,66
917,24,True,False,True,lower_bound,1.275113531822125,0.9911961799866943,9,67
917,24,True,False,True,midpoint,1.275113531822125,1.0271461115266924,9,68
917,24,True,False,True,midpoint_with_inhaler,1.275113531822125,1.0271461115266924,9,69
917,24,True,False,True,upper_bound,1.275113531822125,1.0428662880177335,9,70
917,24,True,False,True,upper_bound_with_inhaler,1.275113531822125,1.0428662880177335,9,71
917,36,False,False,False,one_hot,,,9,72
917,36,False,False,False,lower_bound,1.034570187018479,1.4017899201108337,9,73
917,36,False,False,False,midpoint,1.034570187018479,1.3939816405642547,9,74
917,36,False,False,False,midpoint_with_inhaler,1.034570187018479,1.3939816405642547,9,75
917,36,False,False,False,upper_bound,1.034570187018479,1.3784848985353164,9,76
917,36,False,False,False,upper_bound_with_inhaler,1.034570187018479,1.3784848985353164,9,77
917,36,False,False,True,one_hot,,,9,78
917,36,False,False,True,lower_bound,1.034570187018479,1.4017899201108337,9,79
917,36,False,False,True,midpoint,1.034570187018479,1.3939816405642547,9,80
917,36,False,False,True,midpoint_with_inhaler,1.034570187018479,1.3939816405642547,9,81
917,36,False,False,True,upper_bound,1.034570187018479,1.3784848985353164,9,82
917,36,False,False,True,upper_bound_with_inhaler,1.034570187018479,1.3784848985353164,9,83
917,36,True,False,False,one_hot,,,9,84
917,36,True,False,False,lower_bound,1.0292929815966976,0.8022858253563304,9,85
917,36,True,False,False,midpoint,1.0292929815966976,0.7869560736739774,9,86
917,36,True,False,False,midpoint_with_inhaler,1.0292929815966976,0.7869560736739774,9,87
917,36,True,False,False,upper_bound,1.0292929815966976,0.7750287209249122,9,88
917,36,True,False,False,upper_bound_with_inhaler,1.0292929815966976,0.7750287209249122,9,89
917,36,True,False,True,one_hot,,,9,90
917,36,True,False,True,lower_bound,1.0292929815966976,0.8022858253563304,9,91
917,36,True,False,True,midpoint,1.0292929815966976,0.7869560736739774,9,92
917,36,True,False,True,midpoint_with_inhaler,1.0292929815966976,0.7869560736739774,9,93
917,36,True,False,True,upper_bound,1.0292929815966976,0.7750287209249122,9,94
917,36,True,False,True,upper_bound_with_inhaler,1.0292929815966976,0.7750287209249122,9,95
917,48,False,False,False,one_hot,,,9,96
917,48,False,False,False,lower_bound,0.8962671175565163,1.2728034297717539,9,97
917,48,False,False,False,midpoint,0.8962671175565163,1.26272260877917,9,98
917,48,False,False,False,midpoint_with_inhaler,0.8962671175565163,1.2895813067436763,9,99
917,48,False,False,False,upper_bound,0.8962671175565163,1.1994906347488101,9,100
917,48,False,False,False,upper_bound_with_inhaler,0.8962671175565163,1.2484966126924302,9,101
917,48,False,False,True,one_hot,,,9,102
917,48,False,False,True,lower_bound,0.8962671175565163,1.2728034297717539,9,103
917,48,False,False,True,midpoint,0.8962671175565163,1.26272260877917,9,104
917,48,False,False,True,midpoint_with_inhaler,0.8962671175565163,1.2895813067436763,9,105
917,48,False,False,True,upper_bound,0.8962671175565163,1.1994906347488101,9,106
917,48,False,False,True,upper_bound_with_inhaler,0.8962671175565163,1.2484966126924302,9,107
917,48,False,True,False,one_hot,,,9,108
917,48,False,True,False,lower_bound,0.6666493613356207,0.6961106063011917,9,109
917,48,False,True,False,midpoint,0.6666493613356207,0.6541350492585197,9,110
917,48,False,True,False,midpoint_with_inhaler,0.6666493613356207,0.6541350492585197,9,111
917,48,False,True,False,upper_bound,0.6666493613356207,0.6232669766182228,9,112
917,48,False,True,False,upper_bound_with_inhaler,0.6666493613356207,0.6232669766182228,9,113
917,48,False,True,True,one_hot,,,9,114
917,48,False,True,True,lower_bound,0.6666493613356207,0.6961106063011917,9,115
917,48,False,True,True,midpoint,0.6666493613356207,0.6541350492585197,9,116
917,48,False,True,True,midpoint_with_inhaler,0.6666493613356207,0.6541350492585197,9,117
917,48,False,True,True,upper_bound,0.6666493613356207,0.6232669766182228,9,118
917,48,False,True,True,upper_bound_with_inhaler,0.6666493613356207,0.6232669766182228,9,119
917,48,True,False,False,one_hot,,,9,120
917,48,True,False,False,lower_bound,0.6257749905628911,0.8365353071121605,9,121
917,48,True,False,False,midpoint,0.6257749905628911,0.9371080055992829,9,122
917,48,True,False,False,midpoint_with_inhaler,0.6257749905628911,0.9371080055992829,9,123
917,48,True,False,False,upper_bound,0.6257749905628911,0.9788079903906127,9,124
917,48,True,False,False,upper_bound_with_inhaler,0.6257749905628911,0.9788079903906127,9,125
917,48,True,False,True,one_hot,,,9,126
917,48,True,False,True,lower_bound,0.6257749905628911,0.8365353071121605,9,127
917,48,True,False,True,midpoint,0.6257749905628911,0.9371080055992829,9,128
917,48,True,False,True,midpoint_with_inhaler,0.6257749905628911,0.9371080055992829,9,129
917,48,True,False,True,upper_bound,0.6257749905628911,0.9788079903906127,9,130
917,48,True,False,True,upper_bound_with_inhaler,0.6257749905628911,0.9788079903906127,9,131
939,12,False,False,False,one_hot,0.01740282236723427,0.01740282236723428,158,0
939,12,False,False,False,lower_bound,0.2837834445209031,0.30028519867318737,158,1
939,12,False,False,False,midpoint,0.2837834445209031,0.27014529230356227,158,2
939,12,False,False,False,midpoint_with_inhaler,0.2837834445209031,0.27014529230356227,158,3
939,12,False,False,False,upper_bound,0.2837834445209031,0.24085062080098735,158,4
939,12,False,False,False,upper_bound_with_inhaler,0.2837834445209031,0.24085062080098735,158,5
939,12,False,False,True,one_hot,0.01740282236723427,0.01740282236723428,158,6
939,12,False,False,True,lower_bound,0.2837834445209031,0.30028519867318737,158,7
939,12,False,False,True,midpoint,0.2837834445209031,0.27014529230356227,158,8
939,12,False,False,True,midpoint_with_inhaler,0.2837834445209031,0.27014529230356227,158,9
939,12,False,False,True,upper_bound,0.2837834445209031,0.24085062080098735,158,10
939,12,False,False,True,upper_bound_with_inhaler,0.2837834445209031,0.24085062080098735,158,11
939,12,False,True,False,one_hot,,,158,12
939,12,False,True,False,lower_bound,0.31064678241475263,0.41536070024199007,158,13
939,12,False,True,False,midpoint,0.31064678241475263,0.39081256437060036,158,14
939,12,False,True,False,midpoint_with_inhaler,0.31064678241475263,0.39081256437060036,158,15
939,12,False,True,False,upper_bound,0.31064678241475263,0.3627143343758761,158,16
939,12,False,True,False,upper_bound_with_inhaler,0.31064678241475263,0.3627143343758761,158,17
939,12,False,True,True,one_hot,,,158,18
939,12,False,True,True,lower_bound,0.31064678241475263,0.41536070024199007,158,19
939,12,False,True,True,midpoint,0.31064678241475263,0.39081256437060036,158,20
939,12,False,True,True,midpoint_with_inhaler,0.31064678241475263,0.39081256437060036,158,21
939,12,False,True,True,upper_bound,0.31064678241475263,0.3627143343758761,158,22
939,12,False,True,True,upper_bound_with_inhaler,0.31064678241475263,0.3627143343758761,158,23
939,12,True,False,False,one_hot,,,158,24
939,12,True,False,False,lower_bound,0.29395905029909536,0.397119830595139,158,25
939,12,True,False,False,midpoint,0.29395905029909536,0.3599586976398348,158,26
939,12,True,False,False,midpoint_with_inhaler,0.29395905029909536,0.3599586976398348,158,27
939,12,True,False,False,upper_bound,0.29395905029909536,0.3249999197194246,158,28
939,12,True,False,False,upper_bound_with_inhaler,0.29395905029909536,0.3249999197194246,158,29
939,12,True,False,True,one_hot,,,158,30
939,12,True,False,True,lower_bound,0.29395905029909536,0.397119830595139,158,31
939,12,True,False,True,midpoint,0.29395905029909536,0.3599586976398348,158,32
939,12,True,False,True,midpoint_with_inhaler,0.29395905029909536,0.3599586976398348,158,33
939,12,True,False,True,upper_bound,0.29395905029909536,0.3249999197194246,158,34
939,12,True,False,True,upper_bound_with_inhaler,0.29395905029909536,0.3249999197194246,158,35
939,24,False,False,False,one_hot,,,158,36
939,24,False,False,False,lower_bound,0.42537930642585037,0.49133307709296775,158,37
939,24,False,False,False,midpoint,0.42537930642585037,0.4764009675885735,158,38
939,24,False,False,False,midpoint_with_inhaler,0.42537930642585037,0.4764009675885735,158,39
939,24,False,False,False,upper_bound,0.42537930642585037,0.4587365843553434,158,40
939,24,False,False,False,upper_bound_with_inhaler,0.42537930642585037,0.4587365843553434,158,41
939,24,False,False,True,one_hot,,,158,42
939,24,False,False,True,lower_bound,0.42537930642585037,0.49133307709296775,158,43
939,24,False,False,True,midpoint,0.42537930642585037,0.4764009675885735,158,44
939,24,False,False,True,midpoint_with_inhaler,0.42537930642585037,0.4764009675885735,158,45
939,24,False,False,True,upper_bound,0.42537930642585037,0.4587365843553434,158,46
939,24,False,False,True,upper_bound_with_inhaler,0.42537930642585037,0.4587365843553434,158,47
939,24,False,True,False,one_hot,,,158,48
939,24,False,True,False,lower_bound,0.43459700725247136,0.5153482384080148,158,49
939,24,False,True,False,midpoint,0.43459700725247136,0.5310632809429037,158,50
939,24,False,True,False,midpoint_with_inhaler,0.43459700725247136,0.5310632809429037,158,51
939,24,False,True,False,upper_bound,0.43459700725247136,0.5289564427246847,158,52
939,24,False,True,False,upper_bound_with_inhaler,0.43459700725247136,0.5289564427246847,158,53
939,24,False,True,True,one_hot,,,158,54
939,24,False,True,True,lower_bound,0.43459700725247136,0.5153482384080148,158,55
939,24,False,True,True,midpoint,0.43459700725247136,0.5310632809429037,158,56
939,24,False,True,True,midpoint_with_inhaler,0.43459700725247136,0.5310632809429037,158,57
939,24,False,True,True,upper_bound,0.43459700725247136,0.5289564427246847,158,58
939,24,False,True,True,upper_bound_with_inhaler,0.43459700725247136,0.5289564427246847,158,59
939,24,True,False,False,one_hot,,,158,60
939,24,True,False,False,lower_bound,0.42537930642585037,0.49133307709296775,158,61
939,24,True,False,False,midpoint,0.42537930642585037,0.4764009675885735,158,62
939,24,True,False,False,midpoint_with_inhaler,0.42537930642585037,0.4764009675885735,158,63
939,24,True,False,False,upper_bound,0.42537930642585037,0.4587365843553434,158,64
939,24,True,False,False,upper_bound_with_inhaler,0.42537930642585037,0.4587365843553434,158,65
939,24,True,False,True,one_hot,,,158,66
939,24,True,False,True,lower_bound,0.42537930642585037,0.49133307709296775,158,67
939,24,True,False,True,midpoint,0.42537930642585037,0.4764009675885735,158,68
939,24,True,False,True,midpoint_with_inhaler,0.42537930642585037,0.4764009675885735,158,69
939,24,True,False,True,upper_bound,0.42537930642585037,0.4587365843553434,158,70
939,24,True,False,True,upper_bound_with_inhaler,0.42537930642585037,0.4587365843553434,158,71
939,36,False,False,False,one_hot,,,158,72
939,36,False,False,False,lower_bound,0.38096281807484855,0.48973467221954253,158,73
939,36,False,False,False,midpoint,0.38096281807484855,0.44200362180318514,158,74
939,36,False,False,False,midpoint_with_inhaler,0.38096281807484855,0.44200362180318514,158,75
939,36,False,False,False,upper_bound,0.38096281807484855,0.4050282883437734,158,76
939,36,False,False,False,upper_bound_with_inhaler,0.38096281807484855,0.4050282883437734,158,77
939,36,False,False,True,one_hot,,,158,78
939,36,False,False,True,lower_bound,0.38096281807484855,0.48973467221954253,158,79
939,36,False,False,True,midpoint,0.38096281807484855,0.44200362180318514,158,80
939,36,False,False,True,midpoint_with_inhaler,0.38096281807484855,0.44200362180318514,158,81
939,36,False,False,True,upper_bound,0.38096281807484855,0.4050282883437734,158,82
939,36,False,False,True,upper_bound_with_inhaler,0.38096281807484855,0.4050282883437734,158,83
939,36,True,False,False,one_hot,,,158,84
939,36,True,False,False,lower_bound,0.5171228111111148,0.6185072024865599,158,85
939,36,True,False,False,midpoint,0.5171228111111148,0.646562690757108,158,86
939,36,True,False,False,midpoint_with_inhaler,0.5171228111111148,0.646562690757108,158,87
939,36,True,False,False,upper_bound,0.5171228111111148,0.6509365064586251,158,88
939,36,True,False,False,upper_bound_with_inhaler,0.5171228111111148,0.6509365064586251,158,89
939,36,True,False,True,one_hot,,,158,90
939,36,True,False,True,lower_bound,0.5171228111111148,0.6185072024865599,158,91
939,36,True,False,True,midpoint,0.5171228111111148,0.646562690757108,158,92
939,36,True,False,True,midpoint_with_inhaler,0.5171228111111148,0.646562690757108,158,93
939,36,True,False,True,upper_bound,0.5171228111111148,0.6509365064586251,158,94
939,36,True,False,True,upper_bound_with_inhaler,0.5171228111111148,0.6509365064586251,158,95
939,48,False,False,False,one_hot,,,158,96
939,48,False,False,False,lower_bound,0.3944551746332748,0.518421933024848,158,97
939,48,False,False,False,midpoint,0.3944551746332748,0.4355871993524882,158,98
939,48,False,False,False,midpoint_with_inhaler,0.3944551746332748,0.455303166106883,158,99
939,48,False,False,False,upper_bound,0.36882620897461177,0.3687886175634245,158,100
939,48,False,False,False,upper_bound_with_inhaler,0.3944551746332748,0.4313684384090052,158,101
939,48,False,False,True,one_hot,,,158,102
939,48,False,False,True,lower_bound,0.3944551746332748,0.518421933024848,158,103
939,48,False,False,True,midpoint,0.3944551746332748,0.4355871993524882,158,104
939,48,False,False,True,midpoint_with_inhaler,0.3944551746332748,0.455303166106883,158,105
939,48,False,False,True,upper_bound,0.36882620897461177,0.3687886175634245,158,106
939,48,False,False,True,upper_bound_with_inhaler,0.3944551746332748,0.4313684384090052,158,107
939,48,False,True,False,one_hot,,,158,108
939,48,False,True,False,lower_bound,0.2792658162469833,0.38756690830139223,158,109
939,48,False,True,False,midpoint,0.2792658162469833,0.3639554339161677,158,110
939,48,False,True,False,midpoint_with_inhaler,0.2792658162469833,0.3639554339161677,158,111
939,48,False,True,False,upper_bound,0.2792658162469833,0.33774800834532076,158,112
939,48,False,True,False,upper_bound_with_inhaler,0.2792658162469833,0.33774800834532076,158,113
939,48,False,True,True,one_hot,,,158,114
939,48,False,True,True,lower_bound,0.2792658162469833,0.38756690830139223,158,115
939,48,False,True,True,midpoint,0.2792658162469833,0.3639554339161677,158,116
939,48,False,True,True,midpoint_with_inhaler,0.2792658162469833,0.3639554339161677,158,117
939,48,False,True,True,upper_bound,0.2792658162469833,0.33774800834532076,158,118
939,48,False,True,True,upper_bound_with_inhaler,0.2792658162469833,0.33774800834532076,158,119
939,48,True,False,False,one_hot,0.09328043244581061,0.09328043244581062,158,120
939,48,True,False,False,lower_bound,0.15469938687995133,0.2526168185572653,158,121
939,48,True,False,False,midpoint,0.15469938687995133,0.21784265884948067,158,122
939,48,True,False,False,midpoint_with_inhaler,0.15469938687995133,0.21784265884948067,158,123
939,48,True,False,False,upper_bound,0.15469938687995133,0.1895590570679704,158,124
939,48,True,False,False,upper_bound_with_inhaler,0.15469938687995133,0.1895590570679704,158,125
939,48,True,False,True,one_hot,0.09328043244581061,0.09328043244581062,158,126
939,48,True,False,True,lower_bound,0.15469938687995133,0.2526168185572653,158,127
939,48,True,False,True,midpoint,0.15469938687995133,0.21784265884948067,158,128
939,48,True,False,True,midpoint_with_inhaler,0.15469938687995133,0.21784265884948067,158,129
939,48,True,False,True,upper_bound,0.15469938687995133,0.1895590570679704,158,130
939,48,True,False,True,upper_bound_with_inhaler,0.15469938687995133,0.1895590570679704,158,131
